ix,iy,x_m,y_m,depth_m
0,0,-250.000000,-250.000000,17.386064
1,0,-245.000000,-250.000000,17.259073
2,0,-240.000000,-250.000000,17.132082
3,0,-235.000000,-250.000000,17.005090
4,0,-230.000000,-250.000000,16.859377
5,0,-225.000000,-250.000000,16.701901
6,0,-220.000000,-250.000000,16.541804
7,0,-215.000000,-250.000000,16.380877
8,0,-210.000000,-250.000000,16.219950
9,0,-205.000000,-250.000000,16.058786
10,0,-200.000000,-250.000000,15.893140
11,0,-195.000000,-250.000000,15.727328
12,0,-190.000000,-250.000000,15.560833
13,0,-185.000000,-250.000000,15.394338
14,0,-180.000000,-250.000000,15.227843
15,0,-175.000000,-250.000000,15.068574
16,0,-170.000000,-250.000000,14.916944
17,0,-165.000000,-250.000000,14.767711
18,0,-160.000000,-250.000000,14.619876
19,0,-155.000000,-250.000000,14.472042
20,0,-150.000000,-250.000000,14.324208
21,0,-145.000000,-250.000000,14.193850
22,0,-140.000000,-250.000000,14.065405
23,0,-135.000000,-250.000000,13.942986
24,0,-130.000000,-250.000000,13.820566
25,0,-125.000000,-250.000000,13.698146
26,0,-120.000000,-250.000000,13.579494
27,0,-115.000000,-250.000000,13.467593
28,0,-110.000000,-250.000000,13.358018
29,0,-105.000000,-250.000000,13.250735
30,0,-100.000000,-250.000000,13.143453
31,0,-95.000000,-250.000000,13.036171
32,0,-90.000000,-250.000000,12.929109
33,0,-85.000000,-250.000000,12.822104
34,0,-80.000000,-250.000000,12.715243
35,0,-75.000000,-250.000000,12.608392
36,0,-70.000000,-250.000000,12.501540
37,0,-65.000000,-250.000000,12.394132
38,0,-60.000000,-250.000000,12.284858
39,0,-55.000000,-250.000000,12.174960
40,0,-50.000000,-250.000000,12.064026
41,0,-45.000000,-250.000000,11.953091
42,0,-40.000000,-250.000000,11.842156
43,0,-35.000000,-250.000000,11.733732
44,0,-30.000000,-250.000000,11.626567
45,0,-25.000000,-250.000000,11.521982
46,0,-20.000000,-250.000000,11.417997
47,0,-15.000000,-250.000000,11.314013
48,0,-10.000000,-250.000000,11.211299
49,0,-5.000000,-250.000000,11.119766
50,0,0.000000,-250.000000,11.031419
51,0,5.000000,-250.000000,10.952766
52,0,10.000000,-250.000000,10.874113
53,0,15.000000,-250.000000,10.795460
54,0,20.000000,-250.000000,10.725407
55,0,25.000000,-250.000000,10.662736
56,0,30.000000,-250.000000,10.613928
57,0,35.000000,-250.000000,10.571541
58,0,40.000000,-250.000000,10.529155
59,0,45.000000,-250.000000,10.486768
60,0,50.000000,-250.000000,10.456259
61,0,55.000000,-250.000000,10.428345
62,0,60.000000,-250.000000,10.417237
63,0,65.000000,-250.000000,10.406129
64,0,70.000000,-250.000000,10.395020
65,0,75.000000,-250.000000,10.385960
66,0,80.000000,-250.000000,10.379844
67,0,85.000000,-250.000000,10.379137
68,0,90.000000,-250.000000,10.382757
69,0,95.000000,-250.000000,10.386378
70,0,100.000000,-250.000000,10.389999
71,0,105.000000,-250.000000,10.393110
72,0,110.000000,-250.000000,10.396129
73,0,115.000000,-250.000000,10.397673
74,0,120.000000,-250.000000,10.399204
75,0,125.000000,-250.000000,10.400735
76,0,130.000000,-250.000000,10.401503
77,0,135.000000,-250.000000,10.400331
78,0,140.000000,-250.000000,10.395445
79,0,145.000000,-250.000000,10.385583
80,0,150.000000,-250.000000,10.375722
81,0,155.000000,-250.000000,10.365860
82,0,160.000000,-250.000000,10.354276
83,0,165.000000,-250.000000,10.342015
84,0,170.000000,-250.000000,10.320715
85,0,175.000000,-250.000000,10.297985
86,0,180.000000,-250.000000,10.275255
87,0,185.000000,-250.000000,10.252310
88,0,190.000000,-250.000000,10.228190
89,0,195.000000,-250.000000,10.201415
90,0,200.000000,-250.000000,10.168431
91,0,205.000000,-250.000000,10.135446
92,0,210.000000,-250.000000,10.102461
93,0,215.000000,-250.000000,10.069130
94,0,220.000000,-250.000000,10.035559
95,0,225.000000,-250.000000,9.997327
96,0,230.000000,-250.000000,9.957419
97,0,235.000000,-250.000000,9.917511
98,0,240.000000,-250.000000,9.877599
99,0,245.000000,-250.000000,9.837543
100,0,250.000000,-250.000000,9.796764
0,1,-250.000000,-245.000000,17.357614
1,1,-245.000000,-245.000000,17.233404
2,1,-240.000000,-245.000000,17.109193
3,1,-235.000000,-245.000000,16.984983
4,1,-230.000000,-245.000000,16.842521
5,1,-225.000000,-245.000000,16.688591
6,1,-220.000000,-245.000000,16.532106
7,1,-215.000000,-245.000000,16.374812
8,1,-210.000000,-245.000000,16.217517
9,1,-205.000000,-245.000000,16.059988
10,1,-200.000000,-245.000000,15.898012
11,1,-195.000000,-245.000000,15.735872
12,1,-190.000000,-245.000000,15.573054
13,1,-185.000000,-245.000000,15.410236
14,1,-180.000000,-245.000000,15.247417
15,1,-175.000000,-245.000000,15.091490
16,1,-170.000000,-245.000000,14.942847
17,1,-165.000000,-245.000000,14.796489
18,1,-160.000000,-245.000000,14.651465
19,1,-155.000000,-245.000000,14.506441
20,1,-150.000000,-245.000000,14.361417
21,1,-145.000000,-245.000000,14.232922
22,1,-140.000000,-245.000000,14.106235
23,1,-135.000000,-245.000000,13.985245
24,1,-130.000000,-245.000000,13.864256
25,1,-125.000000,-245.000000,13.743267
26,1,-120.000000,-245.000000,13.625738
27,1,-115.000000,-245.000000,13.514409
28,1,-110.000000,-245.000000,13.405215
29,1,-105.000000,-245.000000,13.298127
30,1,-100.000000,-245.000000,13.191038
31,1,-95.000000,-245.000000,13.083950
32,1,-90.000000,-245.000000,12.976771
33,1,-85.000000,-245.000000,12.869568
34,1,-80.000000,-245.000000,12.762305
35,1,-75.000000,-245.000000,12.655038
36,1,-70.000000,-245.000000,12.547771
37,1,-65.000000,-245.000000,12.439947
38,1,-60.000000,-245.000000,12.330258
39,1,-55.000000,-245.000000,12.219944
40,1,-50.000000,-245.000000,12.108594
41,1,-45.000000,-245.000000,11.997243
42,1,-40.000000,-245.000000,11.885892
43,1,-35.000000,-245.000000,11.777113
44,1,-30.000000,-245.000000,11.669622
45,1,-25.000000,-245.000000,11.564774
46,1,-20.000000,-245.000000,11.460541
47,1,-15.000000,-245.000000,11.356307
48,1,-10.000000,-245.000000,11.253340
49,1,-5.000000,-245.000000,11.161511
50,1,0.000000,-245.000000,11.072858
51,1,5.000000,-245.000000,10.993862
52,1,10.000000,-245.000000,10.914866
53,1,15.000000,-245.000000,10.835870
54,1,20.000000,-245.000000,10.765378
55,1,25.000000,-245.000000,10.702187
56,1,30.000000,-245.000000,10.652706
57,1,35.000000,-245.000000,10.609575
58,1,40.000000,-245.000000,10.566444
59,1,45.000000,-245.000000,10.523313
60,1,50.000000,-245.000000,10.491900
61,1,55.000000,-245.000000,10.463048
62,1,60.000000,-245.000000,10.450777
63,1,65.000000,-245.000000,10.438505
64,1,70.000000,-245.000000,10.426234
65,1,75.000000,-245.000000,10.415989
66,1,80.000000,-245.000000,10.408659
67,1,85.000000,-245.000000,10.406681
68,1,90.000000,-245.000000,10.408987
69,1,95.000000,-245.000000,10.411293
70,1,100.000000,-245.000000,10.413598
71,1,105.000000,-245.000000,10.415432
72,1,110.000000,-245.000000,10.417180
73,1,115.000000,-245.000000,10.417560
74,1,120.000000,-245.000000,10.417929
75,1,125.000000,-245.000000,10.418298
76,1,130.000000,-245.000000,10.417924
77,1,135.000000,-245.000000,10.415661
78,1,140.000000,-245.000000,10.409782
79,1,145.000000,-245.000000,10.399059
80,1,150.000000,-245.000000,10.388336
81,1,155.000000,-245.000000,10.377613
82,1,160.000000,-245.000000,10.365205
83,1,165.000000,-245.000000,10.352136
84,1,170.000000,-245.000000,10.330227
85,1,175.000000,-245.000000,10.306920
86,1,180.000000,-245.000000,10.283613
87,1,185.000000,-245.000000,10.260095
88,1,190.000000,-245.000000,10.235425
89,1,195.000000,-245.000000,10.208150
90,1,200.000000,-245.000000,10.174785
91,1,205.000000,-245.000000,10.141419
92,1,210.000000,-245.000000,10.108053
93,1,215.000000,-245.000000,10.074347
94,1,220.000000,-245.000000,10.040404
95,1,225.000000,-245.000000,10.001877
96,1,230.000000,-245.000000,9.961700
97,1,235.000000,-245.000000,9.921524
98,1,240.000000,-245.000000,9.881343
99,1,245.000000,-245.000000,9.841021
100,1,250.000000,-245.000000,9.799985
0,2,-250.000000,-240.000000,17.329164
1,2,-245.000000,-240.000000,17.207735
2,2,-240.000000,-240.000000,17.086305
3,2,-235.000000,-240.000000,16.964876
4,2,-230.000000,-240.000000,16.825665
5,2,-225.000000,-240.000000,16.675281
6,2,-220.000000,-240.000000,16.522408
7,2,-215.000000,-240.000000,16.368746
8,2,-210.000000,-240.000000,16.215085
9,2,-205.000000,-240.000000,16.061190
10,2,-200.000000,-240.000000,15.902885
11,2,-195.000000,-240.000000,15.744416
12,2,-190.000000,-240.000000,15.585274
13,2,-185.000000,-240.000000,15.426133
14,2,-180.000000,-240.000000,15.266992
15,2,-175.000000,-240.000000,15.114406
16,2,-170.000000,-240.000000,14.968750
17,2,-165.000000,-240.000000,14.825267
18,2,-160.000000,-240.000000,14.683054
19,2,-155.000000,-240.000000,14.540841
20,2,-150.000000,-240.000000,14.398627
21,2,-145.000000,-240.000000,14.271994
22,2,-140.000000,-240.000000,14.147064
23,2,-135.000000,-240.000000,14.027505
24,2,-130.000000,-240.000000,13.907947
25,2,-125.000000,-240.000000,13.788388
26,2,-120.000000,-240.000000,13.671982
27,2,-115.000000,-240.000000,13.561224
28,2,-110.000000,-240.000000,13.452412
29,2,-105.000000,-240.000000,13.345518
30,2,-100.000000,-240.000000,13.238624
31,2,-95.000000,-240.000000,13.131730
32,2,-90.000000,-240.000000,13.024433
33,2,-85.000000,-240.000000,12.917031
34,2,-80.000000,-240.000000,12.809366
35,2,-75.000000,-240.000000,12.701684
36,2,-70.000000,-240.000000,12.594002
37,2,-65.000000,-240.000000,12.485762
38,2,-60.000000,-240.000000,12.375657
39,2,-55.000000,-240.000000,12.264928
40,2,-50.000000,-240.000000,12.153162
41,2,-45.000000,-240.000000,12.041395
42,2,-40.000000,-240.000000,11.929628
43,2,-35.000000,-240.000000,11.820493
44,2,-30.000000,-240.000000,11.712677
45,2,-25.000000,-240.000000,11.607566
46,2,-20.000000,-240.000000,11.503084
47,2,-15.000000,-240.000000,11.398601
48,2,-10.000000,-240.000000,11.295381
49,2,-5.000000,-240.000000,11.203257
50,2,0.000000,-240.000000,11.114296
51,2,5.000000,-240.000000,11.034957
52,2,10.000000,-240.000000,10.955618
53,2,15.000000,-240.000000,10.876279
54,2,20.000000,-240.000000,10.805350
55,2,25.000000,-240.000000,10.741639
56,2,30.000000,-240.000000,10.691484
57,2,35.000000,-240.000000,10.647609
58,2,40.000000,-240.000000,10.603733
59,2,45.000000,-240.000000,10.559857
60,2,50.000000,-240.000000,10.527541
61,2,55.000000,-240.000000,10.497751
62,2,60.000000,-240.000000,10.484316
63,2,65.000000,-240.000000,10.470882
64,2,70.000000,-240.000000,10.457447
65,2,75.000000,-240.000000,10.446018
66,2,80.000000,-240.000000,10.437473
67,2,85.000000,-240.000000,10.434225
68,2,90.000000,-240.000000,10.435216
69,2,95.000000,-240.000000,10.436207
70,2,100.000000,-240.000000,10.437198
71,2,105.000000,-240.000000,10.437754
72,2,110.000000,-240.000000,10.438231
73,2,115.000000,-240.000000,10.437448
74,2,120.000000,-240.000000,10.436655
75,2,125.000000,-240.000000,10.435861
76,2,130.000000,-240.000000,10.434346
77,2,135.000000,-240.000000,10.430991
78,2,140.000000,-240.000000,10.424119
79,2,145.000000,-240.000000,10.412535
80,2,150.000000,-240.000000,10.400950
81,2,155.000000,-240.000000,10.389365
82,2,160.000000,-240.000000,10.376134
83,2,165.000000,-240.000000,10.362256
84,2,170.000000,-240.000000,10.339739
85,2,175.000000,-240.000000,10.315855
86,2,180.000000,-240.000000,10.291971
87,2,185.000000,-240.000000,10.267880
88,2,190.000000,-240.000000,10.242659
89,2,195.000000,-240.000000,10.214885
90,2,200.000000,-240.000000,10.181139
91,2,205.000000,-240.000000,10.147392
92,2,210.000000,-240.000000,10.113646
93,2,215.000000,-240.000000,10.079564
94,2,220.000000,-240.000000,10.045250
95,2,225.000000,-240.000000,10.006427
96,2,230.000000,-240.000000,9.965982
97,2,235.000000,-240.000000,9.925536
98,2,240.000000,-240.000000,9.885087
99,2,245.000000,-240.000000,9.844498
100,2,250.000000,-240.000000,9.803205
0,3,-250.000000,-235.000000,17.300714
1,3,-245.000000,-235.000000,17.182065
2,3,-240.000000,-235.000000,17.063417
3,3,-235.000000,-235.000000,16.944769
4,3,-230.000000,-235.000000,16.808809
5,3,-225.000000,-235.000000,16.661971
6,3,-220.000000,-235.000000,16.512710
7,3,-215.000000,-235.000000,16.362681
8,3,-210.000000,-235.000000,16.212652
9,3,-205.000000,-235.000000,16.062392
10,3,-200.000000,-235.000000,15.907757
11,3,-195.000000,-235.000000,15.752960
12,3,-190.000000,-235.000000,15.597495
13,3,-185.000000,-235.000000,15.442031
14,3,-180.000000,-235.000000,15.286566
15,3,-175.000000,-235.000000,15.137322
16,3,-170.000000,-235.000000,14.994652
17,3,-165.000000,-235.000000,14.854045
18,3,-160.000000,-235.000000,14.714643
19,3,-155.000000,-235.000000,14.575240
20,3,-150.000000,-235.000000,14.435837
21,3,-145.000000,-235.000000,14.311065
22,3,-140.000000,-235.000000,14.187893
23,3,-135.000000,-235.000000,14.069765
24,3,-130.000000,-235.000000,13.951637
25,3,-125.000000,-235.000000,13.833510
26,3,-120.000000,-235.000000,13.718226
27,3,-115.000000,-235.000000,13.608040
28,3,-110.000000,-235.000000,13.499609
29,3,-105.000000,-235.000000,13.392909
30,3,-100.000000,-235.000000,13.286209
31,3,-95.000000,-235.000000,13.179509
32,3,-90.000000,-235.000000,13.072095
33,3,-85.000000,-235.000000,12.964495
34,3,-80.000000,-235.000000,12.856428
35,3,-75.000000,-235.000000,12.748330
36,3,-70.000000,-235.000000,12.640233
37,3,-65.000000,-235.000000,12.531578
38,3,-60.000000,-235.000000,12.421057
39,3,-55.000000,-235.000000,12.309912
40,3,-50.000000,-235.000000,12.197730
41,3,-45.000000,-235.000000,12.085547
42,3,-40.000000,-235.000000,11.973365
43,3,-35.000000,-235.000000,11.863874
44,3,-30.000000,-235.000000,11.755733
45,3,-25.000000,-235.000000,11.650358
46,3,-20.000000,-235.000000,11.545627
47,3,-15.000000,-235.000000,11.440895
48,3,-10.000000,-235.000000,11.337421
49,3,-5.000000,-235.000000,11.245002
50,3,0.000000,-235.000000,11.155735
51,3,5.000000,-235.000000,11.076053
52,3,10.000000,-235.000000,10.996371
53,3,15.000000,-235.000000,10.916689
54,3,20.000000,-235.000000,10.845322
55,3,25.000000,-235.000000,10.781091
56,3,30.000000,-235.000000,10.730263
57,3,35.000000,-235.000000,10.685642
58,3,40.000000,-235.000000,10.641022
59,3,45.000000,-235.000000,10.596402
60,3,50.000000,-235.000000,10.563182
61,3,55.000000,-235.000000,10.532454
62,3,60.000000,-235.000000,10.517856
63,3,65.000000,-235.000000,10.503258
64,3,70.000000,-235.000000,10.488660
65,3,75.000000,-235.000000,10.476047
66,3,80.000000,-235.000000,10.466287
67,3,85.000000,-235.000000,10.461769
68,3,90.000000,-235.000000,10.461445
69,3,95.000000,-235.000000,10.461121
70,3,100.000000,-235.000000,10.460798
71,3,105.000000,-235.000000,10.460076
72,3,110.000000,-235.000000,10.459282
73,3,115.000000,-235.000000,10.457336
74,3,120.000000,-235.000000,10.455380
75,3,125.000000,-235.000000,10.453425
76,3,130.000000,-235.000000,10.450767
77,3,135.000000,-235.000000,10.446322
78,3,140.000000,-235.000000,10.438457
79,3,145.000000,-235.000000,10.426010
80,3,150.000000,-235.000000,10.413564
81,3,155.000000,-235.000000,10.401118
82,3,160.000000,-235.000000,10.387063
83,3,165.000000,-235.000000,10.372377
84,3,170.000000,-235.000000,10.349251
85,3,175.000000,-235.000000,10.324790
86,3,180.000000,-235.000000,10.300329
87,3,185.000000,-235.000000,10.275665
88,3,190.000000,-235.000000,10.249894
89,3,195.000000,-235.000000,10.221620
90,3,200.000000,-235.000000,10.187493
91,3,205.000000,-235.000000,10.153365
92,3,210.000000,-235.000000,10.119238
93,3,215.000000,-235.000000,10.084781
94,3,220.000000,-235.000000,10.050096
95,3,225.000000,-235.000000,10.010977
96,3,230.000000,-235.000000,9.970263
97,3,235.000000,-235.000000,9.929549
98,3,240.000000,-235.000000,9.888831
99,3,245.000000,-235.000000,9.847975
100,3,250.000000,-235.000000,9.806425
0,4,-250.000000,-230.000000,17.275488
1,4,-245.000000,-230.000000,17.160068
2,4,-240.000000,-230.000000,17.044648
3,4,-235.000000,-230.000000,16.929228
4,4,-230.000000,-230.000000,16.797101
5,4,-225.000000,-230.000000,16.654478
6,4,-220.000000,-230.000000,16.509516
7,4,-215.000000,-230.000000,16.363813
8,4,-210.000000,-230.000000,16.218110
9,4,-205.000000,-230.000000,16.072184
10,4,-200.000000,-230.000000,15.922024
11,4,-195.000000,-230.000000,15.771707
12,4,-190.000000,-230.000000,15.620745
13,4,-185.000000,-230.000000,15.469783
14,4,-180.000000,-230.000000,15.318821
15,4,-175.000000,-230.000000,15.173699
16,4,-170.000000,-230.000000,15.034751
17,4,-165.000000,-230.000000,14.897739
18,4,-160.000000,-230.000000,14.761858
19,4,-155.000000,-230.000000,14.625977
20,4,-150.000000,-230.000000,14.490096
21,4,-145.000000,-230.000000,14.367642
22,4,-140.000000,-230.000000,14.246656
23,4,-135.000000,-230.000000,14.130300
24,4,-130.000000,-230.000000,14.013943
25,4,-125.000000,-230.000000,13.897587
26,4,-120.000000,-230.000000,13.783652
27,4,-115.000000,-230.000000,13.674059
28,4,-110.000000,-230.000000,13.565960
29,4,-105.000000,-230.000000,13.459336
30,4,-100.000000,-230.000000,13.352712
31,4,-95.000000,-230.000000,13.246088
32,4,-90.000000,-230.000000,13.138273
33,4,-85.000000,-230.000000,13.030150
34,4,-80.000000,-230.000000,12.921249
35,4,-75.000000,-230.000000,12.812298
36,4,-70.000000,-230.000000,12.703347
37,4,-65.000000,-230.000000,12.593828
38,4,-60.000000,-230.000000,12.482411
39,4,-55.000000,-230.000000,12.370358
40,4,-50.000000,-230.000000,12.257250
41,4,-45.000000,-230.000000,12.144141
42,4,-40.000000,-230.000000,12.031032
43,4,-35.000000,-230.000000,11.920713
44,4,-30.000000,-230.000000,11.811791
45,4,-25.000000,-230.000000,11.705736
46,4,-20.000000,-230.000000,11.600348
47,4,-15.000000,-230.000000,11.494959
48,4,-10.000000,-230.000000,11.390829
49,4,-5.000000,-230.000000,11.297766
50,4,0.000000,-230.000000,11.207859
51,4,5.000000,-230.000000,11.127548
52,4,10.000000,-230.000000,11.047237
53,4,15.000000,-230.000000,10.966926
54,4,20.000000,-230.000000,10.894846
55,4,25.000000,-230.000000,10.829832
56,4,30.000000,-230.000000,10.778087
57,4,35.000000,-230.000000,10.732489
58,4,40.000000,-230.000000,10.686890
59,4,45.000000,-230.000000,10.641291
60,4,50.000000,-230.000000,10.606931
61,4,55.000000,-230.000000,10.575027
62,4,60.000000,-230.000000,10.559025
63,4,65.000000,-230.000000,10.543023
64,4,70.000000,-230.000000,10.527021
65,4,75.000000,-230.000000,10.512980
66,4,80.000000,-230.000000,10.501761
67,4,85.000000,-230.000000,10.495722
68,4,90.000000,-230.000000,10.493830
69,4,95.000000,-230.000000,10.491938
70,4,100.000000,-230.000000,10.490046
71,4,105.000000,-230.000000,10.487798
72,4,110.000000,-230.000000,10.485484
73,4,115.000000,-230.000000,10.482138
74,4,120.000000,-230.000000,10.478784
75,4,125.000000,-230.000000,10.475429
76,4,130.000000,-230.000000,10.471395
77,4,135.000000,-230.000000,10.465632
78,4,140.000000,-230.000000,10.456561
79,4,145.000000,-230.000000,10.443058
80,4,150.000000,-230.000000,10.429555
81,4,155.000000,-230.000000,10.416052
82,4,160.000000,-230.000000,10.400985
83,4,165.000000,-230.000000,10.385305
84,4,170.000000,-230.000000,10.361417
85,4,175.000000,-230.000000,10.336231
86,4,180.000000,-230.000000,10.311045
87,4,185.000000,-230.000000,10.285662
88,4,190.000000,-230.000000,10.259197
89,4,195.000000,-230.000000,10.230291
90,4,200.000000,-230.000000,10.195673
91,4,205.000000,-230.000000,10.161056
92,4,210.000000,-230.000000,10.126438
93,4,215.000000,-230.000000,10.091498
94,4,220.000000,-230.000000,10.056333
95,4,225.000000,-230.000000,10.016829
96,4,230.000000,-230.000000,9.975763
97,4,235.000000,-230.000000,9.934697
98,4,240.000000,-230.000000,9.893627
99,4,245.000000,-230.000000,9.852422
100,4,250.000000,-230.000000,9.810534
0,5,-250.000000,-225.000000,17.251804
1,5,-245.000000,-225.000000,17.139825
2,5,-240.000000,-225.000000,17.027847
3,5,-235.000000,-225.000000,16.915869
4,5,-230.000000,-225.000000,16.787855
5,5,-225.000000,-225.000000,16.649766
6,5,-220.000000,-225.000000,16.509431
7,5,-215.000000,-225.000000,16.368386
8,5,-210.000000,-225.000000,16.227340
9,5,-205.000000,-225.000000,16.086081
10,5,-200.000000,-225.000000,15.940782
11,5,-195.000000,-225.000000,15.795333
12,5,-190.000000,-225.000000,15.649268
13,5,-185.000000,-225.000000,15.503203
14,5,-180.000000,-225.000000,15.357139
15,5,-175.000000,-225.000000,15.216513
16,5,-170.000000,-225.000000,15.081637
17,5,-165.000000,-225.000000,14.948564
18,5,-160.000000,-225.000000,14.816545
19,5,-155.000000,-225.000000,14.684525
20,5,-150.000000,-225.000000,14.552506
21,5,-145.000000,-225.000000,14.432587
22,5,-140.000000,-225.000000,14.313993
23,5,-135.000000,-225.000000,14.199571
24,5,-130.000000,-225.000000,14.085149
25,5,-125.000000,-225.000000,13.970727
26,5,-120.000000,-225.000000,13.858250
27,5,-115.000000,-225.000000,13.749260
28,5,-110.000000,-225.000000,13.641470
29,5,-105.000000,-225.000000,13.534864
30,5,-100.000000,-225.000000,13.428259
31,5,-95.000000,-225.000000,13.321653
32,5,-90.000000,-225.000000,13.213304
33,5,-85.000000,-225.000000,13.104503
34,5,-80.000000,-225.000000,12.994561
35,5,-75.000000,-225.000000,12.884547
36,5,-70.000000,-225.000000,12.774532
37,5,-65.000000,-225.000000,12.663935
38,5,-60.000000,-225.000000,12.551391
39,5,-55.000000,-225.000000,12.438196
40,5,-50.000000,-225.000000,12.323918
41,5,-45.000000,-225.000000,12.209639
42,5,-40.000000,-225.000000,12.095361
43,5,-35.000000,-225.000000,11.983986
44,5,-30.000000,-225.000000,11.874067
45,5,-25.000000,-225.000000,11.767132
46,5,-20.000000,-225.000000,11.660890
47,5,-15.000000,-225.000000,11.554649
48,5,-10.000000,-225.000000,11.449670
49,5,-5.000000,-225.000000,11.355798
50,5,0.000000,-225.000000,11.265091
51,5,5.000000,-225.000000,11.184014
52,5,10.000000,-225.000000,11.102937
53,5,15.000000,-225.000000,11.021860
54,5,20.000000,-225.000000,10.948938
55,5,25.000000,-225.000000,10.883015
56,5,30.000000,-225.000000,10.830237
57,5,35.000000,-225.000000,10.783548
58,5,40.000000,-225.000000,10.736859
59,5,45.000000,-225.000000,10.690170
60,5,50.000000,-225.000000,10.654557
61,5,55.000000,-225.000000,10.621364
62,5,60.000000,-225.000000,10.603842
63,5,65.000000,-225.000000,10.586320
64,5,70.000000,-225.000000,10.568798
65,5,75.000000,-225.000000,10.553214
66,5,80.000000,-225.000000,10.540418
67,5,85.000000,-225.000000,10.532740
68,5,90.000000,-225.000000,10.529158
69,5,95.000000,-225.000000,10.525577
70,5,100.000000,-225.000000,10.521996
71,5,105.000000,-225.000000,10.518101
72,5,110.000000,-225.000000,10.514149
73,5,115.000000,-225.000000,10.509290
74,5,120.000000,-225.000000,10.504423
75,5,125.000000,-225.000000,10.499556
76,5,130.000000,-225.000000,10.494034
77,5,135.000000,-225.000000,10.486845
78,5,140.000000,-225.000000,10.476465
79,5,145.000000,-225.000000,10.461813
80,5,150.000000,-225.000000,10.447160
81,5,155.000000,-225.000000,10.432508
82,5,160.000000,-225.000000,10.416339
83,5,165.000000,-225.000000,10.399574
84,5,170.000000,-225.000000,10.374851
85,5,175.000000,-225.000000,10.348870
86,5,180.000000,-225.000000,10.322889
87,5,185.000000,-225.000000,10.296715
88,5,190.000000,-225.000000,10.269489
89,5,195.000000,-225.000000,10.239888
90,5,200.000000,-225.000000,10.204727
91,5,205.000000,-225.000000,10.169567
92,5,210.000000,-225.000000,10.134406
93,5,215.000000,-225.000000,10.098931
94,5,220.000000,-225.000000,10.063237
95,5,225.000000,-225.000000,10.023304
96,5,230.000000,-225.000000,9.981846
97,5,235.000000,-225.000000,9.940388
98,5,240.000000,-225.000000,9.898926
99,5,245.000000,-225.000000,9.857332
100,5,250.000000,-225.000000,9.815069
0,6,-250.000000,-220.000000,17.228369
1,6,-245.000000,-220.000000,17.119868
2,6,-240.000000,-220.000000,17.011366
3,6,-235.000000,-220.000000,16.902865
4,6,-230.000000,-220.000000,16.779008
5,6,-225.000000,-220.000000,16.645504
6,6,-220.000000,-220.000000,16.509850
7,6,-215.000000,-220.000000,16.373516
8,6,-210.000000,-220.000000,16.237181
9,6,-205.000000,-220.000000,16.100644
10,6,-200.000000,-220.000000,15.960268
11,6,-195.000000,-220.000000,15.819749
12,6,-190.000000,-220.000000,15.678646
13,6,-185.000000,-220.000000,15.537542
14,6,-180.000000,-220.000000,15.396438
15,6,-175.000000,-220.000000,15.260369
16,6,-170.000000,-220.000000,15.129622
17,6,-165.000000,-220.000000,15.000545
18,6,-160.000000,-220.000000,14.872442
19,6,-155.000000,-220.000000,14.744339
20,6,-150.000000,-220.000000,14.616236
21,6,-145.000000,-220.000000,14.498889
22,6,-140.000000,-220.000000,14.382719
23,6,-135.000000,-220.000000,14.270258
24,6,-130.000000,-220.000000,14.157796
25,6,-125.000000,-220.000000,14.045335
26,6,-120.000000,-220.000000,13.934333
27,6,-115.000000,-220.000000,13.825948
28,6,-110.000000,-220.000000,13.718463
29,6,-105.000000,-220.000000,13.611867
30,6,-100.000000,-220.000000,13.505271
31,6,-95.000000,-220.000000,13.398675
32,6,-90.000000,-220.000000,13.289769
33,6,-85.000000,-220.000000,13.180264
34,6,-80.000000,-220.000000,13.069250
35,6,-75.000000,-220.000000,12.958137
36,6,-70.000000,-220.000000,12.847025
37,6,-65.000000,-220.000000,12.735316
38,6,-60.000000,-220.000000,12.621608
39,6,-55.000000,-220.000000,12.507232
40,6,-50.000000,-220.000000,12.391744
41,6,-45.000000,-220.000000,12.276256
42,6,-40.000000,-220.000000,12.160768
43,6,-35.000000,-220.000000,12.048302
44,6,-30.000000,-220.000000,11.937349
45,6,-25.000000,-220.000000,11.829502
46,6,-20.000000,-220.000000,11.722376
47,6,-15.000000,-220.000000,11.615250
48,6,-10.000000,-220.000000,11.509392
49,6,-5.000000,-220.000000,11.414683
50,6,0.000000,-220.000000,11.323152
51,6,5.000000,-220.000000,11.241286
52,6,10.000000,-220.000000,11.159421
53,6,15.000000,-220.000000,11.077556
54,6,20.000000,-220.000000,11.003769
55,6,25.000000,-220.000000,10.936917
56,6,30.000000,-220.000000,10.883087
57,6,35.000000,-220.000000,10.835290
58,6,40.000000,-220.000000,10.787492
59,6,45.000000,-220.000000,10.739695
60,6,50.000000,-220.000000,10.702810
61,6,55.000000,-220.000000,10.668309
62,6,60.000000,-220.000000,10.649249
63,6,65.000000,-220.000000,10.630189
64,6,70.000000,-220.000000,10.611129
65,6,75.000000,-220.000000,10.593983
66,6,80.000000,-220.000000,10.579590
67,6,85.000000,-220.000000,10.570253
68,6,90.000000,-220.000000,10.564963
69,6,95.000000,-220.000000,10.559673
70,6,100.000000,-220.000000,10.554383
71,6,105.000000,-220.000000,10.548823
72,6,110.000000,-220.000000,10.543213
73,6,115.000000,-220.000000,10.536822
74,6,120.000000,-220.000000,10.530425
75,6,125.000000,-220.000000,10.524027
76,6,130.000000,-220.000000,10.516999
77,6,135.000000,-220.000000,10.508366
78,6,140.000000,-220.000000,10.496662
79,6,145.000000,-220.000000,10.480845
80,6,150.000000,-220.000000,10.465027
81,6,155.000000,-220.000000,10.449210
82,6,160.000000,-220.000000,10.431924
83,6,165.000000,-220.000000,10.414061
84,6,170.000000,-220.000000,10.388492
85,6,175.000000,-220.000000,10.361703
86,6,180.000000,-220.000000,10.334915
87,6,185.000000,-220.000000,10.307940
88,6,190.000000,-220.000000,10.279942
89,6,195.000000,-220.000000,10.249634
90,6,200.000000,-220.000000,10.213923
91,6,205.000000,-220.000000,10.178211
92,6,210.000000,-220.000000,10.142500
93,6,215.000000,-220.000000,10.106481
94,6,220.000000,-220.000000,10.070248
95,6,225.000000,-220.000000,10.029880
96,6,230.000000,-220.000000,9.988023
97,6,235.000000,-220.000000,9.946167
98,6,240.000000,-220.000000,9.904307
99,6,245.000000,-220.000000,9.862316
100,6,250.000000,-220.000000,9.819672
0,7,-250.000000,-215.000000,17.204940
1,7,-245.000000,-215.000000,17.099916
2,7,-240.000000,-215.000000,16.994892
3,7,-235.000000,-215.000000,16.889868
4,7,-230.000000,-215.000000,16.770170
5,7,-225.000000,-215.000000,16.641253
6,7,-220.000000,-215.000000,16.510281
7,7,-215.000000,-215.000000,16.378658
8,7,-210.000000,-215.000000,16.247036
9,7,-205.000000,-215.000000,16.115221
10,7,-200.000000,-215.000000,15.979769
11,7,-195.000000,-215.000000,15.844183
12,7,-190.000000,-215.000000,15.708042
13,7,-185.000000,-215.000000,15.571901
14,7,-180.000000,-215.000000,15.435760
15,7,-175.000000,-215.000000,15.304249
16,7,-170.000000,-215.000000,15.177632
17,7,-165.000000,-215.000000,15.052550
18,7,-160.000000,-215.000000,14.928365
19,7,-155.000000,-215.000000,14.804180
20,7,-150.000000,-215.000000,14.679995
21,7,-145.000000,-215.000000,14.565221
22,7,-140.000000,-215.000000,14.451476
23,7,-135.000000,-215.000000,14.340976
24,7,-130.000000,-215.000000,14.230476
25,7,-125.000000,-215.000000,14.119976
26,7,-120.000000,-215.000000,14.010450
27,7,-115.000000,-215.000000,13.902669
28,7,-110.000000,-215.000000,13.795489
29,7,-105.000000,-215.000000,13.688903
30,7,-100.000000,-215.000000,13.582316
31,7,-95.000000,-215.000000,13.475729
32,7,-90.000000,-215.000000,13.366266
33,7,-85.000000,-215.000000,13.256057
34,7,-80.000000,-215.000000,13.143968
35,7,-75.000000,-215.000000,13.031758
36,7,-70.000000,-215.000000,12.919547
37,7,-65.000000,-215.000000,12.806724
38,7,-60.000000,-215.000000,12.691852
39,7,-55.000000,-215.000000,12.576294
40,7,-50.000000,-215.000000,12.459596
41,7,-45.000000,-215.000000,12.342898
42,7,-40.000000,-215.000000,12.226200
43,7,-35.000000,-215.000000,12.112640
44,7,-30.000000,-215.000000,12.000654
45,7,-25.000000,-215.000000,11.891894
46,7,-20.000000,-215.000000,11.783883
47,7,-15.000000,-215.000000,11.675872
48,7,-10.000000,-215.000000,11.569134
49,7,-5.000000,-215.000000,11.473587
50,7,0.000000,-215.000000,11.381230
51,7,5.000000,-215.000000,11.298576
52,7,10.000000,-215.000000,11.215922
53,7,15.000000,-215.000000,11.133268
54,7,20.000000,-215.000000,11.058617
55,7,25.000000,-215.000000,10.990835
56,7,30.000000,-215.000000,10.935953
57,7,35.000000,-215.000000,10.887047
58,7,40.000000,-215.000000,10.838140
59,7,45.000000,-215.000000,10.789234
60,7,50.000000,-215.000000,10.751077
61,7,55.000000,-215.000000,10.715269
62,7,60.000000,-215.000000,10.694670
63,7,65.000000,-215.000000,10.674071
64,7,70.000000,-215.000000,10.653472
65,7,75.000000,-215.000000,10.634763
66,7,80.000000,-215.000000,10.618774
67,7,85.000000,-215.000000,10.607778
68,7,90.000000,-215.000000,10.600779
69,7,95.000000,-215.000000,10.593779
70,7,100.000000,-215.000000,10.586780
71,7,105.000000,-215.000000,10.579553
72,7,110.000000,-215.000000,10.572286
73,7,115.000000,-215.000000,10.564363
74,7,120.000000,-215.000000,10.556434
75,7,125.000000,-215.000000,10.548506
76,7,130.000000,-215.000000,10.539971
77,7,135.000000,-215.000000,10.529894
78,7,140.000000,-215.000000,10.516865
79,7,145.000000,-215.000000,10.499883
80,7,150.000000,-215.000000,10.482900
81,7,155.000000,-215.000000,10.465917
82,7,160.000000,-215.000000,10.447514
83,7,165.000000,-215.000000,10.428553
84,7,170.000000,-215.000000,10.402136
85,7,175.000000,-215.000000,10.374541
86,7,180.000000,-215.000000,10.346946
87,7,185.000000,-215.000000,10.319169
88,7,190.000000,-215.000000,10.290398
89,7,195.000000,-215.000000,10.259384
90,7,200.000000,-215.000000,10.223121
91,7,205.000000,-215.000000,10.186858
92,7,210.000000,-215.000000,10.150595
93,7,215.000000,-215.000000,10.114033
94,7,220.000000,-215.000000,10.077262
95,7,225.000000,-215.000000,10.036458
96,7,230.000000,-215.000000,9.994203
97,7,235.000000,-215.000000,9.951948
98,7,240.000000,-215.000000,9.909689
99,7,245.000000,-215.000000,9.867303
100,7,250.000000,-215.000000,9.824277
0,8,-250.000000,-210.000000,17.181511
1,8,-245.000000,-210.000000,17.079964
2,8,-240.000000,-210.000000,16.978418
3,8,-235.000000,-210.000000,16.876871
4,8,-230.000000,-210.000000,16.761332
5,8,-225.000000,-210.000000,16.637001
6,8,-220.000000,-210.000000,16.510711
7,8,-215.000000,-210.000000,16.383801
8,8,-210.000000,-210.000000,16.256890
9,8,-205.000000,-210.000000,16.129799
10,8,-200.000000,-210.000000,15.999271
11,8,-195.000000,-210.000000,15.868617
12,8,-190.000000,-210.000000,15.737438
13,8,-185.000000,-210.000000,15.606260
14,8,-180.000000,-210.000000,15.475081
15,8,-175.000000,-210.000000,15.348128
16,8,-170.000000,-210.000000,15.225642
17,8,-165.000000,-210.000000,15.104556
18,8,-160.000000,-210.000000,14.984289
19,8,-155.000000,-210.000000,14.864022
20,8,-150.000000,-210.000000,14.743754
21,8,-145.000000,-210.000000,14.631553
22,8,-140.000000,-210.000000,14.520233
23,8,-135.000000,-210.000000,14.411694
24,8,-130.000000,-210.000000,14.303155
25,8,-125.000000,-210.000000,14.194617
26,8,-120.000000,-210.000000,14.086566
27,8,-115.000000,-210.000000,13.979390
28,8,-110.000000,-210.000000,13.872515
29,8,-105.000000,-210.000000,13.765938
30,8,-100.000000,-210.000000,13.659361
31,8,-95.000000,-210.000000,13.552783
32,8,-90.000000,-210.000000,13.442763
33,8,-85.000000,-210.000000,13.331850
34,8,-80.000000,-210.000000,13.218687
35,8,-75.000000,-210.000000,13.105378
36,8,-70.000000,-210.000000,12.992069
37,8,-65.000000,-210.000000,12.878133
38,8,-60.000000,-210.000000,12.762096
39,8,-55.000000,-210.000000,12.645356
40,8,-50.000000,-210.000000,12.527448
41,8,-45.000000,-210.000000,12.409540
42,8,-40.000000,-210.000000,12.291631
43,8,-35.000000,-210.000000,12.176979
44,8,-30.000000,-210.000000,12.063959
45,8,-25.000000,-210.000000,11.954286
46,8,-20.000000,-210.000000,11.845390
47,8,-15.000000,-210.000000,11.736494
48,8,-10.000000,-210.000000,11.628876
49,8,-5.000000,-210.000000,11.532491
50,8,0.000000,-210.000000,11.439309
51,8,5.000000,-210.000000,11.355866
52,8,10.000000,-210.000000,11.272423
53,8,15.000000,-210.000000,11.188981
54,8,20.000000,-210.000000,11.113465
55,8,25.000000,-210.000000,11.044753
56,8,30.000000,-210.000000,10.988819
57,8,35.000000,-210.000000,10.938804
58,8,40.000000,-210.000000,10.888789
59,8,45.000000,-210.000000,10.838773
60,8,50.000000,-210.000000,10.799344
61,8,55.000000,-210.000000,10.762228
62,8,60.000000,-210.000000,10.740090
63,8,65.000000,-210.000000,10.717953
64,8,70.000000,-210.000000,10.695815
65,8,75.000000,-210.000000,10.675544
66,8,80.000000,-210.000000,10.657958
67,8,85.000000,-210.000000,10.645303
68,8,90.000000,-210.000000,10.636594
69,8,95.000000,-210.000000,10.627885
70,8,100.000000,-210.000000,10.619176
71,8,105.000000,-210.000000,10.610284
72,8,110.000000,-210.000000,10.601359
73,8,115.000000,-210.000000,10.591904
74,8,120.000000,-210.000000,10.582444
75,8,125.000000,-210.000000,10.572984
76,8,130.000000,-210.000000,10.562943
77,8,135.000000,-210.000000,10.551422
78,8,140.000000,-210.000000,10.537068
79,8,145.000000,-210.000000,10.518920
80,8,150.000000,-210.000000,10.500773
81,8,155.000000,-210.000000,10.482625
82,8,160.000000,-210.000000,10.463104
83,8,165.000000,-210.000000,10.443044
84,8,170.000000,-210.000000,10.415781
85,8,175.000000,-210.000000,10.387379
86,8,180.000000,-210.000000,10.358976
87,8,185.000000,-210.000000,10.330398
88,8,190.000000,-210.000000,10.300855
89,8,195.000000,-210.000000,10.269134
90,8,200.000000,-210.000000,10.232320
91,8,205.000000,-210.000000,10.195506
92,8,210.000000,-210.000000,10.158691
93,8,215.000000,-210.000000,10.121585
94,8,220.000000,-210.000000,10.084276
95,8,225.000000,-210.000000,10.043036
96,8,230.000000,-210.000000,10.000383
97,8,235.000000,-210.000000,9.957729
98,8,240.000000,-210.000000,9.915072
99,8,245.000000,-210.000000,9.872290
100,8,250.000000,-210.000000,9.828881
0,9,-250.000000,-205.000000,17.169997
1,9,-245.000000,-205.000000,17.071750
2,9,-240.000000,-205.000000,16.973502
3,9,-235.000000,-205.000000,16.875254
4,9,-230.000000,-205.000000,16.763746
5,9,-225.000000,-205.000000,16.643905
6,9,-220.000000,-205.000000,16.522208
7,9,-215.000000,-205.000000,16.399923
8,9,-210.000000,-205.000000,16.277638
9,9,-205.000000,-205.000000,16.155189
10,9,-200.000000,-205.000000,16.029639
11,9,-195.000000,-205.000000,15.903974
12,9,-190.000000,-205.000000,15.777836
13,9,-185.000000,-205.000000,15.651698
14,9,-180.000000,-205.000000,15.525560
15,9,-175.000000,-205.000000,15.403278
16,9,-170.000000,-205.000000,15.285070
17,9,-165.000000,-205.000000,15.168141
18,9,-160.000000,-205.000000,15.051958
19,9,-155.000000,-205.000000,14.935776
20,9,-150.000000,-205.000000,14.819593
21,9,-145.000000,-205.000000,14.710056
22,9,-140.000000,-205.000000,14.601246
23,9,-135.000000,-205.000000,14.494727
24,9,-130.000000,-205.000000,14.388208
25,9,-125.000000,-205.000000,14.281688
26,9,-120.000000,-205.000000,14.175105
27,9,-115.000000,-205.000000,14.068407
28,9,-110.000000,-205.000000,13.961668
29,9,-105.000000,-205.000000,13.854891
30,9,-100.000000,-205.000000,13.748114
31,9,-95.000000,-205.000000,13.641336
32,9,-90.000000,-205.000000,13.530417
33,9,-85.000000,-205.000000,13.418425
34,9,-80.000000,-205.000000,13.303724
35,9,-75.000000,-205.000000,13.188850
36,9,-70.000000,-205.000000,13.073975
37,9,-65.000000,-205.000000,12.958443
38,9,-60.000000,-205.000000,12.840714
39,9,-55.000000,-205.000000,12.722251
40,9,-50.000000,-205.000000,12.602565
41,9,-45.000000,-205.000000,12.482879
42,9,-40.000000,-205.000000,12.363193
43,9,-35.000000,-205.000000,12.246912
44,9,-30.000000,-205.000000,12.132338
45,9,-25.000000,-205.000000,12.021264
46,9,-20.000000,-205.000000,11.911003
47,9,-15.000000,-205.000000,11.800742
48,9,-10.000000,-205.000000,11.691773
49,9,-5.000000,-205.000000,11.594166
50,9,0.000000,-205.000000,11.499798
51,9,5.000000,-205.000000,11.415282
52,9,10.000000,-205.000000,11.330765
53,9,15.000000,-205.000000,11.246248
54,9,20.000000,-205.000000,11.169628
55,9,25.000000,-205.000000,11.099785
56,9,30.000000,-205.000000,11.042672
57,9,35.000000,-205.000000,10.991456
58,9,40.000000,-205.000000,10.940239
59,9,45.000000,-205.000000,10.889022
60,9,50.000000,-205.000000,10.848272
61,9,55.000000,-205.000000,10.809809
62,9,60.000000,-205.000000,10.786156
63,9,65.000000,-205.000000,10.762503
64,9,70.000000,-205.000000,10.738850
65,9,75.000000,-205.000000,10.717043
66,9,80.000000,-205.000000,10.697894
67,9,85.000000,-205.000000,10.683622
68,9,90.000000,-205.000000,10.673254
69,9,95.000000,-205.000000,10.662886
70,9,100.000000,-205.000000,10.652519
71,9,105.000000,-205.000000,10.642005
72,9,110.000000,-205.000000,10.631464
73,9,115.000000,-205.000000,10.620501
74,9,120.000000,-205.000000,10.609534
75,9,125.000000,-205.000000,10.598567
76,9,130.000000,-205.000000,10.587040
77,9,135.000000,-205.000000,10.574089
78,9,140.000000,-205.000000,10.558413
79,9,145.000000,-205.000000,10.539087
80,9,150.000000,-205.000000,10.519760
81,9,155.000000,-205.000000,10.500434
82,9,160.000000,-205.000000,10.479779
83,9,165.000000,-205.000000,10.458603
84,9,170.000000,-205.000000,10.430458
85,9,175.000000,-205.000000,10.401211
86,9,180.000000,-205.000000,10.371964
87,9,185.000000,-205.000000,10.342546
88,9,190.000000,-205.000000,10.312192
89,9,195.000000,-205.000000,10.279724
90,9,200.000000,-205.000000,10.242313
91,9,205.000000,-205.000000,10.204901
92,9,210.000000,-205.000000,10.167490
93,9,215.000000,-205.000000,10.129794
94,9,220.000000,-205.000000,10.091901
95,9,225.000000,-205.000000,10.050180
96,9,230.000000,-205.000000,10.007083
97,9,235.000000,-205.000000,9.963986
98,9,240.000000,-205.000000,9.920885
99,9,245.000000,-205.000000,9.877663
100,9,250.000000,-205.000000,9.833828
0,10,-250.000000,-200.000000,17.167049
1,10,-245.000000,-200.000000,17.071971
2,10,-240.000000,-200.000000,16.976894
3,10,-235.000000,-200.000000,16.881817
4,10,-230.000000,-200.000000,16.774247
5,10,-225.000000,-200.000000,16.658827
6,10,-220.000000,-200.000000,16.541659
7,10,-215.000000,-200.000000,16.423937
8,10,-210.000000,-200.000000,16.306215
9,10,-205.000000,-200.000000,16.188352
10,10,-200.000000,-200.000000,16.067817
11,10,-195.000000,-200.000000,15.947183
12,10,-190.000000,-200.000000,15.826142
13,10,-185.000000,-200.000000,15.705100
14,10,-180.000000,-200.000000,15.584059
15,10,-175.000000,-200.000000,15.466527
16,10,-170.000000,-200.000000,15.352706
17,10,-165.000000,-200.000000,15.240048
18,10,-160.000000,-200.000000,15.128070
19,10,-155.000000,-200.000000,15.016092
20,10,-150.000000,-200.000000,14.904114
21,10,-145.000000,-200.000000,14.797308
22,10,-140.000000,-200.000000,14.691067
23,10,-135.000000,-200.000000,14.586610
24,10,-130.000000,-200.000000,14.482153
25,10,-125.000000,-200.000000,14.377695
26,10,-120.000000,-200.000000,14.272574
27,10,-115.000000,-200.000000,14.166261
28,10,-110.000000,-200.000000,14.059538
29,10,-105.000000,-200.000000,13.952410
30,10,-100.000000,-200.000000,13.845282
31,10,-95.000000,-200.000000,13.738155
32,10,-90.000000,-200.000000,13.626091
33,10,-85.000000,-200.000000,13.512749
34,10,-80.000000,-200.000000,13.396179
35,10,-75.000000,-200.000000,13.279402
36,10,-70.000000,-200.000000,13.162625
37,10,-65.000000,-200.000000,13.045152
38,10,-60.000000,-200.000000,12.925353
39,10,-55.000000,-200.000000,12.804776
40,10,-50.000000,-200.000000,12.682904
41,10,-45.000000,-200.000000,12.561033
42,10,-40.000000,-200.000000,12.439161
43,10,-35.000000,-200.000000,12.320867
44,10,-30.000000,-200.000000,12.204365
45,10,-25.000000,-200.000000,12.091539
46,10,-20.000000,-200.000000,11.979568
47,10,-15.000000,-200.000000,11.867597
48,10,-10.000000,-200.000000,11.756939
49,10,-5.000000,-200.000000,11.657834
50,10,0.000000,-200.000000,11.562022
51,10,5.000000,-200.000000,11.476225
52,10,10.000000,-200.000000,11.390429
53,10,15.000000,-200.000000,11.304633
54,10,20.000000,-200.000000,11.226735
55,10,25.000000,-200.000000,11.155619
56,10,30.000000,-200.000000,11.097236
57,10,35.000000,-200.000000,11.044750
58,10,40.000000,-200.000000,10.992265
59,10,45.000000,-200.000000,10.939780
60,10,50.000000,-200.000000,10.897674
61,10,55.000000,-200.000000,10.857837
62,10,60.000000,-200.000000,10.832685
63,10,65.000000,-200.000000,10.807533
64,10,70.000000,-200.000000,10.782382
65,10,75.000000,-200.000000,10.759060
66,10,80.000000,-200.000000,10.738370
67,10,85.000000,-200.000000,10.722512
68,10,90.000000,-200.000000,10.710521
69,10,95.000000,-200.000000,10.698531
70,10,100.000000,-200.000000,10.686541
71,10,105.000000,-200.000000,10.674437
72,10,110.000000,-200.000000,10.662312
73,10,115.000000,-200.000000,10.649857
74,10,120.000000,-200.000000,10.637400
75,10,125.000000,-200.000000,10.624942
76,10,130.000000,-200.000000,10.611945
77,10,135.000000,-200.000000,10.597576
78,10,140.000000,-200.000000,10.580580
79,10,145.000000,-200.000000,10.560065
80,10,150.000000,-200.000000,10.539550
81,10,155.000000,-200.000000,10.519035
82,10,160.000000,-200.000000,10.497234
83,10,165.000000,-200.000000,10.474928
84,10,170.000000,-200.000000,10.445877
85,10,175.000000,-200.000000,10.415758
86,10,180.000000,-200.000000,10.385639
87,10,185.000000,-200.000000,10.355355
88,10,190.000000,-200.000000,10.324162
89,10,195.000000,-200.000000,10.290918
90,10,200.000000,-200.000000,10.252877
91,10,205.000000,-200.000000,10.214835
92,10,210.000000,-200.000000,10.176793
93,10,215.000000,-200.000000,10.138475
94,10,220.000000,-200.000000,10.099964
95,10,225.000000,-200.000000,10.057731
96,10,230.000000,-200.000000,10.014158
97,10,235.000000,-200.000000,9.970585
98,10,240.000000,-200.000000,9.927008
99,10,245.000000,-200.000000,9.883313
100,10,250.000000,-200.000000,9.839022
0,11,-250.000000,-195.000000,17.166149
1,11,-245.000000,-195.000000,17.074211
2,11,-240.000000,-195.000000,16.982273
3,11,-235.000000,-195.000000,16.890336
4,11,-230.000000,-195.000000,16.786682
5,11,-225.000000,-195.000000,16.675668
6,11,-220.000000,-195.000000,16.563013
7,11,-215.000000,-195.000000,16.449839
8,11,-210.000000,-195.000000,16.336665
9,11,-205.000000,-195.000000,16.223373
10,11,-200.000000,-195.000000,16.107863
11,11,-195.000000,-195.000000,15.992270
12,11,-190.000000,-195.000000,15.876339
13,11,-185.000000,-195.000000,15.760407
14,11,-180.000000,-195.000000,15.644476
15,11,-175.000000,-195.000000,15.531715
16,11,-170.000000,-195.000000,15.422305
17,11,-165.000000,-195.000000,15.313946
18,11,-160.000000,-195.000000,15.206201
19,11,-155.000000,-195.000000,15.098456
20,11,-150.000000,-195.000000,14.990711
21,11,-145.000000,-195.000000,14.886652
22,11,-140.000000,-195.000000,14.782996
23,11,-135.000000,-195.000000,14.680610
24,11,-130.000000,-195.000000,14.578225
25,11,-125.000000,-195.000000,14.475840
26,11,-120.000000,-195.000000,14.372178
27,11,-115.000000,-195.000000,14.266229
28,11,-110.000000,-195.000000,14.159492
29,11,-105.000000,-195.000000,14.051978
30,11,-100.000000,-195.000000,13.944464
31,11,-95.000000,-195.000000,13.836950
32,11,-90.000000,-195.000000,13.723684
33,11,-85.000000,-195.000000,13.608926
34,11,-80.000000,-195.000000,13.490408
35,11,-75.000000,-195.000000,13.371648
36,11,-70.000000,-195.000000,13.252888
37,11,-65.000000,-195.000000,13.133391
38,11,-60.000000,-195.000000,13.011431
39,11,-55.000000,-195.000000,12.888647
40,11,-50.000000,-195.000000,12.764492
41,11,-45.000000,-195.000000,12.640338
42,11,-40.000000,-195.000000,12.516183
43,11,-35.000000,-195.000000,12.395783
44,11,-30.000000,-195.000000,12.277264
45,11,-25.000000,-195.000000,12.162603
46,11,-20.000000,-195.000000,12.048839
47,11,-15.000000,-195.000000,11.935075
48,11,-10.000000,-195.000000,11.822648
49,11,-5.000000,-195.000000,11.721978
50,11,0.000000,-195.000000,11.624659
51,11,5.000000,-195.000000,11.537534
52,11,10.000000,-195.000000,11.450409
53,11,15.000000,-195.000000,11.363285
54,11,20.000000,-195.000000,11.284069
55,11,25.000000,-195.000000,11.211644
56,11,30.000000,-195.000000,11.151968
57,11,35.000000,-195.000000,11.098199
58,11,40.000000,-195.000000,11.044429
59,11,45.000000,-195.000000,10.990660
60,11,50.000000,-195.000000,10.947190
61,11,55.000000,-195.000000,10.905971
62,11,60.000000,-195.000000,10.879325
63,11,65.000000,-195.000000,10.852679
64,11,70.000000,-195.000000,10.826033
65,11,75.000000,-195.000000,10.801200
66,11,80.000000,-195.000000,10.778975
67,11,85.000000,-195.000000,10.761538
68,11,90.000000,-195.000000,10.747934
69,11,95.000000,-195.000000,10.734330
70,11,100.000000,-195.000000,10.720725
71,11,105.000000,-195.000000,10.707039
72,11,110.000000,-195.000000,10.693337
73,11,115.000000,-195.000000,10.679395
74,11,120.000000,-195.000000,10.665451
75,11,125.000000,-195.000000,10.651507
76,11,130.000000,-195.000000,10.637044
77,11,135.000000,-195.000000,10.621258
78,11,140.000000,-195.000000,10.602942
79,11,145.000000,-195.000000,10.581236
80,11,150.000000,-195.000000,10.559531
81,11,155.000000,-195.000000,10.537825
82,11,160.000000,-195.000000,10.514875
83,11,165.000000,-195.000000,10.491437
84,11,170.000000,-195.000000,10.461473
85,11,175.000000,-195.000000,10.430476
86,11,180.000000,-195.000000,10.399480
87,11,185.000000,-195.000000,10.368322
88,11,190.000000,-195.000000,10.336284
89,11,195.000000,-195.000000,10.302257
90,11,200.000000,-195.000000,10.263577
91,11,205.000000,-195.000000,10.224897
92,11,210.000000,-195.000000,10.186217
93,11,215.000000,-195.000000,10.147269
94,11,220.000000,-195.000000,10.108133
95,11,225.000000,-195.000000,10.065378
96,11,230.000000,-195.000000,10.021322
97,11,235.000000,-195.000000,9.977265
98,11,240.000000,-195.000000,9.933206
99,11,245.000000,-195.000000,9.889030
100,11,250.000000,-195.000000,9.844274
0,12,-250.000000,-190.000000,17.165519
1,12,-245.000000,-190.000000,17.076717
2,12,-240.000000,-190.000000,16.987914
3,12,-235.000000,-190.000000,16.899112
4,12,-230.000000,-190.000000,16.799373
5,12,-225.000000,-190.000000,16.692761
6,12,-220.000000,-190.000000,16.584618
7,12,-215.000000,-190.000000,16.475989
8,12,-210.000000,-190.000000,16.367361
9,12,-205.000000,-190.000000,16.258640
10,12,-200.000000,-190.000000,16.148155
11,12,-195.000000,-190.000000,16.037604
12,12,-190.000000,-190.000000,15.926785
13,12,-185.000000,-190.000000,15.815965
14,12,-180.000000,-190.000000,15.705146
15,12,-175.000000,-190.000000,15.597158
16,12,-170.000000,-190.000000,15.492163
17,12,-165.000000,-190.000000,15.388107
18,12,-160.000000,-190.000000,15.284598
19,12,-155.000000,-190.000000,15.181090
20,12,-150.000000,-190.000000,15.077582
21,12,-145.000000,-190.000000,14.976272
22,12,-140.000000,-190.000000,14.875202
23,12,-135.000000,-190.000000,14.774890
24,12,-130.000000,-190.000000,14.674578
25,12,-125.000000,-190.000000,14.574266
26,12,-120.000000,-190.000000,14.472064
27,12,-115.000000,-190.000000,14.366475
28,12,-110.000000,-190.000000,14.259720
29,12,-105.000000,-190.000000,14.151815
30,12,-100.000000,-190.000000,14.043910
31,12,-95.000000,-190.000000,13.936005
32,12,-90.000000,-190.000000,13.821529
33,12,-85.000000,-190.000000,13.705348
34,12,-80.000000,-190.000000,13.584871
35,12,-75.000000,-190.000000,13.464117
36,12,-70.000000,-190.000000,13.343363
37,12,-65.000000,-190.000000,13.221832
38,12,-60.000000,-190.000000,13.097699
39,12,-55.000000,-190.000000,12.972696
40,12,-50.000000,-190.000000,12.846245
41,12,-45.000000,-190.000000,12.719795
42,12,-40.000000,-190.000000,12.593345
43,12,-35.000000,-190.000000,12.470826
44,12,-30.000000,-190.000000,12.350278
45,12,-25.000000,-190.000000,12.233771
46,12,-20.000000,-190.000000,12.118203
47,12,-15.000000,-190.000000,12.002635
48,12,-10.000000,-190.000000,11.888428
49,12,-5.000000,-190.000000,11.786184
50,12,0.000000,-190.000000,11.687351
51,12,5.000000,-190.000000,11.598891
52,12,10.000000,-190.000000,11.510432
53,12,15.000000,-190.000000,11.421972
54,12,20.000000,-190.000000,11.341433
55,12,25.000000,-190.000000,11.267694
56,12,30.000000,-190.000000,11.206724
57,12,35.000000,-190.000000,11.151668
58,12,40.000000,-190.000000,11.096612
59,12,45.000000,-190.000000,11.041556
60,12,50.000000,-190.000000,10.996721
61,12,55.000000,-190.000000,10.954120
62,12,60.000000,-190.000000,10.925980
63,12,65.000000,-190.000000,10.897840
64,12,70.000000,-190.000000,10.869699
65,12,75.000000,-190.000000,10.843356
66,12,80.000000,-190.000000,10.819597
67,12,85.000000,-190.000000,10.800582
68,12,90.000000,-190.000000,10.785365
69,12,95.000000,-190.000000,10.770148
70,12,100.000000,-190.000000,10.754932
71,12,105.000000,-190.000000,10.739663
72,12,110.000000,-190.000000,10.724385
73,12,115.000000,-190.000000,10.708957
74,12,120.000000,-190.000000,10.693527
75,12,125.000000,-190.000000,10.678097
76,12,130.000000,-190.000000,10.662168
77,12,135.000000,-190.000000,10.644967
78,12,140.000000,-190.000000,10.625331
79,12,145.000000,-190.000000,10.602434
80,12,150.000000,-190.000000,10.579537
81,12,155.000000,-190.000000,10.556640
82,12,160.000000,-190.000000,10.532541
83,12,165.000000,-190.000000,10.507970
84,12,170.000000,-190.000000,10.477092
85,12,175.000000,-190.000000,10.445217
86,12,180.000000,-190.000000,10.413342
87,12,185.000000,-190.000000,10.381311
88,12,190.000000,-190.000000,10.348426
89,12,195.000000,-190.000000,10.313614
90,12,200.000000,-190.000000,10.274295
91,12,205.000000,-190.000000,10.234976
92,12,210.000000,-190.000000,10.195657
93,12,215.000000,-190.000000,10.156077
94,12,220.000000,-190.000000,10.116316
95,12,225.000000,-190.000000,10.073039
96,12,230.000000,-190.000000,10.028498
97,12,235.000000,-190.000000,9.983957
98,12,240.000000,-190.000000,9.939413
99,12,245.000000,-190.000000,9.894756
100,12,250.000000,-190.000000,9.849534
0,13,-250.000000,-185.000000,17.164889
1,13,-245.000000,-185.000000,17.079222
2,13,-240.000000,-185.000000,16.993556
3,13,-235.000000,-185.000000,16.907889
4,13,-230.000000,-185.000000,16.812063
5,13,-225.000000,-185.000000,16.709854
6,13,-220.000000,-185.000000,16.606222
7,13,-215.000000,-185.000000,16.502140
8,13,-210.000000,-185.000000,16.398058
9,13,-205.000000,-185.000000,16.293907
10,13,-200.000000,-185.000000,16.188447
11,13,-195.000000,-185.000000,16.082939
12,13,-190.000000,-185.000000,15.977231
13,13,-185.000000,-185.000000,15.871523
14,13,-180.000000,-185.000000,15.765816
15,13,-175.000000,-185.000000,15.662601
16,13,-170.000000,-185.000000,15.562020
17,13,-165.000000,-185.000000,15.462267
18,13,-160.000000,-185.000000,15.362996
19,13,-155.000000,-185.000000,15.263725
20,13,-150.000000,-185.000000,15.164453
21,13,-145.000000,-185.000000,15.065892
22,13,-140.000000,-185.000000,14.967408
23,13,-135.000000,-185.000000,14.869169
24,13,-130.000000,-185.000000,14.770930
25,13,-125.000000,-185.000000,14.672691
26,13,-120.000000,-185.000000,14.571950
27,13,-115.000000,-185.000000,14.466722
28,13,-110.000000,-185.000000,14.359949
29,13,-105.000000,-185.000000,14.251653
30,13,-100.000000,-185.000000,14.143357
31,13,-95.000000,-185.000000,14.035061
32,13,-90.000000,-185.000000,13.919374
33,13,-85.000000,-185.000000,13.801770
34,13,-80.000000,-185.000000,13.679334
35,13,-75.000000,-185.000000,13.556586
36,13,-70.000000,-185.000000,13.433839
37,13,-65.000000,-185.000000,13.310273
38,13,-60.000000,-185.000000,13.183967
39,13,-55.000000,-185.000000,13.056744
40,13,-50.000000,-185.000000,12.927998
41,13,-45.000000,-185.000000,12.799252
42,13,-40.000000,-185.000000,12.670506
43,13,-35.000000,-185.000000,12.545869
44,13,-30.000000,-185.000000,12.423292
45,13,-25.000000,-185.000000,12.304939
46,13,-20.000000,-185.000000,12.187567
47,13,-15.000000,-185.000000,12.070195
48,13,-10.000000,-185.000000,11.954208
49,13,-5.000000,-185.000000,11.850391
50,13,0.000000,-185.000000,11.750044
51,13,5.000000,-185.000000,11.660249
52,13,10.000000,-185.000000,11.570454
53,13,15.000000,-185.000000,11.480659
54,13,20.000000,-185.000000,11.398797
55,13,25.000000,-185.000000,11.323744
56,13,30.000000,-185.000000,11.261479
57,13,35.000000,-185.000000,11.205137
58,13,40.000000,-185.000000,11.148795
59,13,45.000000,-185.000000,11.092452
60,13,50.000000,-185.000000,11.046252
61,13,55.000000,-185.000000,11.002268
62,13,60.000000,-185.000000,10.972634
63,13,65.000000,-185.000000,10.943000
64,13,70.000000,-185.000000,10.913366
65,13,75.000000,-185.000000,10.885512
66,13,80.000000,-185.000000,10.860219
67,13,85.000000,-185.000000,10.839626
68,13,90.000000,-185.000000,10.822797
69,13,95.000000,-185.000000,10.805967
70,13,100.000000,-185.000000,10.789138
71,13,105.000000,-185.000000,10.772287
72,13,110.000000,-185.000000,10.755433
73,13,115.000000,-185.000000,10.738518
74,13,120.000000,-185.000000,10.721603
75,13,125.000000,-185.000000,10.704688
76,13,130.000000,-185.000000,10.687292
77,13,135.000000,-185.000000,10.668675
78,13,140.000000,-185.000000,10.647719
79,13,145.000000,-185.000000,10.623631
80,13,150.000000,-185.000000,10.599543
81,13,155.000000,-185.000000,10.575455
82,13,160.000000,-185.000000,10.550207
83,13,165.000000,-185.000000,10.524503
84,13,170.000000,-185.000000,10.492712
85,13,175.000000,-185.000000,10.459958
86,13,180.000000,-185.000000,10.427203
87,13,185.000000,-185.000000,10.394299
88,13,190.000000,-185.000000,10.360568
89,13,195.000000,-185.000000,10.324972
90,13,200.000000,-185.000000,10.285014
91,13,205.000000,-185.000000,10.245056
92,13,210.000000,-185.000000,10.205097
93,13,215.000000,-185.000000,10.164886
94,13,220.000000,-185.000000,10.124498
95,13,225.000000,-185.000000,10.080700
96,13,230.000000,-185.000000,10.035674
97,13,235.000000,-185.000000,9.990649
98,13,240.000000,-185.000000,9.945620
99,13,245.000000,-185.000000,9.900482
100,13,250.000000,-185.000000,9.854794
0,14,-250.000000,-180.000000,17.174260
1,14,-245.000000,-180.000000,17.091322
2,14,-240.000000,-180.000000,17.008384
3,14,-235.000000,-180.000000,16.925446
4,14,-230.000000,-180.000000,16.833106
5,14,-225.000000,-180.000000,16.734860
6,14,-220.000000,-180.000000,16.635297
7,14,-215.000000,-180.000000,16.535317
8,14,-210.000000,-180.000000,16.435337
9,14,-205.000000,-180.000000,16.335317
10,14,-200.000000,-180.000000,16.234520
11,14,-195.000000,-180.000000,16.133695
12,14,-190.000000,-180.000000,16.032751
13,14,-185.000000,-180.000000,15.931808
14,14,-180.000000,-180.000000,15.830864
15,14,-175.000000,-180.000000,15.732133
16,14,-170.000000,-180.000000,15.635740
17,14,-165.000000,-180.000000,15.540080
18,14,-160.000000,-180.000000,15.444849
19,14,-155.000000,-180.000000,15.349618
20,14,-150.000000,-180.000000,15.254387
21,14,-145.000000,-180.000000,15.158440
22,14,-140.000000,-180.000000,15.062414
23,14,-135.000000,-180.000000,14.966141
24,14,-130.000000,-180.000000,14.869869
25,14,-125.000000,-180.000000,14.773596
26,14,-120.000000,-180.000000,14.674202
27,14,-115.000000,-180.000000,14.569213
28,14,-110.000000,-180.000000,14.462296
29,14,-105.000000,-180.000000,14.353480
30,14,-100.000000,-180.000000,14.244664
31,14,-95.000000,-180.000000,14.135847
32,14,-90.000000,-180.000000,14.018774
33,14,-85.000000,-180.000000,13.899560
34,14,-80.000000,-180.000000,13.774947
35,14,-75.000000,-180.000000,13.649986
36,14,-70.000000,-180.000000,13.525026
37,14,-65.000000,-180.000000,13.399196
38,14,-60.000000,-180.000000,13.270458
39,14,-55.000000,-180.000000,13.140748
40,14,-50.000000,-180.000000,13.009420
41,14,-45.000000,-180.000000,12.878093
42,14,-40.000000,-180.000000,12.746765
43,14,-35.000000,-180.000000,12.619735
44,14,-30.000000,-180.000000,12.494858
45,14,-25.000000,-180.000000,12.374399
46,14,-20.000000,-180.000000,12.254966
47,14,-15.000000,-180.000000,12.135533
48,14,-10.000000,-180.000000,12.017515
49,14,-5.000000,-180.000000,11.911930
50,14,0.000000,-180.000000,11.809889
51,14,5.000000,-180.000000,11.718630
52,14,10.000000,-180.000000,11.627371
53,14,15.000000,-180.000000,11.536111
54,14,20.000000,-180.000000,11.452835
55,14,25.000000,-180.000000,11.376412
56,14,30.000000,-180.000000,11.312858
57,14,35.000000,-180.000000,11.255266
58,14,40.000000,-180.000000,11.197673
59,14,45.000000,-180.000000,11.140080
60,14,50.000000,-180.000000,11.092596
61,14,55.000000,-180.000000,11.047321
62,14,60.000000,-180.000000,11.016349
63,14,65.000000,-180.000000,10.985377
64,14,70.000000,-180.000000,10.954404
65,14,75.000000,-180.000000,10.925200
66,14,80.000000,-180.000000,10.898538
67,14,85.000000,-180.000000,10.876544
68,14,90.000000,-180.000000,10.858288
69,14,95.000000,-180.000000,10.840031
70,14,100.000000,-180.000000,10.821774
71,14,105.000000,-180.000000,10.803517
72,14,110.000000,-180.000000,10.785260
73,14,115.000000,-180.000000,10.767003
74,14,120.000000,-180.000000,10.748745
75,14,125.000000,-180.000000,10.730488
76,14,130.000000,-180.000000,10.711766
77,14,135.000000,-180.000000,10.691861
78,14,140.000000,-180.000000,10.669692
79,14,145.000000,-180.000000,10.644492
80,14,150.000000,-180.000000,10.619291
81,14,155.000000,-180.000000,10.594091
82,14,160.000000,-180.000000,10.567765
83,14,165.000000,-180.000000,10.540997
84,14,170.000000,-180.000000,10.508323
85,14,175.000000,-180.000000,10.474715
86,14,180.000000,-180.000000,10.441107
87,14,185.000000,-180.000000,10.407353
88,14,190.000000,-180.000000,10.372797
89,14,195.000000,-180.000000,10.336430
90,14,200.000000,-180.000000,10.295827
91,14,205.000000,-180.000000,10.255223
92,14,210.000000,-180.000000,10.214620
93,14,215.000000,-180.000000,10.173770
94,14,220.000000,-180.000000,10.132749
95,14,225.000000,-180.000000,10.088412
96,14,230.000000,-180.000000,10.042882
97,14,235.000000,-180.000000,9.997352
98,14,240.000000,-180.000000,9.951819
99,14,245.000000,-180.000000,9.906180
100,14,250.000000,-180.000000,9.860006
0,15,-250.000000,-175.000000,17.194165
1,15,-245.000000,-175.000000,17.113526
2,15,-240.000000,-175.000000,17.032888
3,15,-235.000000,-175.000000,16.952249
4,15,-230.000000,-175.000000,16.862946
5,15,-225.000000,-175.000000,16.768199
6,15,-220.000000,-175.000000,16.672238
7,15,-215.000000,-175.000000,16.575894
8,15,-210.000000,-175.000000,16.479550
9,15,-205.000000,-175.000000,16.383197
10,15,-200.000000,-175.000000,16.286682
11,15,-195.000000,-175.000000,16.190161
12,15,-190.000000,-175.000000,16.093615
13,15,-185.000000,-175.000000,15.997069
14,15,-180.000000,-175.000000,15.900523
15,15,-175.000000,-175.000000,15.805971
16,15,-170.000000,-175.000000,15.713525
17,15,-165.000000,-175.000000,15.621741
18,15,-160.000000,-175.000000,15.530342
19,15,-155.000000,-175.000000,15.438944
20,15,-150.000000,-175.000000,15.347546
21,15,-145.000000,-175.000000,15.254070
22,15,-140.000000,-175.000000,15.160368
23,15,-135.000000,-175.000000,15.065949
24,15,-130.000000,-175.000000,14.971530
25,15,-125.000000,-175.000000,14.877112
26,15,-120.000000,-175.000000,14.778947
27,15,-115.000000,-175.000000,14.674067
28,15,-110.000000,-175.000000,14.566875
29,15,-105.000000,-175.000000,14.457402
30,15,-100.000000,-175.000000,14.347929
31,15,-95.000000,-175.000000,14.238456
32,15,-90.000000,-175.000000,14.119812
33,15,-85.000000,-175.000000,13.998790
34,15,-80.000000,-175.000000,13.871771
35,15,-75.000000,-175.000000,13.744367
36,15,-70.000000,-175.000000,13.616962
37,15,-65.000000,-175.000000,13.488628
38,15,-60.000000,-175.000000,13.357186
39,15,-55.000000,-175.000000,13.224705
40,15,-50.000000,-175.000000,13.090495
41,15,-45.000000,-175.000000,12.956285
42,15,-40.000000,-175.000000,12.822074
43,15,-35.000000,-175.000000,12.692361
44,15,-30.000000,-175.000000,12.564900
45,15,-25.000000,-175.000000,12.442061
46,15,-20.000000,-175.000000,12.320296
47,15,-15.000000,-175.000000,12.198531
48,15,-10.000000,-175.000000,12.078217
49,15,-5.000000,-175.000000,11.970659
50,15,0.000000,-175.000000,11.866738
51,15,5.000000,-175.000000,11.773877
52,15,10.000000,-175.000000,11.681016
53,15,15.000000,-175.000000,11.588156
54,15,20.000000,-175.000000,11.503371
55,15,25.000000,-175.000000,11.425517
56,15,30.000000,-175.000000,11.360682
57,15,35.000000,-175.000000,11.301877
58,15,40.000000,-175.000000,11.243072
59,15,45.000000,-175.000000,11.184266
60,15,50.000000,-175.000000,11.135584
61,15,55.000000,-175.000000,11.089114
62,15,60.000000,-175.000000,11.056968
63,15,65.000000,-175.000000,11.024821
64,15,70.000000,-175.000000,10.992674
65,15,75.000000,-175.000000,10.962287
66,15,80.000000,-175.000000,10.934432
67,15,85.000000,-175.000000,10.911223
68,15,90.000000,-175.000000,10.891734
69,15,95.000000,-175.000000,10.872246
70,15,100.000000,-175.000000,10.852757
71,15,105.000000,-175.000000,10.833278
72,15,110.000000,-175.000000,10.813801
73,15,115.000000,-175.000000,10.794353
74,15,120.000000,-175.000000,10.774905
75,15,125.000000,-175.000000,10.755457
76,15,130.000000,-175.000000,10.735554
77,15,135.000000,-175.000000,10.714497
78,15,140.000000,-175.000000,10.691228
79,15,145.000000,-175.000000,10.664998
80,15,150.000000,-175.000000,10.638767
81,15,155.000000,-175.000000,10.612537
82,15,160.000000,-175.000000,10.585208
83,15,165.000000,-175.000000,10.557448
84,15,170.000000,-175.000000,10.523925
85,15,175.000000,-175.000000,10.489490
86,15,180.000000,-175.000000,10.455056
87,15,185.000000,-175.000000,10.420478
88,15,190.000000,-175.000000,10.385119
89,15,195.000000,-175.000000,10.347994
90,15,200.000000,-175.000000,10.306739
91,15,205.000000,-175.000000,10.265484
92,15,210.000000,-175.000000,10.224229
93,15,215.000000,-175.000000,10.182734
94,15,220.000000,-175.000000,10.141072
95,15,225.000000,-175.000000,10.096179
96,15,230.000000,-175.000000,10.050123
97,15,235.000000,-175.000000,10.004068
98,15,240.000000,-175.000000,9.958009
99,15,245.000000,-175.000000,9.911847
100,15,250.000000,-175.000000,9.865166
0,16,-250.000000,-170.000000,17.216985
1,16,-245.000000,-170.000000,17.138527
2,16,-240.000000,-170.000000,17.060069
3,16,-235.000000,-170.000000,16.981611
4,16,-230.000000,-170.000000,16.895220
5,16,-225.000000,-170.000000,16.803844
6,16,-220.000000,-170.000000,16.711358
7,16,-215.000000,-170.000000,16.618519
8,16,-210.000000,-170.000000,16.525681
9,16,-205.000000,-170.000000,16.432868
10,16,-200.000000,-170.000000,16.340528
11,16,-195.000000,-170.000000,16.248207
12,16,-190.000000,-170.000000,16.155957
13,16,-185.000000,-170.000000,16.063708
14,16,-180.000000,-170.000000,15.971459
15,16,-175.000000,-170.000000,15.881001
16,16,-170.000000,-170.000000,15.792436
17,16,-165.000000,-170.000000,15.704467
18,16,-160.000000,-170.000000,15.616843
19,16,-155.000000,-170.000000,15.529220
20,16,-150.000000,-170.000000,15.441597
21,16,-145.000000,-170.000000,15.350554
22,16,-140.000000,-170.000000,15.259137
23,16,-135.000000,-170.000000,15.166541
24,16,-130.000000,-170.000000,15.073946
25,16,-125.000000,-170.000000,14.981350
26,16,-120.000000,-170.000000,14.884381
27,16,-115.000000,-170.000000,14.779575
28,16,-110.000000,-170.000000,14.672070
29,16,-105.000000,-170.000000,14.561903
30,16,-100.000000,-170.000000,14.451737
31,16,-95.000000,-170.000000,14.341570
32,16,-90.000000,-170.000000,14.221304
33,16,-85.000000,-170.000000,14.098419
34,16,-80.000000,-170.000000,13.968931
35,16,-75.000000,-170.000000,13.839018
36,16,-70.000000,-170.000000,13.709105
37,16,-65.000000,-170.000000,13.578201
38,16,-60.000000,-170.000000,13.443979
39,16,-55.000000,-170.000000,13.308648
40,16,-50.000000,-170.000000,13.171473
41,16,-45.000000,-170.000000,13.034297
42,16,-40.000000,-170.000000,12.897121
43,16,-35.000000,-170.000000,12.764643
44,16,-30.000000,-170.000000,12.634520
45,16,-25.000000,-170.000000,12.509226
46,16,-20.000000,-170.000000,12.385054
47,16,-15.000000,-170.000000,12.260881
48,16,-10.000000,-170.000000,12.138198
49,16,-5.000000,-170.000000,12.028611
50,16,0.000000,-170.000000,11.922757
51,16,5.000000,-170.000000,11.828257
52,16,10.000000,-170.000000,11.733757
53,16,15.000000,-170.000000,11.639257
54,16,20.000000,-170.000000,11.552937
55,16,25.000000,-170.000000,11.473637
56,16,30.000000,-170.000000,11.407522
57,16,35.000000,-170.000000,11.347515
58,16,40.000000,-170.000000,11.287507
59,16,45.000000,-170.000000,11.227500
60,16,50.000000,-170.000000,11.177643
61,16,55.000000,-170.000000,11.130005
62,16,60.000000,-170.000000,11.096729
63,16,65.000000,-170.000000,11.063454
64,16,70.000000,-170.000000,11.030178
65,16,75.000000,-170.000000,10.998655
66,16,80.000000,-170.000000,10.969654
67,16,85.000000,-170.000000,10.945282
68,16,90.000000,-170.000000,10.924616
69,16,95.000000,-170.000000,10.903949
70,16,100.000000,-170.000000,10.883283
71,16,105.000000,-170.000000,10.862633
72,16,110.000000,-170.000000,10.841986
73,16,115.000000,-170.000000,10.821389
74,16,120.000000,-170.000000,10.800792
75,16,125.000000,-170.000000,10.780195
76,16,130.000000,-170.000000,10.759153
77,16,135.000000,-170.000000,10.736981
78,16,140.000000,-170.000000,10.712643
79,16,145.000000,-170.000000,10.685405
80,16,150.000000,-170.000000,10.658168
81,16,155.000000,-170.000000,10.630931
82,16,160.000000,-170.000000,10.602620
83,16,165.000000,-170.000000,10.573888
84,16,170.000000,-170.000000,10.539524
85,16,175.000000,-170.000000,10.504270
86,16,180.000000,-170.000000,10.469016
87,16,185.000000,-170.000000,10.433623
88,16,190.000000,-170.000000,10.397466
89,16,195.000000,-170.000000,10.359588
90,16,200.000000,-170.000000,10.317679
91,16,205.000000,-170.000000,10.275771
92,16,210.000000,-170.000000,10.233862
93,16,215.000000,-170.000000,10.191720
94,16,220.000000,-170.000000,10.149415
95,16,225.000000,-170.000000,10.103961
96,16,230.000000,-170.000000,10.057374
97,16,235.000000,-170.000000,10.010787
98,16,240.000000,-170.000000,9.964197
99,16,245.000000,-170.000000,9.917507
100,16,250.000000,-170.000000,9.870312
0,17,-250.000000,-165.000000,17.240586
1,17,-245.000000,-165.000000,17.164277
2,17,-240.000000,-165.000000,17.087968
3,17,-235.000000,-165.000000,17.011659
4,17,-230.000000,-165.000000,16.928146
5,17,-225.000000,-165.000000,16.840107
6,17,-220.000000,-165.000000,16.751060
7,17,-215.000000,-165.000000,16.661693
8,17,-210.000000,-165.000000,16.572326
9,17,-205.000000,-165.000000,16.483018
10,17,-200.000000,-165.000000,16.394826
11,17,-195.000000,-165.000000,16.306676
12,17,-190.000000,-165.000000,16.218696
13,17,-185.000000,-165.000000,16.130716
14,17,-180.000000,-165.000000,16.042736
15,17,-175.000000,-165.000000,15.956350
16,17,-170.000000,-165.000000,15.871649
17,17,-165.000000,-165.000000,15.787477
18,17,-160.000000,-165.000000,15.703614
19,17,-155.000000,-165.000000,15.619751
20,17,-150.000000,-165.000000,15.535887
21,17,-145.000000,-165.000000,15.447267
22,17,-140.000000,-165.000000,15.358125
23,17,-135.000000,-165.000000,15.267344
24,17,-130.000000,-165.000000,15.176563
25,17,-125.000000,-165.000000,15.085781
26,17,-120.000000,-165.000000,14.990000
27,17,-115.000000,-165.000000,14.885258
28,17,-110.000000,-165.000000,14.777431
29,17,-105.000000,-165.000000,14.666560
30,17,-100.000000,-165.000000,14.555689
31,17,-95.000000,-165.000000,14.444818
32,17,-90.000000,-165.000000,14.322916
33,17,-85.000000,-165.000000,14.198155
34,17,-80.000000,-165.000000,14.066181
35,17,-75.000000,-165.000000,13.933742
36,17,-70.000000,-165.000000,13.801304
37,17,-65.000000,-165.000000,13.667811
38,17,-60.000000,-165.000000,13.530789
39,17,-55.000000,-165.000000,13.392588
40,17,-50.000000,-165.000000,13.252425
41,17,-45.000000,-165.000000,13.112261
42,17,-40.000000,-165.000000,12.972097
43,17,-35.000000,-165.000000,12.836834
44,17,-30.000000,-165.000000,12.704027
45,17,-25.000000,-165.000000,12.576257
46,17,-20.000000,-165.000000,12.449658
47,17,-15.000000,-165.000000,12.323058
48,17,-10.000000,-165.000000,12.197987
49,17,-5.000000,-165.000000,12.086354
50,17,0.000000,-165.000000,11.978553
51,17,5.000000,-165.000000,11.882404
52,17,10.000000,-165.000000,11.786255
53,17,15.000000,-165.000000,11.690106
54,17,20.000000,-165.000000,11.602243
55,17,25.000000,-165.000000,11.521492
56,17,30.000000,-165.000000,11.454099
57,17,35.000000,-165.000000,11.392892
58,17,40.000000,-165.000000,11.331685
59,17,45.000000,-165.000000,11.270478
60,17,50.000000,-165.000000,11.219454
61,17,55.000000,-165.000000,11.170654
62,17,60.000000,-165.000000,11.136262
63,17,65.000000,-165.000000,11.101869
64,17,70.000000,-165.000000,11.067477
65,17,75.000000,-165.000000,11.034831
66,17,80.000000,-165.000000,11.004697
67,17,85.000000,-165.000000,10.979175
68,17,90.000000,-165.000000,10.957345
69,17,95.000000,-165.000000,10.935515
70,17,100.000000,-165.000000,10.913685
71,17,105.000000,-165.000000,10.891879
72,17,110.000000,-165.000000,10.870076
73,17,115.000000,-165.000000,10.848341
74,17,120.000000,-165.000000,10.826606
75,17,125.000000,-165.000000,10.804872
76,17,130.000000,-165.000000,10.782701
77,17,135.000000,-165.000000,10.759423
78,17,140.000000,-165.000000,10.734025
79,17,145.000000,-165.000000,10.705787
80,17,150.000000,-165.000000,10.677549
81,17,155.000000,-165.000000,10.649310
82,17,160.000000,-165.000000,10.620023
83,17,165.000000,-165.000000,10.590324
84,17,170.000000,-165.000000,10.555123
85,17,175.000000,-165.000000,10.519051
86,17,180.000000,-165.000000,10.482980
87,17,185.000000,-165.000000,10.446773
88,17,190.000000,-165.000000,10.409821
89,17,195.000000,-165.000000,10.371189
90,17,200.000000,-165.000000,10.328627
91,17,205.000000,-165.000000,10.286064
92,17,210.000000,-165.000000,10.243502
93,17,215.000000,-165.000000,10.200711
94,17,220.000000,-165.000000,10.157763
95,17,225.000000,-165.000000,10.111746
96,17,230.000000,-165.000000,10.064627
97,17,235.000000,-165.000000,10.017507
98,17,240.000000,-165.000000,9.970384
99,17,245.000000,-165.000000,9.923164
100,17,250.000000,-165.000000,9.875454
0,18,-250.000000,-160.000000,17.264187
1,18,-245.000000,-160.000000,17.190027
2,18,-240.000000,-160.000000,17.115867
3,18,-235.000000,-160.000000,17.041707
4,18,-230.000000,-160.000000,16.961073
5,18,-225.000000,-160.000000,16.876371
6,18,-220.000000,-160.000000,16.790762
7,18,-215.000000,-160.000000,16.704867
8,18,-210.000000,-160.000000,16.618971
9,18,-205.000000,-160.000000,16.533169
10,18,-200.000000,-160.000000,16.449124
11,18,-195.000000,-160.000000,16.365145
12,18,-190.000000,-160.000000,16.281435
13,18,-185.000000,-160.000000,16.197724
14,18,-180.000000,-160.000000,16.114013
15,18,-175.000000,-160.000000,16.031699
16,18,-170.000000,-160.000000,15.950862
17,18,-165.000000,-160.000000,15.870488
18,18,-160.000000,-160.000000,15.790385
19,18,-155.000000,-160.000000,15.710281
20,18,-150.000000,-160.000000,15.630178
21,18,-145.000000,-160.000000,15.543979
22,18,-140.000000,-160.000000,15.457114
23,18,-135.000000,-160.000000,15.368147
24,18,-130.000000,-160.000000,15.279180
25,18,-125.000000,-160.000000,15.190213
26,18,-120.000000,-160.000000,15.095620
27,18,-115.000000,-160.000000,14.990942
28,18,-110.000000,-160.000000,14.882792
29,18,-105.000000,-160.000000,14.771217
30,18,-100.000000,-160.000000,14.659642
31,18,-95.000000,-160.000000,14.548067
32,18,-90.000000,-160.000000,14.424529
33,18,-85.000000,-160.000000,14.297890
34,18,-80.000000,-160.000000,14.163430
35,18,-75.000000,-160.000000,14.028467
36,18,-70.000000,-160.000000,13.893503
37,18,-65.000000,-160.000000,13.757421
38,18,-60.000000,-160.000000,13.617600
39,18,-55.000000,-160.000000,13.476528
40,18,-50.000000,-160.000000,13.333377
41,18,-45.000000,-160.000000,13.190225
42,18,-40.000000,-160.000000,13.047074
43,18,-35.000000,-160.000000,12.909025
44,18,-30.000000,-160.000000,12.773534
45,18,-25.000000,-160.000000,12.643289
46,18,-20.000000,-160.000000,12.514262
47,18,-15.000000,-160.000000,12.385235
48,18,-10.000000,-160.000000,12.257775
49,18,-5.000000,-160.000000,12.144098
50,18,0.000000,-160.000000,12.034350
51,18,5.000000,-160.000000,11.936552
52,18,10.000000,-160.000000,11.838753
53,18,15.000000,-160.000000,11.740955
54,18,20.000000,-160.000000,11.651550
55,18,25.000000,-160.000000,11.569348
56,18,30.000000,-160.000000,11.500675
57,18,35.000000,-160.000000,11.438269
58,18,40.000000,-160.000000,11.375863
59,18,45.000000,-160.000000,11.313457
60,18,50.000000,-160.000000,11.261264
61,18,55.000000,-160.000000,11.211303
62,18,60.000000,-160.000000,11.175794
63,18,65.000000,-160.000000,11.140285
64,18,70.000000,-160.000000,11.104775
65,18,75.000000,-160.000000,11.071006
66,18,80.000000,-160.000000,11.039739
67,18,85.000000,-160.000000,11.013068
68,18,90.000000,-160.000000,10.990075
69,18,95.000000,-160.000000,10.967082
70,18,100.000000,-160.000000,10.944088
71,18,105.000000,-160.000000,10.921125
72,18,110.000000,-160.000000,10.898166
73,18,115.000000,-160.000000,10.875293
74,18,120.000000,-160.000000,10.852421
75,18,125.000000,-160.000000,10.829548
76,18,130.000000,-160.000000,10.806250
77,18,135.000000,-160.000000,10.781866
78,18,140.000000,-160.000000,10.755408
79,18,145.000000,-160.000000,10.726168
80,18,150.000000,-160.000000,10.696929
81,18,155.000000,-160.000000,10.667690
82,18,160.000000,-160.000000,10.637426
83,18,165.000000,-160.000000,10.606761
84,18,170.000000,-160.000000,10.570722
85,18,175.000000,-160.000000,10.533833
86,18,180.000000,-160.000000,10.496943
87,18,185.000000,-160.000000,10.459922
88,18,190.000000,-160.000000,10.422175
89,18,195.000000,-160.000000,10.382790
90,18,200.000000,-160.000000,10.339574
91,18,205.000000,-160.000000,10.296358
92,18,210.000000,-160.000000,10.253141
93,18,215.000000,-160.000000,10.209703
94,18,220.000000,-160.000000,10.166111
95,18,225.000000,-160.000000,10.119532
96,18,230.000000,-160.000000,10.071880
97,18,235.000000,-160.000000,10.024227
98,18,240.000000,-160.000000,9.976572
99,18,245.000000,-160.000000,9.928822
100,18,250.000000,-160.000000,9.880596
0,19,-250.000000,-155.000000,17.289200
1,19,-245.000000,-155.000000,17.216920
2,19,-240.000000,-155.000000,17.144640
3,19,-235.000000,-155.000000,17.072360
4,19,-230.000000,-155.000000,16.994279
5,19,-225.000000,-155.000000,16.912553
6,19,-220.000000,-155.000000,16.830015
7,19,-215.000000,-155.000000,16.747220
8,19,-210.000000,-155.000000,16.664425
9,19,-205.000000,-155.000000,16.581755
10,19,-200.000000,-155.000000,16.501469
11,19,-195.000000,-155.000000,16.421270
12,19,-190.000000,-155.000000,16.341435
13,19,-185.000000,-155.000000,16.261600
14,19,-180.000000,-155.000000,16.181765
15,19,-175.000000,-155.000000,16.103165
16,19,-170.000000,-155.000000,16.025870
17,19,-165.000000,-155.000000,15.948985
18,19,-160.000000,-155.000000,15.872339
19,19,-155.000000,-155.000000,15.795693
20,19,-150.000000,-155.000000,15.719046
21,19,-145.000000,-155.000000,15.635088
22,19,-140.000000,-155.000000,15.550331
23,19,-135.000000,-155.000000,15.463052
24,19,-130.000000,-155.000000,15.375774
25,19,-125.000000,-155.000000,15.288495
26,19,-120.000000,-155.000000,15.195008
27,19,-115.000000,-155.000000,15.090394
28,19,-110.000000,-155.000000,14.981948
29,19,-105.000000,-155.000000,14.869723
30,19,-100.000000,-155.000000,14.757499
31,19,-95.000000,-155.000000,14.645274
32,19,-90.000000,-155.000000,14.520207
33,19,-85.000000,-155.000000,14.391811
34,19,-80.000000,-155.000000,14.255020
35,19,-75.000000,-155.000000,14.117687
36,19,-70.000000,-155.000000,13.980354
37,19,-65.000000,-155.000000,13.841841
38,19,-60.000000,-155.000000,13.699380
39,19,-55.000000,-155.000000,13.555598
40,19,-50.000000,-155.000000,13.409619
41,19,-45.000000,-155.000000,13.263641
42,19,-40.000000,-155.000000,13.117663
43,19,-35.000000,-155.000000,12.976974
44,19,-30.000000,-155.000000,12.838936
45,19,-25.000000,-155.000000,12.706335
46,19,-20.000000,-155.000000,12.574998
47,19,-15.000000,-155.000000,12.443661
48,19,-10.000000,-155.000000,12.313928
49,19,-5.000000,-155.000000,12.198309
50,19,0.000000,-155.000000,12.086714
51,19,5.000000,-155.000000,11.987356
52,19,10.000000,-155.000000,11.887997
53,19,15.000000,-155.000000,11.788638
54,19,20.000000,-155.000000,11.697781
55,19,25.000000,-155.000000,11.614221
56,19,30.000000,-155.000000,11.544366
57,19,35.000000,-155.000000,11.480858
58,19,40.000000,-155.000000,11.417351
59,19,45.000000,-155.000000,11.353843
60,19,50.000000,-155.000000,11.300588
61,19,55.000000,-155.000000,11.249574
62,19,60.000000,-155.000000,11.213067
63,19,65.000000,-155.000000,11.176559
64,19,70.000000,-155.000000,11.140051
65,19,75.000000,-155.000000,11.105278
66,19,80.000000,-155.000000,11.072997
67,19,85.000000,-155.000000,11.045296
68,19,90.000000,-155.000000,11.021259
69,19,95.000000,-155.000000,10.997222
70,19,100.000000,-155.000000,10.973185
71,19,105.000000,-155.000000,10.949178
72,19,110.000000,-155.000000,10.925176
73,19,115.000000,-155.000000,10.901259
74,19,120.000000,-155.000000,10.877344
75,19,125.000000,-155.000000,10.853428
76,19,130.000000,-155.000000,10.829093
77,19,135.000000,-155.000000,10.803691
78,19,140.000000,-155.000000,10.776245
79,19,145.000000,-155.000000,10.746062
80,19,150.000000,-155.000000,10.715880
81,19,155.000000,-155.000000,10.685698
82,19,160.000000,-155.000000,10.654511
83,19,165.000000,-155.000000,10.622930
84,19,170.000000,-155.000000,10.586081
85,19,175.000000,-155.000000,10.548398
86,19,180.000000,-155.000000,10.510716
87,19,185.000000,-155.000000,10.472904
88,19,190.000000,-155.000000,10.434382
89,19,195.000000,-155.000000,10.394259
90,19,200.000000,-155.000000,10.350388
91,19,205.000000,-155.000000,10.306517
92,19,210.000000,-155.000000,10.262646
93,19,215.000000,-155.000000,10.218558
94,19,220.000000,-155.000000,10.174321
95,19,225.000000,-155.000000,10.127168
96,19,230.000000,-155.000000,10.078968
97,19,235.000000,-155.000000,10.030767
98,19,240.000000,-155.000000,9.982564
99,19,245.000000,-155.000000,9.934269
100,19,250.000000,-155.000000,9.885512
0,20,-250.000000,-150.000000,17.316400
1,20,-245.000000,-150.000000,17.245584
2,20,-240.000000,-150.000000,17.174768
3,20,-235.000000,-150.000000,17.103952
4,20,-230.000000,-150.000000,17.027920
5,20,-225.000000,-150.000000,16.948611
6,20,-220.000000,-150.000000,16.868573
7,20,-215.000000,-150.000000,16.788303
8,20,-210.000000,-150.000000,16.708033
9,20,-205.000000,-150.000000,16.627920
10,20,-200.000000,-150.000000,16.550787
11,20,-195.000000,-150.000000,16.473764
12,20,-190.000000,-150.000000,16.397195
13,20,-185.000000,-150.000000,16.320626
14,20,-180.000000,-150.000000,16.244057
15,20,-175.000000,-150.000000,16.168616
16,20,-170.000000,-150.000000,16.094366
17,20,-165.000000,-150.000000,16.020490
18,20,-160.000000,-150.000000,15.946833
19,20,-155.000000,-150.000000,15.873175
20,20,-150.000000,-150.000000,15.799517
21,20,-145.000000,-150.000000,15.717519
22,20,-140.000000,-150.000000,15.634609
23,20,-135.000000,-150.000000,15.548823
24,20,-130.000000,-150.000000,15.463038
25,20,-125.000000,-150.000000,15.377252
26,20,-120.000000,-150.000000,15.284746
27,20,-115.000000,-150.000000,15.180194
28,20,-110.000000,-150.000000,15.071494
29,20,-105.000000,-150.000000,14.958704
30,20,-100.000000,-150.000000,14.845913
31,20,-95.000000,-150.000000,14.733122
32,20,-90.000000,-150.000000,14.606692
33,20,-85.000000,-150.000000,14.476725
34,20,-80.000000,-150.000000,14.337841
35,20,-75.000000,-150.000000,14.198382
36,20,-70.000000,-150.000000,14.058924
37,20,-65.000000,-150.000000,13.918223
38,20,-60.000000,-150.000000,13.773368
39,20,-55.000000,-150.000000,13.627123
40,20,-50.000000,-150.000000,13.478567
41,20,-45.000000,-150.000000,13.330011
42,20,-40.000000,-150.000000,13.181455
43,20,-35.000000,-150.000000,13.038351
44,20,-30.000000,-150.000000,12.897979
45,20,-25.000000,-150.000000,12.763210
46,20,-20.000000,-150.000000,12.629744
47,20,-15.000000,-150.000000,12.496277
48,20,-10.000000,-150.000000,12.364451
49,20,-5.000000,-150.000000,12.247050
50,20,0.000000,-150.000000,12.133762
51,20,5.000000,-150.000000,12.032980
52,20,10.000000,-150.000000,11.932199
53,20,15.000000,-150.000000,11.831418
54,20,20.000000,-150.000000,11.739250
55,20,25.000000,-150.000000,11.654476
56,20,30.000000,-150.000000,11.583587
57,20,35.000000,-150.000000,11.519130
58,20,40.000000,-150.000000,11.454673
59,20,45.000000,-150.000000,11.390215
60,20,50.000000,-150.000000,11.336062
61,20,55.000000,-150.000000,11.284161
62,20,60.000000,-150.000000,11.246839
63,20,65.000000,-150.000000,11.209517
64,20,70.000000,-150.000000,11.172195
65,20,75.000000,-150.000000,11.136601
66,20,80.000000,-150.000000,11.103491
67,20,85.000000,-150.000000,11.074944
68,20,90.000000,-150.000000,11.050049
69,20,95.000000,-150.000000,11.025153
70,20,100.000000,-150.000000,11.000258
71,20,105.000000,-150.000000,10.975383
72,20,110.000000,-150.000000,10.950511
73,20,115.000000,-150.000000,10.925699
74,20,120.000000,-150.000000,10.900886
75,20,125.000000,-150.000000,10.876074
76,20,130.000000,-150.000000,10.850845
77,20,135.000000,-150.000000,10.824556
78,20,140.000000,-150.000000,10.796238
79,20,145.000000,-150.000000,10.765202
80,20,150.000000,-150.000000,10.734166
81,20,155.000000,-150.000000,10.703130
82,20,160.000000,-150.000000,10.671102
83,20,165.000000,-150.000000,10.638686
84,20,170.000000,-150.000000,10.601070
85,20,175.000000,-150.000000,10.562631
86,20,180.000000,-150.000000,10.524192
87,20,185.000000,-150.000000,10.485625
88,20,190.000000,-150.000000,10.446361
89,20,195.000000,-150.000000,10.405521
90,20,200.000000,-150.000000,10.360995
91,20,205.000000,-150.000000,10.316468
92,20,210.000000,-150.000000,10.271942
93,20,215.000000,-150.000000,10.227203
94,20,220.000000,-150.000000,10.182316
95,20,225.000000,-150.000000,10.134572
96,20,230.000000,-150.000000,10.085800
97,20,235.000000,-150.000000,10.037028
98,20,240.000000,-150.000000,9.988254
99,20,245.000000,-150.000000,9.939390
100,20,250.000000,-150.000000,9.890077
0,21,-250.000000,-145.000000,17.344238
1,21,-245.000000,-145.000000,17.274764
2,21,-240.000000,-145.000000,17.205290
3,21,-235.000000,-145.000000,17.135816
4,21,-230.000000,-145.000000,17.061687
5,21,-225.000000,-145.000000,16.984633
6,21,-220.000000,-145.000000,16.906927
7,21,-215.000000,-145.000000,16.829015
8,21,-210.000000,-145.000000,16.751103
9,21,-205.000000,-145.000000,16.673379
10,21,-200.000000,-145.000000,16.599223
11,21,-195.000000,-145.000000,16.525198
12,21,-190.000000,-145.000000,16.451718
13,21,-185.000000,-145.000000,16.378238
14,21,-180.000000,-145.000000,16.304757
15,21,-175.000000,-145.000000,16.232313
16,21,-170.000000,-145.000000,16.160963
17,21,-165.000000,-145.000000,16.089957
18,21,-160.000000,-145.000000,16.019151
19,21,-155.000000,-145.000000,15.948345
20,21,-150.000000,-145.000000,15.877539
21,21,-145.000000,-145.000000,15.797419
22,21,-140.000000,-145.000000,15.716281
23,21,-135.000000,-145.000000,15.631931
24,21,-130.000000,-145.000000,15.547581
25,21,-125.000000,-145.000000,15.463232
26,21,-120.000000,-145.000000,15.371669
27,21,-115.000000,-145.000000,15.267179
28,21,-110.000000,-145.000000,15.158238
29,21,-105.000000,-145.000000,15.044906
30,21,-100.000000,-145.000000,14.931574
31,21,-95.000000,-145.000000,14.818242
32,21,-90.000000,-145.000000,14.690496
33,21,-85.000000,-145.000000,14.559013
34,21,-80.000000,-145.000000,14.418106
35,21,-75.000000,-145.000000,14.276592
36,21,-70.000000,-145.000000,14.135078
37,21,-65.000000,-145.000000,13.992261
38,21,-60.000000,-145.000000,13.845083
39,21,-55.000000,-145.000000,13.696448
40,21,-50.000000,-145.000000,13.545387
41,21,-45.000000,-145.000000,13.394327
42,21,-40.000000,-145.000000,13.243266
43,21,-35.000000,-145.000000,13.097812
44,21,-30.000000,-145.000000,12.955167
45,21,-25.000000,-145.000000,12.818285
46,21,-20.000000,-145.000000,12.682742
47,21,-15.000000,-145.000000,12.547199
48,21,-10.000000,-145.000000,12.413332
49,21,-5.000000,-145.000000,12.294195
50,21,0.000000,-145.000000,12.179259
51,21,5.000000,-145.000000,12.077095
52,21,10.000000,-145.000000,11.974931
53,21,15.000000,-145.000000,11.872767
54,21,20.000000,-145.000000,11.779330
55,21,25.000000,-145.000000,11.693384
56,21,30.000000,-145.000000,11.621505
57,21,35.000000,-145.000000,11.556142
58,21,40.000000,-145.000000,11.490779
59,21,45.000000,-145.000000,11.425416
60,21,50.000000,-145.000000,11.370413
61,21,55.000000,-145.000000,11.317673
62,21,60.000000,-145.000000,11.279590
63,21,65.000000,-145.000000,11.241507
64,21,70.000000,-145.000000,11.203425
65,21,75.000000,-145.000000,11.167064
66,21,80.000000,-145.000000,11.133179
67,21,85.000000,-145.000000,11.103840
68,21,90.000000,-145.000000,11.078140
69,21,95.000000,-145.000000,11.052440
70,21,100.000000,-145.000000,11.026741
71,21,105.000000,-145.000000,11.001049
72,21,110.000000,-145.000000,10.975359
73,21,115.000000,-145.000000,10.949692
74,21,120.000000,-145.000000,10.924026
75,21,125.000000,-145.000000,10.898360
76,21,130.000000,-145.000000,10.872279
77,21,135.000000,-145.000000,10.845142
78,21,140.000000,-145.000000,10.815985
79,21,145.000000,-145.000000,10.784121
80,21,150.000000,-145.000000,10.752257
81,21,155.000000,-145.000000,10.720394
82,21,160.000000,-145.000000,10.687550
83,21,165.000000,-145.000000,10.654321
84,21,170.000000,-145.000000,10.615950
85,21,175.000000,-145.000000,10.576765
86,21,180.000000,-145.000000,10.537581
87,21,185.000000,-145.000000,10.498271
88,21,190.000000,-145.000000,10.458273
89,21,195.000000,-145.000000,10.416723
90,21,200.000000,-145.000000,10.371541
91,21,205.000000,-145.000000,10.326359
92,21,210.000000,-145.000000,10.281176
93,21,215.000000,-145.000000,10.235785
94,21,220.000000,-145.000000,10.190250
95,21,225.000000,-145.000000,10.141909
96,21,230.000000,-145.000000,10.092558
97,21,235.000000,-145.000000,10.043208
98,21,240.000000,-145.000000,9.993855
99,21,245.000000,-145.000000,9.944416
100,21,250.000000,-145.000000,9.894540
0,22,-250.000000,-140.000000,17.372358
1,22,-245.000000,-140.000000,17.304172
2,22,-240.000000,-140.000000,17.235987
3,22,-235.000000,-140.000000,17.167802
4,22,-230.000000,-140.000000,17.095510
5,22,-225.000000,-140.000000,17.020639
6,22,-220.000000,-140.000000,16.945192
7,22,-215.000000,-140.000000,16.869564
8,22,-210.000000,-140.000000,16.793936
9,22,-205.000000,-140.000000,16.718526
10,22,-200.000000,-140.000000,16.647269
11,22,-195.000000,-140.000000,16.576166
12,22,-190.000000,-140.000000,16.505696
13,22,-185.000000,-140.000000,16.435226
14,22,-180.000000,-140.000000,16.364756
15,22,-175.000000,-140.000000,16.295237
16,22,-170.000000,-140.000000,16.226723
17,22,-165.000000,-140.000000,16.158524
18,22,-160.000000,-140.000000,16.090510
19,22,-155.000000,-140.000000,16.022496
20,22,-150.000000,-140.000000,15.954482
21,22,-145.000000,-140.000000,15.876204
22,22,-140.000000,-140.000000,15.796803
23,22,-135.000000,-140.000000,15.713864
24,22,-130.000000,-140.000000,15.630926
25,22,-125.000000,-140.000000,15.547987
26,22,-120.000000,-140.000000,15.457352
27,22,-115.000000,-140.000000,15.352924
28,22,-110.000000,-140.000000,15.243746
29,22,-105.000000,-140.000000,15.129883
30,22,-100.000000,-140.000000,15.016021
31,22,-95.000000,-140.000000,14.902159
32,22,-90.000000,-140.000000,14.773118
33,22,-85.000000,-140.000000,14.640142
34,22,-80.000000,-140.000000,14.497244
35,22,-75.000000,-140.000000,14.353706
36,22,-70.000000,-140.000000,14.210167
37,22,-65.000000,-140.000000,14.065265
38,22,-60.000000,-140.000000,13.915797
39,22,-55.000000,-140.000000,13.764803
40,22,-50.000000,-140.000000,13.611270
41,22,-45.000000,-140.000000,13.457737
42,22,-40.000000,-140.000000,13.304203
43,22,-35.000000,-140.000000,13.156428
44,22,-30.000000,-140.000000,13.011538
45,22,-25.000000,-140.000000,12.872567
46,22,-20.000000,-140.000000,12.734971
47,22,-15.000000,-140.000000,12.597375
48,22,-10.000000,-140.000000,12.461489
49,22,-5.000000,-140.000000,12.340637
50,22,0.000000,-140.000000,12.224073
51,22,5.000000,-140.000000,12.120544
52,22,10.000000,-140.000000,12.017015
53,22,15.000000,-140.000000,11.913487
54,22,20.000000,-140.000000,11.818798
55,22,25.000000,-140.000000,11.731698
56,22,30.000000,-140.000000,11.658848
57,22,35.000000,-140.000000,11.592599
58,22,40.000000,-140.000000,11.526350
59,22,45.000000,-140.000000,11.460101
60,22,50.000000,-140.000000,11.404268
61,22,55.000000,-140.000000,11.350711
62,22,60.000000,-140.000000,11.311892
63,22,65.000000,-140.000000,11.273072
64,22,70.000000,-140.000000,11.234252
65,22,75.000000,-140.000000,11.197148
66,22,80.000000,-140.000000,11.162511
67,22,85.000000,-140.000000,11.132404
68,22,90.000000,-140.000000,11.105924
69,22,95.000000,-140.000000,11.079444
70,22,100.000000,-140.000000,11.052963
71,22,105.000000,-140.000000,11.026478
72,22,110.000000,-140.000000,10.999991
73,22,115.000000,-140.000000,10.973490
74,22,120.000000,-140.000000,10.946989
75,22,125.000000,-140.000000,10.920487
76,22,130.000000,-140.000000,10.893572
77,22,135.000000,-140.000000,10.865605
78,22,140.000000,-140.000000,10.835623
79,22,145.000000,-140.000000,10.802943
80,22,150.000000,-140.000000,10.770264
81,22,155.000000,-140.000000,10.737584
82,22,160.000000,-140.000000,10.703934
83,22,165.000000,-140.000000,10.669903
84,22,170.000000,-140.000000,10.630783
85,22,175.000000,-140.000000,10.590858
86,22,180.000000,-140.000000,10.550932
87,22,185.000000,-140.000000,10.510883
88,22,190.000000,-140.000000,10.470156
89,22,195.000000,-140.000000,10.427899
90,22,200.000000,-140.000000,10.382061
91,22,205.000000,-140.000000,10.336222
92,22,210.000000,-140.000000,10.290384
93,22,215.000000,-140.000000,10.244341
94,22,220.000000,-140.000000,10.198156
95,22,225.000000,-140.000000,10.149215
96,22,230.000000,-140.000000,10.099284
97,22,235.000000,-140.000000,10.049352
98,22,240.000000,-140.000000,9.999418
99,22,245.000000,-140.000000,9.949400
100,22,250.000000,-140.000000,9.898957
0,23,-250.000000,-135.000000,17.400477
1,23,-245.000000,-135.000000,17.333580
2,23,-240.000000,-135.000000,17.266684
3,23,-235.000000,-135.000000,17.199787
4,23,-230.000000,-135.000000,17.129333
5,23,-225.000000,-135.000000,17.056644
6,23,-220.000000,-135.000000,16.983457
7,23,-215.000000,-135.000000,16.910113
8,23,-210.000000,-135.000000,16.836768
9,23,-205.000000,-135.000000,16.763674
10,23,-200.000000,-135.000000,16.695316
11,23,-195.000000,-135.000000,16.627134
12,23,-190.000000,-135.000000,16.559674
13,23,-185.000000,-135.000000,16.492214
14,23,-180.000000,-135.000000,16.424754
15,23,-175.000000,-135.000000,16.358160
16,23,-170.000000,-135.000000,16.292483
17,23,-165.000000,-135.000000,16.227092
18,23,-160.000000,-135.000000,16.161869
19,23,-155.000000,-135.000000,16.096647
20,23,-150.000000,-135.000000,16.031424
21,23,-145.000000,-135.000000,15.954988
22,23,-140.000000,-135.000000,15.877326
23,23,-135.000000,-135.000000,15.795798
24,23,-130.000000,-135.000000,15.714270
25,23,-125.000000,-135.000000,15.632742
26,23,-120.000000,-135.000000,15.543035
27,23,-115.000000,-135.000000,15.438668
28,23,-110.000000,-135.000000,15.329254
29,23,-105.000000,-135.000000,15.214861
30,23,-100.000000,-135.000000,15.100468
31,23,-95.000000,-135.000000,14.986075
32,23,-90.000000,-135.000000,14.855740
33,23,-85.000000,-135.000000,14.721272
34,23,-80.000000,-135.000000,14.576382
35,23,-75.000000,-135.000000,14.430819
36,23,-70.000000,-135.000000,14.285257
37,23,-65.000000,-135.000000,14.138269
38,23,-60.000000,-135.000000,13.986511
39,23,-55.000000,-135.000000,13.833159
40,23,-50.000000,-135.000000,13.677153
41,23,-45.000000,-135.000000,13.521147
42,23,-40.000000,-135.000000,13.365141
43,23,-35.000000,-135.000000,13.215044
44,23,-30.000000,-135.000000,13.067909
45,23,-25.000000,-135.000000,12.926849
46,23,-20.000000,-135.000000,12.787200
47,23,-15.000000,-135.000000,12.647550
48,23,-10.000000,-135.000000,12.509645
49,23,-5.000000,-135.000000,12.387080
50,23,0.000000,-135.000000,12.268887
51,23,5.000000,-135.000000,12.163993
52,23,10.000000,-135.000000,12.059099
53,23,15.000000,-135.000000,11.954206
54,23,20.000000,-135.000000,11.858266
55,23,25.000000,-135.000000,11.770012
56,23,30.000000,-135.000000,11.696192
57,23,35.000000,-135.000000,11.629057
58,23,40.000000,-135.000000,11.561922
59,23,45.000000,-135.000000,11.494787
60,23,50.000000,-135.000000,11.438124
61,23,55.000000,-135.000000,11.383750
62,23,60.000000,-135.000000,11.344193
63,23,65.000000,-135.000000,11.304636
64,23,70.000000,-135.000000,11.265079
65,23,75.000000,-135.000000,11.227232
66,23,80.000000,-135.000000,11.191843
67,23,85.000000,-135.000000,11.160969
68,23,90.000000,-135.000000,11.133708
69,23,95.000000,-135.000000,11.106447
70,23,100.000000,-135.000000,11.079186
71,23,105.000000,-135.000000,11.051907
72,23,110.000000,-135.000000,11.024624
73,23,115.000000,-135.000000,10.997288
74,23,120.000000,-135.000000,10.969951
75,23,125.000000,-135.000000,10.942615
76,23,130.000000,-135.000000,10.914866
77,23,135.000000,-135.000000,10.886068
78,23,140.000000,-135.000000,10.855262
79,23,145.000000,-135.000000,10.821766
80,23,150.000000,-135.000000,10.788270
81,23,155.000000,-135.000000,10.754774
82,23,160.000000,-135.000000,10.720318
83,23,165.000000,-135.000000,10.685485
84,23,170.000000,-135.000000,10.645616
85,23,175.000000,-135.000000,10.604950
86,23,180.000000,-135.000000,10.564284
87,23,185.000000,-135.000000,10.523496
88,23,190.000000,-135.000000,10.482039
89,23,195.000000,-135.000000,10.439075
90,23,200.000000,-135.000000,10.392580
91,23,205.000000,-135.000000,10.346086
92,23,210.000000,-135.000000,10.299592
93,23,215.000000,-135.000000,10.252897
94,23,220.000000,-135.000000,10.206062
95,23,225.000000,-135.000000,10.156522
96,23,230.000000,-135.000000,10.106009
97,23,235.000000,-135.000000,10.055496
98,23,240.000000,-135.000000,10.004981
99,23,245.000000,-135.000000,9.954384
100,23,250.000000,-135.000000,9.903375
0,24,-250.000000,-130.000000,17.424028
1,24,-245.000000,-130.000000,17.358346
2,24,-240.000000,-130.000000,17.292665
3,24,-235.000000,-130.000000,17.226983
4,24,-230.000000,-130.000000,17.158235
5,24,-225.000000,-130.000000,17.087561
6,24,-220.000000,-130.000000,17.016457
7,24,-215.000000,-130.000000,16.945218
8,24,-210.000000,-130.000000,16.873979
9,24,-205.000000,-130.000000,16.803017
10,24,-200.000000,-130.000000,16.737305
11,24,-195.000000,-130.000000,16.671788
12,24,-190.000000,-130.000000,16.607072
13,24,-185.000000,-130.000000,16.542355
14,24,-180.000000,-130.000000,16.477639
15,24,-175.000000,-130.000000,16.413712
16,24,-170.000000,-130.000000,16.350619
17,24,-165.000000,-130.000000,16.287789
18,24,-160.000000,-130.000000,16.225111
19,24,-155.000000,-130.000000,16.162433
20,24,-150.000000,-130.000000,16.099755
21,24,-145.000000,-130.000000,16.025031
22,24,-140.000000,-130.000000,15.948990
23,24,-135.000000,-130.000000,15.868795
24,24,-130.000000,-130.000000,15.788600
25,24,-125.000000,-130.000000,15.708406
26,24,-120.000000,-130.000000,15.619611
27,24,-115.000000,-130.000000,15.515402
28,24,-110.000000,-130.000000,15.405885
29,24,-105.000000,-130.000000,15.291133
30,24,-100.000000,-130.000000,15.176381
31,24,-95.000000,-130.000000,15.061629
32,24,-90.000000,-130.000000,14.930272
33,24,-85.000000,-130.000000,14.794609
34,24,-80.000000,-130.000000,14.648089
35,24,-75.000000,-130.000000,14.500870
36,24,-70.000000,-130.000000,14.353651
37,24,-65.000000,-130.000000,14.204952
38,24,-60.000000,-130.000000,14.051303
39,24,-55.000000,-130.000000,13.895999
40,24,-50.000000,-130.000000,13.737941
41,24,-45.000000,-130.000000,13.579882
42,24,-40.000000,-130.000000,13.421824
43,24,-35.000000,-130.000000,13.269799
44,24,-30.000000,-130.000000,13.120798
45,24,-25.000000,-130.000000,12.977997
46,24,-20.000000,-130.000000,12.836638
47,24,-15.000000,-130.000000,12.695278
48,24,-10.000000,-130.000000,12.555691
49,24,-5.000000,-130.000000,12.431687
50,24,0.000000,-130.000000,12.312126
51,24,5.000000,-130.000000,12.206077
52,24,10.000000,-130.000000,12.100028
53,24,15.000000,-130.000000,11.993979
54,24,20.000000,-130.000000,11.896969
55,24,25.000000,-130.000000,11.807718
56,24,30.000000,-130.000000,11.733039
57,24,35.000000,-130.000000,11.665109
58,24,40.000000,-130.000000,11.597179
59,24,45.000000,-130.000000,11.529249
60,24,50.000000,-130.000000,11.471821
61,24,55.000000,-130.000000,11.416688
62,24,60.000000,-130.000000,11.376414
63,24,65.000000,-130.000000,11.336141
64,24,70.000000,-130.000000,11.295867
65,24,75.000000,-130.000000,11.257293
66,24,80.000000,-130.000000,11.221164
67,24,85.000000,-130.000000,11.189524
68,24,90.000000,-130.000000,11.161477
69,24,95.000000,-130.000000,11.133430
70,24,100.000000,-130.000000,11.105383
71,24,105.000000,-130.000000,11.077304
72,24,110.000000,-130.000000,11.049220
73,24,115.000000,-130.000000,11.021043
74,24,120.000000,-130.000000,10.992865
75,24,125.000000,-130.000000,10.964687
76,24,130.000000,-130.000000,10.936098
77,24,135.000000,-130.000000,10.906464
78,24,140.000000,-130.000000,10.874830
79,24,145.000000,-130.000000,10.840517
80,24,150.000000,-130.000000,10.806203
81,24,155.000000,-130.000000,10.771889
82,24,160.000000,-130.000000,10.736625
83,24,165.000000,-130.000000,10.700989
84,24,170.000000,-130.000000,10.660368
85,24,175.000000,-130.000000,10.618958
86,24,180.000000,-130.000000,10.577549
87,24,185.000000,-130.000000,10.536019
88,24,190.000000,-130.000000,10.493830
89,24,195.000000,-130.000000,10.450152
90,24,200.000000,-130.000000,10.402991
91,24,205.000000,-130.000000,10.355830
92,24,210.000000,-130.000000,10.308670
93,24,215.000000,-130.000000,10.261311
94,24,220.000000,-130.000000,10.213815
95,24,225.000000,-130.000000,10.163658
96,24,230.000000,-130.000000,10.112544
97,24,235.000000,-130.000000,10.061430
98,24,240.000000,-130.000000,10.010313
99,24,245.000000,-130.000000,9.959117
100,24,250.000000,-130.000000,9.907521
0,25,-250.000000,-125.000000,17.436797
1,25,-245.000000,-125.000000,17.372155
2,25,-240.000000,-125.000000,17.307514
3,25,-235.000000,-125.000000,17.242872
4,25,-230.000000,-125.000000,17.175520
5,25,-225.000000,-125.000000,17.106465
6,25,-220.000000,-125.000000,17.037030
7,25,-215.000000,-125.000000,16.967474
8,25,-210.000000,-125.000000,16.897919
9,25,-205.000000,-125.000000,16.828659
10,25,-200.000000,-125.000000,16.764996
11,25,-195.000000,-125.000000,16.701540
12,25,-190.000000,-125.000000,16.638937
13,25,-185.000000,-125.000000,16.576334
14,25,-180.000000,-125.000000,16.513732
15,25,-175.000000,-125.000000,16.451860
16,25,-170.000000,-125.000000,16.390761
17,25,-165.000000,-125.000000,16.329904
18,25,-160.000000,-125.000000,16.269190
19,25,-155.000000,-125.000000,16.208475
20,25,-150.000000,-125.000000,16.147760
21,25,-145.000000,-125.000000,16.074440
22,25,-140.000000,-125.000000,15.999742
23,25,-135.000000,-125.000000,15.920698
24,25,-130.000000,-125.000000,15.841654
25,25,-125.000000,-125.000000,15.762610
26,25,-120.000000,-125.000000,15.674691
27,25,-115.000000,-125.000000,15.570865
28,25,-110.000000,-125.000000,15.461561
29,25,-105.000000,-125.000000,15.346856
30,25,-100.000000,-125.000000,15.232150
31,25,-95.000000,-125.000000,15.117444
32,25,-90.000000,-125.000000,14.985705
33,25,-85.000000,-125.000000,14.849550
34,25,-80.000000,-125.000000,14.702259
35,25,-75.000000,-125.000000,14.554250
36,25,-70.000000,-125.000000,14.406241
37,25,-65.000000,-125.000000,14.256715
38,25,-60.000000,-125.000000,14.102116
39,25,-55.000000,-125.000000,13.945820
40,25,-50.000000,-125.000000,13.786702
41,25,-45.000000,-125.000000,13.627584
42,25,-40.000000,-125.000000,13.468466
43,25,-35.000000,-125.000000,13.315439
44,25,-30.000000,-125.000000,13.165464
45,25,-25.000000,-125.000000,13.021749
46,25,-20.000000,-125.000000,12.879488
47,25,-15.000000,-125.000000,12.737227
48,25,-10.000000,-125.000000,12.596751
49,25,-5.000000,-125.000000,12.471964
50,25,0.000000,-125.000000,12.351650
51,25,5.000000,-125.000000,12.244940
52,25,10.000000,-125.000000,12.138229
53,25,15.000000,-125.000000,12.031518
54,25,20.000000,-125.000000,11.933866
55,25,25.000000,-125.000000,11.843990
56,25,30.000000,-125.000000,11.768716
57,25,35.000000,-125.000000,11.700205
58,25,40.000000,-125.000000,11.631695
59,25,45.000000,-125.000000,11.563184
60,25,50.000000,-125.000000,11.505142
61,25,55.000000,-125.000000,11.449388
62,25,60.000000,-125.000000,11.408446
63,25,65.000000,-125.000000,11.367503
64,25,70.000000,-125.000000,11.326561
65,25,75.000000,-125.000000,11.287300
66,25,80.000000,-125.000000,11.250459
67,25,85.000000,-125.000000,11.218058
68,25,90.000000,-125.000000,11.189212
69,25,95.000000,-125.000000,11.160366
70,25,100.000000,-125.000000,11.131521
71,25,105.000000,-125.000000,11.102629
72,25,110.000000,-125.000000,11.073729
73,25,115.000000,-125.000000,11.044696
74,25,120.000000,-125.000000,11.015662
75,25,125.000000,-125.000000,10.986629
76,25,130.000000,-125.000000,10.957186
77,25,135.000000,-125.000000,10.926705
78,25,140.000000,-125.000000,10.894234
79,25,145.000000,-125.000000,10.859099
80,25,150.000000,-125.000000,10.823964
81,25,155.000000,-125.000000,10.788829
82,25,160.000000,-125.000000,10.752753
83,25,165.000000,-125.000000,10.716309
84,25,170.000000,-125.000000,10.674930
85,25,175.000000,-125.000000,10.632771
86,25,180.000000,-125.000000,10.590612
87,25,185.000000,-125.000000,10.548334
88,25,190.000000,-125.000000,10.505403
89,25,195.000000,-125.000000,10.460999
90,25,200.000000,-125.000000,10.413146
91,25,205.000000,-125.000000,10.365293
92,25,210.000000,-125.000000,10.317440
93,25,215.000000,-125.000000,10.269392
94,25,220.000000,-125.000000,10.221208
95,25,225.000000,-125.000000,10.170392
96,25,230.000000,-125.000000,10.118630
97,25,235.000000,-125.000000,10.066867
98,25,240.000000,-125.000000,10.015102
99,25,245.000000,-125.000000,9.963260
100,25,250.000000,-125.000000,9.911028
0,26,-250.000000,-120.000000,17.446430
1,26,-245.000000,-120.000000,17.382777
2,26,-240.000000,-120.000000,17.319125
3,26,-235.000000,-120.000000,17.255473
4,26,-230.000000,-120.000000,17.189426
5,26,-225.000000,-120.000000,17.121874
6,26,-220.000000,-120.000000,17.053987
7,26,-215.000000,-120.000000,16.985993
8,26,-210.000000,-120.000000,16.917999
9,26,-205.000000,-120.000000,16.850317
10,26,-200.000000,-120.000000,16.788528
11,26,-195.000000,-120.000000,16.726957
12,26,-190.000000,-120.000000,16.666285
13,26,-185.000000,-120.000000,16.605613
14,26,-180.000000,-120.000000,16.544940
15,26,-175.000000,-120.000000,16.484946
16,26,-170.000000,-120.000000,16.425669
17,26,-165.000000,-120.000000,16.366616
18,26,-160.000000,-120.000000,16.307694
19,26,-155.000000,-120.000000,16.248773
20,26,-150.000000,-120.000000,16.189852
21,26,-145.000000,-120.000000,16.117847
22,26,-140.000000,-120.000000,16.044411
23,26,-135.000000,-120.000000,15.966464
24,26,-130.000000,-120.000000,15.888518
25,26,-125.000000,-120.000000,15.810571
26,26,-120.000000,-120.000000,15.723518
27,26,-115.000000,-120.000000,15.620141
28,26,-110.000000,-120.000000,15.511143
29,26,-105.000000,-120.000000,15.396601
30,26,-100.000000,-120.000000,15.282060
31,26,-95.000000,-120.000000,15.167518
32,26,-90.000000,-120.000000,15.035584
33,26,-85.000000,-120.000000,14.899140
34,26,-80.000000,-120.000000,14.751326
35,26,-75.000000,-120.000000,14.602780
36,26,-70.000000,-120.000000,14.454233
37,26,-65.000000,-120.000000,14.304138
38,26,-60.000000,-120.000000,14.148862
39,26,-55.000000,-120.000000,13.991855
40,26,-50.000000,-120.000000,13.831966
41,26,-45.000000,-120.000000,13.672077
42,26,-40.000000,-120.000000,13.512188
43,26,-35.000000,-120.000000,13.358427
44,26,-30.000000,-120.000000,13.207739
45,26,-25.000000,-120.000000,13.063349
46,26,-20.000000,-120.000000,12.920423
47,26,-15.000000,-120.000000,12.777496
48,26,-10.000000,-120.000000,12.636362
49,26,-5.000000,-120.000000,12.510982
50,26,0.000000,-120.000000,12.390094
51,26,5.000000,-120.000000,12.282865
52,26,10.000000,-120.000000,12.175637
53,26,15.000000,-120.000000,12.068408
54,26,20.000000,-120.000000,11.970238
55,26,25.000000,-120.000000,11.879844
56,26,30.000000,-120.000000,11.804052
57,26,35.000000,-120.000000,11.735023
58,26,40.000000,-120.000000,11.665995
59,26,45.000000,-120.000000,11.596966
60,26,50.000000,-120.000000,11.538355
61,26,55.000000,-120.000000,11.482019
62,26,60.000000,-120.000000,11.440422
63,26,65.000000,-120.000000,11.398825
64,26,70.000000,-120.000000,11.357228
65,26,75.000000,-120.000000,11.317292
66,26,80.000000,-120.000000,11.279745
67,26,85.000000,-120.000000,11.246586
68,26,90.000000,-120.000000,11.216937
69,26,95.000000,-120.000000,11.187289
70,26,100.000000,-120.000000,11.157640
71,26,105.000000,-120.000000,11.127932
72,26,110.000000,-120.000000,11.098213
73,26,115.000000,-120.000000,11.068320
74,26,120.000000,-120.000000,11.038426
75,26,125.000000,-120.000000,11.008532
76,26,130.000000,-120.000000,10.978233
77,26,135.000000,-120.000000,10.946900
78,26,140.000000,-120.000000,10.913590
79,26,145.000000,-120.000000,10.877633
80,26,150.000000,-120.000000,10.841675
81,26,155.000000,-120.000000,10.805718
82,26,160.000000,-120.000000,10.768829
83,26,165.000000,-120.000000,10.731575
84,26,170.000000,-120.000000,10.689437
85,26,175.000000,-120.000000,10.646527
86,26,180.000000,-120.000000,10.603617
87,26,185.000000,-120.000000,10.560588
88,26,190.000000,-120.000000,10.516913
89,26,195.000000,-120.000000,10.471778
90,26,200.000000,-120.000000,10.423226
91,26,205.000000,-120.000000,10.374674
92,26,210.000000,-120.000000,10.326122
93,26,215.000000,-120.000000,10.277377
94,26,220.000000,-120.000000,10.228497
95,26,225.000000,-120.000000,10.177010
96,26,230.000000,-120.000000,10.124585
97,26,235.000000,-120.000000,10.072160
98,26,240.000000,-120.000000,10.019733
99,26,245.000000,-120.000000,9.967230
100,26,250.000000,-120.000000,9.914348
0,27,-250.000000,-115.000000,17.453965
1,27,-245.000000,-115.000000,17.391269
2,27,-240.000000,-115.000000,17.328572
3,27,-235.000000,-115.000000,17.265876
4,27,-230.000000,-115.000000,17.201073
5,27,-225.000000,-115.000000,17.134948
6,27,-220.000000,-115.000000,17.068527
7,27,-215.000000,-115.000000,17.002013
8,27,-210.000000,-115.000000,16.935499
9,27,-205.000000,-115.000000,16.869310
10,27,-200.000000,-115.000000,16.809279
11,27,-195.000000,-115.000000,16.749476
12,27,-190.000000,-115.000000,16.690612
13,27,-185.000000,-115.000000,16.631748
14,27,-180.000000,-115.000000,16.572884
15,27,-175.000000,-115.000000,16.514648
16,27,-170.000000,-115.000000,16.457077
17,27,-165.000000,-115.000000,16.399714
18,27,-160.000000,-115.000000,16.342473
19,27,-155.000000,-115.000000,16.285232
20,27,-150.000000,-115.000000,16.227991
21,27,-145.000000,-115.000000,16.157241
22,27,-140.000000,-115.000000,16.085014
23,27,-135.000000,-115.000000,16.008129
24,27,-130.000000,-115.000000,15.931245
25,27,-125.000000,-115.000000,15.854360
26,27,-120.000000,-115.000000,15.768164
27,27,-115.000000,-115.000000,15.665280
28,27,-110.000000,-115.000000,15.556649
29,27,-105.000000,-115.000000,15.442350
30,27,-100.000000,-115.000000,15.328052
31,27,-95.000000,-115.000000,15.213753
32,27,-90.000000,-115.000000,15.081749
33,27,-85.000000,-115.000000,14.945154
34,27,-80.000000,-115.000000,14.796984
35,27,-75.000000,-115.000000,14.648068
36,27,-70.000000,-115.000000,14.499151
37,27,-65.000000,-115.000000,14.348659
38,27,-60.000000,-115.000000,14.192890
39,27,-55.000000,-115.000000,14.035358
40,27,-50.000000,-115.000000,13.874891
41,27,-45.000000,-115.000000,13.714424
42,27,-40.000000,-115.000000,13.553957
43,27,-35.000000,-115.000000,13.399644
44,27,-30.000000,-115.000000,13.248415
45,27,-25.000000,-115.000000,13.103511
46,27,-20.000000,-115.000000,12.960076
47,27,-15.000000,-115.000000,12.816642
48,27,-10.000000,-115.000000,12.675003
49,27,-5.000000,-115.000000,12.549158
50,27,0.000000,-115.000000,12.427814
51,27,5.000000,-115.000000,12.320164
52,27,10.000000,-115.000000,12.212514
53,27,15.000000,-115.000000,12.104863
54,27,20.000000,-115.000000,12.006259
55,27,25.000000,-115.000000,11.915419
56,27,30.000000,-115.000000,11.839160
57,27,35.000000,-115.000000,11.769655
58,27,40.000000,-115.000000,11.700151
59,27,45.000000,-115.000000,11.630646
60,27,50.000000,-115.000000,11.571494
61,27,55.000000,-115.000000,11.514604
62,27,60.000000,-115.000000,11.472362
63,27,65.000000,-115.000000,11.430119
64,27,70.000000,-115.000000,11.387877
65,27,75.000000,-115.000000,11.347273
66,27,80.000000,-115.000000,11.309027
67,27,85.000000,-115.000000,11.275109
68,27,90.000000,-115.000000,11.244656
69,27,95.000000,-115.000000,11.214202
70,27,100.000000,-115.000000,11.183749
71,27,105.000000,-115.000000,11.153221
72,27,110.000000,-115.000000,11.122680
73,27,115.000000,-115.000000,11.091925
74,27,120.000000,-115.000000,11.061168
75,27,125.000000,-115.000000,11.030411
76,27,130.000000,-115.000000,10.999251
77,27,135.000000,-115.000000,10.967064
78,27,140.000000,-115.000000,10.932914
79,27,145.000000,-115.000000,10.896133
80,27,150.000000,-115.000000,10.859353
81,27,155.000000,-115.000000,10.822572
82,27,160.000000,-115.000000,10.784870
83,27,165.000000,-115.000000,10.746806
84,27,170.000000,-115.000000,10.703908
85,27,175.000000,-115.000000,10.660245
86,27,180.000000,-115.000000,10.616582
87,27,185.000000,-115.000000,10.572802
88,27,190.000000,-115.000000,10.528380
89,27,195.000000,-115.000000,10.482512
90,27,200.000000,-115.000000,10.433256
91,27,205.000000,-115.000000,10.384000
92,27,210.000000,-115.000000,10.334744
93,27,215.000000,-115.000000,10.285296
94,27,220.000000,-115.000000,10.235715
95,27,225.000000,-115.000000,10.183549
96,27,230.000000,-115.000000,10.130452
97,27,235.000000,-115.000000,10.077356
98,27,240.000000,-115.000000,10.024258
99,27,245.000000,-115.000000,9.971086
100,27,250.000000,-115.000000,9.917544
0,28,-250.000000,-110.000000,17.461501
1,28,-245.000000,-110.000000,17.399760
2,28,-240.000000,-110.000000,17.338019
3,28,-235.000000,-110.000000,17.276278
4,28,-230.000000,-110.000000,17.212721
5,28,-225.000000,-110.000000,17.148021
6,28,-220.000000,-110.000000,17.083067
7,28,-215.000000,-110.000000,17.018033
8,28,-210.000000,-110.000000,16.952999
9,28,-205.000000,-110.000000,16.888303
10,28,-200.000000,-110.000000,16.830030
11,28,-195.000000,-110.000000,16.771995
12,28,-190.000000,-110.000000,16.714939
13,28,-185.000000,-110.000000,16.657883
14,28,-180.000000,-110.000000,16.600827
15,28,-175.000000,-110.000000,16.544350
16,28,-170.000000,-110.000000,16.488485
17,28,-165.000000,-110.000000,16.432812
18,28,-160.000000,-110.000000,16.377252
19,28,-155.000000,-110.000000,16.321691
20,28,-150.000000,-110.000000,16.266130
21,28,-145.000000,-110.000000,16.196635
22,28,-140.000000,-110.000000,16.125616
23,28,-135.000000,-110.000000,16.049794
24,28,-130.000000,-110.000000,15.973971
25,28,-125.000000,-110.000000,15.898149
26,28,-120.000000,-110.000000,15.812811
27,28,-115.000000,-110.000000,15.710420
28,28,-110.000000,-110.000000,15.602156
29,28,-105.000000,-110.000000,15.488100
30,28,-100.000000,-110.000000,15.374044
31,28,-95.000000,-110.000000,15.259988
32,28,-90.000000,-110.000000,15.127913
33,28,-85.000000,-110.000000,14.991167
34,28,-80.000000,-110.000000,14.842641
35,28,-75.000000,-110.000000,14.693356
36,28,-70.000000,-110.000000,14.544070
37,28,-65.000000,-110.000000,14.393180
38,28,-60.000000,-110.000000,14.236918
39,28,-55.000000,-110.000000,14.078861
40,28,-50.000000,-110.000000,13.917816
41,28,-45.000000,-110.000000,13.756771
42,28,-40.000000,-110.000000,13.595726
43,28,-35.000000,-110.000000,13.440860
44,28,-30.000000,-110.000000,13.289091
45,28,-25.000000,-110.000000,13.143672
46,28,-20.000000,-110.000000,12.999730
47,28,-15.000000,-110.000000,12.855787
48,28,-10.000000,-110.000000,12.713644
49,28,-5.000000,-110.000000,12.587333
50,28,0.000000,-110.000000,12.465535
51,28,5.000000,-110.000000,12.357463
52,28,10.000000,-110.000000,12.249391
53,28,15.000000,-110.000000,12.141319
54,28,20.000000,-110.000000,12.042280
55,28,25.000000,-110.000000,11.950993
56,28,30.000000,-110.000000,11.874268
57,28,35.000000,-110.000000,11.804288
58,28,40.000000,-110.000000,11.734307
59,28,45.000000,-110.000000,11.664326
60,28,50.000000,-110.000000,11.604633
61,28,55.000000,-110.000000,11.547189
62,28,60.000000,-110.000000,11.504301
63,28,65.000000,-110.000000,11.461413
64,28,70.000000,-110.000000,11.418525
65,28,75.000000,-110.000000,11.377254
66,28,80.000000,-110.000000,11.338309
67,28,85.000000,-110.000000,11.303633
68,28,90.000000,-110.000000,11.272374
69,28,95.000000,-110.000000,11.241115
70,28,100.000000,-110.000000,11.209857
71,28,105.000000,-110.000000,11.178510
72,28,110.000000,-110.000000,11.147147
73,28,115.000000,-110.000000,11.115530
74,28,120.000000,-110.000000,11.083909
75,28,125.000000,-110.000000,11.052289
76,28,130.000000,-110.000000,11.020269
77,28,135.000000,-110.000000,10.987229
78,28,140.000000,-110.000000,10.952238
79,28,145.000000,-110.000000,10.914634
80,28,150.000000,-110.000000,10.877030
81,28,155.000000,-110.000000,10.839426
82,28,160.000000,-110.000000,10.800911
83,28,165.000000,-110.000000,10.762037
84,28,170.000000,-110.000000,10.718378
85,28,175.000000,-110.000000,10.673962
86,28,180.000000,-110.000000,10.629547
87,28,185.000000,-110.000000,10.585015
88,28,190.000000,-110.000000,10.539848
89,28,195.000000,-110.000000,10.493246
90,28,200.000000,-110.000000,10.443286
91,28,205.000000,-110.000000,10.393326
92,28,210.000000,-110.000000,10.343366
93,28,215.000000,-110.000000,10.293216
94,28,220.000000,-110.000000,10.242933
95,28,225.000000,-110.000000,10.190088
96,28,230.000000,-110.000000,10.136320
97,28,235.000000,-110.000000,10.082552
98,28,240.000000,-110.000000,10.028783
99,28,245.000000,-110.000000,9.974941
100,28,250.000000,-110.000000,9.920740
0,29,-250.000000,-105.000000,17.464934
1,29,-245.000000,-105.000000,17.404142
2,29,-240.000000,-105.000000,17.343350
3,29,-235.000000,-105.000000,17.282559
4,29,-230.000000,-105.000000,17.220205
5,29,-225.000000,-105.000000,17.156869
6,29,-220.000000,-105.000000,17.093315
7,29,-215.000000,-105.000000,17.029691
8,29,-210.000000,-105.000000,16.966067
9,29,-205.000000,-105.000000,16.902794
10,29,-200.000000,-105.000000,16.846154
11,29,-195.000000,-105.000000,16.789761
12,29,-190.000000,-105.000000,16.734379
13,29,-185.000000,-105.000000,16.678997
14,29,-180.000000,-105.000000,16.623615
15,29,-175.000000,-105.000000,16.568762
16,29,-170.000000,-105.000000,16.514469
17,29,-165.000000,-105.000000,16.460351
18,29,-160.000000,-105.000000,16.406336
19,29,-155.000000,-105.000000,16.352321
20,29,-150.000000,-105.000000,16.298306
21,29,-145.000000,-105.000000,16.230004
22,29,-140.000000,-105.000000,16.160139
23,29,-135.000000,-105.000000,16.085349
24,29,-130.000000,-105.000000,16.010558
25,29,-125.000000,-105.000000,15.935768
26,29,-120.000000,-105.000000,15.851302
27,29,-115.000000,-105.000000,15.749493
28,29,-110.000000,-105.000000,15.641713
29,29,-105.000000,-105.000000,15.528043
30,29,-100.000000,-105.000000,15.414373
31,29,-95.000000,-105.000000,15.300703
32,29,-90.000000,-105.000000,15.168777
33,29,-85.000000,-105.000000,15.032118
34,29,-80.000000,-105.000000,14.883524
35,29,-75.000000,-105.000000,14.734161
36,29,-70.000000,-105.000000,14.584798
37,29,-65.000000,-105.000000,14.433808
38,29,-60.000000,-105.000000,14.277375
39,29,-55.000000,-105.000000,14.119123
40,29,-50.000000,-105.000000,13.957843
41,29,-45.000000,-105.000000,13.796562
42,29,-40.000000,-105.000000,13.635282
43,29,-35.000000,-105.000000,13.480186
44,29,-30.000000,-105.000000,13.328190
45,29,-25.000000,-105.000000,13.182550
46,29,-20.000000,-105.000000,13.038387
47,29,-15.000000,-105.000000,12.894223
48,29,-10.000000,-105.000000,12.751859
49,29,-5.000000,-105.000000,12.625312
50,29,0.000000,-105.000000,12.503274
51,29,5.000000,-105.000000,12.394950
52,29,10.000000,-105.000000,12.286627
53,29,15.000000,-105.000000,12.178303
54,29,20.000000,-105.000000,12.078970
55,29,25.000000,-105.000000,11.987355
56,29,30.000000,-105.000000,11.910234
57,29,35.000000,-105.000000,11.839825
58,29,40.000000,-105.000000,11.769417
59,29,45.000000,-105.000000,11.699008
60,29,50.000000,-105.000000,11.638793
61,29,55.000000,-105.000000,11.580805
62,29,60.000000,-105.000000,11.537239
63,29,65.000000,-105.000000,11.493673
64,29,70.000000,-105.000000,11.450107
65,29,75.000000,-105.000000,11.408131
66,29,80.000000,-105.000000,11.368443
67,29,85.000000,-105.000000,11.332957
68,29,90.000000,-105.000000,11.300832
69,29,95.000000,-105.000000,11.268707
70,29,100.000000,-105.000000,11.236583
71,29,105.000000,-105.000000,11.204358
72,29,110.000000,-105.000000,11.172116
73,29,115.000000,-105.000000,11.139584
74,29,120.000000,-105.000000,11.107050
75,29,125.000000,-105.000000,11.074516
76,29,130.000000,-105.000000,11.041586
77,29,135.000000,-105.000000,11.007646
78,29,140.000000,-105.000000,10.971776
79,29,145.000000,-105.000000,10.933320
80,29,150.000000,-105.000000,10.894863
81,29,155.000000,-105.000000,10.856407
82,29,160.000000,-105.000000,10.817050
83,29,165.000000,-105.000000,10.777339
84,29,170.000000,-105.000000,10.732902
85,29,175.000000,-105.000000,10.687718
86,29,180.000000,-105.000000,10.642534
87,29,185.000000,-105.000000,10.597235
88,29,190.000000,-105.000000,10.551305
89,29,195.000000,-105.000000,10.503954
90,29,200.000000,-105.000000,10.453274
91,29,205.000000,-105.000000,10.402595
92,29,210.000000,-105.000000,10.351915
93,29,215.000000,-105.000000,10.301046
94,29,220.000000,-105.000000,10.250046
95,29,225.000000,-105.000000,10.196501
96,29,230.000000,-105.000000,10.142040
97,29,235.000000,-105.000000,10.087579
98,29,240.000000,-105.000000,10.033116
99,29,245.000000,-105.000000,9.978583
100,29,250.000000,-105.000000,9.923700
0,30,-250.000000,-100.000000,17.452243
1,30,-245.000000,-100.000000,17.392374
2,30,-240.000000,-100.000000,17.332506
3,30,-235.000000,-100.000000,17.272638
4,30,-230.000000,-100.000000,17.211326
5,30,-225.000000,-100.000000,17.149108
6,30,-220.000000,-100.000000,17.086689
7,30,-215.000000,-100.000000,17.024205
8,30,-210.000000,-100.000000,16.961721
9,30,-205.000000,-100.000000,16.899587
10,30,-200.000000,-100.000000,16.844093
11,30,-195.000000,-100.000000,16.788845
12,30,-190.000000,-100.000000,16.734609
13,30,-185.000000,-100.000000,16.680374
14,30,-180.000000,-100.000000,16.626138
15,30,-175.000000,-100.000000,16.572381
16,30,-170.000000,-100.000000,16.519131
17,30,-165.000000,-100.000000,16.466040
18,30,-160.000000,-100.000000,16.413042
19,30,-155.000000,-100.000000,16.360044
20,30,-150.000000,-100.000000,16.307045
21,30,-145.000000,-100.000000,16.239690
22,30,-140.000000,-100.000000,16.170765
23,30,-135.000000,-100.000000,16.096890
24,30,-130.000000,-100.000000,16.023015
25,30,-125.000000,-100.000000,15.949140
26,30,-120.000000,-100.000000,15.865597
27,30,-115.000000,-100.000000,15.764727
28,30,-110.000000,-100.000000,15.657889
29,30,-105.000000,-100.000000,15.545167
30,30,-100.000000,-100.000000,15.432445
31,30,-95.000000,-100.000000,15.319722
32,30,-90.000000,-100.000000,15.188806
33,30,-85.000000,-100.000000,15.053172
34,30,-80.000000,-100.000000,14.905643
35,30,-75.000000,-100.000000,14.757348
36,30,-70.000000,-100.000000,14.609053
37,30,-65.000000,-100.000000,14.459137
38,30,-60.000000,-100.000000,14.303799
39,30,-55.000000,-100.000000,14.146647
40,30,-50.000000,-100.000000,13.986479
41,30,-45.000000,-100.000000,13.826310
42,30,-40.000000,-100.000000,13.666142
43,30,-35.000000,-100.000000,13.512085
44,30,-30.000000,-100.000000,13.361092
45,30,-25.000000,-100.000000,13.216380
46,30,-20.000000,-100.000000,13.073127
47,30,-15.000000,-100.000000,12.929875
48,30,-10.000000,-100.000000,12.788396
49,30,-5.000000,-100.000000,12.662517
50,30,0.000000,-100.000000,12.541086
51,30,5.000000,-100.000000,12.433179
52,30,10.000000,-100.000000,12.325273
53,30,15.000000,-100.000000,12.217366
54,30,20.000000,-100.000000,12.118295
55,30,25.000000,-100.000000,12.026809
56,30,30.000000,-100.000000,11.949567
57,30,35.000000,-100.000000,11.878922
58,30,40.000000,-100.000000,11.808277
59,30,45.000000,-100.000000,11.737632
60,30,50.000000,-100.000000,11.676963
61,30,55.000000,-100.000000,11.618474
62,30,60.000000,-100.000000,11.574100
63,30,65.000000,-100.000000,11.529726
64,30,70.000000,-100.000000,11.485353
65,30,75.000000,-100.000000,11.442528
66,30,80.000000,-100.000000,11.401932
67,30,85.000000,-100.000000,11.365427
68,30,90.000000,-100.000000,11.332196
69,30,95.000000,-100.000000,11.298966
70,30,100.000000,-100.000000,11.265736
71,30,105.000000,-100.000000,11.232403
72,30,110.000000,-100.000000,11.199053
73,30,115.000000,-100.000000,11.165407
74,30,120.000000,-100.000000,11.131759
75,30,125.000000,-100.000000,11.098111
76,30,130.000000,-100.000000,11.064076
77,30,135.000000,-100.000000,11.029057
78,30,140.000000,-100.000000,10.992156
79,30,145.000000,-100.000000,10.952731
80,30,150.000000,-100.000000,10.913307
81,30,155.000000,-100.000000,10.873882
82,30,160.000000,-100.000000,10.833575
83,30,165.000000,-100.000000,10.792922
84,30,170.000000,-100.000000,10.747639
85,30,175.000000,-100.000000,10.701623
86,30,180.000000,-100.000000,10.655607
87,30,185.000000,-100.000000,10.609478
88,30,190.000000,-100.000000,10.562724
89,30,195.000000,-100.000000,10.514560
90,30,200.000000,-100.000000,10.463099
91,30,205.000000,-100.000000,10.411638
92,30,210.000000,-100.000000,10.360177
93,30,215.000000,-100.000000,10.308527
94,30,220.000000,-100.000000,10.256745
95,30,225.000000,-100.000000,10.202420
96,30,230.000000,-100.000000,10.147179
97,30,235.000000,-100.000000,10.091938
98,30,240.000000,-100.000000,10.036695
99,30,245.000000,-100.000000,9.981384
100,30,250.000000,-100.000000,9.925731
0,31,-250.000000,-95.000000,17.435070
1,31,-245.000000,-95.000000,17.376118
2,31,-240.000000,-95.000000,17.317166
3,31,-235.000000,-95.000000,17.258214
4,31,-230.000000,-95.000000,17.197901
5,31,-225.000000,-95.000000,17.136733
6,31,-220.000000,-95.000000,17.075374
7,31,-215.000000,-95.000000,17.013954
8,31,-210.000000,-95.000000,16.952535
9,31,-205.000000,-95.000000,16.891463
10,31,-200.000000,-95.000000,16.836979
11,31,-195.000000,-95.000000,16.782738
12,31,-190.000000,-95.000000,16.729502
13,31,-185.000000,-95.000000,16.676266
14,31,-180.000000,-95.000000,16.623030
15,31,-175.000000,-95.000000,16.570222
16,31,-170.000000,-95.000000,16.517869
17,31,-165.000000,-95.000000,16.465657
18,31,-160.000000,-95.000000,16.413529
19,31,-155.000000,-95.000000,16.361400
20,31,-150.000000,-95.000000,16.309272
21,31,-145.000000,-95.000000,16.242796
22,31,-140.000000,-95.000000,16.174750
23,31,-135.000000,-95.000000,16.101758
24,31,-130.000000,-95.000000,16.028766
25,31,-125.000000,-95.000000,15.955775
26,31,-120.000000,-95.000000,15.873170
27,31,-115.000000,-95.000000,15.773336
28,31,-110.000000,-95.000000,15.667569
29,31,-105.000000,-95.000000,15.555950
30,31,-100.000000,-95.000000,15.444331
31,31,-95.000000,-95.000000,15.332713
32,31,-90.000000,-95.000000,15.203044
33,31,-85.000000,-95.000000,15.068697
34,31,-80.000000,-95.000000,14.922548
35,31,-75.000000,-95.000000,14.775640
36,31,-70.000000,-95.000000,14.628731
37,31,-65.000000,-95.000000,14.480215
38,31,-60.000000,-95.000000,14.326322
39,31,-55.000000,-95.000000,14.170631
40,31,-50.000000,-95.000000,14.011949
41,31,-45.000000,-95.000000,13.853267
42,31,-40.000000,-95.000000,13.694585
43,31,-35.000000,-95.000000,13.541920
44,31,-30.000000,-95.000000,13.392271
45,31,-25.000000,-95.000000,13.248807
46,31,-20.000000,-95.000000,13.106779
47,31,-15.000000,-95.000000,12.964752
48,31,-10.000000,-95.000000,12.824468
49,31,-5.000000,-95.000000,12.699508
50,31,0.000000,-95.000000,12.578917
51,31,5.000000,-95.000000,12.471614
52,31,10.000000,-95.000000,12.364310
53,31,15.000000,-95.000000,12.257007
54,31,20.000000,-95.000000,12.158352
55,31,25.000000,-95.000000,12.067123
56,31,30.000000,-95.000000,11.989836
57,31,35.000000,-95.000000,11.919007
58,31,40.000000,-95.000000,11.848179
59,31,45.000000,-95.000000,11.777350
60,31,50.000000,-95.000000,11.716247
61,31,55.000000,-95.000000,11.657269
62,31,60.000000,-95.000000,11.612052
63,31,65.000000,-95.000000,11.566835
64,31,70.000000,-95.000000,11.521617
65,31,75.000000,-95.000000,11.477903
66,31,80.000000,-95.000000,11.436352
67,31,85.000000,-95.000000,11.398771
68,31,90.000000,-95.000000,11.364368
69,31,95.000000,-95.000000,11.329966
70,31,100.000000,-95.000000,11.295563
71,31,105.000000,-95.000000,11.261059
72,31,110.000000,-95.000000,11.226537
73,31,115.000000,-95.000000,11.191721
74,31,120.000000,-95.000000,11.156904
75,31,125.000000,-95.000000,11.122086
76,31,130.000000,-95.000000,11.086893
77,31,135.000000,-95.000000,11.050745
78,31,140.000000,-95.000000,11.012769
79,31,145.000000,-95.000000,10.972344
80,31,150.000000,-95.000000,10.931920
81,31,155.000000,-95.000000,10.891495
82,31,160.000000,-95.000000,10.850209
83,31,165.000000,-95.000000,10.808583
84,31,170.000000,-95.000000,10.762434
85,31,175.000000,-95.000000,10.715570
86,31,180.000000,-95.000000,10.668705
87,31,185.000000,-95.000000,10.621728
88,31,190.000000,-95.000000,10.574132
89,31,195.000000,-95.000000,10.525139
90,31,200.000000,-95.000000,10.472879
91,31,205.000000,-95.000000,10.420619
92,31,210.000000,-95.000000,10.368359
93,31,215.000000,-95.000000,10.315910
94,31,220.000000,-95.000000,10.263329
95,31,225.000000,-95.000000,10.208201
96,31,230.000000,-95.000000,10.152156
97,31,235.000000,-95.000000,10.096112
98,31,240.000000,-95.000000,10.040065
99,31,245.000000,-95.000000,9.983952
100,31,250.000000,-95.000000,9.927504
0,32,-250.000000,-90.000000,17.413499
1,32,-245.000000,-90.000000,17.355456
2,32,-240.000000,-90.000000,17.297413
3,32,-235.000000,-90.000000,17.239371
4,32,-230.000000,-90.000000,17.180012
5,32,-225.000000,-90.000000,17.119826
6,32,-220.000000,-90.000000,17.059455
7,32,-215.000000,-90.000000,16.999026
8,32,-210.000000,-90.000000,16.938598
9,32,-205.000000,-90.000000,16.878511
10,32,-200.000000,-90.000000,16.824903
11,32,-195.000000,-90.000000,16.771534
12,32,-190.000000,-90.000000,16.719154
13,32,-185.000000,-90.000000,16.666773
14,32,-180.000000,-90.000000,16.614392
15,32,-175.000000,-90.000000,16.562390
16,32,-170.000000,-90.000000,16.510789
17,32,-165.000000,-90.000000,16.459312
18,32,-160.000000,-90.000000,16.407910
19,32,-155.000000,-90.000000,16.356507
20,32,-150.000000,-90.000000,16.305104
21,32,-145.000000,-90.000000,16.239440
22,32,-140.000000,-90.000000,16.172216
23,32,-135.000000,-90.000000,16.100075
24,32,-130.000000,-90.000000,16.027934
25,32,-125.000000,-90.000000,15.955793
26,32,-120.000000,-90.000000,15.874141
27,32,-115.000000,-90.000000,15.775440
28,32,-110.000000,-90.000000,15.670868
29,32,-105.000000,-90.000000,15.560507
30,32,-100.000000,-90.000000,15.450145
31,32,-95.000000,-90.000000,15.339784
32,32,-90.000000,-90.000000,15.211599
33,32,-85.000000,-90.000000,15.078793
34,32,-80.000000,-90.000000,14.934334
35,32,-75.000000,-90.000000,14.789124
36,32,-70.000000,-90.000000,14.643915
37,32,-65.000000,-90.000000,14.497119
38,32,-60.000000,-90.000000,14.345017
39,32,-55.000000,-90.000000,14.191140
40,32,-50.000000,-90.000000,14.034312
41,32,-45.000000,-90.000000,13.877484
42,32,-40.000000,-90.000000,13.720655
43,32,-35.000000,-90.000000,13.569729
44,32,-30.000000,-90.000000,13.421760
45,32,-25.000000,-90.000000,13.279857
46,32,-20.000000,-90.000000,13.139363
47,32,-15.000000,-90.000000,12.998869
48,32,-10.000000,-90.000000,12.860081
49,32,-5.000000,-90.000000,12.736287
50,32,0.000000,-90.000000,12.616768
51,32,5.000000,-90.000000,12.510250
52,32,10.000000,-90.000000,12.403732
53,32,15.000000,-90.000000,12.297214
54,32,20.000000,-90.000000,12.199128
55,32,25.000000,-90.000000,12.108280
56,32,30.000000,-90.000000,12.031024
57,32,35.000000,-90.000000,11.960064
58,32,40.000000,-90.000000,11.889104
59,32,45.000000,-90.000000,11.818144
60,32,50.000000,-90.000000,11.756626
61,32,55.000000,-90.000000,11.697170
62,32,60.000000,-90.000000,11.651074
63,32,65.000000,-90.000000,11.604978
64,32,70.000000,-90.000000,11.558882
65,32,75.000000,-90.000000,11.514239
66,32,80.000000,-90.000000,11.471687
67,32,85.000000,-90.000000,11.432974
68,32,90.000000,-90.000000,11.397334
69,32,95.000000,-90.000000,11.361693
70,32,100.000000,-90.000000,11.326053
71,32,105.000000,-90.000000,11.290314
72,32,110.000000,-90.000000,11.254558
73,32,115.000000,-90.000000,11.218518
74,32,120.000000,-90.000000,11.182476
75,32,125.000000,-90.000000,11.146434
76,32,130.000000,-90.000000,11.110030
77,32,135.000000,-90.000000,11.072703
78,32,140.000000,-90.000000,11.033611
79,32,145.000000,-90.000000,10.992155
80,32,150.000000,-90.000000,10.950699
81,32,155.000000,-90.000000,10.909243
82,32,160.000000,-90.000000,10.866947
83,32,165.000000,-90.000000,10.824321
84,32,170.000000,-90.000000,10.777288
85,32,175.000000,-90.000000,10.729557
86,32,180.000000,-90.000000,10.681826
87,32,185.000000,-90.000000,10.633984
88,32,190.000000,-90.000000,10.585529
89,32,195.000000,-90.000000,10.535690
90,32,200.000000,-90.000000,10.482614
91,32,205.000000,-90.000000,10.429539
92,32,210.000000,-90.000000,10.376463
93,32,215.000000,-90.000000,10.323197
94,32,220.000000,-90.000000,10.269800
95,32,225.000000,-90.000000,10.213847
96,32,230.000000,-90.000000,10.156976
97,32,235.000000,-90.000000,10.100104
98,32,240.000000,-90.000000,10.043230
99,32,245.000000,-90.000000,9.986291
100,32,250.000000,-90.000000,9.929023
0,33,-250.000000,-85.000000,17.391927
1,33,-245.000000,-85.000000,17.334794
2,33,-240.000000,-85.000000,17.277660
3,33,-235.000000,-85.000000,17.220527
4,33,-230.000000,-85.000000,17.162122
5,33,-225.000000,-85.000000,17.102918
6,33,-220.000000,-85.000000,17.043537
7,33,-215.000000,-85.000000,16.984098
8,33,-210.000000,-85.000000,16.924660
9,33,-205.000000,-85.000000,16.865558
10,33,-200.000000,-85.000000,16.812826
11,33,-195.000000,-85.000000,16.760330
12,33,-190.000000,-85.000000,16.708805
13,33,-185.000000,-85.000000,16.657280
14,33,-180.000000,-85.000000,16.605755
15,33,-175.000000,-85.000000,16.554559
16,33,-170.000000,-85.000000,16.503709
17,33,-165.000000,-85.000000,16.452968
18,33,-160.000000,-85.000000,16.402291
19,33,-155.000000,-85.000000,16.351613
20,33,-150.000000,-85.000000,16.300936
21,33,-145.000000,-85.000000,16.236084
22,33,-140.000000,-85.000000,16.169681
23,33,-135.000000,-85.000000,16.098391
24,33,-130.000000,-85.000000,16.027102
25,33,-125.000000,-85.000000,15.955812
26,33,-120.000000,-85.000000,15.875112
27,33,-115.000000,-85.000000,15.777544
28,33,-110.000000,-85.000000,15.674168
29,33,-105.000000,-85.000000,15.565064
30,33,-100.000000,-85.000000,15.455959
31,33,-95.000000,-85.000000,15.346855
32,33,-90.000000,-85.000000,15.220153
33,33,-85.000000,-85.000000,15.088888
34,33,-80.000000,-85.000000,14.946119
35,33,-75.000000,-85.000000,14.802609
36,33,-70.000000,-85.000000,14.659098
37,33,-65.000000,-85.000000,14.514022
38,33,-60.000000,-85.000000,14.363711
39,33,-55.000000,-85.000000,14.211649
40,33,-50.000000,-85.000000,14.056675
41,33,-45.000000,-85.000000,13.901700
42,33,-40.000000,-85.000000,13.746726
43,33,-35.000000,-85.000000,13.597537
44,33,-30.000000,-85.000000,13.451248
45,33,-25.000000,-85.000000,13.310907
46,33,-20.000000,-85.000000,13.171947
47,33,-15.000000,-85.000000,13.032987
48,33,-10.000000,-85.000000,12.895695
49,33,-5.000000,-85.000000,12.773067
50,33,0.000000,-85.000000,12.654620
51,33,5.000000,-85.000000,12.548887
52,33,10.000000,-85.000000,12.443154
53,33,15.000000,-85.000000,12.337422
54,33,20.000000,-85.000000,12.239904
55,33,25.000000,-85.000000,12.149437
56,33,30.000000,-85.000000,12.072212
57,33,35.000000,-85.000000,12.001120
58,33,40.000000,-85.000000,11.930029
59,33,45.000000,-85.000000,11.858938
60,33,50.000000,-85.000000,11.797004
61,33,55.000000,-85.000000,11.737071
62,33,60.000000,-85.000000,11.690096
63,33,65.000000,-85.000000,11.643121
64,33,70.000000,-85.000000,11.596146
65,33,75.000000,-85.000000,11.550575
66,33,80.000000,-85.000000,11.507022
67,33,85.000000,-85.000000,11.467177
68,33,90.000000,-85.000000,11.430299
69,33,95.000000,-85.000000,11.393420
70,33,100.000000,-85.000000,11.356542
71,33,105.000000,-85.000000,11.319569
72,33,110.000000,-85.000000,11.282579
73,33,115.000000,-85.000000,11.245315
74,33,120.000000,-85.000000,11.208049
75,33,125.000000,-85.000000,11.170783
76,33,130.000000,-85.000000,11.133167
77,33,135.000000,-85.000000,11.094662
78,33,140.000000,-85.000000,11.054454
79,33,145.000000,-85.000000,11.011967
80,33,150.000000,-85.000000,10.969479
81,33,155.000000,-85.000000,10.926991
82,33,160.000000,-85.000000,10.883686
83,33,165.000000,-85.000000,10.840059
84,33,170.000000,-85.000000,10.792141
85,33,175.000000,-85.000000,10.743545
86,33,180.000000,-85.000000,10.694948
87,33,185.000000,-85.000000,10.646240
88,33,190.000000,-85.000000,10.596926
89,33,195.000000,-85.000000,10.546241
90,33,200.000000,-85.000000,10.492349
91,33,205.000000,-85.000000,10.438458
92,33,210.000000,-85.000000,10.384567
93,33,215.000000,-85.000000,10.330485
94,33,220.000000,-85.000000,10.276271
95,33,225.000000,-85.000000,10.219494
96,33,230.000000,-85.000000,10.161795
97,33,235.000000,-85.000000,10.104096
98,33,240.000000,-85.000000,10.046395
99,33,245.000000,-85.000000,9.988630
100,33,250.000000,-85.000000,9.930542
0,34,-250.000000,-80.000000,17.369358
1,34,-245.000000,-80.000000,17.313116
2,34,-240.000000,-80.000000,17.256874
3,34,-235.000000,-80.000000,17.200632
4,34,-230.000000,-80.000000,17.143154
5,34,-225.000000,-80.000000,17.084900
6,34,-220.000000,-80.000000,17.026472
7,34,-215.000000,-80.000000,16.967990
8,34,-210.000000,-80.000000,16.909507
9,34,-205.000000,-80.000000,16.851355
10,34,-200.000000,-80.000000,16.799453
11,34,-195.000000,-80.000000,16.747783
12,34,-190.000000,-80.000000,16.697066
13,34,-185.000000,-80.000000,16.646348
14,34,-180.000000,-80.000000,16.595631
15,34,-175.000000,-80.000000,16.545194
16,34,-170.000000,-80.000000,16.495053
17,34,-165.000000,-80.000000,16.445006
18,34,-160.000000,-80.000000,16.395012
19,34,-155.000000,-80.000000,16.345019
20,34,-150.000000,-80.000000,16.295026
21,34,-145.000000,-80.000000,16.230968
22,34,-140.000000,-80.000000,16.165372
23,34,-135.000000,-80.000000,16.094927
24,34,-130.000000,-80.000000,16.024483
25,34,-125.000000,-80.000000,15.954038
26,34,-120.000000,-80.000000,15.874297
27,34,-115.000000,-80.000000,15.777893
28,34,-110.000000,-80.000000,15.675753
29,34,-105.000000,-80.000000,15.567953
30,34,-100.000000,-80.000000,15.460154
31,34,-95.000000,-80.000000,15.352354
32,34,-90.000000,-80.000000,15.227208
33,34,-85.000000,-80.000000,15.097564
34,34,-80.000000,-80.000000,14.956580
35,34,-75.000000,-80.000000,14.814865
36,34,-70.000000,-80.000000,14.673150
37,34,-65.000000,-80.000000,14.529894
38,34,-60.000000,-80.000000,14.381483
39,34,-55.000000,-80.000000,14.231348
40,34,-50.000000,-80.000000,14.078346
41,34,-45.000000,-80.000000,13.925343
42,34,-40.000000,-80.000000,13.772340
43,34,-35.000000,-80.000000,13.625002
44,34,-30.000000,-80.000000,13.480504
45,34,-25.000000,-80.000000,13.341829
46,34,-20.000000,-80.000000,13.204506
47,34,-15.000000,-80.000000,13.067184
48,34,-10.000000,-80.000000,12.931489
49,34,-5.000000,-80.000000,12.810111
50,34,0.000000,-80.000000,12.692813
51,34,5.000000,-80.000000,12.587928
52,34,10.000000,-80.000000,12.483043
53,34,15.000000,-80.000000,12.378158
54,34,20.000000,-80.000000,12.281258
55,34,25.000000,-80.000000,12.191212
56,34,30.000000,-80.000000,12.114039
57,34,35.000000,-80.000000,12.042828
58,34,40.000000,-80.000000,11.971618
59,34,45.000000,-80.000000,11.900407
60,34,50.000000,-80.000000,11.838056
61,34,55.000000,-80.000000,11.777641
62,34,60.000000,-80.000000,11.729763
63,34,65.000000,-80.000000,11.681884
64,34,70.000000,-80.000000,11.634005
65,34,75.000000,-80.000000,11.587478
66,34,80.000000,-80.000000,11.542896
67,34,85.000000,-80.000000,11.501885
68,34,90.000000,-80.000000,11.463731
69,34,95.000000,-80.000000,11.425577
70,34,100.000000,-80.000000,11.387423
71,34,105.000000,-80.000000,11.349180
72,34,110.000000,-80.000000,11.310920
73,34,115.000000,-80.000000,11.272401
74,34,120.000000,-80.000000,11.233879
75,34,125.000000,-80.000000,11.195357
76,34,130.000000,-80.000000,11.156500
77,34,135.000000,-80.000000,11.116788
78,34,140.000000,-80.000000,11.075441
79,34,145.000000,-80.000000,11.031904
80,34,150.000000,-80.000000,10.988367
81,34,155.000000,-80.000000,10.944830
82,34,160.000000,-80.000000,10.900499
83,34,165.000000,-80.000000,10.855855
84,34,170.000000,-80.000000,10.807042
85,34,175.000000,-80.000000,10.757570
86,34,180.000000,-80.000000,10.708097
87,34,185.000000,-80.000000,10.658515
88,34,190.000000,-80.000000,10.608332
89,34,195.000000,-80.000000,10.556791
90,34,200.000000,-80.000000,10.502074
91,34,205.000000,-80.000000,10.447358
92,34,210.000000,-80.000000,10.392641
93,34,215.000000,-80.000000,10.337733
94,34,220.000000,-80.000000,10.282692
95,34,225.000000,-80.000000,10.225077
96,34,230.000000,-80.000000,10.166537
97,34,235.000000,-80.000000,10.107996
98,34,240.000000,-80.000000,10.049453
99,34,245.000000,-80.000000,9.990848
100,34,250.000000,-80.000000,9.931927
0,35,-250.000000,-75.000000,17.338560
1,35,-245.000000,-75.000000,17.283061
2,35,-240.000000,-75.000000,17.227562
3,35,-235.000000,-75.000000,17.172063
4,35,-230.000000,-75.000000,17.115287
5,35,-225.000000,-75.000000,17.057708
6,35,-220.000000,-75.000000,16.999951
7,35,-215.000000,-75.000000,16.942137
8,35,-210.000000,-75.000000,16.884324
9,35,-205.000000,-75.000000,16.826829
10,35,-200.000000,-75.000000,16.775378
11,35,-195.000000,-75.000000,16.724151
12,35,-190.000000,-75.000000,16.673845
13,35,-185.000000,-75.000000,16.623540
14,35,-180.000000,-75.000000,16.573234
15,35,-175.000000,-75.000000,16.523182
16,35,-170.000000,-75.000000,16.473397
17,35,-165.000000,-75.000000,16.423696
18,35,-160.000000,-75.000000,16.374045
19,35,-155.000000,-75.000000,16.324393
20,35,-150.000000,-75.000000,16.274741
21,35,-145.000000,-75.000000,16.211335
22,35,-140.000000,-75.000000,16.146424
23,35,-135.000000,-75.000000,16.076771
24,35,-130.000000,-75.000000,16.007119
25,35,-125.000000,-75.000000,15.937466
26,35,-120.000000,-75.000000,15.858743
27,35,-115.000000,-75.000000,15.763762
28,35,-110.000000,-75.000000,15.663183
29,35,-105.000000,-75.000000,15.557082
30,35,-100.000000,-75.000000,15.450981
31,35,-95.000000,-75.000000,15.344881
32,35,-90.000000,-75.000000,15.221891
33,35,-85.000000,-75.000000,15.094522
34,35,-80.000000,-75.000000,14.956112
35,35,-75.000000,-75.000000,14.816990
36,35,-70.000000,-75.000000,14.677868
37,35,-65.000000,-75.000000,14.537253
38,35,-60.000000,-75.000000,14.391644
39,35,-55.000000,-75.000000,14.244365
40,35,-50.000000,-75.000000,14.094307
41,35,-45.000000,-75.000000,13.944250
42,35,-40.000000,-75.000000,13.794192
43,35,-35.000000,-75.000000,13.649636
44,35,-30.000000,-75.000000,13.507838
45,35,-25.000000,-75.000000,13.371695
46,35,-20.000000,-75.000000,13.236866
47,35,-15.000000,-75.000000,13.102037
48,35,-10.000000,-75.000000,12.968779
49,35,-5.000000,-75.000000,12.849336
50,35,0.000000,-75.000000,12.733832
51,35,5.000000,-75.000000,12.630305
52,35,10.000000,-75.000000,12.526779
53,35,15.000000,-75.000000,12.423253
54,35,20.000000,-75.000000,12.327385
55,35,25.000000,-75.000000,12.238091
56,35,30.000000,-75.000000,12.161143
57,35,35.000000,-75.000000,12.089913
58,35,40.000000,-75.000000,12.018683
59,35,45.000000,-75.000000,11.947453
60,35,50.000000,-75.000000,11.884670
61,35,55.000000,-75.000000,11.823732
62,35,60.000000,-75.000000,11.774745
63,35,65.000000,-75.000000,11.725758
64,35,70.000000,-75.000000,11.676771
65,35,75.000000,-75.000000,11.629069
66,35,80.000000,-75.000000,11.583217
67,35,85.000000,-75.000000,11.540758
68,35,90.000000,-75.000000,11.501017
69,35,95.000000,-75.000000,11.461276
70,35,100.000000,-75.000000,11.421534
71,35,105.000000,-75.000000,11.381722
72,35,110.000000,-75.000000,11.341896
73,35,115.000000,-75.000000,11.301864
74,35,120.000000,-75.000000,11.261831
75,35,125.000000,-75.000000,11.221797
76,35,130.000000,-75.000000,11.181449
77,35,135.000000,-75.000000,11.140300
78,35,140.000000,-75.000000,11.097619
79,35,145.000000,-75.000000,11.052885
80,35,150.000000,-75.000000,11.008151
81,35,155.000000,-75.000000,10.963418
82,35,160.000000,-75.000000,10.917922
83,35,165.000000,-75.000000,10.872127
84,35,170.000000,-75.000000,10.822332
85,35,175.000000,-75.000000,10.771906
86,35,180.000000,-75.000000,10.721479
87,35,185.000000,-75.000000,10.670944
88,35,190.000000,-75.000000,10.619813
89,35,195.000000,-75.000000,10.567337
90,35,200.000000,-75.000000,10.511715
91,35,205.000000,-75.000000,10.456092
92,35,210.000000,-75.000000,10.400470
93,35,215.000000,-75.000000,10.344654
94,35,220.000000,-75.000000,10.288703
95,35,225.000000,-75.000000,10.230142
96,35,230.000000,-75.000000,10.170642
97,35,235.000000,-75.000000,10.111141
98,35,240.000000,-75.000000,10.051639
99,35,245.000000,-75.000000,9.992075
100,35,250.000000,-75.000000,9.932198
0,36,-250.000000,-70.000000,17.305671
1,36,-245.000000,-70.000000,17.250877
2,36,-240.000000,-70.000000,17.196084
3,36,-235.000000,-70.000000,17.141290
4,36,-230.000000,-70.000000,17.085159
5,36,-225.000000,-70.000000,17.028188
6,36,-220.000000,-70.000000,16.971029
7,36,-215.000000,-70.000000,16.913811
8,36,-210.000000,-70.000000,16.856593
9,36,-205.000000,-70.000000,16.799681
10,36,-200.000000,-70.000000,16.748585
11,36,-195.000000,-70.000000,16.697704
12,36,-190.000000,-70.000000,16.647710
13,36,-185.000000,-70.000000,16.597716
14,36,-180.000000,-70.000000,16.547722
15,36,-175.000000,-70.000000,16.497959
16,36,-170.000000,-70.000000,16.448440
17,36,-165.000000,-70.000000,16.398998
18,36,-160.000000,-70.000000,16.349600
19,36,-155.000000,-70.000000,16.300203
20,36,-150.000000,-70.000000,16.250806
21,36,-145.000000,-70.000000,16.188015
22,36,-140.000000,-70.000000,16.123758
23,36,-135.000000,-70.000000,16.054885
24,36,-130.000000,-70.000000,15.986011
25,36,-125.000000,-70.000000,15.917137
26,36,-120.000000,-70.000000,15.839447
27,36,-115.000000,-70.000000,15.745954
28,36,-110.000000,-70.000000,15.647019
29,36,-105.000000,-70.000000,15.542717
30,36,-100.000000,-70.000000,15.438415
31,36,-95.000000,-70.000000,15.334113
32,36,-90.000000,-70.000000,15.213432
33,36,-85.000000,-70.000000,15.088504
34,36,-80.000000,-70.000000,14.952867
35,36,-75.000000,-70.000000,14.816541
36,36,-70.000000,-70.000000,14.680215
37,36,-65.000000,-70.000000,14.542450
38,36,-60.000000,-70.000000,14.399871
39,36,-55.000000,-70.000000,14.255684
40,36,-50.000000,-70.000000,14.108819
41,36,-45.000000,-70.000000,13.961954
42,36,-40.000000,-70.000000,13.815089
43,36,-35.000000,-70.000000,13.673551
44,36,-30.000000,-70.000000,13.534684
45,36,-25.000000,-70.000000,13.401294
46,36,-20.000000,-70.000000,13.269175
47,36,-15.000000,-70.000000,13.137057
48,36,-10.000000,-70.000000,13.006448
49,36,-5.000000,-70.000000,12.889115
50,36,0.000000,-70.000000,12.775567
51,36,5.000000,-70.000000,12.673530
52,36,10.000000,-70.000000,12.571493
53,36,15.000000,-70.000000,12.469455
54,36,20.000000,-70.000000,12.374725
55,36,25.000000,-70.000000,12.286266
56,36,30.000000,-70.000000,12.209587
57,36,35.000000,-70.000000,12.138363
58,36,40.000000,-70.000000,12.067139
59,36,45.000000,-70.000000,11.995915
60,36,50.000000,-70.000000,11.932695
61,36,55.000000,-70.000000,11.871224
62,36,60.000000,-70.000000,11.821077
63,36,65.000000,-70.000000,11.770930
64,36,70.000000,-70.000000,11.720783
65,36,75.000000,-70.000000,11.671851
66,36,80.000000,-70.000000,11.624666
67,36,85.000000,-70.000000,11.580690
68,36,90.000000,-70.000000,11.539282
69,36,95.000000,-70.000000,11.497874
70,36,100.000000,-70.000000,11.456466
71,36,105.000000,-70.000000,11.415008
72,36,110.000000,-70.000000,11.373542
73,36,115.000000,-70.000000,11.331932
74,36,120.000000,-70.000000,11.290322
75,36,125.000000,-70.000000,11.248711
76,36,130.000000,-70.000000,11.206808
77,36,135.000000,-70.000000,11.164163
78,36,140.000000,-70.000000,11.120098
79,36,145.000000,-70.000000,11.074131
80,36,150.000000,-70.000000,11.028163
81,36,155.000000,-70.000000,10.982195
82,36,160.000000,-70.000000,10.935500
83,36,165.000000,-70.000000,10.888519
84,36,170.000000,-70.000000,10.837722
85,36,175.000000,-70.000000,10.786321
86,36,180.000000,-70.000000,10.734920
87,36,185.000000,-70.000000,10.683411
88,36,190.000000,-70.000000,10.631312
89,36,195.000000,-70.000000,10.577881
90,36,200.000000,-70.000000,10.521333
91,36,205.000000,-70.000000,10.464785
92,36,210.000000,-70.000000,10.408237
93,36,215.000000,-70.000000,10.351492
94,36,220.000000,-70.000000,10.294610
95,36,225.000000,-70.000000,10.235075
96,36,230.000000,-70.000000,10.174585
97,36,235.000000,-70.000000,10.114095
98,36,240.000000,-70.000000,10.053604
99,36,245.000000,-70.000000,9.993050
100,36,250.000000,-70.000000,9.932187
0,37,-250.000000,-65.000000,17.269773
1,37,-245.000000,-65.000000,17.215631
2,37,-240.000000,-65.000000,17.161488
3,37,-235.000000,-65.000000,17.107346
4,37,-230.000000,-65.000000,17.051777
5,37,-225.000000,-65.000000,16.995313
6,37,-220.000000,-65.000000,16.938649
7,37,-215.000000,-65.000000,16.881921
8,37,-210.000000,-65.000000,16.825194
9,37,-205.000000,-65.000000,16.768759
10,37,-200.000000,-65.000000,16.717879
11,37,-195.000000,-65.000000,16.667205
12,37,-190.000000,-65.000000,16.617377
13,37,-185.000000,-65.000000,16.567549
14,37,-180.000000,-65.000000,16.517721
15,37,-175.000000,-65.000000,16.468110
16,37,-170.000000,-65.000000,16.418728
17,37,-165.000000,-65.000000,16.369418
18,37,-160.000000,-65.000000,16.320150
19,37,-155.000000,-65.000000,16.270882
20,37,-150.000000,-65.000000,16.221614
21,37,-145.000000,-65.000000,16.159386
22,37,-140.000000,-65.000000,16.095740
23,37,-135.000000,-65.000000,16.027626
24,37,-130.000000,-65.000000,15.959512
25,37,-125.000000,-65.000000,15.891398
26,37,-120.000000,-65.000000,15.814761
27,37,-115.000000,-65.000000,15.722850
28,37,-110.000000,-65.000000,15.625679
29,37,-105.000000,-65.000000,15.523320
30,37,-100.000000,-65.000000,15.420961
31,37,-95.000000,-65.000000,15.318602
32,37,-90.000000,-65.000000,15.200449
33,37,-85.000000,-65.000000,15.078201
34,37,-80.000000,-65.000000,14.945627
35,37,-75.000000,-65.000000,14.812387
36,37,-70.000000,-65.000000,14.679148
37,37,-65.000000,-65.000000,14.544533
38,37,-60.000000,-65.000000,14.405316
39,37,-55.000000,-65.000000,14.264559
40,37,-50.000000,-65.000000,14.121243
41,37,-45.000000,-65.000000,13.977926
42,37,-40.000000,-65.000000,13.834609
43,37,-35.000000,-65.000000,13.696431
44,37,-30.000000,-65.000000,13.560828
45,37,-25.000000,-65.000000,13.430506
46,37,-20.000000,-65.000000,13.301411
47,37,-15.000000,-65.000000,13.172317
48,37,-10.000000,-65.000000,13.044664
49,37,-5.000000,-65.000000,12.929692
50,37,0.000000,-65.000000,12.818336
51,37,5.000000,-65.000000,12.717974
52,37,10.000000,-65.000000,12.617613
53,37,15.000000,-65.000000,12.517251
54,37,20.000000,-65.000000,12.423810
55,37,25.000000,-65.000000,12.336307
56,37,30.000000,-65.000000,12.259960
57,37,35.000000,-65.000000,12.188779
58,37,40.000000,-65.000000,12.117598
59,37,45.000000,-65.000000,12.046417
60,37,50.000000,-65.000000,11.982754
61,37,55.000000,-65.000000,11.920735
62,37,60.000000,-65.000000,11.869353
63,37,65.000000,-65.000000,11.817971
64,37,70.000000,-65.000000,11.766589
65,37,75.000000,-65.000000,11.716346
66,37,80.000000,-65.000000,11.667741
67,37,85.000000,-65.000000,11.622145
68,37,90.000000,-65.000000,11.578956
69,37,95.000000,-65.000000,11.535767
70,37,100.000000,-65.000000,11.492578
71,37,105.000000,-65.000000,11.449367
72,37,110.000000,-65.000000,11.406151
73,37,115.000000,-65.000000,11.362870
74,37,120.000000,-65.000000,11.319588
75,37,125.000000,-65.000000,11.276306
76,37,130.000000,-65.000000,11.232759
77,37,135.000000,-65.000000,11.188534
78,37,140.000000,-65.000000,11.143013
79,37,145.000000,-65.000000,11.095758
80,37,150.000000,-65.000000,11.048502
81,37,155.000000,-65.000000,11.001246
82,37,160.000000,-65.000000,10.953301
83,37,165.000000,-65.000000,10.905086
84,37,170.000000,-65.000000,10.853254
85,37,175.000000,-65.000000,10.800849
86,37,180.000000,-65.000000,10.748445
87,37,185.000000,-65.000000,10.695935
88,37,190.000000,-65.000000,10.642839
89,37,195.000000,-65.000000,10.588424
90,37,200.000000,-65.000000,10.530921
91,37,205.000000,-65.000000,10.473418
92,37,210.000000,-65.000000,10.415915
93,37,215.000000,-65.000000,10.358211
94,37,220.000000,-65.000000,10.300367
95,37,225.000000,-65.000000,10.239818
96,37,230.000000,-65.000000,10.178296
97,37,235.000000,-65.000000,10.116773
98,37,240.000000,-65.000000,10.055249
99,37,245.000000,-65.000000,9.993663
100,37,250.000000,-65.000000,9.931769
0,38,-250.000000,-60.000000,17.233875
1,38,-245.000000,-60.000000,17.180384
2,38,-240.000000,-60.000000,17.126893
3,38,-235.000000,-60.000000,17.073401
4,38,-230.000000,-60.000000,17.018395
5,38,-225.000000,-60.000000,16.962438
6,38,-220.000000,-60.000000,16.906268
7,38,-215.000000,-60.000000,16.850032
8,38,-210.000000,-60.000000,16.793795
9,38,-205.000000,-60.000000,16.737837
10,38,-200.000000,-60.000000,16.687173
11,38,-195.000000,-60.000000,16.636705
12,38,-190.000000,-60.000000,16.587044
13,38,-185.000000,-60.000000,16.537382
14,38,-180.000000,-60.000000,16.487721
15,38,-175.000000,-60.000000,16.438262
16,38,-170.000000,-60.000000,16.389017
17,38,-165.000000,-60.000000,16.339839
18,38,-160.000000,-60.000000,16.290700
19,38,-155.000000,-60.000000,16.241561
20,38,-150.000000,-60.000000,16.192422
21,38,-145.000000,-60.000000,16.130757
22,38,-140.000000,-60.000000,16.067721
23,38,-135.000000,-60.000000,16.000367
24,38,-130.000000,-60.000000,15.933012
25,38,-125.000000,-60.000000,15.865658
26,38,-120.000000,-60.000000,15.790076
27,38,-115.000000,-60.000000,15.699746
28,38,-110.000000,-60.000000,15.604339
29,38,-105.000000,-60.000000,15.503923
30,38,-100.000000,-60.000000,15.403507
31,38,-95.000000,-60.000000,15.303091
32,38,-90.000000,-60.000000,15.187466
33,38,-85.000000,-60.000000,15.067897
34,38,-80.000000,-60.000000,14.938386
35,38,-75.000000,-60.000000,14.808234
36,38,-70.000000,-60.000000,14.678082
37,38,-65.000000,-60.000000,14.546617
38,38,-60.000000,-60.000000,14.410760
39,38,-55.000000,-60.000000,14.273435
40,38,-50.000000,-60.000000,14.133666
41,38,-45.000000,-60.000000,13.993898
42,38,-40.000000,-60.000000,13.854130
43,38,-35.000000,-60.000000,13.719310
44,38,-30.000000,-60.000000,13.586971
45,38,-25.000000,-60.000000,13.459718
46,38,-20.000000,-60.000000,13.333647
47,38,-15.000000,-60.000000,13.207576
48,38,-10.000000,-60.000000,13.082880
49,38,-5.000000,-60.000000,12.970269
50,38,0.000000,-60.000000,12.861105
51,38,5.000000,-60.000000,12.762419
52,38,10.000000,-60.000000,12.663733
53,38,15.000000,-60.000000,12.565048
54,38,20.000000,-60.000000,12.472894
55,38,25.000000,-60.000000,12.386348
56,38,30.000000,-60.000000,12.310333
57,38,35.000000,-60.000000,12.239195
58,38,40.000000,-60.000000,12.168056
59,38,45.000000,-60.000000,12.096918
60,38,50.000000,-60.000000,12.032813
61,38,55.000000,-60.000000,11.970245
62,38,60.000000,-60.000000,11.917628
63,38,65.000000,-60.000000,11.865011
64,38,70.000000,-60.000000,11.812395
65,38,75.000000,-60.000000,11.760841
66,38,80.000000,-60.000000,11.710816
67,38,85.000000,-60.000000,11.663599
68,38,90.000000,-60.000000,11.618630
69,38,95.000000,-60.000000,11.573660
70,38,100.000000,-60.000000,11.528691
71,38,105.000000,-60.000000,11.483726
72,38,110.000000,-60.000000,11.438761
73,38,115.000000,-60.000000,11.393808
74,38,120.000000,-60.000000,11.348855
75,38,125.000000,-60.000000,11.303902
76,38,130.000000,-60.000000,11.258709
77,38,135.000000,-60.000000,11.212904
78,38,140.000000,-60.000000,11.165928
79,38,145.000000,-60.000000,11.117385
80,38,150.000000,-60.000000,11.068841
81,38,155.000000,-60.000000,11.020297
82,38,160.000000,-60.000000,10.971103
83,38,165.000000,-60.000000,10.921652
84,38,170.000000,-60.000000,10.868785
85,38,175.000000,-60.000000,10.815378
86,38,180.000000,-60.000000,10.761971
87,38,185.000000,-60.000000,10.708458
88,38,190.000000,-60.000000,10.654366
89,38,195.000000,-60.000000,10.598967
90,38,200.000000,-60.000000,10.540509
91,38,205.000000,-60.000000,10.482051
92,38,210.000000,-60.000000,10.423593
93,38,215.000000,-60.000000,10.364930
94,38,220.000000,-60.000000,10.306124
95,38,225.000000,-60.000000,10.244561
96,38,230.000000,-60.000000,10.182006
97,38,235.000000,-60.000000,10.119451
98,38,240.000000,-60.000000,10.056894
99,38,245.000000,-60.000000,9.994276
100,38,250.000000,-60.000000,9.931351
0,39,-250.000000,-55.000000,17.198042
1,39,-245.000000,-55.000000,17.145197
2,39,-240.000000,-55.000000,17.092352
3,39,-235.000000,-55.000000,17.039507
4,39,-230.000000,-55.000000,16.985059
5,39,-225.000000,-55.000000,16.929604
6,39,-220.000000,-55.000000,16.873924
7,39,-215.000000,-55.000000,16.818173
8,39,-210.000000,-55.000000,16.762422
9,39,-205.000000,-55.000000,16.706937
10,39,-200.000000,-55.000000,16.656485
11,39,-195.000000,-55.000000,16.606219
12,39,-190.000000,-55.000000,16.556721
13,39,-185.000000,-55.000000,16.507223
14,39,-180.000000,-55.000000,16.457725
15,39,-175.000000,-55.000000,16.408415
16,39,-170.000000,-55.000000,16.359305
17,39,-165.000000,-55.000000,16.310257
18,39,-160.000000,-55.000000,16.261246
19,39,-155.000000,-55.000000,16.212235
20,39,-150.000000,-55.000000,16.163223
21,39,-145.000000,-55.000000,16.102120
22,39,-140.000000,-55.000000,16.039694
23,39,-135.000000,-55.000000,15.973099
24,39,-130.000000,-55.000000,15.906504
25,39,-125.000000,-55.000000,15.839909
26,39,-120.000000,-55.000000,15.765381
27,39,-115.000000,-55.000000,15.676634
28,39,-110.000000,-55.000000,15.582990
29,39,-105.000000,-55.000000,15.484518
30,39,-100.000000,-55.000000,15.386045
31,39,-95.000000,-55.000000,15.287573
32,39,-90.000000,-55.000000,15.174476
33,39,-85.000000,-55.000000,15.057589
34,39,-80.000000,-55.000000,14.931141
35,39,-75.000000,-55.000000,14.804078
36,39,-70.000000,-55.000000,14.677014
37,39,-65.000000,-55.000000,14.548700
38,39,-60.000000,-55.000000,14.416206
39,39,-55.000000,-55.000000,14.282314
40,39,-50.000000,-55.000000,14.146097
41,39,-45.000000,-55.000000,14.009879
42,39,-40.000000,-55.000000,13.873661
43,39,-35.000000,-55.000000,13.742203
44,39,-30.000000,-55.000000,13.613130
45,39,-25.000000,-55.000000,13.488949
46,39,-20.000000,-55.000000,13.365905
47,39,-15.000000,-55.000000,13.242860
48,39,-10.000000,-55.000000,13.121123
49,39,-5.000000,-55.000000,13.010876
50,39,0.000000,-55.000000,12.903905
51,39,5.000000,-55.000000,12.806897
52,39,10.000000,-55.000000,12.709889
53,39,15.000000,-55.000000,12.612882
54,39,20.000000,-55.000000,12.522019
55,39,25.000000,-55.000000,12.436430
56,39,30.000000,-55.000000,12.360747
57,39,35.000000,-55.000000,12.289652
58,39,40.000000,-55.000000,12.218557
59,39,45.000000,-55.000000,12.147461
60,39,50.000000,-55.000000,12.082914
61,39,55.000000,-55.000000,12.019796
62,39,60.000000,-55.000000,11.965943
63,39,65.000000,-55.000000,11.912089
64,39,70.000000,-55.000000,11.858236
65,39,75.000000,-55.000000,11.805369
66,39,80.000000,-55.000000,11.753923
67,39,85.000000,-55.000000,11.705084
68,39,90.000000,-55.000000,11.658331
69,39,95.000000,-55.000000,11.611578
70,39,100.000000,-55.000000,11.564826
71,39,105.000000,-55.000000,11.518104
72,39,110.000000,-55.000000,11.471388
73,39,115.000000,-55.000000,11.424761
74,39,120.000000,-55.000000,11.378136
75,39,125.000000,-55.000000,11.331510
76,39,130.000000,-55.000000,11.284669
77,39,135.000000,-55.000000,11.237283
78,39,140.000000,-55.000000,11.188851
79,39,145.000000,-55.000000,11.139018
80,39,150.000000,-55.000000,11.089186
81,39,155.000000,-55.000000,11.039353
82,39,160.000000,-55.000000,10.988908
83,39,165.000000,-55.000000,10.938222
84,39,170.000000,-55.000000,10.884320
85,39,175.000000,-55.000000,10.829909
86,39,180.000000,-55.000000,10.775498
87,39,185.000000,-55.000000,10.720983
88,39,190.000000,-55.000000,10.665894
89,39,195.000000,-55.000000,10.609510
90,39,200.000000,-55.000000,10.550096
91,39,205.000000,-55.000000,10.490682
92,39,210.000000,-55.000000,10.431268
93,39,215.000000,-55.000000,10.371646
94,39,220.000000,-55.000000,10.311878
95,39,225.000000,-55.000000,10.249300
96,39,230.000000,-55.000000,10.185711
97,39,235.000000,-55.000000,10.122122
98,39,240.000000,-55.000000,10.058531
99,39,245.000000,-55.000000,9.994879
100,39,250.000000,-55.000000,9.930921
0,40,-250.000000,-50.000000,17.167018
1,40,-245.000000,-50.000000,17.114459
2,40,-240.000000,-50.000000,17.061899
3,40,-235.000000,-50.000000,17.009339
4,40,-230.000000,-50.000000,16.955090
5,40,-225.000000,-50.000000,16.899779
6,40,-220.000000,-50.000000,16.844231
7,40,-215.000000,-50.000000,16.788608
8,40,-210.000000,-50.000000,16.732985
9,40,-205.000000,-50.000000,16.677619
10,40,-200.000000,-50.000000,16.627112
11,40,-195.000000,-50.000000,16.576785
12,40,-190.000000,-50.000000,16.527199
13,40,-185.000000,-50.000000,16.477613
14,40,-180.000000,-50.000000,16.428027
15,40,-175.000000,-50.000000,16.378668
16,40,-170.000000,-50.000000,16.329550
17,40,-165.000000,-50.000000,16.280507
18,40,-160.000000,-50.000000,16.231509
19,40,-155.000000,-50.000000,16.182510
20,40,-150.000000,-50.000000,16.133512
21,40,-145.000000,-50.000000,16.072921
22,40,-140.000000,-50.000000,16.011062
23,40,-135.000000,-50.000000,15.945207
24,40,-130.000000,-50.000000,15.879352
25,40,-125.000000,-50.000000,15.813497
26,40,-120.000000,-50.000000,15.740017
27,40,-115.000000,-50.000000,15.652870
28,40,-110.000000,-50.000000,15.561018
29,40,-105.000000,-50.000000,15.464524
30,40,-100.000000,-50.000000,15.368029
31,40,-95.000000,-50.000000,15.271535
32,40,-90.000000,-50.000000,15.161034
33,40,-85.000000,-50.000000,15.046900
34,40,-80.000000,-50.000000,14.923609
35,40,-75.000000,-50.000000,14.799728
36,40,-70.000000,-50.000000,14.675847
37,40,-65.000000,-50.000000,14.550789
38,40,-60.000000,-50.000000,14.421797
39,40,-55.000000,-50.000000,14.291488
40,40,-50.000000,-50.000000,14.158991
41,40,-45.000000,-50.000000,14.026493
42,40,-40.000000,-50.000000,13.893996
43,40,-35.000000,-50.000000,13.766082
44,40,-30.000000,-50.000000,13.640466
45,40,-25.000000,-50.000000,13.519561
46,40,-20.000000,-50.000000,13.399750
47,40,-15.000000,-50.000000,13.279940
48,40,-10.000000,-50.000000,13.161366
49,40,-5.000000,-50.000000,13.053662
50,40,0.000000,-50.000000,12.949058
51,40,5.000000,-50.000000,12.853878
52,40,10.000000,-50.000000,12.758699
53,40,15.000000,-50.000000,12.663519
54,40,20.000000,-50.000000,12.574063
55,40,25.000000,-50.000000,12.489521
56,40,30.000000,-50.000000,12.414206
57,40,35.000000,-50.000000,12.343165
58,40,40.000000,-50.000000,12.272124
59,40,45.000000,-50.000000,12.201083
60,40,50.000000,-50.000000,12.136051
61,40,55.000000,-50.000000,12.072333
62,40,60.000000,-50.000000,12.017118
63,40,65.000000,-50.000000,11.961903
64,40,70.000000,-50.000000,11.906688
65,40,75.000000,-50.000000,11.852377
66,40,80.000000,-50.000000,11.799365
67,40,85.000000,-50.000000,11.748742
68,40,90.000000,-50.000000,11.700028
69,40,95.000000,-50.000000,11.651315
70,40,100.000000,-50.000000,11.602602
71,40,105.000000,-50.000000,11.553956
72,40,110.000000,-50.000000,11.505323
73,40,115.000000,-50.000000,11.456884
74,40,120.000000,-50.000000,11.408447
75,40,125.000000,-50.000000,11.360010
76,40,130.000000,-50.000000,11.311388
77,40,135.000000,-50.000000,11.262298
78,40,140.000000,-50.000000,11.212311
79,40,145.000000,-50.000000,11.161123
80,40,150.000000,-50.000000,11.109935
81,40,155.000000,-50.000000,11.058746
82,40,160.000000,-50.000000,11.006988
83,40,165.000000,-50.000000,10.955006
84,40,170.000000,-50.000000,10.900035
85,40,175.000000,-50.000000,10.844591
86,40,180.000000,-50.000000,10.789147
87,40,185.000000,-50.000000,10.733599
88,40,190.000000,-50.000000,10.677480
89,40,195.000000,-50.000000,10.620073
90,40,200.000000,-50.000000,10.559652
91,40,205.000000,-50.000000,10.499232
92,40,210.000000,-50.000000,10.438811
93,40,215.000000,-50.000000,10.378175
94,40,220.000000,-50.000000,10.317389
95,40,225.000000,-50.000000,10.253706
96,40,230.000000,-50.000000,10.188980
97,40,235.000000,-50.000000,10.124254
98,40,240.000000,-50.000000,10.059526
99,40,245.000000,-50.000000,9.994737
100,40,250.000000,-50.000000,9.929640
0,41,-250.000000,-45.000000,17.137047
1,41,-245.000000,-45.000000,17.084694
2,41,-240.000000,-45.000000,17.032341
3,41,-235.000000,-45.000000,16.979987
4,41,-230.000000,-45.000000,16.925858
5,41,-225.000000,-45.000000,16.870612
6,41,-220.000000,-45.000000,16.815118
7,41,-215.000000,-45.000000,16.759545
8,41,-210.000000,-45.000000,16.703972
9,41,-205.000000,-45.000000,16.648648
10,41,-200.000000,-45.000000,16.598027
11,41,-195.000000,-45.000000,16.547581
12,41,-190.000000,-45.000000,16.497852
13,41,-185.000000,-45.000000,16.448123
14,41,-180.000000,-45.000000,16.398394
15,41,-175.000000,-45.000000,16.348943
16,41,-170.000000,-45.000000,16.299786
17,41,-165.000000,-45.000000,16.250721
18,41,-160.000000,-45.000000,16.201710
19,41,-155.000000,-45.000000,16.152699
20,41,-150.000000,-45.000000,16.103688
21,41,-145.000000,-45.000000,16.043599
22,41,-140.000000,-45.000000,15.982298
23,41,-135.000000,-45.000000,15.917179
24,41,-130.000000,-45.000000,15.852059
25,41,-125.000000,-45.000000,15.786940
26,41,-120.000000,-45.000000,15.714507
27,41,-115.000000,-45.000000,15.628965
28,41,-110.000000,-45.000000,15.538909
29,41,-105.000000,-45.000000,15.444401
30,41,-100.000000,-45.000000,15.349893
31,41,-95.000000,-45.000000,15.255385
32,41,-90.000000,-45.000000,15.147491
33,41,-85.000000,-45.000000,15.036128
34,41,-80.000000,-45.000000,14.916014
35,41,-75.000000,-45.000000,14.795336
36,41,-70.000000,-45.000000,14.674658
37,41,-65.000000,-45.000000,14.552879
38,41,-60.000000,-45.000000,14.427418
39,41,-55.000000,-45.000000,14.300726
40,41,-50.000000,-45.000000,14.171986
41,41,-45.000000,-45.000000,14.043246
42,41,-40.000000,-45.000000,13.914506
43,41,-35.000000,-45.000000,13.790176
44,41,-30.000000,-45.000000,13.668058
45,41,-25.000000,-45.000000,13.550474
46,41,-20.000000,-45.000000,13.433943
47,41,-15.000000,-45.000000,13.317413
48,41,-10.000000,-45.000000,13.202047
49,41,-5.000000,-45.000000,13.096926
50,41,0.000000,-45.000000,12.994725
51,41,5.000000,-45.000000,12.901407
52,41,10.000000,-45.000000,12.808089
53,41,15.000000,-45.000000,12.714770
54,41,20.000000,-45.000000,12.626748
55,41,25.000000,-45.000000,12.543271
56,41,30.000000,-45.000000,12.468332
57,41,35.000000,-45.000000,12.397348
58,41,40.000000,-45.000000,12.326363
59,41,45.000000,-45.000000,12.255378
60,41,50.000000,-45.000000,12.189854
61,41,55.000000,-45.000000,12.125523
62,41,60.000000,-45.000000,12.068919
63,41,65.000000,-45.000000,12.012315
64,41,70.000000,-45.000000,11.955711
65,41,75.000000,-45.000000,11.899926
66,41,80.000000,-45.000000,11.845319
67,41,85.000000,-45.000000,11.792876
68,41,90.000000,-45.000000,11.742163
69,41,95.000000,-45.000000,11.691451
70,41,100.000000,-45.000000,11.640738
71,41,105.000000,-45.000000,11.590131
72,41,110.000000,-45.000000,11.539544
73,41,115.000000,-45.000000,11.489262
74,41,120.000000,-45.000000,11.438983
75,41,125.000000,-45.000000,11.388704
76,41,130.000000,-45.000000,11.338273
77,41,135.000000,-45.000000,11.287453
78,41,140.000000,-45.000000,11.235890
79,41,145.000000,-45.000000,11.183331
80,41,150.000000,-45.000000,11.130772
81,41,155.000000,-45.000000,11.078213
82,41,160.000000,-45.000000,11.025129
83,41,165.000000,-45.000000,10.971838
84,41,170.000000,-45.000000,10.915790
85,41,175.000000,-45.000000,10.859307
86,41,180.000000,-45.000000,10.802823
87,41,185.000000,-45.000000,10.746235
88,41,190.000000,-45.000000,10.689080
89,41,195.000000,-45.000000,10.630641
90,41,200.000000,-45.000000,10.569202
91,41,205.000000,-45.000000,10.507763
92,41,210.000000,-45.000000,10.446324
93,41,215.000000,-45.000000,10.384663
94,41,220.000000,-45.000000,10.322847
95,41,225.000000,-45.000000,10.258038
96,41,230.000000,-45.000000,10.192153
97,41,235.000000,-45.000000,10.126268
98,41,240.000000,-45.000000,10.060382
99,41,245.000000,-45.000000,9.994433
100,41,250.000000,-45.000000,9.928171
0,42,-250.000000,-40.000000,17.109366
1,42,-245.000000,-40.000000,17.057047
2,42,-240.000000,-40.000000,17.004728
3,42,-235.000000,-40.000000,16.952409
4,42,-230.000000,-40.000000,16.898229
5,42,-225.000000,-40.000000,16.842879
6,42,-220.000000,-40.000000,16.787268
7,42,-215.000000,-40.000000,16.731574
8,42,-210.000000,-40.000000,16.675881
9,42,-205.000000,-40.000000,16.620430
10,42,-200.000000,-40.000000,16.569569
11,42,-195.000000,-40.000000,16.518877
12,42,-190.000000,-40.000000,16.468886
13,42,-185.000000,-40.000000,16.418894
14,42,-180.000000,-40.000000,16.368903
15,42,-175.000000,-40.000000,16.319265
16,42,-170.000000,-40.000000,16.270001
17,42,-165.000000,-40.000000,16.220854
18,42,-160.000000,-40.000000,16.171776
19,42,-155.000000,-40.000000,16.122698
20,42,-150.000000,-40.000000,16.073619
21,42,-145.000000,-40.000000,16.014009
22,42,-140.000000,-40.000000,15.953247
23,42,-135.000000,-40.000000,15.888853
24,42,-130.000000,-40.000000,15.824460
25,42,-125.000000,-40.000000,15.760067
26,42,-120.000000,-40.000000,15.688678
27,42,-115.000000,-40.000000,15.604749
28,42,-110.000000,-40.000000,15.516502
29,42,-105.000000,-40.000000,15.423997
30,42,-100.000000,-40.000000,15.331492
31,42,-95.000000,-40.000000,15.238987
32,42,-90.000000,-40.000000,15.133733
33,42,-85.000000,-40.000000,15.025175
34,42,-80.000000,-40.000000,14.908282
35,42,-75.000000,-40.000000,14.790852
36,42,-70.000000,-40.000000,14.673422
37,42,-65.000000,-40.000000,14.554972
38,42,-60.000000,-40.000000,14.433109
39,42,-55.000000,-40.000000,14.310105
40,42,-50.000000,-40.000000,14.185202
41,42,-45.000000,-40.000000,14.060300
42,42,-40.000000,-40.000000,13.935398
43,42,-35.000000,-40.000000,13.814740
44,42,-30.000000,-40.000000,13.696211
45,42,-25.000000,-40.000000,13.582045
46,42,-20.000000,-40.000000,13.468893
47,42,-15.000000,-40.000000,13.355740
48,42,-10.000000,-40.000000,13.243681
49,42,-5.000000,-40.000000,13.141227
50,42,0.000000,-40.000000,13.041513
51,42,5.000000,-40.000000,12.950127
52,42,10.000000,-40.000000,12.858741
53,42,15.000000,-40.000000,12.767356
54,42,20.000000,-40.000000,12.680822
55,42,25.000000,-40.000000,12.598454
56,42,30.000000,-40.000000,12.523908
57,42,35.000000,-40.000000,12.452985
58,42,40.000000,-40.000000,12.382062
59,42,45.000000,-40.000000,12.311139
60,42,50.000000,-40.000000,12.245103
61,42,55.000000,-40.000000,12.180135
62,42,60.000000,-40.000000,12.122083
63,42,65.000000,-40.000000,12.064030
64,42,70.000000,-40.000000,12.005978
65,42,75.000000,-40.000000,11.948656
66,42,80.000000,-40.000000,11.892385
67,42,85.000000,-40.000000,11.838044
68,42,90.000000,-40.000000,11.785248
69,42,95.000000,-40.000000,11.732452
70,42,100.000000,-40.000000,11.679656
71,42,105.000000,-40.000000,11.627008
72,42,110.000000,-40.000000,11.574387
73,42,115.000000,-40.000000,11.522197
74,42,120.000000,-40.000000,11.470010
75,42,125.000000,-40.000000,11.417824
76,42,130.000000,-40.000000,11.365519
77,42,135.000000,-40.000000,11.312911
78,42,140.000000,-40.000000,11.259725
79,42,145.000000,-40.000000,11.205763
80,42,150.000000,-40.000000,11.151802
81,42,155.000000,-40.000000,11.097841
82,42,160.000000,-40.000000,11.043400
83,42,165.000000,-40.000000,10.988772
84,42,170.000000,-40.000000,10.931632
85,42,175.000000,-40.000000,10.874094
86,42,180.000000,-40.000000,10.816556
87,42,185.000000,-40.000000,10.758915
88,42,190.000000,-40.000000,10.700707
89,42,195.000000,-40.000000,10.641219
90,42,200.000000,-40.000000,10.578738
91,42,205.000000,-40.000000,10.516256
92,42,210.000000,-40.000000,10.453774
93,42,215.000000,-40.000000,10.391061
94,42,220.000000,-40.000000,10.328189
95,42,225.000000,-40.000000,10.262212
96,42,230.000000,-40.000000,10.195120
97,42,235.000000,-40.000000,10.128027
98,42,240.000000,-40.000000,10.060932
99,42,245.000000,-40.000000,9.993774
100,42,250.000000,-40.000000,9.926298
0,43,-250.000000,-35.000000,17.081684
1,43,-245.000000,-35.000000,17.029400
2,43,-240.000000,-35.000000,16.977115
3,43,-235.000000,-35.000000,16.924831
4,43,-230.000000,-35.000000,16.870599
5,43,-225.000000,-35.000000,16.815145
6,43,-220.000000,-35.000000,16.759417
7,43,-215.000000,-35.000000,16.703603
8,43,-210.000000,-35.000000,16.647789
9,43,-205.000000,-35.000000,16.592212
10,43,-200.000000,-35.000000,16.541110
11,43,-195.000000,-35.000000,16.490174
12,43,-190.000000,-35.000000,16.439920
13,43,-185.000000,-35.000000,16.389666
14,43,-180.000000,-35.000000,16.339412
15,43,-175.000000,-35.000000,16.289588
16,43,-170.000000,-35.000000,16.240217
17,43,-165.000000,-35.000000,16.190988
18,43,-160.000000,-35.000000,16.141842
19,43,-155.000000,-35.000000,16.092697
20,43,-150.000000,-35.000000,16.043551
21,43,-145.000000,-35.000000,15.984419
22,43,-140.000000,-35.000000,15.924195
23,43,-135.000000,-35.000000,15.860528
24,43,-130.000000,-35.000000,15.796861
25,43,-125.000000,-35.000000,15.733194
26,43,-120.000000,-35.000000,15.662849
27,43,-115.000000,-35.000000,15.580533
28,43,-110.000000,-35.000000,15.494096
29,43,-105.000000,-35.000000,15.403594
30,43,-100.000000,-35.000000,15.313091
31,43,-95.000000,-35.000000,15.222589
32,43,-90.000000,-35.000000,15.119975
33,43,-85.000000,-35.000000,15.014221
34,43,-80.000000,-35.000000,14.900550
35,43,-75.000000,-35.000000,14.786368
36,43,-70.000000,-35.000000,14.672186
37,43,-65.000000,-35.000000,14.557064
38,43,-60.000000,-35.000000,14.438799
39,43,-55.000000,-35.000000,14.319483
40,43,-50.000000,-35.000000,14.198419
41,43,-45.000000,-35.000000,14.077354
42,43,-40.000000,-35.000000,13.956290
43,43,-35.000000,-35.000000,13.839304
44,43,-30.000000,-35.000000,13.724364
45,43,-25.000000,-35.000000,13.613616
46,43,-20.000000,-35.000000,13.503842
47,43,-15.000000,-35.000000,13.394068
48,43,-10.000000,-35.000000,13.285314
49,43,-5.000000,-35.000000,13.185529
50,43,0.000000,-35.000000,13.088300
51,43,5.000000,-35.000000,12.998847
52,43,10.000000,-35.000000,12.909394
53,43,15.000000,-35.000000,12.819941
54,43,20.000000,-35.000000,12.734897
55,43,25.000000,-35.000000,12.653637
56,43,30.000000,-35.000000,12.579484
57,43,35.000000,-35.000000,12.508622
58,43,40.000000,-35.000000,12.437761
59,43,45.000000,-35.000000,12.366899
60,43,50.000000,-35.000000,12.300352
61,43,55.000000,-35.000000,12.234747
62,43,60.000000,-35.000000,12.175246
63,43,65.000000,-35.000000,12.115745
64,43,70.000000,-35.000000,12.056244
65,43,75.000000,-35.000000,11.997385
66,43,80.000000,-35.000000,11.939451
67,43,85.000000,-35.000000,11.883213
68,43,90.000000,-35.000000,11.828333
69,43,95.000000,-35.000000,11.773453
70,43,100.000000,-35.000000,11.718573
71,43,105.000000,-35.000000,11.663885
72,43,110.000000,-35.000000,11.609231
73,43,115.000000,-35.000000,11.555132
74,43,120.000000,-35.000000,11.501038
75,43,125.000000,-35.000000,11.446943
76,43,130.000000,-35.000000,11.392764
77,43,135.000000,-35.000000,11.338369
78,43,140.000000,-35.000000,11.283559
79,43,145.000000,-35.000000,11.228196
80,43,150.000000,-35.000000,11.172832
81,43,155.000000,-35.000000,11.117468
82,43,160.000000,-35.000000,11.061672
83,43,165.000000,-35.000000,11.005707
84,43,170.000000,-35.000000,10.947474
85,43,175.000000,-35.000000,10.888882
86,43,180.000000,-35.000000,10.830290
87,43,185.000000,-35.000000,10.771595
88,43,190.000000,-35.000000,10.712335
89,43,195.000000,-35.000000,10.651797
90,43,200.000000,-35.000000,10.588273
91,43,205.000000,-35.000000,10.524748
92,43,210.000000,-35.000000,10.461224
93,43,215.000000,-35.000000,10.397460
94,43,220.000000,-35.000000,10.333531
95,43,225.000000,-35.000000,10.266387
96,43,230.000000,-35.000000,10.198086
97,43,235.000000,-35.000000,10.129785
98,43,240.000000,-35.000000,10.061483
99,43,245.000000,-35.000000,9.993116
100,43,250.000000,-35.000000,9.924424
0,44,-250.000000,-30.000000,17.054003
1,44,-245.000000,-30.000000,17.001753
2,44,-240.000000,-30.000000,16.949503
3,44,-235.000000,-30.000000,16.897253
4,44,-230.000000,-30.000000,16.842970
5,44,-225.000000,-30.000000,16.787411
6,44,-220.000000,-30.000000,16.731567
7,44,-215.000000,-30.000000,16.675632
8,44,-210.000000,-30.000000,16.619698
9,44,-205.000000,-30.000000,16.563994
10,44,-200.000000,-30.000000,16.512651
11,44,-195.000000,-30.000000,16.461470
12,44,-190.000000,-30.000000,16.410954
13,44,-185.000000,-30.000000,16.360438
14,44,-180.000000,-30.000000,16.309922
15,44,-175.000000,-30.000000,16.259910
16,44,-170.000000,-30.000000,16.210432
17,44,-165.000000,-30.000000,16.161121
18,44,-160.000000,-30.000000,16.111908
19,44,-155.000000,-30.000000,16.062695
20,44,-150.000000,-30.000000,16.013483
21,44,-145.000000,-30.000000,15.954829
22,44,-140.000000,-30.000000,15.895143
23,44,-135.000000,-30.000000,15.832202
24,44,-130.000000,-30.000000,15.769262
25,44,-125.000000,-30.000000,15.706321
26,44,-120.000000,-30.000000,15.637019
27,44,-115.000000,-30.000000,15.556317
28,44,-110.000000,-30.000000,15.471690
29,44,-105.000000,-30.000000,15.383190
30,44,-100.000000,-30.000000,15.294691
31,44,-95.000000,-30.000000,15.206191
32,44,-90.000000,-30.000000,15.106217
33,44,-85.000000,-30.000000,15.003268
34,44,-80.000000,-30.000000,14.892817
35,44,-75.000000,-30.000000,14.781883
36,44,-70.000000,-30.000000,14.670949
37,44,-65.000000,-30.000000,14.559156
38,44,-60.000000,-30.000000,14.444490
39,44,-55.000000,-30.000000,14.328862
40,44,-50.000000,-30.000000,14.211635
41,44,-45.000000,-30.000000,14.094408
42,44,-40.000000,-30.000000,13.977182
43,44,-35.000000,-30.000000,13.863868
44,44,-30.000000,-30.000000,13.752516
45,44,-25.000000,-30.000000,13.645186
46,44,-20.000000,-30.000000,13.538791
47,44,-15.000000,-30.000000,13.432396
48,44,-10.000000,-30.000000,13.326948
49,44,-5.000000,-30.000000,13.229830
50,44,0.000000,-30.000000,13.135087
51,44,5.000000,-30.000000,13.047567
52,44,10.000000,-30.000000,12.960047
53,44,15.000000,-30.000000,12.872527
54,44,20.000000,-30.000000,12.788971
55,44,25.000000,-30.000000,12.708820
56,44,30.000000,-30.000000,12.635059
57,44,35.000000,-30.000000,12.564259
58,44,40.000000,-30.000000,12.493459
59,44,45.000000,-30.000000,12.422660
60,44,50.000000,-30.000000,12.355600
61,44,55.000000,-30.000000,12.289358
62,44,60.000000,-30.000000,12.228409
63,44,65.000000,-30.000000,12.167460
64,44,70.000000,-30.000000,12.106510
65,44,75.000000,-30.000000,12.046115
66,44,80.000000,-30.000000,11.986517
67,44,85.000000,-30.000000,11.928382
68,44,90.000000,-30.000000,11.871418
69,44,95.000000,-30.000000,11.814454
70,44,100.000000,-30.000000,11.757490
71,44,105.000000,-30.000000,11.700761
72,44,110.000000,-30.000000,11.644074
73,44,115.000000,-30.000000,11.588067
74,44,120.000000,-30.000000,11.532065
75,44,125.000000,-30.000000,11.476063
76,44,130.000000,-30.000000,11.420010
77,44,135.000000,-30.000000,11.363826
78,44,140.000000,-30.000000,11.307394
79,44,145.000000,-30.000000,11.250628
80,44,150.000000,-30.000000,11.193862
81,44,155.000000,-30.000000,11.137096
82,44,160.000000,-30.000000,11.079944
83,44,165.000000,-30.000000,11.022641
84,44,170.000000,-30.000000,10.963315
85,44,175.000000,-30.000000,10.903669
86,44,180.000000,-30.000000,10.844024
87,44,185.000000,-30.000000,10.784275
88,44,190.000000,-30.000000,10.723962
89,44,195.000000,-30.000000,10.662375
90,44,200.000000,-30.000000,10.597808
91,44,205.000000,-30.000000,10.533241
92,44,210.000000,-30.000000,10.468673
93,44,215.000000,-30.000000,10.403859
94,44,220.000000,-30.000000,10.338873
95,44,225.000000,-30.000000,10.270561
96,44,230.000000,-30.000000,10.201052
97,44,235.000000,-30.000000,10.131544
98,44,240.000000,-30.000000,10.062033
99,44,245.000000,-30.000000,9.992457
100,44,250.000000,-30.000000,9.922550
0,45,-250.000000,-25.000000,17.034473
1,45,-245.000000,-25.000000,16.981969
2,45,-240.000000,-25.000000,16.929466
3,45,-235.000000,-25.000000,16.876963
4,45,-230.000000,-25.000000,16.822379
5,45,-225.000000,-25.000000,16.766489
6,45,-220.000000,-25.000000,16.710308
7,45,-215.000000,-25.000000,16.654034
8,45,-210.000000,-25.000000,16.597760
9,45,-205.000000,-25.000000,16.541717
10,45,-200.000000,-25.000000,16.490048
11,45,-195.000000,-25.000000,16.438540
12,45,-190.000000,-25.000000,16.387700
13,45,-185.000000,-25.000000,16.336859
14,45,-180.000000,-25.000000,16.286019
15,45,-175.000000,-25.000000,16.235799
16,45,-170.000000,-25.000000,16.186237
17,45,-165.000000,-25.000000,16.136880
18,45,-160.000000,-25.000000,16.087644
19,45,-155.000000,-25.000000,16.038407
20,45,-150.000000,-25.000000,15.989171
21,45,-145.000000,-25.000000,15.931002
22,45,-140.000000,-25.000000,15.871856
23,45,-135.000000,-25.000000,15.809630
24,45,-130.000000,-25.000000,15.747404
25,45,-125.000000,-25.000000,15.685179
26,45,-120.000000,-25.000000,15.616865
27,45,-115.000000,-25.000000,15.537640
28,45,-110.000000,-25.000000,15.454657
29,45,-105.000000,-25.000000,15.367968
30,45,-100.000000,-25.000000,15.281279
31,45,-95.000000,-25.000000,15.194591
32,45,-90.000000,-25.000000,15.096983
33,45,-85.000000,-25.000000,14.996544
34,45,-80.000000,-25.000000,14.888966
35,45,-75.000000,-25.000000,14.780929
36,45,-70.000000,-25.000000,14.672891
37,45,-65.000000,-25.000000,14.564072
38,45,-60.000000,-25.000000,14.452636
39,45,-55.000000,-25.000000,14.340325
40,45,-50.000000,-25.000000,14.226559
41,45,-45.000000,-25.000000,14.112792
42,45,-40.000000,-25.000000,13.999026
43,45,-35.000000,-25.000000,13.889045
44,45,-30.000000,-25.000000,13.780960
45,45,-25.000000,-25.000000,13.676765
46,45,-20.000000,-25.000000,13.573474
47,45,-15.000000,-25.000000,13.470183
48,45,-10.000000,-25.000000,13.367774
49,45,-5.000000,-25.000000,13.273124
50,45,0.000000,-25.000000,13.180685
51,45,5.000000,-25.000000,13.094973
52,45,10.000000,-25.000000,13.009261
53,45,15.000000,-25.000000,12.923549
54,45,20.000000,-25.000000,12.841386
55,45,25.000000,-25.000000,12.762270
56,45,30.000000,-25.000000,12.688875
57,45,35.000000,-25.000000,12.618131
58,45,40.000000,-25.000000,12.547386
59,45,45.000000,-25.000000,12.476642
60,45,50.000000,-25.000000,12.409088
61,45,55.000000,-25.000000,12.342232
62,45,60.000000,-25.000000,12.279890
63,45,65.000000,-25.000000,12.217548
64,45,70.000000,-25.000000,12.155206
65,45,75.000000,-25.000000,12.093333
66,45,80.000000,-25.000000,12.032134
67,45,85.000000,-25.000000,11.972172
68,45,90.000000,-25.000000,11.913201
69,45,95.000000,-25.000000,11.854229
70,45,100.000000,-25.000000,11.795258
71,45,105.000000,-25.000000,11.736564
72,45,110.000000,-25.000000,11.677922
73,45,115.000000,-25.000000,11.620083
74,45,120.000000,-25.000000,11.562252
75,45,125.000000,-25.000000,11.504421
76,45,130.000000,-25.000000,11.446572
77,45,135.000000,-25.000000,11.388678
78,45,140.000000,-25.000000,11.330698
79,45,145.000000,-25.000000,11.272603
80,45,150.000000,-25.000000,11.214508
81,45,155.000000,-25.000000,11.156413
82,45,160.000000,-25.000000,11.097976
83,45,165.000000,-25.000000,11.039406
84,45,170.000000,-25.000000,10.979048
85,45,175.000000,-25.000000,10.918406
86,45,180.000000,-25.000000,10.857764
87,45,185.000000,-25.000000,10.797019
88,45,190.000000,-25.000000,10.735708
89,45,195.000000,-25.000000,10.673118
90,45,200.000000,-25.000000,10.607537
91,45,205.000000,-25.000000,10.541957
92,45,210.000000,-25.000000,10.476376
93,45,215.000000,-25.000000,10.410538
94,45,220.000000,-25.000000,10.344522
95,45,225.000000,-25.000000,10.275047
96,45,230.000000,-25.000000,10.204327
97,45,235.000000,-25.000000,10.133607
98,45,240.000000,-25.000000,10.062885
99,45,245.000000,-25.000000,9.992095
100,45,250.000000,-25.000000,9.920966
0,46,-250.000000,-20.000000,17.017315
1,46,-245.000000,-20.000000,16.964474
2,46,-240.000000,-20.000000,16.911634
3,46,-235.000000,-20.000000,16.858794
4,46,-230.000000,-20.000000,16.803837
5,46,-225.000000,-20.000000,16.747550
6,46,-220.000000,-20.000000,16.690967
7,46,-215.000000,-20.000000,16.634290
8,46,-210.000000,-20.000000,16.577613
9,46,-205.000000,-20.000000,16.521169
10,46,-200.000000,-20.000000,16.469148
11,46,-195.000000,-20.000000,16.417291
12,46,-190.000000,-20.000000,16.366108
13,46,-185.000000,-20.000000,16.314925
14,46,-180.000000,-20.000000,16.263742
15,46,-175.000000,-20.000000,16.213308
16,46,-170.000000,-20.000000,16.163668
17,46,-165.000000,-20.000000,16.114276
18,46,-160.000000,-20.000000,16.065029
19,46,-155.000000,-20.000000,16.015782
20,46,-150.000000,-20.000000,15.966535
21,46,-145.000000,-20.000000,15.908852
22,46,-140.000000,-20.000000,15.850247
23,46,-135.000000,-20.000000,15.788732
24,46,-130.000000,-20.000000,15.727218
25,46,-125.000000,-20.000000,15.665704
26,46,-120.000000,-20.000000,15.598362
27,46,-115.000000,-20.000000,15.520573
28,46,-110.000000,-20.000000,15.439187
29,46,-105.000000,-20.000000,15.354254
30,46,-100.000000,-20.000000,15.269320
31,46,-95.000000,-20.000000,15.184387
32,46,-90.000000,-20.000000,15.089065
33,46,-85.000000,-20.000000,14.991051
34,46,-80.000000,-20.000000,14.886245
35,46,-75.000000,-20.000000,14.781001
36,46,-70.000000,-20.000000,14.675758
37,46,-65.000000,-20.000000,14.569808
38,46,-60.000000,-20.000000,14.461496
39,46,-55.000000,-20.000000,14.352395
40,46,-50.000000,-20.000000,14.241979
41,46,-45.000000,-20.000000,14.131563
42,46,-40.000000,-20.000000,14.021148
43,46,-35.000000,-20.000000,13.914399
44,46,-30.000000,-20.000000,13.809488
45,46,-25.000000,-20.000000,13.708346
46,46,-20.000000,-20.000000,13.608080
47,46,-15.000000,-20.000000,13.507813
48,46,-10.000000,-20.000000,13.408367
49,46,-5.000000,-20.000000,13.316125
50,46,0.000000,-20.000000,13.225937
51,46,5.000000,-20.000000,13.141997
52,46,10.000000,-20.000000,13.058056
53,46,15.000000,-20.000000,12.974116
54,46,20.000000,-20.000000,12.893318
55,46,25.000000,-20.000000,12.815216
56,46,30.000000,-20.000000,12.742179
57,46,35.000000,-20.000000,12.671489
58,46,40.000000,-20.000000,12.600798
59,46,45.000000,-20.000000,12.530107
60,46,50.000000,-20.000000,12.462064
61,46,55.000000,-20.000000,12.394600
62,46,60.000000,-20.000000,12.330882
63,46,65.000000,-20.000000,12.267164
64,46,70.000000,-20.000000,12.203445
65,46,75.000000,-20.000000,12.140111
66,46,80.000000,-20.000000,12.077329
67,46,85.000000,-20.000000,12.015561
68,46,90.000000,-20.000000,11.954604
69,46,95.000000,-20.000000,11.893647
70,46,100.000000,-20.000000,11.832691
71,46,105.000000,-20.000000,11.772055
72,46,110.000000,-20.000000,11.711479
73,46,115.000000,-20.000000,11.651833
74,46,120.000000,-20.000000,11.592195
75,46,125.000000,-20.000000,11.532558
76,46,130.000000,-20.000000,11.472936
77,46,135.000000,-20.000000,11.413354
78,46,140.000000,-20.000000,11.353848
79,46,145.000000,-20.000000,11.294445
80,46,150.000000,-20.000000,11.235042
81,46,155.000000,-20.000000,11.175639
82,46,160.000000,-20.000000,11.115939
83,46,165.000000,-20.000000,11.056123
84,46,170.000000,-20.000000,10.994748
85,46,175.000000,-20.000000,10.933127
86,46,180.000000,-20.000000,10.871506
87,46,185.000000,-20.000000,10.809782
88,46,190.000000,-20.000000,10.747488
89,46,195.000000,-20.000000,10.683909
90,46,200.000000,-20.000000,10.617323
91,46,205.000000,-20.000000,10.550738
92,46,210.000000,-20.000000,10.484152
93,46,215.000000,-20.000000,10.417300
94,46,220.000000,-20.000000,10.350261
95,46,225.000000,-20.000000,10.279623
96,46,230.000000,-20.000000,10.207691
97,46,235.000000,-20.000000,10.135758
98,46,240.000000,-20.000000,10.063824
99,46,245.000000,-20.000000,9.991819
100,46,250.000000,-20.000000,9.919465
0,47,-250.000000,-15.000000,17.005994
1,47,-245.000000,-15.000000,16.952611
2,47,-240.000000,-15.000000,16.899227
3,47,-235.000000,-15.000000,16.845844
4,47,-230.000000,-15.000000,16.790334
5,47,-225.000000,-15.000000,16.733489
6,47,-220.000000,-15.000000,16.676346
7,47,-215.000000,-15.000000,16.619109
8,47,-210.000000,-15.000000,16.561872
9,47,-205.000000,-15.000000,16.504876
10,47,-200.000000,-15.000000,16.452442
11,47,-195.000000,-15.000000,16.400176
12,47,-190.000000,-15.000000,16.348606
13,47,-185.000000,-15.000000,16.297036
14,47,-180.000000,-15.000000,16.245466
15,47,-175.000000,-15.000000,16.194804
16,47,-170.000000,-15.000000,16.145101
17,47,-165.000000,-15.000000,16.095700
18,47,-160.000000,-15.000000,16.046474
19,47,-155.000000,-15.000000,15.997248
20,47,-150.000000,-15.000000,15.948022
21,47,-145.000000,-15.000000,15.890829
22,47,-140.000000,-15.000000,15.832765
23,47,-135.000000,-15.000000,15.771955
24,47,-130.000000,-15.000000,15.711144
25,47,-125.000000,-15.000000,15.650334
26,47,-120.000000,-15.000000,15.583922
27,47,-115.000000,-15.000000,15.507473
28,47,-110.000000,-15.000000,15.427566
29,47,-105.000000,-15.000000,15.344250
30,47,-100.000000,-15.000000,15.260935
31,47,-95.000000,-15.000000,15.177619
32,47,-90.000000,-15.000000,15.084388
33,47,-85.000000,-15.000000,14.988586
34,47,-80.000000,-15.000000,14.886303
35,47,-75.000000,-15.000000,14.783601
36,47,-70.000000,-15.000000,14.680900
37,47,-65.000000,-15.000000,14.577566
38,47,-60.000000,-15.000000,14.472116
39,47,-55.000000,-15.000000,14.365957
40,47,-50.000000,-15.000000,14.258622
41,47,-45.000000,-15.000000,14.151287
42,47,-40.000000,-15.000000,14.043951
43,47,-35.000000,-15.000000,13.940192
44,47,-30.000000,-15.000000,13.838225
45,47,-25.000000,-15.000000,13.739933
46,47,-20.000000,-15.000000,13.642495
47,47,-15.000000,-15.000000,13.545057
48,47,-10.000000,-15.000000,13.448381
49,47,-5.000000,-15.000000,13.358404
50,47,0.000000,-15.000000,13.270338
51,47,5.000000,-15.000000,13.188080
52,47,10.000000,-15.000000,13.105822
53,47,15.000000,-15.000000,13.023564
54,47,20.000000,-15.000000,12.944060
55,47,25.000000,-15.000000,12.866921
56,47,30.000000,-15.000000,12.794223
57,47,35.000000,-15.000000,12.723582
58,47,40.000000,-15.000000,12.652940
59,47,45.000000,-15.000000,12.582299
60,47,50.000000,-15.000000,12.513779
61,47,55.000000,-15.000000,12.445723
62,47,60.000000,-15.000000,12.380669
63,47,65.000000,-15.000000,12.315614
64,47,70.000000,-15.000000,12.250560
65,47,75.000000,-15.000000,12.185807
66,47,80.000000,-15.000000,12.121487
67,47,85.000000,-15.000000,12.057963
68,47,90.000000,-15.000000,11.995075
69,47,95.000000,-15.000000,11.932187
70,47,100.000000,-15.000000,11.869300
71,47,105.000000,-15.000000,11.806778
72,47,110.000000,-15.000000,11.744322
73,47,115.000000,-15.000000,11.682925
74,47,120.000000,-15.000000,11.621537
75,47,125.000000,-15.000000,11.560149
76,47,130.000000,-15.000000,11.498810
77,47,135.000000,-15.000000,11.437595
78,47,140.000000,-15.000000,11.376619
79,47,145.000000,-15.000000,11.315960
80,47,150.000000,-15.000000,11.255302
81,47,155.000000,-15.000000,11.194643
82,47,160.000000,-15.000000,11.133731
83,47,165.000000,-15.000000,11.072718
84,47,170.000000,-15.000000,11.010370
85,47,175.000000,-15.000000,10.947812
86,47,180.000000,-15.000000,10.885253
87,47,185.000000,-15.000000,10.822590
88,47,190.000000,-15.000000,10.759352
89,47,195.000000,-15.000000,10.694817
90,47,200.000000,-15.000000,10.627248
91,47,205.000000,-15.000000,10.559679
92,47,210.000000,-15.000000,10.492110
93,47,215.000000,-15.000000,10.424262
94,47,220.000000,-15.000000,10.356220
95,47,225.000000,-15.000000,10.284423
96,47,230.000000,-15.000000,10.211275
97,47,235.000000,-15.000000,10.138128
98,47,240.000000,-15.000000,10.064978
99,47,245.000000,-15.000000,9.991756
100,47,250.000000,-15.000000,9.918172
0,48,-250.000000,-10.000000,16.994673
1,48,-245.000000,-10.000000,16.940747
2,48,-240.000000,-10.000000,16.886820
3,48,-235.000000,-10.000000,16.832894
4,48,-230.000000,-10.000000,16.776832
5,48,-225.000000,-10.000000,16.719429
6,48,-220.000000,-10.000000,16.661726
7,48,-215.000000,-10.000000,16.603929
8,48,-210.000000,-10.000000,16.546132
9,48,-205.000000,-10.000000,16.488583
10,48,-200.000000,-10.000000,16.435735
11,48,-195.000000,-10.000000,16.383062
12,48,-190.000000,-10.000000,16.331105
13,48,-185.000000,-10.000000,16.279148
14,48,-180.000000,-10.000000,16.227191
15,48,-175.000000,-10.000000,16.176300
16,48,-170.000000,-10.000000,16.126535
17,48,-165.000000,-10.000000,16.077124
18,48,-160.000000,-10.000000,16.027919
19,48,-155.000000,-10.000000,15.978714
20,48,-150.000000,-10.000000,15.929508
21,48,-145.000000,-10.000000,15.872806
22,48,-140.000000,-10.000000,15.815284
23,48,-135.000000,-10.000000,15.755177
24,48,-130.000000,-10.000000,15.695070
25,48,-125.000000,-10.000000,15.634963
26,48,-120.000000,-10.000000,15.569483
27,48,-115.000000,-10.000000,15.494372
28,48,-110.000000,-10.000000,15.415945
29,48,-105.000000,-10.000000,15.334247
30,48,-100.000000,-10.000000,15.252549
31,48,-95.000000,-10.000000,15.170851
32,48,-90.000000,-10.000000,15.079710
33,48,-85.000000,-10.000000,14.986122
34,48,-80.000000,-10.000000,14.886361
35,48,-75.000000,-10.000000,14.786201
36,48,-70.000000,-10.000000,14.686042
37,48,-65.000000,-10.000000,14.585324
38,48,-60.000000,-10.000000,14.482735
39,48,-55.000000,-10.000000,14.379520
40,48,-50.000000,-10.000000,14.275265
41,48,-45.000000,-10.000000,14.171010
42,48,-40.000000,-10.000000,14.066755
43,48,-35.000000,-10.000000,13.965985
44,48,-30.000000,-10.000000,13.866961
45,48,-25.000000,-10.000000,13.771520
46,48,-20.000000,-10.000000,13.676910
47,48,-15.000000,-10.000000,13.582301
48,48,-10.000000,-10.000000,13.488396
49,48,-5.000000,-10.000000,13.400684
50,48,0.000000,-10.000000,13.314738
51,48,5.000000,-10.000000,13.234163
52,48,10.000000,-10.000000,13.153587
53,48,15.000000,-10.000000,13.073011
54,48,20.000000,-10.000000,12.994803
55,48,25.000000,-10.000000,12.918627
56,48,30.000000,-10.000000,12.846267
57,48,35.000000,-10.000000,12.775675
58,48,40.000000,-10.000000,12.705083
59,48,45.000000,-10.000000,12.634491
60,48,50.000000,-10.000000,12.565494
61,48,55.000000,-10.000000,12.496846
62,48,60.000000,-10.000000,12.430456
63,48,65.000000,-10.000000,12.364065
64,48,70.000000,-10.000000,12.297674
65,48,75.000000,-10.000000,12.231502
66,48,80.000000,-10.000000,12.165645
67,48,85.000000,-10.000000,12.100364
68,48,90.000000,-10.000000,12.035546
69,48,95.000000,-10.000000,11.970727
70,48,100.000000,-10.000000,11.905909
71,48,105.000000,-10.000000,11.841500
72,48,110.000000,-10.000000,11.777166
73,48,115.000000,-10.000000,11.714017
74,48,120.000000,-10.000000,11.650879
75,48,125.000000,-10.000000,11.587741
76,48,130.000000,-10.000000,11.524685
77,48,135.000000,-10.000000,11.461837
78,48,140.000000,-10.000000,11.399389
79,48,145.000000,-10.000000,11.337475
80,48,150.000000,-10.000000,11.275561
81,48,155.000000,-10.000000,11.213648
82,48,160.000000,-10.000000,11.151522
83,48,165.000000,-10.000000,11.089313
84,48,170.000000,-10.000000,11.025993
85,48,175.000000,-10.000000,10.962497
86,48,180.000000,-10.000000,10.899000
87,48,185.000000,-10.000000,10.835398
88,48,190.000000,-10.000000,10.771217
89,48,195.000000,-10.000000,10.705726
90,48,200.000000,-10.000000,10.637173
91,48,205.000000,-10.000000,10.568620
92,48,210.000000,-10.000000,10.500067
93,48,215.000000,-10.000000,10.431224
94,48,220.000000,-10.000000,10.362179
95,48,225.000000,-10.000000,10.289223
96,48,230.000000,-10.000000,10.214860
97,48,235.000000,-10.000000,10.140497
98,48,240.000000,-10.000000,10.066132
99,48,245.000000,-10.000000,9.991693
100,48,250.000000,-10.000000,9.916879
0,49,-250.000000,-5.000000,16.983353
1,49,-245.000000,-5.000000,16.928883
2,49,-240.000000,-5.000000,16.874414
3,49,-235.000000,-5.000000,16.819944
4,49,-230.000000,-5.000000,16.763330
5,49,-225.000000,-5.000000,16.705368
6,49,-220.000000,-5.000000,16.647106
7,49,-215.000000,-5.000000,16.588749
8,49,-210.000000,-5.000000,16.530391
9,49,-205.000000,-5.000000,16.472290
10,49,-200.000000,-5.000000,16.419029
11,49,-195.000000,-5.000000,16.365947
12,49,-190.000000,-5.000000,16.313603
13,49,-185.000000,-5.000000,16.261260
14,49,-180.000000,-5.000000,16.208916
15,49,-175.000000,-5.000000,16.157796
16,49,-170.000000,-5.000000,16.107969
17,49,-165.000000,-5.000000,16.058548
18,49,-160.000000,-5.000000,16.009364
19,49,-155.000000,-5.000000,15.960179
20,49,-150.000000,-5.000000,15.910995
21,49,-145.000000,-5.000000,15.854783
22,49,-140.000000,-5.000000,15.797803
23,49,-135.000000,-5.000000,15.738399
24,49,-130.000000,-5.000000,15.678996
25,49,-125.000000,-5.000000,15.619593
26,49,-120.000000,-5.000000,15.555044
27,49,-115.000000,-5.000000,15.481272
28,49,-110.000000,-5.000000,15.404323
29,49,-105.000000,-5.000000,15.324243
30,49,-100.000000,-5.000000,15.244163
31,49,-95.000000,-5.000000,15.164082
32,49,-90.000000,-5.000000,15.075033
33,49,-85.000000,-5.000000,14.983658
34,49,-80.000000,-5.000000,14.886418
35,49,-75.000000,-5.000000,14.788801
36,49,-70.000000,-5.000000,14.691184
37,49,-65.000000,-5.000000,14.593082
38,49,-60.000000,-5.000000,14.493354
39,49,-55.000000,-5.000000,14.393083
40,49,-50.000000,-5.000000,14.291908
41,49,-45.000000,-5.000000,14.190734
42,49,-40.000000,-5.000000,14.089559
43,49,-35.000000,-5.000000,13.991778
44,49,-30.000000,-5.000000,13.895698
45,49,-25.000000,-5.000000,13.803106
46,49,-20.000000,-5.000000,13.711325
47,49,-15.000000,-5.000000,13.619544
48,49,-10.000000,-5.000000,13.528410
49,49,-5.000000,-5.000000,13.442964
50,49,0.000000,-5.000000,13.359139
51,49,5.000000,-5.000000,13.280246
52,49,10.000000,-5.000000,13.201352
53,49,15.000000,-5.000000,13.122459
54,49,20.000000,-5.000000,13.045546
55,49,25.000000,-5.000000,12.970333
56,49,30.000000,-5.000000,12.898311
57,49,35.000000,-5.000000,12.827768
58,49,40.000000,-5.000000,12.757226
59,49,45.000000,-5.000000,12.686683
60,49,50.000000,-5.000000,12.617209
61,49,55.000000,-5.000000,12.547969
62,49,60.000000,-5.000000,12.480243
63,49,65.000000,-5.000000,12.412516
64,49,70.000000,-5.000000,12.344789
65,49,75.000000,-5.000000,12.277198
66,49,80.000000,-5.000000,12.209803
67,49,85.000000,-5.000000,12.142766
68,49,90.000000,-5.000000,12.076017
69,49,95.000000,-5.000000,12.009267
70,49,100.000000,-5.000000,11.942518
71,49,105.000000,-5.000000,11.876222
72,49,110.000000,-5.000000,11.810009
73,49,115.000000,-5.000000,11.745109
74,49,120.000000,-5.000000,11.680221
75,49,125.000000,-5.000000,11.615332
76,49,130.000000,-5.000000,11.550559
77,49,135.000000,-5.000000,11.486079
78,49,140.000000,-5.000000,11.422159
79,49,145.000000,-5.000000,11.358990
80,49,150.000000,-5.000000,11.295821
81,49,155.000000,-5.000000,11.232652
82,49,160.000000,-5.000000,11.169313
83,49,165.000000,-5.000000,11.105909
84,49,170.000000,-5.000000,11.041615
85,49,175.000000,-5.000000,10.977181
86,49,180.000000,-5.000000,10.912747
87,49,185.000000,-5.000000,10.848207
88,49,190.000000,-5.000000,10.783081
89,49,195.000000,-5.000000,10.716635
90,49,200.000000,-5.000000,10.647098
91,49,205.000000,-5.000000,10.577561
92,49,210.000000,-5.000000,10.508025
93,49,215.000000,-5.000000,10.438186
94,49,220.000000,-5.000000,10.368138
95,49,225.000000,-5.000000,10.294023
96,49,230.000000,-5.000000,10.218445
97,49,235.000000,-5.000000,10.142867
98,49,240.000000,-5.000000,10.067287
99,49,245.000000,-5.000000,9.991630
100,49,250.000000,-5.000000,9.915586
0,50,-250.000000,0.000000,16.973426
1,50,-245.000000,0.000000,16.918407
2,50,-240.000000,0.000000,16.863388
3,50,-235.000000,0.000000,16.808369
4,50,-230.000000,0.000000,16.751218
5,50,-225.000000,0.000000,16.692729
6,50,-220.000000,0.000000,16.633941
7,50,-215.000000,0.000000,16.575058
8,50,-210.000000,0.000000,16.516175
9,50,-205.000000,0.000000,16.457557
10,50,-200.000000,0.000000,16.403958
11,50,-195.000000,0.000000,16.350544
12,50,-190.000000,0.000000,16.297895
13,50,-185.000000,0.000000,16.245246
14,50,-180.000000,0.000000,16.192597
15,50,-175.000000,0.000000,16.141329
16,50,-170.000000,0.000000,16.091520
17,50,-165.000000,0.000000,16.042170
18,50,-160.000000,0.000000,15.993087
19,50,-155.000000,0.000000,15.944004
20,50,-150.000000,0.000000,15.894920
21,50,-145.000000,0.000000,15.839217
22,50,-140.000000,0.000000,15.782790
23,50,-135.000000,0.000000,15.724080
24,50,-130.000000,0.000000,15.665371
25,50,-125.000000,0.000000,15.606661
26,50,-120.000000,0.000000,15.542994
27,50,-115.000000,0.000000,15.470441
28,50,-110.000000,0.000000,15.394828
29,50,-105.000000,0.000000,15.316198
30,50,-100.000000,0.000000,15.237567
31,50,-95.000000,0.000000,15.158937
32,50,-90.000000,0.000000,15.071733
33,50,-85.000000,0.000000,14.982307
34,50,-80.000000,0.000000,14.887275
35,50,-75.000000,0.000000,14.791882
36,50,-70.000000,0.000000,14.696489
37,50,-65.000000,0.000000,14.600675
38,50,-60.000000,0.000000,14.503452
39,50,-55.000000,0.000000,14.405759
40,50,-50.000000,0.000000,14.307281
41,50,-45.000000,0.000000,14.208804
42,50,-40.000000,0.000000,14.110326
43,50,-35.000000,0.000000,14.015172
44,50,-30.000000,0.000000,13.921685
45,50,-25.000000,0.000000,13.831613
46,50,-20.000000,0.000000,13.742336
47,50,-15.000000,0.000000,13.653058
48,50,-10.000000,0.000000,13.564378
49,50,-5.000000,0.000000,13.480952
50,50,0.000000,0.000000,13.399023
51,50,5.000000,0.000000,13.321650
52,50,10.000000,0.000000,13.244277
53,50,15.000000,0.000000,13.166903
54,50,20.000000,0.000000,13.091171
55,50,25.000000,0.000000,13.016847
56,50,30.000000,0.000000,12.945168
57,50,35.000000,0.000000,12.874714
58,50,40.000000,0.000000,12.804260
59,50,45.000000,0.000000,12.733807
60,50,50.000000,0.000000,12.663956
61,50,55.000000,0.000000,12.594237
62,50,60.000000,0.000000,12.525372
63,50,65.000000,0.000000,12.456507
64,50,70.000000,0.000000,12.387642
65,50,75.000000,0.000000,12.318839
66,50,80.000000,0.000000,12.250125
67,50,85.000000,0.000000,12.181574
68,50,90.000000,0.000000,12.113155
69,50,95.000000,0.000000,12.044735
70,50,100.000000,0.000000,11.976316
71,50,105.000000,0.000000,11.908388
72,50,110.000000,0.000000,11.840549
73,50,115.000000,0.000000,11.774134
74,50,120.000000,0.000000,11.707730
75,50,125.000000,0.000000,11.641327
76,50,130.000000,0.000000,11.575068
77,50,135.000000,0.000000,11.509175
78,50,140.000000,0.000000,11.443984
79,50,145.000000,0.000000,11.379732
80,50,150.000000,0.000000,11.315480
81,50,155.000000,0.000000,11.251228
82,50,160.000000,0.000000,11.186842
83,50,165.000000,0.000000,11.122404
84,50,170.000000,0.000000,11.057266
85,50,175.000000,0.000000,10.992016
86,50,180.000000,0.000000,10.926766
87,50,185.000000,0.000000,10.861409
88,50,190.000000,0.000000,10.795459
89,50,195.000000,0.000000,10.728172
90,50,200.000000,0.000000,10.657757
91,50,205.000000,0.000000,10.587342
92,50,210.000000,0.000000,10.516928
93,50,215.000000,0.000000,10.446200
94,50,220.000000,0.000000,10.375254
95,50,225.000000,0.000000,10.300090
96,50,230.000000,0.000000,10.223408
97,50,235.000000,0.000000,10.146727
98,50,240.000000,0.000000,10.070043
99,50,245.000000,0.000000,9.993280
100,50,250.000000,0.000000,9.916118
0,51,-250.000000,5.000000,16.964017
1,51,-245.000000,5.000000,16.908446
2,51,-240.000000,5.000000,16.852875
3,51,-235.000000,5.000000,16.797305
4,51,-230.000000,5.000000,16.739624
5,51,-225.000000,5.000000,16.680618
6,51,-220.000000,5.000000,16.621316
7,51,-215.000000,5.000000,16.561921
8,51,-210.000000,5.000000,16.502525
9,51,-205.000000,5.000000,16.443405
10,51,-200.000000,5.000000,16.389494
11,51,-195.000000,5.000000,16.335776
12,51,-190.000000,5.000000,16.282852
13,51,-185.000000,5.000000,16.229928
14,51,-180.000000,5.000000,16.177004
15,51,-175.000000,5.000000,16.125618
16,51,-170.000000,5.000000,16.075858
17,51,-165.000000,5.000000,16.026609
18,51,-160.000000,5.000000,15.977656
19,51,-155.000000,5.000000,15.928704
20,51,-150.000000,5.000000,15.879752
21,51,-145.000000,5.000000,15.824564
22,51,-140.000000,5.000000,15.768694
23,51,-135.000000,5.000000,15.710675
24,51,-130.000000,5.000000,15.652655
25,51,-125.000000,5.000000,15.594635
26,51,-120.000000,5.000000,15.531832
27,51,-115.000000,5.000000,15.460454
28,51,-110.000000,5.000000,15.386123
29,51,-105.000000,5.000000,15.308880
30,51,-100.000000,5.000000,15.231637
31,51,-95.000000,5.000000,15.154395
32,51,-90.000000,5.000000,15.068946
33,51,-85.000000,5.000000,14.981369
34,51,-80.000000,5.000000,14.888428
35,51,-75.000000,5.000000,14.795141
36,51,-70.000000,5.000000,14.701854
37,51,-65.000000,5.000000,14.608207
38,51,-60.000000,5.000000,14.513357
39,51,-55.000000,5.000000,14.418104
40,51,-50.000000,5.000000,14.322182
41,51,-45.000000,5.000000,14.226259
42,51,-40.000000,5.000000,14.130337
43,51,-35.000000,5.000000,14.037676
44,51,-30.000000,5.000000,13.946650
45,51,-25.000000,5.000000,13.858976
46,51,-20.000000,5.000000,13.772081
47,51,-15.000000,5.000000,13.685186
48,51,-10.000000,5.000000,13.598842
49,51,-5.000000,5.000000,13.517345
50,51,0.000000,5.000000,13.437229
51,51,5.000000,5.000000,13.361316
52,51,10.000000,5.000000,13.285402
53,51,15.000000,5.000000,13.209489
54,51,20.000000,5.000000,13.134895
55,51,25.000000,5.000000,13.061433
56,51,30.000000,5.000000,12.990098
57,51,35.000000,5.000000,12.919748
58,51,40.000000,5.000000,12.849397
59,51,45.000000,5.000000,12.779047
60,51,50.000000,5.000000,12.708857
61,51,55.000000,5.000000,12.638701
62,51,60.000000,5.000000,12.568771
63,51,65.000000,5.000000,12.498842
64,51,70.000000,5.000000,12.428912
65,51,75.000000,5.000000,12.358973
66,51,80.000000,5.000000,12.289022
67,51,85.000000,5.000000,12.219048
68,51,90.000000,5.000000,12.149055
69,51,95.000000,5.000000,12.079062
70,51,100.000000,5.000000,12.009069
71,51,105.000000,5.000000,11.939603
72,51,110.000000,5.000000,11.870233
73,51,115.000000,5.000000,11.802390
74,51,120.000000,5.000000,11.734559
75,51,125.000000,5.000000,11.666729
76,51,130.000000,5.000000,11.599069
77,51,135.000000,5.000000,11.531846
78,51,140.000000,5.000000,11.465457
79,51,145.000000,5.000000,11.400187
80,51,150.000000,5.000000,11.334916
81,51,155.000000,5.000000,11.269645
82,51,160.000000,5.000000,11.204274
83,51,165.000000,5.000000,11.138863
84,51,170.000000,5.000000,11.072926
85,51,175.000000,5.000000,11.006906
86,51,180.000000,5.000000,10.940886
87,51,185.000000,5.000000,10.874757
88,51,190.000000,5.000000,10.808027
89,51,195.000000,5.000000,10.739943
90,51,200.000000,5.000000,10.668689
91,51,205.000000,5.000000,10.597435
92,51,210.000000,5.000000,10.526182
93,51,215.000000,5.000000,10.454604
94,51,220.000000,5.000000,10.382800
95,51,225.000000,5.000000,10.306628
96,51,230.000000,5.000000,10.228884
97,51,235.000000,5.000000,10.151140
98,51,240.000000,5.000000,10.073394
99,51,245.000000,5.000000,9.995566
100,51,250.000000,5.000000,9.917327
0,52,-250.000000,10.000000,16.956138
1,52,-245.000000,10.000000,16.900009
2,52,-240.000000,10.000000,16.843879
3,52,-235.000000,10.000000,16.787750
4,52,-230.000000,10.000000,16.729557
5,52,-225.000000,10.000000,16.670067
6,52,-220.000000,10.000000,16.610289
7,52,-215.000000,10.000000,16.550419
8,52,-210.000000,10.000000,16.490549
9,52,-205.000000,10.000000,16.430966
10,52,-200.000000,10.000000,16.376826
11,52,-195.000000,10.000000,16.322887
12,52,-190.000000,10.000000,16.269778
13,52,-185.000000,10.000000,16.216669
14,52,-180.000000,10.000000,16.163560
15,52,-175.000000,10.000000,16.112145
16,52,-170.000000,10.000000,16.062522
17,52,-165.000000,10.000000,16.013461
18,52,-160.000000,10.000000,15.964727
19,52,-155.000000,10.000000,15.915994
20,52,-150.000000,10.000000,15.867261
21,52,-145.000000,10.000000,15.812609
22,52,-140.000000,10.000000,15.757309
23,52,-135.000000,10.000000,15.699968
24,52,-130.000000,10.000000,15.642628
25,52,-125.000000,10.000000,15.585287
26,52,-120.000000,10.000000,15.523293
27,52,-115.000000,10.000000,15.452958
28,52,-110.000000,10.000000,15.379752
29,52,-105.000000,10.000000,15.303713
30,52,-100.000000,10.000000,15.227673
31,52,-95.000000,10.000000,15.151634
32,52,-90.000000,10.000000,15.067671
33,52,-85.000000,10.000000,14.981655
34,52,-80.000000,10.000000,14.890458
35,52,-75.000000,10.000000,14.798928
36,52,-70.000000,10.000000,14.707398
37,52,-65.000000,10.000000,14.615559
38,52,-60.000000,10.000000,14.522690
39,52,-55.000000,10.000000,14.429475
40,52,-50.000000,10.000000,14.335688
41,52,-45.000000,10.000000,14.241900
42,52,-40.000000,10.000000,14.148112
43,52,-35.000000,10.000000,14.057547
44,52,-30.000000,10.000000,13.968596
45,52,-25.000000,10.000000,13.882957
46,52,-20.000000,10.000000,13.798088
47,52,-15.000000,10.000000,13.713219
48,52,-10.000000,10.000000,13.628863
49,52,-5.000000,10.000000,13.549026
50,52,0.000000,10.000000,13.470476
51,52,5.000000,10.000000,13.395845
52,52,10.000000,10.000000,13.321213
53,52,15.000000,10.000000,13.246581
54,52,20.000000,10.000000,13.172999
55,52,25.000000,10.000000,13.100319
56,52,30.000000,10.000000,13.029332
57,52,35.000000,10.000000,12.959129
58,52,40.000000,10.000000,12.888927
59,52,45.000000,10.000000,12.818724
60,52,50.000000,10.000000,12.748303
61,52,55.000000,10.000000,12.677834
62,52,60.000000,10.000000,12.607057
63,52,65.000000,10.000000,12.536280
64,52,70.000000,10.000000,12.465503
65,52,75.000000,10.000000,12.394656
66,52,80.000000,10.000000,12.323708
67,52,85.000000,10.000000,12.252576
68,52,90.000000,10.000000,12.181296
69,52,95.000000,10.000000,12.110016
70,52,100.000000,10.000000,12.038735
71,52,105.000000,10.000000,11.968011
72,52,110.000000,10.000000,11.897388
73,52,115.000000,10.000000,11.828375
74,52,120.000000,10.000000,11.759376
75,52,125.000000,10.000000,11.690377
76,52,130.000000,10.000000,11.621571
77,52,135.000000,10.000000,11.553260
78,52,140.000000,10.000000,11.485893
79,52,145.000000,10.000000,11.419793
80,52,150.000000,10.000000,11.353693
81,52,155.000000,10.000000,11.287592
82,52,160.000000,10.000000,11.221417
83,52,165.000000,10.000000,11.155213
84,52,170.000000,10.000000,11.088618
85,52,175.000000,10.000000,11.021962
86,52,180.000000,10.000000,10.955305
87,52,185.000000,10.000000,10.888537
88,52,190.000000,10.000000,10.821159
89,52,195.000000,10.000000,10.752404
90,52,200.000000,10.000000,10.680427
91,52,205.000000,10.000000,10.608450
92,52,210.000000,10.000000,10.536474
93,52,215.000000,10.000000,10.464162
94,52,220.000000,10.000000,10.391616
95,52,225.000000,10.000000,10.314557
96,52,230.000000,10.000000,10.235873
97,52,235.000000,10.000000,10.157189
98,52,240.000000,10.000000,10.078503
99,52,245.000000,10.000000,9.999733
100,52,250.000000,10.000000,9.920540
0,53,-250.000000,15.000000,16.948259
1,53,-245.000000,15.000000,16.891571
2,53,-240.000000,15.000000,16.834883
3,53,-235.000000,15.000000,16.778195
4,53,-230.000000,15.000000,16.719489
5,53,-225.000000,15.000000,16.659517
6,53,-220.000000,15.000000,16.599262
7,53,-215.000000,15.000000,16.538917
8,53,-210.000000,15.000000,16.478573
9,53,-205.000000,15.000000,16.418528
10,53,-200.000000,15.000000,16.364158
11,53,-195.000000,15.000000,16.309998
12,53,-190.000000,15.000000,16.256704
13,53,-185.000000,15.000000,16.203410
14,53,-180.000000,15.000000,16.150115
15,53,-175.000000,15.000000,16.098672
16,53,-170.000000,15.000000,16.049185
17,53,-165.000000,15.000000,16.000313
18,53,-160.000000,15.000000,15.951798
19,53,-155.000000,15.000000,15.903284
20,53,-150.000000,15.000000,15.854770
21,53,-145.000000,15.000000,15.800653
22,53,-140.000000,15.000000,15.745923
23,53,-135.000000,15.000000,15.689262
24,53,-130.000000,15.000000,15.632600
25,53,-125.000000,15.000000,15.575939
26,53,-120.000000,15.000000,15.514754
27,53,-115.000000,15.000000,15.445463
28,53,-110.000000,15.000000,15.373381
29,53,-105.000000,15.000000,15.298545
30,53,-100.000000,15.000000,15.223709
31,53,-95.000000,15.000000,15.148873
32,53,-90.000000,15.000000,15.066397
33,53,-85.000000,15.000000,14.981940
34,53,-80.000000,15.000000,14.892488
35,53,-75.000000,15.000000,14.802715
36,53,-70.000000,15.000000,14.712941
37,53,-65.000000,15.000000,14.622911
38,53,-60.000000,15.000000,14.532022
39,53,-55.000000,15.000000,14.440847
40,53,-50.000000,15.000000,14.349194
41,53,-45.000000,15.000000,14.257541
42,53,-40.000000,15.000000,14.165888
43,53,-35.000000,15.000000,14.077418
44,53,-30.000000,15.000000,13.990543
45,53,-25.000000,15.000000,13.906939
46,53,-20.000000,15.000000,13.824095
47,53,-15.000000,15.000000,13.741251
48,53,-10.000000,15.000000,13.658884
49,53,-5.000000,15.000000,13.580707
50,53,0.000000,15.000000,13.503724
51,53,5.000000,15.000000,13.430373
52,53,10.000000,15.000000,13.357023
53,53,15.000000,15.000000,13.283673
54,53,20.000000,15.000000,13.211104
55,53,25.000000,15.000000,13.139205
56,53,30.000000,15.000000,13.068566
57,53,35.000000,15.000000,12.998511
58,53,40.000000,15.000000,12.928456
59,53,45.000000,15.000000,12.858400
60,53,50.000000,15.000000,12.787749
61,53,55.000000,15.000000,12.716967
62,53,60.000000,15.000000,12.645343
63,53,65.000000,15.000000,12.573718
64,53,70.000000,15.000000,12.502094
65,53,75.000000,15.000000,12.430338
66,53,80.000000,15.000000,12.358394
67,53,85.000000,15.000000,12.286104
68,53,90.000000,15.000000,12.213536
69,53,95.000000,15.000000,12.140969
70,53,100.000000,15.000000,12.068402
71,53,105.000000,15.000000,11.996419
72,53,110.000000,15.000000,11.924543
73,53,115.000000,15.000000,11.854361
74,53,120.000000,15.000000,11.784193
75,53,125.000000,15.000000,11.714025
76,53,130.000000,15.000000,11.644073
77,53,135.000000,15.000000,11.574674
78,53,140.000000,15.000000,11.506329
79,53,145.000000,15.000000,11.439399
80,53,150.000000,15.000000,11.372469
81,53,155.000000,15.000000,11.305539
82,53,160.000000,15.000000,11.238560
83,53,165.000000,15.000000,11.171563
84,53,170.000000,15.000000,11.104310
85,53,175.000000,15.000000,11.037017
86,53,180.000000,15.000000,10.969723
87,53,185.000000,15.000000,10.902317
88,53,190.000000,15.000000,10.834291
89,53,195.000000,15.000000,10.764865
90,53,200.000000,15.000000,10.692165
91,53,205.000000,15.000000,10.619466
92,53,210.000000,15.000000,10.546766
93,53,215.000000,15.000000,10.473719
94,53,220.000000,15.000000,10.400433
95,53,225.000000,15.000000,10.322486
96,53,230.000000,15.000000,10.242862
97,53,235.000000,15.000000,10.163238
98,53,240.000000,15.000000,10.083613
99,53,245.000000,15.000000,10.003900
100,53,250.000000,15.000000,9.923754
0,54,-250.000000,20.000000,16.940381
1,54,-245.000000,20.000000,16.883134
2,54,-240.000000,20.000000,16.825887
3,54,-235.000000,20.000000,16.768640
4,54,-230.000000,20.000000,16.709422
5,54,-225.000000,20.000000,16.648966
6,54,-220.000000,20.000000,16.588235
7,54,-215.000000,20.000000,16.527416
8,54,-210.000000,20.000000,16.466597
9,54,-205.000000,20.000000,16.406089
10,54,-200.000000,20.000000,16.351490
11,54,-195.000000,20.000000,16.297110
12,54,-190.000000,20.000000,16.243630
13,54,-185.000000,20.000000,16.190150
14,54,-180.000000,20.000000,16.136671
15,54,-175.000000,20.000000,16.085198
16,54,-170.000000,20.000000,16.035849
17,54,-165.000000,20.000000,15.987165
18,54,-160.000000,20.000000,15.938869
19,54,-155.000000,20.000000,15.890574
20,54,-150.000000,20.000000,15.842279
21,54,-145.000000,20.000000,15.788697
22,54,-140.000000,20.000000,15.734538
23,54,-135.000000,20.000000,15.678555
24,54,-130.000000,20.000000,15.622573
25,54,-125.000000,20.000000,15.566591
26,54,-120.000000,20.000000,15.506216
27,54,-115.000000,20.000000,15.437968
28,54,-110.000000,20.000000,15.367010
29,54,-105.000000,20.000000,15.293377
30,54,-100.000000,20.000000,15.219745
31,54,-95.000000,20.000000,15.146112
32,54,-90.000000,20.000000,15.065123
33,54,-85.000000,20.000000,14.982226
34,54,-80.000000,20.000000,14.894519
35,54,-75.000000,20.000000,14.806502
36,54,-70.000000,20.000000,14.718484
37,54,-65.000000,20.000000,14.630262
38,54,-60.000000,20.000000,14.541355
39,54,-55.000000,20.000000,14.452218
40,54,-50.000000,20.000000,14.362700
41,54,-45.000000,20.000000,14.273181
42,54,-40.000000,20.000000,14.183663
43,54,-35.000000,20.000000,14.097288
44,54,-30.000000,20.000000,14.012489
45,54,-25.000000,20.000000,13.930920
46,54,-20.000000,20.000000,13.850102
47,54,-15.000000,20.000000,13.769284
48,54,-10.000000,20.000000,13.688905
49,54,-5.000000,20.000000,13.612388
50,54,0.000000,20.000000,13.536971
51,54,5.000000,20.000000,13.464902
52,54,10.000000,20.000000,13.392833
53,54,15.000000,20.000000,13.320765
54,54,20.000000,20.000000,13.249208
55,54,25.000000,20.000000,13.178092
56,54,30.000000,20.000000,13.107801
57,54,35.000000,20.000000,13.037893
58,54,40.000000,20.000000,12.967985
59,54,45.000000,20.000000,12.898076
60,54,50.000000,20.000000,12.827195
61,54,55.000000,20.000000,12.756100
62,54,60.000000,20.000000,12.683628
63,54,65.000000,20.000000,12.611157
64,54,70.000000,20.000000,12.538685
65,54,75.000000,20.000000,12.466020
66,54,80.000000,20.000000,12.393080
67,54,85.000000,20.000000,12.319632
68,54,90.000000,20.000000,12.245777
69,54,95.000000,20.000000,12.171923
70,54,100.000000,20.000000,12.098068
71,54,105.000000,20.000000,12.024828
72,54,110.000000,20.000000,11.951698
73,54,115.000000,20.000000,11.880346
74,54,120.000000,20.000000,11.809009
75,54,125.000000,20.000000,11.737673
76,54,130.000000,20.000000,11.666575
77,54,135.000000,20.000000,11.596087
78,54,140.000000,20.000000,11.526765
79,54,145.000000,20.000000,11.459006
80,54,150.000000,20.000000,11.391246
81,54,155.000000,20.000000,11.323486
82,54,160.000000,20.000000,11.255704
83,54,165.000000,20.000000,11.187912
84,54,170.000000,20.000000,11.120001
85,54,175.000000,20.000000,11.052072
86,54,180.000000,20.000000,10.984142
87,54,185.000000,20.000000,10.916098
88,54,190.000000,20.000000,10.847423
89,54,195.000000,20.000000,10.777327
90,54,200.000000,20.000000,10.703904
91,54,205.000000,20.000000,10.630481
92,54,210.000000,20.000000,10.557058
93,54,215.000000,20.000000,10.483277
94,54,220.000000,20.000000,10.409249
95,54,225.000000,20.000000,10.330415
96,54,230.000000,20.000000,10.249851
97,54,235.000000,20.000000,10.169288
98,54,240.000000,20.000000,10.088722
99,54,245.000000,20.000000,10.008067
100,54,250.000000,20.000000,9.926967
0,55,-250.000000,25.000000,16.927419
1,55,-245.000000,25.000000,16.869808
2,55,-240.000000,25.000000,16.812198
3,55,-235.000000,25.000000,16.754587
4,55,-230.000000,25.000000,16.695051
5,55,-225.000000,25.000000,16.634304
6,55,-220.000000,25.000000,16.573287
7,55,-215.000000,25.000000,16.512185
8,55,-210.000000,25.000000,16.451082
9,55,-205.000000,25.000000,16.390302
10,55,-200.000000,25.000000,16.335615
11,55,-195.000000,25.000000,16.281154
12,55,-190.000000,25.000000,16.227622
13,55,-185.000000,25.000000,16.174090
14,55,-180.000000,25.000000,16.120558
15,55,-175.000000,25.000000,16.069160
16,55,-170.000000,25.000000,16.020019
17,55,-165.000000,25.000000,15.971586
18,55,-160.000000,25.000000,15.923566
19,55,-155.000000,25.000000,15.875546
20,55,-150.000000,25.000000,15.827526
21,55,-145.000000,25.000000,15.774493
22,55,-140.000000,25.000000,15.720912
23,55,-135.000000,25.000000,15.665602
24,55,-130.000000,25.000000,15.610292
25,55,-125.000000,25.000000,15.554982
26,55,-120.000000,25.000000,15.495397
27,55,-115.000000,25.000000,15.428150
28,55,-110.000000,25.000000,15.358263
29,55,-105.000000,25.000000,15.285775
30,55,-100.000000,25.000000,15.213286
31,55,-95.000000,25.000000,15.140798
32,55,-90.000000,25.000000,15.061203
33,55,-85.000000,25.000000,14.979767
34,55,-80.000000,25.000000,14.893685
35,55,-75.000000,25.000000,14.807304
36,55,-70.000000,25.000000,14.720923
37,55,-65.000000,25.000000,14.634380
38,55,-60.000000,25.000000,14.547298
39,55,-55.000000,25.000000,14.460036
40,55,-50.000000,25.000000,14.372473
41,55,-45.000000,25.000000,14.284911
42,55,-40.000000,25.000000,14.197348
43,55,-35.000000,25.000000,14.112888
44,55,-30.000000,25.000000,14.029983
45,55,-25.000000,25.000000,13.950267
46,55,-20.000000,25.000000,13.871292
47,55,-15.000000,25.000000,13.792317
48,55,-10.000000,25.000000,13.713748
49,55,-5.000000,25.000000,13.638754
50,55,0.000000,25.000000,13.564778
51,55,5.000000,25.000000,13.493902
52,55,10.000000,25.000000,13.423026
53,55,15.000000,25.000000,13.352150
54,55,20.000000,25.000000,13.281558
55,55,25.000000,25.000000,13.211209
56,55,30.000000,25.000000,13.141318
57,55,35.000000,25.000000,13.071638
58,55,40.000000,25.000000,13.001959
59,55,45.000000,25.000000,12.932279
60,55,50.000000,25.000000,12.861310
61,55,55.000000,25.000000,12.790059
62,55,60.000000,25.000000,12.716982
63,55,65.000000,25.000000,12.643905
64,55,70.000000,25.000000,12.570829
65,55,75.000000,25.000000,12.497509
66,55,80.000000,25.000000,12.423839
67,55,85.000000,25.000000,12.349526
68,55,90.000000,25.000000,12.274699
69,55,95.000000,25.000000,12.199872
70,55,100.000000,25.000000,12.125044
71,55,105.000000,25.000000,12.050852
72,55,110.000000,25.000000,11.976775
73,55,115.000000,25.000000,11.904536
74,55,120.000000,25.000000,11.832313
75,55,125.000000,25.000000,11.760090
76,55,130.000000,25.000000,11.688124
77,55,135.000000,25.000000,11.616810
78,55,140.000000,25.000000,11.546746
79,55,145.000000,25.000000,11.478357
80,55,150.000000,25.000000,11.409967
81,55,155.000000,25.000000,11.341577
82,55,160.000000,25.000000,11.273181
83,55,165.000000,25.000000,11.204784
84,55,170.000000,25.000000,11.136358
85,55,175.000000,25.000000,11.067928
86,55,180.000000,25.000000,10.999498
87,55,185.000000,25.000000,10.930951
88,55,190.000000,25.000000,10.861763
89,55,195.000000,25.000000,10.791130
90,55,200.000000,25.000000,10.717113
91,55,205.000000,25.000000,10.643097
92,55,210.000000,25.000000,10.569081
93,55,215.000000,25.000000,10.494699
94,55,220.000000,25.000000,10.420062
95,55,225.000000,25.000000,10.340496
96,55,230.000000,25.000000,10.259157
97,55,235.000000,25.000000,10.177818
98,55,240.000000,25.000000,10.096476
99,55,245.000000,25.000000,10.015044
100,55,250.000000,25.000000,9.933159
0,56,-250.000000,30.000000,16.912296
1,56,-245.000000,30.000000,16.854405
2,56,-240.000000,30.000000,16.796514
3,56,-235.000000,30.000000,16.738622
4,56,-230.000000,30.000000,16.678849
5,56,-225.000000,30.000000,16.617892
6,56,-220.000000,30.000000,16.556671
7,56,-215.000000,30.000000,16.495368
8,56,-210.000000,30.000000,16.434064
9,56,-205.000000,30.000000,16.373090
10,56,-200.000000,30.000000,16.318376
11,56,-195.000000,30.000000,16.263894
12,56,-190.000000,30.000000,16.210366
13,56,-185.000000,30.000000,16.156838
14,56,-180.000000,30.000000,16.103310
15,56,-175.000000,30.000000,16.052031
16,56,-170.000000,30.000000,16.003130
17,56,-165.000000,30.000000,15.954974
18,56,-160.000000,30.000000,15.907253
19,56,-155.000000,30.000000,15.859533
20,56,-150.000000,30.000000,15.811812
21,56,-145.000000,30.000000,15.759333
22,56,-140.000000,30.000000,15.706333
23,56,-135.000000,30.000000,15.651693
24,56,-130.000000,30.000000,15.597053
25,56,-125.000000,30.000000,15.542413
26,56,-120.000000,30.000000,15.483609
27,56,-115.000000,30.000000,15.417343
28,56,-110.000000,30.000000,15.348507
29,56,-105.000000,30.000000,15.277137
30,56,-100.000000,30.000000,15.205766
31,56,-95.000000,30.000000,15.134396
32,56,-90.000000,30.000000,15.056159
33,56,-85.000000,30.000000,14.976141
34,56,-80.000000,30.000000,14.891634
35,56,-75.000000,30.000000,14.806837
36,56,-70.000000,30.000000,14.722040
37,56,-65.000000,30.000000,14.637122
38,56,-60.000000,30.000000,14.551800
39,56,-55.000000,30.000000,14.466342
40,56,-50.000000,30.000000,14.380659
41,56,-45.000000,30.000000,14.294976
42,56,-40.000000,30.000000,14.209293
43,56,-35.000000,30.000000,14.126671
44,56,-30.000000,30.000000,14.045584
45,56,-25.000000,30.000000,13.967643
46,56,-20.000000,30.000000,13.890433
47,56,-15.000000,30.000000,13.813223
48,56,-10.000000,30.000000,13.736388
49,56,-5.000000,30.000000,13.662859
50,56,0.000000,30.000000,13.590272
51,56,5.000000,30.000000,13.520551
52,56,10.000000,30.000000,13.450830
53,56,15.000000,30.000000,13.381109
54,56,20.000000,30.000000,13.311460
55,56,25.000000,30.000000,13.241873
56,56,30.000000,30.000000,13.172403
57,56,35.000000,30.000000,13.102987
58,56,40.000000,30.000000,13.033571
59,56,45.000000,30.000000,12.964155
60,56,50.000000,30.000000,12.893158
61,56,55.000000,30.000000,12.821816
62,56,60.000000,30.000000,12.748238
63,56,65.000000,30.000000,12.674660
64,56,70.000000,30.000000,12.601082
65,56,75.000000,30.000000,12.527213
66,56,80.000000,30.000000,12.452928
67,56,85.000000,30.000000,12.377875
68,56,90.000000,30.000000,12.302209
69,56,95.000000,30.000000,12.226543
70,56,100.000000,30.000000,12.150876
71,56,105.000000,30.000000,12.075863
72,56,110.000000,30.000000,12.000968
73,56,115.000000,30.000000,11.927963
74,56,120.000000,30.000000,11.854974
75,56,125.000000,30.000000,11.781985
76,56,130.000000,30.000000,11.709267
77,56,135.000000,30.000000,11.637240
78,56,140.000000,30.000000,11.566534
79,56,145.000000,30.000000,11.497599
80,56,150.000000,30.000000,11.428664
81,56,155.000000,30.000000,11.359728
82,56,160.000000,30.000000,11.290801
83,56,165.000000,30.000000,11.221878
84,56,170.000000,30.000000,11.152998
85,56,175.000000,30.000000,11.084125
86,56,180.000000,30.000000,11.015252
87,56,185.000000,30.000000,10.946260
88,56,190.000000,30.000000,10.876617
89,56,195.000000,30.000000,10.805503
90,56,200.000000,30.000000,10.730949
91,56,205.000000,30.000000,10.656395
92,56,210.000000,30.000000,10.581841
93,56,215.000000,30.000000,10.506912
94,56,220.000000,30.000000,10.431724
95,56,225.000000,30.000000,10.351492
96,56,230.000000,30.000000,10.269447
97,56,235.000000,30.000000,10.187402
98,56,240.000000,30.000000,10.105355
99,56,245.000000,30.000000,10.023216
100,56,250.000000,30.000000,9.940617
0,57,-250.000000,35.000000,16.888597
1,57,-245.000000,35.000000,16.830755
2,57,-240.000000,35.000000,16.772912
3,57,-235.000000,35.000000,16.715070
4,57,-230.000000,35.000000,16.655384
5,57,-225.000000,35.000000,16.594542
6,57,-220.000000,35.000000,16.533441
7,57,-215.000000,35.000000,16.472259
8,57,-210.000000,35.000000,16.411076
9,57,-205.000000,35.000000,16.350229
10,57,-200.000000,35.000000,16.295727
11,57,-195.000000,35.000000,16.241460
12,57,-190.000000,35.000000,16.188161
13,57,-185.000000,35.000000,16.134861
14,57,-180.000000,35.000000,16.081562
15,57,-175.000000,35.000000,16.030576
16,57,-170.000000,35.000000,15.982035
17,57,-165.000000,35.000000,15.934261
18,57,-160.000000,35.000000,15.886935
19,57,-155.000000,35.000000,15.839609
20,57,-150.000000,35.000000,15.792283
21,57,-145.000000,35.000000,15.740379
22,57,-140.000000,35.000000,15.687975
23,57,-135.000000,35.000000,15.633993
24,57,-130.000000,35.000000,15.580012
25,57,-125.000000,35.000000,15.526030
26,57,-120.000000,35.000000,15.467974
27,57,-115.000000,35.000000,15.402616
28,57,-110.000000,35.000000,15.334743
29,57,-105.000000,35.000000,15.264391
30,57,-100.000000,35.000000,15.194038
31,57,-95.000000,35.000000,15.123686
32,57,-90.000000,35.000000,15.046652
33,57,-85.000000,35.000000,14.967885
34,57,-80.000000,35.000000,14.884751
35,57,-75.000000,35.000000,14.801335
36,57,-70.000000,35.000000,14.717918
37,57,-65.000000,35.000000,14.634408
38,57,-60.000000,35.000000,14.550583
39,57,-55.000000,35.000000,14.466653
40,57,-50.000000,35.000000,14.382548
41,57,-45.000000,35.000000,14.298443
42,57,-40.000000,35.000000,14.214337
43,57,-35.000000,35.000000,14.133250
44,57,-30.000000,35.000000,14.053674
45,57,-25.000000,35.000000,13.977200
46,57,-20.000000,35.000000,13.901446
47,57,-15.000000,35.000000,13.825693
48,57,-10.000000,35.000000,13.750292
49,57,-5.000000,35.000000,13.677998
50,57,0.000000,35.000000,13.606589
51,57,5.000000,35.000000,13.537873
52,57,10.000000,35.000000,13.469157
53,57,15.000000,35.000000,13.400440
54,57,20.000000,35.000000,13.331653
55,57,25.000000,35.000000,13.262805
56,57,30.000000,35.000000,13.193843
57,57,35.000000,35.000000,13.124827
58,57,40.000000,35.000000,13.055811
59,57,45.000000,35.000000,12.986796
60,57,50.000000,35.000000,12.916013
61,57,55.000000,35.000000,12.844843
62,57,60.000000,35.000000,12.771173
63,57,65.000000,35.000000,12.697503
64,57,70.000000,35.000000,12.623833
65,57,75.000000,35.000000,12.549842
66,57,80.000000,35.000000,12.475391
67,57,85.000000,35.000000,12.400094
68,57,90.000000,35.000000,12.324119
69,57,95.000000,35.000000,12.248144
70,57,100.000000,35.000000,12.172170
71,57,105.000000,35.000000,12.096852
72,57,110.000000,35.000000,12.021655
73,57,115.000000,35.000000,11.948360
74,57,120.000000,35.000000,11.875081
75,57,125.000000,35.000000,11.801803
76,57,130.000000,35.000000,11.728801
77,57,135.000000,35.000000,11.656504
78,57,140.000000,35.000000,11.585554
79,57,145.000000,35.000000,11.516410
80,57,150.000000,35.000000,11.447266
81,57,155.000000,35.000000,11.378122
82,57,160.000000,35.000000,11.308985
83,57,165.000000,35.000000,11.239852
84,57,170.000000,35.000000,11.170759
85,57,175.000000,35.000000,11.101673
86,57,180.000000,35.000000,11.032587
87,57,185.000000,35.000000,10.963380
88,57,190.000000,35.000000,10.893509
89,57,195.000000,35.000000,10.822140
90,57,200.000000,35.000000,10.747268
91,57,205.000000,35.000000,10.672395
92,57,210.000000,35.000000,10.597522
93,57,215.000000,35.000000,10.522270
94,57,220.000000,35.000000,10.446753
95,57,225.000000,35.000000,10.366120
96,57,230.000000,35.000000,10.283646
97,57,235.000000,35.000000,10.201172
98,57,240.000000,35.000000,10.118696
99,57,245.000000,35.000000,10.036128
100,57,250.000000,35.000000,9.953099
0,58,-250.000000,40.000000,16.864899
1,58,-245.000000,40.000000,16.807105
2,58,-240.000000,40.000000,16.749311
3,58,-235.000000,40.000000,16.691517
4,58,-230.000000,40.000000,16.631920
5,58,-225.000000,40.000000,16.571192
6,58,-220.000000,40.000000,16.510211
7,58,-215.000000,40.000000,16.449150
8,58,-210.000000,40.000000,16.388089
9,58,-205.000000,40.000000,16.327368
10,58,-200.000000,40.000000,16.273078
11,58,-195.000000,40.000000,16.219026
12,58,-190.000000,40.000000,16.165955
13,58,-185.000000,40.000000,16.112884
14,58,-180.000000,40.000000,16.059813
15,58,-175.000000,40.000000,16.009120
16,58,-170.000000,40.000000,15.960939
17,58,-165.000000,40.000000,15.913548
18,58,-160.000000,40.000000,15.866616
19,58,-155.000000,40.000000,15.819685
20,58,-150.000000,40.000000,15.772753
21,58,-145.000000,40.000000,15.721426
22,58,-140.000000,40.000000,15.669618
23,58,-135.000000,40.000000,15.616294
24,58,-130.000000,40.000000,15.562970
25,58,-125.000000,40.000000,15.509647
26,58,-120.000000,40.000000,15.452338
27,58,-115.000000,40.000000,15.387888
28,58,-110.000000,40.000000,15.320979
29,58,-105.000000,40.000000,15.251645
30,58,-100.000000,40.000000,15.182310
31,58,-95.000000,40.000000,15.112975
32,58,-90.000000,40.000000,15.037145
33,58,-85.000000,40.000000,14.959630
34,58,-80.000000,40.000000,14.877868
35,58,-75.000000,40.000000,14.795832
36,58,-70.000000,40.000000,14.713797
37,58,-65.000000,40.000000,14.631694
38,58,-60.000000,40.000000,14.549367
39,58,-55.000000,40.000000,14.466964
40,58,-50.000000,40.000000,14.384437
41,58,-45.000000,40.000000,14.301909
42,58,-40.000000,40.000000,14.219382
43,58,-35.000000,40.000000,14.139828
44,58,-30.000000,40.000000,14.061764
45,58,-25.000000,40.000000,13.986757
46,58,-20.000000,40.000000,13.912460
47,58,-15.000000,40.000000,13.838163
48,58,-10.000000,40.000000,13.764196
49,58,-5.000000,40.000000,13.693136
50,58,0.000000,40.000000,13.622905
51,58,5.000000,40.000000,13.555194
52,58,10.000000,40.000000,13.487483
53,58,15.000000,40.000000,13.419772
54,58,20.000000,40.000000,13.351847
55,58,25.000000,40.000000,13.283737
56,58,30.000000,40.000000,13.215282
57,58,35.000000,40.000000,13.146667
58,58,40.000000,40.000000,13.078052
59,58,45.000000,40.000000,13.009437
60,58,50.000000,40.000000,12.938867
61,58,55.000000,40.000000,12.867871
62,58,60.000000,40.000000,12.794108
63,58,65.000000,40.000000,12.720346
64,58,70.000000,40.000000,12.646584
65,58,75.000000,40.000000,12.572471
66,58,80.000000,40.000000,12.497855
67,58,85.000000,40.000000,12.422312
68,58,90.000000,40.000000,12.346029
69,58,95.000000,40.000000,12.269746
70,58,100.000000,40.000000,12.193463
71,58,105.000000,40.000000,12.117842
72,58,110.000000,40.000000,12.042341
73,58,115.000000,40.000000,11.968757
74,58,120.000000,40.000000,11.895189
75,58,125.000000,40.000000,11.821621
76,58,130.000000,40.000000,11.748336
77,58,135.000000,40.000000,11.675768
78,58,140.000000,40.000000,11.604574
79,58,145.000000,40.000000,11.535221
80,58,150.000000,40.000000,11.465868
81,58,155.000000,40.000000,11.396515
82,58,160.000000,40.000000,11.327170
83,58,165.000000,40.000000,11.257827
84,58,170.000000,40.000000,11.188521
85,58,175.000000,40.000000,11.119222
86,58,180.000000,40.000000,11.049922
87,58,185.000000,40.000000,10.980499
88,58,190.000000,40.000000,10.910401
89,58,195.000000,40.000000,10.838778
90,58,200.000000,40.000000,10.763586
91,58,205.000000,40.000000,10.688395
92,58,210.000000,40.000000,10.613204
93,58,215.000000,40.000000,10.537627
94,58,220.000000,40.000000,10.461782
95,58,225.000000,40.000000,10.380747
96,58,230.000000,40.000000,10.297844
97,58,235.000000,40.000000,10.214942
98,58,240.000000,40.000000,10.132037
99,58,245.000000,40.000000,10.049040
100,58,250.000000,40.000000,9.965582
0,59,-250.000000,45.000000,16.841201
1,59,-245.000000,45.000000,16.783455
2,59,-240.000000,45.000000,16.725709
3,59,-235.000000,45.000000,16.667964
4,59,-230.000000,45.000000,16.608456
5,59,-225.000000,45.000000,16.547842
6,59,-220.000000,45.000000,16.486981
7,59,-215.000000,45.000000,16.426041
8,59,-210.000000,45.000000,16.365102
9,59,-205.000000,45.000000,16.304506
10,59,-200.000000,45.000000,16.250429
11,59,-195.000000,45.000000,16.196592
12,59,-190.000000,45.000000,16.143750
13,59,-185.000000,45.000000,16.090907
14,59,-180.000000,45.000000,16.038064
15,59,-175.000000,45.000000,15.987664
16,59,-170.000000,45.000000,15.939844
17,59,-165.000000,45.000000,15.892834
18,59,-160.000000,45.000000,15.846297
19,59,-155.000000,45.000000,15.799760
20,59,-150.000000,45.000000,15.753223
21,59,-145.000000,45.000000,15.702472
22,59,-140.000000,45.000000,15.651260
23,59,-135.000000,45.000000,15.598594
24,59,-130.000000,45.000000,15.545929
25,59,-125.000000,45.000000,15.493264
26,59,-120.000000,45.000000,15.436703
27,59,-115.000000,45.000000,15.373161
28,59,-110.000000,45.000000,15.307215
29,59,-105.000000,45.000000,15.238899
30,59,-100.000000,45.000000,15.170582
31,59,-95.000000,45.000000,15.102265
32,59,-90.000000,45.000000,15.027637
33,59,-85.000000,45.000000,14.951374
34,59,-80.000000,45.000000,14.870985
35,59,-75.000000,45.000000,14.790330
36,59,-70.000000,45.000000,14.709675
37,59,-65.000000,45.000000,14.628980
38,59,-60.000000,45.000000,14.548150
39,59,-55.000000,45.000000,14.467275
40,59,-50.000000,45.000000,14.386325
41,59,-45.000000,45.000000,14.305376
42,59,-40.000000,45.000000,14.224426
43,59,-35.000000,45.000000,14.146406
44,59,-30.000000,45.000000,14.069854
45,59,-25.000000,45.000000,13.996314
46,59,-20.000000,45.000000,13.923473
47,59,-15.000000,45.000000,13.850633
48,59,-10.000000,45.000000,13.778100
49,59,-5.000000,45.000000,13.708275
50,59,0.000000,45.000000,13.639221
51,59,5.000000,45.000000,13.572515
52,59,10.000000,45.000000,13.505809
53,59,15.000000,45.000000,13.439104
54,59,20.000000,45.000000,13.372040
55,59,25.000000,45.000000,13.304669
56,59,30.000000,45.000000,13.236722
57,59,35.000000,45.000000,13.168507
58,59,40.000000,45.000000,13.100293
59,59,45.000000,45.000000,13.032078
60,59,50.000000,45.000000,12.961722
61,59,55.000000,45.000000,12.890898
62,59,60.000000,45.000000,12.817044
63,59,65.000000,45.000000,12.743189
64,59,70.000000,45.000000,12.669335
65,59,75.000000,45.000000,12.595100
66,59,80.000000,45.000000,12.520318
67,59,85.000000,45.000000,12.444531
68,59,90.000000,45.000000,12.367939
69,59,95.000000,45.000000,12.291348
70,59,100.000000,45.000000,12.214756
71,59,105.000000,45.000000,12.138831
72,59,110.000000,45.000000,12.063028
73,59,115.000000,45.000000,11.989154
74,59,120.000000,45.000000,11.915297
75,59,125.000000,45.000000,11.841440
76,59,130.000000,45.000000,11.767870
77,59,135.000000,45.000000,11.695032
78,59,140.000000,45.000000,11.623595
79,59,145.000000,45.000000,11.554033
80,59,150.000000,45.000000,11.484471
81,59,155.000000,45.000000,11.414909
82,59,160.000000,45.000000,11.345354
83,59,165.000000,45.000000,11.275801
84,59,170.000000,45.000000,11.206283
85,59,175.000000,45.000000,11.136770
86,59,180.000000,45.000000,11.067257
87,59,185.000000,45.000000,10.997619
88,59,190.000000,45.000000,10.927293
89,59,195.000000,45.000000,10.855415
90,59,200.000000,45.000000,10.779905
91,59,205.000000,45.000000,10.704395
92,59,210.000000,45.000000,10.628885
93,59,215.000000,45.000000,10.552984
94,59,220.000000,45.000000,10.476812
95,59,225.000000,45.000000,10.395374
96,59,230.000000,45.000000,10.312043
97,59,235.000000,45.000000,10.228711
98,59,240.000000,45.000000,10.145378
99,59,245.000000,45.000000,10.061952
100,59,250.000000,45.000000,9.978065
0,60,-250.000000,50.000000,16.812285
1,60,-245.000000,50.000000,16.754763
2,60,-240.000000,50.000000,16.697241
3,60,-235.000000,50.000000,16.639718
4,60,-230.000000,50.000000,16.580467
5,60,-225.000000,50.000000,16.520128
6,60,-220.000000,50.000000,16.459547
7,60,-215.000000,50.000000,16.398889
8,60,-210.000000,50.000000,16.338232
9,60,-205.000000,50.000000,16.277920
10,60,-200.000000,50.000000,16.224158
11,60,-195.000000,50.000000,16.170639
12,60,-190.000000,50.000000,16.118119
13,60,-185.000000,50.000000,16.065598
14,60,-180.000000,50.000000,16.013078
15,60,-175.000000,50.000000,15.963037
16,60,-170.000000,50.000000,15.915617
17,60,-165.000000,50.000000,15.869020
18,60,-160.000000,50.000000,15.822903
19,60,-155.000000,50.000000,15.776786
20,60,-150.000000,50.000000,15.730669
21,60,-145.000000,50.000000,15.680498
22,60,-140.000000,50.000000,15.629884
23,60,-135.000000,50.000000,15.577873
24,60,-130.000000,50.000000,15.525861
25,60,-125.000000,50.000000,15.473850
26,60,-120.000000,50.000000,15.418033
27,60,-115.000000,50.000000,15.355396
28,60,-110.000000,50.000000,15.290410
29,60,-105.000000,50.000000,15.223107
30,60,-100.000000,50.000000,15.155804
31,60,-95.000000,50.000000,15.088502
32,60,-90.000000,50.000000,15.015070
33,60,-85.000000,50.000000,14.940050
34,60,-80.000000,50.000000,14.861023
35,60,-75.000000,50.000000,14.781737
36,60,-70.000000,50.000000,14.702452
37,60,-65.000000,50.000000,14.623148
38,60,-60.000000,50.000000,14.543786
39,60,-55.000000,50.000000,14.464405
40,60,-50.000000,50.000000,14.384991
41,60,-45.000000,50.000000,14.305576
42,60,-40.000000,50.000000,14.226162
43,60,-35.000000,50.000000,14.149627
44,60,-30.000000,50.000000,14.074535
45,60,-25.000000,50.000000,14.002402
46,60,-20.000000,50.000000,13.930957
47,60,-15.000000,50.000000,13.859511
48,60,-10.000000,50.000000,13.788353
49,60,-5.000000,50.000000,13.719721
50,60,0.000000,50.000000,13.651808
51,60,5.000000,50.000000,13.586086
52,60,10.000000,50.000000,13.520363
53,60,15.000000,50.000000,13.454640
54,60,20.000000,50.000000,13.388440
55,60,25.000000,50.000000,13.321830
56,60,30.000000,50.000000,13.254451
57,60,35.000000,50.000000,13.186715
58,60,40.000000,50.000000,13.118979
59,60,45.000000,50.000000,13.051244
60,60,50.000000,50.000000,12.981221
61,60,55.000000,50.000000,12.910699
62,60,60.000000,50.000000,12.836941
63,60,65.000000,50.000000,12.763183
64,60,70.000000,50.000000,12.689424
65,60,75.000000,50.000000,12.615264
66,60,80.000000,50.000000,12.540524
67,60,85.000000,50.000000,12.464721
68,60,90.000000,50.000000,12.388067
69,60,95.000000,50.000000,12.311413
70,60,100.000000,50.000000,12.234759
71,60,105.000000,50.000000,12.158772
72,60,110.000000,50.000000,12.082906
73,60,115.000000,50.000000,12.008971
74,60,120.000000,50.000000,11.935053
75,60,125.000000,50.000000,11.861134
76,60,130.000000,50.000000,11.787504
77,60,135.000000,50.000000,11.714609
78,60,140.000000,50.000000,11.643118
79,60,145.000000,50.000000,11.573509
80,60,150.000000,50.000000,11.503901
81,60,155.000000,50.000000,11.434292
82,60,160.000000,50.000000,11.364681
83,60,165.000000,50.000000,11.295070
84,60,170.000000,50.000000,11.225448
85,60,175.000000,50.000000,11.155825
86,60,180.000000,50.000000,11.086201
87,60,185.000000,50.000000,11.016450
88,60,190.000000,50.000000,10.945998
89,60,195.000000,50.000000,10.873962
90,60,200.000000,50.000000,10.798225
91,60,205.000000,50.000000,10.722487
92,60,210.000000,50.000000,10.646749
93,60,215.000000,50.000000,10.570616
94,60,220.000000,50.000000,10.494209
95,60,225.000000,50.000000,10.412483
96,60,230.000000,50.000000,10.328844
97,60,235.000000,50.000000,10.245206
98,60,240.000000,50.000000,10.161564
99,60,245.000000,50.000000,10.077832
100,60,250.000000,50.000000,9.993642
0,61,-250.000000,55.000000,16.780362
1,61,-245.000000,55.000000,16.723164
2,61,-240.000000,55.000000,16.665966
3,61,-235.000000,55.000000,16.608769
4,61,-230.000000,55.000000,16.549868
5,61,-225.000000,55.000000,16.489899
6,61,-220.000000,55.000000,16.429691
7,61,-215.000000,55.000000,16.369407
8,61,-210.000000,55.000000,16.309124
9,61,-205.000000,55.000000,16.249186
10,61,-200.000000,55.000000,16.195800
11,61,-195.000000,55.000000,16.142657
12,61,-190.000000,55.000000,16.090513
13,61,-185.000000,55.000000,16.038369
14,61,-180.000000,55.000000,15.986225
15,61,-175.000000,55.000000,15.936583
16,61,-170.000000,55.000000,15.889586
17,61,-165.000000,55.000000,15.843419
18,61,-160.000000,55.000000,15.797736
19,61,-155.000000,55.000000,15.752053
20,61,-150.000000,55.000000,15.706370
21,61,-145.000000,55.000000,15.656783
22,61,-140.000000,55.000000,15.606769
23,61,-135.000000,55.000000,15.555409
24,61,-130.000000,55.000000,15.504050
25,61,-125.000000,55.000000,15.452690
26,61,-120.000000,55.000000,15.397614
27,61,-115.000000,55.000000,15.335879
28,61,-110.000000,55.000000,15.271851
29,61,-105.000000,55.000000,15.205560
30,61,-100.000000,55.000000,15.139270
31,61,-95.000000,55.000000,15.072980
32,61,-90.000000,55.000000,15.000740
33,61,-85.000000,55.000000,14.926957
34,61,-80.000000,55.000000,14.849285
35,61,-75.000000,55.000000,14.771363
36,61,-70.000000,55.000000,14.693440
37,61,-65.000000,55.000000,14.615520
38,61,-60.000000,55.000000,14.537609
39,61,-55.000000,55.000000,14.459701
40,61,-50.000000,55.000000,14.381798
41,61,-45.000000,55.000000,14.303894
42,61,-40.000000,55.000000,14.225991
43,61,-35.000000,55.000000,14.150913
44,61,-30.000000,55.000000,14.077250
45,61,-25.000000,55.000000,14.006490
46,61,-20.000000,55.000000,13.936405
47,61,-15.000000,55.000000,13.866320
48,61,-10.000000,55.000000,13.796502
49,61,-5.000000,55.000000,13.729039
50,61,0.000000,55.000000,13.662246
51,61,5.000000,55.000000,13.597493
52,61,10.000000,55.000000,13.532741
53,61,15.000000,55.000000,13.467989
54,61,20.000000,55.000000,13.402654
55,61,25.000000,55.000000,13.336817
56,61,30.000000,55.000000,13.270041
57,61,35.000000,55.000000,13.202830
58,61,40.000000,55.000000,13.135618
59,61,45.000000,55.000000,13.068406
60,61,50.000000,55.000000,12.998786
61,61,55.000000,55.000000,12.928640
62,61,60.000000,55.000000,12.855087
63,61,65.000000,55.000000,12.781533
64,61,70.000000,55.000000,12.707980
65,61,75.000000,55.000000,12.634006
66,61,80.000000,55.000000,12.559429
67,61,85.000000,55.000000,12.483742
68,61,90.000000,55.000000,12.407167
69,61,95.000000,55.000000,12.330593
70,61,100.000000,55.000000,12.254018
71,61,105.000000,55.000000,12.178108
72,61,110.000000,55.000000,12.102319
73,61,115.000000,55.000000,12.028454
74,61,120.000000,55.000000,11.954605
75,61,125.000000,55.000000,11.880757
76,61,130.000000,55.000000,11.807196
77,61,135.000000,55.000000,11.734365
78,61,140.000000,55.000000,11.662931
79,61,145.000000,55.000000,11.593369
80,61,150.000000,55.000000,11.523807
81,61,155.000000,55.000000,11.454245
82,61,160.000000,55.000000,11.384668
83,61,165.000000,55.000000,11.315085
84,61,170.000000,55.000000,11.245423
85,61,175.000000,55.000000,11.175748
86,61,180.000000,55.000000,11.106073
87,61,185.000000,55.000000,11.036268
88,61,190.000000,55.000000,10.965747
89,61,195.000000,55.000000,10.893611
90,61,200.000000,55.000000,10.817698
91,61,205.000000,55.000000,10.741784
92,61,210.000000,55.000000,10.665871
93,61,215.000000,55.000000,10.589559
94,61,220.000000,55.000000,10.512970
95,61,225.000000,55.000000,10.431022
96,61,230.000000,55.000000,10.347146
97,61,235.000000,55.000000,10.263270
98,61,240.000000,55.000000,10.179391
99,61,245.000000,55.000000,10.095423
100,61,250.000000,55.000000,10.011004
0,62,-250.000000,60.000000,16.736387
1,62,-245.000000,60.000000,16.679918
2,62,-240.000000,60.000000,16.623449
3,62,-235.000000,60.000000,16.566980
4,62,-230.000000,60.000000,16.508817
5,62,-225.000000,60.000000,16.449590
6,62,-220.000000,60.000000,16.390126
7,62,-215.000000,60.000000,16.330587
8,62,-210.000000,60.000000,16.271047
9,62,-205.000000,60.000000,16.211847
10,62,-200.000000,60.000000,16.159078
11,62,-195.000000,60.000000,16.106546
12,62,-190.000000,60.000000,16.054995
13,62,-185.000000,60.000000,16.003444
14,62,-180.000000,60.000000,15.951893
15,62,-175.000000,60.000000,15.902805
16,62,-170.000000,60.000000,15.856321
17,62,-165.000000,60.000000,15.810654
18,62,-160.000000,60.000000,15.765464
19,62,-155.000000,60.000000,15.720274
20,62,-150.000000,60.000000,15.675084
21,62,-145.000000,60.000000,15.626092
22,62,-140.000000,60.000000,15.576685
23,62,-135.000000,60.000000,15.525966
24,62,-130.000000,60.000000,15.475248
25,62,-125.000000,60.000000,15.424529
26,62,-120.000000,60.000000,15.370186
27,62,-115.000000,60.000000,15.309344
28,62,-110.000000,60.000000,15.246265
29,62,-105.000000,60.000000,15.180979
30,62,-100.000000,60.000000,15.115693
31,62,-95.000000,60.000000,15.050407
32,62,-90.000000,60.000000,14.979342
33,62,-85.000000,60.000000,14.906778
34,62,-80.000000,60.000000,14.830435
35,62,-75.000000,60.000000,14.753849
36,62,-70.000000,60.000000,14.677263
37,62,-65.000000,60.000000,14.600690
38,62,-60.000000,60.000000,14.524162
39,62,-55.000000,60.000000,14.447648
40,62,-50.000000,60.000000,14.371159
41,62,-45.000000,60.000000,14.294669
42,62,-40.000000,60.000000,14.218180
43,62,-35.000000,60.000000,14.144445
44,62,-30.000000,60.000000,14.072090
45,62,-25.000000,60.000000,14.002566
46,62,-20.000000,60.000000,13.933700
47,62,-15.000000,60.000000,13.864833
48,62,-10.000000,60.000000,13.796220
49,62,-5.000000,60.000000,13.729828
50,62,0.000000,60.000000,13.664069
51,62,5.000000,60.000000,13.600237
52,62,10.000000,60.000000,13.536405
53,62,15.000000,60.000000,13.472572
54,62,20.000000,60.000000,13.408106
55,62,25.000000,60.000000,13.343095
56,62,30.000000,60.000000,13.277062
57,62,35.000000,60.000000,13.210555
58,62,40.000000,60.000000,13.144048
59,62,45.000000,60.000000,13.077541
60,62,50.000000,60.000000,13.008601
61,62,55.000000,60.000000,12.939130
62,62,60.000000,60.000000,12.866216
63,62,65.000000,60.000000,12.793302
64,62,70.000000,60.000000,12.720388
65,62,75.000000,60.000000,12.647055
66,62,80.000000,60.000000,12.573119
67,62,85.000000,60.000000,12.498078
68,62,90.000000,60.000000,12.422150
69,62,95.000000,60.000000,12.346223
70,62,100.000000,60.000000,12.270296
71,62,105.000000,60.000000,12.195021
72,62,110.000000,60.000000,12.119865
73,62,115.000000,60.000000,12.046597
74,62,120.000000,60.000000,11.973345
75,62,125.000000,60.000000,11.900094
76,62,130.000000,60.000000,11.827118
77,62,135.000000,60.000000,11.754841
78,62,140.000000,60.000000,11.683905
79,62,145.000000,60.000000,11.614765
80,62,150.000000,60.000000,11.545624
81,62,155.000000,60.000000,11.476483
82,62,160.000000,60.000000,11.407295
83,62,165.000000,60.000000,11.338090
84,62,170.000000,60.000000,11.268639
85,62,175.000000,60.000000,11.199150
86,62,180.000000,60.000000,11.129661
87,62,185.000000,60.000000,11.060039
88,62,190.000000,60.000000,10.989683
89,62,195.000000,60.000000,10.917673
90,62,200.000000,60.000000,10.841793
91,62,205.000000,60.000000,10.765913
92,62,210.000000,60.000000,10.690033
93,62,215.000000,60.000000,10.613755
94,62,220.000000,60.000000,10.537201
95,62,225.000000,60.000000,10.455293
96,62,230.000000,60.000000,10.371460
97,62,235.000000,60.000000,10.287627
98,62,240.000000,60.000000,10.203791
99,62,245.000000,60.000000,10.119870
100,62,250.000000,60.000000,10.035516
0,63,-250.000000,65.000000,16.691591
1,63,-245.000000,65.000000,16.635878
2,63,-240.000000,65.000000,16.580165
3,63,-235.000000,65.000000,16.524452
4,63,-230.000000,65.000000,16.467053
5,63,-225.000000,65.000000,16.408594
6,63,-220.000000,65.000000,16.349899
7,63,-215.000000,65.000000,16.291129
8,63,-210.000000,65.000000,16.232359
9,63,-205.000000,65.000000,16.173921
10,63,-200.000000,65.000000,16.121784
11,63,-195.000000,65.000000,16.069880
12,63,-190.000000,65.000000,16.018937
13,63,-185.000000,65.000000,15.967994
14,63,-180.000000,65.000000,15.917050
15,63,-175.000000,65.000000,15.868527
16,63,-170.000000,65.000000,15.822563
17,63,-165.000000,65.000000,15.777401
18,63,-160.000000,65.000000,15.732708
19,63,-155.000000,65.000000,15.688014
20,63,-150.000000,65.000000,15.643321
21,63,-145.000000,65.000000,15.594925
22,63,-140.000000,65.000000,15.546124
23,63,-135.000000,65.000000,15.496046
24,63,-130.000000,65.000000,15.445969
25,63,-125.000000,65.000000,15.395891
26,63,-120.000000,65.000000,15.342279
27,63,-115.000000,65.000000,15.282330
28,63,-110.000000,65.000000,15.220200
29,63,-105.000000,65.000000,15.155918
30,63,-100.000000,65.000000,15.091636
31,63,-95.000000,65.000000,15.027354
32,63,-90.000000,65.000000,14.957462
33,63,-85.000000,65.000000,14.886115
34,63,-80.000000,65.000000,14.811100
35,63,-75.000000,65.000000,14.735849
36,63,-70.000000,65.000000,14.660598
37,63,-65.000000,65.000000,14.585370
38,63,-60.000000,65.000000,14.510219
39,63,-55.000000,65.000000,14.435094
40,63,-50.000000,65.000000,14.360011
41,63,-45.000000,65.000000,14.284929
42,63,-40.000000,65.000000,14.209847
43,63,-35.000000,65.000000,14.137448
44,63,-30.000000,65.000000,14.066393
45,63,-25.000000,65.000000,13.998095
46,63,-20.000000,65.000000,13.930438
47,63,-15.000000,65.000000,13.862781
48,63,-10.000000,65.000000,13.795362
49,63,-5.000000,65.000000,13.730035
50,63,0.000000,65.000000,13.665305
51,63,5.000000,65.000000,13.602389
52,63,10.000000,65.000000,13.539473
53,63,15.000000,65.000000,13.476557
54,63,20.000000,65.000000,13.412960
55,63,25.000000,65.000000,13.348778
56,63,30.000000,65.000000,13.283497
57,63,35.000000,65.000000,13.217707
58,63,40.000000,65.000000,13.151918
59,63,45.000000,65.000000,13.086128
60,63,50.000000,65.000000,13.017887
61,63,55.000000,65.000000,12.949111
62,63,60.000000,65.000000,12.876866
63,63,65.000000,65.000000,12.804621
64,63,70.000000,65.000000,12.732376
65,63,75.000000,65.000000,12.659715
66,63,80.000000,65.000000,12.586454
67,63,85.000000,65.000000,12.512094
68,63,90.000000,65.000000,12.436853
69,63,95.000000,65.000000,12.361611
70,63,100.000000,65.000000,12.286370
71,63,105.000000,65.000000,12.211769
72,63,110.000000,65.000000,12.137283
73,63,115.000000,65.000000,12.064648
74,63,120.000000,65.000000,11.992030
75,63,125.000000,65.000000,11.919411
76,63,130.000000,65.000000,11.847055
77,63,135.000000,65.000000,11.775368
78,63,140.000000,65.000000,11.704959
79,63,145.000000,65.000000,11.636265
80,63,150.000000,65.000000,11.567571
81,63,155.000000,65.000000,11.498877
82,63,160.000000,65.000000,11.430103
83,63,165.000000,65.000000,11.361298
84,63,170.000000,65.000000,11.292077
85,63,175.000000,65.000000,11.222790
86,63,180.000000,65.000000,11.153503
87,63,185.000000,65.000000,11.084079
88,63,190.000000,65.000000,11.013905
89,63,195.000000,65.000000,10.942036
90,63,200.000000,65.000000,10.866203
91,63,205.000000,65.000000,10.790371
92,63,210.000000,65.000000,10.714539
93,63,215.000000,65.000000,10.638309
94,63,220.000000,65.000000,10.561804
95,63,225.000000,65.000000,10.479955
96,63,230.000000,65.000000,10.396184
97,63,235.000000,65.000000,10.312413
98,63,240.000000,65.000000,10.228640
99,63,245.000000,65.000000,10.144785
100,63,250.000000,65.000000,10.060515
0,64,-250.000000,70.000000,16.646794
1,64,-245.000000,70.000000,16.591837
2,64,-240.000000,70.000000,16.536881
3,64,-235.000000,70.000000,16.481924
4,64,-230.000000,70.000000,16.425288
5,64,-225.000000,70.000000,16.367597
6,64,-220.000000,70.000000,16.309671
7,64,-215.000000,70.000000,16.251671
8,64,-210.000000,70.000000,16.193670
9,64,-205.000000,70.000000,16.135996
10,64,-200.000000,70.000000,16.084491
11,64,-195.000000,70.000000,16.033214
12,64,-190.000000,70.000000,15.982879
13,64,-185.000000,70.000000,15.932543
14,64,-180.000000,70.000000,15.882208
15,64,-175.000000,70.000000,15.834249
16,64,-170.000000,70.000000,15.788804
17,64,-165.000000,70.000000,15.744148
18,64,-160.000000,70.000000,15.699951
19,64,-155.000000,70.000000,15.655755
20,64,-150.000000,70.000000,15.611558
21,64,-145.000000,70.000000,15.563758
22,64,-140.000000,70.000000,15.515564
23,64,-135.000000,70.000000,15.466127
24,64,-130.000000,70.000000,15.416690
25,64,-125.000000,70.000000,15.367253
26,64,-120.000000,70.000000,15.314372
27,64,-115.000000,70.000000,15.255316
28,64,-110.000000,70.000000,15.194135
29,64,-105.000000,70.000000,15.130857
30,64,-100.000000,70.000000,15.067579
31,64,-95.000000,70.000000,15.004301
32,64,-90.000000,70.000000,14.935581
33,64,-85.000000,70.000000,14.865452
34,64,-80.000000,70.000000,14.791765
35,64,-75.000000,70.000000,14.717848
36,64,-70.000000,70.000000,14.643932
37,64,-65.000000,70.000000,14.570049
38,64,-60.000000,70.000000,14.496276
39,64,-55.000000,70.000000,14.422539
40,64,-50.000000,70.000000,14.348864
41,64,-45.000000,70.000000,14.275189
42,64,-40.000000,70.000000,14.201514
43,64,-35.000000,70.000000,14.130451
44,64,-30.000000,70.000000,14.060695
45,64,-25.000000,70.000000,13.993624
46,64,-20.000000,70.000000,13.927176
47,64,-15.000000,70.000000,13.860728
48,64,-10.000000,70.000000,13.794503
49,64,-5.000000,70.000000,13.730242
50,64,0.000000,70.000000,13.666540
51,64,5.000000,70.000000,13.604541
52,64,10.000000,70.000000,13.542542
53,64,15.000000,70.000000,13.480543
54,64,20.000000,70.000000,13.417814
55,64,25.000000,70.000000,13.354461
56,64,30.000000,70.000000,13.289933
57,64,35.000000,70.000000,13.224860
58,64,40.000000,70.000000,13.159788
59,64,45.000000,70.000000,13.094715
60,64,50.000000,70.000000,13.027173
61,64,55.000000,70.000000,12.959092
62,64,60.000000,70.000000,12.887516
63,64,65.000000,70.000000,12.815940
64,64,70.000000,70.000000,12.744365
65,64,75.000000,70.000000,12.672375
66,64,80.000000,70.000000,12.599789
67,64,85.000000,70.000000,12.526110
68,64,90.000000,70.000000,12.451555
69,64,95.000000,70.000000,12.377000
70,64,100.000000,70.000000,12.302445
71,64,105.000000,70.000000,12.228516
72,64,110.000000,70.000000,12.154702
73,64,115.000000,70.000000,12.082700
74,64,120.000000,70.000000,12.010714
75,64,125.000000,70.000000,11.938728
76,64,130.000000,70.000000,11.866992
77,64,135.000000,70.000000,11.795894
78,64,140.000000,70.000000,11.726013
79,64,145.000000,70.000000,11.657766
80,64,150.000000,70.000000,11.589518
81,64,155.000000,70.000000,11.521271
82,64,160.000000,70.000000,11.452911
83,64,165.000000,70.000000,11.384507
84,64,170.000000,70.000000,11.315515
85,64,175.000000,70.000000,11.246430
86,64,180.000000,70.000000,11.177345
87,64,185.000000,70.000000,11.108120
88,64,190.000000,70.000000,11.038126
89,64,195.000000,70.000000,10.966399
90,64,200.000000,70.000000,10.890614
91,64,205.000000,70.000000,10.814829
92,64,210.000000,70.000000,10.739045
93,64,215.000000,70.000000,10.662864
94,64,220.000000,70.000000,10.586407
95,64,225.000000,70.000000,10.504617
96,64,230.000000,70.000000,10.420909
97,64,235.000000,70.000000,10.337200
98,64,240.000000,70.000000,10.253489
99,64,245.000000,70.000000,10.169699
100,64,250.000000,70.000000,10.085514
0,65,-250.000000,75.000000,16.600650
1,65,-245.000000,75.000000,16.546487
2,65,-240.000000,75.000000,16.492323
3,65,-235.000000,75.000000,16.438159
4,65,-230.000000,75.000000,16.382324
5,65,-225.000000,75.000000,16.325438
6,65,-220.000000,75.000000,16.268319
7,65,-215.000000,75.000000,16.211125
8,65,-210.000000,75.000000,16.153931
9,65,-205.000000,75.000000,16.097055
10,65,-200.000000,75.000000,16.046209
11,65,-195.000000,75.000000,15.995587
12,65,-190.000000,75.000000,15.945884
13,65,-185.000000,75.000000,15.896180
14,65,-180.000000,75.000000,15.846477
15,65,-175.000000,75.000000,15.799102
16,65,-170.000000,75.000000,15.754187
17,65,-165.000000,75.000000,15.710044
18,65,-160.000000,75.000000,15.666352
19,65,-155.000000,75.000000,15.622660
20,65,-150.000000,75.000000,15.578967
21,65,-145.000000,75.000000,15.531762
22,65,-140.000000,75.000000,15.484173
23,65,-135.000000,75.000000,15.435373
24,65,-130.000000,75.000000,15.386573
25,65,-125.000000,75.000000,15.337772
26,65,-120.000000,75.000000,15.285617
27,65,-115.000000,75.000000,15.227447
28,65,-110.000000,75.000000,15.167206
29,65,-105.000000,75.000000,15.104923
30,65,-100.000000,75.000000,15.042639
31,65,-95.000000,75.000000,14.980356
32,65,-90.000000,75.000000,14.912799
33,65,-85.000000,75.000000,14.843875
34,65,-80.000000,75.000000,14.771504
35,65,-75.000000,75.000000,14.698910
36,65,-70.000000,75.000000,14.626317
37,65,-65.000000,75.000000,14.553765
38,65,-60.000000,75.000000,14.481355
39,65,-55.000000,75.000000,14.408992
40,65,-50.000000,75.000000,14.336708
41,65,-45.000000,75.000000,14.264423
42,65,-40.000000,75.000000,14.192139
43,65,-35.000000,75.000000,14.122394
44,65,-30.000000,75.000000,14.053923
45,65,-25.000000,75.000000,13.988062
46,65,-20.000000,75.000000,13.922809
47,65,-15.000000,75.000000,13.857555
48,65,-10.000000,75.000000,13.792510
49,65,-5.000000,75.000000,13.729308
50,65,0.000000,75.000000,13.666631
51,65,5.000000,75.000000,13.605551
52,65,10.000000,75.000000,13.544472
53,65,15.000000,75.000000,13.483392
54,65,20.000000,75.000000,13.421546
55,65,25.000000,75.000000,13.359041
56,65,30.000000,75.000000,13.295300
57,65,35.000000,75.000000,13.230987
58,65,40.000000,75.000000,13.166673
59,65,45.000000,75.000000,13.102360
60,65,50.000000,75.000000,13.035577
61,65,55.000000,75.000000,12.968254
62,65,60.000000,75.000000,12.897437
63,65,65.000000,75.000000,12.826620
64,65,70.000000,75.000000,12.755803
65,65,75.000000,75.000000,12.684579
66,65,80.000000,75.000000,12.612770
67,65,85.000000,75.000000,12.539886
68,65,90.000000,75.000000,12.466141
69,65,95.000000,75.000000,12.392397
70,65,100.000000,75.000000,12.318653
71,65,105.000000,75.000000,12.245522
72,65,110.000000,75.000000,12.172504
73,65,115.000000,75.000000,12.101262
74,65,120.000000,75.000000,12.030036
75,65,125.000000,75.000000,11.958809
76,65,130.000000,75.000000,11.887819
77,65,135.000000,75.000000,11.817428
78,65,140.000000,75.000000,11.748185
79,65,145.000000,75.000000,11.680479
80,65,150.000000,75.000000,11.612773
81,65,155.000000,75.000000,11.545067
82,65,160.000000,75.000000,11.477210
83,65,165.000000,75.000000,11.409294
84,65,170.000000,75.000000,11.340586
85,65,175.000000,75.000000,11.271754
86,65,180.000000,75.000000,11.202921
87,65,185.000000,75.000000,11.133945
88,65,190.000000,75.000000,11.064179
89,65,195.000000,75.000000,10.992633
90,65,200.000000,75.000000,10.916922
91,65,205.000000,75.000000,10.841210
92,65,210.000000,75.000000,10.765499
93,65,215.000000,75.000000,10.689392
94,65,220.000000,75.000000,10.613011
95,65,225.000000,75.000000,10.531310
96,65,230.000000,75.000000,10.447697
97,65,235.000000,75.000000,10.364083
98,65,240.000000,75.000000,10.280467
99,65,245.000000,75.000000,10.196777
100,65,250.000000,75.000000,10.112713
0,66,-250.000000,80.000000,16.553357
1,66,-245.000000,80.000000,16.500018
2,66,-240.000000,80.000000,16.446679
3,66,-235.000000,80.000000,16.393339
4,66,-230.000000,80.000000,16.338336
5,66,-225.000000,80.000000,16.282287
6,66,-220.000000,80.000000,16.226005
7,66,-215.000000,80.000000,16.169650
8,66,-210.000000,80.000000,16.113294
9,66,-205.000000,80.000000,16.057249
10,66,-200.000000,80.000000,16.007085
11,66,-195.000000,80.000000,15.957138
12,66,-190.000000,80.000000,15.908088
13,66,-185.000000,80.000000,15.859039
14,66,-180.000000,80.000000,15.809989
15,66,-175.000000,80.000000,15.763212
16,66,-170.000000,80.000000,15.718837
17,66,-165.000000,80.000000,15.675215
18,66,-160.000000,80.000000,15.632034
19,66,-155.000000,80.000000,15.588852
20,66,-150.000000,80.000000,15.545671
21,66,-145.000000,80.000000,15.499060
22,66,-140.000000,80.000000,15.452075
23,66,-135.000000,80.000000,15.403908
24,66,-130.000000,80.000000,15.355740
25,66,-125.000000,80.000000,15.307573
26,66,-120.000000,80.000000,15.256138
27,66,-115.000000,80.000000,15.198847
28,66,-110.000000,80.000000,15.139540
29,66,-105.000000,80.000000,15.078243
30,66,-100.000000,80.000000,15.016947
31,66,-95.000000,80.000000,14.955651
32,66,-90.000000,80.000000,14.889248
33,66,-85.000000,80.000000,14.821520
34,66,-80.000000,80.000000,14.750454
35,66,-75.000000,80.000000,14.679173
36,66,-70.000000,80.000000,14.607891
37,66,-65.000000,80.000000,14.536661
38,66,-60.000000,80.000000,14.465601
39,66,-55.000000,80.000000,14.394598
40,66,-50.000000,80.000000,14.323690
41,66,-45.000000,80.000000,14.252781
42,66,-40.000000,80.000000,14.181873
43,66,-35.000000,80.000000,14.113435
44,66,-30.000000,80.000000,14.046234
45,66,-25.000000,80.000000,13.981571
46,66,-20.000000,80.000000,13.917498
47,66,-15.000000,80.000000,13.853425
48,66,-10.000000,80.000000,13.789549
49,66,-5.000000,80.000000,13.727400
50,66,0.000000,80.000000,13.665745
51,66,5.000000,80.000000,13.605587
52,66,10.000000,80.000000,13.545430
53,66,15.000000,80.000000,13.485273
54,66,20.000000,80.000000,13.424318
55,66,25.000000,80.000000,13.362680
56,66,30.000000,80.000000,13.299756
57,66,35.000000,80.000000,13.236238
58,66,40.000000,80.000000,13.172719
59,66,45.000000,80.000000,13.109200
60,66,50.000000,80.000000,13.043227
61,66,55.000000,80.000000,12.976718
62,66,60.000000,80.000000,12.906736
63,66,65.000000,80.000000,12.836754
64,66,70.000000,80.000000,12.766772
65,66,75.000000,80.000000,12.696395
66,66,80.000000,80.000000,12.625448
67,66,85.000000,80.000000,12.553457
68,66,90.000000,80.000000,12.480629
69,66,95.000000,80.000000,12.407802
70,66,100.000000,80.000000,12.334974
71,66,105.000000,80.000000,12.262749
72,66,110.000000,80.000000,12.190633
73,66,115.000000,80.000000,12.120259
74,66,120.000000,80.000000,12.049901
75,66,125.000000,80.000000,11.979543
76,66,130.000000,80.000000,11.909404
77,66,135.000000,80.000000,11.839822
78,66,140.000000,80.000000,11.771309
79,66,145.000000,80.000000,11.704226
80,66,150.000000,80.000000,11.637142
81,66,155.000000,80.000000,11.570059
82,66,160.000000,80.000000,11.502781
83,66,165.000000,80.000000,11.435426
84,66,170.000000,80.000000,11.367051
85,66,175.000000,80.000000,11.298514
86,66,180.000000,80.000000,11.229977
87,66,185.000000,80.000000,11.161292
88,66,190.000000,80.000000,11.091795
89,66,195.000000,80.000000,11.020465
90,66,200.000000,80.000000,10.944848
91,66,205.000000,80.000000,10.869232
92,66,210.000000,80.000000,10.793615
93,66,215.000000,80.000000,10.717604
94,66,220.000000,80.000000,10.641320
95,66,225.000000,80.000000,10.559736
96,66,230.000000,80.000000,10.476245
97,66,235.000000,80.000000,10.392755
98,66,240.000000,80.000000,10.309262
99,66,245.000000,80.000000,10.225700
100,66,250.000000,80.000000,10.141789
0,67,-250.000000,85.000000,16.501969
1,67,-245.000000,85.000000,16.449566
2,67,-240.000000,85.000000,16.397162
3,67,-235.000000,85.000000,16.344759
4,67,-230.000000,85.000000,16.290700
5,67,-225.000000,85.000000,16.235601
6,67,-220.000000,85.000000,16.180270
7,67,-215.000000,85.000000,16.124865
8,67,-210.000000,85.000000,16.069461
9,67,-205.000000,85.000000,16.014357
10,67,-200.000000,85.000000,15.964956
11,67,-195.000000,85.000000,15.915765
12,67,-190.000000,85.000000,15.867444
13,67,-185.000000,85.000000,15.819122
14,67,-180.000000,85.000000,15.770801
15,67,-175.000000,85.000000,15.724677
16,67,-170.000000,85.000000,15.680875
17,67,-165.000000,85.000000,15.637802
18,67,-160.000000,85.000000,15.595154
19,67,-155.000000,85.000000,15.552506
20,67,-150.000000,85.000000,15.509858
21,67,-145.000000,85.000000,15.463840
22,67,-140.000000,85.000000,15.417454
23,67,-135.000000,85.000000,15.369906
24,67,-130.000000,85.000000,15.322359
25,67,-125.000000,85.000000,15.274811
26,67,-120.000000,85.000000,15.224080
27,67,-115.000000,85.000000,15.167646
28,67,-110.000000,85.000000,15.109246
29,67,-105.000000,85.000000,15.048910
30,67,-100.000000,85.000000,14.988573
31,67,-95.000000,85.000000,14.928236
32,67,-90.000000,85.000000,14.862954
33,67,-85.000000,85.000000,14.796389
34,67,-80.000000,85.000000,14.726591
35,67,-75.000000,85.000000,14.656584
36,67,-70.000000,85.000000,14.586578
37,67,-65.000000,85.000000,14.516629
38,67,-60.000000,85.000000,14.446874
39,67,-55.000000,85.000000,14.377184
40,67,-50.000000,85.000000,14.307602
41,67,-45.000000,85.000000,14.238019
42,67,-40.000000,85.000000,14.168437
43,67,-35.000000,85.000000,14.101255
44,67,-30.000000,85.000000,14.035276
45,67,-25.000000,85.000000,13.971765
46,67,-20.000000,85.000000,13.908826
47,67,-15.000000,85.000000,13.845888
48,67,-10.000000,85.000000,13.783136
49,67,-5.000000,85.000000,13.722023
50,67,0.000000,85.000000,13.661377
51,67,5.000000,85.000000,13.602151
52,67,10.000000,85.000000,13.542926
53,67,15.000000,85.000000,13.483701
54,67,20.000000,85.000000,13.423676
55,67,25.000000,85.000000,13.362965
56,67,30.000000,85.000000,13.300965
57,67,35.000000,85.000000,13.238369
58,67,40.000000,85.000000,13.175772
59,67,45.000000,85.000000,13.113175
60,67,50.000000,85.000000,13.048195
61,67,55.000000,85.000000,12.982693
62,67,60.000000,85.000000,12.913819
63,67,65.000000,85.000000,12.844944
64,67,70.000000,85.000000,12.776070
65,67,75.000000,85.000000,12.706825
66,67,80.000000,85.000000,12.637050
67,67,85.000000,85.000000,12.566298
68,67,90.000000,85.000000,12.494766
69,67,95.000000,85.000000,12.423234
70,67,100.000000,85.000000,12.351701
71,67,105.000000,85.000000,12.280761
72,67,110.000000,85.000000,12.209928
73,67,115.000000,85.000000,12.140809
74,67,120.000000,85.000000,12.071704
75,67,125.000000,85.000000,12.002600
76,67,130.000000,85.000000,11.933691
77,67,135.000000,85.000000,11.865283
78,67,140.000000,85.000000,11.797830
79,67,145.000000,85.000000,11.731658
80,67,150.000000,85.000000,11.665486
81,67,155.000000,85.000000,11.599314
82,67,160.000000,85.000000,11.532885
83,67,165.000000,85.000000,11.466356
84,67,170.000000,85.000000,11.398481
85,67,175.000000,85.000000,11.330393
86,67,180.000000,85.000000,11.262305
87,67,185.000000,85.000000,11.194063
88,67,190.000000,85.000000,11.124978
89,67,195.000000,85.000000,11.053988
90,67,200.000000,85.000000,10.978544
91,67,205.000000,85.000000,10.903099
92,67,210.000000,85.000000,10.827654
93,67,215.000000,85.000000,10.751818
94,67,220.000000,85.000000,10.675711
95,67,225.000000,85.000000,10.594337
96,67,230.000000,85.000000,10.511069
97,67,235.000000,85.000000,10.427801
98,67,240.000000,85.000000,10.344531
99,67,245.000000,85.000000,10.261198
100,67,250.000000,85.000000,10.177552
0,68,-250.000000,90.000000,16.449809
1,68,-245.000000,90.000000,16.398363
2,68,-240.000000,90.000000,16.346916
3,68,-235.000000,90.000000,16.295470
4,68,-230.000000,90.000000,16.242376
5,68,-225.000000,90.000000,16.188248
6,68,-220.000000,90.000000,16.133889
7,68,-215.000000,90.000000,16.079457
8,68,-210.000000,90.000000,16.025025
9,68,-205.000000,90.000000,15.970884
10,68,-200.000000,90.000000,15.922260
11,68,-195.000000,90.000000,15.873840
12,68,-190.000000,90.000000,15.826262
13,68,-185.000000,90.000000,15.778683
14,68,-180.000000,90.000000,15.731104
15,68,-175.000000,90.000000,15.685643
16,68,-170.000000,90.000000,15.642420
17,68,-165.000000,90.000000,15.599900
18,68,-160.000000,90.000000,15.557790
19,68,-155.000000,90.000000,15.515680
20,68,-150.000000,90.000000,15.473570
21,68,-145.000000,90.000000,15.428145
22,68,-140.000000,90.000000,15.382357
23,68,-135.000000,90.000000,15.335427
24,68,-130.000000,90.000000,15.288496
25,68,-125.000000,90.000000,15.241566
26,68,-120.000000,90.000000,15.191537
27,68,-115.000000,90.000000,15.135953
28,68,-110.000000,90.000000,15.078458
29,68,-105.000000,90.000000,15.019075
30,68,-100.000000,90.000000,14.959693
31,68,-95.000000,90.000000,14.900311
32,68,-90.000000,90.000000,14.836143
33,68,-85.000000,90.000000,14.770735
34,68,-80.000000,90.000000,14.702198
35,68,-75.000000,90.000000,14.633459
36,68,-70.000000,90.000000,14.564720
37,68,-65.000000,90.000000,14.496046
38,68,-60.000000,90.000000,14.427588
39,68,-55.000000,90.000000,14.359201
40,68,-50.000000,90.000000,14.290935
41,68,-45.000000,90.000000,14.222669
42,68,-40.000000,90.000000,14.154403
43,68,-35.000000,90.000000,14.088468
44,68,-30.000000,90.000000,14.023702
45,68,-25.000000,90.000000,13.961333
46,68,-20.000000,90.000000,13.899521
47,68,-15.000000,90.000000,13.837709
48,68,-10.000000,90.000000,13.776073
49,68,-5.000000,90.000000,13.715991
50,68,0.000000,90.000000,13.656352
51,68,5.000000,90.000000,13.598061
52,68,10.000000,90.000000,13.539769
53,68,15.000000,90.000000,13.481478
54,68,20.000000,90.000000,13.422390
55,68,25.000000,90.000000,13.362618
56,68,30.000000,90.000000,13.301562
57,68,35.000000,90.000000,13.239911
58,68,40.000000,90.000000,13.178261
59,68,45.000000,90.000000,13.116610
60,68,50.000000,90.000000,13.052656
61,68,55.000000,90.000000,12.988199
62,68,60.000000,90.000000,12.920483
63,68,65.000000,90.000000,12.852767
64,68,70.000000,90.000000,12.785052
65,68,75.000000,90.000000,12.716995
66,68,80.000000,90.000000,12.648449
67,68,85.000000,90.000000,12.579003
68,68,90.000000,90.000000,12.508837
69,68,95.000000,90.000000,12.438671
70,68,100.000000,90.000000,12.368505
71,68,105.000000,90.000000,12.298921
72,68,110.000000,90.000000,12.229443
73,68,115.000000,90.000000,12.161650
74,68,120.000000,90.000000,12.093872
75,68,125.000000,90.000000,12.026094
76,68,130.000000,90.000000,11.958489
77,68,135.000000,90.000000,11.891321
78,68,140.000000,90.000000,11.824991
79,68,145.000000,90.000000,11.759785
80,68,150.000000,90.000000,11.694579
81,68,155.000000,90.000000,11.629372
82,68,160.000000,90.000000,11.563844
83,68,165.000000,90.000000,11.498190
84,68,170.000000,90.000000,11.430847
85,68,175.000000,90.000000,11.363237
86,68,180.000000,90.000000,11.295627
87,68,185.000000,90.000000,11.227858
88,68,190.000000,90.000000,11.159211
89,68,195.000000,90.000000,11.088584
90,68,200.000000,90.000000,11.013326
91,68,205.000000,90.000000,10.938068
92,68,210.000000,90.000000,10.862810
93,68,215.000000,90.000000,10.787164
94,68,220.000000,90.000000,10.711247
95,68,225.000000,90.000000,10.630102
96,68,230.000000,90.000000,10.547075
97,68,235.000000,90.000000,10.464048
98,68,240.000000,90.000000,10.381020
99,68,245.000000,90.000000,10.297937
100,68,250.000000,90.000000,10.214577
0,69,-250.000000,95.000000,16.397649
1,69,-245.000000,95.000000,16.347159
2,69,-240.000000,95.000000,16.296670
3,69,-235.000000,95.000000,16.246181
4,69,-230.000000,95.000000,16.194053
5,69,-225.000000,95.000000,16.140895
6,69,-220.000000,95.000000,16.087508
7,69,-215.000000,95.000000,16.034049
8,69,-210.000000,95.000000,15.980589
9,69,-205.000000,95.000000,15.927411
10,69,-200.000000,95.000000,15.879565
11,69,-195.000000,95.000000,15.831916
12,69,-190.000000,95.000000,15.785079
13,69,-185.000000,95.000000,15.738243
14,69,-180.000000,95.000000,15.691407
15,69,-175.000000,95.000000,15.646609
16,69,-170.000000,95.000000,15.603966
17,69,-165.000000,95.000000,15.561999
18,69,-160.000000,95.000000,15.520427
19,69,-155.000000,95.000000,15.478855
20,69,-150.000000,95.000000,15.437282
21,69,-145.000000,95.000000,15.392450
22,69,-140.000000,95.000000,15.347261
23,69,-135.000000,95.000000,15.300947
24,69,-130.000000,95.000000,15.254634
25,69,-125.000000,95.000000,15.208321
26,69,-120.000000,95.000000,15.158993
27,69,-115.000000,95.000000,15.104261
28,69,-110.000000,95.000000,15.047669
29,69,-105.000000,95.000000,14.989241
30,69,-100.000000,95.000000,14.930813
31,69,-95.000000,95.000000,14.872386
32,69,-90.000000,95.000000,14.809333
33,69,-85.000000,95.000000,14.745081
34,69,-80.000000,95.000000,14.677805
35,69,-75.000000,95.000000,14.610334
36,69,-70.000000,95.000000,14.542863
37,69,-65.000000,95.000000,14.475463
38,69,-60.000000,95.000000,14.408301
39,69,-55.000000,95.000000,14.341219
40,69,-50.000000,95.000000,14.274268
41,69,-45.000000,95.000000,14.207318
42,69,-40.000000,95.000000,14.140368
43,69,-35.000000,95.000000,14.075681
44,69,-30.000000,95.000000,14.012128
45,69,-25.000000,95.000000,13.950902
46,69,-20.000000,95.000000,13.890215
47,69,-15.000000,95.000000,13.829529
48,69,-10.000000,95.000000,13.769010
49,69,-5.000000,95.000000,13.709960
50,69,0.000000,95.000000,13.651328
51,69,5.000000,95.000000,13.593970
52,69,10.000000,95.000000,13.536613
53,69,15.000000,95.000000,13.479255
54,69,20.000000,95.000000,13.421103
55,69,25.000000,95.000000,13.362271
56,69,30.000000,95.000000,13.302159
57,69,35.000000,95.000000,13.241454
58,69,40.000000,95.000000,13.180749
59,69,45.000000,95.000000,13.120045
60,69,50.000000,95.000000,13.057118
61,69,55.000000,95.000000,12.993705
62,69,60.000000,95.000000,12.927148
63,69,65.000000,95.000000,12.860591
64,69,70.000000,95.000000,12.794034
65,69,75.000000,95.000000,12.727165
66,69,80.000000,95.000000,12.659847
67,69,85.000000,95.000000,12.591707
68,69,90.000000,95.000000,12.522907
69,69,95.000000,95.000000,12.454108
70,69,100.000000,95.000000,12.385308
71,69,105.000000,95.000000,12.317081
72,69,110.000000,95.000000,12.248958
73,69,115.000000,95.000000,12.182492
74,69,120.000000,95.000000,12.116041
75,69,125.000000,95.000000,12.049589
76,69,130.000000,95.000000,11.983286
77,69,135.000000,95.000000,11.917359
78,69,140.000000,95.000000,11.852153
79,69,145.000000,95.000000,11.787912
80,69,150.000000,95.000000,11.723672
81,69,155.000000,95.000000,11.659431
82,69,160.000000,95.000000,11.594803
83,69,165.000000,95.000000,11.530024
84,69,170.000000,95.000000,11.463213
85,69,175.000000,95.000000,11.396081
86,69,180.000000,95.000000,11.328950
87,69,185.000000,95.000000,11.261652
88,69,190.000000,95.000000,11.193444
89,69,195.000000,95.000000,11.123181
90,69,200.000000,95.000000,11.048109
91,69,205.000000,95.000000,10.973038
92,69,210.000000,95.000000,10.897967
93,69,215.000000,95.000000,10.822509
94,69,220.000000,95.000000,10.746784
95,69,225.000000,95.000000,10.665867
96,69,230.000000,95.000000,10.583082
97,69,235.000000,95.000000,10.500296
98,69,240.000000,95.000000,10.417510
99,69,245.000000,95.000000,10.334675
100,69,250.000000,95.000000,10.251602
0,70,-250.000000,100.000000,16.346870
1,70,-245.000000,100.000000,16.297287
2,70,-240.000000,100.000000,16.247703
3,70,-235.000000,100.000000,16.198120
4,70,-230.000000,100.000000,16.146913
5,70,-225.000000,100.000000,16.094686
6,70,-220.000000,100.000000,16.042232
7,70,-215.000000,100.000000,15.989705
8,70,-210.000000,100.000000,15.937179
9,70,-205.000000,100.000000,15.884926
10,70,-200.000000,100.000000,15.837839
11,70,-195.000000,100.000000,15.790943
12,70,-190.000000,100.000000,15.744835
13,70,-185.000000,100.000000,15.698727
14,70,-180.000000,100.000000,15.652619
15,70,-175.000000,100.000000,15.608476
16,70,-170.000000,100.000000,15.566411
17,70,-165.000000,100.000000,15.524998
18,70,-160.000000,100.000000,15.483965
19,70,-155.000000,100.000000,15.442932
20,70,-150.000000,100.000000,15.401899
21,70,-145.000000,100.000000,15.357656
22,70,-140.000000,100.000000,15.313063
23,70,-135.000000,100.000000,15.267362
24,70,-130.000000,100.000000,15.221662
25,70,-125.000000,100.000000,15.175961
26,70,-120.000000,100.000000,15.127325
27,70,-115.000000,100.000000,15.073427
28,70,-110.000000,100.000000,15.017717
29,70,-105.000000,100.000000,14.960220
30,70,-100.000000,100.000000,14.902724
31,70,-95.000000,100.000000,14.845227
32,70,-90.000000,100.000000,14.783259
33,70,-85.000000,100.000000,14.720133
34,70,-80.000000,100.000000,14.654083
35,70,-75.000000,100.000000,14.587846
36,70,-70.000000,100.000000,14.521608
37,70,-65.000000,100.000000,14.455449
38,70,-60.000000,100.000000,14.389553
39,70,-55.000000,100.000000,14.323746
40,70,-50.000000,100.000000,14.258085
41,70,-45.000000,100.000000,14.192423
42,70,-40.000000,100.000000,14.126762
43,70,-35.000000,100.000000,14.063302
44,70,-30.000000,100.000000,14.000944
45,70,-25.000000,100.000000,13.940848
46,70,-20.000000,100.000000,13.881277
47,70,-15.000000,100.000000,13.821706
48,70,-10.000000,100.000000,13.762294
49,70,-5.000000,100.000000,13.704270
50,70,0.000000,100.000000,13.646643
51,70,5.000000,100.000000,13.590221
52,70,10.000000,100.000000,13.533799
53,70,15.000000,100.000000,13.477376
54,70,20.000000,100.000000,13.420164
55,70,25.000000,100.000000,13.362275
56,70,30.000000,100.000000,13.303112
57,70,35.000000,100.000000,13.243360
58,70,40.000000,100.000000,13.183608
59,70,45.000000,100.000000,13.123856
60,70,50.000000,100.000000,13.061965
61,70,55.000000,100.000000,12.999607
62,70,60.000000,100.000000,12.934222
63,70,65.000000,100.000000,12.868837
64,70,70.000000,100.000000,12.803452
65,70,75.000000,100.000000,12.737787
66,70,80.000000,100.000000,12.671717
67,70,85.000000,100.000000,12.604906
68,70,90.000000,100.000000,12.537501
69,70,95.000000,100.000000,12.470096
70,70,100.000000,100.000000,12.402691
71,70,105.000000,100.000000,12.335852
72,70,110.000000,100.000000,12.269115
73,70,115.000000,100.000000,12.204017
74,70,120.000000,100.000000,12.138932
75,70,125.000000,100.000000,12.073847
76,70,130.000000,100.000000,12.008886
77,70,135.000000,100.000000,11.944240
78,70,140.000000,100.000000,11.880194
79,70,145.000000,100.000000,11.816954
80,70,150.000000,100.000000,11.753715
81,70,155.000000,100.000000,11.690475
82,70,160.000000,100.000000,11.626780
83,70,165.000000,100.000000,11.562906
84,70,170.000000,100.000000,11.496642
85,70,175.000000,100.000000,11.430000
86,70,180.000000,100.000000,11.363358
87,70,185.000000,100.000000,11.296544
88,70,190.000000,100.000000,11.228783
89,70,195.000000,100.000000,11.158884
90,70,200.000000,100.000000,11.083986
91,70,205.000000,100.000000,11.009088
92,70,210.000000,100.000000,10.934190
93,70,215.000000,100.000000,10.858909
94,70,220.000000,100.000000,10.783361
95,70,225.000000,100.000000,10.702651
96,70,230.000000,100.000000,10.620085
97,70,235.000000,100.000000,10.537519
98,70,240.000000,100.000000,10.454951
99,70,245.000000,100.000000,10.372344
100,70,250.000000,100.000000,10.289536
0,71,-250.000000,105.000000,16.297817
1,71,-245.000000,105.000000,16.249075
2,71,-240.000000,105.000000,16.200333
3,71,-235.000000,105.000000,16.151592
4,71,-230.000000,105.000000,16.101250
5,71,-225.000000,105.000000,16.049903
6,71,-220.000000,105.000000,15.998332
7,71,-215.000000,105.000000,15.946691
8,71,-210.000000,105.000000,15.895049
9,71,-205.000000,105.000000,15.843673
10,71,-200.000000,105.000000,15.797322
11,71,-195.000000,105.000000,15.751158
12,71,-190.000000,105.000000,15.705761
13,71,-185.000000,105.000000,15.660363
14,71,-180.000000,105.000000,15.614965
15,71,-175.000000,105.000000,15.571467
16,71,-170.000000,105.000000,15.529978
17,71,-165.000000,105.000000,15.489119
18,71,-160.000000,105.000000,15.448627
19,71,-155.000000,105.000000,15.408136
20,71,-150.000000,105.000000,15.367644
21,71,-145.000000,105.000000,15.323988
22,71,-140.000000,105.000000,15.279986
23,71,-135.000000,105.000000,15.234893
24,71,-130.000000,105.000000,15.189799
25,71,-125.000000,105.000000,15.144706
26,71,-120.000000,105.000000,15.096750
27,71,-115.000000,105.000000,15.043664
28,71,-110.000000,105.000000,14.988811
29,71,-105.000000,105.000000,14.932215
30,71,-100.000000,105.000000,14.875620
31,71,-95.000000,105.000000,14.819024
32,71,-90.000000,105.000000,14.758106
33,71,-85.000000,105.000000,14.696067
34,71,-80.000000,105.000000,14.631201
35,71,-75.000000,105.000000,14.566154
36,71,-70.000000,105.000000,14.501106
37,71,-65.000000,105.000000,14.436146
38,71,-60.000000,105.000000,14.371479
39,71,-55.000000,105.000000,14.306909
40,71,-50.000000,105.000000,14.242503
41,71,-45.000000,105.000000,14.178097
42,71,-40.000000,105.000000,14.113691
43,71,-35.000000,105.000000,14.051430
44,71,-30.000000,105.000000,13.990245
45,71,-25.000000,105.000000,13.931264
46,71,-20.000000,105.000000,13.872796
47,71,-15.000000,105.000000,13.814328
48,71,-10.000000,105.000000,13.756010
49,71,-5.000000,105.000000,13.699009
50,71,0.000000,105.000000,13.642382
51,71,5.000000,105.000000,13.586898
52,71,10.000000,105.000000,13.531413
53,71,15.000000,105.000000,13.475928
54,71,20.000000,105.000000,13.419659
55,71,25.000000,105.000000,13.362717
56,71,30.000000,105.000000,13.304511
57,71,35.000000,105.000000,13.245720
58,71,40.000000,105.000000,13.186928
59,71,45.000000,105.000000,13.128137
60,71,50.000000,105.000000,13.067294
61,71,55.000000,105.000000,13.006002
62,71,60.000000,105.000000,12.941807
63,71,65.000000,105.000000,12.877611
64,71,70.000000,105.000000,12.813416
65,71,75.000000,105.000000,12.748973
66,71,80.000000,105.000000,12.684175
67,71,85.000000,105.000000,12.618723
68,71,90.000000,105.000000,12.552748
69,71,95.000000,105.000000,12.486772
70,71,100.000000,105.000000,12.420797
71,71,105.000000,105.000000,12.355385
72,71,110.000000,105.000000,12.290075
73,71,115.000000,105.000000,12.226393
74,71,120.000000,105.000000,12.162726
75,71,125.000000,105.000000,12.099058
76,71,130.000000,105.000000,12.035489
77,71,135.000000,105.000000,11.972171
78,71,140.000000,105.000000,11.909333
79,71,145.000000,105.000000,11.847138
80,71,150.000000,105.000000,11.784943
81,71,155.000000,105.000000,11.722748
82,71,160.000000,105.000000,11.660025
83,71,165.000000,105.000000,11.597095
84,71,170.000000,105.000000,11.531396
85,71,175.000000,105.000000,11.465259
86,71,180.000000,105.000000,11.399122
87,71,185.000000,105.000000,11.332805
88,71,190.000000,105.000000,11.265501
89,71,195.000000,105.000000,11.195970
90,71,200.000000,105.000000,11.121229
91,71,205.000000,105.000000,11.046487
92,71,210.000000,105.000000,10.971746
93,71,215.000000,105.000000,10.896623
94,71,220.000000,105.000000,10.821235
95,71,225.000000,105.000000,10.740708
96,71,230.000000,105.000000,10.658333
97,71,235.000000,105.000000,10.575958
98,71,240.000000,105.000000,10.493581
99,71,245.000000,105.000000,10.411173
100,71,250.000000,105.000000,10.328605
0,72,-250.000000,110.000000,16.254494
1,72,-245.000000,110.000000,16.206382
2,72,-240.000000,110.000000,16.158269
3,72,-235.000000,110.000000,16.110157
4,72,-230.000000,110.000000,16.060496
5,72,-225.000000,110.000000,16.009862
6,72,-220.000000,110.000000,15.959011
7,72,-215.000000,110.000000,15.908091
8,72,-210.000000,110.000000,15.857172
9,72,-205.000000,110.000000,15.806514
10,72,-200.000000,110.000000,15.760826
11,72,-195.000000,110.000000,15.715321
12,72,-190.000000,110.000000,15.670574
13,72,-185.000000,110.000000,15.625827
14,72,-180.000000,110.000000,15.581080
15,72,-175.000000,110.000000,15.538193
16,72,-170.000000,110.000000,15.497273
17,72,-165.000000,110.000000,15.456969
18,72,-160.000000,110.000000,15.417026
19,72,-155.000000,110.000000,15.377083
20,72,-150.000000,110.000000,15.337139
21,72,-145.000000,110.000000,15.294059
22,72,-140.000000,110.000000,15.250635
23,72,-135.000000,110.000000,15.206131
24,72,-130.000000,110.000000,15.161626
25,72,-125.000000,110.000000,15.117121
26,72,-120.000000,110.000000,15.069807
27,72,-115.000000,110.000000,15.017458
28,72,-110.000000,110.000000,14.963376
29,72,-105.000000,110.000000,14.907584
30,72,-100.000000,110.000000,14.851792
31,72,-95.000000,110.000000,14.796000
32,72,-90.000000,110.000000,14.736010
33,72,-85.000000,110.000000,14.674930
34,72,-80.000000,110.000000,14.611106
35,72,-75.000000,110.000000,14.547105
36,72,-70.000000,110.000000,14.483104
37,72,-65.000000,110.000000,14.419203
38,72,-60.000000,110.000000,14.355639
39,72,-55.000000,110.000000,14.292188
40,72,-50.000000,110.000000,14.228923
41,72,-45.000000,110.000000,14.165659
42,72,-40.000000,110.000000,14.102395
43,72,-35.000000,110.000000,14.041247
44,72,-30.000000,110.000000,13.981159
45,72,-25.000000,110.000000,13.923245
46,72,-20.000000,110.000000,13.865837
47,72,-15.000000,110.000000,13.808429
48,72,-10.000000,110.000000,13.751165
49,72,-5.000000,110.000000,13.695167
50,72,0.000000,110.000000,13.639529
51,72,5.000000,110.000000,13.584989
52,72,10.000000,110.000000,13.530448
53,72,15.000000,110.000000,13.475908
54,72,20.000000,110.000000,13.420594
55,72,25.000000,110.000000,13.364616
56,72,30.000000,110.000000,13.307390
57,72,35.000000,110.000000,13.249586
58,72,40.000000,110.000000,13.191783
59,72,45.000000,110.000000,13.133979
60,72,50.000000,110.000000,13.074222
61,72,55.000000,110.000000,13.014037
62,72,60.000000,110.000000,12.951088
63,72,65.000000,110.000000,12.888140
64,72,70.000000,110.000000,12.825191
65,72,75.000000,110.000000,12.762036
66,72,80.000000,110.000000,12.698586
67,72,85.000000,110.000000,12.634592
68,72,90.000000,110.000000,12.570164
69,72,95.000000,110.000000,12.505735
70,72,100.000000,110.000000,12.441307
71,72,105.000000,110.000000,12.377451
72,72,110.000000,110.000000,12.313698
73,72,115.000000,110.000000,12.251601
74,72,120.000000,110.000000,12.189517
75,72,125.000000,110.000000,12.127434
76,72,130.000000,110.000000,12.065423
77,72,135.000000,110.000000,12.003596
78,72,140.000000,110.000000,11.942120
79,72,145.000000,110.000000,11.881116
80,72,150.000000,110.000000,11.820111
81,72,155.000000,110.000000,11.759107
82,72,160.000000,110.000000,11.697490
83,72,165.000000,110.000000,11.635631
84,72,170.000000,110.000000,11.570556
85,72,175.000000,110.000000,11.504972
86,72,180.000000,110.000000,11.439389
87,72,185.000000,110.000000,11.373615
88,72,190.000000,110.000000,11.306804
89,72,195.000000,110.000000,11.237648
90,72,200.000000,110.000000,11.163008
91,72,205.000000,110.000000,11.088368
92,72,210.000000,110.000000,11.013729
93,72,215.000000,110.000000,10.938707
94,72,220.000000,110.000000,10.863420
95,72,225.000000,110.000000,10.782992
96,72,230.000000,110.000000,10.700715
97,72,235.000000,110.000000,10.618438
98,72,240.000000,110.000000,10.536160
99,72,245.000000,110.000000,10.453860
100,72,250.000000,110.000000,10.371445
0,73,-250.000000,115.000000,16.213116
1,73,-245.000000,115.000000,16.165561
2,73,-240.000000,115.000000,16.118006
3,73,-235.000000,115.000000,16.070450
4,73,-230.000000,115.000000,16.021407
5,73,-225.000000,115.000000,15.971429
6,73,-220.000000,115.000000,15.921242
7,73,-215.000000,115.000000,15.870990
8,73,-210.000000,115.000000,15.820737
9,73,-205.000000,115.000000,15.770745
10,73,-200.000000,115.000000,15.725693
11,73,-195.000000,115.000000,15.680823
12,73,-190.000000,115.000000,15.636707
13,73,-185.000000,115.000000,15.592591
14,73,-180.000000,115.000000,15.548474
15,73,-175.000000,115.000000,15.506187
16,73,-170.000000,115.000000,15.465833
17,73,-165.000000,115.000000,15.426086
18,73,-160.000000,115.000000,15.386693
19,73,-155.000000,115.000000,15.347300
20,73,-150.000000,115.000000,15.307907
21,73,-145.000000,115.000000,15.265399
22,73,-140.000000,115.000000,15.222550
23,73,-135.000000,115.000000,15.178627
24,73,-130.000000,115.000000,15.134704
25,73,-125.000000,115.000000,15.090781
26,73,-120.000000,115.000000,15.044096
27,73,-115.000000,115.000000,14.992460
28,73,-110.000000,115.000000,14.939120
29,73,-105.000000,115.000000,14.884098
30,73,-100.000000,115.000000,14.829077
31,73,-95.000000,115.000000,14.774055
32,73,-90.000000,115.000000,14.714951
33,73,-85.000000,115.000000,14.654788
34,73,-80.000000,115.000000,14.591957
35,73,-75.000000,115.000000,14.528953
36,73,-70.000000,115.000000,14.465950
37,73,-65.000000,115.000000,14.403062
38,73,-60.000000,115.000000,14.340558
39,73,-55.000000,115.000000,14.278184
40,73,-50.000000,115.000000,14.216023
41,73,-45.000000,115.000000,14.153863
42,73,-40.000000,115.000000,14.091702
43,73,-35.000000,115.000000,14.031636
44,73,-30.000000,115.000000,13.972620
45,73,-25.000000,115.000000,13.915757
46,73,-20.000000,115.000000,13.859395
47,73,-15.000000,115.000000,13.803032
48,73,-10.000000,115.000000,13.746808
49,73,-5.000000,115.000000,13.691806
50,73,0.000000,115.000000,13.637153
51,73,5.000000,115.000000,13.583560
52,73,10.000000,115.000000,13.529966
53,73,15.000000,115.000000,13.476373
54,73,20.000000,115.000000,13.422018
55,73,25.000000,115.000000,13.367008
56,73,30.000000,115.000000,13.310771
57,73,35.000000,115.000000,13.253964
58,73,40.000000,115.000000,13.197158
59,73,45.000000,115.000000,13.140351
60,73,50.000000,115.000000,13.081693
61,73,55.000000,115.000000,13.022630
62,73,60.000000,115.000000,12.960946
63,73,65.000000,115.000000,12.899263
64,73,70.000000,115.000000,12.837580
65,73,75.000000,115.000000,12.775735
66,73,80.000000,115.000000,12.713659
67,73,85.000000,115.000000,12.651158
68,73,90.000000,115.000000,12.588316
69,73,95.000000,115.000000,12.525474
70,73,100.000000,115.000000,12.462633
71,73,105.000000,115.000000,12.400376
72,73,110.000000,115.000000,12.338226
73,73,115.000000,115.000000,12.277769
74,73,120.000000,115.000000,12.217326
75,73,125.000000,115.000000,12.156884
76,73,130.000000,115.000000,12.096487
77,73,135.000000,115.000000,12.036206
78,73,140.000000,115.000000,11.976145
79,73,145.000000,115.000000,11.916381
80,73,150.000000,115.000000,11.856617
81,73,155.000000,115.000000,11.796852
82,73,160.000000,115.000000,11.736385
83,73,165.000000,115.000000,11.675642
84,73,170.000000,115.000000,11.611211
85,73,175.000000,115.000000,11.546197
86,73,180.000000,115.000000,11.481183
87,73,185.000000,115.000000,11.415970
88,73,190.000000,115.000000,11.349662
89,73,195.000000,115.000000,11.280884
90,73,200.000000,115.000000,11.206327
91,73,205.000000,115.000000,11.131770
92,73,210.000000,115.000000,11.057213
93,73,215.000000,115.000000,10.982274
94,73,220.000000,115.000000,10.907068
95,73,225.000000,115.000000,10.826711
96,73,230.000000,115.000000,10.744500
97,73,235.000000,115.000000,10.662290
98,73,240.000000,115.000000,10.580079
99,73,245.000000,115.000000,10.497855
100,73,250.000000,115.000000,10.415565
0,74,-250.000000,120.000000,16.171738
1,74,-245.000000,120.000000,16.124740
2,74,-240.000000,120.000000,16.077742
3,74,-235.000000,120.000000,16.030744
4,74,-230.000000,120.000000,15.982319
5,74,-225.000000,120.000000,15.932996
6,74,-220.000000,120.000000,15.883474
7,74,-215.000000,120.000000,15.833889
8,74,-210.000000,120.000000,15.784303
9,74,-205.000000,120.000000,15.734977
10,74,-200.000000,120.000000,15.690560
11,74,-195.000000,120.000000,15.646326
12,74,-190.000000,120.000000,15.602840
13,74,-185.000000,120.000000,15.559354
14,74,-180.000000,120.000000,15.515868
15,74,-175.000000,120.000000,15.474181
16,74,-170.000000,120.000000,15.434393
17,74,-165.000000,120.000000,15.395203
18,74,-160.000000,120.000000,15.356360
19,74,-155.000000,120.000000,15.317517
20,74,-150.000000,120.000000,15.278674
21,74,-145.000000,120.000000,15.236738
22,74,-140.000000,120.000000,15.194464
23,74,-135.000000,120.000000,15.151123
24,74,-130.000000,120.000000,15.107782
25,74,-125.000000,120.000000,15.064441
26,74,-120.000000,120.000000,15.018385
27,74,-115.000000,120.000000,14.967462
28,74,-110.000000,120.000000,14.914864
29,74,-105.000000,120.000000,14.860612
30,74,-100.000000,120.000000,14.806361
31,74,-95.000000,120.000000,14.752110
32,74,-90.000000,120.000000,14.693892
33,74,-85.000000,120.000000,14.634646
34,74,-80.000000,120.000000,14.572808
35,74,-75.000000,120.000000,14.510802
36,74,-70.000000,120.000000,14.448796
37,74,-65.000000,120.000000,14.386920
38,74,-60.000000,120.000000,14.325477
39,74,-55.000000,120.000000,14.264179
40,74,-50.000000,120.000000,14.203123
41,74,-45.000000,120.000000,14.142066
42,74,-40.000000,120.000000,14.081009
43,74,-35.000000,120.000000,14.022026
44,74,-30.000000,120.000000,13.964082
45,74,-25.000000,120.000000,13.908269
46,74,-20.000000,120.000000,13.852952
47,74,-15.000000,120.000000,13.797634
48,74,-10.000000,120.000000,13.742451
49,74,-5.000000,120.000000,13.688446
50,74,0.000000,120.000000,13.634777
51,74,5.000000,120.000000,13.582131
52,74,10.000000,120.000000,13.529484
53,74,15.000000,120.000000,13.476838
54,74,20.000000,120.000000,13.423441
55,74,25.000000,120.000000,13.369401
56,74,30.000000,120.000000,13.314152
57,74,35.000000,120.000000,13.258342
58,74,40.000000,120.000000,13.202533
59,74,45.000000,120.000000,13.146723
60,74,50.000000,120.000000,13.089164
61,74,55.000000,120.000000,13.031222
62,74,60.000000,120.000000,12.970804
63,74,65.000000,120.000000,12.910387
64,74,70.000000,120.000000,12.849969
65,74,75.000000,120.000000,12.789435
66,74,80.000000,120.000000,12.728733
67,74,85.000000,120.000000,12.667724
68,74,90.000000,120.000000,12.606469
69,74,95.000000,120.000000,12.545213
70,74,100.000000,120.000000,12.483958
71,74,105.000000,120.000000,12.423301
72,74,110.000000,120.000000,12.362753
73,74,115.000000,120.000000,12.303937
74,74,120.000000,120.000000,12.245135
75,74,125.000000,120.000000,12.186334
76,74,130.000000,120.000000,12.127551
77,74,135.000000,120.000000,12.068815
78,74,140.000000,120.000000,12.010170
79,74,145.000000,120.000000,11.951646
80,74,150.000000,120.000000,11.893122
81,74,155.000000,120.000000,11.834598
82,74,160.000000,120.000000,11.775281
83,74,165.000000,120.000000,11.715653
84,74,170.000000,120.000000,11.651867
85,74,175.000000,120.000000,11.587422
86,74,180.000000,120.000000,11.522978
87,74,185.000000,120.000000,11.458325
88,74,190.000000,120.000000,11.392521
89,74,195.000000,120.000000,11.324120
90,74,200.000000,120.000000,11.249646
91,74,205.000000,120.000000,11.175172
92,74,210.000000,120.000000,11.100698
93,74,215.000000,120.000000,11.025840
94,74,220.000000,120.000000,10.950716
95,74,225.000000,120.000000,10.870429
96,74,230.000000,120.000000,10.788286
97,74,235.000000,120.000000,10.706142
98,74,240.000000,120.000000,10.623998
99,74,245.000000,120.000000,10.541850
100,74,250.000000,120.000000,10.459686
0,75,-250.000000,125.000000,16.131610
1,75,-245.000000,125.000000,16.085127
2,75,-240.000000,125.000000,16.038644
3,75,-235.000000,125.000000,15.992161
4,75,-230.000000,125.000000,15.944316
5,75,-225.000000,125.000000,15.895614
6,75,-220.000000,125.000000,15.846722
7,75,-215.000000,125.000000,15.797770
8,75,-210.000000,125.000000,15.748818
9,75,-205.000000,125.000000,15.700124
10,75,-200.000000,125.000000,15.656327
11,75,-195.000000,125.000000,15.612711
12,75,-190.000000,125.000000,15.569842
13,75,-185.000000,125.000000,15.526973
14,75,-180.000000,125.000000,15.484104
15,75,-175.000000,125.000000,15.443007
16,75,-170.000000,125.000000,15.403784
17,75,-165.000000,125.000000,15.365149
18,75,-160.000000,125.000000,15.326856
19,75,-155.000000,125.000000,15.288564
20,75,-150.000000,125.000000,15.250272
21,75,-145.000000,125.000000,15.208906
22,75,-140.000000,125.000000,15.167203
23,75,-135.000000,125.000000,15.124441
24,75,-130.000000,125.000000,15.081679
25,75,-125.000000,125.000000,15.038917
26,75,-120.000000,125.000000,14.993483
27,75,-115.000000,125.000000,14.943259
28,75,-110.000000,125.000000,14.891386
29,75,-105.000000,125.000000,14.837886
30,75,-100.000000,125.000000,14.784387
31,75,-95.000000,125.000000,14.730887
32,75,-90.000000,125.000000,14.673533
33,75,-85.000000,125.000000,14.615179
34,75,-80.000000,125.000000,14.554305
35,75,-75.000000,125.000000,14.493269
36,75,-70.000000,125.000000,14.432232
37,75,-65.000000,125.000000,14.371341
38,75,-60.000000,125.000000,14.310933
39,75,-55.000000,125.000000,14.250687
40,75,-50.000000,125.000000,14.190711
41,75,-45.000000,125.000000,14.130735
42,75,-40.000000,125.000000,14.070758
43,75,-35.000000,125.000000,14.012838
44,75,-30.000000,125.000000,13.955950
45,75,-25.000000,125.000000,13.901175
46,75,-20.000000,125.000000,13.846891
47,75,-15.000000,125.000000,13.792608
48,75,-10.000000,125.000000,13.738453
49,75,-5.000000,125.000000,13.685437
50,75,0.000000,125.000000,13.632746
51,75,5.000000,125.000000,13.581041
52,75,10.000000,125.000000,13.529336
53,75,15.000000,125.000000,13.477632
54,75,20.000000,125.000000,13.425188
55,75,25.000000,125.000000,13.372110
56,75,30.000000,125.000000,13.317841
57,75,35.000000,125.000000,13.263019
58,75,40.000000,125.000000,13.208198
59,75,45.000000,125.000000,13.153377
60,75,50.000000,125.000000,13.096906
61,75,55.000000,125.000000,13.040074
62,75,60.000000,125.000000,12.980907
63,75,65.000000,125.000000,12.921741
64,75,70.000000,125.000000,12.862574
65,75,75.000000,125.000000,12.803336
66,75,80.000000,125.000000,12.743995
67,75,85.000000,125.000000,12.684464
68,75,90.000000,125.000000,12.624782
69,75,95.000000,125.000000,12.565100
70,75,100.000000,125.000000,12.505419
71,75,105.000000,125.000000,12.446350
72,75,110.000000,125.000000,12.387393
73,75,115.000000,125.000000,12.330212
74,75,120.000000,125.000000,12.273046
75,75,125.000000,125.000000,12.215880
76,75,130.000000,125.000000,12.158706
77,75,135.000000,125.000000,12.101512
78,75,140.000000,125.000000,12.044279
79,75,145.000000,125.000000,11.986995
80,75,150.000000,125.000000,11.929712
81,75,155.000000,125.000000,11.872428
82,75,160.000000,125.000000,11.814261
83,75,165.000000,125.000000,11.755748
84,75,170.000000,125.000000,11.692605
85,75,175.000000,125.000000,11.628728
86,75,180.000000,125.000000,11.564852
87,75,185.000000,125.000000,11.500756
88,75,190.000000,125.000000,11.435453
89,75,195.000000,125.000000,11.367425
90,75,200.000000,125.000000,11.293023
91,75,205.000000,125.000000,11.218621
92,75,210.000000,125.000000,11.144219
93,75,215.000000,125.000000,11.069432
94,75,220.000000,125.000000,10.994378
95,75,225.000000,125.000000,10.914145
96,75,230.000000,125.000000,10.832049
97,75,235.000000,125.000000,10.749953
98,75,240.000000,125.000000,10.667858
99,75,245.000000,125.000000,10.585768
100,75,250.000000,125.000000,10.503710
0,76,-250.000000,130.000000,16.093802
1,76,-245.000000,130.000000,16.047755
2,76,-240.000000,130.000000,16.001709
3,76,-235.000000,130.000000,15.955662
4,76,-230.000000,130.000000,15.908327
5,76,-225.000000,130.000000,15.860183
6,76,-220.000000,130.000000,15.811858
7,76,-215.000000,130.000000,15.763476
8,76,-210.000000,130.000000,15.715094
9,76,-205.000000,130.000000,15.666971
10,76,-200.000000,130.000000,15.623762
11,76,-195.000000,130.000000,15.580735
12,76,-190.000000,130.000000,15.538457
13,76,-185.000000,130.000000,15.496179
14,76,-180.000000,130.000000,15.453901
15,76,-175.000000,130.000000,15.413379
16,76,-170.000000,130.000000,15.374716
17,76,-165.000000,130.000000,15.336634
18,76,-160.000000,130.000000,15.298893
19,76,-155.000000,130.000000,15.261152
20,76,-150.000000,130.000000,15.223411
21,76,-145.000000,130.000000,15.182610
22,76,-140.000000,130.000000,15.141476
23,76,-135.000000,130.000000,15.099286
24,76,-130.000000,130.000000,15.057096
25,76,-125.000000,130.000000,15.014907
26,76,-120.000000,130.000000,14.970081
27,76,-115.000000,130.000000,14.920530
28,76,-110.000000,130.000000,14.869353
29,76,-105.000000,130.000000,14.816570
30,76,-100.000000,130.000000,14.763788
31,76,-95.000000,130.000000,14.711006
32,76,-90.000000,130.000000,14.654471
33,76,-85.000000,130.000000,14.596963
34,76,-80.000000,130.000000,14.537002
35,76,-75.000000,130.000000,14.476882
36,76,-70.000000,130.000000,14.416763
37,76,-65.000000,130.000000,14.356805
38,76,-60.000000,130.000000,14.297385
39,76,-55.000000,130.000000,14.238146
40,76,-50.000000,130.000000,14.179206
41,76,-45.000000,130.000000,14.120266
42,76,-40.000000,130.000000,14.061327
43,76,-35.000000,130.000000,14.004435
44,76,-30.000000,130.000000,13.948570
45,76,-25.000000,130.000000,13.894811
46,76,-20.000000,130.000000,13.841540
47,76,-15.000000,130.000000,13.788269
48,76,-10.000000,130.000000,13.735124
49,76,-5.000000,130.000000,13.683081
50,76,0.000000,130.000000,13.631353
51,76,5.000000,130.000000,13.580581
52,76,10.000000,130.000000,13.529808
53,76,15.000000,130.000000,13.479036
54,76,20.000000,130.000000,13.427534
55,76,25.000000,130.000000,13.375406
56,76,30.000000,130.000000,13.322101
57,76,35.000000,130.000000,13.268252
58,76,40.000000,130.000000,13.214403
59,76,45.000000,130.000000,13.160554
60,76,50.000000,130.000000,13.105150
61,76,55.000000,130.000000,13.049407
62,76,60.000000,130.000000,12.991465
63,76,65.000000,130.000000,12.933523
64,76,70.000000,130.000000,12.875581
65,76,75.000000,130.000000,12.817612
66,76,80.000000,130.000000,12.759605
67,76,85.000000,130.000000,12.701528
68,76,90.000000,130.000000,12.643395
69,76,95.000000,130.000000,12.585262
70,76,100.000000,130.000000,12.527129
71,76,105.000000,130.000000,12.469628
72,76,110.000000,130.000000,12.412242
73,76,115.000000,130.000000,12.356685
74,76,120.000000,130.000000,12.301144
75,76,125.000000,130.000000,12.245603
76,76,130.000000,130.000000,12.190028
77,76,135.000000,130.000000,12.134368
78,76,140.000000,130.000000,12.078544
79,76,145.000000,130.000000,12.022502
80,76,150.000000,130.000000,11.966459
81,76,155.000000,130.000000,11.910416
82,76,160.000000,130.000000,11.853400
83,76,165.000000,130.000000,11.796001
84,76,170.000000,130.000000,11.733497
85,76,175.000000,130.000000,11.670185
86,76,180.000000,130.000000,11.606873
87,76,185.000000,130.000000,11.543330
88,76,190.000000,130.000000,11.478521
89,76,195.000000,130.000000,11.410856
90,76,200.000000,130.000000,11.336506
91,76,205.000000,130.000000,11.262156
92,76,210.000000,130.000000,11.187806
93,76,215.000000,130.000000,11.113069
94,76,220.000000,130.000000,11.038064
95,76,225.000000,130.000000,10.957854
96,76,230.000000,130.000000,10.875772
97,76,235.000000,130.000000,10.793690
98,76,240.000000,130.000000,10.711608
99,76,245.000000,130.000000,10.629542
100,76,250.000000,130.000000,10.547555
0,77,-250.000000,135.000000,16.063475
1,77,-245.000000,135.000000,16.017611
2,77,-240.000000,135.000000,15.971748
3,77,-235.000000,135.000000,15.925884
4,77,-230.000000,135.000000,15.878834
5,77,-225.000000,135.000000,15.831039
6,77,-220.000000,135.000000,15.783077
7,77,-215.000000,135.000000,15.735063
8,77,-210.000000,135.000000,15.687049
9,77,-205.000000,135.000000,15.639301
10,77,-200.000000,135.000000,15.596578
11,77,-195.000000,135.000000,15.554042
12,77,-190.000000,135.000000,15.512272
13,77,-185.000000,135.000000,15.470502
14,77,-180.000000,135.000000,15.428732
15,77,-175.000000,135.000000,15.388736
16,77,-170.000000,135.000000,15.350616
17,77,-165.000000,135.000000,15.313084
18,77,-160.000000,135.000000,15.275895
19,77,-155.000000,135.000000,15.238707
20,77,-150.000000,135.000000,15.201519
21,77,-145.000000,135.000000,15.161271
22,77,-140.000000,135.000000,15.120689
23,77,-135.000000,135.000000,15.079051
24,77,-130.000000,135.000000,15.037414
25,77,-125.000000,135.000000,14.995777
26,77,-120.000000,135.000000,14.951517
27,77,-115.000000,135.000000,14.902557
28,77,-110.000000,135.000000,14.851977
29,77,-105.000000,135.000000,14.799801
30,77,-100.000000,135.000000,14.747625
31,77,-95.000000,135.000000,14.695450
32,77,-90.000000,135.000000,14.639593
33,77,-85.000000,135.000000,14.582783
34,77,-80.000000,135.000000,14.523566
35,77,-75.000000,135.000000,14.464195
36,77,-70.000000,135.000000,14.404823
37,77,-65.000000,135.000000,14.345633
38,77,-60.000000,135.000000,14.287049
39,77,-55.000000,135.000000,14.228668
40,77,-50.000000,135.000000,14.170625
41,77,-45.000000,135.000000,14.112582
42,77,-40.000000,135.000000,14.054539
43,77,-35.000000,135.000000,13.998561
44,77,-30.000000,135.000000,13.943619
45,77,-25.000000,135.000000,13.890801
46,77,-20.000000,135.000000,13.838475
47,77,-15.000000,135.000000,13.786150
48,77,-10.000000,135.000000,13.733948
49,77,-5.000000,135.000000,13.682829
50,77,0.000000,135.000000,13.632019
51,77,5.000000,135.000000,13.582149
52,77,10.000000,135.000000,13.532278
53,77,15.000000,135.000000,13.482408
54,77,20.000000,135.000000,13.431812
55,77,25.000000,135.000000,13.380593
56,77,30.000000,135.000000,13.328205
57,77,35.000000,135.000000,13.275275
58,77,40.000000,135.000000,13.222346
59,77,45.000000,135.000000,13.169416
60,77,50.000000,135.000000,13.115015
61,77,55.000000,135.000000,13.060293
62,77,60.000000,135.000000,13.003489
63,77,65.000000,135.000000,12.946685
64,77,70.000000,135.000000,12.889881
65,77,75.000000,135.000000,12.833096
66,77,80.000000,135.000000,12.776340
67,77,85.000000,135.000000,12.719635
68,77,90.000000,135.000000,12.662972
69,77,95.000000,135.000000,12.606309
70,77,100.000000,135.000000,12.549646
71,77,105.000000,135.000000,12.493644
72,77,110.000000,135.000000,12.437763
73,77,115.000000,135.000000,12.383797
74,77,120.000000,135.000000,12.329848
75,77,125.000000,135.000000,12.275899
76,77,130.000000,135.000000,12.221893
77,77,135.000000,135.000000,12.167742
78,77,140.000000,135.000000,12.113313
79,77,145.000000,135.000000,12.058513
80,77,150.000000,135.000000,12.003712
81,77,155.000000,135.000000,11.948912
82,77,160.000000,135.000000,11.893046
83,77,165.000000,135.000000,11.836762
84,77,170.000000,135.000000,11.774886
85,77,175.000000,135.000000,11.712126
86,77,180.000000,135.000000,11.649366
87,77,185.000000,135.000000,11.586364
88,77,190.000000,135.000000,11.522031
89,77,195.000000,135.000000,11.454695
90,77,200.000000,135.000000,11.380333
91,77,205.000000,135.000000,11.305971
92,77,210.000000,135.000000,11.231608
93,77,215.000000,135.000000,11.156855
94,77,220.000000,135.000000,11.081831
95,77,225.000000,135.000000,11.001544
96,77,230.000000,135.000000,10.919365
97,77,235.000000,135.000000,10.837185
98,77,240.000000,135.000000,10.755006
99,77,245.000000,135.000000,10.672853
100,77,250.000000,135.000000,10.590825
0,78,-250.000000,140.000000,16.037143
1,78,-245.000000,140.000000,15.991327
2,78,-240.000000,140.000000,15.945511
3,78,-235.000000,140.000000,15.899695
4,78,-230.000000,140.000000,15.852810
5,78,-225.000000,140.000000,15.805253
6,78,-220.000000,140.000000,15.757546
7,78,-215.000000,140.000000,15.709792
8,78,-210.000000,140.000000,15.662038
9,78,-205.000000,140.000000,15.614558
10,78,-200.000000,140.000000,15.572268
11,78,-195.000000,140.000000,15.530170
12,78,-190.000000,140.000000,15.488864
13,78,-185.000000,140.000000,15.447558
14,78,-180.000000,140.000000,15.406252
15,78,-175.000000,140.000000,15.366754
16,78,-170.000000,140.000000,15.329170
17,78,-165.000000,140.000000,15.292185
18,78,-160.000000,140.000000,15.255550
19,78,-155.000000,140.000000,15.218915
20,78,-150.000000,140.000000,15.182280
21,78,-145.000000,140.000000,15.142578
22,78,-140.000000,140.000000,15.102540
23,78,-135.000000,140.000000,15.061445
24,78,-130.000000,140.000000,15.020350
25,78,-125.000000,140.000000,14.979254
26,78,-120.000000,140.000000,14.935538
27,78,-115.000000,140.000000,14.887123
28,78,-110.000000,140.000000,14.837089
29,78,-105.000000,140.000000,14.785461
30,78,-100.000000,140.000000,14.733832
31,78,-95.000000,140.000000,14.682203
32,78,-90.000000,140.000000,14.626950
33,78,-85.000000,140.000000,14.570758
34,78,-80.000000,140.000000,14.512196
35,78,-75.000000,140.000000,14.453482
36,78,-70.000000,140.000000,14.394768
37,78,-65.000000,140.000000,14.336257
38,78,-60.000000,140.000000,14.278428
39,78,-55.000000,140.000000,14.220827
40,78,-50.000000,140.000000,14.163606
41,78,-45.000000,140.000000,14.106384
42,78,-40.000000,140.000000,14.049162
43,78,-35.000000,140.000000,13.994038
44,78,-30.000000,140.000000,13.939965
45,78,-25.000000,140.000000,13.888048
46,78,-20.000000,140.000000,13.836632
47,78,-15.000000,140.000000,13.785216
48,78,-10.000000,140.000000,13.733922
49,78,-5.000000,140.000000,13.683700
50,78,0.000000,140.000000,13.633785
51,78,5.000000,140.000000,13.584800
52,78,10.000000,140.000000,13.535815
53,78,15.000000,140.000000,13.486831
54,78,20.000000,140.000000,13.437122
55,78,25.000000,140.000000,13.386791
56,78,30.000000,140.000000,13.335294
57,78,35.000000,140.000000,13.283255
58,78,40.000000,140.000000,13.231217
59,78,45.000000,140.000000,13.179179
60,78,50.000000,140.000000,13.125745
61,78,55.000000,140.000000,13.072007
62,78,60.000000,140.000000,13.016295
63,78,65.000000,140.000000,12.960583
64,78,70.000000,140.000000,12.904871
65,78,75.000000,140.000000,12.849226
66,78,80.000000,140.000000,12.793675
67,78,85.000000,140.000000,12.738300
68,78,90.000000,140.000000,12.683064
69,78,95.000000,140.000000,12.627829
70,78,100.000000,140.000000,12.572593
71,78,105.000000,140.000000,12.518055
72,78,110.000000,140.000000,12.463644
73,78,115.000000,140.000000,12.411251
74,78,120.000000,140.000000,12.358876
75,78,125.000000,140.000000,12.306501
76,78,130.000000,140.000000,12.254046
77,78,135.000000,140.000000,12.201391
78,78,140.000000,140.000000,12.148350
79,78,145.000000,140.000000,12.094794
80,78,150.000000,140.000000,12.041237
81,78,155.000000,140.000000,11.987680
82,78,160.000000,140.000000,11.932964
83,78,165.000000,140.000000,11.877794
84,78,170.000000,140.000000,11.816541
85,78,175.000000,140.000000,11.754327
86,78,180.000000,140.000000,11.692113
87,78,185.000000,140.000000,11.629644
88,78,190.000000,140.000000,11.565776
89,78,195.000000,140.000000,11.498752
90,78,200.000000,140.000000,11.424343
91,78,205.000000,140.000000,11.349934
92,78,210.000000,140.000000,11.275526
93,78,215.000000,140.000000,11.200721
94,78,220.000000,140.000000,11.125640
95,78,225.000000,140.000000,11.045224
96,78,230.000000,140.000000,10.962888
97,78,235.000000,140.000000,10.880551
98,78,240.000000,140.000000,10.798216
99,78,245.000000,140.000000,10.715915
100,78,250.000000,140.000000,10.633788
0,79,-250.000000,145.000000,16.010811
1,79,-245.000000,145.000000,15.965043
2,79,-240.000000,145.000000,15.919274
3,79,-235.000000,145.000000,15.873506
4,79,-230.000000,145.000000,15.826786
5,79,-225.000000,145.000000,15.779467
6,79,-220.000000,145.000000,15.732015
7,79,-215.000000,145.000000,15.684521
8,79,-210.000000,145.000000,15.637026
9,79,-205.000000,145.000000,15.589815
10,79,-200.000000,145.000000,15.547957
11,79,-195.000000,145.000000,15.506299
12,79,-190.000000,145.000000,15.465456
13,79,-185.000000,145.000000,15.424614
14,79,-180.000000,145.000000,15.383772
15,79,-175.000000,145.000000,15.344773
16,79,-170.000000,145.000000,15.307723
17,79,-165.000000,145.000000,15.271285
18,79,-160.000000,145.000000,15.235204
19,79,-155.000000,145.000000,15.199123
20,79,-150.000000,145.000000,15.163042
21,79,-145.000000,145.000000,15.123885
22,79,-140.000000,145.000000,15.084392
23,79,-135.000000,145.000000,15.043838
24,79,-130.000000,145.000000,15.003285
25,79,-125.000000,145.000000,14.962732
26,79,-120.000000,145.000000,14.919558
27,79,-115.000000,145.000000,14.871688
28,79,-110.000000,145.000000,14.822202
29,79,-105.000000,145.000000,14.771120
30,79,-100.000000,145.000000,14.720038
31,79,-95.000000,145.000000,14.668957
32,79,-90.000000,145.000000,14.614307
33,79,-85.000000,145.000000,14.558733
34,79,-80.000000,145.000000,14.500826
35,79,-75.000000,145.000000,14.442769
36,79,-70.000000,145.000000,14.384712
37,79,-65.000000,145.000000,14.326882
38,79,-60.000000,145.000000,14.269808
39,79,-55.000000,145.000000,14.212986
40,79,-50.000000,145.000000,14.156586
41,79,-45.000000,145.000000,14.100186
42,79,-40.000000,145.000000,14.043786
43,79,-35.000000,145.000000,13.989515
44,79,-30.000000,145.000000,13.936311
45,79,-25.000000,145.000000,13.885296
46,79,-20.000000,145.000000,13.834789
47,79,-15.000000,145.000000,13.784282
48,79,-10.000000,145.000000,13.733895
49,79,-5.000000,145.000000,13.684572
50,79,0.000000,145.000000,13.635551
51,79,5.000000,145.000000,13.587452
52,79,10.000000,145.000000,13.539353
53,79,15.000000,145.000000,13.491253
54,79,20.000000,145.000000,13.442431
55,79,25.000000,145.000000,13.392989
56,79,30.000000,145.000000,13.342382
57,79,35.000000,145.000000,13.291235
58,79,40.000000,145.000000,13.240088
59,79,45.000000,145.000000,13.188942
60,79,50.000000,145.000000,13.136476
61,79,55.000000,145.000000,13.083722
62,79,60.000000,145.000000,13.029102
63,79,65.000000,145.000000,12.974482
64,79,70.000000,145.000000,12.919862
65,79,75.000000,145.000000,12.865355
66,79,80.000000,145.000000,12.811010
67,79,85.000000,145.000000,12.756964
68,79,90.000000,145.000000,12.703156
69,79,95.000000,145.000000,12.649348
70,79,100.000000,145.000000,12.595540
71,79,105.000000,145.000000,12.542466
72,79,110.000000,145.000000,12.489524
73,79,115.000000,145.000000,12.438705
74,79,120.000000,145.000000,12.387904
75,79,125.000000,145.000000,12.337103
76,79,130.000000,145.000000,12.286200
77,79,135.000000,145.000000,12.235040
78,79,140.000000,145.000000,12.183388
79,79,145.000000,145.000000,12.131074
80,79,150.000000,145.000000,12.078761
81,79,155.000000,145.000000,12.026448
82,79,160.000000,145.000000,11.972882
83,79,165.000000,145.000000,11.918825
84,79,170.000000,145.000000,11.858196
85,79,175.000000,145.000000,11.796527
86,79,180.000000,145.000000,11.734859
87,79,185.000000,145.000000,11.672923
88,79,190.000000,145.000000,11.609521
89,79,195.000000,145.000000,11.542809
90,79,200.000000,145.000000,11.468353
91,79,205.000000,145.000000,11.393898
92,79,210.000000,145.000000,11.319443
93,79,215.000000,145.000000,11.244586
94,79,220.000000,145.000000,11.169450
95,79,225.000000,145.000000,11.088903
96,79,230.000000,145.000000,11.006410
97,79,235.000000,145.000000,10.923918
98,79,240.000000,145.000000,10.841426
99,79,245.000000,145.000000,10.758978
100,79,250.000000,145.000000,10.676751
0,80,-250.000000,150.000000,15.984577
1,80,-245.000000,150.000000,15.938854
2,80,-240.000000,150.000000,15.893130
3,80,-235.000000,150.000000,15.847407
4,80,-230.000000,150.000000,15.800849
5,80,-225.000000,150.000000,15.753766
6,80,-220.000000,150.000000,15.706566
7,80,-215.000000,150.000000,15.659329
8,80,-210.000000,150.000000,15.612092
9,80,-205.000000,150.000000,15.565146
10,80,-200.000000,150.000000,15.523720
11,80,-195.000000,150.000000,15.482499
12,80,-190.000000,150.000000,15.442119
13,80,-185.000000,150.000000,15.401740
14,80,-180.000000,150.000000,15.361360
15,80,-175.000000,150.000000,15.322859
16,80,-170.000000,150.000000,15.286344
17,80,-165.000000,150.000000,15.250453
18,80,-160.000000,150.000000,15.214925
19,80,-155.000000,150.000000,15.179397
20,80,-150.000000,150.000000,15.143869
21,80,-145.000000,150.000000,15.105257
22,80,-140.000000,150.000000,15.066308
23,80,-135.000000,150.000000,15.026294
24,80,-130.000000,150.000000,14.986281
25,80,-125.000000,150.000000,14.946268
26,80,-120.000000,150.000000,14.903636
27,80,-115.000000,150.000000,14.856307
28,80,-110.000000,150.000000,14.807363
29,80,-105.000000,150.000000,14.756823
30,80,-100.000000,150.000000,14.706283
31,80,-95.000000,150.000000,14.655744
32,80,-90.000000,150.000000,14.601691
33,80,-85.000000,150.000000,14.546728
34,80,-80.000000,150.000000,14.489468
35,80,-75.000000,150.000000,14.432060
36,80,-70.000000,150.000000,14.374652
37,80,-65.000000,150.000000,14.317492
38,80,-60.000000,150.000000,14.261164
39,80,-55.000000,150.000000,14.205113
40,80,-50.000000,150.000000,14.149525
41,80,-45.000000,150.000000,14.093937
42,80,-40.000000,150.000000,14.038349
43,80,-35.000000,150.000000,13.984922
44,80,-30.000000,150.000000,13.932578
45,80,-25.000000,150.000000,13.882456
46,80,-20.000000,150.000000,13.832849
47,80,-15.000000,150.000000,13.783243
48,80,-10.000000,150.000000,13.733757
49,80,-5.000000,150.000000,13.685323
50,80,0.000000,150.000000,13.637189
51,80,5.000000,150.000000,13.589968
52,80,10.000000,150.000000,13.542747
53,80,15.000000,150.000000,13.495526
54,80,20.000000,150.000000,13.447584
55,80,25.000000,150.000000,13.399022
56,80,30.000000,150.000000,13.349297
57,80,35.000000,150.000000,13.299033
58,80,40.000000,150.000000,13.248769
59,80,45.000000,150.000000,13.198505
60,80,50.000000,150.000000,13.146997
61,80,55.000000,150.000000,13.095217
62,80,60.000000,150.000000,13.041676
63,80,65.000000,150.000000,12.988136
64,80,70.000000,150.000000,12.934595
65,80,75.000000,150.000000,12.881213
66,80,80.000000,150.000000,12.828060
67,80,85.000000,150.000000,12.775327
68,80,90.000000,150.000000,12.722930
69,80,95.000000,150.000000,12.670533
70,80,100.000000,150.000000,12.618136
71,80,105.000000,150.000000,12.566507
72,80,110.000000,150.000000,12.515019
73,80,115.000000,150.000000,12.465755
74,80,120.000000,150.000000,12.416511
75,80,125.000000,150.000000,12.367267
76,80,130.000000,150.000000,12.317899
77,80,135.000000,150.000000,12.268219
78,80,140.000000,150.000000,12.217941
79,80,145.000000,150.000000,12.166860
80,80,150.000000,150.000000,12.115780
81,80,155.000000,150.000000,12.064699
82,80,160.000000,150.000000,12.012274
83,80,165.000000,150.000000,11.959321
84,80,170.000000,150.000000,11.899313
85,80,175.000000,150.000000,11.838189
86,80,180.000000,150.000000,11.777065
87,80,185.000000,150.000000,11.715662
88,80,190.000000,150.000000,11.652725
89,80,195.000000,150.000000,11.586326
90,80,200.000000,150.000000,11.511831
91,80,205.000000,150.000000,11.437335
92,80,210.000000,150.000000,11.362840
93,80,215.000000,150.000000,11.287937
94,80,220.000000,150.000000,11.212750
95,80,225.000000,150.000000,11.132080
96,80,230.000000,150.000000,11.049437
97,80,235.000000,150.000000,10.966794
98,80,240.000000,150.000000,10.884152
99,80,245.000000,150.000000,10.801563
100,80,250.000000,150.000000,10.719241
0,81,-250.000000,155.000000,15.958630
1,81,-245.000000,155.000000,15.912943
2,81,-240.000000,155.000000,15.867257
3,81,-235.000000,155.000000,15.821570
4,81,-230.000000,155.000000,15.775166
5,81,-225.000000,155.000000,15.728311
6,81,-220.000000,155.000000,15.681356
7,81,-215.000000,155.000000,15.634369
8,81,-210.000000,155.000000,15.587382
9,81,-205.000000,155.000000,15.540695
10,81,-200.000000,155.000000,15.499697
11,81,-195.000000,155.000000,15.458909
12,81,-190.000000,155.000000,15.418989
13,81,-185.000000,155.000000,15.379068
14,81,-180.000000,155.000000,15.339148
15,81,-175.000000,155.000000,15.301143
16,81,-170.000000,155.000000,15.265162
17,81,-165.000000,155.000000,15.229816
18,81,-160.000000,155.000000,15.194841
19,81,-155.000000,155.000000,15.159866
20,81,-150.000000,155.000000,15.124891
21,81,-145.000000,155.000000,15.086820
22,81,-140.000000,155.000000,15.048410
23,81,-135.000000,155.000000,15.008933
24,81,-130.000000,155.000000,14.969456
25,81,-125.000000,155.000000,14.929978
26,81,-120.000000,155.000000,14.887879
27,81,-115.000000,155.000000,14.841081
28,81,-110.000000,155.000000,14.792665
29,81,-105.000000,155.000000,14.742653
30,81,-100.000000,155.000000,14.692641
31,81,-95.000000,155.000000,14.642629
32,81,-90.000000,155.000000,14.589153
33,81,-85.000000,155.000000,14.534780
34,81,-80.000000,155.000000,14.478142
35,81,-75.000000,155.000000,14.421359
36,81,-70.000000,155.000000,14.364575
37,81,-65.000000,155.000000,14.308062
38,81,-60.000000,155.000000,14.252453
39,81,-55.000000,155.000000,14.197146
40,81,-50.000000,155.000000,14.142342
41,81,-45.000000,155.000000,14.087538
42,81,-40.000000,155.000000,14.032734
43,81,-35.000000,155.000000,13.980125
44,81,-30.000000,155.000000,13.928615
45,81,-25.000000,155.000000,13.879361
46,81,-20.000000,155.000000,13.830631
47,81,-15.000000,155.000000,13.781901
48,81,-10.000000,155.000000,13.733290
49,81,-5.000000,155.000000,13.685723
50,81,0.000000,155.000000,13.638453
51,81,5.000000,155.000000,13.592090
52,81,10.000000,155.000000,13.545726
53,81,15.000000,155.000000,13.499362
54,81,20.000000,155.000000,13.452277
55,81,25.000000,155.000000,13.404573
56,81,30.000000,155.000000,13.355705
57,81,35.000000,155.000000,13.306299
58,81,40.000000,155.000000,13.256894
59,81,45.000000,155.000000,13.207488
60,81,50.000000,155.000000,13.156908
61,81,55.000000,155.000000,13.106071
62,81,60.000000,155.000000,13.053572
63,81,65.000000,155.000000,13.001074
64,81,70.000000,155.000000,12.948576
65,81,75.000000,155.000000,12.896281
66,81,80.000000,155.000000,12.844278
67,81,85.000000,155.000000,12.792812
68,81,90.000000,155.000000,12.741776
69,81,95.000000,155.000000,12.690740
70,81,100.000000,155.000000,12.639704
71,81,105.000000,155.000000,12.589472
72,81,110.000000,155.000000,12.539386
73,81,115.000000,155.000000,12.491629
74,81,120.000000,155.000000,12.443891
75,81,125.000000,155.000000,12.396154
76,81,130.000000,155.000000,12.348273
77,81,135.000000,155.000000,12.300027
78,81,140.000000,155.000000,12.251083
79,81,145.000000,155.000000,12.201203
80,81,150.000000,155.000000,12.151324
81,81,155.000000,155.000000,12.101444
82,81,160.000000,155.000000,12.050131
83,81,165.000000,155.000000,11.998256
84,81,170.000000,155.000000,11.938863
85,81,175.000000,155.000000,11.878280
86,81,180.000000,155.000000,11.817698
87,81,185.000000,155.000000,11.756824
88,81,190.000000,155.000000,11.694352
89,81,195.000000,155.000000,11.628272
90,81,200.000000,155.000000,11.553754
91,81,205.000000,155.000000,11.479235
92,81,210.000000,155.000000,11.404716
93,81,215.000000,155.000000,11.329785
94,81,220.000000,155.000000,11.254567
95,81,225.000000,155.000000,11.173791
96,81,230.000000,155.000000,11.091015
97,81,235.000000,155.000000,11.008240
98,81,240.000000,155.000000,10.925466
99,81,245.000000,155.000000,10.842755
100,81,250.000000,155.000000,10.760354
0,82,-250.000000,160.000000,15.933616
1,82,-245.000000,160.000000,15.887940
2,82,-240.000000,160.000000,15.842265
3,82,-235.000000,160.000000,15.796589
4,82,-230.000000,160.000000,15.750315
5,82,-225.000000,160.000000,15.703664
6,82,-220.000000,160.000000,15.656929
7,82,-215.000000,160.000000,15.610168
8,82,-210.000000,160.000000,15.563406
9,82,-205.000000,160.000000,15.516955
10,82,-200.000000,160.000000,15.476371
11,82,-195.000000,160.000000,15.436004
12,82,-190.000000,160.000000,15.396532
13,82,-185.000000,160.000000,15.357060
14,82,-180.000000,160.000000,15.317588
15,82,-175.000000,160.000000,15.280071
16,82,-170.000000,160.000000,15.244620
17,82,-165.000000,160.000000,15.209818
18,82,-160.000000,160.000000,15.175393
19,82,-155.000000,160.000000,15.140969
20,82,-150.000000,160.000000,15.106545
21,82,-145.000000,160.000000,15.069004
22,82,-140.000000,160.000000,15.031123
23,82,-135.000000,160.000000,14.992167
24,82,-130.000000,160.000000,14.953211
25,82,-125.000000,160.000000,14.914255
26,82,-120.000000,160.000000,14.872667
27,82,-115.000000,160.000000,14.826361
28,82,-110.000000,160.000000,14.778431
29,82,-105.000000,160.000000,14.728899
30,82,-100.000000,160.000000,14.679366
31,82,-95.000000,160.000000,14.629834
32,82,-90.000000,160.000000,14.576871
33,82,-85.000000,160.000000,14.523020
34,82,-80.000000,160.000000,14.466925
35,82,-75.000000,160.000000,14.410686
36,82,-70.000000,160.000000,14.354447
37,82,-65.000000,160.000000,14.298499
38,82,-60.000000,160.000000,14.243523
39,82,-55.000000,160.000000,14.188872
40,82,-50.000000,160.000000,14.134761
41,82,-45.000000,160.000000,14.080651
42,82,-40.000000,160.000000,14.026540
43,82,-35.000000,160.000000,13.974661
44,82,-30.000000,160.000000,13.923901
45,82,-25.000000,160.000000,13.875434
46,82,-20.000000,160.000000,13.827500
47,82,-15.000000,160.000000,13.779566
48,82,-10.000000,160.000000,13.731751
49,82,-5.000000,160.000000,13.684976
50,82,0.000000,160.000000,13.638498
51,82,5.000000,160.000000,13.592922
52,82,10.000000,160.000000,13.547346
53,82,15.000000,160.000000,13.501771
54,82,20.000000,160.000000,13.455471
55,82,25.000000,160.000000,13.408550
56,82,30.000000,160.000000,13.360461
57,82,35.000000,160.000000,13.311832
58,82,40.000000,160.000000,13.263203
59,82,45.000000,160.000000,13.214573
60,82,50.000000,160.000000,13.164825
61,82,55.000000,160.000000,13.114832
62,82,60.000000,160.000000,13.063255
63,82,65.000000,160.000000,13.011678
64,82,70.000000,160.000000,12.960101
65,82,75.000000,160.000000,12.908766
66,82,80.000000,160.000000,12.857779
67,82,85.000000,160.000000,12.807431
68,82,90.000000,160.000000,12.757594
69,82,95.000000,160.000000,12.707757
70,82,100.000000,160.000000,12.657920
71,82,105.000000,160.000000,12.608922
72,82,110.000000,160.000000,12.560077
73,82,115.000000,160.000000,12.513662
74,82,120.000000,160.000000,12.467267
75,82,125.000000,160.000000,12.420873
76,82,130.000000,160.000000,12.374319
77,82,135.000000,160.000000,12.327358
78,82,140.000000,160.000000,12.279618
79,82,145.000000,160.000000,12.230835
80,82,150.000000,160.000000,12.182052
81,82,155.000000,160.000000,12.133269
82,82,160.000000,160.000000,12.082978
83,82,165.000000,160.000000,12.032094
84,82,170.000000,160.000000,11.973294
85,82,175.000000,160.000000,11.913243
86,82,180.000000,160.000000,11.853192
87,82,185.000000,160.000000,11.792839
88,82,190.000000,160.000000,11.730831
89,82,195.000000,160.000000,11.665086
90,82,200.000000,160.000000,11.590602
91,82,205.000000,160.000000,11.516117
92,82,210.000000,160.000000,11.441633
93,82,215.000000,160.000000,11.366730
94,82,220.000000,160.000000,11.291536
95,82,225.000000,160.000000,11.210714
96,82,230.000000,160.000000,11.127866
97,82,235.000000,160.000000,11.045019
98,82,240.000000,160.000000,10.962173
99,82,245.000000,160.000000,10.879397
100,82,250.000000,160.000000,10.796969
0,83,-250.000000,165.000000,15.909345
1,83,-245.000000,165.000000,15.863659
2,83,-240.000000,165.000000,15.817974
3,83,-235.000000,165.000000,15.772289
4,83,-230.000000,165.000000,15.726124
5,83,-225.000000,165.000000,15.679657
6,83,-220.000000,165.000000,15.633124
7,83,-215.000000,165.000000,15.586569
8,83,-210.000000,165.000000,15.540014
9,83,-205.000000,165.000000,15.493779
10,83,-200.000000,165.000000,15.453599
11,83,-195.000000,165.000000,15.413644
12,83,-190.000000,165.000000,15.374611
13,83,-185.000000,165.000000,15.335579
14,83,-180.000000,165.000000,15.296547
15,83,-175.000000,165.000000,15.259512
16,83,-170.000000,165.000000,15.224588
17,83,-165.000000,165.000000,15.190326
18,83,-160.000000,165.000000,15.156452
19,83,-155.000000,165.000000,15.122577
20,83,-150.000000,165.000000,15.088702
21,83,-145.000000,165.000000,15.051683
22,83,-140.000000,165.000000,15.014321
23,83,-135.000000,165.000000,14.975874
24,83,-130.000000,165.000000,14.937428
25,83,-125.000000,165.000000,14.898981
26,83,-120.000000,165.000000,14.857886
27,83,-115.000000,165.000000,14.812043
28,83,-110.000000,165.000000,14.764565
29,83,-105.000000,165.000000,14.715474
30,83,-100.000000,165.000000,14.666384
31,83,-95.000000,165.000000,14.617293
32,83,-90.000000,165.000000,14.564793
33,83,-85.000000,165.000000,14.511408
34,83,-80.000000,165.000000,14.455794
35,83,-75.000000,165.000000,14.400036
36,83,-70.000000,165.000000,14.344278
37,83,-65.000000,165.000000,14.288830
38,83,-60.000000,165.000000,14.234418
39,83,-55.000000,165.000000,14.180353
40,83,-50.000000,165.000000,14.126864
41,83,-45.000000,165.000000,14.073375
42,83,-40.000000,165.000000,14.019886
43,83,-35.000000,165.000000,13.968669
44,83,-30.000000,165.000000,13.918590
45,83,-25.000000,165.000000,13.870846
46,83,-20.000000,165.000000,13.823645
47,83,-15.000000,165.000000,13.776443
48,83,-10.000000,165.000000,13.729360
49,83,-5.000000,165.000000,13.683318
50,83,0.000000,165.000000,13.637573
51,83,5.000000,165.000000,13.592730
52,83,10.000000,165.000000,13.547888
53,83,15.000000,165.000000,13.503045
54,83,20.000000,165.000000,13.457473
55,83,25.000000,165.000000,13.411276
56,83,30.000000,165.000000,13.363903
57,83,35.000000,165.000000,13.315985
58,83,40.000000,165.000000,13.268068
59,83,45.000000,165.000000,13.220151
60,83,50.000000,165.000000,13.171157
61,83,55.000000,165.000000,13.121929
62,83,60.000000,165.000000,13.071177
63,83,65.000000,165.000000,13.020426
64,83,70.000000,165.000000,12.969675
65,83,75.000000,165.000000,12.919199
66,83,80.000000,165.000000,12.869121
67,83,85.000000,165.000000,12.819771
68,83,90.000000,165.000000,12.771004
69,83,95.000000,165.000000,12.722237
70,83,100.000000,165.000000,12.673471
71,83,105.000000,165.000000,12.625578
72,83,110.000000,165.000000,12.577844
73,83,115.000000,165.000000,12.532641
74,83,120.000000,165.000000,12.487460
75,83,125.000000,165.000000,12.442279
76,83,130.000000,165.000000,12.396924
77,83,135.000000,165.000000,12.351129
78,83,140.000000,165.000000,12.304490
79,83,145.000000,165.000000,12.256721
80,83,150.000000,165.000000,12.208953
81,83,155.000000,165.000000,12.161184
82,83,160.000000,165.000000,12.111841
83,83,165.000000,165.000000,12.061879
84,83,170.000000,165.000000,12.003658
85,83,175.000000,165.000000,11.944130
86,83,180.000000,165.000000,11.884601
87,83,185.000000,165.000000,11.824762
88,83,190.000000,165.000000,11.763217
89,83,195.000000,165.000000,11.697821
90,83,200.000000,165.000000,11.623416
91,83,205.000000,165.000000,11.549011
92,83,210.000000,165.000000,11.474605
93,83,215.000000,165.000000,11.399777
94,83,220.000000,165.000000,11.324654
95,83,225.000000,165.000000,11.243832
96,83,230.000000,165.000000,11.160959
97,83,235.000000,165.000000,11.078087
98,83,240.000000,165.000000,10.995217
99,83,245.000000,165.000000,10.912422
100,83,250.000000,165.000000,10.830009
0,84,-250.000000,170.000000,15.885074
1,84,-245.000000,170.000000,15.839378
2,84,-240.000000,170.000000,15.793683
3,84,-235.000000,170.000000,15.747988
4,84,-230.000000,170.000000,15.701933
5,84,-225.000000,170.000000,15.655651
6,84,-220.000000,170.000000,15.609318
7,84,-215.000000,170.000000,15.562970
8,84,-210.000000,170.000000,15.516622
9,84,-205.000000,170.000000,15.470603
10,84,-200.000000,170.000000,15.430827
11,84,-195.000000,170.000000,15.391283
12,84,-190.000000,170.000000,15.352690
13,84,-185.000000,170.000000,15.314098
14,84,-180.000000,170.000000,15.275505
15,84,-175.000000,170.000000,15.238952
16,84,-170.000000,170.000000,15.204556
17,84,-165.000000,170.000000,15.170835
18,84,-160.000000,170.000000,15.137510
19,84,-155.000000,170.000000,15.104184
20,84,-150.000000,170.000000,15.070859
21,84,-145.000000,170.000000,15.034362
22,84,-140.000000,170.000000,14.997519
23,84,-135.000000,170.000000,14.959582
24,84,-130.000000,170.000000,14.921645
25,84,-125.000000,170.000000,14.883708
26,84,-120.000000,170.000000,14.843105
27,84,-115.000000,170.000000,14.797724
28,84,-110.000000,170.000000,14.750698
29,84,-105.000000,170.000000,14.702050
30,84,-100.000000,170.000000,14.653401
31,84,-95.000000,170.000000,14.604753
32,84,-90.000000,170.000000,14.552714
33,84,-85.000000,170.000000,14.499796
34,84,-80.000000,170.000000,14.444663
35,84,-75.000000,170.000000,14.389386
36,84,-70.000000,170.000000,14.334109
37,84,-65.000000,170.000000,14.279161
38,84,-60.000000,170.000000,14.225314
39,84,-55.000000,170.000000,14.171834
40,84,-50.000000,170.000000,14.118967
41,84,-45.000000,170.000000,14.066100
42,84,-40.000000,170.000000,14.013232
43,84,-35.000000,170.000000,13.962676
44,84,-30.000000,170.000000,13.913279
45,84,-25.000000,170.000000,13.866258
46,84,-20.000000,170.000000,13.819789
47,84,-15.000000,170.000000,13.773320
48,84,-10.000000,170.000000,13.726970
49,84,-5.000000,170.000000,13.681661
50,84,0.000000,170.000000,13.636648
51,84,5.000000,170.000000,13.592539
52,84,10.000000,170.000000,13.548429
53,84,15.000000,170.000000,13.504319
54,84,20.000000,170.000000,13.459476
55,84,25.000000,170.000000,13.414002
56,84,30.000000,170.000000,13.367345
57,84,35.000000,170.000000,13.320139
58,84,40.000000,170.000000,13.272934
59,84,45.000000,170.000000,13.225728
60,84,50.000000,170.000000,13.177490
61,84,55.000000,170.000000,13.129026
62,84,60.000000,170.000000,13.079100
63,84,65.000000,170.000000,13.029174
64,84,70.000000,170.000000,12.979248
65,84,75.000000,170.000000,12.929632
66,84,80.000000,170.000000,12.880462
67,84,85.000000,170.000000,12.832110
68,84,90.000000,170.000000,12.784414
69,84,95.000000,170.000000,12.736718
70,84,100.000000,170.000000,12.689021
71,84,105.000000,170.000000,12.642234
72,84,110.000000,170.000000,12.595612
73,84,115.000000,170.000000,12.551621
74,84,120.000000,170.000000,12.507652
75,84,125.000000,170.000000,12.463684
76,84,130.000000,170.000000,12.419530
77,84,135.000000,170.000000,12.374900
78,84,140.000000,170.000000,12.329362
79,84,145.000000,170.000000,12.282608
80,84,150.000000,170.000000,12.235853
81,84,155.000000,170.000000,12.189098
82,84,160.000000,170.000000,12.140704
83,84,165.000000,170.000000,12.091665
84,84,170.000000,170.000000,12.034021
85,84,175.000000,170.000000,11.975016
86,84,180.000000,170.000000,11.916011
87,84,185.000000,170.000000,11.856686
88,84,190.000000,170.000000,11.795603
89,84,195.000000,170.000000,11.730556
90,84,200.000000,170.000000,11.656230
91,84,205.000000,170.000000,11.581904
92,84,210.000000,170.000000,11.507578
93,84,215.000000,170.000000,11.432824
94,84,220.000000,170.000000,11.357771
95,84,225.000000,170.000000,11.276950
96,84,230.000000,170.000000,11.194053
97,84,235.000000,170.000000,11.111155
98,84,240.000000,170.000000,11.028260
99,84,245.000000,170.000000,10.945448
100,84,250.000000,170.000000,10.863049
0,85,-250.000000,175.000000,15.860493
1,85,-245.000000,175.000000,15.814799
2,85,-240.000000,175.000000,15.769104
3,85,-235.000000,175.000000,15.723409
4,85,-230.000000,175.000000,15.677472
5,85,-225.000000,175.000000,15.631383
6,85,-220.000000,175.000000,15.585260
7,85,-215.000000,175.000000,15.539127
8,85,-210.000000,175.000000,15.492993
9,85,-205.000000,175.000000,15.447199
10,85,-200.000000,175.000000,15.407831
11,85,-195.000000,175.000000,15.368702
12,85,-190.000000,175.000000,15.330552
13,85,-185.000000,175.000000,15.292402
14,85,-180.000000,175.000000,15.254253
15,85,-175.000000,175.000000,15.218184
16,85,-170.000000,175.000000,15.184315
17,85,-165.000000,175.000000,15.151136
18,85,-160.000000,175.000000,15.118360
19,85,-155.000000,175.000000,15.085583
20,85,-150.000000,175.000000,15.052807
21,85,-145.000000,175.000000,15.016832
22,85,-140.000000,175.000000,14.980507
23,85,-135.000000,175.000000,14.943079
24,85,-130.000000,175.000000,14.905651
25,85,-125.000000,175.000000,14.868224
26,85,-120.000000,175.000000,14.828114
27,85,-115.000000,175.000000,14.783196
28,85,-110.000000,175.000000,14.736623
29,85,-105.000000,175.000000,14.688417
30,85,-100.000000,175.000000,14.640212
31,85,-95.000000,175.000000,14.592006
32,85,-90.000000,175.000000,14.540430
33,85,-85.000000,175.000000,14.487981
34,85,-80.000000,175.000000,14.433328
35,85,-75.000000,175.000000,14.378534
36,85,-70.000000,175.000000,14.323739
37,85,-65.000000,175.000000,14.269292
38,85,-60.000000,175.000000,14.216008
39,85,-55.000000,175.000000,14.163114
40,85,-50.000000,175.000000,14.110866
41,85,-45.000000,175.000000,14.058619
42,85,-40.000000,175.000000,14.006371
43,85,-35.000000,175.000000,13.956475
44,85,-30.000000,175.000000,13.907756
45,85,-25.000000,175.000000,13.861454
46,85,-20.000000,175.000000,13.815714
47,85,-15.000000,175.000000,13.769973
48,85,-10.000000,175.000000,13.724351
49,85,-5.000000,175.000000,13.679770
50,85,0.000000,175.000000,13.635486
51,85,5.000000,175.000000,13.592105
52,85,10.000000,175.000000,13.548724
53,85,15.000000,175.000000,13.505342
54,85,20.000000,175.000000,13.461222
55,85,25.000000,175.000000,13.416468
56,85,30.000000,175.000000,13.370522
57,85,35.000000,175.000000,13.324025
58,85,40.000000,175.000000,13.277527
59,85,45.000000,175.000000,13.231030
60,85,50.000000,175.000000,13.183542
61,85,55.000000,175.000000,13.135838
62,85,60.000000,175.000000,13.086732
63,85,65.000000,175.000000,13.037626
64,85,70.000000,175.000000,12.988521
65,85,75.000000,175.000000,12.939758
66,85,80.000000,175.000000,12.891490
67,85,85.000000,175.000000,12.844129
68,85,90.000000,175.000000,12.797494
69,85,95.000000,175.000000,12.750859
70,85,100.000000,175.000000,12.704224
71,85,105.000000,175.000000,12.658533
72,85,110.000000,175.000000,12.613012
73,85,115.000000,175.000000,12.570222
74,85,120.000000,175.000000,12.527456
75,85,125.000000,175.000000,12.484690
76,85,130.000000,175.000000,12.441724
77,85,135.000000,175.000000,12.398250
78,85,140.000000,175.000000,12.353804
79,85,145.000000,175.000000,12.308055
80,85,150.000000,175.000000,12.262307
81,85,155.000000,175.000000,12.216559
82,85,160.000000,175.000000,12.169106
83,85,165.000000,175.000000,12.120983
84,85,170.000000,175.000000,12.063917
85,85,175.000000,175.000000,12.005436
86,85,180.000000,175.000000,11.946955
87,85,185.000000,175.000000,11.888145
88,85,190.000000,175.000000,11.827528
89,85,195.000000,175.000000,11.762833
90,85,200.000000,175.000000,11.688596
91,85,205.000000,175.000000,11.614360
92,85,210.000000,175.000000,11.540123
93,85,215.000000,175.000000,11.465453
94,85,220.000000,175.000000,11.390481
95,85,225.000000,175.000000,11.309672
96,85,230.000000,175.000000,11.226763
97,85,235.000000,175.000000,11.143855
98,85,240.000000,175.000000,11.060948
99,85,245.000000,175.000000,10.978130
100,85,250.000000,175.000000,10.895758
0,86,-250.000000,180.000000,15.834297
1,86,-245.000000,180.000000,15.788657
2,86,-240.000000,180.000000,15.743017
3,86,-235.000000,180.000000,15.697377
4,86,-230.000000,180.000000,15.651606
5,86,-225.000000,180.000000,15.605753
6,86,-220.000000,180.000000,15.559882
7,86,-215.000000,180.000000,15.514005
8,86,-210.000000,180.000000,15.468128
9,86,-205.000000,180.000000,15.422599
10,86,-200.000000,180.000000,15.383661
11,86,-195.000000,180.000000,15.344967
12,86,-190.000000,180.000000,15.307278
13,86,-185.000000,180.000000,15.269588
14,86,-180.000000,180.000000,15.231899
15,86,-175.000000,180.000000,15.196325
16,86,-170.000000,180.000000,15.162986
17,86,-165.000000,180.000000,15.130349
18,86,-160.000000,180.000000,15.098121
19,86,-155.000000,180.000000,15.065893
20,86,-150.000000,180.000000,15.033665
21,86,-145.000000,180.000000,14.998210
22,86,-140.000000,180.000000,14.962402
23,86,-135.000000,180.000000,14.925481
24,86,-130.000000,180.000000,14.888560
25,86,-125.000000,180.000000,14.851640
26,86,-120.000000,180.000000,14.812022
27,86,-115.000000,180.000000,14.767571
28,86,-110.000000,180.000000,14.721455
29,86,-105.000000,180.000000,14.673698
30,86,-100.000000,180.000000,14.625941
31,86,-95.000000,180.000000,14.578183
32,86,-90.000000,180.000000,14.527076
33,86,-85.000000,180.000000,14.475099
34,86,-80.000000,180.000000,14.420933
35,86,-75.000000,180.000000,14.366625
36,86,-70.000000,180.000000,14.312317
37,86,-65.000000,180.000000,14.258374
38,86,-60.000000,180.000000,14.205652
39,86,-55.000000,180.000000,14.153337
40,86,-50.000000,180.000000,14.101702
41,86,-45.000000,180.000000,14.050066
42,86,-40.000000,180.000000,13.998430
43,86,-35.000000,180.000000,13.949180
44,86,-30.000000,180.000000,13.901125
45,86,-25.000000,180.000000,13.855522
46,86,-20.000000,180.000000,13.810488
47,86,-15.000000,180.000000,13.765454
48,86,-10.000000,180.000000,13.720538
49,86,-5.000000,180.000000,13.676663
50,86,0.000000,180.000000,13.633084
51,86,5.000000,180.000000,13.590407
52,86,10.000000,180.000000,13.547730
53,86,15.000000,180.000000,13.505053
54,86,20.000000,180.000000,13.461633
55,86,25.000000,180.000000,13.417575
56,86,30.000000,180.000000,13.372319
57,86,35.000000,180.000000,13.326508
58,86,40.000000,180.000000,13.280698
59,86,45.000000,180.000000,13.234887
60,86,50.000000,180.000000,13.188126
61,86,55.000000,180.000000,13.141158
62,86,60.000000,180.000000,13.092845
63,86,65.000000,180.000000,13.044532
64,86,70.000000,180.000000,12.996219
65,86,75.000000,180.000000,12.948281
66,86,80.000000,180.000000,12.900881
67,86,85.000000,180.000000,12.854470
68,86,90.000000,180.000000,12.808850
69,86,95.000000,180.000000,12.763230
70,86,100.000000,180.000000,12.717610
71,86,105.000000,180.000000,12.672965
72,86,110.000000,180.000000,12.628497
73,86,115.000000,180.000000,12.586849
74,86,120.000000,180.000000,12.545226
75,86,125.000000,180.000000,12.503603
76,86,130.000000,180.000000,12.461769
77,86,135.000000,180.000000,12.419396
78,86,140.000000,180.000000,12.375992
79,86,145.000000,180.000000,12.331209
80,86,150.000000,180.000000,12.286426
81,86,155.000000,180.000000,12.241643
82,86,160.000000,180.000000,12.195097
83,86,165.000000,180.000000,12.147858
84,86,170.000000,180.000000,12.091370
85,86,175.000000,180.000000,12.033419
86,86,180.000000,180.000000,11.975468
87,86,185.000000,180.000000,11.917179
88,86,190.000000,180.000000,11.857039
89,86,195.000000,180.000000,11.792720
90,86,200.000000,180.000000,11.718624
91,86,205.000000,180.000000,11.644528
92,86,210.000000,180.000000,11.570433
93,86,215.000000,180.000000,11.495899
94,86,220.000000,180.000000,11.421062
95,86,225.000000,180.000000,11.340330
96,86,230.000000,180.000000,11.257477
97,86,235.000000,180.000000,11.174625
98,86,240.000000,180.000000,11.091775
99,86,245.000000,180.000000,11.009020
100,86,250.000000,180.000000,10.926739
0,87,-250.000000,185.000000,15.802428
1,87,-245.000000,185.000000,15.757032
2,87,-240.000000,185.000000,15.711637
3,87,-235.000000,185.000000,15.666241
4,87,-230.000000,185.000000,15.620803
5,87,-225.000000,185.000000,15.575338
6,87,-220.000000,185.000000,15.529868
7,87,-215.000000,185.000000,15.484395
8,87,-210.000000,185.000000,15.438923
9,87,-205.000000,185.000000,15.393803
10,87,-200.000000,185.000000,15.355368
11,87,-195.000000,185.000000,15.317181
12,87,-190.000000,185.000000,15.280013
13,87,-185.000000,185.000000,15.242845
14,87,-180.000000,185.000000,15.205677
15,87,-175.000000,185.000000,15.170633
16,87,-170.000000,185.000000,15.137835
17,87,-165.000000,185.000000,15.105741
18,87,-160.000000,185.000000,15.074058
19,87,-155.000000,185.000000,15.042375
20,87,-150.000000,185.000000,15.010693
21,87,-145.000000,185.000000,14.975752
22,87,-140.000000,185.000000,14.940455
23,87,-135.000000,185.000000,14.904034
24,87,-130.000000,185.000000,14.867614
25,87,-125.000000,185.000000,14.831194
26,87,-120.000000,185.000000,14.792069
27,87,-115.000000,185.000000,14.748095
28,87,-110.000000,185.000000,14.702451
29,87,-105.000000,185.000000,14.655161
30,87,-100.000000,185.000000,14.607871
31,87,-95.000000,185.000000,14.560581
32,87,-90.000000,185.000000,14.509960
33,87,-85.000000,185.000000,14.458474
34,87,-80.000000,185.000000,14.404811
35,87,-75.000000,185.000000,14.351007
36,87,-70.000000,185.000000,14.297203
37,87,-65.000000,185.000000,14.243775
38,87,-60.000000,185.000000,14.191603
39,87,-55.000000,185.000000,14.139852
40,87,-50.000000,185.000000,14.088800
41,87,-45.000000,185.000000,14.037748
42,87,-40.000000,185.000000,13.986696
43,87,-35.000000,185.000000,13.938046
44,87,-30.000000,185.000000,13.890601
45,87,-25.000000,185.000000,13.845625
46,87,-20.000000,185.000000,13.801222
47,87,-15.000000,185.000000,13.756819
48,87,-10.000000,185.000000,13.712534
49,87,-5.000000,185.000000,13.669284
50,87,0.000000,185.000000,13.626329
51,87,5.000000,185.000000,13.584271
52,87,10.000000,185.000000,13.542213
53,87,15.000000,185.000000,13.500155
54,87,20.000000,185.000000,13.457352
55,87,25.000000,185.000000,13.413910
56,87,30.000000,185.000000,13.369268
57,87,35.000000,185.000000,13.324070
58,87,40.000000,185.000000,13.278871
59,87,45.000000,185.000000,13.233673
60,87,50.000000,185.000000,13.187557
61,87,55.000000,185.000000,13.141240
62,87,60.000000,185.000000,13.093623
63,87,65.000000,185.000000,13.046007
64,87,70.000000,185.000000,12.998391
65,87,75.000000,185.000000,12.951171
66,87,80.000000,185.000000,12.904521
67,87,85.000000,185.000000,12.858916
68,87,90.000000,185.000000,12.814149
69,87,95.000000,185.000000,12.769383
70,87,100.000000,185.000000,12.724616
71,87,105.000000,185.000000,12.680844
72,87,110.000000,185.000000,12.637253
73,87,115.000000,185.000000,12.596542
74,87,120.000000,185.000000,12.555856
75,87,125.000000,185.000000,12.515171
76,87,130.000000,185.000000,12.474266
77,87,135.000000,185.000000,12.432803
78,87,140.000000,185.000000,12.390271
79,87,145.000000,185.000000,12.346309
80,87,150.000000,185.000000,12.302347
81,87,155.000000,185.000000,12.258384
82,87,160.000000,185.000000,12.212622
83,87,165.000000,185.000000,12.166154
84,87,170.000000,185.000000,12.110245
85,87,175.000000,185.000000,12.052842
86,87,180.000000,185.000000,11.995439
87,87,185.000000,185.000000,11.937694
88,87,190.000000,185.000000,11.878072
89,87,195.000000,185.000000,11.814212
90,87,200.000000,185.000000,11.740439
91,87,205.000000,185.000000,11.666666
92,87,210.000000,185.000000,11.592893
93,87,215.000000,185.000000,11.518680
94,87,220.000000,185.000000,11.444163
95,87,225.000000,185.000000,11.363734
96,87,230.000000,185.000000,11.281177
97,87,235.000000,185.000000,11.198621
98,87,240.000000,185.000000,11.116068
99,87,245.000000,185.000000,11.033613
100,87,250.000000,185.000000,10.951654
0,88,-250.000000,190.000000,15.763962
1,88,-245.000000,190.000000,15.719031
2,88,-240.000000,190.000000,15.674101
3,88,-235.000000,190.000000,15.629170
4,88,-230.000000,190.000000,15.584259
5,88,-225.000000,190.000000,15.539359
6,88,-220.000000,190.000000,15.494462
7,88,-215.000000,190.000000,15.449566
8,88,-210.000000,190.000000,15.404670
9,88,-205.000000,190.000000,15.360128
10,88,-200.000000,190.000000,15.322283
11,88,-195.000000,190.000000,15.284686
12,88,-190.000000,190.000000,15.248110
13,88,-185.000000,190.000000,15.211534
14,88,-180.000000,190.000000,15.174958
15,88,-175.000000,190.000000,15.140486
16,88,-170.000000,190.000000,15.108240
17,88,-165.000000,190.000000,15.076691
18,88,-160.000000,190.000000,15.045550
19,88,-155.000000,190.000000,15.014409
20,88,-150.000000,190.000000,14.983267
21,88,-145.000000,190.000000,14.948834
22,88,-140.000000,190.000000,14.914041
23,88,-135.000000,190.000000,14.878113
24,88,-130.000000,190.000000,14.842185
25,88,-125.000000,190.000000,14.806257
26,88,-120.000000,190.000000,14.767624
27,88,-115.000000,190.000000,14.724140
28,88,-110.000000,190.000000,14.678987
29,88,-105.000000,190.000000,14.632186
30,88,-100.000000,190.000000,14.585386
31,88,-95.000000,190.000000,14.538586
32,88,-90.000000,190.000000,14.488471
33,88,-85.000000,190.000000,14.437497
34,88,-80.000000,190.000000,14.384356
35,88,-75.000000,190.000000,14.331076
36,88,-70.000000,190.000000,14.277795
37,88,-65.000000,190.000000,14.224894
38,88,-60.000000,190.000000,14.173263
39,88,-55.000000,190.000000,14.122055
40,88,-50.000000,190.000000,14.071554
41,88,-45.000000,190.000000,14.021053
42,88,-40.000000,190.000000,13.970551
43,88,-35.000000,190.000000,13.922450
44,88,-30.000000,190.000000,13.875551
45,88,-25.000000,190.000000,13.831118
46,88,-20.000000,190.000000,13.787259
47,88,-15.000000,190.000000,13.743400
48,88,-10.000000,190.000000,13.699657
49,88,-5.000000,190.000000,13.656938
50,88,0.000000,190.000000,13.614512
51,88,5.000000,190.000000,13.572974
52,88,10.000000,190.000000,13.531436
53,88,15.000000,190.000000,13.489897
54,88,20.000000,190.000000,13.447616
55,88,25.000000,190.000000,13.404697
56,88,30.000000,190.000000,13.360579
57,88,35.000000,190.000000,13.315907
58,88,40.000000,190.000000,13.271235
59,88,45.000000,190.000000,13.226563
60,88,50.000000,190.000000,13.180995
61,88,55.000000,190.000000,13.135231
62,88,60.000000,190.000000,13.088200
63,88,65.000000,190.000000,13.041168
64,88,70.000000,190.000000,12.994137
65,88,75.000000,190.000000,12.947513
66,88,80.000000,190.000000,12.901474
67,88,85.000000,190.000000,12.856510
68,88,90.000000,190.000000,12.812407
69,88,95.000000,190.000000,12.768305
70,88,100.000000,190.000000,12.724202
71,88,105.000000,190.000000,12.681102
72,88,110.000000,190.000000,12.638185
73,88,115.000000,190.000000,12.598172
74,88,120.000000,190.000000,12.558185
75,88,125.000000,190.000000,12.518197
76,88,130.000000,190.000000,12.477987
77,88,135.000000,190.000000,12.437212
78,88,140.000000,190.000000,12.395353
79,88,145.000000,190.000000,12.352044
80,88,150.000000,190.000000,12.308734
81,88,155.000000,190.000000,12.265425
82,88,160.000000,190.000000,12.220305
83,88,165.000000,190.000000,12.174475
84,88,170.000000,190.000000,12.119145
85,88,175.000000,190.000000,12.062313
86,88,180.000000,190.000000,12.005481
87,88,185.000000,190.000000,11.948306
88,88,190.000000,190.000000,11.889249
89,88,195.000000,190.000000,11.825945
90,88,200.000000,190.000000,11.752705
91,88,205.000000,190.000000,11.679466
92,88,210.000000,190.000000,11.606226
93,88,215.000000,190.000000,11.532549
94,88,220.000000,190.000000,11.458569
95,88,225.000000,190.000000,11.378704
96,88,230.000000,190.000000,11.296723
97,88,235.000000,190.000000,11.214742
98,88,240.000000,190.000000,11.132763
99,88,245.000000,190.000000,11.050885
100,88,250.000000,190.000000,10.969513
0,89,-250.000000,195.000000,15.725496
1,89,-245.000000,195.000000,15.681031
2,89,-240.000000,195.000000,15.636565
3,89,-235.000000,195.000000,15.592099
4,89,-230.000000,195.000000,15.547714
5,89,-225.000000,195.000000,15.503380
6,89,-220.000000,195.000000,15.459057
7,89,-215.000000,195.000000,15.414738
8,89,-210.000000,195.000000,15.370418
9,89,-205.000000,195.000000,15.326453
10,89,-200.000000,195.000000,15.289197
11,89,-195.000000,195.000000,15.252190
12,89,-190.000000,195.000000,15.216206
13,89,-185.000000,195.000000,15.180222
14,89,-180.000000,195.000000,15.144238
15,89,-175.000000,195.000000,15.110339
16,89,-170.000000,195.000000,15.078644
17,89,-165.000000,195.000000,15.047641
18,89,-160.000000,195.000000,15.017042
19,89,-155.000000,195.000000,14.986442
20,89,-150.000000,195.000000,14.955842
21,89,-145.000000,195.000000,14.921917
22,89,-140.000000,195.000000,14.887628
23,89,-135.000000,195.000000,14.852192
24,89,-130.000000,195.000000,14.816756
25,89,-125.000000,195.000000,14.781321
26,89,-120.000000,195.000000,14.743179
27,89,-115.000000,195.000000,14.700186
28,89,-110.000000,195.000000,14.655522
29,89,-105.000000,195.000000,14.609211
30,89,-100.000000,195.000000,14.562900
31,89,-95.000000,195.000000,14.516590
32,89,-90.000000,195.000000,14.466982
33,89,-85.000000,195.000000,14.416519
34,89,-80.000000,195.000000,14.363901
35,89,-75.000000,195.000000,14.311145
36,89,-70.000000,195.000000,14.258388
37,89,-65.000000,195.000000,14.206014
38,89,-60.000000,195.000000,14.154922
39,89,-55.000000,195.000000,14.104258
40,89,-50.000000,195.000000,14.054308
41,89,-45.000000,195.000000,14.004357
42,89,-40.000000,195.000000,13.954406
43,89,-35.000000,195.000000,13.906853
44,89,-30.000000,195.000000,13.860500
45,89,-25.000000,195.000000,13.816612
46,89,-20.000000,195.000000,13.773296
47,89,-15.000000,195.000000,13.729980
48,89,-10.000000,195.000000,13.686779
49,89,-5.000000,195.000000,13.644592
50,89,0.000000,195.000000,13.602695
51,89,5.000000,195.000000,13.561677
52,89,10.000000,195.000000,13.520658
53,89,15.000000,195.000000,13.479640
54,89,20.000000,195.000000,13.437880
55,89,25.000000,195.000000,13.395483
56,89,30.000000,195.000000,13.351891
57,89,35.000000,195.000000,13.307745
58,89,40.000000,195.000000,13.263599
59,89,45.000000,195.000000,13.219453
60,89,50.000000,195.000000,13.174433
61,89,55.000000,195.000000,13.129222
62,89,60.000000,195.000000,13.082776
63,89,65.000000,195.000000,13.036329
64,89,70.000000,195.000000,12.989883
65,89,75.000000,195.000000,12.943854
66,89,80.000000,195.000000,12.898427
67,89,85.000000,195.000000,12.854104
68,89,90.000000,195.000000,12.810666
69,89,95.000000,195.000000,12.767227
70,89,100.000000,195.000000,12.723788
71,89,105.000000,195.000000,12.681360
72,89,110.000000,195.000000,12.639117
73,89,115.000000,195.000000,12.599802
74,89,120.000000,195.000000,12.560513
75,89,125.000000,195.000000,12.521224
76,89,130.000000,195.000000,12.481709
77,89,135.000000,195.000000,12.441620
78,89,140.000000,195.000000,12.400435
79,89,145.000000,195.000000,12.357778
80,89,150.000000,195.000000,12.315122
81,89,155.000000,195.000000,12.272466
82,89,160.000000,195.000000,12.227988
83,89,165.000000,195.000000,12.182796
84,89,170.000000,195.000000,12.128046
85,89,175.000000,195.000000,12.071784
86,89,180.000000,195.000000,12.015522
87,89,185.000000,195.000000,11.958917
88,89,190.000000,195.000000,11.900426
89,89,195.000000,195.000000,11.837678
90,89,200.000000,195.000000,11.764972
91,89,205.000000,195.000000,11.692266
92,89,210.000000,195.000000,11.619559
93,89,215.000000,195.000000,11.546418
94,89,220.000000,195.000000,11.472974
95,89,225.000000,195.000000,11.393675
96,89,230.000000,195.000000,11.312269
97,89,235.000000,195.000000,11.230862
98,89,240.000000,195.000000,11.149459
99,89,245.000000,195.000000,11.068158
100,89,250.000000,195.000000,10.987372
0,90,-250.000000,200.000000,15.686933
1,90,-245.000000,200.000000,15.642936
2,90,-240.000000,200.000000,15.598938
3,90,-235.000000,200.000000,15.554941
4,90,-230.000000,200.000000,15.511085
5,90,-225.000000,200.000000,15.467318
6,90,-220.000000,200.000000,15.423572
7,90,-215.000000,200.000000,15.379831
8,90,-210.000000,200.000000,15.336091
9,90,-205.000000,200.000000,15.292705
10,90,-200.000000,200.000000,15.256041
11,90,-195.000000,200.000000,15.219625
12,90,-190.000000,200.000000,15.184234
13,90,-185.000000,200.000000,15.148843
14,90,-180.000000,200.000000,15.113452
15,90,-175.000000,200.000000,15.080127
16,90,-170.000000,200.000000,15.048984
17,90,-165.000000,200.000000,15.018526
18,90,-160.000000,200.000000,14.988468
19,90,-155.000000,200.000000,14.958410
20,90,-150.000000,200.000000,14.928352
21,90,-145.000000,200.000000,14.894934
22,90,-140.000000,200.000000,14.861149
23,90,-135.000000,200.000000,14.826206
24,90,-130.000000,200.000000,14.791263
25,90,-125.000000,200.000000,14.756319
26,90,-120.000000,200.000000,14.718669
27,90,-115.000000,200.000000,14.676166
28,90,-110.000000,200.000000,14.631993
29,90,-105.000000,200.000000,14.586172
30,90,-100.000000,200.000000,14.540351
31,90,-95.000000,200.000000,14.494531
32,90,-90.000000,200.000000,14.445430
33,90,-85.000000,200.000000,14.395480
34,90,-80.000000,200.000000,14.343385
35,90,-75.000000,200.000000,14.291152
36,90,-70.000000,200.000000,14.238920
37,90,-65.000000,200.000000,14.187073
38,90,-60.000000,200.000000,14.136521
39,90,-55.000000,200.000000,14.086401
40,90,-50.000000,200.000000,14.037001
41,90,-45.000000,200.000000,13.987601
42,90,-40.000000,200.000000,13.938201
43,90,-35.000000,200.000000,13.891194
44,90,-30.000000,200.000000,13.845388
45,90,-25.000000,200.000000,13.802043
46,90,-20.000000,200.000000,13.759269
47,90,-15.000000,200.000000,13.716495
48,90,-10.000000,200.000000,13.673835
49,90,-5.000000,200.000000,13.632180
50,90,0.000000,200.000000,13.590810
51,90,5.000000,200.000000,13.550310
52,90,10.000000,200.000000,13.509811
53,90,15.000000,200.000000,13.469311
54,90,20.000000,200.000000,13.428071
55,90,25.000000,200.000000,13.386196
56,90,30.000000,200.000000,13.343128
57,90,35.000000,200.000000,13.299507
58,90,40.000000,200.000000,13.255886
59,90,45.000000,200.000000,13.212265
60,90,50.000000,200.000000,13.167792
61,90,55.000000,200.000000,13.123134
62,90,60.000000,200.000000,13.077271
63,90,65.000000,200.000000,13.031408
64,90,70.000000,200.000000,12.985545
65,90,75.000000,200.000000,12.940111
66,90,80.000000,200.000000,12.895295
67,90,85.000000,200.000000,12.851611
68,90,90.000000,200.000000,12.808834
69,90,95.000000,200.000000,12.766057
70,90,100.000000,200.000000,12.723280
71,90,105.000000,200.000000,12.681523
72,90,110.000000,200.000000,12.639951
73,90,115.000000,200.000000,12.601331
74,90,120.000000,200.000000,12.562737
75,90,125.000000,200.000000,12.524143
76,90,130.000000,200.000000,12.485321
77,90,135.000000,200.000000,12.445918
78,90,140.000000,200.000000,12.405402
79,90,145.000000,200.000000,12.363397
80,90,150.000000,200.000000,12.321392
81,90,155.000000,200.000000,12.279387
82,90,160.000000,200.000000,12.235550
83,90,165.000000,200.000000,12.190993
84,90,170.000000,200.000000,12.136823
85,90,175.000000,200.000000,12.081133
86,90,180.000000,200.000000,12.025442
87,90,185.000000,200.000000,11.969408
88,90,190.000000,200.000000,11.911483
89,90,195.000000,200.000000,11.849292
90,90,200.000000,200.000000,11.777123
91,90,205.000000,200.000000,11.704953
92,90,210.000000,200.000000,11.632783
93,90,215.000000,200.000000,11.560181
94,90,220.000000,200.000000,11.487277
95,90,225.000000,200.000000,11.408546
96,90,230.000000,200.000000,11.327719
97,90,235.000000,200.000000,11.246892
98,90,240.000000,200.000000,11.166068
99,90,245.000000,200.000000,11.085348
100,90,250.000000,200.000000,11.005154
0,91,-250.000000,205.000000,15.646990
1,91,-245.000000,205.000000,15.603505
2,91,-240.000000,205.000000,15.560020
3,91,-235.000000,205.000000,15.516535
4,91,-230.000000,205.000000,15.473249
5,91,-225.000000,205.000000,15.430087
6,91,-220.000000,205.000000,15.386953
7,91,-215.000000,205.000000,15.343827
8,91,-210.000000,205.000000,15.300702
9,91,-205.000000,205.000000,15.257931
10,91,-200.000000,205.000000,15.221877
11,91,-195.000000,205.000000,15.186071
12,91,-190.000000,205.000000,15.151289
13,91,-185.000000,205.000000,15.116508
14,91,-180.000000,205.000000,15.081726
15,91,-175.000000,205.000000,15.048984
16,91,-170.000000,205.000000,15.018397
17,91,-165.000000,205.000000,14.988487
18,91,-160.000000,205.000000,14.958971
19,91,-155.000000,205.000000,14.929456
20,91,-150.000000,205.000000,14.899940
21,91,-145.000000,205.000000,14.867030
22,91,-140.000000,205.000000,14.833749
23,91,-135.000000,205.000000,14.799297
24,91,-130.000000,205.000000,14.764846
25,91,-125.000000,205.000000,14.730394
26,91,-120.000000,205.000000,14.693237
27,91,-115.000000,205.000000,14.651230
28,91,-110.000000,205.000000,14.607552
29,91,-105.000000,205.000000,14.562227
30,91,-100.000000,205.000000,14.516902
31,91,-95.000000,205.000000,14.471577
32,91,-90.000000,205.000000,14.422991
33,91,-85.000000,205.000000,14.373559
34,91,-80.000000,205.000000,14.321994
35,91,-75.000000,205.000000,14.270292
36,91,-70.000000,205.000000,14.218590
37,91,-65.000000,205.000000,14.167277
38,91,-60.000000,205.000000,14.117266
39,91,-55.000000,205.000000,14.067689
40,91,-50.000000,205.000000,14.018836
41,91,-45.000000,205.000000,13.969983
42,91,-40.000000,205.000000,13.921131
43,91,-35.000000,205.000000,13.874665
44,91,-30.000000,205.000000,13.829396
45,91,-25.000000,205.000000,13.786580
46,91,-20.000000,205.000000,13.744334
47,91,-15.000000,205.000000,13.702089
48,91,-10.000000,205.000000,13.659956
49,91,-5.000000,205.000000,13.618815
50,91,0.000000,205.000000,13.577958
51,91,5.000000,205.000000,13.537960
52,91,10.000000,205.000000,13.497963
53,91,15.000000,205.000000,13.457965
54,91,20.000000,205.000000,13.417230
55,91,25.000000,205.000000,13.375861
56,91,30.000000,205.000000,13.333302
57,91,35.000000,205.000000,13.290193
58,91,40.000000,205.000000,13.247084
59,91,45.000000,205.000000,13.203974
60,91,50.000000,205.000000,13.160035
61,91,55.000000,205.000000,13.115914
62,91,60.000000,205.000000,13.070618
63,91,65.000000,205.000000,13.025323
64,91,70.000000,205.000000,12.980027
65,91,75.000000,205.000000,12.935170
66,91,80.000000,205.000000,12.890942
67,91,85.000000,205.000000,12.847872
68,91,90.000000,205.000000,12.805728
69,91,95.000000,205.000000,12.763584
70,91,100.000000,205.000000,12.721440
71,91,105.000000,205.000000,12.680321
72,91,110.000000,205.000000,12.639389
73,91,115.000000,205.000000,12.601426
74,91,120.000000,205.000000,12.563489
75,91,125.000000,205.000000,12.525552
76,91,130.000000,205.000000,12.487384
77,91,135.000000,205.000000,12.448630
78,91,140.000000,205.000000,12.408753
79,91,145.000000,205.000000,12.367372
80,91,150.000000,205.000000,12.325991
81,91,155.000000,205.000000,12.284610
82,91,160.000000,205.000000,12.241391
83,91,165.000000,205.000000,12.197450
84,91,170.000000,205.000000,12.143864
85,91,175.000000,205.000000,12.088752
86,91,180.000000,205.000000,12.033640
87,91,185.000000,205.000000,11.978183
88,91,190.000000,205.000000,11.920837
89,91,195.000000,205.000000,11.859226
90,91,200.000000,205.000000,11.787637
91,91,205.000000,205.000000,11.716048
92,91,210.000000,205.000000,11.644459
93,91,215.000000,205.000000,11.572439
94,91,220.000000,205.000000,11.500121
95,91,225.000000,205.000000,11.422016
96,91,230.000000,205.000000,11.341828
97,91,235.000000,205.000000,11.261640
98,91,240.000000,205.000000,11.181455
99,91,245.000000,205.000000,11.101377
100,91,250.000000,205.000000,11.021832
0,92,-250.000000,210.000000,15.601180
1,92,-245.000000,210.000000,15.558398
2,92,-240.000000,210.000000,15.515615
3,92,-235.000000,210.000000,15.472833
4,92,-230.000000,210.000000,15.430285
5,92,-225.000000,210.000000,15.387884
6,92,-220.000000,210.000000,15.345516
7,92,-215.000000,210.000000,15.303159
8,92,-210.000000,210.000000,15.260801
9,92,-205.000000,210.000000,15.218794
10,92,-200.000000,210.000000,15.183431
11,92,-195.000000,210.000000,15.148314
12,92,-190.000000,210.000000,15.114210
13,92,-185.000000,210.000000,15.080106
14,92,-180.000000,210.000000,15.046002
15,92,-175.000000,210.000000,15.013886
16,92,-170.000000,210.000000,14.983872
17,92,-165.000000,210.000000,14.954518
18,92,-160.000000,210.000000,14.925549
19,92,-155.000000,210.000000,14.896579
20,92,-150.000000,210.000000,14.867610
21,92,-145.000000,210.000000,14.835208
22,92,-140.000000,210.000000,14.802430
23,92,-135.000000,210.000000,14.768469
24,92,-130.000000,210.000000,14.734508
25,92,-125.000000,210.000000,14.700546
26,92,-120.000000,210.000000,14.663887
27,92,-115.000000,210.000000,14.622392
28,92,-110.000000,210.000000,14.579232
29,92,-105.000000,210.000000,14.534429
30,92,-100.000000,210.000000,14.489627
31,92,-95.000000,210.000000,14.444824
32,92,-90.000000,210.000000,14.396779
33,92,-85.000000,210.000000,14.347893
34,92,-80.000000,210.000000,14.296887
35,92,-75.000000,210.000000,14.245745
36,92,-70.000000,210.000000,14.194602
37,92,-65.000000,210.000000,14.143845
38,92,-60.000000,210.000000,14.094378
39,92,-55.000000,210.000000,14.045343
40,92,-50.000000,210.000000,13.997024
41,92,-45.000000,210.000000,13.948706
42,92,-40.000000,210.000000,13.900388
43,92,-35.000000,210.000000,13.854433
44,92,-30.000000,210.000000,13.809662
45,92,-25.000000,210.000000,13.767321
46,92,-20.000000,210.000000,13.725543
47,92,-15.000000,210.000000,13.683766
48,92,-10.000000,210.000000,13.642099
49,92,-5.000000,210.000000,13.601408
50,92,0.000000,210.000000,13.560996
51,92,5.000000,210.000000,13.521429
52,92,10.000000,210.000000,13.481863
53,92,15.000000,210.000000,13.442296
54,92,20.000000,210.000000,13.401998
55,92,25.000000,210.000000,13.361070
56,92,30.000000,210.000000,13.318962
57,92,35.000000,210.000000,13.276307
58,92,40.000000,210.000000,13.233652
59,92,45.000000,210.000000,13.190997
60,92,50.000000,210.000000,13.147529
61,92,55.000000,210.000000,13.103882
62,92,60.000000,210.000000,13.059085
63,92,65.000000,210.000000,13.014288
64,92,70.000000,210.000000,12.969490
65,92,75.000000,210.000000,12.925132
66,92,80.000000,210.000000,12.881407
67,92,85.000000,210.000000,12.838843
68,92,90.000000,210.000000,12.797208
69,92,95.000000,210.000000,12.755573
70,92,100.000000,210.000000,12.713938
71,92,105.000000,210.000000,12.673324
72,92,110.000000,210.000000,12.632896
73,92,115.000000,210.000000,12.595426
74,92,120.000000,210.000000,12.557981
75,92,125.000000,210.000000,12.520536
76,92,130.000000,210.000000,12.482862
77,92,135.000000,210.000000,12.444604
78,92,140.000000,210.000000,12.405229
79,92,145.000000,210.000000,12.364358
80,92,150.000000,210.000000,12.323487
81,92,155.000000,210.000000,12.282616
82,92,160.000000,210.000000,12.239920
83,92,165.000000,210.000000,12.196507
84,92,170.000000,210.000000,12.143520
85,92,175.000000,210.000000,12.089017
86,92,180.000000,210.000000,12.034515
87,92,185.000000,210.000000,11.979672
88,92,190.000000,210.000000,11.922957
89,92,195.000000,210.000000,11.862017
90,92,200.000000,210.000000,11.791195
91,92,205.000000,210.000000,11.720373
92,92,210.000000,210.000000,11.649551
93,92,215.000000,210.000000,11.578306
94,92,220.000000,210.000000,11.506766
95,92,225.000000,210.000000,11.429524
96,92,230.000000,210.000000,11.350231
97,92,235.000000,210.000000,11.270939
98,92,240.000000,210.000000,11.191649
99,92,245.000000,210.000000,11.112466
100,92,250.000000,210.000000,11.033818
0,93,-250.000000,215.000000,15.545280
1,93,-245.000000,215.000000,15.503526
2,93,-240.000000,215.000000,15.461773
3,93,-235.000000,215.000000,15.420019
4,93,-230.000000,215.000000,15.378501
5,93,-225.000000,215.000000,15.337130
6,93,-220.000000,215.000000,15.295793
7,93,-215.000000,215.000000,15.254465
8,93,-210.000000,215.000000,15.213138
9,93,-205.000000,215.000000,15.172152
10,93,-200.000000,215.000000,15.137620
11,93,-195.000000,215.000000,15.103327
12,93,-190.000000,215.000000,15.070019
13,93,-185.000000,215.000000,15.036710
14,93,-180.000000,215.000000,15.003401
15,93,-175.000000,215.000000,14.971987
16,93,-170.000000,215.000000,14.942575
17,93,-165.000000,215.000000,14.913791
18,93,-160.000000,215.000000,14.885374
19,93,-155.000000,215.000000,14.856957
20,93,-150.000000,215.000000,14.828540
21,93,-145.000000,215.000000,14.796645
22,93,-140.000000,215.000000,14.764371
23,93,-135.000000,215.000000,14.730897
24,93,-130.000000,215.000000,14.697423
25,93,-125.000000,215.000000,14.663950
26,93,-120.000000,215.000000,14.627798
27,93,-115.000000,215.000000,14.586846
28,93,-110.000000,215.000000,14.544241
29,93,-105.000000,215.000000,14.500005
30,93,-100.000000,215.000000,14.455769
31,93,-95.000000,215.000000,14.411534
32,93,-90.000000,215.000000,14.364077
33,93,-85.000000,215.000000,14.315785
34,93,-80.000000,215.000000,14.265387
35,93,-75.000000,215.000000,14.214854
36,93,-70.000000,215.000000,14.164320
37,93,-65.000000,215.000000,14.114159
38,93,-60.000000,215.000000,14.065244
39,93,-55.000000,215.000000,14.016745
40,93,-50.000000,215.000000,13.968939
41,93,-45.000000,215.000000,13.921134
42,93,-40.000000,215.000000,13.873328
43,93,-35.000000,215.000000,13.827832
44,93,-30.000000,215.000000,13.783494
45,93,-25.000000,215.000000,13.741530
46,93,-20.000000,215.000000,13.700118
47,93,-15.000000,215.000000,13.658705
48,93,-10.000000,215.000000,13.617401
49,93,-5.000000,215.000000,13.577047
50,93,0.000000,215.000000,13.536965
51,93,5.000000,215.000000,13.497708
52,93,10.000000,215.000000,13.458450
53,93,15.000000,215.000000,13.419193
54,93,20.000000,215.000000,13.379214
55,93,25.000000,215.000000,13.338616
56,93,30.000000,215.000000,13.296855
57,93,35.000000,215.000000,13.254557
58,93,40.000000,215.000000,13.212258
59,93,45.000000,215.000000,13.169959
60,93,50.000000,215.000000,13.126855
61,93,55.000000,215.000000,13.083575
62,93,60.000000,215.000000,13.039157
63,93,65.000000,215.000000,12.994739
64,93,70.000000,215.000000,12.950321
65,93,75.000000,215.000000,12.906330
66,93,80.000000,215.000000,12.862956
67,93,85.000000,215.000000,12.820712
68,93,90.000000,215.000000,12.779373
69,93,95.000000,215.000000,12.738035
70,93,100.000000,215.000000,12.696696
71,93,105.000000,215.000000,12.656357
72,93,110.000000,215.000000,12.616201
73,93,115.000000,215.000000,12.578940
74,93,120.000000,215.000000,12.541705
75,93,125.000000,215.000000,12.504470
76,93,130.000000,215.000000,12.467012
77,93,135.000000,215.000000,12.428988
78,93,140.000000,215.000000,12.389881
79,93,145.000000,215.000000,12.349323
80,93,150.000000,215.000000,12.308765
81,93,155.000000,215.000000,12.268207
82,93,160.000000,215.000000,12.225871
83,93,165.000000,215.000000,12.182837
84,93,170.000000,215.000000,12.130473
85,93,175.000000,215.000000,12.076634
86,93,180.000000,215.000000,12.022795
87,93,185.000000,215.000000,11.968624
88,93,190.000000,215.000000,11.912630
89,93,195.000000,215.000000,11.852522
90,93,200.000000,215.000000,11.782788
91,93,205.000000,215.000000,11.713055
92,93,210.000000,215.000000,11.643321
93,93,215.000000,215.000000,11.573176
94,93,220.000000,215.000000,11.502745
95,93,225.000000,215.000000,11.426779
96,93,230.000000,215.000000,11.348821
97,93,235.000000,215.000000,11.270864
98,93,240.000000,215.000000,11.192909
99,93,245.000000,215.000000,11.115059
100,93,250.000000,215.000000,11.037735
0,94,-250.000000,220.000000,15.489379
1,94,-245.000000,220.000000,15.448655
2,94,-240.000000,220.000000,15.407930
3,94,-235.000000,220.000000,15.367205
4,94,-230.000000,220.000000,15.326716
5,94,-225.000000,220.000000,15.286376
6,94,-220.000000,220.000000,15.246069
7,94,-215.000000,220.000000,15.205772
8,94,-210.000000,220.000000,15.165476
9,94,-205.000000,220.000000,15.125510
10,94,-200.000000,220.000000,15.091809
11,94,-195.000000,220.000000,15.058341
12,94,-190.000000,220.000000,15.025827
13,94,-185.000000,220.000000,14.993314
14,94,-180.000000,220.000000,14.960801
15,94,-175.000000,220.000000,14.930088
16,94,-170.000000,220.000000,14.901278
17,94,-165.000000,220.000000,14.873064
18,94,-160.000000,220.000000,14.845199
19,94,-155.000000,220.000000,14.817335
20,94,-150.000000,220.000000,14.789470
21,94,-145.000000,220.000000,14.758083
22,94,-140.000000,220.000000,14.726311
23,94,-135.000000,220.000000,14.693325
24,94,-130.000000,220.000000,14.660339
25,94,-125.000000,220.000000,14.627353
26,94,-120.000000,220.000000,14.591709
27,94,-115.000000,220.000000,14.551299
28,94,-110.000000,220.000000,14.509249
29,94,-105.000000,220.000000,14.465581
30,94,-100.000000,220.000000,14.421912
31,94,-95.000000,220.000000,14.378243
32,94,-90.000000,220.000000,14.331375
33,94,-85.000000,220.000000,14.283677
34,94,-80.000000,220.000000,14.233887
35,94,-75.000000,220.000000,14.183962
36,94,-70.000000,220.000000,14.134038
37,94,-65.000000,220.000000,14.084472
38,94,-60.000000,220.000000,14.036109
39,94,-55.000000,220.000000,13.988147
40,94,-50.000000,220.000000,13.940854
41,94,-45.000000,220.000000,13.893561
42,94,-40.000000,220.000000,13.846269
43,94,-35.000000,220.000000,13.801232
44,94,-30.000000,220.000000,13.757326
45,94,-25.000000,220.000000,13.715740
46,94,-20.000000,220.000000,13.674692
47,94,-15.000000,220.000000,13.633645
48,94,-10.000000,220.000000,13.592702
49,94,-5.000000,220.000000,13.552686
50,94,0.000000,220.000000,13.512935
51,94,5.000000,220.000000,13.473986
52,94,10.000000,220.000000,13.435037
53,94,15.000000,220.000000,13.396089
54,94,20.000000,220.000000,13.356430
55,94,25.000000,220.000000,13.316162
56,94,30.000000,220.000000,13.274749
57,94,35.000000,220.000000,13.232806
58,94,40.000000,220.000000,13.190863
59,94,45.000000,220.000000,13.148920
60,94,50.000000,220.000000,13.106181
61,94,55.000000,220.000000,13.063268
62,94,60.000000,220.000000,13.019229
63,94,65.000000,220.000000,12.975190
64,94,70.000000,220.000000,12.931151
65,94,75.000000,220.000000,12.887528
66,94,80.000000,220.000000,12.844505
67,94,85.000000,220.000000,12.802582
68,94,90.000000,220.000000,12.761539
69,94,95.000000,220.000000,12.720496
70,94,100.000000,220.000000,12.679454
71,94,105.000000,220.000000,12.639390
72,94,110.000000,220.000000,12.599505
73,94,115.000000,220.000000,12.562455
74,94,120.000000,220.000000,12.525429
75,94,125.000000,220.000000,12.488403
76,94,130.000000,220.000000,12.451162
77,94,135.000000,220.000000,12.413372
78,94,140.000000,220.000000,12.374533
79,94,145.000000,220.000000,12.334288
80,94,150.000000,220.000000,12.294043
81,94,155.000000,220.000000,12.253798
82,94,160.000000,220.000000,12.211822
83,94,165.000000,220.000000,12.169166
84,94,170.000000,220.000000,12.117427
85,94,175.000000,220.000000,12.064251
86,94,180.000000,220.000000,12.011076
87,94,185.000000,220.000000,11.957577
88,94,190.000000,220.000000,11.902304
89,94,195.000000,220.000000,11.843027
90,94,200.000000,220.000000,11.774382
91,94,205.000000,220.000000,11.705736
92,94,210.000000,220.000000,11.637091
93,94,215.000000,220.000000,11.568047
94,94,220.000000,220.000000,11.498725
95,94,225.000000,220.000000,11.424034
96,94,230.000000,220.000000,11.347411
97,94,235.000000,220.000000,11.270789
98,94,240.000000,220.000000,11.194168
99,94,245.000000,220.000000,11.117652
100,94,250.000000,220.000000,11.041653
0,95,-250.000000,225.000000,15.433479
1,95,-245.000000,225.000000,15.393783
2,95,-240.000000,225.000000,15.354087
3,95,-235.000000,225.000000,15.314391
4,95,-230.000000,225.000000,15.274932
5,95,-225.000000,225.000000,15.235622
6,95,-220.000000,225.000000,15.196345
7,95,-215.000000,225.000000,15.157079
8,95,-210.000000,225.000000,15.117813
9,95,-205.000000,225.000000,15.078868
10,95,-200.000000,225.000000,15.045998
11,95,-195.000000,225.000000,15.013354
12,95,-190.000000,225.000000,14.981636
13,95,-185.000000,225.000000,14.949918
14,95,-180.000000,225.000000,14.918201
15,95,-175.000000,225.000000,14.888189
16,95,-170.000000,225.000000,14.859980
17,95,-165.000000,225.000000,14.832337
18,95,-160.000000,225.000000,14.805025
19,95,-155.000000,225.000000,14.777712
20,95,-150.000000,225.000000,14.750400
21,95,-145.000000,225.000000,14.719521
22,95,-140.000000,225.000000,14.688252
23,95,-135.000000,225.000000,14.655754
24,95,-130.000000,225.000000,14.623255
25,95,-125.000000,225.000000,14.590757
26,95,-120.000000,225.000000,14.555620
27,95,-115.000000,225.000000,14.515753
28,95,-110.000000,225.000000,14.474258
29,95,-105.000000,225.000000,14.431156
30,95,-100.000000,225.000000,14.388055
31,95,-95.000000,225.000000,14.344953
32,95,-90.000000,225.000000,14.298673
33,95,-85.000000,225.000000,14.251569
34,95,-80.000000,225.000000,14.202387
35,95,-75.000000,225.000000,14.153071
36,95,-70.000000,225.000000,14.103756
37,95,-65.000000,225.000000,14.054786
38,95,-60.000000,225.000000,14.006974
39,95,-55.000000,225.000000,13.959550
40,95,-50.000000,225.000000,13.912769
41,95,-45.000000,225.000000,13.865989
42,95,-40.000000,225.000000,13.819209
43,95,-35.000000,225.000000,13.774631
44,95,-30.000000,225.000000,13.731158
45,95,-25.000000,225.000000,13.689949
46,95,-20.000000,225.000000,13.649267
47,95,-15.000000,225.000000,13.608584
48,95,-10.000000,225.000000,13.568004
49,95,-5.000000,225.000000,13.528325
50,95,0.000000,225.000000,13.488904
51,95,5.000000,225.000000,13.450264
52,95,10.000000,225.000000,13.411624
53,95,15.000000,225.000000,13.372985
54,95,20.000000,225.000000,13.333646
55,95,25.000000,225.000000,13.293708
56,95,30.000000,225.000000,13.252643
57,95,35.000000,225.000000,13.211056
58,95,40.000000,225.000000,13.169469
59,95,45.000000,225.000000,13.127882
60,95,50.000000,225.000000,13.085508
61,95,55.000000,225.000000,13.042961
62,95,60.000000,225.000000,12.999301
63,95,65.000000,225.000000,12.955641
64,95,70.000000,225.000000,12.911981
65,95,75.000000,225.000000,12.868726
66,95,80.000000,225.000000,12.826054
67,95,85.000000,225.000000,12.784451
68,95,90.000000,225.000000,12.743705
69,95,95.000000,225.000000,12.702958
70,95,100.000000,225.000000,12.662212
71,95,105.000000,225.000000,12.622424
72,95,110.000000,225.000000,12.582810
73,95,115.000000,225.000000,12.545969
74,95,120.000000,225.000000,12.509153
75,95,125.000000,225.000000,12.472337
76,95,130.000000,225.000000,12.435312
77,95,135.000000,225.000000,12.397757
78,95,140.000000,225.000000,12.359185
79,95,145.000000,225.000000,12.319253
80,95,150.000000,225.000000,12.279321
81,95,155.000000,225.000000,12.239389
82,95,160.000000,225.000000,12.197773
83,95,165.000000,225.000000,12.155495
84,95,170.000000,225.000000,12.104381
85,95,175.000000,225.000000,12.051869
86,95,180.000000,225.000000,11.999356
87,95,185.000000,225.000000,11.946530
88,95,190.000000,225.000000,11.891978
89,95,195.000000,225.000000,11.833532
90,95,200.000000,225.000000,11.765975
91,95,205.000000,225.000000,11.698418
92,95,210.000000,225.000000,11.630861
93,95,215.000000,225.000000,11.562917
94,95,220.000000,225.000000,11.494705
95,95,225.000000,225.000000,11.421289
96,95,230.000000,225.000000,11.346001
97,95,235.000000,225.000000,11.270713
98,95,240.000000,225.000000,11.195428
99,95,245.000000,225.000000,11.120245
100,95,250.000000,225.000000,11.045570
0,96,-250.000000,230.000000,15.377401
1,96,-245.000000,230.000000,15.338739
2,96,-240.000000,230.000000,15.300077
3,96,-235.000000,230.000000,15.261415
4,96,-230.000000,230.000000,15.222991
5,96,-225.000000,230.000000,15.184716
6,96,-220.000000,230.000000,15.146475
7,96,-215.000000,230.000000,15.108245
8,96,-210.000000,230.000000,15.070014
9,96,-205.000000,230.000000,15.032095
10,96,-200.000000,230.000000,15.000061
11,96,-195.000000,230.000000,14.968244
12,96,-190.000000,230.000000,14.937326
13,96,-185.000000,230.000000,14.906407
14,96,-180.000000,230.000000,14.875488
15,96,-175.000000,230.000000,14.846180
16,96,-170.000000,230.000000,14.818575
17,96,-165.000000,230.000000,14.791505
18,96,-160.000000,230.000000,14.764746
19,96,-155.000000,230.000000,14.737987
20,96,-150.000000,230.000000,14.711229
21,96,-145.000000,230.000000,14.680858
22,96,-140.000000,230.000000,14.650093
23,96,-135.000000,230.000000,14.618082
24,96,-130.000000,230.000000,14.586071
25,96,-125.000000,230.000000,14.554060
26,96,-120.000000,230.000000,14.519430
27,96,-115.000000,230.000000,14.480105
28,96,-110.000000,230.000000,14.439164
29,96,-105.000000,230.000000,14.396628
30,96,-100.000000,230.000000,14.354093
31,96,-95.000000,230.000000,14.311557
32,96,-90.000000,230.000000,14.265864
33,96,-85.000000,230.000000,14.219352
34,96,-80.000000,230.000000,14.170775
35,96,-75.000000,230.000000,14.122066
36,96,-70.000000,230.000000,14.073357
37,96,-65.000000,230.000000,14.024980
38,96,-60.000000,230.000000,13.977717
39,96,-55.000000,230.000000,13.930827
40,96,-50.000000,230.000000,13.884555
41,96,-45.000000,230.000000,13.838284
42,96,-40.000000,230.000000,13.792012
43,96,-35.000000,230.000000,13.747890
44,96,-30.000000,230.000000,13.704845
45,96,-25.000000,230.000000,13.664010
46,96,-20.000000,230.000000,13.623687
47,96,-15.000000,230.000000,13.583365
48,96,-10.000000,230.000000,13.543142
49,96,-5.000000,230.000000,13.503796
50,96,0.000000,230.000000,13.464700
51,96,5.000000,230.000000,13.426365
52,96,10.000000,230.000000,13.388029
53,96,15.000000,230.000000,13.349693
54,96,20.000000,230.000000,13.310670
55,96,25.000000,230.000000,13.271056
56,96,30.000000,230.000000,13.230334
57,96,35.000000,230.000000,13.189098
58,96,40.000000,230.000000,13.147862
59,96,45.000000,230.000000,13.106626
60,96,50.000000,230.000000,13.064611
61,96,55.000000,230.000000,13.022426
62,96,60.000000,230.000000,12.979138
63,96,65.000000,230.000000,12.935851
64,96,70.000000,230.000000,12.892563
65,96,75.000000,230.000000,12.849669
66,96,80.000000,230.000000,12.807340
67,96,85.000000,230.000000,12.766049
68,96,90.000000,230.000000,12.725590
69,96,95.000000,230.000000,12.685131
70,96,100.000000,230.000000,12.644671
71,96,105.000000,230.000000,12.605149
72,96,110.000000,230.000000,12.565796
73,96,115.000000,230.000000,12.529156
74,96,120.000000,230.000000,12.492539
75,96,125.000000,230.000000,12.455922
76,96,130.000000,230.000000,12.419104
77,96,135.000000,230.000000,12.381774
78,96,140.000000,230.000000,12.343462
79,96,145.000000,230.000000,12.303837
80,96,150.000000,230.000000,12.264211
81,96,155.000000,230.000000,12.224586
82,96,160.000000,230.000000,12.183324
83,96,165.000000,230.000000,12.141420
84,96,170.000000,230.000000,12.090932
85,96,175.000000,230.000000,12.039085
86,96,180.000000,230.000000,11.987238
87,96,185.000000,230.000000,11.935086
88,96,190.000000,230.000000,11.881259
89,96,195.000000,230.000000,11.823649
90,96,200.000000,230.000000,11.757191
91,96,205.000000,230.000000,11.690734
92,96,210.000000,230.000000,11.624276
93,96,215.000000,230.000000,11.557444
94,96,220.000000,230.000000,11.490352
95,96,225.000000,230.000000,11.418226
96,96,230.000000,230.000000,11.344289
97,96,235.000000,230.000000,11.270352
98,96,240.000000,230.000000,11.196417
99,96,245.000000,230.000000,11.122582
100,96,250.000000,230.000000,11.049247
0,97,-250.000000,235.000000,15.319890
1,97,-245.000000,235.000000,15.282305
2,97,-240.000000,235.000000,15.244720
3,97,-235.000000,235.000000,15.207135
4,97,-230.000000,235.000000,15.169788
5,97,-225.000000,235.000000,15.132591
6,97,-220.000000,235.000000,15.095428
7,97,-215.000000,235.000000,15.058275
8,97,-210.000000,235.000000,15.021123
9,97,-205.000000,235.000000,14.984270
10,97,-200.000000,235.000000,14.953102
11,97,-195.000000,235.000000,14.922145
12,97,-190.000000,235.000000,14.892054
13,97,-185.000000,235.000000,14.861964
14,97,-180.000000,235.000000,14.831873
15,97,-175.000000,235.000000,14.803292
16,97,-170.000000,235.000000,14.776307
17,97,-165.000000,235.000000,14.749823
18,97,-160.000000,235.000000,14.723631
19,97,-155.000000,235.000000,14.697439
20,97,-150.000000,235.000000,14.671247
21,97,-145.000000,235.000000,14.641388
22,97,-140.000000,235.000000,14.611129
23,97,-135.000000,235.000000,14.579605
24,97,-130.000000,235.000000,14.548082
25,97,-125.000000,235.000000,14.516558
26,97,-120.000000,235.000000,14.482432
27,97,-115.000000,235.000000,14.443643
28,97,-110.000000,235.000000,14.403248
29,97,-105.000000,235.000000,14.361269
30,97,-100.000000,235.000000,14.319289
31,97,-95.000000,235.000000,14.277310
32,97,-90.000000,235.000000,14.232189
33,97,-85.000000,235.000000,14.186254
34,97,-80.000000,235.000000,14.138265
35,97,-75.000000,235.000000,14.090143
36,97,-70.000000,235.000000,14.042022
37,97,-65.000000,235.000000,13.994218
38,97,-60.000000,235.000000,13.947478
39,97,-55.000000,235.000000,13.901094
40,97,-50.000000,235.000000,13.855302
41,97,-45.000000,235.000000,13.809509
42,97,-40.000000,235.000000,13.763717
43,97,-35.000000,235.000000,13.720018
44,97,-30.000000,235.000000,13.677367
45,97,-25.000000,235.000000,13.636868
46,97,-20.000000,235.000000,13.596868
47,97,-15.000000,235.000000,13.556868
48,97,-10.000000,235.000000,13.516966
49,97,-5.000000,235.000000,13.477914
50,97,0.000000,235.000000,13.439106
51,97,5.000000,235.000000,13.401036
52,97,10.000000,235.000000,13.362965
53,97,15.000000,235.000000,13.324895
54,97,20.000000,235.000000,13.286148
55,97,25.000000,235.000000,13.246819
56,97,30.000000,235.000000,13.206400
57,97,35.000000,235.000000,13.165474
58,97,40.000000,235.000000,13.124549
59,97,45.000000,235.000000,13.083623
60,97,50.000000,235.000000,13.041922
61,97,55.000000,235.000000,13.000052
62,97,60.000000,235.000000,12.957084
63,97,65.000000,235.000000,12.914116
64,97,70.000000,235.000000,12.871148
65,97,75.000000,235.000000,12.828558
66,97,80.000000,235.000000,12.786513
67,97,85.000000,235.000000,12.745466
68,97,90.000000,235.000000,12.705220
69,97,95.000000,235.000000,12.664973
70,97,100.000000,235.000000,12.624727
71,97,105.000000,235.000000,12.585394
72,97,110.000000,235.000000,12.546228
73,97,115.000000,235.000000,12.509706
74,97,120.000000,235.000000,12.473208
75,97,125.000000,235.000000,12.436709
76,97,130.000000,235.000000,12.400018
77,97,135.000000,235.000000,12.362838
78,97,140.000000,235.000000,12.324723
79,97,145.000000,235.000000,12.285354
80,97,150.000000,235.000000,12.245985
81,97,155.000000,235.000000,12.206616
82,97,160.000000,235.000000,12.165667
83,97,165.000000,235.000000,12.124099
84,97,170.000000,235.000000,12.074245
85,97,175.000000,235.000000,12.023081
86,97,180.000000,235.000000,11.971916
87,97,185.000000,235.000000,11.920457
88,97,190.000000,235.000000,11.867380
89,97,195.000000,235.000000,11.810652
90,97,200.000000,235.000000,11.745381
91,97,205.000000,235.000000,11.680110
92,97,210.000000,235.000000,11.614839
93,97,215.000000,235.000000,11.549209
94,97,220.000000,235.000000,11.483329
95,97,225.000000,235.000000,11.412609
96,97,230.000000,235.000000,11.340148
97,97,235.000000,235.000000,11.267687
98,97,240.000000,235.000000,11.195229
99,97,245.000000,235.000000,11.122868
100,97,250.000000,235.000000,11.050997
0,98,-250.000000,240.000000,15.258579
1,98,-245.000000,240.000000,15.222184
2,98,-240.000000,240.000000,15.185789
3,98,-235.000000,240.000000,15.149394
4,98,-230.000000,240.000000,15.113237
5,98,-225.000000,240.000000,15.077230
6,98,-220.000000,240.000000,15.041256
7,98,-215.000000,240.000000,15.005292
8,98,-210.000000,240.000000,14.969329
9,98,-205.000000,240.000000,14.933653
10,98,-200.000000,240.000000,14.903434
11,98,-195.000000,240.000000,14.873418
12,98,-190.000000,240.000000,14.844233
13,98,-185.000000,240.000000,14.815049
14,98,-180.000000,240.000000,14.785864
15,98,-175.000000,240.000000,14.758071
16,98,-170.000000,240.000000,14.731748
17,98,-165.000000,240.000000,14.705887
18,98,-160.000000,240.000000,14.680295
19,98,-155.000000,240.000000,14.654703
20,98,-150.000000,240.000000,14.629111
21,98,-145.000000,240.000000,14.599775
22,98,-140.000000,240.000000,14.570029
23,98,-135.000000,240.000000,14.538992
24,98,-130.000000,240.000000,14.507955
25,98,-125.000000,240.000000,14.476918
26,98,-120.000000,240.000000,14.443290
27,98,-115.000000,240.000000,14.405019
28,98,-110.000000,240.000000,14.365148
29,98,-105.000000,240.000000,14.323701
30,98,-100.000000,240.000000,14.282253
31,98,-95.000000,240.000000,14.240806
32,98,-90.000000,240.000000,14.196220
33,98,-85.000000,240.000000,14.150820
34,98,-80.000000,240.000000,14.103368
35,98,-75.000000,240.000000,14.055784
36,98,-70.000000,240.000000,14.008200
37,98,-65.000000,240.000000,13.960915
38,98,-60.000000,240.000000,13.914632
39,98,-55.000000,240.000000,13.868682
40,98,-50.000000,240.000000,13.823290
41,98,-45.000000,240.000000,13.777898
42,98,-40.000000,240.000000,13.732505
43,98,-35.000000,240.000000,13.689142
44,98,-30.000000,240.000000,13.646796
45,98,-25.000000,240.000000,13.606535
46,98,-20.000000,240.000000,13.566759
47,98,-15.000000,240.000000,13.526983
48,98,-10.000000,240.000000,13.487300
49,98,-5.000000,240.000000,13.448443
50,98,0.000000,240.000000,13.409820
51,98,5.000000,240.000000,13.371912
52,98,10.000000,240.000000,13.334005
53,98,15.000000,240.000000,13.296097
54,98,20.000000,240.000000,13.257522
55,98,25.000000,240.000000,13.218374
56,98,30.000000,240.000000,13.178150
57,98,35.000000,240.000000,13.137428
58,98,40.000000,240.000000,13.096706
59,98,45.000000,240.000000,13.055984
60,98,50.000000,240.000000,13.014477
61,98,55.000000,240.000000,12.972798
62,98,60.000000,240.000000,12.930009
63,98,65.000000,240.000000,12.887220
64,98,70.000000,240.000000,12.844431
65,98,75.000000,240.000000,12.801997
66,98,80.000000,240.000000,12.760075
67,98,85.000000,240.000000,12.719093
68,98,90.000000,240.000000,12.678863
69,98,95.000000,240.000000,12.638633
70,98,100.000000,240.000000,12.598403
71,98,105.000000,240.000000,12.559058
72,98,110.000000,240.000000,12.519875
73,98,115.000000,240.000000,12.483257
74,98,120.000000,240.000000,12.446661
75,98,125.000000,240.000000,12.410065
76,98,130.000000,240.000000,12.373292
77,98,135.000000,240.000000,12.336066
78,98,140.000000,240.000000,12.297977
79,98,145.000000,240.000000,12.258731
80,98,150.000000,240.000000,12.219484
81,98,155.000000,240.000000,12.180237
82,98,160.000000,240.000000,12.139493
83,98,165.000000,240.000000,12.098159
84,98,170.000000,240.000000,12.048965
85,98,175.000000,240.000000,11.998527
86,98,180.000000,240.000000,11.948089
87,98,185.000000,240.000000,11.897371
88,98,190.000000,240.000000,11.845114
89,98,195.000000,240.000000,11.789386
90,98,200.000000,240.000000,11.725535
91,98,205.000000,240.000000,11.661684
92,98,210.000000,240.000000,11.597833
93,98,215.000000,240.000000,11.533641
94,98,220.000000,240.000000,11.469214
95,98,225.000000,240.000000,11.400210
96,98,230.000000,240.000000,11.329559
97,98,235.000000,240.000000,11.258908
98,98,240.000000,240.000000,11.188260
99,98,245.000000,240.000000,11.117706
100,98,250.000000,240.000000,11.047628
0,99,-250.000000,245.000000,15.197268
1,99,-245.000000,245.000000,15.162064
2,99,-240.000000,245.000000,15.126859
3,99,-235.000000,245.000000,15.091654
4,99,-230.000000,245.000000,15.056687
5,99,-225.000000,245.000000,15.021869
6,99,-220.000000,245.000000,14.987084
7,99,-215.000000,245.000000,14.952309
8,99,-210.000000,245.000000,14.917535
9,99,-205.000000,245.000000,14.883036
10,99,-200.000000,245.000000,14.853767
11,99,-195.000000,245.000000,14.824691
12,99,-190.000000,245.000000,14.796412
13,99,-185.000000,245.000000,14.768134
14,99,-180.000000,245.000000,14.739855
15,99,-175.000000,245.000000,14.712849
16,99,-170.000000,245.000000,14.687189
17,99,-165.000000,245.000000,14.661951
18,99,-160.000000,245.000000,14.636959
19,99,-155.000000,245.000000,14.611967
20,99,-150.000000,245.000000,14.586975
21,99,-145.000000,245.000000,14.558161
22,99,-140.000000,245.000000,14.528929
23,99,-135.000000,245.000000,14.498378
24,99,-130.000000,245.000000,14.467828
25,99,-125.000000,245.000000,14.437277
26,99,-120.000000,245.000000,14.404147
27,99,-115.000000,245.000000,14.366394
28,99,-110.000000,245.000000,14.327049
29,99,-105.000000,245.000000,14.286133
30,99,-100.000000,245.000000,14.245217
31,99,-95.000000,245.000000,14.204302
32,99,-90.000000,245.000000,14.160250
33,99,-85.000000,245.000000,14.115386
34,99,-80.000000,245.000000,14.068472
35,99,-75.000000,245.000000,14.021425
36,99,-70.000000,245.000000,13.974379
37,99,-65.000000,245.000000,13.927613
38,99,-60.000000,245.000000,13.881785
39,99,-55.000000,245.000000,13.836271
40,99,-50.000000,245.000000,13.791278
41,99,-45.000000,245.000000,13.746286
42,99,-40.000000,245.000000,13.701293
43,99,-35.000000,245.000000,13.658266
44,99,-30.000000,245.000000,13.616224
45,99,-25.000000,245.000000,13.576202
46,99,-20.000000,245.000000,13.536650
47,99,-15.000000,245.000000,13.497097
48,99,-10.000000,245.000000,13.457635
49,99,-5.000000,245.000000,13.418971
50,99,0.000000,245.000000,13.380534
51,99,5.000000,245.000000,13.342789
52,99,10.000000,245.000000,13.305044
53,99,15.000000,245.000000,13.267299
54,99,20.000000,245.000000,13.228896
55,99,25.000000,245.000000,13.189929
56,99,30.000000,245.000000,13.149901
57,99,35.000000,245.000000,13.109382
58,99,40.000000,245.000000,13.068863
59,99,45.000000,245.000000,13.028344
60,99,50.000000,245.000000,12.987031
61,99,55.000000,245.000000,12.945545
62,99,60.000000,245.000000,12.902934
63,99,65.000000,245.000000,12.860324
64,99,70.000000,245.000000,12.817713
65,99,75.000000,245.000000,12.775436
66,99,80.000000,245.000000,12.733638
67,99,85.000000,245.000000,12.692720
68,99,90.000000,245.000000,12.652506
69,99,95.000000,245.000000,12.612292
70,99,100.000000,245.000000,12.572078
71,99,105.000000,245.000000,12.532723
72,99,110.000000,245.000000,12.493523
73,99,115.000000,245.000000,12.456808
74,99,120.000000,245.000000,12.420115
75,99,125.000000,245.000000,12.383421
76,99,130.000000,245.000000,12.346565
77,99,135.000000,245.000000,12.309294
78,99,140.000000,245.000000,12.271232
79,99,145.000000,245.000000,12.232108
80,99,150.000000,245.000000,12.192983
81,99,155.000000,245.000000,12.153859
82,99,160.000000,245.000000,12.113318
83,99,165.000000,245.000000,12.072220
84,99,170.000000,245.000000,12.023685
85,99,175.000000,245.000000,11.973973
86,99,180.000000,245.000000,11.924262
87,99,185.000000,245.000000,11.874285
88,99,190.000000,245.000000,11.822849
89,99,195.000000,245.000000,11.768120
90,99,200.000000,245.000000,11.705689
91,99,205.000000,245.000000,11.643257
92,99,210.000000,245.000000,11.580826
93,99,215.000000,245.000000,11.518074
94,99,220.000000,245.000000,11.455099
95,99,225.000000,245.000000,11.387811
96,99,230.000000,245.000000,11.318970
97,99,235.000000,245.000000,11.250129
98,99,240.000000,245.000000,11.181290
99,99,245.000000,245.000000,11.112544
100,99,250.000000,245.000000,11.044259
0,100,-250.000000,250.000000,15.135957
1,100,-245.000000,250.000000,15.101943
2,100,-240.000000,250.000000,15.067928
3,100,-235.000000,250.000000,15.033914
4,100,-230.000000,250.000000,15.000136
5,100,-225.000000,250.000000,14.966507
6,100,-220.000000,250.000000,14.932911
7,100,-215.000000,250.000000,14.899326
8,100,-210.000000,250.000000,14.865741
9,100,-205.000000,250.000000,14.832419
10,100,-200.000000,250.000000,14.804099
11,100,-195.000000,250.000000,14.775964
12,100,-190.000000,250.000000,14.748591
13,100,-185.000000,250.000000,14.721219
14,100,-180.000000,250.000000,14.693846
15,100,-175.000000,250.000000,14.667628
16,100,-170.000000,250.000000,14.642630
17,100,-165.000000,250.000000,14.618015
18,100,-160.000000,250.000000,14.593623
19,100,-155.000000,250.000000,14.569231
20,100,-150.000000,250.000000,14.544840
21,100,-145.000000,250.000000,14.516548
22,100,-140.000000,250.000000,14.487829
23,100,-135.000000,250.000000,14.457765
24,100,-130.000000,250.000000,14.427701
25,100,-125.000000,250.000000,14.397637
26,100,-120.000000,250.000000,14.365005
27,100,-115.000000,250.000000,14.327769
28,100,-110.000000,250.000000,14.288949
29,100,-105.000000,250.000000,14.248565
30,100,-100.000000,250.000000,14.208181
31,100,-95.000000,250.000000,14.167797
32,100,-90.000000,250.000000,14.124281
33,100,-85.000000,250.000000,14.079952
34,100,-80.000000,250.000000,14.033575
35,100,-75.000000,250.000000,13.987066
36,100,-70.000000,250.000000,13.940558
37,100,-65.000000,250.000000,13.894310
38,100,-60.000000,250.000000,13.848938
39,100,-55.000000,250.000000,13.803859
40,100,-50.000000,250.000000,13.759267
41,100,-45.000000,250.000000,13.714674
42,100,-40.000000,250.000000,13.670082
43,100,-35.000000,250.000000,13.627391
44,100,-30.000000,250.000000,13.585653
45,100,-25.000000,250.000000,13.545870
46,100,-20.000000,250.000000,13.506541
47,100,-15.000000,250.000000,13.467211
48,100,-10.000000,250.000000,13.427970
49,100,-5.000000,250.000000,13.389499
50,100,0.000000,250.000000,13.351248
51,100,5.000000,250.000000,13.313666
52,100,10.000000,250.000000,13.276083
53,100,15.000000,250.000000,13.238501
54,100,20.000000,250.000000,13.200270
55,100,25.000000,250.000000,13.161483
56,100,30.000000,250.000000,13.121652
57,100,35.000000,250.000000,13.081336
58,100,40.000000,250.000000,13.041021
59,100,45.000000,250.000000,13.000705
60,100,50.000000,250.000000,12.959586
61,100,55.000000,250.000000,12.918291
62,100,60.000000,250.000000,12.875860
63,100,65.000000,250.000000,12.833428
64,100,70.000000,250.000000,12.790996
65,100,75.000000,250.000000,12.748875
66,100,80.000000,250.000000,12.707201
67,100,85.000000,250.000000,12.666347
68,100,90.000000,250.000000,12.626149
69,100,95.000000,250.000000,12.585952
70,100,100.000000,250.000000,12.545754
71,100,105.000000,250.000000,12.506387
72,100,110.000000,250.000000,12.467171
73,100,115.000000,250.000000,12.430359
74,100,120.000000,250.000000,12.393568
75,100,125.000000,250.000000,12.356777
76,100,130.000000,250.000000,12.319838
77,100,135.000000,250.000000,12.282523
78,100,140.000000,250.000000,12.244486
79,100,145.000000,250.000000,12.205485
80,100,150.000000,250.000000,12.166483
81,100,155.000000,250.000000,12.127481
82,100,160.000000,250.000000,12.087143
83,100,165.000000,250.000000,12.046280
84,100,170.000000,250.000000,11.998404
85,100,175.000000,250.000000,11.949420
86,100,180.000000,250.000000,11.900435
87,100,185.000000,250.000000,11.851199
88,100,190.000000,250.000000,11.800583
89,100,195.000000,250.000000,11.746855
90,100,200.000000,250.000000,11.685843
91,100,205.000000,250.000000,11.624831
92,100,210.000000,250.000000,11.563819
93,100,215.000000,250.000000,11.502507
94,100,220.000000,250.000000,11.440985
95,100,225.000000,250.000000,11.375411
96,100,230.000000,250.000000,11.308381
97,100,235.000000,250.000000,11.241350
98,100,240.000000,250.000000,11.174321
99,100,245.000000,250.000000,11.107382
100,100,250.000000,250.000000,11.040890
