ix,iy,x_m,y_m,depth_m
0,0,-250.000000,-250.000000,10.442790
1,0,-245.000000,-250.000000,10.449239
2,0,-240.000000,-250.000000,10.455688
3,0,-235.000000,-250.000000,10.462136
4,0,-230.000000,-250.000000,10.469113
5,0,-225.000000,-250.000000,10.476422
6,0,-220.000000,-250.000000,10.483804
7,0,-215.000000,-250.000000,10.491210
8,0,-210.000000,-250.000000,10.498616
9,0,-205.000000,-250.000000,10.505999
10,0,-200.000000,-250.000000,10.512940
11,0,-195.000000,-250.000000,10.519864
12,0,-190.000000,-250.000000,10.526721
13,0,-185.000000,-250.000000,10.533578
14,0,-180.000000,-250.000000,10.540435
15,0,-175.000000,-250.000000,10.546581
16,0,-170.000000,-250.000000,10.551974
17,0,-165.000000,-250.000000,10.557131
18,0,-160.000000,-250.000000,10.562150
19,0,-155.000000,-250.000000,10.567170
20,0,-150.000000,-250.000000,10.572189
21,0,-145.000000,-250.000000,10.575575
22,0,-140.000000,-250.000000,10.578781
23,0,-135.000000,-250.000000,10.581425
24,0,-130.000000,-250.000000,10.584068
25,0,-125.000000,-250.000000,10.586712
26,0,-120.000000,-250.000000,10.588872
27,0,-115.000000,-250.000000,10.590166
28,0,-110.000000,-250.000000,10.591161
29,0,-105.000000,-250.000000,10.591862
30,0,-100.000000,-250.000000,10.592564
31,0,-95.000000,-250.000000,10.593265
32,0,-90.000000,-250.000000,10.593452
33,0,-85.000000,-250.000000,10.593506
34,0,-80.000000,-250.000000,10.593225
35,0,-75.000000,-250.000000,10.592922
36,0,-70.000000,-250.000000,10.592619
37,0,-65.000000,-250.000000,10.592240
38,0,-60.000000,-250.000000,10.591610
39,0,-55.000000,-250.000000,10.590896
40,0,-50.000000,-250.000000,10.590042
41,0,-45.000000,-250.000000,10.589188
42,0,-40.000000,-250.000000,10.588334
43,0,-35.000000,-250.000000,10.587046
44,0,-30.000000,-250.000000,10.585540
45,0,-25.000000,-250.000000,10.583588
46,0,-20.000000,-250.000000,10.581531
47,0,-15.000000,-250.000000,10.579475
48,0,-10.000000,-250.000000,10.577296
49,0,-5.000000,-250.000000,10.574041
50,0,0.000000,-250.000000,10.570479
51,0,5.000000,-250.000000,10.565983
52,0,10.000000,-250.000000,10.561487
53,0,15.000000,-250.000000,10.556991
54,0,20.000000,-250.000000,10.551784
55,0,25.000000,-250.000000,10.545968
56,0,30.000000,-250.000000,10.539007
57,0,35.000000,-250.000000,10.531515
58,0,40.000000,-250.000000,10.524024
59,0,45.000000,-250.000000,10.516532
60,0,50.000000,-250.000000,10.508190
61,0,55.000000,-250.000000,10.499661
62,0,60.000000,-250.000000,10.489930
63,0,65.000000,-250.000000,10.480198
64,0,70.000000,-250.000000,10.470466
65,0,75.000000,-250.000000,10.460593
66,0,80.000000,-250.000000,10.450514
67,0,85.000000,-250.000000,10.440061
68,0,90.000000,-250.000000,10.429306
69,0,95.000000,-250.000000,10.418552
70,0,100.000000,-250.000000,10.407798
71,0,105.000000,-250.000000,10.396839
72,0,110.000000,-250.000000,10.385843
73,0,115.000000,-250.000000,10.374253
74,0,120.000000,-250.000000,10.362658
75,0,125.000000,-250.000000,10.351063
76,0,130.000000,-250.000000,10.339324
77,0,135.000000,-250.000000,10.327219
78,0,140.000000,-250.000000,10.314413
79,0,145.000000,-250.000000,10.300667
80,0,150.000000,-250.000000,10.286922
81,0,155.000000,-250.000000,10.273176
82,0,160.000000,-250.000000,10.258930
83,0,165.000000,-250.000000,10.244487
84,0,170.000000,-250.000000,10.227416
85,0,175.000000,-250.000000,10.209930
86,0,180.000000,-250.000000,10.192443
87,0,185.000000,-250.000000,10.174875
88,0,190.000000,-250.000000,10.156855
89,0,195.000000,-250.000000,10.137816
90,0,200.000000,-250.000000,10.116394
91,0,205.000000,-250.000000,10.094972
92,0,210.000000,-250.000000,10.073550
93,0,215.000000,-250.000000,10.052013
94,0,220.000000,-250.000000,10.030396
95,0,225.000000,-250.000000,10.007234
96,0,230.000000,-250.000000,9.983517
97,0,235.000000,-250.000000,9.959799
98,0,240.000000,-250.000000,9.936082
99,0,245.000000,-250.000000,9.912364
100,0,250.000000,-250.000000,9.888647
0,1,-250.000000,-245.000000,10.395875
1,1,-245.000000,-245.000000,10.402669
2,1,-240.000000,-245.000000,10.409464
3,1,-235.000000,-245.000000,10.416258
4,1,-230.000000,-245.000000,10.423560
5,1,-225.000000,-245.000000,10.431182
6,1,-220.000000,-245.000000,10.438875
7,1,-215.000000,-245.000000,10.446590
8,1,-210.000000,-245.000000,10.454305
9,1,-205.000000,-245.000000,10.461993
10,1,-200.000000,-245.000000,10.469172
11,1,-195.000000,-245.000000,10.476333
12,1,-190.000000,-245.000000,10.483415
13,1,-185.000000,-245.000000,10.490498
14,1,-180.000000,-245.000000,10.497580
15,1,-175.000000,-245.000000,10.503937
16,1,-170.000000,-245.000000,10.509526
17,1,-165.000000,-245.000000,10.514875
18,1,-160.000000,-245.000000,10.520083
19,1,-155.000000,-245.000000,10.525291
20,1,-150.000000,-245.000000,10.530499
21,1,-145.000000,-245.000000,10.534104
22,1,-140.000000,-245.000000,10.537534
23,1,-135.000000,-245.000000,10.540411
24,1,-130.000000,-245.000000,10.543287
25,1,-125.000000,-245.000000,10.546164
26,1,-120.000000,-245.000000,10.548574
27,1,-115.000000,-245.000000,10.550147
28,1,-110.000000,-245.000000,10.551432
29,1,-105.000000,-245.000000,10.552433
30,1,-100.000000,-245.000000,10.553433
31,1,-95.000000,-245.000000,10.554434
32,1,-90.000000,-245.000000,10.554926
33,1,-85.000000,-245.000000,10.555287
34,1,-80.000000,-245.000000,10.555315
35,1,-75.000000,-245.000000,10.555323
36,1,-70.000000,-245.000000,10.555330
37,1,-65.000000,-245.000000,10.555256
38,1,-60.000000,-245.000000,10.554911
39,1,-55.000000,-245.000000,10.554476
40,1,-50.000000,-245.000000,10.553890
41,1,-45.000000,-245.000000,10.553304
42,1,-40.000000,-245.000000,10.552718
43,1,-35.000000,-245.000000,10.551692
44,1,-30.000000,-245.000000,10.550446
45,1,-25.000000,-245.000000,10.548749
46,1,-20.000000,-245.000000,10.546947
47,1,-15.000000,-245.000000,10.545144
48,1,-10.000000,-245.000000,10.543224
49,1,-5.000000,-245.000000,10.540260
50,1,0.000000,-245.000000,10.537000
51,1,5.000000,-245.000000,10.532836
52,1,10.000000,-245.000000,10.528671
53,1,15.000000,-245.000000,10.524507
54,1,20.000000,-245.000000,10.519664
55,1,25.000000,-245.000000,10.514239
56,1,30.000000,-245.000000,10.507720
57,1,35.000000,-245.000000,10.500694
58,1,40.000000,-245.000000,10.493668
59,1,45.000000,-245.000000,10.486642
60,1,50.000000,-245.000000,10.478799
61,1,55.000000,-245.000000,10.470779
62,1,60.000000,-245.000000,10.461603
63,1,65.000000,-245.000000,10.452427
64,1,70.000000,-245.000000,10.443252
65,1,75.000000,-245.000000,10.433932
66,1,80.000000,-245.000000,10.424405
67,1,85.000000,-245.000000,10.414498
68,1,90.000000,-245.000000,10.404287
69,1,95.000000,-245.000000,10.394076
70,1,100.000000,-245.000000,10.383865
71,1,105.000000,-245.000000,10.373429
72,1,110.000000,-245.000000,10.362951
73,1,115.000000,-245.000000,10.351822
74,1,120.000000,-245.000000,10.340686
75,1,125.000000,-245.000000,10.329551
76,1,130.000000,-245.000000,10.318266
77,1,135.000000,-245.000000,10.306601
78,1,140.000000,-245.000000,10.294208
79,1,145.000000,-245.000000,10.280840
80,1,150.000000,-245.000000,10.267472
81,1,155.000000,-245.000000,10.254104
82,1,160.000000,-245.000000,10.240229
83,1,165.000000,-245.000000,10.226154
84,1,170.000000,-245.000000,10.209418
85,1,175.000000,-245.000000,10.192260
86,1,180.000000,-245.000000,10.175103
87,1,185.000000,-245.000000,10.157862
88,1,190.000000,-245.000000,10.140166
89,1,195.000000,-245.000000,10.121441
90,1,200.000000,-245.000000,10.100309
91,1,205.000000,-245.000000,10.079176
92,1,210.000000,-245.000000,10.058044
93,1,215.000000,-245.000000,10.036794
94,1,220.000000,-245.000000,10.015462
95,1,225.000000,-245.000000,9.992547
96,1,230.000000,-245.000000,9.969062
97,1,235.000000,-245.000000,9.945578
98,1,240.000000,-245.000000,9.922093
99,1,245.000000,-245.000000,9.898606
100,1,250.000000,-245.000000,9.875108
0,2,-250.000000,-240.000000,10.350369
1,2,-245.000000,-240.000000,10.357480
2,2,-240.000000,-240.000000,10.364590
3,2,-235.000000,-240.000000,10.371700
4,2,-230.000000,-240.000000,10.379309
5,2,-225.000000,-240.000000,10.387230
6,2,-220.000000,-240.000000,10.395221
7,2,-215.000000,-240.000000,10.403234
8,2,-210.000000,-240.000000,10.411248
9,2,-205.000000,-240.000000,10.419231
10,2,-200.000000,-240.000000,10.426655
11,2,-195.000000,-240.000000,10.434059
12,2,-190.000000,-240.000000,10.441377
13,2,-185.000000,-240.000000,10.448695
14,2,-180.000000,-240.000000,10.456013
15,2,-175.000000,-240.000000,10.462594
16,2,-170.000000,-240.000000,10.468395
17,2,-165.000000,-240.000000,10.473952
18,2,-160.000000,-240.000000,10.479366
19,2,-155.000000,-240.000000,10.484781
20,2,-150.000000,-240.000000,10.490195
21,2,-145.000000,-240.000000,10.494029
22,2,-140.000000,-240.000000,10.497691
23,2,-135.000000,-240.000000,10.500807
24,2,-130.000000,-240.000000,10.503924
25,2,-125.000000,-240.000000,10.507041
26,2,-120.000000,-240.000000,10.509705
27,2,-115.000000,-240.000000,10.511555
28,2,-110.000000,-240.000000,10.513126
29,2,-105.000000,-240.000000,10.514420
30,2,-100.000000,-240.000000,10.515715
31,2,-95.000000,-240.000000,10.517010
32,2,-90.000000,-240.000000,10.517803
33,2,-85.000000,-240.000000,10.518467
34,2,-80.000000,-240.000000,10.518803
35,2,-75.000000,-240.000000,10.519118
36,2,-70.000000,-240.000000,10.519434
37,2,-65.000000,-240.000000,10.519664
38,2,-60.000000,-240.000000,10.519611
39,2,-55.000000,-240.000000,10.519463
40,2,-50.000000,-240.000000,10.519158
41,2,-45.000000,-240.000000,10.518853
42,2,-40.000000,-240.000000,10.518547
43,2,-35.000000,-240.000000,10.517800
44,2,-30.000000,-240.000000,10.516832
45,2,-25.000000,-240.000000,10.515410
46,2,-20.000000,-240.000000,10.513883
47,2,-15.000000,-240.000000,10.512355
48,2,-10.000000,-240.000000,10.510713
49,2,-5.000000,-240.000000,10.508057
50,2,0.000000,-240.000000,10.505112
51,2,5.000000,-240.000000,10.501290
52,2,10.000000,-240.000000,10.497467
53,2,15.000000,-240.000000,10.493644
54,2,20.000000,-240.000000,10.489169
55,2,25.000000,-240.000000,10.484134
56,2,30.000000,-240.000000,10.478048
57,2,35.000000,-240.000000,10.471476
58,2,40.000000,-240.000000,10.464904
59,2,45.000000,-240.000000,10.458331
60,2,50.000000,-240.000000,10.450973
61,2,55.000000,-240.000000,10.443442
62,2,60.000000,-240.000000,10.434800
63,2,65.000000,-240.000000,10.426157
64,2,70.000000,-240.000000,10.417514
65,2,75.000000,-240.000000,10.408726
66,2,80.000000,-240.000000,10.399731
67,2,85.000000,-240.000000,10.390353
68,2,90.000000,-240.000000,10.380670
69,2,95.000000,-240.000000,10.370986
70,2,100.000000,-240.000000,10.361303
71,2,105.000000,-240.000000,10.351378
72,2,110.000000,-240.000000,10.341408
73,2,115.000000,-240.000000,10.330737
74,2,120.000000,-240.000000,10.320059
75,2,125.000000,-240.000000,10.309382
76,2,130.000000,-240.000000,10.298550
77,2,135.000000,-240.000000,10.287324
78,2,140.000000,-240.000000,10.275344
79,2,145.000000,-240.000000,10.262355
80,2,150.000000,-240.000000,10.249365
81,2,155.000000,-240.000000,10.236376
82,2,160.000000,-240.000000,10.222871
83,2,165.000000,-240.000000,10.209164
84,2,170.000000,-240.000000,10.192753
85,2,175.000000,-240.000000,10.175914
86,2,180.000000,-240.000000,10.159075
87,2,185.000000,-240.000000,10.142152
88,2,190.000000,-240.000000,10.124767
89,2,195.000000,-240.000000,10.106340
90,2,200.000000,-240.000000,10.085474
91,2,205.000000,-240.000000,10.064609
92,2,210.000000,-240.000000,10.043743
93,2,215.000000,-240.000000,10.022757
94,2,220.000000,-240.000000,10.001688
95,2,225.000000,-240.000000,9.978995
96,2,230.000000,-240.000000,9.955719
97,2,235.000000,-240.000000,9.932443
98,2,240.000000,-240.000000,9.909167
99,2,245.000000,-240.000000,9.885887
100,2,250.000000,-240.000000,9.862588
0,3,-250.000000,-235.000000,10.304864
1,3,-245.000000,-235.000000,10.312290
2,3,-240.000000,-235.000000,10.319716
3,3,-235.000000,-235.000000,10.327142
4,3,-230.000000,-235.000000,10.335057
5,3,-225.000000,-235.000000,10.343278
6,3,-220.000000,-235.000000,10.351568
7,3,-215.000000,-235.000000,10.359879
8,3,-210.000000,-235.000000,10.368190
9,3,-205.000000,-235.000000,10.376469
10,3,-200.000000,-235.000000,10.384138
11,3,-195.000000,-235.000000,10.391785
12,3,-190.000000,-235.000000,10.399339
13,3,-185.000000,-235.000000,10.406892
14,3,-180.000000,-235.000000,10.414446
15,3,-175.000000,-235.000000,10.421251
16,3,-170.000000,-235.000000,10.427264
17,3,-165.000000,-235.000000,10.433030
18,3,-160.000000,-235.000000,10.438650
19,3,-155.000000,-235.000000,10.444270
20,3,-150.000000,-235.000000,10.449890
21,3,-145.000000,-235.000000,10.453954
22,3,-140.000000,-235.000000,10.457847
23,3,-135.000000,-235.000000,10.461204
24,3,-130.000000,-235.000000,10.464561
25,3,-125.000000,-235.000000,10.467918
26,3,-120.000000,-235.000000,10.470835
27,3,-115.000000,-235.000000,10.472963
28,3,-110.000000,-235.000000,10.474820
29,3,-105.000000,-235.000000,10.476408
30,3,-100.000000,-235.000000,10.477997
31,3,-95.000000,-235.000000,10.479586
32,3,-90.000000,-235.000000,10.480681
33,3,-85.000000,-235.000000,10.481648
34,3,-80.000000,-235.000000,10.482291
35,3,-75.000000,-235.000000,10.482914
36,3,-70.000000,-235.000000,10.483537
37,3,-65.000000,-235.000000,10.484072
38,3,-60.000000,-235.000000,10.484311
39,3,-55.000000,-235.000000,10.484451
40,3,-50.000000,-235.000000,10.484426
41,3,-45.000000,-235.000000,10.484401
42,3,-40.000000,-235.000000,10.484377
43,3,-35.000000,-235.000000,10.483908
44,3,-30.000000,-235.000000,10.483218
45,3,-25.000000,-235.000000,10.482071
46,3,-20.000000,-235.000000,10.480819
47,3,-15.000000,-235.000000,10.479566
48,3,-10.000000,-235.000000,10.478202
49,3,-5.000000,-235.000000,10.475854
50,3,0.000000,-235.000000,10.473225
51,3,5.000000,-235.000000,10.469743
52,3,10.000000,-235.000000,10.466262
53,3,15.000000,-235.000000,10.462780
54,3,20.000000,-235.000000,10.458673
55,3,25.000000,-235.000000,10.454029
56,3,30.000000,-235.000000,10.448377
57,3,35.000000,-235.000000,10.442259
58,3,40.000000,-235.000000,10.436140
59,3,45.000000,-235.000000,10.430021
60,3,50.000000,-235.000000,10.423146
61,3,55.000000,-235.000000,10.416106
62,3,60.000000,-235.000000,10.407996
63,3,65.000000,-235.000000,10.399886
64,3,70.000000,-235.000000,10.391776
65,3,75.000000,-235.000000,10.383521
66,3,80.000000,-235.000000,10.375056
67,3,85.000000,-235.000000,10.366208
68,3,90.000000,-235.000000,10.357052
69,3,95.000000,-235.000000,10.347897
70,3,100.000000,-235.000000,10.338741
71,3,105.000000,-235.000000,10.329326
72,3,110.000000,-235.000000,10.319864
73,3,115.000000,-235.000000,10.309652
74,3,120.000000,-235.000000,10.299432
75,3,125.000000,-235.000000,10.289213
76,3,130.000000,-235.000000,10.278834
77,3,135.000000,-235.000000,10.268047
78,3,140.000000,-235.000000,10.256480
79,3,145.000000,-235.000000,10.243870
80,3,150.000000,-235.000000,10.231259
81,3,155.000000,-235.000000,10.218648
82,3,160.000000,-235.000000,10.205513
83,3,165.000000,-235.000000,10.192174
84,3,170.000000,-235.000000,10.176087
85,3,175.000000,-235.000000,10.159567
86,3,180.000000,-235.000000,10.143046
87,3,185.000000,-235.000000,10.126441
88,3,190.000000,-235.000000,10.109367
89,3,195.000000,-235.000000,10.091238
90,3,200.000000,-235.000000,10.070640
91,3,205.000000,-235.000000,10.050041
92,3,210.000000,-235.000000,10.029443
93,3,215.000000,-235.000000,10.008721
94,3,220.000000,-235.000000,9.987913
95,3,225.000000,-235.000000,9.965443
96,3,230.000000,-235.000000,9.942376
97,3,235.000000,-235.000000,9.919308
98,3,240.000000,-235.000000,9.896241
99,3,245.000000,-235.000000,9.873168
100,3,250.000000,-235.000000,9.850067
0,4,-250.000000,-230.000000,10.259358
1,4,-245.000000,-230.000000,10.267100
2,4,-240.000000,-230.000000,10.274842
3,4,-235.000000,-230.000000,10.282584
4,4,-230.000000,-230.000000,10.290805
5,4,-225.000000,-230.000000,10.299326
6,4,-220.000000,-230.000000,10.307914
7,4,-215.000000,-230.000000,10.316523
8,4,-210.000000,-230.000000,10.325133
9,4,-205.000000,-230.000000,10.333707
10,4,-200.000000,-230.000000,10.341621
11,4,-195.000000,-230.000000,10.349511
12,4,-190.000000,-230.000000,10.357301
13,4,-185.000000,-230.000000,10.365090
14,4,-180.000000,-230.000000,10.372879
15,4,-175.000000,-230.000000,10.379908
16,4,-170.000000,-230.000000,10.386134
17,4,-165.000000,-230.000000,10.392107
18,4,-160.000000,-230.000000,10.397933
19,4,-155.000000,-230.000000,10.403759
20,4,-150.000000,-230.000000,10.409586
21,4,-145.000000,-230.000000,10.413879
22,4,-140.000000,-230.000000,10.418004
23,4,-135.000000,-230.000000,10.421601
24,4,-130.000000,-230.000000,10.425198
25,4,-125.000000,-230.000000,10.428795
26,4,-120.000000,-230.000000,10.431965
27,4,-115.000000,-230.000000,10.434371
28,4,-110.000000,-230.000000,10.436513
29,4,-105.000000,-230.000000,10.438396
30,4,-100.000000,-230.000000,10.440279
31,4,-95.000000,-230.000000,10.442162
32,4,-90.000000,-230.000000,10.443558
33,4,-85.000000,-230.000000,10.444828
34,4,-80.000000,-230.000000,10.445779
35,4,-75.000000,-230.000000,10.446710
36,4,-70.000000,-230.000000,10.447641
37,4,-65.000000,-230.000000,10.448480
38,4,-60.000000,-230.000000,10.449011
39,4,-55.000000,-230.000000,10.449438
40,4,-50.000000,-230.000000,10.449694
41,4,-45.000000,-230.000000,10.449950
42,4,-40.000000,-230.000000,10.450206
43,4,-35.000000,-230.000000,10.450016
44,4,-30.000000,-230.000000,10.449603
45,4,-25.000000,-230.000000,10.448732
46,4,-20.000000,-230.000000,10.447755
47,4,-15.000000,-230.000000,10.446777
48,4,-10.000000,-230.000000,10.445691
49,4,-5.000000,-230.000000,10.443651
50,4,0.000000,-230.000000,10.441338
51,4,5.000000,-230.000000,10.438197
52,4,10.000000,-230.000000,10.435057
53,4,15.000000,-230.000000,10.431916
54,4,20.000000,-230.000000,10.428177
55,4,25.000000,-230.000000,10.423924
56,4,30.000000,-230.000000,10.418706
57,4,35.000000,-230.000000,10.413041
58,4,40.000000,-230.000000,10.407376
59,4,45.000000,-230.000000,10.401711
60,4,50.000000,-230.000000,10.395320
61,4,55.000000,-230.000000,10.388770
62,4,60.000000,-230.000000,10.381192
63,4,65.000000,-230.000000,10.373615
64,4,70.000000,-230.000000,10.366038
65,4,75.000000,-230.000000,10.358315
66,4,80.000000,-230.000000,10.350381
67,4,85.000000,-230.000000,10.342062
68,4,90.000000,-230.000000,10.333435
69,4,95.000000,-230.000000,10.324807
70,4,100.000000,-230.000000,10.316179
71,4,105.000000,-230.000000,10.307275
72,4,110.000000,-230.000000,10.298321
73,4,115.000000,-230.000000,10.288566
74,4,120.000000,-230.000000,10.278805
75,4,125.000000,-230.000000,10.269044
76,4,130.000000,-230.000000,10.259118
77,4,135.000000,-230.000000,10.248770
78,4,140.000000,-230.000000,10.237617
79,4,145.000000,-230.000000,10.225384
80,4,150.000000,-230.000000,10.213152
81,4,155.000000,-230.000000,10.200920
82,4,160.000000,-230.000000,10.188156
83,4,165.000000,-230.000000,10.175183
84,4,170.000000,-230.000000,10.159422
85,4,175.000000,-230.000000,10.143220
86,4,180.000000,-230.000000,10.127018
87,4,185.000000,-230.000000,10.110730
88,4,190.000000,-230.000000,10.093968
89,4,195.000000,-230.000000,10.076137
90,4,200.000000,-230.000000,10.055805
91,4,205.000000,-230.000000,10.035474
92,4,210.000000,-230.000000,10.015142
93,4,215.000000,-230.000000,9.994684
94,4,220.000000,-230.000000,9.974138
95,4,225.000000,-230.000000,9.951891
96,4,230.000000,-230.000000,9.929033
97,4,235.000000,-230.000000,9.906174
98,4,240.000000,-230.000000,9.883315
99,4,245.000000,-230.000000,9.860449
100,4,250.000000,-230.000000,9.837546
0,5,-250.000000,-225.000000,10.213852
1,5,-245.000000,-225.000000,10.221910
2,5,-240.000000,-225.000000,10.229968
3,5,-235.000000,-225.000000,10.238027
4,5,-230.000000,-225.000000,10.246553
5,5,-225.000000,-225.000000,10.255374
6,5,-220.000000,-225.000000,10.264261
7,5,-215.000000,-225.000000,10.273168
8,5,-210.000000,-225.000000,10.282075
9,5,-205.000000,-225.000000,10.290945
10,5,-200.000000,-225.000000,10.299104
11,5,-195.000000,-225.000000,10.307237
12,5,-190.000000,-225.000000,10.315262
13,5,-185.000000,-225.000000,10.323287
14,5,-180.000000,-225.000000,10.331312
15,5,-175.000000,-225.000000,10.338565
16,5,-170.000000,-225.000000,10.345003
17,5,-165.000000,-225.000000,10.351184
18,5,-160.000000,-225.000000,10.357217
19,5,-155.000000,-225.000000,10.363249
20,5,-150.000000,-225.000000,10.369281
21,5,-145.000000,-225.000000,10.373804
22,5,-140.000000,-225.000000,10.378161
23,5,-135.000000,-225.000000,10.381998
24,5,-130.000000,-225.000000,10.385835
25,5,-125.000000,-225.000000,10.389672
26,5,-120.000000,-225.000000,10.393095
27,5,-115.000000,-225.000000,10.395779
28,5,-110.000000,-225.000000,10.398207
29,5,-105.000000,-225.000000,10.400384
30,5,-100.000000,-225.000000,10.402561
31,5,-95.000000,-225.000000,10.404738
32,5,-90.000000,-225.000000,10.406435
33,5,-85.000000,-225.000000,10.408008
34,5,-80.000000,-225.000000,10.409267
35,5,-75.000000,-225.000000,10.410506
36,5,-70.000000,-225.000000,10.411745
37,5,-65.000000,-225.000000,10.412888
38,5,-60.000000,-225.000000,10.413710
39,5,-55.000000,-225.000000,10.414426
40,5,-50.000000,-225.000000,10.414962
41,5,-45.000000,-225.000000,10.415499
42,5,-40.000000,-225.000000,10.416036
43,5,-35.000000,-225.000000,10.416125
44,5,-30.000000,-225.000000,10.415989
45,5,-25.000000,-225.000000,10.415393
46,5,-20.000000,-225.000000,10.414691
47,5,-15.000000,-225.000000,10.413988
48,5,-10.000000,-225.000000,10.413181
49,5,-5.000000,-225.000000,10.411447
50,5,0.000000,-225.000000,10.409451
51,5,5.000000,-225.000000,10.406651
52,5,10.000000,-225.000000,10.403852
53,5,15.000000,-225.000000,10.401053
54,5,20.000000,-225.000000,10.397682
55,5,25.000000,-225.000000,10.393819
56,5,30.000000,-225.000000,10.389035
57,5,35.000000,-225.000000,10.383824
58,5,40.000000,-225.000000,10.378612
59,5,45.000000,-225.000000,10.373400
60,5,50.000000,-225.000000,10.367493
61,5,55.000000,-225.000000,10.361433
62,5,60.000000,-225.000000,10.354389
63,5,65.000000,-225.000000,10.347345
64,5,70.000000,-225.000000,10.340300
65,5,75.000000,-225.000000,10.333109
66,5,80.000000,-225.000000,10.325707
67,5,85.000000,-225.000000,10.317917
68,5,90.000000,-225.000000,10.309817
69,5,95.000000,-225.000000,10.301717
70,5,100.000000,-225.000000,10.293617
71,5,105.000000,-225.000000,10.285224
72,5,110.000000,-225.000000,10.276777
73,5,115.000000,-225.000000,10.267481
74,5,120.000000,-225.000000,10.258178
75,5,125.000000,-225.000000,10.248875
76,5,130.000000,-225.000000,10.239401
77,5,135.000000,-225.000000,10.229493
78,5,140.000000,-225.000000,10.218753
79,5,145.000000,-225.000000,10.206899
80,5,150.000000,-225.000000,10.195045
81,5,155.000000,-225.000000,10.183191
82,5,160.000000,-225.000000,10.170798
83,5,165.000000,-225.000000,10.158193
84,5,170.000000,-225.000000,10.142757
85,5,175.000000,-225.000000,10.126873
86,5,180.000000,-225.000000,10.110990
87,5,185.000000,-225.000000,10.095019
88,5,190.000000,-225.000000,10.078568
89,5,195.000000,-225.000000,10.061036
90,5,200.000000,-225.000000,10.040971
91,5,205.000000,-225.000000,10.020906
92,5,210.000000,-225.000000,10.000841
93,5,215.000000,-225.000000,9.980647
94,5,220.000000,-225.000000,9.960363
95,5,225.000000,-225.000000,9.938339
96,5,230.000000,-225.000000,9.915689
97,5,235.000000,-225.000000,9.893039
98,5,240.000000,-225.000000,9.870389
99,5,245.000000,-225.000000,9.847730
100,5,250.000000,-225.000000,9.825026
0,6,-250.000000,-220.000000,10.170115
1,6,-245.000000,-220.000000,10.178445
2,6,-240.000000,-220.000000,10.186775
3,6,-235.000000,-220.000000,10.195105
4,6,-230.000000,-220.000000,10.203903
5,6,-225.000000,-220.000000,10.212995
6,6,-220.000000,-220.000000,10.222153
7,6,-215.000000,-220.000000,10.231332
8,6,-210.000000,-220.000000,10.240511
9,6,-205.000000,-220.000000,10.249651
10,6,-200.000000,-220.000000,10.258052
11,6,-195.000000,-220.000000,10.266425
12,6,-190.000000,-220.000000,10.274686
13,6,-185.000000,-220.000000,10.282947
14,6,-180.000000,-220.000000,10.291208
15,6,-175.000000,-220.000000,10.298692
16,6,-170.000000,-220.000000,10.305355
17,6,-165.000000,-220.000000,10.311760
18,6,-160.000000,-220.000000,10.318014
19,6,-155.000000,-220.000000,10.324269
20,6,-150.000000,-220.000000,10.330524
21,6,-145.000000,-220.000000,10.335291
22,6,-140.000000,-220.000000,10.339895
23,6,-135.000000,-220.000000,10.343987
24,6,-130.000000,-220.000000,10.348078
25,6,-125.000000,-220.000000,10.352169
26,6,-120.000000,-220.000000,10.355859
27,6,-115.000000,-220.000000,10.358830
28,6,-110.000000,-220.000000,10.361552
29,6,-105.000000,-220.000000,10.364031
30,6,-100.000000,-220.000000,10.366509
31,6,-95.000000,-220.000000,10.368987
32,6,-90.000000,-220.000000,10.370995
33,6,-85.000000,-220.000000,10.372880
34,6,-80.000000,-220.000000,10.374457
35,6,-75.000000,-220.000000,10.376014
36,6,-70.000000,-220.000000,10.377572
37,6,-65.000000,-220.000000,10.379031
38,6,-60.000000,-220.000000,10.380163
39,6,-55.000000,-220.000000,10.381186
40,6,-50.000000,-220.000000,10.382027
41,6,-45.000000,-220.000000,10.382868
42,6,-40.000000,-220.000000,10.383709
43,6,-35.000000,-220.000000,10.384103
44,6,-30.000000,-220.000000,10.384272
45,6,-25.000000,-220.000000,10.383982
46,6,-20.000000,-220.000000,10.383584
47,6,-15.000000,-220.000000,10.383186
48,6,-10.000000,-220.000000,10.382686
49,6,-5.000000,-220.000000,10.381285
50,6,0.000000,-220.000000,10.379627
51,6,5.000000,-220.000000,10.377187
52,6,10.000000,-220.000000,10.374748
53,6,15.000000,-220.000000,10.372308
54,6,20.000000,-220.000000,10.369318
55,6,25.000000,-220.000000,10.365856
56,6,30.000000,-220.000000,10.361506
57,6,35.000000,-220.000000,10.356746
58,6,40.000000,-220.000000,10.351985
59,6,45.000000,-220.000000,10.347225
60,6,50.000000,-220.000000,10.341794
61,6,55.000000,-220.000000,10.336217
62,6,60.000000,-220.000000,10.329692
63,6,65.000000,-220.000000,10.323167
64,6,70.000000,-220.000000,10.316641
65,6,75.000000,-220.000000,10.309969
66,6,80.000000,-220.000000,10.303086
67,6,85.000000,-220.000000,10.295816
68,6,90.000000,-220.000000,10.288236
69,6,95.000000,-220.000000,10.280655
70,6,100.000000,-220.000000,10.273075
71,6,105.000000,-220.000000,10.265187
72,6,110.000000,-220.000000,10.257243
73,6,115.000000,-220.000000,10.248409
74,6,120.000000,-220.000000,10.239567
75,6,125.000000,-220.000000,10.230725
76,6,130.000000,-220.000000,10.221707
77,6,135.000000,-220.000000,10.212241
78,6,140.000000,-220.000000,10.201919
79,6,145.000000,-220.000000,10.190449
80,6,150.000000,-220.000000,10.178980
81,6,155.000000,-220.000000,10.167510
82,6,160.000000,-220.000000,10.155493
83,6,165.000000,-220.000000,10.143260
84,6,170.000000,-220.000000,10.128151
85,6,175.000000,-220.000000,10.112588
86,6,180.000000,-220.000000,10.097024
87,6,185.000000,-220.000000,10.081372
88,6,190.000000,-220.000000,10.065234
89,6,195.000000,-220.000000,10.048001
90,6,200.000000,-220.000000,10.028205
91,6,205.000000,-220.000000,10.008409
92,6,210.000000,-220.000000,9.988613
93,6,215.000000,-220.000000,9.968685
94,6,220.000000,-220.000000,9.948665
95,6,225.000000,-220.000000,9.926873
96,6,230.000000,-220.000000,9.904443
97,6,235.000000,-220.000000,9.882013
98,6,240.000000,-220.000000,9.859583
99,6,245.000000,-220.000000,9.837143
100,6,250.000000,-220.000000,9.814650
0,7,-250.000000,-215.000000,10.127633
1,7,-245.000000,-215.000000,10.136203
2,7,-240.000000,-215.000000,10.144774
3,7,-235.000000,-215.000000,10.153344
4,7,-230.000000,-215.000000,10.162389
5,7,-225.000000,-215.000000,10.171733
6,7,-220.000000,-215.000000,10.181143
7,7,-215.000000,-215.000000,10.190575
8,7,-210.000000,-215.000000,10.200006
9,7,-205.000000,-215.000000,10.209398
10,7,-200.000000,-215.000000,10.218038
11,7,-195.000000,-215.000000,10.226650
12,7,-190.000000,-215.000000,10.235147
13,7,-185.000000,-215.000000,10.243644
14,7,-180.000000,-215.000000,10.252141
15,7,-175.000000,-215.000000,10.259861
16,7,-170.000000,-215.000000,10.266758
17,7,-165.000000,-215.000000,10.273398
18,7,-160.000000,-215.000000,10.279887
19,7,-155.000000,-215.000000,10.286376
20,7,-150.000000,-215.000000,10.292864
21,7,-145.000000,-215.000000,10.297887
22,7,-140.000000,-215.000000,10.302749
23,7,-135.000000,-215.000000,10.307105
24,7,-130.000000,-215.000000,10.311461
25,7,-125.000000,-215.000000,10.315817
26,7,-120.000000,-215.000000,10.319782
27,7,-115.000000,-215.000000,10.323047
28,7,-110.000000,-215.000000,10.326069
29,7,-105.000000,-215.000000,10.328854
30,7,-100.000000,-215.000000,10.331639
31,7,-95.000000,-215.000000,10.334424
32,7,-90.000000,-215.000000,10.336747
33,7,-85.000000,-215.000000,10.338951
34,7,-80.000000,-215.000000,10.340854
35,7,-75.000000,-215.000000,10.342737
36,7,-70.000000,-215.000000,10.344620
37,7,-65.000000,-215.000000,10.346405
38,7,-60.000000,-215.000000,10.347860
39,7,-55.000000,-215.000000,10.349205
40,7,-50.000000,-215.000000,10.350367
41,7,-45.000000,-215.000000,10.351530
42,7,-40.000000,-215.000000,10.352692
43,7,-35.000000,-215.000000,10.353408
44,7,-30.000000,-215.000000,10.353901
45,7,-25.000000,-215.000000,10.353937
46,7,-20.000000,-215.000000,10.353866
47,7,-15.000000,-215.000000,10.353794
48,7,-10.000000,-215.000000,10.353623
49,7,-5.000000,-215.000000,10.352571
50,7,0.000000,-215.000000,10.351268
51,7,5.000000,-215.000000,10.349201
52,7,10.000000,-215.000000,10.347134
53,7,15.000000,-215.000000,10.345067
54,7,20.000000,-215.000000,10.342468
55,7,25.000000,-215.000000,10.339412
56,7,30.000000,-215.000000,10.335498
57,7,35.000000,-215.000000,10.331187
58,7,40.000000,-215.000000,10.326875
59,7,45.000000,-215.000000,10.322564
60,7,50.000000,-215.000000,10.317605
61,7,55.000000,-215.000000,10.312505
62,7,60.000000,-215.000000,10.306489
63,7,65.000000,-215.000000,10.300473
64,7,70.000000,-215.000000,10.294457
65,7,75.000000,-215.000000,10.288295
66,7,80.000000,-215.000000,10.281923
67,7,85.000000,-215.000000,10.275165
68,7,90.000000,-215.000000,10.268099
69,7,95.000000,-215.000000,10.261032
70,7,100.000000,-215.000000,10.253966
71,7,105.000000,-215.000000,10.246579
72,7,110.000000,-215.000000,10.239135
73,7,115.000000,-215.000000,10.230764
74,7,120.000000,-215.000000,10.222385
75,7,125.000000,-215.000000,10.214006
76,7,130.000000,-215.000000,10.205446
77,7,135.000000,-215.000000,10.196426
78,7,140.000000,-215.000000,10.186525
79,7,145.000000,-215.000000,10.175444
80,7,150.000000,-215.000000,10.164363
81,7,155.000000,-215.000000,10.153282
82,7,160.000000,-215.000000,10.141644
83,7,165.000000,-215.000000,10.129787
84,7,170.000000,-215.000000,10.115007
85,7,175.000000,-215.000000,10.099764
86,7,180.000000,-215.000000,10.084521
87,7,185.000000,-215.000000,10.069189
88,7,190.000000,-215.000000,10.053366
89,7,195.000000,-215.000000,10.036433
90,7,200.000000,-215.000000,10.016907
91,7,205.000000,-215.000000,9.997380
92,7,210.000000,-215.000000,9.977854
93,7,215.000000,-215.000000,9.958194
94,7,220.000000,-215.000000,9.938440
95,7,225.000000,-215.000000,9.916887
96,7,230.000000,-215.000000,9.894685
97,7,235.000000,-215.000000,9.872483
98,7,240.000000,-215.000000,9.850282
99,7,245.000000,-215.000000,9.828068
100,7,250.000000,-215.000000,9.805796
0,8,-250.000000,-210.000000,10.085245
1,8,-245.000000,-210.000000,10.094053
2,8,-240.000000,-210.000000,10.102862
3,8,-235.000000,-210.000000,10.111670
4,8,-230.000000,-210.000000,10.120960
5,8,-225.000000,-210.000000,10.130554
6,8,-220.000000,-210.000000,10.140216
7,8,-215.000000,-210.000000,10.149898
8,8,-210.000000,-210.000000,10.159581
9,8,-205.000000,-210.000000,10.169224
10,8,-200.000000,-210.000000,10.178102
11,8,-195.000000,-210.000000,10.186952
12,8,-190.000000,-210.000000,10.195686
13,8,-185.000000,-210.000000,10.204419
14,8,-180.000000,-210.000000,10.213153
15,8,-175.000000,-210.000000,10.221108
16,8,-170.000000,-210.000000,10.228241
17,8,-165.000000,-210.000000,10.235115
18,8,-160.000000,-210.000000,10.241839
19,8,-155.000000,-210.000000,10.248563
20,8,-150.000000,-210.000000,10.255287
21,8,-145.000000,-210.000000,10.260566
22,8,-140.000000,-210.000000,10.265686
23,8,-135.000000,-210.000000,10.270308
24,8,-130.000000,-210.000000,10.274929
25,8,-125.000000,-210.000000,10.279551
26,8,-120.000000,-210.000000,10.283792
27,8,-115.000000,-210.000000,10.287351
28,8,-110.000000,-210.000000,10.290674
29,8,-105.000000,-210.000000,10.293766
30,8,-100.000000,-210.000000,10.296857
31,8,-95.000000,-210.000000,10.299949
32,8,-90.000000,-210.000000,10.302589
33,8,-85.000000,-210.000000,10.305112
34,8,-80.000000,-210.000000,10.307341
35,8,-75.000000,-210.000000,10.309551
36,8,-70.000000,-210.000000,10.311760
37,8,-65.000000,-210.000000,10.313871
38,8,-60.000000,-210.000000,10.315650
39,8,-55.000000,-210.000000,10.317319
40,8,-50.000000,-210.000000,10.318803
41,8,-45.000000,-210.000000,10.320288
42,8,-40.000000,-210.000000,10.321772
43,8,-35.000000,-210.000000,10.322813
44,8,-30.000000,-210.000000,10.323632
45,8,-25.000000,-210.000000,10.323994
46,8,-20.000000,-210.000000,10.324251
47,8,-15.000000,-210.000000,10.324508
48,8,-10.000000,-210.000000,10.324667
49,8,-5.000000,-210.000000,10.323965
50,8,0.000000,-210.000000,10.323018
51,8,5.000000,-210.000000,10.321325
52,8,10.000000,-210.000000,10.319632
53,8,15.000000,-210.000000,10.317938
54,8,20.000000,-210.000000,10.315731
55,8,25.000000,-210.000000,10.313082
56,8,30.000000,-210.000000,10.309603
57,8,35.000000,-210.000000,10.305741
58,8,40.000000,-210.000000,10.301879
59,8,45.000000,-210.000000,10.298016
60,8,50.000000,-210.000000,10.293529
61,8,55.000000,-210.000000,10.288906
62,8,60.000000,-210.000000,10.283398
63,8,65.000000,-210.000000,10.277891
64,8,70.000000,-210.000000,10.272383
65,8,75.000000,-210.000000,10.266730
66,8,80.000000,-210.000000,10.260869
67,8,85.000000,-210.000000,10.254623
68,8,90.000000,-210.000000,10.248070
69,8,95.000000,-210.000000,10.241517
70,8,100.000000,-210.000000,10.234964
71,8,105.000000,-210.000000,10.228079
72,8,110.000000,-210.000000,10.221133
73,8,115.000000,-210.000000,10.213226
74,8,120.000000,-210.000000,10.205310
75,8,125.000000,-210.000000,10.197394
76,8,130.000000,-210.000000,10.189293
77,8,135.000000,-210.000000,10.180718
78,8,140.000000,-210.000000,10.171239
79,8,145.000000,-210.000000,10.160546
80,8,150.000000,-210.000000,10.149854
81,8,155.000000,-210.000000,10.139162
82,8,160.000000,-210.000000,10.127904
83,8,165.000000,-210.000000,10.116423
84,8,170.000000,-210.000000,10.101972
85,8,175.000000,-210.000000,10.087050
86,8,180.000000,-210.000000,10.072128
87,8,185.000000,-210.000000,10.057116
88,8,190.000000,-210.000000,10.041607
89,8,195.000000,-210.000000,10.024975
90,8,200.000000,-210.000000,10.005719
91,8,205.000000,-210.000000,9.986462
92,8,210.000000,-210.000000,9.967205
93,8,215.000000,-210.000000,9.947813
94,8,220.000000,-210.000000,9.928326
95,8,225.000000,-210.000000,9.907011
96,8,230.000000,-210.000000,9.885038
97,8,235.000000,-210.000000,9.863066
98,8,240.000000,-210.000000,9.841092
99,8,245.000000,-210.000000,9.819107
100,8,250.000000,-210.000000,9.797056
0,9,-250.000000,-205.000000,10.042869
1,9,-245.000000,-205.000000,10.051915
2,9,-240.000000,-205.000000,10.060961
3,9,-235.000000,-205.000000,10.070007
4,9,-230.000000,-205.000000,10.079542
5,9,-225.000000,-205.000000,10.089386
6,9,-220.000000,-205.000000,10.099298
7,9,-215.000000,-205.000000,10.109232
8,9,-210.000000,-205.000000,10.119166
9,9,-205.000000,-205.000000,10.129059
10,9,-200.000000,-205.000000,10.138176
11,9,-195.000000,-205.000000,10.147264
12,9,-190.000000,-205.000000,10.156234
13,9,-185.000000,-205.000000,10.165204
14,9,-180.000000,-205.000000,10.174174
15,9,-175.000000,-205.000000,10.182365
16,9,-170.000000,-205.000000,10.189734
17,9,-165.000000,-205.000000,10.196843
18,9,-160.000000,-205.000000,10.203802
19,9,-155.000000,-205.000000,10.210761
20,9,-150.000000,-205.000000,10.217721
21,9,-145.000000,-205.000000,10.223255
22,9,-140.000000,-205.000000,10.228634
23,9,-135.000000,-205.000000,10.233521
24,9,-130.000000,-205.000000,10.238409
25,9,-125.000000,-205.000000,10.243296
26,9,-120.000000,-205.000000,10.247813
27,9,-115.000000,-205.000000,10.251666
28,9,-110.000000,-205.000000,10.255290
29,9,-105.000000,-205.000000,10.258688
30,9,-100.000000,-205.000000,10.262087
31,9,-95.000000,-205.000000,10.265485
32,9,-90.000000,-205.000000,10.268442
33,9,-85.000000,-205.000000,10.271285
34,9,-80.000000,-205.000000,10.273840
35,9,-75.000000,-205.000000,10.276376
36,9,-70.000000,-205.000000,10.278912
37,9,-65.000000,-205.000000,10.281348
38,9,-60.000000,-205.000000,10.283452
39,9,-55.000000,-205.000000,10.285444
40,9,-50.000000,-205.000000,10.287251
41,9,-45.000000,-205.000000,10.289058
42,9,-40.000000,-205.000000,10.290865
43,9,-35.000000,-205.000000,10.292230
44,9,-30.000000,-205.000000,10.293375
45,9,-25.000000,-205.000000,10.294065
46,9,-20.000000,-205.000000,10.294650
47,9,-15.000000,-205.000000,10.295235
48,9,-10.000000,-205.000000,10.295724
49,9,-5.000000,-205.000000,10.295373
50,9,0.000000,-205.000000,10.294783
51,9,5.000000,-205.000000,10.293463
52,9,10.000000,-205.000000,10.292144
53,9,15.000000,-205.000000,10.290824
54,9,20.000000,-205.000000,10.289008
55,9,25.000000,-205.000000,10.286766
56,9,30.000000,-205.000000,10.283723
57,9,35.000000,-205.000000,10.280310
58,9,40.000000,-205.000000,10.276896
59,9,45.000000,-205.000000,10.273483
60,9,50.000000,-205.000000,10.269468
61,9,55.000000,-205.000000,10.265321
62,9,60.000000,-205.000000,10.260322
63,9,65.000000,-205.000000,10.255323
64,9,70.000000,-205.000000,10.250324
65,9,75.000000,-205.000000,10.245180
66,9,80.000000,-205.000000,10.239828
67,9,85.000000,-205.000000,10.234095
68,9,90.000000,-205.000000,10.228055
69,9,95.000000,-205.000000,10.222015
70,9,100.000000,-205.000000,10.215976
71,9,105.000000,-205.000000,10.209592
72,9,110.000000,-205.000000,10.203145
73,9,115.000000,-205.000000,10.195701
74,9,120.000000,-205.000000,10.188249
75,9,125.000000,-205.000000,10.180797
76,9,130.000000,-205.000000,10.173153
77,9,135.000000,-205.000000,10.165024
78,9,140.000000,-205.000000,10.155966
79,9,145.000000,-205.000000,10.145663
80,9,150.000000,-205.000000,10.135360
81,9,155.000000,-205.000000,10.125056
82,9,160.000000,-205.000000,10.114178
83,9,165.000000,-205.000000,10.103073
84,9,170.000000,-205.000000,10.088950
85,9,175.000000,-205.000000,10.074350
86,9,180.000000,-205.000000,10.059749
87,9,185.000000,-205.000000,10.045057
88,9,190.000000,-205.000000,10.029862
89,9,195.000000,-205.000000,10.013532
90,9,200.000000,-205.000000,9.994545
91,9,205.000000,-205.000000,9.975558
92,9,210.000000,-205.000000,9.956571
93,9,215.000000,-205.000000,9.937446
94,9,220.000000,-205.000000,9.918226
95,9,225.000000,-205.000000,9.897150
96,9,230.000000,-205.000000,9.875406
97,9,235.000000,-205.000000,9.853662
98,9,240.000000,-205.000000,9.831918
99,9,245.000000,-205.000000,9.810160
100,9,250.000000,-205.000000,9.788331
0,10,-250.000000,-200.000000,10.000494
1,10,-245.000000,-200.000000,10.009777
2,10,-240.000000,-200.000000,10.019060
3,10,-235.000000,-200.000000,10.028344
4,10,-230.000000,-200.000000,10.038125
5,10,-225.000000,-200.000000,10.048218
6,10,-220.000000,-200.000000,10.058381
7,10,-215.000000,-200.000000,10.068566
8,10,-210.000000,-200.000000,10.078751
9,10,-205.000000,-200.000000,10.088895
10,10,-200.000000,-200.000000,10.098250
11,10,-195.000000,-200.000000,10.107577
12,10,-190.000000,-200.000000,10.116783
13,10,-185.000000,-200.000000,10.125989
14,10,-180.000000,-200.000000,10.135196
15,10,-175.000000,-200.000000,10.143623
16,10,-170.000000,-200.000000,10.151226
17,10,-165.000000,-200.000000,10.158571
18,10,-160.000000,-200.000000,10.165765
19,10,-155.000000,-200.000000,10.172960
20,10,-150.000000,-200.000000,10.180154
21,10,-145.000000,-200.000000,10.185944
22,10,-140.000000,-200.000000,10.191582
23,10,-135.000000,-200.000000,10.196735
24,10,-130.000000,-200.000000,10.201888
25,10,-125.000000,-200.000000,10.207041
26,10,-120.000000,-200.000000,10.211834
27,10,-115.000000,-200.000000,10.215981
28,10,-110.000000,-200.000000,10.219906
29,10,-105.000000,-200.000000,10.223611
30,10,-100.000000,-200.000000,10.227316
31,10,-95.000000,-200.000000,10.231021
32,10,-90.000000,-200.000000,10.234296
33,10,-85.000000,-200.000000,10.237458
34,10,-80.000000,-200.000000,10.240339
35,10,-75.000000,-200.000000,10.243201
36,10,-70.000000,-200.000000,10.246064
37,10,-65.000000,-200.000000,10.248826
38,10,-60.000000,-200.000000,10.251254
39,10,-55.000000,-200.000000,10.253569
40,10,-50.000000,-200.000000,10.255699
41,10,-45.000000,-200.000000,10.257828
42,10,-40.000000,-200.000000,10.259958
43,10,-35.000000,-200.000000,10.261648
44,10,-30.000000,-200.000000,10.263118
45,10,-25.000000,-200.000000,10.264136
46,10,-20.000000,-200.000000,10.265049
47,10,-15.000000,-200.000000,10.265962
48,10,-10.000000,-200.000000,10.266782
49,10,-5.000000,-200.000000,10.266781
50,10,0.000000,-200.000000,10.266547
51,10,5.000000,-200.000000,10.265601
52,10,10.000000,-200.000000,10.264656
53,10,15.000000,-200.000000,10.263710
54,10,20.000000,-200.000000,10.262285
55,10,25.000000,-200.000000,10.260450
56,10,30.000000,-200.000000,10.257843
57,10,35.000000,-200.000000,10.254879
58,10,40.000000,-200.000000,10.251914
59,10,45.000000,-200.000000,10.248950
60,10,50.000000,-200.000000,10.245406
61,10,55.000000,-200.000000,10.241736
62,10,60.000000,-200.000000,10.237245
63,10,65.000000,-200.000000,10.232755
64,10,70.000000,-200.000000,10.228264
65,10,75.000000,-200.000000,10.223630
66,10,80.000000,-200.000000,10.218788
67,10,85.000000,-200.000000,10.213566
68,10,90.000000,-200.000000,10.208040
69,10,95.000000,-200.000000,10.202514
70,10,100.000000,-200.000000,10.196988
71,10,105.000000,-200.000000,10.191105
72,10,110.000000,-200.000000,10.185157
73,10,115.000000,-200.000000,10.178177
74,10,120.000000,-200.000000,10.171188
75,10,125.000000,-200.000000,10.164199
76,10,130.000000,-200.000000,10.157014
77,10,135.000000,-200.000000,10.149331
78,10,140.000000,-200.000000,10.140694
79,10,145.000000,-200.000000,10.130779
80,10,150.000000,-200.000000,10.120865
81,10,155.000000,-200.000000,10.110951
82,10,160.000000,-200.000000,10.100452
83,10,165.000000,-200.000000,10.089724
84,10,170.000000,-200.000000,10.075929
85,10,175.000000,-200.000000,10.061650
86,10,180.000000,-200.000000,10.047371
87,10,185.000000,-200.000000,10.032998
88,10,190.000000,-200.000000,10.018117
89,10,195.000000,-200.000000,10.002088
90,10,200.000000,-200.000000,9.983371
91,10,205.000000,-200.000000,9.964654
92,10,210.000000,-200.000000,9.945937
93,10,215.000000,-200.000000,9.927080
94,10,220.000000,-200.000000,9.908126
95,10,225.000000,-200.000000,9.887288
96,10,230.000000,-200.000000,9.865773
97,10,235.000000,-200.000000,9.844259
98,10,240.000000,-200.000000,9.822743
99,10,245.000000,-200.000000,9.801213
100,10,250.000000,-200.000000,9.779606
0,11,-250.000000,-195.000000,9.957313
1,11,-245.000000,-195.000000,9.966864
2,11,-240.000000,-195.000000,9.976414
3,11,-235.000000,-195.000000,9.985965
4,11,-230.000000,-195.000000,9.996015
5,11,-225.000000,-195.000000,10.006378
6,11,-220.000000,-195.000000,10.016811
7,11,-215.000000,-195.000000,10.027267
8,11,-210.000000,-195.000000,10.037722
9,11,-205.000000,-195.000000,10.048135
10,11,-200.000000,-195.000000,10.057739
11,11,-195.000000,-195.000000,10.067314
12,11,-190.000000,-195.000000,10.076765
13,11,-185.000000,-195.000000,10.086217
14,11,-180.000000,-195.000000,10.095668
15,11,-175.000000,-195.000000,10.104340
16,11,-170.000000,-195.000000,10.112188
17,11,-165.000000,-195.000000,10.119778
18,11,-160.000000,-195.000000,10.127217
19,11,-155.000000,-195.000000,10.134656
20,11,-150.000000,-195.000000,10.142094
21,11,-145.000000,-195.000000,10.148159
22,11,-140.000000,-195.000000,10.154073
23,11,-135.000000,-195.000000,10.159513
24,11,-130.000000,-195.000000,10.164953
25,11,-125.000000,-195.000000,10.170394
26,11,-120.000000,-195.000000,10.175486
27,11,-115.000000,-195.000000,10.179957
28,11,-110.000000,-195.000000,10.184213
29,11,-105.000000,-195.000000,10.188257
30,11,-100.000000,-195.000000,10.192302
31,11,-95.000000,-195.000000,10.196347
32,11,-90.000000,-195.000000,10.199971
33,11,-85.000000,-195.000000,10.203486
34,11,-80.000000,-195.000000,10.206726
35,11,-75.000000,-195.000000,10.209949
36,11,-70.000000,-195.000000,10.213171
37,11,-65.000000,-195.000000,10.216292
38,11,-60.000000,-195.000000,10.219073
39,11,-55.000000,-195.000000,10.221740
40,11,-50.000000,-195.000000,10.224219
41,11,-45.000000,-195.000000,10.226697
42,11,-40.000000,-195.000000,10.229175
43,11,-35.000000,-195.000000,10.231213
44,11,-30.000000,-195.000000,10.233031
45,11,-25.000000,-195.000000,10.234397
46,11,-20.000000,-195.000000,10.235658
47,11,-15.000000,-195.000000,10.236919
48,11,-10.000000,-195.000000,10.238088
49,11,-5.000000,-195.000000,10.238459
50,11,0.000000,-195.000000,10.238601
51,11,5.000000,-195.000000,10.238049
52,11,10.000000,-195.000000,10.237498
53,11,15.000000,-195.000000,10.236947
54,11,20.000000,-195.000000,10.235936
55,11,25.000000,-195.000000,10.234531
56,11,30.000000,-195.000000,10.232386
57,11,35.000000,-195.000000,10.229898
58,11,40.000000,-195.000000,10.227410
59,11,45.000000,-195.000000,10.224922
60,11,50.000000,-195.000000,10.221879
61,11,55.000000,-195.000000,10.218714
62,11,60.000000,-195.000000,10.214765
63,11,65.000000,-195.000000,10.210815
64,11,70.000000,-195.000000,10.206865
65,11,75.000000,-195.000000,10.202772
66,11,80.000000,-195.000000,10.198472
67,11,85.000000,-195.000000,10.193793
68,11,90.000000,-195.000000,10.188811
69,11,95.000000,-195.000000,10.183828
70,11,100.000000,-195.000000,10.178846
71,11,105.000000,-195.000000,10.173493
72,11,110.000000,-195.000000,10.168072
73,11,115.000000,-195.000000,10.161579
74,11,120.000000,-195.000000,10.155076
75,11,125.000000,-195.000000,10.148574
76,11,130.000000,-195.000000,10.141870
77,11,135.000000,-195.000000,10.134654
78,11,140.000000,-195.000000,10.126458
79,11,145.000000,-195.000000,10.116950
80,11,150.000000,-195.000000,10.107442
81,11,155.000000,-195.000000,10.097933
82,11,160.000000,-195.000000,10.087832
83,11,165.000000,-195.000000,10.077497
84,11,170.000000,-195.000000,10.064050
85,11,175.000000,-195.000000,10.050110
86,11,180.000000,-195.000000,10.036171
87,11,185.000000,-195.000000,10.022138
88,11,190.000000,-195.000000,10.007591
89,11,195.000000,-195.000000,9.991885
90,11,200.000000,-195.000000,9.973467
91,11,205.000000,-195.000000,9.955049
92,11,210.000000,-195.000000,9.936631
93,11,215.000000,-195.000000,9.918071
94,11,220.000000,-195.000000,9.899414
95,11,225.000000,-195.000000,9.878853
96,11,230.000000,-195.000000,9.857608
97,11,235.000000,-195.000000,9.836363
98,11,240.000000,-195.000000,9.815117
99,11,245.000000,-195.000000,9.793855
100,11,250.000000,-195.000000,9.772511
0,12,-250.000000,-190.000000,9.913297
1,12,-245.000000,-190.000000,9.923145
2,12,-240.000000,-190.000000,9.932993
3,12,-235.000000,-190.000000,9.942842
4,12,-230.000000,-190.000000,9.953185
5,12,-225.000000,-190.000000,9.963839
6,12,-220.000000,-190.000000,9.974563
7,12,-215.000000,-190.000000,9.985309
8,12,-210.000000,-190.000000,9.996054
9,12,-205.000000,-190.000000,10.006756
10,12,-200.000000,-190.000000,10.016620
11,12,-195.000000,-190.000000,10.026453
12,12,-190.000000,-190.000000,10.036159
13,12,-185.000000,-190.000000,10.045864
14,12,-180.000000,-190.000000,10.055569
15,12,-175.000000,-190.000000,10.064496
16,12,-170.000000,-190.000000,10.072598
17,12,-165.000000,-190.000000,10.080443
18,12,-160.000000,-190.000000,10.088136
19,12,-155.000000,-190.000000,10.095829
20,12,-150.000000,-190.000000,10.103523
21,12,-145.000000,-190.000000,10.109879
22,12,-140.000000,-190.000000,10.116089
23,12,-135.000000,-190.000000,10.121839
24,12,-130.000000,-190.000000,10.127588
25,12,-125.000000,-190.000000,10.133337
26,12,-120.000000,-190.000000,10.138755
27,12,-115.000000,-190.000000,10.143579
28,12,-110.000000,-190.000000,10.148199
29,12,-105.000000,-190.000000,10.152617
30,12,-100.000000,-190.000000,10.157035
31,12,-95.000000,-190.000000,10.161453
32,12,-90.000000,-190.000000,10.165461
33,12,-85.000000,-190.000000,10.169364
34,12,-80.000000,-190.000000,10.172998
35,12,-75.000000,-190.000000,10.176616
36,12,-70.000000,-190.000000,10.180234
37,12,-65.000000,-190.000000,10.183747
38,12,-60.000000,-190.000000,10.186911
39,12,-55.000000,-190.000000,10.189959
40,12,-50.000000,-190.000000,10.192813
41,12,-45.000000,-190.000000,10.195667
42,12,-40.000000,-190.000000,10.198521
43,12,-35.000000,-190.000000,10.200932
44,12,-30.000000,-190.000000,10.203121
45,12,-25.000000,-190.000000,10.204856
46,12,-20.000000,-190.000000,10.206485
47,12,-15.000000,-190.000000,10.208114
48,12,-10.000000,-190.000000,10.209654
49,12,-5.000000,-190.000000,10.210416
50,12,0.000000,-190.000000,10.210955
51,12,5.000000,-190.000000,10.210820
52,12,10.000000,-190.000000,10.210685
53,12,15.000000,-190.000000,10.210549
54,12,20.000000,-190.000000,10.209975
55,12,25.000000,-190.000000,10.209026
56,12,30.000000,-190.000000,10.207370
57,12,35.000000,-190.000000,10.205386
58,12,40.000000,-190.000000,10.203403
59,12,45.000000,-190.000000,10.201419
60,12,50.000000,-190.000000,10.198907
61,12,55.000000,-190.000000,10.196280
62,12,60.000000,-190.000000,10.192904
63,12,65.000000,-190.000000,10.189528
64,12,70.000000,-190.000000,10.186153
65,12,75.000000,-190.000000,10.182634
66,12,80.000000,-190.000000,10.178909
67,12,85.000000,-190.000000,10.174805
68,12,90.000000,-190.000000,10.170398
69,12,95.000000,-190.000000,10.165991
70,12,100.000000,-190.000000,10.161584
71,12,105.000000,-190.000000,10.156790
72,12,110.000000,-190.000000,10.151926
73,12,115.000000,-190.000000,10.145944
74,12,120.000000,-190.000000,10.139952
75,12,125.000000,-190.000000,10.133960
76,12,130.000000,-190.000000,10.127761
77,12,135.000000,-190.000000,10.121035
78,12,140.000000,-190.000000,10.113301
79,12,145.000000,-190.000000,10.104216
80,12,150.000000,-190.000000,10.095132
81,12,155.000000,-190.000000,10.086047
82,12,160.000000,-190.000000,10.076361
83,12,165.000000,-190.000000,10.066438
84,12,170.000000,-190.000000,10.053357
85,12,175.000000,-190.000000,10.039777
86,12,180.000000,-190.000000,10.026197
87,12,185.000000,-190.000000,10.012523
88,12,190.000000,-190.000000,9.998331
89,12,195.000000,-190.000000,9.982973
90,12,200.000000,-190.000000,9.964884
91,12,205.000000,-190.000000,9.946795
92,12,210.000000,-190.000000,9.928707
93,12,215.000000,-190.000000,9.910476
94,12,220.000000,-190.000000,9.892146
95,12,225.000000,-190.000000,9.871902
96,12,230.000000,-190.000000,9.850969
97,12,235.000000,-190.000000,9.830036
98,12,240.000000,-190.000000,9.809102
99,12,245.000000,-190.000000,9.788151
100,12,250.000000,-190.000000,9.767112
0,13,-250.000000,-185.000000,9.869161
1,13,-245.000000,-185.000000,9.879311
2,13,-240.000000,-185.000000,9.889461
3,13,-235.000000,-185.000000,9.899611
4,13,-230.000000,-185.000000,9.910252
5,13,-225.000000,-185.000000,9.921200
6,13,-220.000000,-185.000000,9.932217
7,13,-215.000000,-185.000000,9.943256
8,13,-210.000000,-185.000000,9.954295
9,13,-205.000000,-185.000000,9.965288
10,13,-200.000000,-185.000000,9.975413
11,13,-195.000000,-185.000000,9.985506
12,13,-190.000000,-185.000000,9.995467
13,13,-185.000000,-185.000000,10.005428
14,13,-180.000000,-185.000000,10.015389
15,13,-175.000000,-185.000000,10.024571
16,13,-170.000000,-185.000000,10.032929
17,13,-165.000000,-185.000000,10.041029
18,13,-160.000000,-185.000000,10.048979
19,13,-155.000000,-185.000000,10.056928
20,13,-150.000000,-185.000000,10.064877
21,13,-145.000000,-185.000000,10.071529
22,13,-140.000000,-185.000000,10.078038
23,13,-135.000000,-185.000000,10.084099
24,13,-130.000000,-185.000000,10.090161
25,13,-125.000000,-185.000000,10.096222
26,13,-120.000000,-185.000000,10.101969
27,13,-115.000000,-185.000000,10.107151
28,13,-110.000000,-185.000000,10.112139
29,13,-105.000000,-185.000000,10.116935
30,13,-100.000000,-185.000000,10.121731
31,13,-95.000000,-185.000000,10.126527
32,13,-90.000000,-185.000000,10.130925
33,13,-85.000000,-185.000000,10.135219
34,13,-80.000000,-185.000000,10.139254
35,13,-75.000000,-185.000000,10.143272
36,13,-70.000000,-185.000000,10.147289
37,13,-65.000000,-185.000000,10.151200
38,13,-60.000000,-185.000000,10.154752
39,13,-55.000000,-185.000000,10.158185
40,13,-50.000000,-185.000000,10.161418
41,13,-45.000000,-185.000000,10.164652
42,13,-40.000000,-185.000000,10.167885
43,13,-35.000000,-185.000000,10.170673
44,13,-30.000000,-185.000000,10.173237
45,13,-25.000000,-185.000000,10.175344
46,13,-20.000000,-185.000000,10.177343
47,13,-15.000000,-185.000000,10.179343
48,13,-10.000000,-185.000000,10.181257
49,13,-5.000000,-185.000000,10.182413
50,13,0.000000,-185.000000,10.183353
51,13,5.000000,-185.000000,10.183637
52,13,10.000000,-185.000000,10.183920
53,13,15.000000,-185.000000,10.184204
54,13,20.000000,-185.000000,10.184071
55,13,25.000000,-185.000000,10.183579
56,13,30.000000,-185.000000,10.182416
57,13,35.000000,-185.000000,10.180941
58,13,40.000000,-185.000000,10.179467
59,13,45.000000,-185.000000,10.177992
60,13,50.000000,-185.000000,10.176016
61,13,55.000000,-185.000000,10.173929
62,13,60.000000,-185.000000,10.171133
63,13,65.000000,-185.000000,10.168336
64,13,70.000000,-185.000000,10.165539
65,13,75.000000,-185.000000,10.162600
66,13,80.000000,-185.000000,10.159454
67,13,85.000000,-185.000000,10.155929
68,13,90.000000,-185.000000,10.152102
69,13,95.000000,-185.000000,10.148275
70,13,100.000000,-185.000000,10.144448
71,13,105.000000,-185.000000,10.140218
72,13,110.000000,-185.000000,10.135915
73,13,115.000000,-185.000000,10.130447
74,13,120.000000,-185.000000,10.124969
75,13,125.000000,-185.000000,10.119491
76,13,130.000000,-185.000000,10.113801
77,13,135.000000,-185.000000,10.107568
78,13,140.000000,-185.000000,10.100299
79,13,145.000000,-185.000000,10.091640
80,13,150.000000,-185.000000,10.082982
81,13,155.000000,-185.000000,10.074324
82,13,160.000000,-185.000000,10.065055
83,13,165.000000,-185.000000,10.055547
84,13,170.000000,-185.000000,10.042836
85,13,175.000000,-185.000000,10.029618
86,13,180.000000,-185.000000,10.016400
87,13,185.000000,-185.000000,10.003087
88,13,190.000000,-185.000000,9.989254
89,13,195.000000,-185.000000,9.974246
90,13,200.000000,-185.000000,9.956491
91,13,205.000000,-185.000000,9.938736
92,13,210.000000,-185.000000,9.920981
93,13,215.000000,-185.000000,9.903083
94,13,220.000000,-185.000000,9.885086
95,13,225.000000,-185.000000,9.865163
96,13,230.000000,-185.000000,9.844549
97,13,235.000000,-185.000000,9.823934
98,13,240.000000,-185.000000,9.803318
99,13,245.000000,-185.000000,9.782685
100,13,250.000000,-185.000000,9.761957
0,14,-250.000000,-180.000000,9.824992
1,14,-245.000000,-180.000000,9.835446
2,14,-240.000000,-180.000000,9.845899
3,14,-235.000000,-180.000000,9.856353
4,14,-230.000000,-180.000000,9.867291
5,14,-225.000000,-180.000000,9.878535
6,14,-220.000000,-180.000000,9.889846
7,14,-215.000000,-180.000000,9.901179
8,14,-210.000000,-180.000000,9.912511
9,14,-205.000000,-180.000000,9.923797
10,14,-200.000000,-180.000000,9.934184
11,14,-195.000000,-180.000000,9.944537
12,14,-190.000000,-180.000000,9.954754
13,14,-185.000000,-180.000000,9.964970
14,14,-180.000000,-180.000000,9.975187
15,14,-175.000000,-180.000000,9.984624
16,14,-170.000000,-180.000000,9.993239
17,14,-165.000000,-180.000000,10.001595
18,14,-160.000000,-180.000000,10.009801
19,14,-155.000000,-180.000000,10.018007
20,14,-150.000000,-180.000000,10.026213
21,14,-145.000000,-180.000000,10.033159
22,14,-140.000000,-180.000000,10.039968
23,14,-135.000000,-180.000000,10.046343
24,14,-130.000000,-180.000000,10.052717
25,14,-125.000000,-180.000000,10.059092
26,14,-120.000000,-180.000000,10.065168
27,14,-115.000000,-180.000000,10.070710
28,14,-110.000000,-180.000000,10.076067
29,14,-105.000000,-180.000000,10.081242
30,14,-100.000000,-180.000000,10.086417
31,14,-95.000000,-180.000000,10.091593
32,14,-90.000000,-180.000000,10.096381
33,14,-85.000000,-180.000000,10.101070
34,14,-80.000000,-180.000000,10.105505
35,14,-75.000000,-180.000000,10.109924
36,14,-70.000000,-180.000000,10.114343
37,14,-65.000000,-180.000000,10.118652
38,14,-60.000000,-180.000000,10.122594
39,14,-55.000000,-180.000000,10.126413
40,14,-50.000000,-180.000000,10.130027
41,14,-45.000000,-180.000000,10.133641
42,14,-40.000000,-180.000000,10.137255
43,14,-35.000000,-180.000000,10.140420
44,14,-30.000000,-180.000000,10.143360
45,14,-25.000000,-180.000000,10.145839
46,14,-20.000000,-180.000000,10.148210
47,14,-15.000000,-180.000000,10.150582
48,14,-10.000000,-180.000000,10.152869
49,14,-5.000000,-180.000000,10.154421
50,14,0.000000,-180.000000,10.155763
51,14,5.000000,-180.000000,10.156466
52,14,10.000000,-180.000000,10.157169
53,14,15.000000,-180.000000,10.157873
54,14,20.000000,-180.000000,10.158180
55,14,25.000000,-180.000000,10.158149
56,14,30.000000,-180.000000,10.157479
57,14,35.000000,-180.000000,10.156514
58,14,40.000000,-180.000000,10.155550
59,14,45.000000,-180.000000,10.154585
60,14,50.000000,-180.000000,10.153145
61,14,55.000000,-180.000000,10.151601
62,14,60.000000,-180.000000,10.149385
63,14,65.000000,-180.000000,10.147168
64,14,70.000000,-180.000000,10.144952
65,14,75.000000,-180.000000,10.142592
66,14,80.000000,-180.000000,10.140027
67,14,85.000000,-180.000000,10.137083
68,14,90.000000,-180.000000,10.133837
69,14,95.000000,-180.000000,10.130591
70,14,100.000000,-180.000000,10.127345
71,14,105.000000,-180.000000,10.123681
72,14,110.000000,-180.000000,10.119940
73,14,115.000000,-180.000000,10.114987
74,14,120.000000,-180.000000,10.110024
75,14,125.000000,-180.000000,10.105061
76,14,130.000000,-180.000000,10.099880
77,14,135.000000,-180.000000,10.094141
78,14,140.000000,-180.000000,10.087337
79,14,145.000000,-180.000000,10.079106
80,14,150.000000,-180.000000,10.070875
81,14,155.000000,-180.000000,10.062644
82,14,160.000000,-180.000000,10.053794
83,14,165.000000,-180.000000,10.044700
84,14,170.000000,-180.000000,10.032359
85,14,175.000000,-180.000000,10.019504
86,14,180.000000,-180.000000,10.006649
87,14,185.000000,-180.000000,9.993698
88,14,190.000000,-180.000000,9.980224
89,14,195.000000,-180.000000,9.965568
90,14,200.000000,-180.000000,9.948148
91,14,205.000000,-180.000000,9.930728
92,14,210.000000,-180.000000,9.913308
93,14,215.000000,-180.000000,9.895744
94,14,220.000000,-180.000000,9.878080
95,14,225.000000,-180.000000,9.858481
96,14,230.000000,-180.000000,9.838186
97,14,235.000000,-180.000000,9.817891
98,14,240.000000,-180.000000,9.797596
99,14,245.000000,-180.000000,9.777280
100,14,250.000000,-180.000000,9.756866
0,15,-250.000000,-175.000000,9.780824
1,15,-245.000000,-175.000000,9.791581
2,15,-240.000000,-175.000000,9.802338
3,15,-235.000000,-175.000000,9.813094
4,15,-230.000000,-175.000000,9.824331
5,15,-225.000000,-175.000000,9.835869
6,15,-220.000000,-175.000000,9.847475
7,15,-215.000000,-175.000000,9.859101
8,15,-210.000000,-175.000000,9.870728
9,15,-205.000000,-175.000000,9.882306
10,15,-200.000000,-175.000000,9.892954
11,15,-195.000000,-175.000000,9.903568
12,15,-190.000000,-175.000000,9.914040
13,15,-185.000000,-175.000000,9.924512
14,15,-180.000000,-175.000000,9.934984
15,15,-175.000000,-175.000000,9.944678
16,15,-170.000000,-175.000000,9.953549
17,15,-165.000000,-175.000000,9.962162
18,15,-160.000000,-175.000000,9.970624
19,15,-155.000000,-175.000000,9.979086
20,15,-150.000000,-175.000000,9.987548
21,15,-145.000000,-175.000000,9.994790
22,15,-140.000000,-175.000000,10.001898
23,15,-135.000000,-175.000000,10.008586
24,15,-130.000000,-175.000000,10.015274
25,15,-125.000000,-175.000000,10.021962
26,15,-120.000000,-175.000000,10.028367
27,15,-115.000000,-175.000000,10.034268
28,15,-110.000000,-175.000000,10.039994
29,15,-105.000000,-175.000000,10.045549
30,15,-100.000000,-175.000000,10.051104
31,15,-95.000000,-175.000000,10.056659
32,15,-90.000000,-175.000000,10.061838
33,15,-85.000000,-175.000000,10.066920
34,15,-80.000000,-175.000000,10.071756
35,15,-75.000000,-175.000000,10.076577
36,15,-70.000000,-175.000000,10.081397
37,15,-65.000000,-175.000000,10.086105
38,15,-60.000000,-175.000000,10.090436
39,15,-55.000000,-175.000000,10.094640
40,15,-50.000000,-175.000000,10.098635
41,15,-45.000000,-175.000000,10.102630
42,15,-40.000000,-175.000000,10.106624
43,15,-35.000000,-175.000000,10.110167
44,15,-30.000000,-175.000000,10.113483
45,15,-25.000000,-175.000000,10.116334
46,15,-20.000000,-175.000000,10.119077
47,15,-15.000000,-175.000000,10.121820
48,15,-10.000000,-175.000000,10.124482
49,15,-5.000000,-175.000000,10.126429
50,15,0.000000,-175.000000,10.128172
51,15,5.000000,-175.000000,10.129295
52,15,10.000000,-175.000000,10.130418
53,15,15.000000,-175.000000,10.131541
54,15,20.000000,-175.000000,10.132290
55,15,25.000000,-175.000000,10.132718
56,15,30.000000,-175.000000,10.132542
57,15,35.000000,-175.000000,10.132087
58,15,40.000000,-175.000000,10.131633
59,15,45.000000,-175.000000,10.131178
60,15,50.000000,-175.000000,10.130274
61,15,55.000000,-175.000000,10.129273
62,15,60.000000,-175.000000,10.127637
63,15,65.000000,-175.000000,10.126001
64,15,70.000000,-175.000000,10.124364
65,15,75.000000,-175.000000,10.122585
66,15,80.000000,-175.000000,10.120600
67,15,85.000000,-175.000000,10.118238
68,15,90.000000,-175.000000,10.115573
69,15,95.000000,-175.000000,10.112908
70,15,100.000000,-175.000000,10.110243
71,15,105.000000,-175.000000,10.107143
72,15,110.000000,-175.000000,10.103964
73,15,115.000000,-175.000000,10.099527
74,15,120.000000,-175.000000,10.095079
75,15,125.000000,-175.000000,10.090631
76,15,130.000000,-175.000000,10.085959
77,15,135.000000,-175.000000,10.080714
78,15,140.000000,-175.000000,10.074376
79,15,145.000000,-175.000000,10.066572
80,15,150.000000,-175.000000,10.058767
81,15,155.000000,-175.000000,10.050963
82,15,160.000000,-175.000000,10.042532
83,15,165.000000,-175.000000,10.033853
84,15,170.000000,-175.000000,10.021882
85,15,175.000000,-175.000000,10.009390
86,15,180.000000,-175.000000,9.996897
87,15,185.000000,-175.000000,9.984309
88,15,190.000000,-175.000000,9.971194
89,15,195.000000,-175.000000,9.956890
90,15,200.000000,-175.000000,9.939805
91,15,205.000000,-175.000000,9.922720
92,15,210.000000,-175.000000,9.905634
93,15,215.000000,-175.000000,9.888404
94,15,220.000000,-175.000000,9.871074
95,15,225.000000,-175.000000,9.851799
96,15,230.000000,-175.000000,9.831824
97,15,235.000000,-175.000000,9.811849
98,15,240.000000,-175.000000,9.791873
99,15,245.000000,-175.000000,9.771876
100,15,250.000000,-175.000000,9.751775
0,16,-250.000000,-170.000000,9.734497
1,16,-245.000000,-170.000000,9.745639
2,16,-240.000000,-170.000000,9.756780
3,16,-235.000000,-170.000000,9.767922
4,16,-230.000000,-170.000000,9.779526
5,16,-225.000000,-170.000000,9.791419
6,16,-220.000000,-170.000000,9.803378
7,16,-215.000000,-170.000000,9.815357
8,16,-210.000000,-170.000000,9.827336
9,16,-205.000000,-170.000000,9.839263
10,16,-200.000000,-170.000000,9.850203
11,16,-195.000000,-170.000000,9.861107
12,16,-190.000000,-170.000000,9.871861
13,16,-185.000000,-170.000000,9.882614
14,16,-180.000000,-170.000000,9.893368
15,16,-175.000000,-170.000000,9.903338
16,16,-170.000000,-170.000000,9.912480
17,16,-165.000000,-170.000000,9.921362
18,16,-160.000000,-170.000000,9.930092
19,16,-155.000000,-170.000000,9.938823
20,16,-150.000000,-170.000000,9.947553
21,16,-145.000000,-170.000000,9.955111
22,16,-140.000000,-170.000000,9.962540
23,16,-135.000000,-170.000000,9.969564
24,16,-130.000000,-170.000000,9.976589
25,16,-125.000000,-170.000000,9.983614
26,16,-120.000000,-170.000000,9.990377
27,16,-115.000000,-170.000000,9.996673
28,16,-110.000000,-170.000000,10.002807
29,16,-105.000000,-170.000000,10.008782
30,16,-100.000000,-170.000000,10.014757
31,16,-95.000000,-170.000000,10.020732
32,16,-90.000000,-170.000000,10.026343
33,16,-85.000000,-170.000000,10.031860
34,16,-80.000000,-170.000000,10.037139
35,16,-75.000000,-170.000000,10.042403
36,16,-70.000000,-170.000000,10.047666
37,16,-65.000000,-170.000000,10.052812
38,16,-60.000000,-170.000000,10.057565
39,16,-55.000000,-170.000000,10.062186
40,16,-50.000000,-170.000000,10.066588
41,16,-45.000000,-170.000000,10.070990
42,16,-40.000000,-170.000000,10.075393
43,16,-35.000000,-170.000000,10.079335
44,16,-30.000000,-170.000000,10.083047
45,16,-25.000000,-170.000000,10.086287
46,16,-20.000000,-170.000000,10.089417
47,16,-15.000000,-170.000000,10.092547
48,16,-10.000000,-170.000000,10.095598
49,16,-5.000000,-170.000000,10.097958
50,16,0.000000,-170.000000,10.100121
51,16,5.000000,-170.000000,10.101684
52,16,10.000000,-170.000000,10.103248
53,16,15.000000,-170.000000,10.104812
54,16,20.000000,-170.000000,10.106027
55,16,25.000000,-170.000000,10.106943
56,16,30.000000,-170.000000,10.107296
57,16,35.000000,-170.000000,10.107390
58,16,40.000000,-170.000000,10.107484
59,16,45.000000,-170.000000,10.107577
60,16,50.000000,-170.000000,10.107254
61,16,55.000000,-170.000000,10.106840
62,16,60.000000,-170.000000,10.105837
63,16,65.000000,-170.000000,10.104833
64,16,70.000000,-170.000000,10.103829
65,16,75.000000,-170.000000,10.102683
66,16,80.000000,-170.000000,10.101330
67,16,85.000000,-170.000000,10.099600
68,16,90.000000,-170.000000,10.097567
69,16,95.000000,-170.000000,10.095534
70,16,100.000000,-170.000000,10.093502
71,16,105.000000,-170.000000,10.091015
72,16,110.000000,-170.000000,10.088446
73,16,115.000000,-170.000000,10.084562
74,16,120.000000,-170.000000,10.080668
75,16,125.000000,-170.000000,10.076773
76,16,130.000000,-170.000000,10.072647
77,16,135.000000,-170.000000,10.067931
78,16,140.000000,-170.000000,10.062089
79,16,145.000000,-170.000000,10.054735
80,16,150.000000,-170.000000,10.047382
81,16,155.000000,-170.000000,10.040029
82,16,160.000000,-170.000000,10.032038
83,16,165.000000,-170.000000,10.023797
84,16,170.000000,-170.000000,10.012213
85,16,175.000000,-170.000000,10.000100
86,16,180.000000,-170.000000,9.987987
87,16,185.000000,-170.000000,9.975778
88,16,190.000000,-170.000000,9.963038
89,16,195.000000,-170.000000,9.949103
90,16,200.000000,-170.000000,9.932371
91,16,205.000000,-170.000000,9.915638
92,16,210.000000,-170.000000,9.898906
93,16,215.000000,-170.000000,9.882028
94,16,220.000000,-170.000000,9.865050
95,16,225.000000,-170.000000,9.846121
96,16,230.000000,-170.000000,9.826489
97,16,235.000000,-170.000000,9.806858
98,16,240.000000,-170.000000,9.787226
99,16,245.000000,-170.000000,9.767572
100,16,250.000000,-170.000000,9.747808
0,17,-250.000000,-165.000000,9.684870
1,17,-245.000000,-165.000000,9.696522
2,17,-240.000000,-165.000000,9.708173
3,17,-235.000000,-165.000000,9.719824
4,17,-230.000000,-165.000000,9.731900
5,17,-225.000000,-165.000000,9.744243
6,17,-220.000000,-165.000000,9.756645
7,17,-215.000000,-165.000000,9.769065
8,17,-210.000000,-165.000000,9.781486
9,17,-205.000000,-165.000000,9.793850
10,17,-200.000000,-165.000000,9.805129
11,17,-195.000000,-165.000000,9.816368
12,17,-190.000000,-165.000000,9.827442
13,17,-185.000000,-165.000000,9.838516
14,17,-180.000000,-165.000000,9.849590
15,17,-175.000000,-165.000000,9.859867
16,17,-170.000000,-165.000000,9.869303
17,17,-165.000000,-165.000000,9.878474
18,17,-160.000000,-165.000000,9.887492
19,17,-155.000000,-165.000000,9.896509
20,17,-150.000000,-165.000000,9.905526
21,17,-145.000000,-165.000000,9.913430
22,17,-140.000000,-165.000000,9.921211
23,17,-135.000000,-165.000000,9.928609
24,17,-130.000000,-165.000000,9.936007
25,17,-125.000000,-165.000000,9.943405
26,17,-120.000000,-165.000000,9.950569
27,17,-115.000000,-165.000000,9.957314
28,17,-110.000000,-165.000000,9.963914
29,17,-105.000000,-165.000000,9.970372
30,17,-100.000000,-165.000000,9.976830
31,17,-95.000000,-165.000000,9.983288
32,17,-90.000000,-165.000000,9.989394
33,17,-85.000000,-165.000000,9.995409
34,17,-80.000000,-165.000000,10.001195
35,17,-75.000000,-165.000000,10.006965
36,17,-70.000000,-165.000000,10.012736
37,17,-65.000000,-165.000000,10.018381
38,17,-60.000000,-165.000000,10.023606
39,17,-55.000000,-165.000000,10.028690
40,17,-50.000000,-165.000000,10.033541
41,17,-45.000000,-165.000000,10.038391
42,17,-40.000000,-165.000000,10.043242
43,17,-35.000000,-165.000000,10.047619
44,17,-30.000000,-165.000000,10.051758
45,17,-25.000000,-165.000000,10.055411
46,17,-20.000000,-165.000000,10.058951
47,17,-15.000000,-165.000000,10.062490
48,17,-10.000000,-165.000000,10.065955
49,17,-5.000000,-165.000000,10.068755
50,17,0.000000,-165.000000,10.071366
51,17,5.000000,-165.000000,10.073402
52,17,10.000000,-165.000000,10.075438
53,17,15.000000,-165.000000,10.077474
54,17,20.000000,-165.000000,10.079193
55,17,25.000000,-165.000000,10.080641
56,17,30.000000,-165.000000,10.081578
57,17,35.000000,-165.000000,10.082279
58,17,40.000000,-165.000000,10.082980
59,17,45.000000,-165.000000,10.083682
60,17,50.000000,-165.000000,10.084006
61,17,55.000000,-165.000000,10.084248
62,17,60.000000,-165.000000,10.083957
63,17,65.000000,-165.000000,10.083665
64,17,70.000000,-165.000000,10.083374
65,17,75.000000,-165.000000,10.082940
66,17,80.000000,-165.000000,10.082299
67,17,85.000000,-165.000000,10.081280
68,17,90.000000,-165.000000,10.079957
69,17,95.000000,-165.000000,10.078635
70,17,100.000000,-165.000000,10.077313
71,17,105.000000,-165.000000,10.075513
72,17,110.000000,-165.000000,10.073626
73,17,115.000000,-165.000000,10.070355
74,17,120.000000,-165.000000,10.067072
75,17,125.000000,-165.000000,10.063789
76,17,130.000000,-165.000000,10.060267
77,17,135.000000,-165.000000,10.056133
78,17,140.000000,-165.000000,10.050832
79,17,145.000000,-165.000000,10.043966
80,17,150.000000,-165.000000,10.037100
81,17,155.000000,-165.000000,10.030233
82,17,160.000000,-165.000000,10.022719
83,17,165.000000,-165.000000,10.014950
84,17,170.000000,-165.000000,10.003779
85,17,175.000000,-165.000000,9.992070
86,17,180.000000,-165.000000,9.980362
87,17,185.000000,-165.000000,9.968556
88,17,190.000000,-165.000000,9.956217
89,17,195.000000,-165.000000,9.942677
90,17,200.000000,-165.000000,9.926325
91,17,205.000000,-165.000000,9.909974
92,17,210.000000,-165.000000,9.893622
93,17,215.000000,-165.000000,9.877125
94,17,220.000000,-165.000000,9.860527
95,17,225.000000,-165.000000,9.841978
96,17,230.000000,-165.000000,9.822727
97,17,235.000000,-165.000000,9.803476
98,17,240.000000,-165.000000,9.784224
99,17,245.000000,-165.000000,9.764949
100,17,250.000000,-165.000000,9.745558
0,18,-250.000000,-160.000000,9.634646
1,18,-245.000000,-160.000000,9.646830
2,18,-240.000000,-160.000000,9.659014
3,18,-235.000000,-160.000000,9.671198
4,18,-230.000000,-160.000000,9.683765
5,18,-225.000000,-160.000000,9.696573
6,18,-220.000000,-160.000000,9.709434
7,18,-215.000000,-160.000000,9.722313
8,18,-210.000000,-160.000000,9.735191
9,18,-205.000000,-160.000000,9.748007
10,18,-200.000000,-160.000000,9.759634
11,18,-195.000000,-160.000000,9.771217
12,18,-190.000000,-160.000000,9.782618
13,18,-185.000000,-160.000000,9.794020
14,18,-180.000000,-160.000000,9.805421
15,18,-175.000000,-160.000000,9.816011
16,18,-170.000000,-160.000000,9.825745
17,18,-165.000000,-160.000000,9.835209
18,18,-160.000000,-160.000000,9.844516
19,18,-155.000000,-160.000000,9.853823
20,18,-150.000000,-160.000000,9.863131
21,18,-145.000000,-160.000000,9.871386
22,18,-140.000000,-160.000000,9.879527
23,18,-135.000000,-160.000000,9.887305
24,18,-130.000000,-160.000000,9.895082
25,18,-125.000000,-160.000000,9.902860
26,18,-120.000000,-160.000000,9.910433
27,18,-115.000000,-160.000000,9.917636
28,18,-110.000000,-160.000000,9.924713
29,18,-105.000000,-160.000000,9.931665
30,18,-100.000000,-160.000000,9.938617
31,18,-95.000000,-160.000000,9.945569
32,18,-90.000000,-160.000000,9.952182
33,18,-85.000000,-160.000000,9.958707
34,18,-80.000000,-160.000000,9.965010
35,18,-75.000000,-160.000000,9.971299
36,18,-70.000000,-160.000000,9.977588
37,18,-65.000000,-160.000000,9.983743
38,18,-60.000000,-160.000000,9.989449
39,18,-55.000000,-160.000000,9.995005
40,18,-50.000000,-160.000000,10.000312
41,18,-45.000000,-160.000000,10.005618
42,18,-40.000000,-160.000000,10.010925
43,18,-35.000000,-160.000000,10.015742
44,18,-30.000000,-160.000000,10.020315
45,18,-25.000000,-160.000000,10.024385
46,18,-20.000000,-160.000000,10.028339
47,18,-15.000000,-160.000000,10.032293
48,18,-10.000000,-160.000000,10.036174
49,18,-5.000000,-160.000000,10.039420
50,18,0.000000,-160.000000,10.042485
51,18,5.000000,-160.000000,10.044998
52,18,10.000000,-160.000000,10.047512
53,18,15.000000,-160.000000,10.050026
54,18,20.000000,-160.000000,10.052256
55,18,25.000000,-160.000000,10.054244
56,18,30.000000,-160.000000,10.055774
57,18,35.000000,-160.000000,10.057094
58,18,40.000000,-160.000000,10.058413
59,18,45.000000,-160.000000,10.059732
60,18,50.000000,-160.000000,10.060716
61,18,55.000000,-160.000000,10.061627
62,18,60.000000,-160.000000,10.062062
63,18,65.000000,-160.000000,10.062498
64,18,70.000000,-160.000000,10.062933
65,18,75.000000,-160.000000,10.063225
66,18,80.000000,-160.000000,10.063311
67,18,85.000000,-160.000000,10.063017
68,18,90.000000,-160.000000,10.062419
69,18,95.000000,-160.000000,10.061822
70,18,100.000000,-160.000000,10.061225
71,18,105.000000,-160.000000,10.060124
72,18,110.000000,-160.000000,10.058932
73,18,115.000000,-160.000000,10.056285
74,18,120.000000,-160.000000,10.053624
75,18,125.000000,-160.000000,10.050964
76,18,130.000000,-160.000000,10.048055
77,18,135.000000,-160.000000,10.044513
78,18,140.000000,-160.000000,10.039762
79,18,145.000000,-160.000000,10.033390
80,18,150.000000,-160.000000,10.027017
81,18,155.000000,-160.000000,10.020645
82,18,160.000000,-160.000000,10.013612
83,18,165.000000,-160.000000,10.006321
84,18,170.000000,-160.000000,9.995569
85,18,175.000000,-160.000000,9.984269
86,18,180.000000,-160.000000,9.972968
87,18,185.000000,-160.000000,9.961571
88,18,190.000000,-160.000000,9.949638
89,18,195.000000,-160.000000,9.936498
90,18,200.000000,-160.000000,9.920531
91,18,205.000000,-160.000000,9.904565
92,18,210.000000,-160.000000,9.888599
93,18,215.000000,-160.000000,9.872488
94,18,220.000000,-160.000000,9.856276
95,18,225.000000,-160.000000,9.838113
96,18,230.000000,-160.000000,9.819249
97,18,235.000000,-160.000000,9.800384
98,18,240.000000,-160.000000,9.781519
99,18,245.000000,-160.000000,9.762630
100,18,250.000000,-160.000000,9.743620
0,19,-250.000000,-155.000000,9.584163
1,19,-245.000000,-155.000000,9.596889
2,19,-240.000000,-155.000000,9.609615
3,19,-235.000000,-155.000000,9.622341
4,19,-230.000000,-155.000000,9.635408
5,19,-225.000000,-155.000000,9.648688
6,19,-220.000000,-155.000000,9.662016
7,19,-215.000000,-155.000000,9.675360
8,19,-210.000000,-155.000000,9.688703
9,19,-205.000000,-155.000000,9.701978
10,19,-200.000000,-155.000000,9.713956
11,19,-195.000000,-155.000000,9.725886
12,19,-190.000000,-155.000000,9.737618
13,19,-185.000000,-155.000000,9.749350
14,19,-180.000000,-155.000000,9.761082
15,19,-175.000000,-155.000000,9.771988
16,19,-170.000000,-155.000000,9.782021
17,19,-165.000000,-155.000000,9.791779
18,19,-160.000000,-155.000000,9.801378
19,19,-155.000000,-155.000000,9.810977
20,19,-150.000000,-155.000000,9.820576
21,19,-145.000000,-155.000000,9.829186
22,19,-140.000000,-155.000000,9.837687
23,19,-135.000000,-155.000000,9.845848
24,19,-130.000000,-155.000000,9.854008
25,19,-125.000000,-155.000000,9.862169
26,19,-120.000000,-155.000000,9.870153
27,19,-115.000000,-155.000000,9.877820
28,19,-110.000000,-155.000000,9.885379
29,19,-105.000000,-155.000000,9.892830
30,19,-100.000000,-155.000000,9.900281
31,19,-95.000000,-155.000000,9.907731
32,19,-90.000000,-155.000000,9.914856
33,19,-85.000000,-155.000000,9.921895
34,19,-80.000000,-155.000000,9.928722
35,19,-75.000000,-155.000000,9.935534
36,19,-70.000000,-155.000000,9.942347
37,19,-65.000000,-155.000000,9.949016
38,19,-60.000000,-155.000000,9.955208
39,19,-55.000000,-155.000000,9.961239
40,19,-50.000000,-155.000000,9.967005
41,19,-45.000000,-155.000000,9.972770
42,19,-40.000000,-155.000000,9.978536
43,19,-35.000000,-155.000000,9.983797
44,19,-30.000000,-155.000000,9.988805
45,19,-25.000000,-155.000000,9.993295
46,19,-20.000000,-155.000000,9.997664
47,19,-15.000000,-155.000000,10.002034
48,19,-10.000000,-155.000000,10.006334
49,19,-5.000000,-155.000000,10.010027
50,19,0.000000,-155.000000,10.013548
51,19,5.000000,-155.000000,10.016542
52,19,10.000000,-155.000000,10.019536
53,19,15.000000,-155.000000,10.022530
54,19,20.000000,-155.000000,10.025275
55,19,25.000000,-155.000000,10.027805
56,19,30.000000,-155.000000,10.029934
57,19,35.000000,-155.000000,10.031876
58,19,40.000000,-155.000000,10.033818
59,19,45.000000,-155.000000,10.035760
60,19,50.000000,-155.000000,10.037408
61,19,55.000000,-155.000000,10.038993
62,19,60.000000,-155.000000,10.040161
63,19,65.000000,-155.000000,10.041330
64,19,70.000000,-155.000000,10.042499
65,19,75.000000,-155.000000,10.043524
66,19,80.000000,-155.000000,10.044341
67,19,85.000000,-155.000000,10.044779
68,19,90.000000,-155.000000,10.044913
69,19,95.000000,-155.000000,10.045046
70,19,100.000000,-155.000000,10.045180
71,19,105.000000,-155.000000,10.044785
72,19,110.000000,-155.000000,10.044294
73,19,115.000000,-155.000000,10.042274
74,19,120.000000,-155.000000,10.040240
75,19,125.000000,-155.000000,10.038207
76,19,130.000000,-155.000000,10.035916
77,19,135.000000,-155.000000,10.032971
78,19,140.000000,-155.000000,10.028773
79,19,145.000000,-155.000000,10.022897
80,19,150.000000,-155.000000,10.017021
81,19,155.000000,-155.000000,10.011145
82,19,160.000000,-155.000000,10.004598
83,19,165.000000,-155.000000,9.997787
84,19,170.000000,-155.000000,9.987455
85,19,175.000000,-155.000000,9.976566
86,19,180.000000,-155.000000,9.965676
87,19,185.000000,-155.000000,9.954689
88,19,190.000000,-155.000000,9.943164
89,19,195.000000,-155.000000,9.930425
90,19,200.000000,-155.000000,9.914847
91,19,205.000000,-155.000000,9.899268
92,19,210.000000,-155.000000,9.883690
93,19,215.000000,-155.000000,9.867967
94,19,220.000000,-155.000000,9.852143
95,19,225.000000,-155.000000,9.834369
96,19,230.000000,-155.000000,9.815894
97,19,235.000000,-155.000000,9.797419
98,19,240.000000,-155.000000,9.778944
99,19,245.000000,-155.000000,9.760443
100,19,250.000000,-155.000000,9.741816
0,20,-250.000000,-150.000000,9.533680
1,20,-245.000000,-150.000000,9.546948
2,20,-240.000000,-150.000000,9.560216
3,20,-235.000000,-150.000000,9.573484
4,20,-230.000000,-150.000000,9.587050
5,20,-225.000000,-150.000000,9.600804
6,20,-220.000000,-150.000000,9.614599
7,20,-215.000000,-150.000000,9.628407
8,20,-210.000000,-150.000000,9.642215
9,20,-205.000000,-150.000000,9.655950
10,20,-200.000000,-150.000000,9.668279
11,20,-195.000000,-150.000000,9.680555
12,20,-190.000000,-150.000000,9.692618
13,20,-185.000000,-150.000000,9.704681
14,20,-180.000000,-150.000000,9.716743
15,20,-175.000000,-150.000000,9.727965
16,20,-170.000000,-150.000000,9.738297
17,20,-165.000000,-150.000000,9.748350
18,20,-160.000000,-150.000000,9.758240
19,20,-155.000000,-150.000000,9.768131
20,20,-150.000000,-150.000000,9.778021
21,20,-145.000000,-150.000000,9.786985
22,20,-140.000000,-150.000000,9.795848
23,20,-135.000000,-150.000000,9.804391
24,20,-130.000000,-150.000000,9.812934
25,20,-125.000000,-150.000000,9.821478
26,20,-120.000000,-150.000000,9.829873
27,20,-115.000000,-150.000000,9.838004
28,20,-110.000000,-150.000000,9.846044
29,20,-105.000000,-150.000000,9.853994
30,20,-100.000000,-150.000000,9.861944
31,20,-95.000000,-150.000000,9.869894
32,20,-90.000000,-150.000000,9.877530
33,20,-85.000000,-150.000000,9.885084
34,20,-80.000000,-150.000000,9.892433
35,20,-75.000000,-150.000000,9.899769
36,20,-70.000000,-150.000000,9.907105
37,20,-65.000000,-150.000000,9.914289
38,20,-60.000000,-150.000000,9.920966
39,20,-55.000000,-150.000000,9.927473
40,20,-50.000000,-150.000000,9.933697
41,20,-45.000000,-150.000000,9.939922
42,20,-40.000000,-150.000000,9.946146
43,20,-35.000000,-150.000000,9.951851
44,20,-30.000000,-150.000000,9.957295
45,20,-25.000000,-150.000000,9.962204
46,20,-20.000000,-150.000000,9.966989
47,20,-15.000000,-150.000000,9.971774
48,20,-10.000000,-150.000000,9.976494
49,20,-5.000000,-150.000000,9.980635
50,20,0.000000,-150.000000,9.984611
51,20,5.000000,-150.000000,9.988085
52,20,10.000000,-150.000000,9.991560
53,20,15.000000,-150.000000,9.995034
54,20,20.000000,-150.000000,9.998293
55,20,25.000000,-150.000000,10.001367
56,20,30.000000,-150.000000,10.004093
57,20,35.000000,-150.000000,10.006658
58,20,40.000000,-150.000000,10.009223
59,20,45.000000,-150.000000,10.011788
60,20,50.000000,-150.000000,10.014101
61,20,55.000000,-150.000000,10.016359
62,20,60.000000,-150.000000,10.018261
63,20,65.000000,-150.000000,10.020163
64,20,70.000000,-150.000000,10.022064
65,20,75.000000,-150.000000,10.023822
66,20,80.000000,-150.000000,10.025372
67,20,85.000000,-150.000000,10.026541
68,20,90.000000,-150.000000,10.027406
69,20,95.000000,-150.000000,10.028270
70,20,100.000000,-150.000000,10.029134
71,20,105.000000,-150.000000,10.029445
72,20,110.000000,-150.000000,10.029655
73,20,115.000000,-150.000000,10.028263
74,20,120.000000,-150.000000,10.026856
75,20,125.000000,-150.000000,10.025450
76,20,130.000000,-150.000000,10.023777
77,20,135.000000,-150.000000,10.021428
78,20,140.000000,-150.000000,10.017784
79,20,145.000000,-150.000000,10.012405
80,20,150.000000,-150.000000,10.007025
81,20,155.000000,-150.000000,10.001646
82,20,160.000000,-150.000000,9.995584
83,20,165.000000,-150.000000,9.989254
84,20,170.000000,-150.000000,9.979342
85,20,175.000000,-150.000000,9.968863
86,20,180.000000,-150.000000,9.958384
87,20,185.000000,-150.000000,9.947807
88,20,190.000000,-150.000000,9.936690
89,20,195.000000,-150.000000,9.924352
90,20,200.000000,-150.000000,9.909162
91,20,205.000000,-150.000000,9.893971
92,20,210.000000,-150.000000,9.878781
93,20,215.000000,-150.000000,9.863445
94,20,220.000000,-150.000000,9.848010
95,20,225.000000,-150.000000,9.830625
96,20,230.000000,-150.000000,9.812540
97,20,235.000000,-150.000000,9.794454
98,20,240.000000,-150.000000,9.776368
99,20,245.000000,-150.000000,9.758256
100,20,250.000000,-150.000000,9.740013
0,21,-250.000000,-145.000000,9.481760
1,21,-245.000000,-145.000000,9.495638
2,21,-240.000000,-145.000000,9.509515
3,21,-235.000000,-145.000000,9.523392
4,21,-230.000000,-145.000000,9.537516
5,21,-225.000000,-145.000000,9.551794
6,21,-220.000000,-145.000000,9.566107
7,21,-215.000000,-145.000000,9.580431
8,21,-210.000000,-145.000000,9.594754
9,21,-205.000000,-145.000000,9.608997
10,21,-200.000000,-145.000000,9.621706
11,21,-195.000000,-145.000000,9.634357
12,21,-190.000000,-145.000000,9.646775
13,21,-185.000000,-145.000000,9.659192
14,21,-180.000000,-145.000000,9.671610
15,21,-175.000000,-145.000000,9.683166
16,21,-170.000000,-145.000000,9.693810
17,21,-165.000000,-145.000000,9.704170
18,21,-160.000000,-145.000000,9.714362
19,21,-155.000000,-145.000000,9.724554
20,21,-150.000000,-145.000000,9.734746
21,21,-145.000000,-145.000000,9.744078
22,21,-140.000000,-145.000000,9.753316
23,21,-135.000000,-145.000000,9.762258
24,21,-130.000000,-145.000000,9.771199
25,21,-125.000000,-145.000000,9.780140
26,21,-120.000000,-145.000000,9.788965
27,21,-115.000000,-145.000000,9.797583
28,21,-110.000000,-145.000000,9.806128
29,21,-105.000000,-145.000000,9.814603
30,21,-100.000000,-145.000000,9.823077
31,21,-95.000000,-145.000000,9.831552
32,21,-90.000000,-145.000000,9.839726
33,21,-85.000000,-145.000000,9.847821
34,21,-80.000000,-145.000000,9.855720
35,21,-75.000000,-145.000000,9.863606
36,21,-70.000000,-145.000000,9.871492
37,21,-65.000000,-145.000000,9.879216
38,21,-60.000000,-145.000000,9.886399
39,21,-55.000000,-145.000000,9.893401
40,21,-50.000000,-145.000000,9.900101
41,21,-45.000000,-145.000000,9.906802
42,21,-40.000000,-145.000000,9.913502
43,21,-35.000000,-145.000000,9.919664
44,21,-30.000000,-145.000000,9.925556
45,21,-25.000000,-145.000000,9.930894
46,21,-20.000000,-145.000000,9.936104
47,21,-15.000000,-145.000000,9.941313
48,21,-10.000000,-145.000000,9.946460
49,21,-5.000000,-145.000000,9.951059
50,21,0.000000,-145.000000,9.955502
51,21,5.000000,-145.000000,9.959469
52,21,10.000000,-145.000000,9.963437
53,21,15.000000,-145.000000,9.967404
54,21,20.000000,-145.000000,9.971192
55,21,25.000000,-145.000000,9.974827
56,21,30.000000,-145.000000,9.978174
57,21,35.000000,-145.000000,9.981387
58,21,40.000000,-145.000000,9.984600
59,21,45.000000,-145.000000,9.987813
60,21,50.000000,-145.000000,9.990820
61,21,55.000000,-145.000000,9.993783
62,21,60.000000,-145.000000,9.996455
63,21,65.000000,-145.000000,9.999126
64,21,70.000000,-145.000000,10.001798
65,21,75.000000,-145.000000,10.004326
66,21,80.000000,-145.000000,10.006646
67,21,85.000000,-145.000000,10.008585
68,21,90.000000,-145.000000,10.010219
69,21,95.000000,-145.000000,10.011853
70,21,100.000000,-145.000000,10.013487
71,21,105.000000,-145.000000,10.014540
72,21,110.000000,-145.000000,10.015487
73,21,115.000000,-145.000000,10.014753
74,21,120.000000,-145.000000,10.014004
75,21,125.000000,-145.000000,10.013256
76,21,130.000000,-145.000000,10.012231
77,21,135.000000,-145.000000,10.010506
78,21,140.000000,-145.000000,10.007438
79,21,145.000000,-145.000000,10.002572
80,21,150.000000,-145.000000,9.997706
81,21,155.000000,-145.000000,9.992840
82,21,160.000000,-145.000000,9.987278
83,21,165.000000,-145.000000,9.981443
84,21,170.000000,-145.000000,9.971956
85,21,175.000000,-145.000000,9.961892
86,21,180.000000,-145.000000,9.951828
87,21,185.000000,-145.000000,9.941665
88,21,190.000000,-145.000000,9.930957
89,21,195.000000,-145.000000,9.919023
90,21,200.000000,-145.000000,9.904217
91,21,205.000000,-145.000000,9.889411
92,21,210.000000,-145.000000,9.874605
93,21,215.000000,-145.000000,9.859654
94,21,220.000000,-145.000000,9.844603
95,21,225.000000,-145.000000,9.827604
96,21,230.000000,-145.000000,9.809905
97,21,235.000000,-145.000000,9.792206
98,21,240.000000,-145.000000,9.774506
99,21,245.000000,-145.000000,9.756779
100,21,250.000000,-145.000000,9.738917
0,22,-250.000000,-140.000000,9.426500
1,22,-245.000000,-140.000000,9.441143
2,22,-240.000000,-140.000000,9.455785
3,22,-235.000000,-140.000000,9.470428
4,22,-230.000000,-140.000000,9.485244
5,22,-225.000000,-140.000000,9.500168
6,22,-220.000000,-140.000000,9.515117
7,22,-215.000000,-140.000000,9.530074
8,22,-210.000000,-140.000000,9.545031
9,22,-205.000000,-140.000000,9.559897
10,22,-200.000000,-140.000000,9.573051
11,22,-195.000000,-140.000000,9.586141
12,22,-190.000000,-140.000000,9.598970
13,22,-185.000000,-140.000000,9.611799
14,22,-180.000000,-140.000000,9.624628
15,22,-175.000000,-140.000000,9.636563
16,22,-170.000000,-140.000000,9.647551
17,22,-165.000000,-140.000000,9.658243
18,22,-160.000000,-140.000000,9.668761
19,22,-155.000000,-140.000000,9.679280
20,22,-150.000000,-140.000000,9.689798
21,22,-145.000000,-140.000000,9.699531
22,22,-140.000000,-140.000000,9.709176
23,22,-135.000000,-140.000000,9.718551
24,22,-130.000000,-140.000000,9.727926
25,22,-125.000000,-140.000000,9.737301
26,22,-120.000000,-140.000000,9.746597
27,22,-115.000000,-140.000000,9.755753
28,22,-110.000000,-140.000000,9.764861
29,22,-105.000000,-140.000000,9.773920
30,22,-100.000000,-140.000000,9.782980
31,22,-95.000000,-140.000000,9.792040
32,22,-90.000000,-140.000000,9.800812
33,22,-85.000000,-140.000000,9.809510
34,22,-80.000000,-140.000000,9.818021
35,22,-75.000000,-140.000000,9.826519
36,22,-70.000000,-140.000000,9.835017
37,22,-65.000000,-140.000000,9.843340
38,22,-60.000000,-140.000000,9.851077
39,22,-55.000000,-140.000000,9.858619
40,22,-50.000000,-140.000000,9.865834
41,22,-45.000000,-140.000000,9.873050
42,22,-40.000000,-140.000000,9.880265
43,22,-35.000000,-140.000000,9.886916
44,22,-30.000000,-140.000000,9.893285
45,22,-25.000000,-140.000000,9.899074
46,22,-20.000000,-140.000000,9.904728
47,22,-15.000000,-140.000000,9.910382
48,22,-10.000000,-140.000000,9.915978
49,22,-5.000000,-140.000000,9.921060
50,22,0.000000,-140.000000,9.925994
51,22,5.000000,-140.000000,9.930483
52,22,10.000000,-140.000000,9.934972
53,22,15.000000,-140.000000,9.939461
54,22,20.000000,-140.000000,9.943814
55,22,25.000000,-140.000000,9.948052
56,22,30.000000,-140.000000,9.952073
57,22,35.000000,-140.000000,9.955993
58,22,40.000000,-140.000000,9.959913
59,22,45.000000,-140.000000,9.963833
60,22,50.000000,-140.000000,9.967603
61,22,55.000000,-140.000000,9.971342
62,22,60.000000,-140.000000,9.974869
63,22,65.000000,-140.000000,9.978396
64,22,70.000000,-140.000000,9.981923
65,22,75.000000,-140.000000,9.985306
66,22,80.000000,-140.000000,9.988483
67,22,85.000000,-140.000000,9.991281
68,22,90.000000,-140.000000,9.993775
69,22,95.000000,-140.000000,9.996269
70,22,100.000000,-140.000000,9.998763
71,22,105.000000,-140.000000,10.000644
72,22,110.000000,-140.000000,10.002413
73,22,115.000000,-140.000000,10.002409
74,22,120.000000,-140.000000,10.002389
75,22,125.000000,-140.000000,10.002370
76,22,130.000000,-140.000000,10.002063
77,22,135.000000,-140.000000,10.001024
78,22,140.000000,-140.000000,9.998586
79,22,145.000000,-140.000000,9.994273
80,22,150.000000,-140.000000,9.989959
81,22,155.000000,-140.000000,9.985646
82,22,160.000000,-140.000000,9.980619
83,22,165.000000,-140.000000,9.975313
84,22,170.000000,-140.000000,9.966264
85,22,175.000000,-140.000000,9.956623
86,22,180.000000,-140.000000,9.946982
87,22,185.000000,-140.000000,9.937241
88,22,190.000000,-140.000000,9.926951
89,22,195.000000,-140.000000,9.915421
90,22,200.000000,-140.000000,9.900992
91,22,205.000000,-140.000000,9.886562
92,22,210.000000,-140.000000,9.872133
93,22,215.000000,-140.000000,9.857559
94,22,220.000000,-140.000000,9.842885
95,22,225.000000,-140.000000,9.826264
96,22,230.000000,-140.000000,9.808944
97,22,235.000000,-140.000000,9.791624
98,22,240.000000,-140.000000,9.774303
99,22,245.000000,-140.000000,9.756954
100,22,250.000000,-140.000000,9.739467
0,23,-250.000000,-135.000000,9.370580
1,23,-245.000000,-135.000000,9.386019
2,23,-240.000000,-135.000000,9.401458
3,23,-235.000000,-135.000000,9.416896
4,23,-230.000000,-135.000000,9.432431
5,23,-225.000000,-135.000000,9.448026
6,23,-220.000000,-135.000000,9.463634
7,23,-215.000000,-135.000000,9.479247
8,23,-210.000000,-135.000000,9.494860
9,23,-205.000000,-135.000000,9.510373
10,23,-200.000000,-135.000000,9.523985
11,23,-195.000000,-135.000000,9.537526
12,23,-190.000000,-135.000000,9.550778
13,23,-185.000000,-135.000000,9.564030
14,23,-180.000000,-135.000000,9.577282
15,23,-175.000000,-135.000000,9.589603
16,23,-170.000000,-135.000000,9.600942
17,23,-165.000000,-135.000000,9.611971
18,23,-160.000000,-135.000000,9.622821
19,23,-155.000000,-135.000000,9.633671
20,23,-150.000000,-135.000000,9.644520
21,23,-145.000000,-135.000000,9.654659
22,23,-140.000000,-135.000000,9.664719
23,23,-135.000000,-135.000000,9.674534
24,23,-130.000000,-135.000000,9.684350
25,23,-125.000000,-135.000000,9.694165
26,23,-120.000000,-135.000000,9.703941
27,23,-115.000000,-135.000000,9.713646
28,23,-110.000000,-135.000000,9.723326
29,23,-105.000000,-135.000000,9.732983
30,23,-100.000000,-135.000000,9.742639
31,23,-95.000000,-135.000000,9.752296
32,23,-90.000000,-135.000000,9.761679
33,23,-85.000000,-135.000000,9.770992
34,23,-80.000000,-135.000000,9.780126
35,23,-75.000000,-135.000000,9.789249
36,23,-70.000000,-135.000000,9.798371
37,23,-65.000000,-135.000000,9.807305
38,23,-60.000000,-135.000000,9.815606
39,23,-55.000000,-135.000000,9.823696
40,23,-50.000000,-135.000000,9.831434
41,23,-45.000000,-135.000000,9.839173
42,23,-40.000000,-135.000000,9.846911
43,23,-35.000000,-135.000000,9.854058
44,23,-30.000000,-135.000000,9.860909
45,23,-25.000000,-135.000000,9.867153
46,23,-20.000000,-135.000000,9.873256
47,23,-15.000000,-135.000000,9.879359
48,23,-10.000000,-135.000000,9.885407
49,23,-5.000000,-135.000000,9.890976
50,23,0.000000,-135.000000,9.896408
51,23,5.000000,-135.000000,9.901424
52,23,10.000000,-135.000000,9.906440
53,23,15.000000,-135.000000,9.911455
54,23,20.000000,-135.000000,9.916382
55,23,25.000000,-135.000000,9.921231
56,23,30.000000,-135.000000,9.925937
57,23,35.000000,-135.000000,9.930575
58,23,40.000000,-135.000000,9.935213
59,23,45.000000,-135.000000,9.939852
60,23,50.000000,-135.000000,9.944399
61,23,55.000000,-135.000000,9.948927
62,23,60.000000,-135.000000,9.953326
63,23,65.000000,-135.000000,9.957726
64,23,70.000000,-135.000000,9.962125
65,23,75.000000,-135.000000,9.966381
66,23,80.000000,-135.000000,9.970432
67,23,85.000000,-135.000000,9.974106
68,23,90.000000,-135.000000,9.977478
69,23,95.000000,-135.000000,9.980849
70,23,100.000000,-135.000000,9.984221
71,23,105.000000,-135.000000,9.986947
72,23,110.000000,-135.000000,9.989556
73,23,115.000000,-135.000000,9.990295
74,23,120.000000,-135.000000,9.991019
75,23,125.000000,-135.000000,9.991742
76,23,130.000000,-135.000000,9.992166
77,23,135.000000,-135.000000,9.991827
78,23,140.000000,-135.000000,9.990029
79,23,145.000000,-135.000000,9.986276
80,23,150.000000,-135.000000,9.982523
81,23,155.000000,-135.000000,9.978771
82,23,160.000000,-135.000000,9.974286
83,23,165.000000,-135.000000,9.969515
84,23,170.000000,-135.000000,9.960906
85,23,175.000000,-135.000000,9.951690
86,23,180.000000,-135.000000,9.942474
87,23,185.000000,-135.000000,9.933156
88,23,190.000000,-135.000000,9.923284
89,23,195.000000,-135.000000,9.912160
90,23,200.000000,-135.000000,9.898106
91,23,205.000000,-135.000000,9.884052
92,23,210.000000,-135.000000,9.869998
93,23,215.000000,-135.000000,9.855799
94,23,220.000000,-135.000000,9.841500
95,23,225.000000,-135.000000,9.825257
96,23,230.000000,-135.000000,9.808314
97,23,235.000000,-135.000000,9.791371
98,23,240.000000,-135.000000,9.774427
99,23,245.000000,-135.000000,9.757456
100,23,250.000000,-135.000000,9.740342
0,24,-250.000000,-130.000000,9.314225
1,24,-245.000000,-130.000000,9.330480
2,24,-240.000000,-130.000000,9.346735
3,24,-235.000000,-130.000000,9.362990
4,24,-230.000000,-130.000000,9.379261
5,24,-225.000000,-130.000000,9.395543
6,24,-220.000000,-130.000000,9.411826
7,24,-215.000000,-130.000000,9.428111
8,24,-210.000000,-130.000000,9.444395
9,24,-205.000000,-130.000000,9.460569
10,24,-200.000000,-130.000000,9.474647
11,24,-195.000000,-130.000000,9.488649
12,24,-190.000000,-130.000000,9.502331
13,24,-185.000000,-130.000000,9.516013
14,24,-180.000000,-130.000000,9.529695
15,24,-175.000000,-130.000000,9.542409
16,24,-170.000000,-130.000000,9.554101
17,24,-165.000000,-130.000000,9.565472
18,24,-160.000000,-130.000000,9.576656
19,24,-155.000000,-130.000000,9.587840
20,24,-150.000000,-130.000000,9.599024
21,24,-145.000000,-130.000000,9.609573
22,24,-140.000000,-130.000000,9.620052
23,24,-135.000000,-130.000000,9.630313
24,24,-130.000000,-130.000000,9.640573
25,24,-125.000000,-130.000000,9.650834
26,24,-120.000000,-130.000000,9.661094
27,24,-115.000000,-130.000000,9.671355
28,24,-110.000000,-130.000000,9.681616
29,24,-105.000000,-130.000000,9.691877
30,24,-100.000000,-130.000000,9.702139
31,24,-95.000000,-130.000000,9.712400
32,24,-90.000000,-130.000000,9.722402
33,24,-85.000000,-130.000000,9.732337
34,24,-80.000000,-130.000000,9.742103
35,24,-75.000000,-130.000000,9.751858
36,24,-70.000000,-130.000000,9.761614
37,24,-65.000000,-130.000000,9.771165
38,24,-60.000000,-130.000000,9.780037
39,24,-55.000000,-130.000000,9.788681
40,24,-50.000000,-130.000000,9.796947
41,24,-45.000000,-130.000000,9.805213
42,24,-40.000000,-130.000000,9.813479
43,24,-35.000000,-130.000000,9.821127
44,24,-30.000000,-130.000000,9.828464
45,24,-25.000000,-130.000000,9.835166
46,24,-20.000000,-130.000000,9.841720
47,24,-15.000000,-130.000000,9.848274
48,24,-10.000000,-130.000000,9.854778
49,24,-5.000000,-130.000000,9.860837
50,24,0.000000,-130.000000,9.866769
51,24,5.000000,-130.000000,9.872316
52,24,10.000000,-130.000000,9.877863
53,24,15.000000,-130.000000,9.883410
54,24,20.000000,-130.000000,9.888913
55,24,25.000000,-130.000000,9.894380
56,24,30.000000,-130.000000,9.899776
57,24,35.000000,-130.000000,9.905141
58,24,40.000000,-130.000000,9.910505
59,24,45.000000,-130.000000,9.915870
60,24,50.000000,-130.000000,9.921203
61,24,55.000000,-130.000000,9.926530
62,24,60.000000,-130.000000,9.931812
63,24,65.000000,-130.000000,9.937095
64,24,70.000000,-130.000000,9.942378
65,24,75.000000,-130.000000,9.947518
66,24,80.000000,-130.000000,9.952455
67,24,85.000000,-130.000000,9.957016
68,24,90.000000,-130.000000,9.961277
69,24,95.000000,-130.000000,9.965539
70,24,100.000000,-130.000000,9.969800
71,24,105.000000,-130.000000,9.973382
72,24,110.000000,-130.000000,9.976841
73,24,115.000000,-130.000000,9.978333
74,24,120.000000,-130.000000,9.979809
75,24,125.000000,-130.000000,9.981285
76,24,130.000000,-130.000000,9.982449
77,24,135.000000,-130.000000,9.982818
78,24,140.000000,-130.000000,9.981667
79,24,145.000000,-130.000000,9.978480
80,24,150.000000,-130.000000,9.975292
81,24,155.000000,-130.000000,9.972105
82,24,160.000000,-130.000000,9.968168
83,24,165.000000,-130.000000,9.963936
84,24,170.000000,-130.000000,9.955768
85,24,175.000000,-130.000000,9.946978
86,24,180.000000,-130.000000,9.938188
87,24,185.000000,-130.000000,9.929296
88,24,190.000000,-130.000000,9.919843
89,24,195.000000,-130.000000,9.909124
90,24,200.000000,-130.000000,9.895444
91,24,205.000000,-130.000000,9.881764
92,24,210.000000,-130.000000,9.868084
93,24,215.000000,-130.000000,9.854260
94,24,220.000000,-130.000000,9.840335
95,24,225.000000,-130.000000,9.824468
96,24,230.000000,-130.000000,9.807902
97,24,235.000000,-130.000000,9.791335
98,24,240.000000,-130.000000,9.774768
99,24,245.000000,-130.000000,9.758172
100,24,250.000000,-130.000000,9.741431
0,25,-250.000000,-125.000000,9.257870
1,25,-245.000000,-125.000000,9.274942
2,25,-240.000000,-125.000000,9.292013
3,25,-235.000000,-125.000000,9.309084
4,25,-230.000000,-125.000000,9.326092
5,25,-225.000000,-125.000000,9.343059
6,25,-220.000000,-125.000000,9.360018
7,25,-215.000000,-125.000000,9.376974
8,25,-210.000000,-125.000000,9.393930
9,25,-205.000000,-125.000000,9.410764
10,25,-200.000000,-125.000000,9.425310
11,25,-195.000000,-125.000000,9.439771
12,25,-190.000000,-125.000000,9.453883
13,25,-185.000000,-125.000000,9.467995
14,25,-180.000000,-125.000000,9.482107
15,25,-175.000000,-125.000000,9.495215
16,25,-170.000000,-125.000000,9.507261
17,25,-165.000000,-125.000000,9.518973
18,25,-160.000000,-125.000000,9.530491
19,25,-155.000000,-125.000000,9.542009
20,25,-150.000000,-125.000000,9.553528
21,25,-145.000000,-125.000000,9.564487
22,25,-140.000000,-125.000000,9.575385
23,25,-135.000000,-125.000000,9.586091
24,25,-130.000000,-125.000000,9.596796
25,25,-125.000000,-125.000000,9.607502
26,25,-120.000000,-125.000000,9.618247
27,25,-115.000000,-125.000000,9.629064
28,25,-110.000000,-125.000000,9.639906
29,25,-105.000000,-125.000000,9.650772
30,25,-100.000000,-125.000000,9.661638
31,25,-95.000000,-125.000000,9.672504
32,25,-90.000000,-125.000000,9.683125
33,25,-85.000000,-125.000000,9.693683
34,25,-80.000000,-125.000000,9.704081
35,25,-75.000000,-125.000000,9.714468
36,25,-70.000000,-125.000000,9.724856
37,25,-65.000000,-125.000000,9.735026
38,25,-60.000000,-125.000000,9.744468
39,25,-55.000000,-125.000000,9.753667
40,25,-50.000000,-125.000000,9.762460
41,25,-45.000000,-125.000000,9.771254
42,25,-40.000000,-125.000000,9.780048
43,25,-35.000000,-125.000000,9.788196
44,25,-30.000000,-125.000000,9.796019
45,25,-25.000000,-125.000000,9.803179
46,25,-20.000000,-125.000000,9.810184
47,25,-15.000000,-125.000000,9.817190
48,25,-10.000000,-125.000000,9.824149
49,25,-5.000000,-125.000000,9.830698
50,25,0.000000,-125.000000,9.837131
51,25,5.000000,-125.000000,9.843208
52,25,10.000000,-125.000000,9.849286
53,25,15.000000,-125.000000,9.855364
54,25,20.000000,-125.000000,9.861444
55,25,25.000000,-125.000000,9.867528
56,25,30.000000,-125.000000,9.873616
57,25,35.000000,-125.000000,9.879707
58,25,40.000000,-125.000000,9.885797
59,25,45.000000,-125.000000,9.891888
60,25,50.000000,-125.000000,9.898007
61,25,55.000000,-125.000000,9.904132
62,25,60.000000,-125.000000,9.910298
63,25,65.000000,-125.000000,9.916465
64,25,70.000000,-125.000000,9.922631
65,25,75.000000,-125.000000,9.928656
66,25,80.000000,-125.000000,9.934478
67,25,85.000000,-125.000000,9.939927
68,25,90.000000,-125.000000,9.945077
69,25,95.000000,-125.000000,9.950228
70,25,100.000000,-125.000000,9.955379
71,25,105.000000,-125.000000,9.959817
72,25,110.000000,-125.000000,9.964125
73,25,115.000000,-125.000000,9.966371
74,25,120.000000,-125.000000,9.968600
75,25,125.000000,-125.000000,9.970828
76,25,130.000000,-125.000000,9.972731
77,25,135.000000,-125.000000,9.973809
78,25,140.000000,-125.000000,9.973305
79,25,145.000000,-125.000000,9.970683
80,25,150.000000,-125.000000,9.968061
81,25,155.000000,-125.000000,9.965440
82,25,160.000000,-125.000000,9.962049
83,25,165.000000,-125.000000,9.958357
84,25,170.000000,-125.000000,9.950631
85,25,175.000000,-125.000000,9.942267
86,25,180.000000,-125.000000,9.933903
87,25,185.000000,-125.000000,9.925436
88,25,190.000000,-125.000000,9.916401
89,25,195.000000,-125.000000,9.906088
90,25,200.000000,-125.000000,9.892783
91,25,205.000000,-125.000000,9.879477
92,25,210.000000,-125.000000,9.866171
93,25,215.000000,-125.000000,9.852721
94,25,220.000000,-125.000000,9.839171
95,25,225.000000,-125.000000,9.823679
96,25,230.000000,-125.000000,9.807489
97,25,235.000000,-125.000000,9.791299
98,25,240.000000,-125.000000,9.775108
99,25,245.000000,-125.000000,9.758888
100,25,250.000000,-125.000000,9.742521
0,26,-250.000000,-120.000000,9.201655
1,26,-245.000000,-120.000000,9.219556
2,26,-240.000000,-120.000000,9.237457
3,26,-235.000000,-120.000000,9.255358
4,26,-230.000000,-120.000000,9.273115
5,26,-225.000000,-120.000000,9.290781
6,26,-220.000000,-120.000000,9.308426
7,26,-215.000000,-120.000000,9.326066
8,26,-210.000000,-120.000000,9.343705
9,26,-205.000000,-120.000000,9.361213
10,26,-200.000000,-120.000000,9.376234
11,26,-195.000000,-120.000000,9.391163
12,26,-190.000000,-120.000000,9.405712
13,26,-185.000000,-120.000000,9.420262
14,26,-180.000000,-120.000000,9.434812
15,26,-175.000000,-120.000000,9.448319
16,26,-170.000000,-120.000000,9.460723
17,26,-165.000000,-120.000000,9.472781
18,26,-160.000000,-120.000000,9.484638
19,26,-155.000000,-120.000000,9.496494
20,26,-150.000000,-120.000000,9.508350
21,26,-145.000000,-120.000000,9.519723
22,26,-140.000000,-120.000000,9.531043
23,26,-135.000000,-120.000000,9.542197
24,26,-130.000000,-120.000000,9.553350
25,26,-125.000000,-120.000000,9.564504
26,26,-120.000000,-120.000000,9.575737
27,26,-115.000000,-120.000000,9.587113
28,26,-110.000000,-120.000000,9.598538
29,26,-105.000000,-120.000000,9.610011
30,26,-100.000000,-120.000000,9.621485
31,26,-95.000000,-120.000000,9.632958
32,26,-90.000000,-120.000000,9.644202
33,26,-85.000000,-120.000000,9.655385
34,26,-80.000000,-120.000000,9.666418
35,26,-75.000000,-120.000000,9.677442
36,26,-70.000000,-120.000000,9.688465
37,26,-65.000000,-120.000000,9.699256
38,26,-60.000000,-120.000000,9.709272
39,26,-55.000000,-120.000000,9.719027
40,26,-50.000000,-120.000000,9.728351
41,26,-45.000000,-120.000000,9.737675
42,26,-40.000000,-120.000000,9.746999
43,26,-35.000000,-120.000000,9.755648
44,26,-30.000000,-120.000000,9.763960
45,26,-25.000000,-120.000000,9.771578
46,26,-20.000000,-120.000000,9.779036
47,26,-15.000000,-120.000000,9.786493
48,26,-10.000000,-120.000000,9.793908
49,26,-5.000000,-120.000000,9.800949
50,26,0.000000,-120.000000,9.807882
51,26,5.000000,-120.000000,9.814491
52,26,10.000000,-120.000000,9.821100
53,26,15.000000,-120.000000,9.827709
54,26,20.000000,-120.000000,9.834368
55,26,25.000000,-120.000000,9.841069
56,26,30.000000,-120.000000,9.847851
57,26,35.000000,-120.000000,9.854669
58,26,40.000000,-120.000000,9.861488
59,26,45.000000,-120.000000,9.868306
60,26,50.000000,-120.000000,9.875214
61,26,55.000000,-120.000000,9.882141
62,26,60.000000,-120.000000,9.889195
63,26,65.000000,-120.000000,9.896249
64,26,70.000000,-120.000000,9.903303
65,26,75.000000,-120.000000,9.910217
66,26,80.000000,-120.000000,9.916929
67,26,85.000000,-120.000000,9.923272
68,26,90.000000,-120.000000,9.929318
69,26,95.000000,-120.000000,9.935365
70,26,100.000000,-120.000000,9.941411
71,26,105.000000,-120.000000,9.946712
72,26,110.000000,-120.000000,9.951877
73,26,115.000000,-120.000000,9.954882
74,26,120.000000,-120.000000,9.957869
75,26,125.000000,-120.000000,9.960855
76,26,130.000000,-120.000000,9.963504
77,26,135.000000,-120.000000,9.965295
78,26,140.000000,-120.000000,9.965442
79,26,145.000000,-120.000000,9.963387
80,26,150.000000,-120.000000,9.961333
81,26,155.000000,-120.000000,9.959278
82,26,160.000000,-120.000000,9.956436
83,26,165.000000,-120.000000,9.953283
84,26,170.000000,-120.000000,9.945995
85,26,175.000000,-120.000000,9.938052
86,26,180.000000,-120.000000,9.930109
87,26,185.000000,-120.000000,9.922062
88,26,190.000000,-120.000000,9.913442
89,26,195.000000,-120.000000,9.903527
90,26,200.000000,-120.000000,9.890585
91,26,205.000000,-120.000000,9.877644
92,26,210.000000,-120.000000,9.864702
93,26,215.000000,-120.000000,9.851616
94,26,220.000000,-120.000000,9.838430
95,26,225.000000,-120.000000,9.823303
96,26,230.000000,-120.000000,9.807478
97,26,235.000000,-120.000000,9.791653
98,26,240.000000,-120.000000,9.775827
99,26,245.000000,-120.000000,9.759971
100,26,250.000000,-120.000000,9.743966
0,27,-250.000000,-115.000000,9.145978
1,27,-245.000000,-115.000000,9.164760
2,27,-240.000000,-115.000000,9.183543
3,27,-235.000000,-115.000000,9.202326
4,27,-230.000000,-115.000000,9.220880
5,27,-225.000000,-115.000000,9.239291
6,27,-220.000000,-115.000000,9.257669
7,27,-215.000000,-115.000000,9.276038
8,27,-210.000000,-115.000000,9.294407
9,27,-205.000000,-115.000000,9.312633
10,27,-200.000000,-115.000000,9.328161
11,27,-195.000000,-115.000000,9.343590
12,27,-190.000000,-115.000000,9.358608
13,27,-185.000000,-115.000000,9.373625
14,27,-180.000000,-115.000000,9.388642
15,27,-175.000000,-115.000000,9.402573
16,27,-170.000000,-115.000000,9.415353
17,27,-165.000000,-115.000000,9.427774
18,27,-160.000000,-115.000000,9.439984
19,27,-155.000000,-115.000000,9.452193
20,27,-150.000000,-115.000000,9.464403
21,27,-145.000000,-115.000000,9.476202
22,27,-140.000000,-115.000000,9.487955
23,27,-135.000000,-115.000000,9.499567
24,27,-130.000000,-115.000000,9.511178
25,27,-125.000000,-115.000000,9.522789
26,27,-120.000000,-115.000000,9.534521
27,27,-115.000000,-115.000000,9.546467
28,27,-110.000000,-115.000000,9.558487
29,27,-105.000000,-115.000000,9.570580
30,27,-100.000000,-115.000000,9.582674
31,27,-95.000000,-115.000000,9.594767
32,27,-90.000000,-115.000000,9.606644
33,27,-85.000000,-115.000000,9.618466
34,27,-80.000000,-115.000000,9.630147
35,27,-75.000000,-115.000000,9.641818
36,27,-70.000000,-115.000000,9.653490
37,27,-65.000000,-115.000000,9.664914
38,27,-60.000000,-115.000000,9.675513
39,27,-55.000000,-115.000000,9.685835
40,27,-50.000000,-115.000000,9.695697
41,27,-45.000000,-115.000000,9.705560
42,27,-40.000000,-115.000000,9.715422
43,27,-35.000000,-115.000000,9.724580
44,27,-30.000000,-115.000000,9.733385
45,27,-25.000000,-115.000000,9.741466
46,27,-20.000000,-115.000000,9.749379
47,27,-15.000000,-115.000000,9.757292
48,27,-10.000000,-115.000000,9.765166
49,27,-5.000000,-115.000000,9.772700
50,27,0.000000,-115.000000,9.780137
51,27,5.000000,-115.000000,9.787279
52,27,10.000000,-115.000000,9.794422
53,27,15.000000,-115.000000,9.801564
54,27,20.000000,-115.000000,9.808804
55,27,25.000000,-115.000000,9.816128
56,27,30.000000,-115.000000,9.823608
57,27,35.000000,-115.000000,9.831162
58,27,40.000000,-115.000000,9.838715
59,27,45.000000,-115.000000,9.846269
60,27,50.000000,-115.000000,9.853976
61,27,55.000000,-115.000000,9.861717
62,27,60.000000,-115.000000,9.869675
63,27,65.000000,-115.000000,9.877633
64,27,70.000000,-115.000000,9.885591
65,27,75.000000,-115.000000,9.893411
66,27,80.000000,-115.000000,9.901034
67,27,85.000000,-115.000000,9.908292
68,27,90.000000,-115.000000,9.915259
69,27,95.000000,-115.000000,9.922226
70,27,100.000000,-115.000000,9.929193
71,27,105.000000,-115.000000,9.935381
72,27,110.000000,-115.000000,9.941426
73,27,115.000000,-115.000000,9.945214
74,27,120.000000,-115.000000,9.948982
75,27,125.000000,-115.000000,9.952750
76,27,130.000000,-115.000000,9.956167
77,27,135.000000,-115.000000,9.958689
78,27,140.000000,-115.000000,9.959501
79,27,145.000000,-115.000000,9.958021
80,27,150.000000,-115.000000,9.956541
81,27,155.000000,-115.000000,9.955060
82,27,160.000000,-115.000000,9.952769
83,27,165.000000,-115.000000,9.950159
84,27,170.000000,-115.000000,9.943292
85,27,175.000000,-115.000000,9.935752
86,27,180.000000,-115.000000,9.928212
87,27,185.000000,-115.000000,9.920566
88,27,190.000000,-115.000000,9.912338
89,27,195.000000,-115.000000,9.902795
90,27,200.000000,-115.000000,9.890178
91,27,205.000000,-115.000000,9.877561
92,27,210.000000,-115.000000,9.864944
93,27,215.000000,-115.000000,9.852183
94,27,220.000000,-115.000000,9.839321
95,27,225.000000,-115.000000,9.824516
96,27,230.000000,-115.000000,9.809011
97,27,235.000000,-115.000000,9.793507
98,27,240.000000,-115.000000,9.778002
99,27,245.000000,-115.000000,9.762467
100,27,250.000000,-115.000000,9.746781
0,28,-250.000000,-110.000000,9.090407
1,28,-245.000000,-110.000000,9.110082
2,28,-240.000000,-110.000000,9.129756
3,28,-235.000000,-110.000000,9.149431
4,28,-230.000000,-110.000000,9.168792
5,28,-225.000000,-110.000000,9.187957
6,28,-220.000000,-110.000000,9.207078
7,28,-215.000000,-110.000000,9.226186
8,28,-210.000000,-110.000000,9.245293
9,28,-205.000000,-110.000000,9.264247
10,28,-200.000000,-110.000000,9.280289
11,28,-195.000000,-110.000000,9.296224
12,28,-190.000000,-110.000000,9.311715
13,28,-185.000000,-110.000000,9.327206
14,28,-180.000000,-110.000000,9.342696
15,28,-175.000000,-110.000000,9.357055
16,28,-170.000000,-110.000000,9.370216
17,28,-165.000000,-110.000000,9.383002
18,28,-160.000000,-110.000000,9.395568
19,28,-155.000000,-110.000000,9.408135
20,28,-150.000000,-110.000000,9.420701
21,28,-145.000000,-110.000000,9.432927
22,28,-140.000000,-110.000000,9.445116
23,28,-135.000000,-110.000000,9.457188
24,28,-130.000000,-110.000000,9.469259
25,28,-125.000000,-110.000000,9.481331
26,28,-120.000000,-110.000000,9.493563
27,28,-115.000000,-110.000000,9.506081
28,28,-110.000000,-110.000000,9.518699
29,28,-105.000000,-110.000000,9.531414
30,28,-100.000000,-110.000000,9.544129
31,28,-95.000000,-110.000000,9.556844
32,28,-90.000000,-110.000000,9.569359
33,28,-85.000000,-110.000000,9.581821
34,28,-80.000000,-110.000000,9.594151
35,28,-75.000000,-110.000000,9.606474
36,28,-70.000000,-110.000000,9.618796
37,28,-65.000000,-110.000000,9.630856
38,28,-60.000000,-110.000000,9.642040
39,28,-55.000000,-110.000000,9.652930
40,28,-50.000000,-110.000000,9.663333
41,28,-45.000000,-110.000000,9.673736
42,28,-40.000000,-110.000000,9.684138
43,28,-35.000000,-110.000000,9.693806
44,28,-30.000000,-110.000000,9.703106
45,28,-25.000000,-110.000000,9.711650
46,28,-20.000000,-110.000000,9.720019
47,28,-15.000000,-110.000000,9.728388
48,28,-10.000000,-110.000000,9.736722
49,28,-5.000000,-110.000000,9.744750
50,28,0.000000,-110.000000,9.752691
51,28,5.000000,-110.000000,9.760367
52,28,10.000000,-110.000000,9.768043
53,28,15.000000,-110.000000,9.775719
54,28,20.000000,-110.000000,9.783541
55,28,25.000000,-110.000000,9.791487
56,28,30.000000,-110.000000,9.799669
57,28,35.000000,-110.000000,9.807958
58,28,40.000000,-110.000000,9.816248
59,28,45.000000,-110.000000,9.824538
60,28,50.000000,-110.000000,9.833047
61,28,55.000000,-110.000000,9.841603
62,28,60.000000,-110.000000,9.850469
63,28,65.000000,-110.000000,9.859335
64,28,70.000000,-110.000000,9.868201
65,28,75.000000,-110.000000,9.876931
66,28,80.000000,-110.000000,9.885467
67,28,85.000000,-110.000000,9.893646
68,28,90.000000,-110.000000,9.901538
69,28,95.000000,-110.000000,9.909431
70,28,100.000000,-110.000000,9.917323
71,28,105.000000,-110.000000,9.924402
72,28,110.000000,-110.000000,9.931333
73,28,115.000000,-110.000000,9.935907
74,28,120.000000,-110.000000,9.940462
75,28,125.000000,-110.000000,9.945016
76,28,130.000000,-110.000000,9.949205
77,28,135.000000,-110.000000,9.952463
78,28,140.000000,-110.000000,9.953943
79,28,145.000000,-110.000000,9.953038
80,28,150.000000,-110.000000,9.952134
81,28,155.000000,-110.000000,9.951229
82,28,160.000000,-110.000000,9.949489
83,28,165.000000,-110.000000,9.947422
84,28,170.000000,-110.000000,9.940974
85,28,175.000000,-110.000000,9.933833
86,28,180.000000,-110.000000,9.926693
87,28,185.000000,-110.000000,9.919444
88,28,190.000000,-110.000000,9.911604
89,28,195.000000,-110.000000,9.902428
90,28,200.000000,-110.000000,9.890128
91,28,205.000000,-110.000000,9.877827
92,28,210.000000,-110.000000,9.865527
93,28,215.000000,-110.000000,9.853082
94,28,220.000000,-110.000000,9.840537
95,28,225.000000,-110.000000,9.826045
96,28,230.000000,-110.000000,9.810852
97,28,235.000000,-110.000000,9.795660
98,28,240.000000,-110.000000,9.780467
99,28,245.000000,-110.000000,9.765243
100,28,250.000000,-110.000000,9.749869
0,29,-250.000000,-105.000000,9.034940
1,29,-245.000000,-105.000000,9.055517
2,29,-240.000000,-105.000000,9.076093
3,29,-235.000000,-105.000000,9.096670
4,29,-230.000000,-105.000000,9.116848
5,29,-225.000000,-105.000000,9.136776
6,29,-220.000000,-105.000000,9.156649
7,29,-215.000000,-105.000000,9.176503
8,29,-210.000000,-105.000000,9.196358
9,29,-205.000000,-105.000000,9.216048
10,29,-200.000000,-105.000000,9.232610
11,29,-195.000000,-105.000000,9.249057
12,29,-190.000000,-105.000000,9.265027
13,29,-185.000000,-105.000000,9.280998
14,29,-180.000000,-105.000000,9.296968
15,29,-175.000000,-105.000000,9.311759
16,29,-170.000000,-105.000000,9.325304
17,29,-165.000000,-105.000000,9.338458
18,29,-160.000000,-105.000000,9.351384
19,29,-155.000000,-105.000000,9.364310
20,29,-150.000000,-105.000000,9.377236
21,29,-145.000000,-105.000000,9.389892
22,29,-140.000000,-105.000000,9.402519
23,29,-135.000000,-105.000000,9.415053
24,29,-130.000000,-105.000000,9.427586
25,29,-125.000000,-105.000000,9.440120
26,29,-120.000000,-105.000000,9.452854
27,29,-115.000000,-105.000000,9.465948
28,29,-110.000000,-105.000000,9.479165
29,29,-105.000000,-105.000000,9.492504
30,29,-100.000000,-105.000000,9.505844
31,29,-95.000000,-105.000000,9.519183
32,29,-90.000000,-105.000000,9.532336
33,29,-85.000000,-105.000000,9.545441
34,29,-80.000000,-105.000000,9.558424
35,29,-75.000000,-105.000000,9.571400
36,29,-70.000000,-105.000000,9.584375
37,29,-65.000000,-105.000000,9.597073
38,29,-60.000000,-105.000000,9.608844
39,29,-55.000000,-105.000000,9.620305
40,29,-50.000000,-105.000000,9.631249
41,29,-45.000000,-105.000000,9.642194
42,29,-40.000000,-105.000000,9.653139
43,29,-35.000000,-105.000000,9.663318
44,29,-30.000000,-105.000000,9.673113
45,29,-25.000000,-105.000000,9.682121
46,29,-20.000000,-105.000000,9.690946
47,29,-15.000000,-105.000000,9.699772
48,29,-10.000000,-105.000000,9.708566
49,29,-5.000000,-105.000000,9.717089
50,29,0.000000,-105.000000,9.725535
51,29,5.000000,-105.000000,9.733745
52,29,10.000000,-105.000000,9.741955
53,29,15.000000,-105.000000,9.750165
54,29,20.000000,-105.000000,9.758569
55,29,25.000000,-105.000000,9.767140
56,29,30.000000,-105.000000,9.776023
57,29,35.000000,-105.000000,9.785050
58,29,40.000000,-105.000000,9.794078
59,29,45.000000,-105.000000,9.803105
60,29,50.000000,-105.000000,9.812418
61,29,55.000000,-105.000000,9.821792
62,29,60.000000,-105.000000,9.831568
63,29,65.000000,-105.000000,9.841345
64,29,70.000000,-105.000000,9.851122
65,29,75.000000,-105.000000,9.860766
66,29,80.000000,-105.000000,9.870219
67,29,85.000000,-105.000000,9.879322
68,29,90.000000,-105.000000,9.888145
69,29,95.000000,-105.000000,9.896968
70,29,100.000000,-105.000000,9.905791
71,29,105.000000,-105.000000,9.913766
72,29,110.000000,-105.000000,9.921587
73,29,115.000000,-105.000000,9.926953
74,29,120.000000,-105.000000,9.932297
75,29,125.000000,-105.000000,9.937642
76,29,130.000000,-105.000000,9.942607
77,29,135.000000,-105.000000,9.946606
78,29,140.000000,-105.000000,9.948755
79,29,145.000000,-105.000000,9.948428
80,29,150.000000,-105.000000,9.948100
81,29,155.000000,-105.000000,9.947772
82,29,160.000000,-105.000000,9.946585
83,29,165.000000,-105.000000,9.945061
84,29,170.000000,-105.000000,9.939029
85,29,175.000000,-105.000000,9.932284
86,29,180.000000,-105.000000,9.925539
87,29,185.000000,-105.000000,9.918684
88,29,190.000000,-105.000000,9.911227
89,29,195.000000,-105.000000,9.902413
90,29,200.000000,-105.000000,9.890422
91,29,205.000000,-105.000000,9.878431
92,29,210.000000,-105.000000,9.866440
93,29,215.000000,-105.000000,9.854304
94,29,220.000000,-105.000000,9.842068
95,29,225.000000,-105.000000,9.827880
96,29,230.000000,-105.000000,9.812991
97,29,235.000000,-105.000000,9.798102
98,29,240.000000,-105.000000,9.783212
99,29,245.000000,-105.000000,9.768292
100,29,250.000000,-105.000000,9.753222
0,30,-250.000000,-100.000000,8.979474
1,30,-245.000000,-100.000000,9.000952
2,30,-240.000000,-100.000000,9.022430
3,30,-235.000000,-100.000000,9.043909
4,30,-230.000000,-100.000000,9.064903
5,30,-225.000000,-100.000000,9.085595
6,30,-220.000000,-100.000000,9.106219
7,30,-215.000000,-100.000000,9.126821
8,30,-210.000000,-100.000000,9.147423
9,30,-205.000000,-100.000000,9.167849
10,30,-200.000000,-100.000000,9.184932
11,30,-195.000000,-100.000000,9.201891
12,30,-190.000000,-100.000000,9.218340
13,30,-185.000000,-100.000000,9.234790
14,30,-180.000000,-100.000000,9.251239
15,30,-175.000000,-100.000000,9.266463
16,30,-170.000000,-100.000000,9.280392
17,30,-165.000000,-100.000000,9.293915
18,30,-160.000000,-100.000000,9.307200
19,30,-155.000000,-100.000000,9.320486
20,30,-150.000000,-100.000000,9.333771
21,30,-145.000000,-100.000000,9.346857
22,30,-140.000000,-100.000000,9.359922
23,30,-135.000000,-100.000000,9.372917
24,30,-130.000000,-100.000000,9.385913
25,30,-125.000000,-100.000000,9.398909
26,30,-120.000000,-100.000000,9.412146
27,30,-115.000000,-100.000000,9.425814
28,30,-110.000000,-100.000000,9.439631
29,30,-105.000000,-100.000000,9.453595
30,30,-100.000000,-100.000000,9.467558
31,30,-95.000000,-100.000000,9.481522
32,30,-90.000000,-100.000000,9.495314
33,30,-85.000000,-100.000000,9.509062
34,30,-80.000000,-100.000000,9.522697
35,30,-75.000000,-100.000000,9.536326
36,30,-70.000000,-100.000000,9.549954
37,30,-65.000000,-100.000000,9.563290
38,30,-60.000000,-100.000000,9.575648
39,30,-55.000000,-100.000000,9.587679
40,30,-50.000000,-100.000000,9.599166
41,30,-45.000000,-100.000000,9.610652
42,30,-40.000000,-100.000000,9.622139
43,30,-35.000000,-100.000000,9.632829
44,30,-30.000000,-100.000000,9.643120
45,30,-25.000000,-100.000000,9.652592
46,30,-20.000000,-100.000000,9.661874
47,30,-15.000000,-100.000000,9.671156
48,30,-10.000000,-100.000000,9.680411
49,30,-5.000000,-100.000000,9.689429
50,30,0.000000,-100.000000,9.698379
51,30,5.000000,-100.000000,9.707123
52,30,10.000000,-100.000000,9.715867
53,30,15.000000,-100.000000,9.724611
54,30,20.000000,-100.000000,9.733598
55,30,25.000000,-100.000000,9.742792
56,30,30.000000,-100.000000,9.752377
57,30,35.000000,-100.000000,9.762142
58,30,40.000000,-100.000000,9.771907
59,30,45.000000,-100.000000,9.781673
60,30,50.000000,-100.000000,9.791788
61,30,55.000000,-100.000000,9.801980
62,30,60.000000,-100.000000,9.812668
63,30,65.000000,-100.000000,9.823355
64,30,70.000000,-100.000000,9.834043
65,30,75.000000,-100.000000,9.844601
66,30,80.000000,-100.000000,9.854971
67,30,85.000000,-100.000000,9.864999
68,30,90.000000,-100.000000,9.874752
69,30,95.000000,-100.000000,9.884505
70,30,100.000000,-100.000000,9.894259
71,30,105.000000,-100.000000,9.903130
72,30,110.000000,-100.000000,9.911841
73,30,115.000000,-100.000000,9.917998
74,30,120.000000,-100.000000,9.924133
75,30,125.000000,-100.000000,9.930268
76,30,130.000000,-100.000000,9.936009
77,30,135.000000,-100.000000,9.940748
78,30,140.000000,-100.000000,9.943568
79,30,145.000000,-100.000000,9.943817
80,30,150.000000,-100.000000,9.944066
81,30,155.000000,-100.000000,9.944316
82,30,160.000000,-100.000000,9.943681
83,30,165.000000,-100.000000,9.942700
84,30,170.000000,-100.000000,9.937084
85,30,175.000000,-100.000000,9.930734
86,30,180.000000,-100.000000,9.924385
87,30,185.000000,-100.000000,9.917923
88,30,190.000000,-100.000000,9.910851
89,30,195.000000,-100.000000,9.902398
90,30,200.000000,-100.000000,9.890716
91,30,205.000000,-100.000000,9.879035
92,30,210.000000,-100.000000,9.867353
93,30,215.000000,-100.000000,9.855526
94,30,220.000000,-100.000000,9.843598
95,30,225.000000,-100.000000,9.829716
96,30,230.000000,-100.000000,9.815130
97,30,235.000000,-100.000000,9.800544
98,30,240.000000,-100.000000,9.785958
99,30,245.000000,-100.000000,9.771341
100,30,250.000000,-100.000000,9.756574
0,31,-250.000000,-95.000000,8.924800
1,31,-245.000000,-95.000000,8.947164
2,31,-240.000000,-95.000000,8.969527
3,31,-235.000000,-95.000000,8.991890
4,31,-230.000000,-95.000000,9.013689
5,31,-225.000000,-95.000000,9.035132
6,31,-220.000000,-95.000000,9.056497
7,31,-215.000000,-95.000000,9.077836
8,31,-210.000000,-95.000000,9.099175
9,31,-205.000000,-95.000000,9.120327
10,31,-200.000000,-95.000000,9.137926
11,31,-195.000000,-95.000000,9.155394
12,31,-190.000000,-95.000000,9.172319
13,31,-185.000000,-95.000000,9.189245
14,31,-180.000000,-95.000000,9.206171
15,31,-175.000000,-95.000000,9.221827
16,31,-170.000000,-95.000000,9.236139
17,31,-165.000000,-95.000000,9.250030
18,31,-160.000000,-95.000000,9.263676
19,31,-155.000000,-95.000000,9.277321
20,31,-150.000000,-95.000000,9.290966
21,31,-145.000000,-95.000000,9.304481
22,31,-140.000000,-95.000000,9.317981
23,31,-135.000000,-95.000000,9.331436
24,31,-130.000000,-95.000000,9.344891
25,31,-125.000000,-95.000000,9.358346
26,31,-120.000000,-95.000000,9.372081
27,31,-115.000000,-95.000000,9.386319
28,31,-110.000000,-95.000000,9.400729
29,31,-105.000000,-95.000000,9.415310
30,31,-100.000000,-95.000000,9.429891
31,31,-95.000000,-95.000000,9.444472
32,31,-90.000000,-95.000000,9.458896
33,31,-85.000000,-95.000000,9.473279
34,31,-80.000000,-95.000000,9.487560
35,31,-75.000000,-95.000000,9.501834
36,31,-70.000000,-95.000000,9.516109
37,31,-65.000000,-95.000000,9.530076
38,31,-60.000000,-95.000000,9.543016
39,31,-55.000000,-95.000000,9.555612
40,31,-50.000000,-95.000000,9.567636
41,31,-45.000000,-95.000000,9.579661
42,31,-40.000000,-95.000000,9.591685
43,31,-35.000000,-95.000000,9.602883
44,31,-30.000000,-95.000000,9.613667
45,31,-25.000000,-95.000000,9.623600
46,31,-20.000000,-95.000000,9.633337
47,31,-15.000000,-95.000000,9.643073
48,31,-10.000000,-95.000000,9.652787
49,31,-5.000000,-95.000000,9.662296
50,31,0.000000,-95.000000,9.671746
51,31,5.000000,-95.000000,9.681020
52,31,10.000000,-95.000000,9.690294
53,31,15.000000,-95.000000,9.699567
54,31,20.000000,-95.000000,9.709130
55,31,25.000000,-95.000000,9.718941
56,31,30.000000,-95.000000,9.729218
57,31,35.000000,-95.000000,9.739712
58,31,40.000000,-95.000000,9.750205
59,31,45.000000,-95.000000,9.760698
60,31,50.000000,-95.000000,9.771606
61,31,55.000000,-95.000000,9.782604
62,31,60.000000,-95.000000,9.794189
63,31,65.000000,-95.000000,9.805773
64,31,70.000000,-95.000000,9.817358
65,31,75.000000,-95.000000,9.828816
66,31,80.000000,-95.000000,9.840090
67,31,85.000000,-95.000000,9.851029
68,31,90.000000,-95.000000,9.861699
69,31,95.000000,-95.000000,9.872369
70,31,100.000000,-95.000000,9.883039
71,31,105.000000,-95.000000,9.892794
72,31,110.000000,-95.000000,9.902382
73,31,115.000000,-95.000000,9.909320
74,31,120.000000,-95.000000,9.916236
75,31,125.000000,-95.000000,9.923152
76,31,130.000000,-95.000000,9.929659
77,31,135.000000,-95.000000,9.935128
78,31,140.000000,-95.000000,9.938610
79,31,145.000000,-95.000000,9.939429
80,31,150.000000,-95.000000,9.940249
81,31,155.000000,-95.000000,9.941069
82,31,160.000000,-95.000000,9.940981
83,31,165.000000,-95.000000,9.940536
84,31,170.000000,-95.000000,9.935331
85,31,175.000000,-95.000000,9.929372
86,31,180.000000,-95.000000,9.923413
87,31,185.000000,-95.000000,9.917341
88,31,190.000000,-95.000000,9.910647
89,31,195.000000,-95.000000,9.902551
90,31,200.000000,-95.000000,9.891174
91,31,205.000000,-95.000000,9.879798
92,31,210.000000,-95.000000,9.868421
93,31,215.000000,-95.000000,9.856898
94,31,220.000000,-95.000000,9.845275
95,31,225.000000,-95.000000,9.831692
96,31,230.000000,-95.000000,9.817405
97,31,235.000000,-95.000000,9.803118
98,31,240.000000,-95.000000,9.788830
99,31,245.000000,-95.000000,9.774512
100,31,250.000000,-95.000000,9.760044
0,32,-250.000000,-90.000000,8.876461
1,32,-245.000000,-90.000000,8.899577
2,32,-240.000000,-90.000000,8.922692
3,32,-235.000000,-90.000000,8.945808
4,32,-230.000000,-90.000000,8.968304
5,32,-225.000000,-90.000000,8.990410
6,32,-220.000000,-90.000000,9.012429
7,32,-215.000000,-90.000000,9.034421
8,32,-210.000000,-90.000000,9.056414
9,32,-205.000000,-90.000000,9.078210
10,32,-200.000000,-90.000000,9.096294
11,32,-195.000000,-90.000000,9.114241
12,32,-190.000000,-90.000000,9.131622
13,32,-185.000000,-90.000000,9.149004
14,32,-180.000000,-90.000000,9.166385
15,32,-175.000000,-90.000000,9.182460
16,32,-170.000000,-90.000000,9.197153
17,32,-165.000000,-90.000000,9.211414
18,32,-160.000000,-90.000000,9.225421
19,32,-155.000000,-90.000000,9.239429
20,32,-150.000000,-90.000000,9.253436
21,32,-145.000000,-90.000000,9.267364
22,32,-140.000000,-90.000000,9.281284
23,32,-135.000000,-90.000000,9.295175
24,32,-130.000000,-90.000000,9.309067
25,32,-125.000000,-90.000000,9.322959
26,32,-120.000000,-90.000000,9.337163
27,32,-115.000000,-90.000000,9.351923
28,32,-110.000000,-90.000000,9.366876
29,32,-105.000000,-90.000000,9.382019
30,32,-100.000000,-90.000000,9.397161
31,32,-95.000000,-90.000000,9.412304
32,32,-90.000000,-90.000000,9.427303
33,32,-85.000000,-90.000000,9.442265
34,32,-80.000000,-90.000000,9.457133
35,32,-75.000000,-90.000000,9.471995
36,32,-70.000000,-90.000000,9.486858
37,32,-65.000000,-90.000000,9.501401
38,32,-60.000000,-90.000000,9.514880
39,32,-55.000000,-90.000000,9.528003
40,32,-50.000000,-90.000000,9.540533
41,32,-45.000000,-90.000000,9.553063
42,32,-40.000000,-90.000000,9.565593
43,32,-35.000000,-90.000000,9.577272
44,32,-30.000000,-90.000000,9.588524
45,32,-25.000000,-90.000000,9.598901
46,32,-20.000000,-90.000000,9.609075
47,32,-15.000000,-90.000000,9.619249
48,32,-10.000000,-90.000000,9.629403
49,32,-5.000000,-90.000000,9.639376
50,32,0.000000,-90.000000,9.649298
51,32,5.000000,-90.000000,9.659064
52,32,10.000000,-90.000000,9.668830
53,32,15.000000,-90.000000,9.678595
54,32,20.000000,-90.000000,9.688687
55,32,25.000000,-90.000000,9.699059
56,32,30.000000,-90.000000,9.709957
57,32,35.000000,-90.000000,9.721099
58,32,40.000000,-90.000000,9.732240
59,32,45.000000,-90.000000,9.743381
60,32,50.000000,-90.000000,9.754990
61,32,55.000000,-90.000000,9.766701
62,32,60.000000,-90.000000,9.779074
63,32,65.000000,-90.000000,9.791446
64,32,70.000000,-90.000000,9.803819
65,32,75.000000,-90.000000,9.816067
66,32,80.000000,-90.000000,9.828137
67,32,85.000000,-90.000000,9.839879
68,32,90.000000,-90.000000,9.851359
69,32,95.000000,-90.000000,9.862838
70,32,100.000000,-90.000000,9.874318
71,32,105.000000,-90.000000,9.884856
72,32,110.000000,-90.000000,9.895222
73,32,115.000000,-90.000000,9.902860
74,32,120.000000,-90.000000,9.910474
75,32,125.000000,-90.000000,9.918089
76,32,130.000000,-90.000000,9.925283
77,32,135.000000,-90.000000,9.931408
78,32,140.000000,-90.000000,9.935486
79,32,145.000000,-90.000000,9.936823
80,32,150.000000,-90.000000,9.938159
81,32,155.000000,-90.000000,9.939496
82,32,160.000000,-90.000000,9.939903
83,32,165.000000,-90.000000,9.939945
84,32,170.000000,-90.000000,9.935110
85,32,175.000000,-90.000000,9.929504
86,32,180.000000,-90.000000,9.923898
87,32,185.000000,-90.000000,9.918177
88,32,190.000000,-90.000000,9.911824
89,32,195.000000,-90.000000,9.904048
90,32,200.000000,-90.000000,9.892940
91,32,205.000000,-90.000000,9.881832
92,32,210.000000,-90.000000,9.870724
93,32,215.000000,-90.000000,9.859470
94,32,220.000000,-90.000000,9.848115
95,32,225.000000,-90.000000,9.834795
96,32,230.000000,-90.000000,9.820768
97,32,235.000000,-90.000000,9.806741
98,32,240.000000,-90.000000,9.792713
99,32,245.000000,-90.000000,9.778656
100,32,250.000000,-90.000000,9.764449
0,33,-250.000000,-85.000000,8.829313
1,33,-245.000000,-85.000000,8.853156
2,33,-240.000000,-85.000000,8.876999
3,33,-235.000000,-85.000000,8.900842
4,33,-230.000000,-85.000000,8.924015
5,33,-225.000000,-85.000000,8.946767
6,33,-220.000000,-85.000000,8.969426
7,33,-215.000000,-85.000000,8.992055
8,33,-210.000000,-85.000000,9.014684
9,33,-205.000000,-85.000000,9.037109
10,33,-200.000000,-85.000000,9.055673
11,33,-195.000000,-85.000000,9.074094
12,33,-190.000000,-85.000000,9.091927
13,33,-185.000000,-85.000000,9.109759
14,33,-180.000000,-85.000000,9.127592
15,33,-175.000000,-85.000000,9.144083
16,33,-170.000000,-85.000000,9.159158
17,33,-165.000000,-85.000000,9.173788
18,33,-160.000000,-85.000000,9.188158
19,33,-155.000000,-85.000000,9.202528
20,33,-150.000000,-85.000000,9.216898
21,33,-145.000000,-85.000000,9.231237
22,33,-140.000000,-85.000000,9.245572
23,33,-135.000000,-85.000000,9.259897
24,33,-130.000000,-85.000000,9.274222
25,33,-125.000000,-85.000000,9.288546
26,33,-120.000000,-85.000000,9.303212
27,33,-115.000000,-85.000000,9.318488
28,33,-110.000000,-85.000000,9.333974
29,33,-105.000000,-85.000000,9.349667
30,33,-100.000000,-85.000000,9.365360
31,33,-95.000000,-85.000000,9.381054
32,33,-90.000000,-85.000000,9.396617
33,33,-85.000000,-85.000000,9.412147
34,33,-80.000000,-85.000000,9.427592
35,33,-75.000000,-85.000000,9.443031
36,33,-70.000000,-85.000000,9.458470
37,33,-65.000000,-85.000000,9.473581
38,33,-60.000000,-85.000000,9.487591
39,33,-55.000000,-85.000000,9.501232
40,33,-50.000000,-85.000000,9.514262
41,33,-45.000000,-85.000000,9.527291
42,33,-40.000000,-85.000000,9.540321
43,33,-35.000000,-85.000000,9.552475
44,33,-30.000000,-85.000000,9.564192
45,33,-25.000000,-85.000000,9.575009
46,33,-20.000000,-85.000000,9.585617
47,33,-15.000000,-85.000000,9.596226
48,33,-10.000000,-85.000000,9.606816
49,33,-5.000000,-85.000000,9.617249
50,33,0.000000,-85.000000,9.627636
51,33,5.000000,-85.000000,9.637887
52,33,10.000000,-85.000000,9.648138
53,33,15.000000,-85.000000,9.658389
54,33,20.000000,-85.000000,9.669002
55,33,25.000000,-85.000000,9.679924
56,33,30.000000,-85.000000,9.691429
57,33,35.000000,-85.000000,9.703203
58,33,40.000000,-85.000000,9.714978
59,33,45.000000,-85.000000,9.726753
60,33,50.000000,-85.000000,9.739046
61,33,55.000000,-85.000000,9.751452
62,33,60.000000,-85.000000,9.764591
63,33,65.000000,-85.000000,9.777731
64,33,70.000000,-85.000000,9.790871
65,33,75.000000,-85.000000,9.803889
66,33,80.000000,-85.000000,9.816734
67,33,85.000000,-85.000000,9.829259
68,33,90.000000,-85.000000,9.841529
69,33,95.000000,-85.000000,9.853798
70,33,100.000000,-85.000000,9.866067
71,33,105.000000,-85.000000,9.877369
72,33,110.000000,-85.000000,9.888494
73,33,115.000000,-85.000000,9.896816
74,33,120.000000,-85.000000,9.905115
75,33,125.000000,-85.000000,9.913413
76,33,130.000000,-85.000000,9.921279
77,33,135.000000,-85.000000,9.928046
78,33,140.000000,-85.000000,9.932708
79,33,145.000000,-85.000000,9.934552
80,33,150.000000,-85.000000,9.936395
81,33,155.000000,-85.000000,9.938238
82,33,160.000000,-85.000000,9.939130
83,33,165.000000,-85.000000,9.939649
84,33,170.000000,-85.000000,9.935178
85,33,175.000000,-85.000000,9.929917
86,33,180.000000,-85.000000,9.924657
87,33,185.000000,-85.000000,9.919279
88,33,190.000000,-85.000000,9.913261
89,33,195.000000,-85.000000,9.905798
90,33,200.000000,-85.000000,9.894952
91,33,205.000000,-85.000000,9.884106
92,33,210.000000,-85.000000,9.873260
93,33,215.000000,-85.000000,9.862267
94,33,220.000000,-85.000000,9.851173
95,33,225.000000,-85.000000,9.838108
96,33,230.000000,-85.000000,9.824335
97,33,235.000000,-85.000000,9.810561
98,33,240.000000,-85.000000,9.796787
99,33,245.000000,-85.000000,9.782983
100,33,250.000000,-85.000000,9.769030
0,34,-250.000000,-80.000000,8.783859
1,34,-245.000000,-80.000000,8.808393
2,34,-240.000000,-80.000000,8.832928
3,34,-235.000000,-80.000000,8.857463
4,34,-230.000000,-80.000000,8.881285
5,34,-225.000000,-80.000000,8.904659
6,34,-220.000000,-80.000000,8.927934
7,34,-215.000000,-80.000000,8.951178
8,34,-210.000000,-80.000000,8.974421
9,34,-205.000000,-80.000000,8.997453
10,34,-200.000000,-80.000000,9.016489
11,34,-195.000000,-80.000000,9.035376
12,34,-190.000000,-80.000000,9.053654
13,34,-185.000000,-80.000000,9.071933
14,34,-180.000000,-80.000000,9.090211
15,34,-175.000000,-80.000000,9.107116
16,34,-170.000000,-80.000000,9.122570
17,34,-165.000000,-80.000000,9.137570
18,34,-160.000000,-80.000000,9.152303
19,34,-155.000000,-80.000000,9.167036
20,34,-150.000000,-80.000000,9.181770
21,34,-145.000000,-80.000000,9.196516
22,34,-140.000000,-80.000000,9.211263
23,34,-135.000000,-80.000000,9.226014
24,34,-130.000000,-80.000000,9.240766
25,34,-125.000000,-80.000000,9.255517
26,34,-120.000000,-80.000000,9.270636
27,34,-115.000000,-80.000000,9.286415
28,34,-110.000000,-80.000000,9.302421
29,34,-105.000000,-80.000000,9.318650
30,34,-100.000000,-80.000000,9.334880
31,34,-95.000000,-80.000000,9.351109
32,34,-90.000000,-80.000000,9.367222
33,34,-85.000000,-80.000000,9.383304
34,34,-80.000000,-80.000000,9.399310
35,34,-75.000000,-80.000000,9.415311
36,34,-70.000000,-80.000000,9.431312
37,34,-65.000000,-80.000000,9.446974
38,34,-60.000000,-80.000000,9.461503
39,34,-55.000000,-80.000000,9.475654
40,34,-50.000000,-80.000000,9.489174
41,34,-45.000000,-80.000000,9.502694
42,34,-40.000000,-80.000000,9.516214
43,34,-35.000000,-80.000000,9.528838
44,34,-30.000000,-80.000000,9.541012
45,34,-25.000000,-80.000000,9.552264
46,34,-20.000000,-80.000000,9.563302
47,34,-15.000000,-80.000000,9.574341
48,34,-10.000000,-80.000000,9.585363
49,34,-5.000000,-80.000000,9.596248
50,34,0.000000,-80.000000,9.607093
51,34,5.000000,-80.000000,9.617820
52,34,10.000000,-80.000000,9.628546
53,34,15.000000,-80.000000,9.639272
54,34,20.000000,-80.000000,9.650392
55,34,25.000000,-80.000000,9.661850
56,34,30.000000,-80.000000,9.673942
57,34,35.000000,-80.000000,9.686329
58,34,40.000000,-80.000000,9.698715
59,34,45.000000,-80.000000,9.711102
60,34,50.000000,-80.000000,9.724055
61,34,55.000000,-80.000000,9.737131
62,34,60.000000,-80.000000,9.751009
63,34,65.000000,-80.000000,9.764886
64,34,70.000000,-80.000000,9.778764
65,34,75.000000,-80.000000,9.792524
66,34,80.000000,-80.000000,9.806114
67,34,85.000000,-80.000000,9.819393
68,34,90.000000,-80.000000,9.832424
69,34,95.000000,-80.000000,9.845454
70,34,100.000000,-80.000000,9.858484
71,34,105.000000,-80.000000,9.870523
72,34,110.000000,-80.000000,9.882380
73,34,115.000000,-80.000000,9.891365
74,34,120.000000,-80.000000,9.900326
75,34,125.000000,-80.000000,9.909286
76,34,130.000000,-80.000000,9.917803
77,34,135.000000,-80.000000,9.925192
78,34,140.000000,-80.000000,9.930420
79,34,145.000000,-80.000000,9.932756
80,34,150.000000,-80.000000,9.935092
81,34,155.000000,-80.000000,9.937428
82,34,160.000000,-80.000000,9.938792
83,34,165.000000,-80.000000,9.939774
84,34,170.000000,-80.000000,9.935656
85,34,175.000000,-80.000000,9.930730
86,34,180.000000,-80.000000,9.925805
87,34,185.000000,-80.000000,9.920761
88,34,190.000000,-80.000000,9.915068
89,34,195.000000,-80.000000,9.907907
90,34,200.000000,-80.000000,9.897313
91,34,205.000000,-80.000000,9.886719
92,34,210.000000,-80.000000,9.876126
93,34,215.000000,-80.000000,9.865385
94,34,220.000000,-80.000000,9.854543
95,34,225.000000,-80.000000,9.841723
96,34,230.000000,-80.000000,9.828193
97,34,235.000000,-80.000000,9.814662
98,34,240.000000,-80.000000,9.801130
99,34,245.000000,-80.000000,9.787569
100,34,250.000000,-80.000000,9.773861
0,35,-250.000000,-75.000000,8.738405
1,35,-245.000000,-75.000000,8.763631
2,35,-240.000000,-75.000000,8.788857
3,35,-235.000000,-75.000000,8.814083
4,35,-230.000000,-75.000000,8.838554
5,35,-225.000000,-75.000000,8.862551
6,35,-220.000000,-75.000000,8.886443
7,35,-215.000000,-75.000000,8.910300
8,35,-210.000000,-75.000000,8.934158
9,35,-205.000000,-75.000000,8.957798
10,35,-200.000000,-75.000000,8.977305
11,35,-195.000000,-75.000000,8.996658
12,35,-190.000000,-75.000000,9.015382
13,35,-185.000000,-75.000000,9.034106
14,35,-180.000000,-75.000000,9.052830
15,35,-175.000000,-75.000000,9.070149
16,35,-170.000000,-75.000000,9.085983
17,35,-165.000000,-75.000000,9.101352
18,35,-160.000000,-75.000000,9.116448
19,35,-155.000000,-75.000000,9.131545
20,35,-150.000000,-75.000000,9.146642
21,35,-145.000000,-75.000000,9.161794
22,35,-140.000000,-75.000000,9.176953
23,35,-135.000000,-75.000000,9.192132
24,35,-130.000000,-75.000000,9.207310
25,35,-125.000000,-75.000000,9.222488
26,35,-120.000000,-75.000000,9.238061
27,35,-115.000000,-75.000000,9.254343
28,35,-110.000000,-75.000000,9.270868
29,35,-105.000000,-75.000000,9.287633
30,35,-100.000000,-75.000000,9.304399
31,35,-95.000000,-75.000000,9.321165
32,35,-90.000000,-75.000000,9.337826
33,35,-85.000000,-75.000000,9.354461
34,35,-80.000000,-75.000000,9.371028
35,35,-75.000000,-75.000000,9.387590
36,35,-70.000000,-75.000000,9.404153
37,35,-65.000000,-75.000000,9.420367
38,35,-60.000000,-75.000000,9.435416
39,35,-55.000000,-75.000000,9.450075
40,35,-50.000000,-75.000000,9.464086
41,35,-45.000000,-75.000000,9.478097
42,35,-40.000000,-75.000000,9.492108
43,35,-35.000000,-75.000000,9.505200
44,35,-30.000000,-75.000000,9.517832
45,35,-25.000000,-75.000000,9.529520
46,35,-20.000000,-75.000000,9.540988
47,35,-15.000000,-75.000000,9.552455
48,35,-10.000000,-75.000000,9.563910
49,35,-5.000000,-75.000000,9.575247
50,35,0.000000,-75.000000,9.586550
51,35,5.000000,-75.000000,9.597752
52,35,10.000000,-75.000000,9.608953
53,35,15.000000,-75.000000,9.620154
54,35,20.000000,-75.000000,9.631782
55,35,25.000000,-75.000000,9.643775
56,35,30.000000,-75.000000,9.656456
57,35,35.000000,-75.000000,9.669454
58,35,40.000000,-75.000000,9.682453
59,35,45.000000,-75.000000,9.695451
60,35,50.000000,-75.000000,9.709064
61,35,55.000000,-75.000000,9.722810
62,35,60.000000,-75.000000,9.737426
63,35,65.000000,-75.000000,9.752041
64,35,70.000000,-75.000000,9.766657
65,35,75.000000,-75.000000,9.781158
66,35,80.000000,-75.000000,9.795494
67,35,85.000000,-75.000000,9.809528
68,35,90.000000,-75.000000,9.823319
69,35,95.000000,-75.000000,9.837110
70,35,100.000000,-75.000000,9.850902
71,35,105.000000,-75.000000,9.863677
72,35,110.000000,-75.000000,9.876267
73,35,115.000000,-75.000000,9.885914
74,35,120.000000,-75.000000,9.895537
75,35,125.000000,-75.000000,9.905159
76,35,130.000000,-75.000000,9.914327
77,35,135.000000,-75.000000,9.922337
78,35,140.000000,-75.000000,9.928133
79,35,145.000000,-75.000000,9.930961
80,35,150.000000,-75.000000,9.933790
81,35,155.000000,-75.000000,9.936618
82,35,160.000000,-75.000000,9.938453
83,35,165.000000,-75.000000,9.939899
84,35,170.000000,-75.000000,9.936133
85,35,175.000000,-75.000000,9.931543
86,35,180.000000,-75.000000,9.926953
87,35,185.000000,-75.000000,9.922243
88,35,190.000000,-75.000000,9.916874
89,35,195.000000,-75.000000,9.910015
90,35,200.000000,-75.000000,9.899674
91,35,205.000000,-75.000000,9.889333
92,35,210.000000,-75.000000,9.878992
93,35,215.000000,-75.000000,9.868503
94,35,220.000000,-75.000000,9.857912
95,35,225.000000,-75.000000,9.845338
96,35,230.000000,-75.000000,9.832050
97,35,235.000000,-75.000000,9.818763
98,35,240.000000,-75.000000,9.805474
99,35,245.000000,-75.000000,9.792156
100,35,250.000000,-75.000000,9.778691
0,36,-250.000000,-70.000000,8.693108
1,36,-245.000000,-70.000000,8.719023
2,36,-240.000000,-70.000000,8.744937
3,36,-235.000000,-70.000000,8.770851
4,36,-230.000000,-70.000000,8.795968
5,36,-225.000000,-70.000000,8.820585
6,36,-220.000000,-70.000000,8.845090
7,36,-215.000000,-70.000000,8.869559
8,36,-210.000000,-70.000000,8.894029
9,36,-205.000000,-70.000000,8.918274
10,36,-200.000000,-70.000000,8.938251
11,36,-195.000000,-70.000000,8.958070
12,36,-190.000000,-70.000000,8.977239
13,36,-185.000000,-70.000000,8.996408
14,36,-180.000000,-70.000000,9.015577
15,36,-175.000000,-70.000000,9.033309
16,36,-170.000000,-70.000000,9.049524
17,36,-165.000000,-70.000000,9.065262
18,36,-160.000000,-70.000000,9.080722
19,36,-155.000000,-70.000000,9.096182
20,36,-150.000000,-70.000000,9.111642
21,36,-145.000000,-70.000000,9.127202
22,36,-140.000000,-70.000000,9.142772
23,36,-135.000000,-70.000000,9.158376
24,36,-130.000000,-70.000000,9.173981
25,36,-125.000000,-70.000000,9.189585
26,36,-120.000000,-70.000000,9.205612
27,36,-115.000000,-70.000000,9.222395
28,36,-110.000000,-70.000000,9.239438
29,36,-105.000000,-70.000000,9.256739
30,36,-100.000000,-70.000000,9.274039
31,36,-95.000000,-70.000000,9.291339
32,36,-90.000000,-70.000000,9.308549
33,36,-85.000000,-70.000000,9.325734
34,36,-80.000000,-70.000000,9.342861
35,36,-75.000000,-70.000000,9.359983
36,36,-70.000000,-70.000000,9.377106
37,36,-65.000000,-70.000000,9.393871
38,36,-60.000000,-70.000000,9.409438
39,36,-55.000000,-70.000000,9.424605
40,36,-50.000000,-70.000000,9.439106
41,36,-45.000000,-70.000000,9.453607
42,36,-40.000000,-70.000000,9.468109
43,36,-35.000000,-70.000000,9.481669
44,36,-30.000000,-70.000000,9.494758
45,36,-25.000000,-70.000000,9.506880
46,36,-20.000000,-70.000000,9.518778
47,36,-15.000000,-70.000000,9.530675
48,36,-10.000000,-70.000000,9.542562
49,36,-5.000000,-70.000000,9.554350
50,36,0.000000,-70.000000,9.566111
51,36,5.000000,-70.000000,9.577786
52,36,10.000000,-70.000000,9.589462
53,36,15.000000,-70.000000,9.601137
54,36,20.000000,-70.000000,9.613271
55,36,25.000000,-70.000000,9.625798
56,36,30.000000,-70.000000,9.639064
57,36,35.000000,-70.000000,9.652672
58,36,40.000000,-70.000000,9.666280
59,36,45.000000,-70.000000,9.679888
60,36,50.000000,-70.000000,9.694158
61,36,55.000000,-70.000000,9.708572
62,36,60.000000,-70.000000,9.723922
63,36,65.000000,-70.000000,9.739271
64,36,70.000000,-70.000000,9.754621
65,36,75.000000,-70.000000,9.769860
66,36,80.000000,-70.000000,9.784938
67,36,85.000000,-70.000000,9.799722
68,36,90.000000,-70.000000,9.814271
69,36,95.000000,-70.000000,9.828820
70,36,100.000000,-70.000000,9.843368
71,36,105.000000,-70.000000,9.856877
72,36,110.000000,-70.000000,9.870196
73,36,115.000000,-70.000000,9.880503
74,36,120.000000,-70.000000,9.890785
75,36,125.000000,-70.000000,9.901066
76,36,130.000000,-70.000000,9.910882
77,36,135.000000,-70.000000,9.919511
78,36,140.000000,-70.000000,9.925871
79,36,145.000000,-70.000000,9.929191
80,36,150.000000,-70.000000,9.932510
81,36,155.000000,-70.000000,9.935829
82,36,160.000000,-70.000000,9.938135
83,36,165.000000,-70.000000,9.940042
84,36,170.000000,-70.000000,9.936628
85,36,175.000000,-70.000000,9.932373
86,36,180.000000,-70.000000,9.928118
87,36,185.000000,-70.000000,9.923741
88,36,190.000000,-70.000000,9.918695
89,36,195.000000,-70.000000,9.912138
90,36,200.000000,-70.000000,9.902049
91,36,205.000000,-70.000000,9.891961
92,36,210.000000,-70.000000,9.881872
93,36,215.000000,-70.000000,9.871635
94,36,220.000000,-70.000000,9.861296
95,36,225.000000,-70.000000,9.848966
96,36,230.000000,-70.000000,9.835922
97,36,235.000000,-70.000000,9.822877
98,36,240.000000,-70.000000,9.809831
99,36,245.000000,-70.000000,9.796757
100,36,250.000000,-70.000000,9.783536
0,37,-250.000000,-65.000000,8.657227
1,37,-245.000000,-65.000000,8.683603
2,37,-240.000000,-65.000000,8.709979
3,37,-235.000000,-65.000000,8.736355
4,37,-230.000000,-65.000000,8.761938
5,37,-225.000000,-65.000000,8.787023
6,37,-220.000000,-65.000000,8.811997
7,37,-215.000000,-65.000000,8.836936
8,37,-210.000000,-65.000000,8.861875
9,37,-205.000000,-65.000000,8.886586
10,37,-200.000000,-65.000000,8.906984
11,37,-195.000000,-65.000000,8.927223
12,37,-190.000000,-65.000000,8.946804
13,37,-185.000000,-65.000000,8.966384
14,37,-180.000000,-65.000000,8.985965
15,37,-175.000000,-65.000000,9.004095
16,37,-170.000000,-65.000000,9.020692
17,37,-165.000000,-65.000000,9.036807
18,37,-160.000000,-65.000000,9.052641
19,37,-155.000000,-65.000000,9.068475
20,37,-150.000000,-65.000000,9.084309
21,37,-145.000000,-65.000000,9.100259
22,37,-140.000000,-65.000000,9.116220
23,37,-135.000000,-65.000000,9.132222
24,37,-130.000000,-65.000000,9.148223
25,37,-125.000000,-65.000000,9.164224
26,37,-120.000000,-65.000000,9.180661
27,37,-115.000000,-65.000000,9.197877
28,37,-110.000000,-65.000000,9.215362
29,37,-105.000000,-65.000000,9.233111
30,37,-100.000000,-65.000000,9.250861
31,37,-95.000000,-65.000000,9.268610
32,37,-90.000000,-65.000000,9.286281
33,37,-85.000000,-65.000000,9.303932
34,37,-80.000000,-65.000000,9.321531
35,37,-75.000000,-65.000000,9.339127
36,37,-70.000000,-65.000000,9.356723
37,37,-65.000000,-65.000000,9.373957
38,37,-60.000000,-65.000000,9.389984
39,37,-55.000000,-65.000000,9.405606
40,37,-50.000000,-65.000000,9.420556
41,37,-45.000000,-65.000000,9.435507
42,37,-40.000000,-65.000000,9.450457
43,37,-35.000000,-65.000000,9.464454
44,37,-30.000000,-65.000000,9.477973
45,37,-25.000000,-65.000000,9.490512
46,37,-20.000000,-65.000000,9.502824
47,37,-15.000000,-65.000000,9.515135
48,37,-10.000000,-65.000000,9.527435
49,37,-5.000000,-65.000000,9.539638
50,37,0.000000,-65.000000,9.551814
51,37,5.000000,-65.000000,9.563905
52,37,10.000000,-65.000000,9.575996
53,37,15.000000,-65.000000,9.588087
54,37,20.000000,-65.000000,9.600648
55,37,25.000000,-65.000000,9.613612
56,37,30.000000,-65.000000,9.627333
57,37,35.000000,-65.000000,9.641405
58,37,40.000000,-65.000000,9.655477
59,37,45.000000,-65.000000,9.669549
60,37,50.000000,-65.000000,9.684304
61,37,55.000000,-65.000000,9.699209
62,37,60.000000,-65.000000,9.715082
63,37,65.000000,-65.000000,9.730954
64,37,70.000000,-65.000000,9.746826
65,37,75.000000,-65.000000,9.762590
66,37,80.000000,-65.000000,9.778196
67,37,85.000000,-65.000000,9.793515
68,37,90.000000,-65.000000,9.808603
69,37,95.000000,-65.000000,9.823691
70,37,100.000000,-65.000000,9.838779
71,37,105.000000,-65.000000,9.852815
72,37,110.000000,-65.000000,9.866659
73,37,115.000000,-65.000000,9.877456
74,37,120.000000,-65.000000,9.888227
75,37,125.000000,-65.000000,9.898998
76,37,130.000000,-65.000000,9.909296
77,37,135.000000,-65.000000,9.918391
78,37,140.000000,-65.000000,9.925184
79,37,145.000000,-65.000000,9.928894
80,37,150.000000,-65.000000,9.932603
81,37,155.000000,-65.000000,9.936313
82,37,160.000000,-65.000000,9.938995
83,37,165.000000,-65.000000,9.941275
84,37,170.000000,-65.000000,9.938165
85,37,175.000000,-65.000000,9.934203
86,37,180.000000,-65.000000,9.930242
87,37,185.000000,-65.000000,9.926157
88,37,190.000000,-65.000000,9.921398
89,37,195.000000,-65.000000,9.915115
90,37,200.000000,-65.000000,9.905271
91,37,205.000000,-65.000000,9.895426
92,37,210.000000,-65.000000,9.885581
93,37,215.000000,-65.000000,9.875588
94,37,220.000000,-65.000000,9.865492
95,37,225.000000,-65.000000,9.853405
96,37,230.000000,-65.000000,9.840601
97,37,235.000000,-65.000000,9.827797
98,37,240.000000,-65.000000,9.814993
99,37,245.000000,-65.000000,9.802159
100,37,250.000000,-65.000000,9.789180
0,38,-250.000000,-60.000000,8.622908
1,38,-245.000000,-60.000000,8.649708
2,38,-240.000000,-60.000000,8.676508
3,38,-235.000000,-60.000000,8.703308
4,38,-230.000000,-60.000000,8.729327
5,38,-225.000000,-60.000000,8.754856
6,38,-220.000000,-60.000000,8.780275
7,38,-215.000000,-60.000000,8.805659
8,38,-210.000000,-60.000000,8.831044
9,38,-205.000000,-60.000000,8.856199
10,38,-200.000000,-60.000000,8.877010
11,38,-195.000000,-60.000000,8.897660
12,38,-190.000000,-60.000000,8.917647
13,38,-185.000000,-60.000000,8.937635
14,38,-180.000000,-60.000000,8.957622
15,38,-175.000000,-60.000000,8.976147
16,38,-170.000000,-60.000000,8.993125
17,38,-165.000000,-60.000000,9.009618
18,38,-160.000000,-60.000000,9.025829
19,38,-155.000000,-60.000000,9.042039
20,38,-150.000000,-60.000000,9.058249
21,38,-145.000000,-60.000000,9.074585
22,38,-140.000000,-60.000000,9.090935
23,38,-135.000000,-60.000000,9.107328
24,38,-130.000000,-60.000000,9.123721
25,38,-125.000000,-60.000000,9.140114
26,38,-120.000000,-60.000000,9.156954
27,38,-115.000000,-60.000000,9.174592
28,38,-110.000000,-60.000000,9.192505
29,38,-105.000000,-60.000000,9.210690
30,38,-100.000000,-60.000000,9.228875
31,38,-95.000000,-60.000000,9.247059
32,38,-90.000000,-60.000000,9.265177
33,38,-85.000000,-60.000000,9.283278
34,38,-80.000000,-60.000000,9.301336
35,38,-75.000000,-60.000000,9.319390
36,38,-70.000000,-60.000000,9.337445
37,38,-65.000000,-60.000000,9.355136
38,38,-60.000000,-60.000000,9.371612
39,38,-55.000000,-60.000000,9.387681
40,38,-50.000000,-60.000000,9.403074
41,38,-45.000000,-60.000000,9.418466
42,38,-40.000000,-60.000000,9.433859
43,38,-35.000000,-60.000000,9.448287
44,38,-30.000000,-60.000000,9.462232
45,38,-25.000000,-60.000000,9.475185
46,38,-20.000000,-60.000000,9.487908
47,38,-15.000000,-60.000000,9.500630
48,38,-10.000000,-60.000000,9.513342
49,38,-5.000000,-60.000000,9.525953
50,38,0.000000,-60.000000,9.538537
51,38,5.000000,-60.000000,9.551033
52,38,10.000000,-60.000000,9.563530
53,38,15.000000,-60.000000,9.576027
54,38,20.000000,-60.000000,9.589001
55,38,25.000000,-60.000000,9.602386
56,38,30.000000,-60.000000,9.616541
57,38,35.000000,-60.000000,9.631053
58,38,40.000000,-60.000000,9.645565
59,38,45.000000,-60.000000,9.660076
60,38,50.000000,-60.000000,9.675290
61,38,55.000000,-60.000000,9.690656
62,38,60.000000,-60.000000,9.707016
63,38,65.000000,-60.000000,9.723375
64,38,70.000000,-60.000000,9.739735
65,38,75.000000,-60.000000,9.755988
66,38,80.000000,-60.000000,9.772087
67,38,85.000000,-60.000000,9.787904
68,38,90.000000,-60.000000,9.803495
69,38,95.000000,-60.000000,9.819087
70,38,100.000000,-60.000000,9.834678
71,38,105.000000,-60.000000,9.849207
72,38,110.000000,-60.000000,9.863542
73,38,115.000000,-60.000000,9.874801
74,38,120.000000,-60.000000,9.886033
75,38,125.000000,-60.000000,9.897265
76,38,130.000000,-60.000000,9.908018
77,38,135.000000,-60.000000,9.917554
78,38,140.000000,-60.000000,9.924759
79,38,145.000000,-60.000000,9.928842
80,38,150.000000,-60.000000,9.932925
81,38,155.000000,-60.000000,9.937008
82,38,160.000000,-60.000000,9.940052
83,38,165.000000,-60.000000,9.942688
84,38,170.000000,-60.000000,9.939875
85,38,175.000000,-60.000000,9.936200
86,38,180.000000,-60.000000,9.932525
87,38,185.000000,-60.000000,9.928726
88,38,190.000000,-60.000000,9.924247
89,38,195.000000,-60.000000,9.918234
90,38,200.000000,-60.000000,9.908632
91,38,205.000000,-60.000000,9.899030
92,38,210.000000,-60.000000,9.889427
93,38,215.000000,-60.000000,9.879677
94,38,220.000000,-60.000000,9.869824
95,38,225.000000,-60.000000,9.857978
96,38,230.000000,-60.000000,9.845415
97,38,235.000000,-60.000000,9.832852
98,38,240.000000,-60.000000,9.820288
99,38,245.000000,-60.000000,9.807695
100,38,250.000000,-60.000000,9.794956
0,39,-250.000000,-55.000000,8.591936
1,39,-245.000000,-55.000000,8.619080
2,39,-240.000000,-55.000000,8.646224
3,39,-235.000000,-55.000000,8.673368
4,39,-230.000000,-55.000000,8.699759
5,39,-225.000000,-55.000000,8.725677
6,39,-220.000000,-55.000000,8.751489
7,39,-215.000000,-55.000000,8.777269
8,39,-210.000000,-55.000000,8.803048
9,39,-205.000000,-55.000000,8.828598
10,39,-200.000000,-55.000000,8.849803
11,39,-195.000000,-55.000000,8.870848
12,39,-190.000000,-55.000000,8.891230
13,39,-185.000000,-55.000000,8.911613
14,39,-180.000000,-55.000000,8.931995
15,39,-175.000000,-55.000000,8.950909
16,39,-170.000000,-55.000000,8.968270
17,39,-165.000000,-55.000000,8.985144
18,39,-160.000000,-55.000000,9.001734
19,39,-155.000000,-55.000000,9.018324
20,39,-150.000000,-55.000000,9.034913
21,39,-145.000000,-55.000000,9.051630
22,39,-140.000000,-55.000000,9.068361
23,39,-135.000000,-55.000000,9.085136
24,39,-130.000000,-55.000000,9.101911
25,39,-125.000000,-55.000000,9.118686
26,39,-120.000000,-55.000000,9.135912
27,39,-115.000000,-55.000000,9.153948
28,39,-110.000000,-55.000000,9.172262
29,39,-105.000000,-55.000000,9.190852
30,39,-100.000000,-55.000000,9.209441
31,39,-95.000000,-55.000000,9.228031
32,39,-90.000000,-55.000000,9.246566
33,39,-85.000000,-55.000000,9.265086
34,39,-80.000000,-55.000000,9.283571
35,39,-75.000000,-55.000000,9.302053
36,39,-70.000000,-55.000000,9.320536
37,39,-65.000000,-55.000000,9.338655
38,39,-60.000000,-55.000000,9.355558
39,39,-55.000000,-55.000000,9.372055
40,39,-50.000000,-55.000000,9.387876
41,39,-45.000000,-55.000000,9.403697
42,39,-40.000000,-55.000000,9.419518
43,39,-35.000000,-55.000000,9.434366
44,39,-30.000000,-55.000000,9.448726
45,39,-25.000000,-55.000000,9.462087
46,39,-20.000000,-55.000000,9.475216
47,39,-15.000000,-55.000000,9.488344
48,39,-10.000000,-55.000000,9.501460
49,39,-5.000000,-55.000000,9.514467
50,39,0.000000,-55.000000,9.527443
51,39,5.000000,-55.000000,9.540325
52,39,10.000000,-55.000000,9.553206
53,39,15.000000,-55.000000,9.566088
54,39,20.000000,-55.000000,9.579448
55,39,25.000000,-55.000000,9.593219
56,39,30.000000,-55.000000,9.607761
57,39,35.000000,-55.000000,9.622661
58,39,40.000000,-55.000000,9.637561
59,39,45.000000,-55.000000,9.652461
60,39,50.000000,-55.000000,9.668071
61,39,55.000000,-55.000000,9.683837
62,39,60.000000,-55.000000,9.700608
63,39,65.000000,-55.000000,9.717380
64,39,70.000000,-55.000000,9.734151
65,39,75.000000,-55.000000,9.750817
66,39,80.000000,-55.000000,9.767333
67,39,85.000000,-55.000000,9.783572
68,39,90.000000,-55.000000,9.799590
69,39,95.000000,-55.000000,9.815607
70,39,100.000000,-55.000000,9.831624
71,39,105.000000,-55.000000,9.846573
72,39,110.000000,-55.000000,9.861327
73,39,115.000000,-55.000000,9.872986
74,39,120.000000,-55.000000,9.884619
75,39,125.000000,-55.000000,9.896252
76,39,130.000000,-55.000000,9.907401
77,39,135.000000,-55.000000,9.917323
78,39,140.000000,-55.000000,9.924893
79,39,145.000000,-55.000000,9.929313
80,39,150.000000,-55.000000,9.933734
81,39,155.000000,-55.000000,9.938154
82,39,160.000000,-55.000000,9.941528
83,39,165.000000,-55.000000,9.944489
84,39,170.000000,-55.000000,9.941955
85,39,175.000000,-55.000000,9.938552
86,39,180.000000,-55.000000,9.935149
87,39,185.000000,-55.000000,9.931622
88,39,190.000000,-55.000000,9.927410
89,39,195.000000,-55.000000,9.921657
90,39,200.000000,-55.000000,9.912294
91,39,205.000000,-55.000000,9.902931
92,39,210.000000,-55.000000,9.893569
93,39,215.000000,-55.000000,9.884058
94,39,220.000000,-55.000000,9.874444
95,39,225.000000,-55.000000,9.862838
96,39,230.000000,-55.000000,9.850516
97,39,235.000000,-55.000000,9.838193
98,39,240.000000,-55.000000,9.825869
99,39,245.000000,-55.000000,9.813516
100,39,250.000000,-55.000000,9.801017
0,40,-250.000000,-50.000000,8.560964
1,40,-245.000000,-50.000000,8.588452
2,40,-240.000000,-50.000000,8.615939
3,40,-235.000000,-50.000000,8.643427
4,40,-230.000000,-50.000000,8.670190
5,40,-225.000000,-50.000000,8.696498
6,40,-220.000000,-50.000000,8.722704
7,40,-215.000000,-50.000000,8.748878
8,40,-210.000000,-50.000000,8.775052
9,40,-205.000000,-50.000000,8.800997
10,40,-200.000000,-50.000000,8.822597
11,40,-195.000000,-50.000000,8.844037
12,40,-190.000000,-50.000000,8.864814
13,40,-185.000000,-50.000000,8.885591
14,40,-180.000000,-50.000000,8.906368
15,40,-175.000000,-50.000000,8.925671
16,40,-170.000000,-50.000000,8.943415
17,40,-165.000000,-50.000000,8.960670
18,40,-160.000000,-50.000000,8.977639
19,40,-155.000000,-50.000000,8.994609
20,40,-150.000000,-50.000000,9.011578
21,40,-145.000000,-50.000000,9.028676
22,40,-140.000000,-50.000000,9.045788
23,40,-135.000000,-50.000000,9.062944
24,40,-130.000000,-50.000000,9.080100
25,40,-125.000000,-50.000000,9.097257
26,40,-120.000000,-50.000000,9.114870
27,40,-115.000000,-50.000000,9.133304
28,40,-110.000000,-50.000000,9.152020
29,40,-105.000000,-50.000000,9.171014
30,40,-100.000000,-50.000000,9.190008
31,40,-95.000000,-50.000000,9.209003
32,40,-90.000000,-50.000000,9.227954
33,40,-85.000000,-50.000000,9.246894
34,40,-80.000000,-50.000000,9.265806
35,40,-75.000000,-50.000000,9.284717
36,40,-70.000000,-50.000000,9.303627
37,40,-65.000000,-50.000000,9.322174
38,40,-60.000000,-50.000000,9.339505
39,40,-55.000000,-50.000000,9.356430
40,40,-50.000000,-50.000000,9.372679
41,40,-45.000000,-50.000000,9.388928
42,40,-40.000000,-50.000000,9.405177
43,40,-35.000000,-50.000000,9.420445
44,40,-30.000000,-50.000000,9.435221
45,40,-25.000000,-50.000000,9.448989
46,40,-20.000000,-50.000000,9.462523
47,40,-15.000000,-50.000000,9.476057
48,40,-10.000000,-50.000000,9.489578
49,40,-5.000000,-50.000000,9.502981
50,40,0.000000,-50.000000,9.516349
51,40,5.000000,-50.000000,9.529616
52,40,10.000000,-50.000000,9.542882
53,40,15.000000,-50.000000,9.556149
54,40,20.000000,-50.000000,9.569894
55,40,25.000000,-50.000000,9.584052
56,40,30.000000,-50.000000,9.598982
57,40,35.000000,-50.000000,9.614270
58,40,40.000000,-50.000000,9.629557
59,40,45.000000,-50.000000,9.644845
60,40,50.000000,-50.000000,9.660853
61,40,55.000000,-50.000000,9.677018
62,40,60.000000,-50.000000,9.694201
63,40,65.000000,-50.000000,9.711384
64,40,70.000000,-50.000000,9.728567
65,40,75.000000,-50.000000,9.745647
66,40,80.000000,-50.000000,9.762580
67,40,85.000000,-50.000000,9.779240
68,40,90.000000,-50.000000,9.795684
69,40,95.000000,-50.000000,9.812127
70,40,100.000000,-50.000000,9.828570
71,40,105.000000,-50.000000,9.843939
72,40,110.000000,-50.000000,9.859111
73,40,115.000000,-50.000000,9.871172
74,40,120.000000,-50.000000,9.883205
75,40,125.000000,-50.000000,9.895238
76,40,130.000000,-50.000000,9.906785
77,40,135.000000,-50.000000,9.917092
78,40,140.000000,-50.000000,9.925027
79,40,145.000000,-50.000000,9.929785
80,40,150.000000,-50.000000,9.934543
81,40,155.000000,-50.000000,9.939301
82,40,160.000000,-50.000000,9.943003
83,40,165.000000,-50.000000,9.946290
84,40,170.000000,-50.000000,9.944036
85,40,175.000000,-50.000000,9.940905
86,40,180.000000,-50.000000,9.937773
87,40,185.000000,-50.000000,9.934517
88,40,190.000000,-50.000000,9.930574
89,40,195.000000,-50.000000,9.925079
90,40,200.000000,-50.000000,9.915956
91,40,205.000000,-50.000000,9.906833
92,40,210.000000,-50.000000,9.897710
93,40,215.000000,-50.000000,9.888439
94,40,220.000000,-50.000000,9.879065
95,40,225.000000,-50.000000,9.867699
96,40,230.000000,-50.000000,9.855617
97,40,235.000000,-50.000000,9.843534
98,40,240.000000,-50.000000,9.831450
99,40,245.000000,-50.000000,9.819338
100,40,250.000000,-50.000000,9.807077
0,41,-250.000000,-45.000000,8.529992
1,41,-245.000000,-45.000000,8.557824
2,41,-240.000000,-45.000000,8.585655
3,41,-235.000000,-45.000000,8.613487
4,41,-230.000000,-45.000000,8.640621
5,41,-225.000000,-45.000000,8.667319
6,41,-220.000000,-45.000000,8.693918
7,41,-215.000000,-45.000000,8.720487
8,41,-210.000000,-45.000000,8.747056
9,41,-205.000000,-45.000000,8.773395
10,41,-200.000000,-45.000000,8.795391
11,41,-195.000000,-45.000000,8.817225
12,41,-190.000000,-45.000000,8.838397
13,41,-185.000000,-45.000000,8.859569
14,41,-180.000000,-45.000000,8.880741
15,41,-175.000000,-45.000000,8.900433
16,41,-170.000000,-45.000000,8.918560
17,41,-165.000000,-45.000000,8.936195
18,41,-160.000000,-45.000000,8.953544
19,41,-155.000000,-45.000000,8.970894
20,41,-150.000000,-45.000000,8.988243
21,41,-145.000000,-45.000000,9.005721
22,41,-140.000000,-45.000000,9.023215
23,41,-135.000000,-45.000000,9.040752
24,41,-130.000000,-45.000000,9.058290
25,41,-125.000000,-45.000000,9.075828
26,41,-120.000000,-45.000000,9.093829
27,41,-115.000000,-45.000000,9.112660
28,41,-110.000000,-45.000000,9.131777
29,41,-105.000000,-45.000000,9.151176
30,41,-100.000000,-45.000000,9.170575
31,41,-95.000000,-45.000000,9.189974
32,41,-90.000000,-45.000000,9.209342
33,41,-85.000000,-45.000000,9.228702
34,41,-80.000000,-45.000000,9.248042
35,41,-75.000000,-45.000000,9.267380
36,41,-70.000000,-45.000000,9.286718
37,41,-65.000000,-45.000000,9.305693
38,41,-60.000000,-45.000000,9.323452
39,41,-55.000000,-45.000000,9.340805
40,41,-50.000000,-45.000000,9.357482
41,41,-45.000000,-45.000000,9.374158
42,41,-40.000000,-45.000000,9.390835
43,41,-35.000000,-45.000000,9.406523
44,41,-30.000000,-45.000000,9.421715
45,41,-25.000000,-45.000000,9.435891
46,41,-20.000000,-45.000000,9.449831
47,41,-15.000000,-45.000000,9.463771
48,41,-10.000000,-45.000000,9.477696
49,41,-5.000000,-45.000000,9.491494
50,41,0.000000,-45.000000,9.505256
51,41,5.000000,-45.000000,9.518907
52,41,10.000000,-45.000000,9.532558
53,41,15.000000,-45.000000,9.546210
54,41,20.000000,-45.000000,9.560341
55,41,25.000000,-45.000000,9.574885
56,41,30.000000,-45.000000,9.590202
57,41,35.000000,-45.000000,9.605878
58,41,40.000000,-45.000000,9.621554
59,41,45.000000,-45.000000,9.637230
60,41,50.000000,-45.000000,9.653634
61,41,55.000000,-45.000000,9.670198
62,41,60.000000,-45.000000,9.687793
63,41,65.000000,-45.000000,9.705388
64,41,70.000000,-45.000000,9.722983
65,41,75.000000,-45.000000,9.740477
66,41,80.000000,-45.000000,9.757826
67,41,85.000000,-45.000000,9.774908
68,41,90.000000,-45.000000,9.791778
69,41,95.000000,-45.000000,9.808647
70,41,100.000000,-45.000000,9.825516
71,41,105.000000,-45.000000,9.841304
72,41,110.000000,-45.000000,9.856896
73,41,115.000000,-45.000000,9.869357
74,41,120.000000,-45.000000,9.881791
75,41,125.000000,-45.000000,9.894225
76,41,130.000000,-45.000000,9.906168
77,41,135.000000,-45.000000,9.916861
78,41,140.000000,-45.000000,9.925161
79,41,145.000000,-45.000000,9.930257
80,41,150.000000,-45.000000,9.935352
81,41,155.000000,-45.000000,9.940448
82,41,160.000000,-45.000000,9.944479
83,41,165.000000,-45.000000,9.948092
84,41,170.000000,-45.000000,9.946116
85,41,175.000000,-45.000000,9.943257
86,41,180.000000,-45.000000,9.940398
87,41,185.000000,-45.000000,9.937413
88,41,190.000000,-45.000000,9.933737
89,41,195.000000,-45.000000,9.928501
90,41,200.000000,-45.000000,9.919618
91,41,205.000000,-45.000000,9.910735
92,41,210.000000,-45.000000,9.901851
93,41,215.000000,-45.000000,9.892820
94,41,220.000000,-45.000000,9.883686
95,41,225.000000,-45.000000,9.872560
96,41,230.000000,-45.000000,9.860717
97,41,235.000000,-45.000000,9.848875
98,41,240.000000,-45.000000,9.837032
99,41,245.000000,-45.000000,9.825159
100,41,250.000000,-45.000000,9.813138
0,42,-250.000000,-40.000000,8.504803
1,42,-245.000000,-40.000000,8.532887
2,42,-240.000000,-40.000000,8.560971
3,42,-235.000000,-40.000000,8.589056
4,42,-230.000000,-40.000000,8.616502
5,42,-225.000000,-40.000000,8.643547
6,42,-220.000000,-40.000000,8.670502
7,42,-215.000000,-40.000000,8.697429
8,42,-210.000000,-40.000000,8.724357
9,42,-205.000000,-40.000000,8.751057
10,42,-200.000000,-40.000000,8.773463
11,42,-195.000000,-40.000000,8.795710
12,42,-190.000000,-40.000000,8.817302
13,42,-185.000000,-40.000000,8.838894
14,42,-180.000000,-40.000000,8.860486
15,42,-175.000000,-40.000000,8.880597
16,42,-170.000000,-40.000000,8.899143
17,42,-165.000000,-40.000000,8.917197
18,42,-160.000000,-40.000000,8.934965
19,42,-155.000000,-40.000000,8.952733
20,42,-150.000000,-40.000000,8.970501
21,42,-145.000000,-40.000000,8.988374
22,42,-140.000000,-40.000000,9.006259
23,42,-135.000000,-40.000000,9.024180
24,42,-130.000000,-40.000000,9.042101
25,42,-125.000000,-40.000000,9.060022
26,42,-120.000000,-40.000000,9.078403
27,42,-115.000000,-40.000000,9.097607
28,42,-110.000000,-40.000000,9.117094
29,42,-105.000000,-40.000000,9.136862
30,42,-100.000000,-40.000000,9.156629
31,42,-95.000000,-40.000000,9.176397
32,42,-90.000000,-40.000000,9.196147
33,42,-85.000000,-40.000000,9.215894
34,42,-80.000000,-40.000000,9.235630
35,42,-75.000000,-40.000000,9.255365
36,42,-70.000000,-40.000000,9.275100
37,42,-65.000000,-40.000000,9.294477
38,42,-60.000000,-40.000000,9.312655
39,42,-55.000000,-40.000000,9.330432
40,42,-50.000000,-40.000000,9.347542
41,42,-45.000000,-40.000000,9.364652
42,42,-40.000000,-40.000000,9.381763
43,42,-35.000000,-40.000000,9.397879
44,42,-30.000000,-40.000000,9.413498
45,42,-25.000000,-40.000000,9.428096
46,42,-20.000000,-40.000000,9.442456
47,42,-15.000000,-40.000000,9.456817
48,42,-10.000000,-40.000000,9.471159
49,42,-5.000000,-40.000000,9.485343
50,42,0.000000,-40.000000,9.499481
51,42,5.000000,-40.000000,9.513481
52,42,10.000000,-40.000000,9.527481
53,42,15.000000,-40.000000,9.541482
54,42,20.000000,-40.000000,9.555943
55,42,25.000000,-40.000000,9.570801
56,42,30.000000,-40.000000,9.586401
57,42,35.000000,-40.000000,9.602346
58,42,40.000000,-40.000000,9.618292
59,42,45.000000,-40.000000,9.634237
60,42,50.000000,-40.000000,9.650897
61,42,55.000000,-40.000000,9.667714
62,42,60.000000,-40.000000,9.685544
63,42,65.000000,-40.000000,9.703373
64,42,70.000000,-40.000000,9.721203
65,42,75.000000,-40.000000,9.738933
66,42,80.000000,-40.000000,9.756521
67,42,85.000000,-40.000000,9.773846
68,42,90.000000,-40.000000,9.790962
69,42,95.000000,-40.000000,9.808078
70,42,100.000000,-40.000000,9.825194
71,42,105.000000,-40.000000,9.841232
72,42,110.000000,-40.000000,9.857075
73,42,115.000000,-40.000000,9.869800
74,42,120.000000,-40.000000,9.882498
75,42,125.000000,-40.000000,9.895195
76,42,130.000000,-40.000000,9.907401
77,42,135.000000,-40.000000,9.918357
78,42,140.000000,-40.000000,9.926917
79,42,145.000000,-40.000000,9.932271
80,42,150.000000,-40.000000,9.937625
81,42,155.000000,-40.000000,9.942979
82,42,160.000000,-40.000000,9.947266
83,42,165.000000,-40.000000,9.951134
84,42,170.000000,-40.000000,9.949404
85,42,175.000000,-40.000000,9.946788
86,42,180.000000,-40.000000,9.944172
87,42,185.000000,-40.000000,9.941430
88,42,190.000000,-40.000000,9.937997
89,42,195.000000,-40.000000,9.933006
90,42,200.000000,-40.000000,9.924367
91,42,205.000000,-40.000000,9.915729
92,42,210.000000,-40.000000,9.907091
93,42,215.000000,-40.000000,9.898305
94,42,220.000000,-40.000000,9.889417
95,42,225.000000,-40.000000,9.878547
96,42,230.000000,-40.000000,9.866965
97,42,235.000000,-40.000000,9.855382
98,42,240.000000,-40.000000,9.843799
99,42,245.000000,-40.000000,9.832186
100,42,250.000000,-40.000000,9.820425
0,43,-250.000000,-35.000000,8.481000
1,43,-245.000000,-35.000000,8.509315
2,43,-240.000000,-35.000000,8.537631
3,43,-235.000000,-35.000000,8.565946
4,43,-230.000000,-35.000000,8.593688
5,43,-225.000000,-35.000000,8.621071
6,43,-220.000000,-35.000000,8.648374
7,43,-215.000000,-35.000000,8.675651
8,43,-210.000000,-35.000000,8.702928
9,43,-205.000000,-35.000000,8.729981
10,43,-200.000000,-35.000000,8.752802
11,43,-195.000000,-35.000000,8.775465
12,43,-190.000000,-35.000000,8.797483
13,43,-185.000000,-35.000000,8.819501
14,43,-180.000000,-35.000000,8.841518
15,43,-175.000000,-35.000000,8.862056
16,43,-170.000000,-35.000000,8.881029
17,43,-165.000000,-35.000000,8.899512
18,43,-160.000000,-35.000000,8.917708
19,43,-155.000000,-35.000000,8.935904
20,43,-150.000000,-35.000000,8.954100
21,43,-145.000000,-35.000000,8.972371
22,43,-140.000000,-35.000000,8.990650
23,43,-135.000000,-35.000000,9.008955
24,43,-130.000000,-35.000000,9.027260
25,43,-125.000000,-35.000000,9.045565
26,43,-120.000000,-35.000000,9.064323
27,43,-115.000000,-35.000000,9.083894
28,43,-110.000000,-35.000000,9.103745
29,43,-105.000000,-35.000000,9.123872
30,43,-100.000000,-35.000000,9.143999
31,43,-95.000000,-35.000000,9.164126
32,43,-90.000000,-35.000000,9.184251
33,43,-85.000000,-35.000000,9.204377
34,43,-80.000000,-35.000000,9.224502
35,43,-75.000000,-35.000000,9.244627
36,43,-70.000000,-35.000000,9.264752
37,43,-65.000000,-35.000000,9.284524
38,43,-60.000000,-35.000000,9.303118
39,43,-55.000000,-35.000000,9.321319
40,43,-50.000000,-35.000000,9.338864
41,43,-45.000000,-35.000000,9.356408
42,43,-40.000000,-35.000000,9.373953
43,43,-35.000000,-35.000000,9.390501
44,43,-30.000000,-35.000000,9.406549
45,43,-25.000000,-35.000000,9.421572
46,43,-20.000000,-35.000000,9.436356
47,43,-15.000000,-35.000000,9.451141
48,43,-10.000000,-35.000000,9.465903
49,43,-5.000000,-35.000000,9.480470
50,43,0.000000,-35.000000,9.494981
51,43,5.000000,-35.000000,9.509322
52,43,10.000000,-35.000000,9.523663
53,43,15.000000,-35.000000,9.538004
54,43,20.000000,-35.000000,9.552782
55,43,25.000000,-35.000000,9.567936
56,43,30.000000,-35.000000,9.583795
57,43,35.000000,-35.000000,9.599980
58,43,40.000000,-35.000000,9.616166
59,43,45.000000,-35.000000,9.632352
60,43,50.000000,-35.000000,9.649235
61,43,55.000000,-35.000000,9.666270
62,43,60.000000,-35.000000,9.684291
63,43,65.000000,-35.000000,9.702313
64,43,70.000000,-35.000000,9.720334
65,43,75.000000,-35.000000,9.738258
66,43,80.000000,-35.000000,9.756042
67,43,85.000000,-35.000000,9.773568
68,43,90.000000,-35.000000,9.790887
69,43,95.000000,-35.000000,9.808206
70,43,100.000000,-35.000000,9.825526
71,43,105.000000,-35.000000,9.841775
72,43,110.000000,-35.000000,9.857829
73,43,115.000000,-35.000000,9.870784
74,43,120.000000,-35.000000,9.883713
75,43,125.000000,-35.000000,9.896641
76,43,130.000000,-35.000000,9.909079
77,43,135.000000,-35.000000,9.920267
78,43,140.000000,-35.000000,9.929063
79,43,145.000000,-35.000000,9.934656
80,43,150.000000,-35.000000,9.940249
81,43,155.000000,-35.000000,9.945842
82,43,160.000000,-35.000000,9.950368
83,43,165.000000,-35.000000,9.954474
84,43,170.000000,-35.000000,9.952980
85,43,175.000000,-35.000000,9.950601
86,43,180.000000,-35.000000,9.948221
87,43,185.000000,-35.000000,9.945716
88,43,190.000000,-35.000000,9.942521
89,43,195.000000,-35.000000,9.937770
90,43,200.000000,-35.000000,9.929378
91,43,205.000000,-35.000000,9.920985
92,43,210.000000,-35.000000,9.912593
93,43,215.000000,-35.000000,9.904054
94,43,220.000000,-35.000000,9.895414
95,43,225.000000,-35.000000,9.884805
96,43,230.000000,-35.000000,9.873487
97,43,235.000000,-35.000000,9.862170
98,43,240.000000,-35.000000,9.850851
99,43,245.000000,-35.000000,9.839503
100,43,250.000000,-35.000000,9.828005
0,44,-250.000000,-30.000000,8.460310
1,44,-245.000000,-30.000000,8.488807
2,44,-240.000000,-30.000000,8.517304
3,44,-235.000000,-30.000000,8.545801
4,44,-230.000000,-30.000000,8.573808
5,44,-225.000000,-30.000000,8.601505
6,44,-220.000000,-30.000000,8.629135
7,44,-215.000000,-30.000000,8.656742
8,44,-210.000000,-30.000000,8.684350
9,44,-205.000000,-30.000000,8.711738
10,44,-200.000000,-30.000000,8.734981
11,44,-195.000000,-30.000000,8.758070
12,44,-190.000000,-30.000000,8.780527
13,44,-185.000000,-30.000000,8.802985
14,44,-180.000000,-30.000000,8.825442
15,44,-175.000000,-30.000000,8.846423
16,44,-170.000000,-30.000000,8.865843
17,44,-165.000000,-30.000000,8.884774
18,44,-160.000000,-30.000000,8.903419
19,44,-155.000000,-30.000000,8.922064
20,44,-150.000000,-30.000000,8.940709
21,44,-145.000000,-30.000000,8.959385
22,44,-140.000000,-30.000000,8.978064
23,44,-135.000000,-30.000000,8.996754
24,44,-130.000000,-30.000000,9.015444
25,44,-125.000000,-30.000000,9.034134
26,44,-120.000000,-30.000000,9.053266
27,44,-115.000000,-30.000000,9.073191
28,44,-110.000000,-30.000000,9.093388
29,44,-105.000000,-30.000000,9.113855
30,44,-100.000000,-30.000000,9.134321
31,44,-95.000000,-30.000000,9.154788
32,44,-90.000000,-30.000000,9.175271
33,44,-85.000000,-30.000000,9.195757
34,44,-80.000000,-30.000000,9.216255
35,44,-75.000000,-30.000000,9.236753
36,44,-70.000000,-30.000000,9.257250
37,44,-65.000000,-30.000000,9.277405
38,44,-60.000000,-30.000000,9.296411
39,44,-55.000000,-30.000000,9.315032
40,44,-50.000000,-30.000000,9.333014
41,44,-45.000000,-30.000000,9.350997
42,44,-40.000000,-30.000000,9.368979
43,44,-35.000000,-30.000000,9.385963
44,44,-30.000000,-30.000000,9.402445
45,44,-25.000000,-30.000000,9.417901
46,44,-20.000000,-30.000000,9.433118
47,44,-15.000000,-30.000000,9.448335
48,44,-10.000000,-30.000000,9.463524
49,44,-5.000000,-30.000000,9.478469
50,44,0.000000,-30.000000,9.493343
51,44,5.000000,-30.000000,9.508005
52,44,10.000000,-30.000000,9.522668
53,44,15.000000,-30.000000,9.537330
54,44,20.000000,-30.000000,9.552395
55,44,25.000000,-30.000000,9.567807
56,44,30.000000,-30.000000,9.583868
57,44,35.000000,-30.000000,9.600230
58,44,40.000000,-30.000000,9.616592
59,44,45.000000,-30.000000,9.632955
60,44,50.000000,-30.000000,9.649984
61,44,55.000000,-30.000000,9.667158
62,44,60.000000,-30.000000,9.685277
63,44,65.000000,-30.000000,9.703395
64,44,70.000000,-30.000000,9.721513
65,44,75.000000,-30.000000,9.739535
66,44,80.000000,-30.000000,9.757419
67,44,85.000000,-30.000000,9.775049
68,44,90.000000,-30.000000,9.792475
69,44,95.000000,-30.000000,9.809901
70,44,100.000000,-30.000000,9.827328
71,44,105.000000,-30.000000,9.843696
72,44,110.000000,-30.000000,9.859871
73,44,115.000000,-30.000000,9.872984
74,44,120.000000,-30.000000,9.886069
75,44,125.000000,-30.000000,9.899155
76,44,130.000000,-30.000000,9.911752
77,44,135.000000,-30.000000,9.923106
78,44,140.000000,-30.000000,9.932082
79,44,145.000000,-30.000000,9.937871
80,44,150.000000,-30.000000,9.943661
81,44,155.000000,-30.000000,9.949450
82,44,160.000000,-30.000000,9.954175
83,44,165.000000,-30.000000,9.958483
84,44,170.000000,-30.000000,9.957207
85,44,175.000000,-30.000000,9.955048
86,44,180.000000,-30.000000,9.952890
87,44,185.000000,-30.000000,9.950606
88,44,190.000000,-30.000000,9.947636
89,44,195.000000,-30.000000,9.943116
90,44,200.000000,-30.000000,9.934973
91,44,205.000000,-30.000000,9.926830
92,44,210.000000,-30.000000,9.918686
93,44,215.000000,-30.000000,9.910398
94,44,220.000000,-30.000000,9.902009
95,44,225.000000,-30.000000,9.891669
96,44,230.000000,-30.000000,9.880627
97,44,235.000000,-30.000000,9.869585
98,44,240.000000,-30.000000,9.858542
99,44,245.000000,-30.000000,9.847469
100,44,250.000000,-30.000000,9.836246
0,45,-250.000000,-25.000000,8.439620
1,45,-245.000000,-25.000000,8.468299
2,45,-240.000000,-25.000000,8.496978
3,45,-235.000000,-25.000000,8.525657
4,45,-230.000000,-25.000000,8.553927
5,45,-225.000000,-25.000000,8.581940
6,45,-220.000000,-25.000000,8.609896
7,45,-215.000000,-25.000000,8.637834
8,45,-210.000000,-25.000000,8.665771
9,45,-205.000000,-25.000000,8.693495
10,45,-200.000000,-25.000000,8.717161
11,45,-195.000000,-25.000000,8.740676
12,45,-190.000000,-25.000000,8.763572
13,45,-185.000000,-25.000000,8.786469
14,45,-180.000000,-25.000000,8.809365
15,45,-175.000000,-25.000000,8.830789
16,45,-170.000000,-25.000000,8.850657
17,45,-165.000000,-25.000000,8.870036
18,45,-160.000000,-25.000000,8.889130
19,45,-155.000000,-25.000000,8.908224
20,45,-150.000000,-25.000000,8.927319
21,45,-145.000000,-25.000000,8.946399
22,45,-140.000000,-25.000000,8.965479
23,45,-135.000000,-25.000000,8.984554
24,45,-130.000000,-25.000000,9.003628
25,45,-125.000000,-25.000000,9.022703
26,45,-120.000000,-25.000000,9.042209
27,45,-115.000000,-25.000000,9.062487
28,45,-110.000000,-25.000000,9.083031
29,45,-105.000000,-25.000000,9.103837
30,45,-100.000000,-25.000000,9.124644
31,45,-95.000000,-25.000000,9.145450
32,45,-90.000000,-25.000000,9.166290
33,45,-85.000000,-25.000000,9.187138
34,45,-80.000000,-25.000000,9.208007
35,45,-75.000000,-25.000000,9.228878
36,45,-70.000000,-25.000000,9.249749
37,45,-65.000000,-25.000000,9.270286
38,45,-60.000000,-25.000000,9.289703
39,45,-55.000000,-25.000000,9.308745
40,45,-50.000000,-25.000000,9.327165
41,45,-45.000000,-25.000000,9.345585
42,45,-40.000000,-25.000000,9.364005
43,45,-35.000000,-25.000000,9.381424
44,45,-30.000000,-25.000000,9.398342
45,45,-25.000000,-25.000000,9.414230
46,45,-20.000000,-25.000000,9.429880
47,45,-15.000000,-25.000000,9.445529
48,45,-10.000000,-25.000000,9.461145
49,45,-5.000000,-25.000000,9.476467
50,45,0.000000,-25.000000,9.491705
51,45,5.000000,-25.000000,9.506689
52,45,10.000000,-25.000000,9.521673
53,45,15.000000,-25.000000,9.536656
54,45,20.000000,-25.000000,9.552009
55,45,25.000000,-25.000000,9.567678
56,45,30.000000,-25.000000,9.583941
57,45,35.000000,-25.000000,9.600480
58,45,40.000000,-25.000000,9.617019
59,45,45.000000,-25.000000,9.633557
60,45,50.000000,-25.000000,9.650733
61,45,55.000000,-25.000000,9.668047
62,45,60.000000,-25.000000,9.686262
63,45,65.000000,-25.000000,9.704477
64,45,70.000000,-25.000000,9.722692
65,45,75.000000,-25.000000,9.740812
66,45,80.000000,-25.000000,9.758796
67,45,85.000000,-25.000000,9.776530
68,45,90.000000,-25.000000,9.794063
69,45,95.000000,-25.000000,9.811597
70,45,100.000000,-25.000000,9.829130
71,45,105.000000,-25.000000,9.845617
72,45,110.000000,-25.000000,9.861914
73,45,115.000000,-25.000000,9.875183
74,45,120.000000,-25.000000,9.888426
75,45,125.000000,-25.000000,9.901668
76,45,130.000000,-25.000000,9.914425
77,45,135.000000,-25.000000,9.925946
78,45,140.000000,-25.000000,9.935101
79,45,145.000000,-25.000000,9.941086
80,45,150.000000,-25.000000,9.947072
81,45,155.000000,-25.000000,9.953058
82,45,160.000000,-25.000000,9.957983
83,45,165.000000,-25.000000,9.962491
84,45,170.000000,-25.000000,9.961433
85,45,175.000000,-25.000000,9.959496
86,45,180.000000,-25.000000,9.957558
87,45,185.000000,-25.000000,9.955496
88,45,190.000000,-25.000000,9.952750
89,45,195.000000,-25.000000,9.948463
90,45,200.000000,-25.000000,9.940568
91,45,205.000000,-25.000000,9.932674
92,45,210.000000,-25.000000,9.924780
93,45,215.000000,-25.000000,9.916742
94,45,220.000000,-25.000000,9.908604
95,45,225.000000,-25.000000,9.898533
96,45,230.000000,-25.000000,9.887766
97,45,235.000000,-25.000000,9.877000
98,45,240.000000,-25.000000,9.866232
99,45,245.000000,-25.000000,9.855435
100,45,250.000000,-25.000000,9.844486
0,46,-250.000000,-20.000000,8.418929
1,46,-245.000000,-20.000000,8.447790
2,46,-240.000000,-20.000000,8.476651
3,46,-235.000000,-20.000000,8.505512
4,46,-230.000000,-20.000000,8.534046
5,46,-225.000000,-20.000000,8.562374
6,46,-220.000000,-20.000000,8.590657
7,46,-215.000000,-20.000000,8.618925
8,46,-210.000000,-20.000000,8.647193
9,46,-205.000000,-20.000000,8.675252
10,46,-200.000000,-20.000000,8.699340
11,46,-195.000000,-20.000000,8.723281
12,46,-190.000000,-20.000000,8.746617
13,46,-185.000000,-20.000000,8.769953
14,46,-180.000000,-20.000000,8.793288
15,46,-175.000000,-20.000000,8.815155
16,46,-170.000000,-20.000000,8.835470
17,46,-165.000000,-20.000000,8.855298
18,46,-160.000000,-20.000000,8.874841
19,46,-155.000000,-20.000000,8.894385
20,46,-150.000000,-20.000000,8.913928
21,46,-145.000000,-20.000000,8.933414
22,46,-140.000000,-20.000000,8.952893
23,46,-135.000000,-20.000000,8.972353
24,46,-130.000000,-20.000000,8.991813
25,46,-125.000000,-20.000000,9.011272
26,46,-120.000000,-20.000000,9.031151
27,46,-115.000000,-20.000000,9.051783
28,46,-110.000000,-20.000000,9.072674
29,46,-105.000000,-20.000000,9.093820
30,46,-100.000000,-20.000000,9.114967
31,46,-95.000000,-20.000000,9.136113
32,46,-90.000000,-20.000000,9.157309
33,46,-85.000000,-20.000000,9.178518
34,46,-80.000000,-20.000000,9.199760
35,46,-75.000000,-20.000000,9.221004
36,46,-70.000000,-20.000000,9.242248
37,46,-65.000000,-20.000000,9.263167
38,46,-60.000000,-20.000000,9.282995
39,46,-55.000000,-20.000000,9.302459
40,46,-50.000000,-20.000000,9.321316
41,46,-45.000000,-20.000000,9.340174
42,46,-40.000000,-20.000000,9.359031
43,46,-35.000000,-20.000000,9.376886
44,46,-30.000000,-20.000000,9.394238
45,46,-25.000000,-20.000000,9.410559
46,46,-20.000000,-20.000000,9.426641
47,46,-15.000000,-20.000000,9.442723
48,46,-10.000000,-20.000000,9.458766
49,46,-5.000000,-20.000000,9.474466
50,46,0.000000,-20.000000,9.490068
51,46,5.000000,-20.000000,9.505373
52,46,10.000000,-20.000000,9.520678
53,46,15.000000,-20.000000,9.535982
54,46,20.000000,-20.000000,9.551622
55,46,25.000000,-20.000000,9.567548
56,46,30.000000,-20.000000,9.584014
57,46,35.000000,-20.000000,9.600729
58,46,40.000000,-20.000000,9.617445
59,46,45.000000,-20.000000,9.634160
60,46,50.000000,-20.000000,9.651482
61,46,55.000000,-20.000000,9.668936
62,46,60.000000,-20.000000,9.687248
63,46,65.000000,-20.000000,9.705559
64,46,70.000000,-20.000000,9.723871
65,46,75.000000,-20.000000,9.742089
66,46,80.000000,-20.000000,9.760174
67,46,85.000000,-20.000000,9.778011
68,46,90.000000,-20.000000,9.795651
69,46,95.000000,-20.000000,9.813292
70,46,100.000000,-20.000000,9.830932
71,46,105.000000,-20.000000,9.847538
72,46,110.000000,-20.000000,9.863957
73,46,115.000000,-20.000000,9.877382
74,46,120.000000,-20.000000,9.890782
75,46,125.000000,-20.000000,9.904182
76,46,130.000000,-20.000000,9.917098
77,46,135.000000,-20.000000,9.928785
78,46,140.000000,-20.000000,9.938119
79,46,145.000000,-20.000000,9.944301
80,46,150.000000,-20.000000,9.950483
81,46,155.000000,-20.000000,9.956665
82,46,160.000000,-20.000000,9.961790
83,46,165.000000,-20.000000,9.966499
84,46,170.000000,-20.000000,9.965660
85,46,175.000000,-20.000000,9.963943
86,46,180.000000,-20.000000,9.962226
87,46,185.000000,-20.000000,9.960385
88,46,190.000000,-20.000000,9.957865
89,46,195.000000,-20.000000,9.953809
90,46,200.000000,-20.000000,9.946164
91,46,205.000000,-20.000000,9.938518
92,46,210.000000,-20.000000,9.930873
93,46,215.000000,-20.000000,9.923085
94,46,220.000000,-20.000000,9.915198
95,46,225.000000,-20.000000,9.905397
96,46,230.000000,-20.000000,9.894906
97,46,235.000000,-20.000000,9.884415
98,46,240.000000,-20.000000,9.873923
99,46,245.000000,-20.000000,9.863401
100,46,250.000000,-20.000000,9.852727
0,47,-250.000000,-15.000000,8.398673
1,47,-245.000000,-15.000000,8.427809
2,47,-240.000000,-15.000000,8.456946
3,47,-235.000000,-15.000000,8.486083
4,47,-230.000000,-15.000000,8.514976
5,47,-225.000000,-15.000000,8.543716
6,47,-220.000000,-15.000000,8.572423
7,47,-215.000000,-15.000000,8.601118
8,47,-210.000000,-15.000000,8.629813
9,47,-205.000000,-15.000000,8.658303
10,47,-200.000000,-15.000000,8.682897
11,47,-195.000000,-15.000000,8.707346
12,47,-190.000000,-15.000000,8.731201
13,47,-185.000000,-15.000000,8.755056
14,47,-180.000000,-15.000000,8.778911
15,47,-175.000000,-15.000000,8.801290
16,47,-170.000000,-15.000000,8.822111
17,47,-165.000000,-15.000000,8.842442
18,47,-160.000000,-15.000000,8.862487
19,47,-155.000000,-15.000000,8.882533
20,47,-150.000000,-15.000000,8.902578
21,47,-145.000000,-15.000000,8.922506
22,47,-140.000000,-15.000000,8.942422
23,47,-135.000000,-15.000000,8.962296
24,47,-130.000000,-15.000000,8.982171
25,47,-125.000000,-15.000000,9.002046
26,47,-120.000000,-15.000000,9.022328
27,47,-115.000000,-15.000000,9.043340
28,47,-110.000000,-15.000000,9.064603
29,47,-105.000000,-15.000000,9.086115
30,47,-100.000000,-15.000000,9.107626
31,47,-95.000000,-15.000000,9.129138
32,47,-90.000000,-15.000000,9.150723
33,47,-85.000000,-15.000000,9.172328
34,47,-80.000000,-15.000000,9.193981
35,47,-75.000000,-15.000000,9.215637
36,47,-70.000000,-15.000000,9.237293
37,47,-65.000000,-15.000000,9.258634
38,47,-60.000000,-15.000000,9.278921
39,47,-55.000000,-15.000000,9.298855
40,47,-50.000000,-15.000000,9.318203
41,47,-45.000000,-15.000000,9.337551
42,47,-40.000000,-15.000000,9.356899
43,47,-35.000000,-15.000000,9.375237
44,47,-30.000000,-15.000000,9.393071
45,47,-25.000000,-15.000000,9.409867
46,47,-20.000000,-15.000000,9.426422
47,47,-15.000000,-15.000000,9.442977
48,47,-10.000000,-15.000000,9.459486
49,47,-5.000000,-15.000000,9.475585
50,47,0.000000,-15.000000,9.491566
51,47,5.000000,-15.000000,9.507192
52,47,10.000000,-15.000000,9.522819
53,47,15.000000,-15.000000,9.538445
54,47,20.000000,-15.000000,9.554360
55,47,25.000000,-15.000000,9.570523
56,47,30.000000,-15.000000,9.587153
57,47,35.000000,-15.000000,9.603998
58,47,40.000000,-15.000000,9.620843
59,47,45.000000,-15.000000,9.637689
60,47,50.000000,-15.000000,9.655102
61,47,55.000000,-15.000000,9.672639
62,47,60.000000,-15.000000,9.690980
63,47,65.000000,-15.000000,9.709320
64,47,70.000000,-15.000000,9.727661
65,47,75.000000,-15.000000,9.745911
66,47,80.000000,-15.000000,9.764031
67,47,85.000000,-15.000000,9.781911
68,47,90.000000,-15.000000,9.799601
69,47,95.000000,-15.000000,9.817290
70,47,100.000000,-15.000000,9.834980
71,47,105.000000,-15.000000,9.851653
72,47,110.000000,-15.000000,9.868142
73,47,115.000000,-15.000000,9.881688
74,47,120.000000,-15.000000,9.895208
75,47,125.000000,-15.000000,9.908729
76,47,130.000000,-15.000000,9.921770
77,47,135.000000,-15.000000,9.933591
78,47,140.000000,-15.000000,9.943075
79,47,145.000000,-15.000000,9.949431
80,47,150.000000,-15.000000,9.955786
81,47,155.000000,-15.000000,9.962142
82,47,160.000000,-15.000000,9.967444
83,47,165.000000,-15.000000,9.972332
84,47,170.000000,-15.000000,9.971693
85,47,175.000000,-15.000000,9.970180
86,47,180.000000,-15.000000,9.968667
87,47,185.000000,-15.000000,9.967030
88,47,190.000000,-15.000000,9.964719
89,47,195.000000,-15.000000,9.960882
90,47,200.000000,-15.000000,9.953478
91,47,205.000000,-15.000000,9.946075
92,47,210.000000,-15.000000,9.938671
93,47,215.000000,-15.000000,9.931127
94,47,220.000000,-15.000000,9.923486
95,47,225.000000,-15.000000,9.913960
96,47,230.000000,-15.000000,9.903756
97,47,235.000000,-15.000000,9.893551
98,47,240.000000,-15.000000,9.883346
99,47,245.000000,-15.000000,9.873110
100,47,250.000000,-15.000000,9.862724
0,48,-250.000000,-10.000000,8.378560
1,48,-245.000000,-10.000000,8.408004
2,48,-240.000000,-10.000000,8.437447
3,48,-235.000000,-10.000000,8.466891
4,48,-230.000000,-10.000000,8.496175
5,48,-225.000000,-10.000000,8.525359
6,48,-220.000000,-10.000000,8.554521
7,48,-215.000000,-10.000000,8.583676
8,48,-210.000000,-10.000000,8.612831
9,48,-205.000000,-10.000000,8.641784
10,48,-200.000000,-10.000000,8.666910
11,48,-195.000000,-10.000000,8.691894
12,48,-190.000000,-10.000000,8.716295
13,48,-185.000000,-10.000000,8.740696
14,48,-180.000000,-10.000000,8.765097
15,48,-175.000000,-10.000000,8.788012
16,48,-170.000000,-10.000000,8.809358
17,48,-165.000000,-10.000000,8.830210
18,48,-160.000000,-10.000000,8.850775
19,48,-155.000000,-10.000000,8.871341
20,48,-150.000000,-10.000000,8.891906
21,48,-145.000000,-10.000000,8.912288
22,48,-140.000000,-10.000000,8.932651
23,48,-135.000000,-10.000000,8.952951
24,48,-130.000000,-10.000000,8.973251
25,48,-125.000000,-10.000000,8.993551
26,48,-120.000000,-10.000000,9.014245
27,48,-115.000000,-10.000000,9.035647
28,48,-110.000000,-10.000000,9.057291
29,48,-105.000000,-10.000000,9.079176
30,48,-100.000000,-10.000000,9.101061
31,48,-95.000000,-10.000000,9.122946
32,48,-90.000000,-10.000000,9.144932
33,48,-85.000000,-10.000000,9.166943
34,48,-80.000000,-10.000000,9.189020
35,48,-75.000000,-10.000000,9.211101
36,48,-70.000000,-10.000000,9.233182
37,48,-65.000000,-10.000000,9.254960
38,48,-60.000000,-10.000000,9.275721
39,48,-55.000000,-10.000000,9.296142
40,48,-50.000000,-10.000000,9.315997
41,48,-45.000000,-10.000000,9.335853
42,48,-40.000000,-10.000000,9.355708
43,48,-35.000000,-10.000000,9.374548
44,48,-30.000000,-10.000000,9.392877
45,48,-25.000000,-10.000000,9.410163
46,48,-20.000000,-10.000000,9.427205
47,48,-15.000000,-10.000000,9.444248
48,48,-10.000000,-10.000000,9.461235
49,48,-5.000000,-10.000000,9.477739
50,48,0.000000,-10.000000,9.494106
51,48,5.000000,-10.000000,9.510053
52,48,10.000000,-10.000000,9.526000
53,48,15.000000,-10.000000,9.541947
54,48,20.000000,-10.000000,9.558135
55,48,25.000000,-10.000000,9.574528
56,48,30.000000,-10.000000,9.591309
57,48,35.000000,-10.000000,9.608268
58,48,40.000000,-10.000000,9.625228
59,48,45.000000,-10.000000,9.642188
60,48,50.000000,-10.000000,9.659674
61,48,55.000000,-10.000000,9.677276
62,48,60.000000,-10.000000,9.695623
63,48,65.000000,-10.000000,9.713970
64,48,70.000000,-10.000000,9.732316
65,48,75.000000,-10.000000,9.750576
66,48,80.000000,-10.000000,9.768710
67,48,85.000000,-10.000000,9.786614
68,48,90.000000,-10.000000,9.804334
69,48,95.000000,-10.000000,9.822054
70,48,100.000000,-10.000000,9.839773
71,48,105.000000,-10.000000,9.856496
72,48,110.000000,-10.000000,9.873037
73,48,115.000000,-10.000000,9.886692
74,48,120.000000,-10.000000,9.900322
75,48,125.000000,-10.000000,9.913951
76,48,130.000000,-10.000000,9.927105
77,48,135.000000,-10.000000,9.939048
78,48,140.000000,-10.000000,9.948674
79,48,145.000000,-10.000000,9.955195
80,48,150.000000,-10.000000,9.961717
81,48,155.000000,-10.000000,9.968238
82,48,160.000000,-10.000000,9.973711
83,48,165.000000,-10.000000,9.978771
84,48,170.000000,-10.000000,9.978326
85,48,175.000000,-10.000000,9.977011
86,48,180.000000,-10.000000,9.975696
87,48,185.000000,-10.000000,9.974258
88,48,190.000000,-10.000000,9.972149
89,48,195.000000,-10.000000,9.968527
90,48,200.000000,-10.000000,9.961363
91,48,205.000000,-10.000000,9.954199
92,48,210.000000,-10.000000,9.947035
93,48,215.000000,-10.000000,9.939733
94,48,220.000000,-10.000000,9.932336
95,48,225.000000,-10.000000,9.923088
96,48,230.000000,-10.000000,9.913173
97,48,235.000000,-10.000000,9.903258
98,48,240.000000,-10.000000,9.893343
99,48,245.000000,-10.000000,9.883398
100,48,250.000000,-10.000000,9.873303
0,49,-250.000000,-5.000000,8.358807
1,49,-245.000000,-5.000000,8.388636
2,49,-240.000000,-5.000000,8.418464
3,49,-235.000000,-5.000000,8.448293
4,49,-230.000000,-5.000000,8.478047
5,49,-225.000000,-5.000000,8.507756
6,49,-220.000000,-5.000000,8.537454
7,49,-215.000000,-5.000000,8.567148
8,49,-210.000000,-5.000000,8.596843
9,49,-205.000000,-5.000000,8.626339
10,49,-200.000000,-5.000000,8.652066
11,49,-195.000000,-5.000000,8.677654
12,49,-190.000000,-5.000000,8.702667
13,49,-185.000000,-5.000000,8.727680
14,49,-180.000000,-5.000000,8.752693
15,49,-175.000000,-5.000000,8.776202
16,49,-170.000000,-5.000000,8.798121
17,49,-165.000000,-5.000000,8.819541
18,49,-160.000000,-5.000000,8.840669
19,49,-155.000000,-5.000000,8.861798
20,49,-150.000000,-5.000000,8.882927
21,49,-145.000000,-5.000000,8.903795
22,49,-140.000000,-5.000000,8.924635
23,49,-135.000000,-5.000000,8.945385
24,49,-130.000000,-5.000000,8.966136
25,49,-125.000000,-5.000000,8.986886
26,49,-120.000000,-5.000000,9.008016
27,49,-115.000000,-5.000000,9.029829
28,49,-110.000000,-5.000000,9.051877
29,49,-105.000000,-5.000000,9.074157
30,49,-100.000000,-5.000000,9.096436
31,49,-95.000000,-5.000000,9.118716
32,49,-90.000000,-5.000000,9.141128
33,49,-85.000000,-5.000000,9.163574
34,49,-80.000000,-5.000000,9.186107
35,49,-75.000000,-5.000000,9.208646
36,49,-70.000000,-5.000000,9.231185
37,49,-65.000000,-5.000000,9.253432
38,49,-60.000000,-5.000000,9.274706
39,49,-55.000000,-5.000000,9.295655
40,49,-50.000000,-5.000000,9.316062
41,49,-45.000000,-5.000000,9.336469
42,49,-40.000000,-5.000000,9.356876
43,49,-35.000000,-5.000000,9.376256
44,49,-30.000000,-5.000000,9.395121
45,49,-25.000000,-5.000000,9.412930
46,49,-20.000000,-5.000000,9.430494
47,49,-15.000000,-5.000000,9.448058
48,49,-10.000000,-5.000000,9.465557
49,49,-5.000000,-5.000000,9.482484
50,49,0.000000,-5.000000,9.499248
51,49,5.000000,-5.000000,9.515516
52,49,10.000000,-5.000000,9.531785
53,49,15.000000,-5.000000,9.548053
54,49,20.000000,-5.000000,9.564503
55,49,25.000000,-5.000000,9.581109
56,49,30.000000,-5.000000,9.598009
57,49,35.000000,-5.000000,9.615044
58,49,40.000000,-5.000000,9.632080
59,49,45.000000,-5.000000,9.649115
60,49,50.000000,-5.000000,9.666630
61,49,55.000000,-5.000000,9.684249
62,49,60.000000,-5.000000,9.702545
63,49,65.000000,-5.000000,9.720842
64,49,70.000000,-5.000000,9.739139
65,49,75.000000,-5.000000,9.757353
66,49,80.000000,-5.000000,9.775448
67,49,85.000000,-5.000000,9.793325
68,49,90.000000,-5.000000,9.811027
69,49,95.000000,-5.000000,9.828729
70,49,100.000000,-5.000000,9.846431
71,49,105.000000,-5.000000,9.863160
72,49,110.000000,-5.000000,9.879711
73,49,115.000000,-5.000000,9.893444
74,49,120.000000,-5.000000,9.907153
75,49,125.000000,-5.000000,9.920862
76,49,130.000000,-5.000000,9.934099
77,49,135.000000,-5.000000,9.946137
78,49,140.000000,-5.000000,9.955880
79,49,145.000000,-5.000000,9.962549
80,49,150.000000,-5.000000,9.969217
81,49,155.000000,-5.000000,9.975886
82,49,160.000000,-5.000000,9.981510
83,49,165.000000,-5.000000,9.986724
84,49,170.000000,-5.000000,9.986459
85,49,175.000000,-5.000000,9.985327
86,49,180.000000,-5.000000,9.984195
87,49,185.000000,-5.000000,9.982942
88,49,190.000000,-5.000000,9.981024
89,49,195.000000,-5.000000,9.977605
90,49,200.000000,-5.000000,9.970675
91,49,205.000000,-5.000000,9.963744
92,49,210.000000,-5.000000,9.956814
93,49,215.000000,-5.000000,9.949749
94,49,220.000000,-5.000000,9.942591
95,49,225.000000,-5.000000,9.933626
96,49,230.000000,-5.000000,9.924010
97,49,235.000000,-5.000000,9.914394
98,49,240.000000,-5.000000,9.904778
99,49,245.000000,-5.000000,9.895132
100,49,250.000000,-5.000000,9.885341
0,50,-250.000000,0.000000,8.339054
1,50,-245.000000,0.000000,8.369268
2,50,-240.000000,0.000000,8.399481
3,50,-235.000000,0.000000,8.429694
4,50,-230.000000,0.000000,8.459919
5,50,-225.000000,0.000000,8.490152
6,50,-220.000000,0.000000,8.520386
7,50,-215.000000,0.000000,8.550621
8,50,-210.000000,0.000000,8.580856
9,50,-205.000000,0.000000,8.610894
10,50,-200.000000,0.000000,8.637223
11,50,-195.000000,0.000000,8.663414
12,50,-190.000000,0.000000,8.689039
13,50,-185.000000,0.000000,8.714664
14,50,-180.000000,0.000000,8.740289
15,50,-175.000000,0.000000,8.764392
16,50,-170.000000,0.000000,8.786884
17,50,-165.000000,0.000000,8.808871
18,50,-160.000000,0.000000,8.830564
19,50,-155.000000,0.000000,8.852256
20,50,-150.000000,0.000000,8.873948
21,50,-145.000000,0.000000,8.895302
22,50,-140.000000,0.000000,8.916619
23,50,-135.000000,0.000000,8.937820
24,50,-130.000000,0.000000,8.959020
25,50,-125.000000,0.000000,8.980220
26,50,-120.000000,0.000000,9.001788
27,50,-115.000000,0.000000,9.024012
28,50,-110.000000,0.000000,9.046463
29,50,-105.000000,0.000000,9.069137
30,50,-100.000000,0.000000,9.091811
31,50,-95.000000,0.000000,9.114485
32,50,-90.000000,0.000000,9.137324
33,50,-85.000000,0.000000,9.160205
34,50,-80.000000,0.000000,9.183194
35,50,-75.000000,0.000000,9.206191
36,50,-70.000000,0.000000,9.229187
37,50,-65.000000,0.000000,9.251905
38,50,-60.000000,0.000000,9.273692
39,50,-55.000000,0.000000,9.295168
40,50,-50.000000,0.000000,9.316127
41,50,-45.000000,0.000000,9.337085
42,50,-40.000000,0.000000,9.358044
43,50,-35.000000,0.000000,9.377964
44,50,-30.000000,0.000000,9.397365
45,50,-25.000000,0.000000,9.415698
46,50,-20.000000,0.000000,9.433783
47,50,-15.000000,0.000000,9.451868
48,50,-10.000000,0.000000,9.469879
49,50,-5.000000,0.000000,9.487229
50,50,0.000000,0.000000,9.504390
51,50,5.000000,0.000000,9.520980
52,50,10.000000,0.000000,9.537569
53,50,15.000000,0.000000,9.554158
54,50,20.000000,0.000000,9.570871
55,50,25.000000,0.000000,9.587691
56,50,30.000000,0.000000,9.604709
57,50,35.000000,0.000000,9.621820
58,50,40.000000,0.000000,9.638931
59,50,45.000000,0.000000,9.656042
60,50,50.000000,0.000000,9.673585
61,50,55.000000,0.000000,9.691221
62,50,60.000000,0.000000,9.709468
63,50,65.000000,0.000000,9.727715
64,50,70.000000,0.000000,9.745962
65,50,75.000000,0.000000,9.764130
66,50,80.000000,0.000000,9.782186
67,50,85.000000,0.000000,9.800036
68,50,90.000000,0.000000,9.817720
69,50,95.000000,0.000000,9.835405
70,50,100.000000,0.000000,9.853089
71,50,105.000000,0.000000,9.869823
72,50,110.000000,0.000000,9.886385
73,50,115.000000,0.000000,9.900196
74,50,120.000000,0.000000,9.913984
75,50,125.000000,0.000000,9.927772
76,50,130.000000,0.000000,9.941093
77,50,135.000000,0.000000,9.953226
78,50,140.000000,0.000000,9.963087
79,50,145.000000,0.000000,9.969902
80,50,150.000000,0.000000,9.976718
81,50,155.000000,0.000000,9.983533
82,50,160.000000,0.000000,9.989309
83,50,165.000000,0.000000,9.994677
84,50,170.000000,0.000000,9.994592
85,50,175.000000,0.000000,9.993643
86,50,180.000000,0.000000,9.992695
87,50,185.000000,0.000000,9.991626
88,50,190.000000,0.000000,9.989899
89,50,195.000000,0.000000,9.986683
90,50,200.000000,0.000000,9.979986
91,50,205.000000,0.000000,9.973290
92,50,210.000000,0.000000,9.966593
93,50,215.000000,0.000000,9.959765
94,50,220.000000,0.000000,9.952847
95,50,225.000000,0.000000,9.944164
96,50,230.000000,0.000000,9.934847
97,50,235.000000,0.000000,9.925530
98,50,240.000000,0.000000,9.916213
99,50,245.000000,0.000000,9.906867
100,50,250.000000,0.000000,9.897378
0,51,-250.000000,5.000000,8.319302
1,51,-245.000000,5.000000,8.349900
2,51,-240.000000,5.000000,8.380498
3,51,-235.000000,5.000000,8.411096
4,51,-230.000000,5.000000,8.441792
5,51,-225.000000,5.000000,8.472548
6,51,-220.000000,5.000000,8.503319
7,51,-215.000000,5.000000,8.534093
8,51,-210.000000,5.000000,8.564868
9,51,-205.000000,5.000000,8.595450
10,51,-200.000000,5.000000,8.622379
11,51,-195.000000,5.000000,8.649173
12,51,-190.000000,5.000000,8.675411
13,51,-185.000000,5.000000,8.701648
14,51,-180.000000,5.000000,8.727886
15,51,-175.000000,5.000000,8.752581
16,51,-170.000000,5.000000,8.775647
17,51,-165.000000,5.000000,8.798202
18,51,-160.000000,5.000000,8.820458
19,51,-155.000000,5.000000,8.842714
20,51,-150.000000,5.000000,8.864970
21,51,-145.000000,5.000000,8.886809
22,51,-140.000000,5.000000,8.908603
23,51,-135.000000,5.000000,8.930254
24,51,-130.000000,5.000000,8.951905
25,51,-125.000000,5.000000,8.973555
26,51,-120.000000,5.000000,8.995559
27,51,-115.000000,5.000000,9.018195
28,51,-110.000000,5.000000,9.041048
29,51,-105.000000,5.000000,9.064117
30,51,-100.000000,5.000000,9.087186
31,51,-95.000000,5.000000,9.110254
32,51,-90.000000,5.000000,9.133520
33,51,-85.000000,5.000000,9.156836
34,51,-80.000000,5.000000,9.180282
35,51,-75.000000,5.000000,9.203735
36,51,-70.000000,5.000000,9.227189
37,51,-65.000000,5.000000,9.250377
38,51,-60.000000,5.000000,9.272678
39,51,-55.000000,5.000000,9.294682
40,51,-50.000000,5.000000,9.316192
41,51,-45.000000,5.000000,9.337702
42,51,-40.000000,5.000000,9.359212
43,51,-35.000000,5.000000,9.379673
44,51,-30.000000,5.000000,9.399608
45,51,-25.000000,5.000000,9.418465
46,51,-20.000000,5.000000,9.437072
47,51,-15.000000,5.000000,9.455679
48,51,-10.000000,5.000000,9.474200
49,51,-5.000000,5.000000,9.491973
50,51,0.000000,5.000000,9.509533
51,51,5.000000,5.000000,9.526443
52,51,10.000000,5.000000,9.543353
53,51,15.000000,5.000000,9.560264
54,51,20.000000,5.000000,9.577240
55,51,25.000000,5.000000,9.594272
56,51,30.000000,5.000000,9.611410
57,51,35.000000,5.000000,9.628596
58,51,40.000000,5.000000,9.645783
59,51,45.000000,5.000000,9.662970
60,51,50.000000,5.000000,9.680540
61,51,55.000000,5.000000,9.698194
62,51,60.000000,5.000000,9.716391
63,51,65.000000,5.000000,9.734588
64,51,70.000000,5.000000,9.752784
65,51,75.000000,5.000000,9.770907
66,51,80.000000,5.000000,9.788925
67,51,85.000000,5.000000,9.806747
68,51,90.000000,5.000000,9.824413
69,51,95.000000,5.000000,9.842080
70,51,100.000000,5.000000,9.859747
71,51,105.000000,5.000000,9.876487
72,51,110.000000,5.000000,9.893058
73,51,115.000000,5.000000,9.906948
74,51,120.000000,5.000000,9.920815
75,51,125.000000,5.000000,9.934682
76,51,130.000000,5.000000,9.948087
77,51,135.000000,5.000000,9.960315
78,51,140.000000,5.000000,9.970293
79,51,145.000000,5.000000,9.977255
80,51,150.000000,5.000000,9.984218
81,51,155.000000,5.000000,9.991181
82,51,160.000000,5.000000,9.997109
83,51,165.000000,5.000000,10.002631
84,51,170.000000,5.000000,10.002724
85,51,175.000000,5.000000,10.001959
86,51,180.000000,5.000000,10.001194
87,51,185.000000,5.000000,10.000311
88,51,190.000000,5.000000,9.998773
89,51,195.000000,5.000000,9.995761
90,51,200.000000,5.000000,9.989298
91,51,205.000000,5.000000,9.982835
92,51,210.000000,5.000000,9.976372
93,51,215.000000,5.000000,9.969781
94,51,220.000000,5.000000,9.963102
95,51,225.000000,5.000000,9.954702
96,51,230.000000,5.000000,9.945684
97,51,235.000000,5.000000,9.936666
98,51,240.000000,5.000000,9.927647
99,51,245.000000,5.000000,9.918601
100,51,250.000000,5.000000,9.909415
0,52,-250.000000,10.000000,8.297687
1,52,-245.000000,10.000000,8.328811
2,52,-240.000000,10.000000,8.359935
3,52,-235.000000,10.000000,8.391059
4,52,-230.000000,10.000000,8.422352
5,52,-225.000000,10.000000,8.453751
6,52,-220.000000,10.000000,8.485174
7,52,-215.000000,10.000000,8.516604
8,52,-210.000000,10.000000,8.548034
9,52,-205.000000,10.000000,8.579272
10,52,-200.000000,10.000000,8.606876
11,52,-195.000000,10.000000,8.634345
12,52,-190.000000,10.000000,8.661261
13,52,-185.000000,10.000000,8.688176
14,52,-180.000000,10.000000,8.715092
15,52,-175.000000,10.000000,8.740432
16,52,-170.000000,10.000000,8.764108
17,52,-165.000000,10.000000,8.787261
18,52,-160.000000,10.000000,8.810110
19,52,-155.000000,10.000000,8.832959
20,52,-150.000000,10.000000,8.855807
21,52,-145.000000,10.000000,8.878158
22,52,-140.000000,10.000000,8.900454
23,52,-135.000000,10.000000,8.922579
24,52,-130.000000,10.000000,8.944703
25,52,-125.000000,10.000000,8.966828
26,52,-120.000000,10.000000,8.989295
27,52,-115.000000,10.000000,9.012377
28,52,-110.000000,10.000000,9.035671
29,52,-105.000000,10.000000,9.059174
30,52,-100.000000,10.000000,9.082676
31,52,-95.000000,10.000000,9.106178
32,52,-90.000000,10.000000,9.129917
33,52,-85.000000,10.000000,9.153718
34,52,-80.000000,10.000000,9.177672
35,52,-75.000000,10.000000,9.201637
36,52,-70.000000,10.000000,9.225602
37,52,-65.000000,10.000000,9.249314
38,52,-60.000000,10.000000,9.272181
39,52,-55.000000,10.000000,9.294764
40,52,-50.000000,10.000000,9.316878
41,52,-45.000000,10.000000,9.338991
42,52,-40.000000,10.000000,9.361105
43,52,-35.000000,10.000000,9.382152
44,52,-30.000000,10.000000,9.402666
45,52,-25.000000,10.000000,9.422083
46,52,-20.000000,10.000000,9.441247
47,52,-15.000000,10.000000,9.460410
48,52,-10.000000,10.000000,9.479477
49,52,-5.000000,10.000000,9.497698
50,52,0.000000,10.000000,9.515678
51,52,5.000000,10.000000,9.532925
52,52,10.000000,10.000000,9.550172
53,52,15.000000,10.000000,9.567419
54,52,20.000000,10.000000,9.584671
55,52,25.000000,10.000000,9.601928
56,52,30.000000,10.000000,9.619194
57,52,35.000000,10.000000,9.636464
58,52,40.000000,10.000000,9.653734
59,52,45.000000,10.000000,9.671004
60,52,50.000000,10.000000,9.688614
61,52,55.000000,10.000000,9.706297
62,52,60.000000,10.000000,9.724462
63,52,65.000000,10.000000,9.742626
64,52,70.000000,10.000000,9.760791
65,52,75.000000,10.000000,9.778888
66,52,80.000000,10.000000,9.796890
67,52,85.000000,10.000000,9.814714
68,52,90.000000,10.000000,9.832397
69,52,95.000000,10.000000,9.850080
70,52,100.000000,10.000000,9.867763
71,52,105.000000,10.000000,9.884544
72,52,110.000000,10.000000,9.901161
73,52,115.000000,10.000000,9.915166
74,52,120.000000,10.000000,9.929149
75,52,125.000000,10.000000,9.943132
76,52,130.000000,10.000000,9.956657
77,52,135.000000,10.000000,9.969013
78,52,140.000000,10.000000,9.979134
79,52,145.000000,10.000000,9.986262
80,52,150.000000,10.000000,9.993390
81,52,155.000000,10.000000,10.000517
82,52,160.000000,10.000000,10.006612
83,52,165.000000,10.000000,10.012301
84,52,170.000000,10.000000,10.012569
85,52,175.000000,10.000000,10.011979
86,52,180.000000,10.000000,10.011390
87,52,185.000000,10.000000,10.010682
88,52,190.000000,10.000000,10.009325
89,52,195.000000,10.000000,10.006504
90,52,200.000000,10.000000,10.000257
91,52,205.000000,10.000000,9.994010
92,52,210.000000,10.000000,9.987763
93,52,215.000000,10.000000,9.981392
94,52,220.000000,10.000000,9.974935
95,52,225.000000,10.000000,9.966812
96,52,230.000000,10.000000,9.958088
97,52,235.000000,10.000000,9.949365
98,52,240.000000,10.000000,9.940641
99,52,245.000000,10.000000,9.931891
100,52,250.000000,10.000000,9.923008
0,53,-250.000000,15.000000,8.275308
1,53,-245.000000,15.000000,8.307016
2,53,-240.000000,15.000000,8.338724
3,53,-235.000000,15.000000,8.370432
4,53,-230.000000,15.000000,8.402374
5,53,-225.000000,15.000000,8.434464
6,53,-220.000000,15.000000,8.466586
7,53,-215.000000,15.000000,8.498719
8,53,-210.000000,15.000000,8.530852
9,53,-205.000000,15.000000,8.562794
10,53,-200.000000,15.000000,8.591102
11,53,-195.000000,15.000000,8.619276
12,53,-190.000000,15.000000,8.646896
13,53,-185.000000,15.000000,8.674517
14,53,-180.000000,15.000000,8.702137
15,53,-175.000000,15.000000,8.728143
16,53,-170.000000,15.000000,8.752444
17,53,-165.000000,15.000000,8.776210
18,53,-160.000000,15.000000,8.799663
19,53,-155.000000,15.000000,8.823117
20,53,-150.000000,15.000000,8.846570
21,53,-145.000000,15.000000,8.869442
22,53,-140.000000,15.000000,8.892251
23,53,-135.000000,15.000000,8.914859
24,53,-130.000000,15.000000,8.937467
25,53,-125.000000,15.000000,8.960075
26,53,-120.000000,15.000000,8.983018
27,53,-115.000000,15.000000,9.006560
28,53,-110.000000,15.000000,9.030309
29,53,-105.000000,15.000000,9.054261
30,53,-100.000000,15.000000,9.078214
31,53,-95.000000,15.000000,9.102166
32,53,-90.000000,15.000000,9.126398
33,53,-85.000000,15.000000,9.150701
34,53,-80.000000,15.000000,9.175188
35,53,-75.000000,15.000000,9.199686
36,53,-70.000000,15.000000,9.224184
37,53,-65.000000,15.000000,9.248441
38,53,-60.000000,15.000000,9.271895
39,53,-55.000000,15.000000,9.295081
40,53,-50.000000,15.000000,9.317819
41,53,-45.000000,15.000000,9.340557
42,53,-40.000000,15.000000,9.363296
43,53,-35.000000,15.000000,9.384949
44,53,-30.000000,15.000000,9.406058
45,53,-25.000000,15.000000,9.426051
46,53,-20.000000,15.000000,9.445785
47,53,-15.000000,15.000000,9.465519
48,53,-10.000000,15.000000,9.485146
49,53,-5.000000,15.000000,9.503826
50,53,0.000000,15.000000,9.522236
51,53,5.000000,15.000000,9.539825
52,53,10.000000,15.000000,9.557415
53,53,15.000000,15.000000,9.575004
54,53,20.000000,15.000000,9.592538
55,53,25.000000,15.000000,9.610025
56,53,30.000000,15.000000,9.627423
57,53,35.000000,15.000000,9.644779
58,53,40.000000,15.000000,9.662136
59,53,45.000000,15.000000,9.679492
60,53,50.000000,15.000000,9.697146
61,53,55.000000,15.000000,9.714865
62,53,60.000000,15.000000,9.733004
63,53,65.000000,15.000000,9.751144
64,53,70.000000,15.000000,9.769283
65,53,75.000000,15.000000,9.787363
66,53,80.000000,15.000000,9.805358
67,53,85.000000,15.000000,9.823197
68,53,90.000000,15.000000,9.840910
69,53,95.000000,15.000000,9.858624
70,53,100.000000,15.000000,9.876337
71,53,105.000000,15.000000,9.893173
72,53,110.000000,15.000000,9.909850
73,53,115.000000,15.000000,9.923986
74,53,120.000000,15.000000,9.938101
75,53,125.000000,15.000000,9.952215
76,53,130.000000,15.000000,9.965873
77,53,135.000000,15.000000,9.978371
78,53,140.000000,15.000000,9.988647
79,53,145.000000,15.000000,9.995947
80,53,150.000000,15.000000,10.003248
81,53,155.000000,15.000000,10.010548
82,53,160.000000,15.000000,10.016815
83,53,165.000000,15.000000,10.022676
84,53,170.000000,15.000000,10.023116
85,53,175.000000,15.000000,10.022699
86,53,180.000000,15.000000,10.022281
87,53,185.000000,15.000000,10.021746
88,53,190.000000,15.000000,10.020566
89,53,195.000000,15.000000,10.017931
90,53,200.000000,15.000000,10.011893
91,53,205.000000,15.000000,10.005855
92,53,210.000000,15.000000,9.999816
93,53,215.000000,15.000000,9.993658
94,53,220.000000,15.000000,9.987417
95,53,225.000000,15.000000,9.979566
96,53,230.000000,15.000000,9.971136
97,53,235.000000,15.000000,9.962706
98,53,240.000000,15.000000,9.954275
99,53,245.000000,15.000000,9.945819
100,53,250.000000,15.000000,9.937239
0,54,-250.000000,20.000000,8.250556
1,54,-245.000000,20.000000,8.283027
2,54,-240.000000,20.000000,8.315499
3,54,-235.000000,20.000000,8.347970
4,54,-230.000000,20.000000,8.380724
5,54,-225.000000,20.000000,8.413655
6,54,-220.000000,20.000000,8.446626
7,54,-215.000000,20.000000,8.479609
8,54,-210.000000,20.000000,8.512592
9,54,-205.000000,20.000000,8.545381
10,54,-200.000000,20.000000,8.574487
11,54,-195.000000,20.000000,8.603458
12,54,-190.000000,20.000000,8.631866
13,54,-185.000000,20.000000,8.660275
14,54,-180.000000,20.000000,8.688684
15,54,-175.000000,20.000000,8.715422
16,54,-170.000000,20.000000,8.740395
17,54,-165.000000,20.000000,8.764813
18,54,-160.000000,20.000000,8.788908
19,54,-155.000000,20.000000,8.813003
20,54,-150.000000,20.000000,8.837098
21,54,-145.000000,20.000000,8.860524
22,54,-140.000000,20.000000,8.883877
23,54,-135.000000,20.000000,8.906999
24,54,-130.000000,20.000000,8.930121
25,54,-125.000000,20.000000,8.953243
26,54,-120.000000,20.000000,8.976696
27,54,-115.000000,20.000000,9.000743
28,54,-110.000000,20.000000,9.024994
29,54,-105.000000,20.000000,9.049446
30,54,-100.000000,20.000000,9.073899
31,54,-95.000000,20.000000,9.098351
32,54,-90.000000,20.000000,9.123135
33,54,-85.000000,20.000000,9.148004
34,54,-80.000000,20.000000,9.173090
35,54,-75.000000,20.000000,9.198189
36,54,-70.000000,20.000000,9.223289
37,54,-65.000000,20.000000,9.248161
38,54,-60.000000,20.000000,9.272269
39,54,-55.000000,20.000000,9.296123
40,54,-50.000000,20.000000,9.319553
41,54,-45.000000,20.000000,9.342982
42,54,-40.000000,20.000000,9.366412
43,54,-35.000000,20.000000,9.388728
44,54,-30.000000,20.000000,9.410488
45,54,-25.000000,20.000000,9.431103
46,54,-20.000000,20.000000,9.451453
47,54,-15.000000,20.000000,9.471803
48,54,-10.000000,20.000000,9.492032
49,54,-5.000000,20.000000,9.511203
50,54,0.000000,20.000000,9.530072
51,54,5.000000,20.000000,9.548024
52,54,10.000000,20.000000,9.565976
53,54,15.000000,20.000000,9.583927
54,54,20.000000,20.000000,9.601761
55,54,25.000000,20.000000,9.619492
56,54,30.000000,20.000000,9.637034
57,54,35.000000,20.000000,9.654486
58,54,40.000000,20.000000,9.671939
59,54,45.000000,20.000000,9.689392
60,54,50.000000,20.000000,9.707105
61,54,55.000000,20.000000,9.724874
62,54,60.000000,20.000000,9.743011
63,54,65.000000,20.000000,9.761148
64,54,70.000000,20.000000,9.779285
65,54,75.000000,20.000000,9.797373
66,54,80.000000,20.000000,9.815392
67,54,85.000000,20.000000,9.833282
68,54,90.000000,20.000000,9.851069
69,54,95.000000,20.000000,9.868857
70,54,100.000000,20.000000,9.886644
71,54,105.000000,20.000000,9.903580
72,54,110.000000,20.000000,9.920360
73,54,115.000000,20.000000,9.934675
74,54,120.000000,20.000000,9.948968
75,54,125.000000,20.000000,9.963261
76,54,130.000000,20.000000,9.977100
77,54,135.000000,20.000000,9.989780
78,54,140.000000,20.000000,10.000244
79,54,145.000000,20.000000,10.007740
80,54,150.000000,20.000000,10.015236
81,54,155.000000,20.000000,10.022732
82,54,160.000000,20.000000,10.029191
83,54,165.000000,20.000000,10.035241
84,54,170.000000,20.000000,10.035846
85,54,175.000000,20.000000,10.035590
86,54,180.000000,20.000000,10.035334
87,54,185.000000,20.000000,10.034961
88,54,190.000000,20.000000,10.033946
89,54,195.000000,20.000000,10.031483
90,54,200.000000,20.000000,10.025630
91,54,205.000000,20.000000,10.019778
92,54,210.000000,20.000000,10.013925
93,54,215.000000,20.000000,10.007958
94,54,220.000000,20.000000,10.001911
95,54,225.000000,20.000000,9.994324
96,54,230.000000,20.000000,9.986181
97,54,235.000000,20.000000,9.978039
98,54,240.000000,20.000000,9.969896
99,54,245.000000,20.000000,9.961731
100,54,250.000000,20.000000,9.953452
0,55,-250.000000,25.000000,8.225803
1,55,-245.000000,25.000000,8.259038
2,55,-240.000000,25.000000,8.292273
3,55,-235.000000,25.000000,8.325508
4,55,-230.000000,25.000000,8.359074
5,55,-225.000000,25.000000,8.392846
6,55,-220.000000,25.000000,8.426665
7,55,-215.000000,25.000000,8.460498
8,55,-210.000000,25.000000,8.494331
9,55,-205.000000,25.000000,8.527968
10,55,-200.000000,25.000000,8.557872
11,55,-195.000000,25.000000,8.587639
12,55,-190.000000,25.000000,8.616836
13,55,-185.000000,25.000000,8.646034
14,55,-180.000000,25.000000,8.675231
15,55,-175.000000,25.000000,8.702701
16,55,-170.000000,25.000000,8.728345
17,55,-165.000000,25.000000,8.753417
18,55,-160.000000,25.000000,8.778153
19,55,-155.000000,25.000000,8.802890
20,55,-150.000000,25.000000,8.827627
21,55,-145.000000,25.000000,8.851607
22,55,-140.000000,25.000000,8.875504
23,55,-135.000000,25.000000,8.899139
24,55,-130.000000,25.000000,8.922775
25,55,-125.000000,25.000000,8.946411
26,55,-120.000000,25.000000,8.970375
27,55,-115.000000,25.000000,8.994926
28,55,-110.000000,25.000000,9.019679
29,55,-105.000000,25.000000,9.044631
30,55,-100.000000,25.000000,9.069584
31,55,-95.000000,25.000000,9.094537
32,55,-90.000000,25.000000,9.119872
33,55,-85.000000,25.000000,9.145307
34,55,-80.000000,25.000000,9.170992
35,55,-75.000000,25.000000,9.196693
36,55,-70.000000,25.000000,9.222394
37,55,-65.000000,25.000000,9.247880
38,55,-60.000000,25.000000,9.272643
39,55,-55.000000,25.000000,9.297166
40,55,-50.000000,25.000000,9.321286
41,55,-45.000000,25.000000,9.345407
42,55,-40.000000,25.000000,9.369527
43,55,-35.000000,25.000000,9.392508
44,55,-30.000000,25.000000,9.414918
45,55,-25.000000,25.000000,9.436155
46,55,-20.000000,25.000000,9.457121
47,55,-15.000000,25.000000,9.478086
48,55,-10.000000,25.000000,9.498918
49,55,-5.000000,25.000000,9.518581
50,55,0.000000,25.000000,9.537909
51,55,5.000000,25.000000,9.556223
52,55,10.000000,25.000000,9.574537
53,55,15.000000,25.000000,9.592850
54,55,20.000000,25.000000,9.610983
55,55,25.000000,25.000000,9.628960
56,55,30.000000,25.000000,9.646644
57,55,35.000000,25.000000,9.664194
58,55,40.000000,25.000000,9.681743
59,55,45.000000,25.000000,9.699292
60,55,50.000000,25.000000,9.717064
61,55,55.000000,25.000000,9.734883
62,55,60.000000,25.000000,9.753018
63,55,65.000000,25.000000,9.771152
64,55,70.000000,25.000000,9.789287
65,55,75.000000,25.000000,9.807383
66,55,80.000000,25.000000,9.825425
67,55,85.000000,25.000000,9.843367
68,55,90.000000,25.000000,9.861228
69,55,95.000000,25.000000,9.879090
70,55,100.000000,25.000000,9.896951
71,55,105.000000,25.000000,9.913986
72,55,110.000000,25.000000,9.930871
73,55,115.000000,25.000000,9.945364
74,55,120.000000,25.000000,9.959836
75,55,125.000000,25.000000,9.974308
76,55,130.000000,25.000000,9.988326
77,55,135.000000,25.000000,10.001189
78,55,140.000000,25.000000,10.011842
79,55,145.000000,25.000000,10.019534
80,55,150.000000,25.000000,10.027225
81,55,155.000000,25.000000,10.034917
82,55,160.000000,25.000000,10.041566
83,55,165.000000,25.000000,10.047806
84,55,170.000000,25.000000,10.048577
85,55,175.000000,25.000000,10.048482
86,55,180.000000,25.000000,10.048388
87,55,185.000000,25.000000,10.048176
88,55,190.000000,25.000000,10.047326
89,55,195.000000,25.000000,10.045034
90,55,200.000000,25.000000,10.039367
91,55,205.000000,25.000000,10.033701
92,55,210.000000,25.000000,10.028034
93,55,215.000000,25.000000,10.022258
94,55,220.000000,25.000000,10.016406
95,55,225.000000,25.000000,10.009081
96,55,230.000000,25.000000,10.001227
97,55,235.000000,25.000000,9.993372
98,55,240.000000,25.000000,9.985517
99,55,245.000000,25.000000,9.977642
100,55,250.000000,25.000000,9.969666
0,56,-250.000000,30.000000,8.201051
1,56,-245.000000,30.000000,8.235049
2,56,-240.000000,30.000000,8.269048
3,56,-235.000000,30.000000,8.303047
4,56,-230.000000,30.000000,8.337423
5,56,-225.000000,30.000000,8.372037
6,56,-220.000000,30.000000,8.406704
7,56,-215.000000,30.000000,8.441387
8,56,-210.000000,30.000000,8.476071
9,56,-205.000000,30.000000,8.510555
10,56,-200.000000,30.000000,8.541258
11,56,-195.000000,30.000000,8.571820
12,56,-190.000000,30.000000,8.601806
13,56,-185.000000,30.000000,8.631792
14,56,-180.000000,30.000000,8.661779
15,56,-175.000000,30.000000,8.689980
16,56,-170.000000,30.000000,8.716296
17,56,-165.000000,30.000000,8.742020
18,56,-160.000000,30.000000,8.767398
19,56,-155.000000,30.000000,8.792777
20,56,-150.000000,30.000000,8.818155
21,56,-145.000000,30.000000,8.842689
22,56,-140.000000,30.000000,8.867130
23,56,-135.000000,30.000000,8.891280
24,56,-130.000000,30.000000,8.915429
25,56,-125.000000,30.000000,8.939579
26,56,-120.000000,30.000000,8.964053
27,56,-115.000000,30.000000,8.989108
28,56,-110.000000,30.000000,9.014364
29,56,-105.000000,30.000000,9.039817
30,56,-100.000000,30.000000,9.065269
31,56,-95.000000,30.000000,9.090722
32,56,-90.000000,30.000000,9.116610
33,56,-85.000000,30.000000,9.142610
34,56,-80.000000,30.000000,9.168894
35,56,-75.000000,30.000000,9.195197
36,56,-70.000000,30.000000,9.221500
37,56,-65.000000,30.000000,9.247599
38,56,-60.000000,30.000000,9.273017
39,56,-55.000000,30.000000,9.298208
40,56,-50.000000,30.000000,9.323020
41,56,-45.000000,30.000000,9.347832
42,56,-40.000000,30.000000,9.372643
43,56,-35.000000,30.000000,9.396288
44,56,-30.000000,30.000000,9.419348
45,56,-25.000000,30.000000,9.441207
46,56,-20.000000,30.000000,9.462788
47,56,-15.000000,30.000000,9.484370
48,56,-10.000000,30.000000,9.505805
49,56,-5.000000,30.000000,9.525958
50,56,0.000000,30.000000,9.545746
51,56,5.000000,30.000000,9.564422
52,56,10.000000,30.000000,9.583098
53,56,15.000000,30.000000,9.601774
54,56,20.000000,30.000000,9.620205
55,56,25.000000,30.000000,9.638427
56,56,30.000000,30.000000,9.656255
57,56,35.000000,30.000000,9.673901
58,56,40.000000,30.000000,9.691546
59,56,45.000000,30.000000,9.709192
60,56,50.000000,30.000000,9.727022
61,56,55.000000,30.000000,9.744893
62,56,60.000000,30.000000,9.763025
63,56,65.000000,30.000000,9.781156
64,56,70.000000,30.000000,9.799288
65,56,75.000000,30.000000,9.817393
66,56,80.000000,30.000000,9.835458
67,56,85.000000,30.000000,9.853451
68,56,90.000000,30.000000,9.871387
69,56,95.000000,30.000000,9.889322
70,56,100.000000,30.000000,9.907258
71,56,105.000000,30.000000,9.924393
72,56,110.000000,30.000000,9.941382
73,56,115.000000,30.000000,9.956053
74,56,120.000000,30.000000,9.970704
75,56,125.000000,30.000000,9.985354
76,56,130.000000,30.000000,9.999552
77,56,135.000000,30.000000,10.012598
78,56,140.000000,30.000000,10.023439
79,56,145.000000,30.000000,10.031327
80,56,150.000000,30.000000,10.039214
81,56,155.000000,30.000000,10.047102
82,56,160.000000,30.000000,10.053942
83,56,165.000000,30.000000,10.060372
84,56,170.000000,30.000000,10.061307
85,56,175.000000,30.000000,10.061374
86,56,180.000000,30.000000,10.061441
87,56,185.000000,30.000000,10.061392
88,56,190.000000,30.000000,10.060706
89,56,195.000000,30.000000,10.058585
90,56,200.000000,30.000000,10.053104
91,56,205.000000,30.000000,10.047624
92,56,210.000000,30.000000,10.042143
93,56,215.000000,30.000000,10.036558
94,56,220.000000,30.000000,10.030900
95,56,225.000000,30.000000,10.023839
96,56,230.000000,30.000000,10.016272
97,56,235.000000,30.000000,10.008706
98,56,240.000000,30.000000,10.001139
99,56,245.000000,30.000000,9.993554
100,56,250.000000,30.000000,9.985879
0,57,-250.000000,35.000000,8.175732
1,57,-245.000000,35.000000,8.210530
2,57,-240.000000,35.000000,8.245328
3,57,-235.000000,35.000000,8.280126
4,57,-230.000000,35.000000,8.315337
5,57,-225.000000,35.000000,8.350809
6,57,-220.000000,35.000000,8.386339
7,57,-215.000000,35.000000,8.421887
8,57,-210.000000,35.000000,8.457435
9,57,-205.000000,35.000000,8.492780
10,57,-200.000000,35.000000,8.524274
11,57,-195.000000,35.000000,8.555625
12,57,-190.000000,35.000000,8.586389
13,57,-185.000000,35.000000,8.617152
14,57,-180.000000,35.000000,8.647916
15,57,-175.000000,35.000000,8.676835
16,57,-170.000000,35.000000,8.703803
17,57,-165.000000,35.000000,8.730159
18,57,-160.000000,35.000000,8.756158
19,57,-155.000000,35.000000,8.782157
20,57,-150.000000,35.000000,8.808156
21,57,-145.000000,35.000000,8.833229
22,57,-140.000000,35.000000,8.858200
23,57,-135.000000,35.000000,8.882852
24,57,-130.000000,35.000000,8.907503
25,57,-125.000000,35.000000,8.932155
26,57,-120.000000,35.000000,8.957131
27,57,-115.000000,35.000000,8.982689
28,57,-110.000000,35.000000,9.008448
29,57,-105.000000,35.000000,9.034404
30,57,-100.000000,35.000000,9.060360
31,57,-95.000000,35.000000,9.086316
32,57,-90.000000,35.000000,9.112762
33,57,-85.000000,35.000000,9.139335
34,57,-80.000000,35.000000,9.166227
35,57,-75.000000,35.000000,9.193141
36,57,-70.000000,35.000000,9.220054
37,57,-65.000000,35.000000,9.246775
38,57,-60.000000,35.000000,9.272854
39,57,-55.000000,35.000000,9.298718
40,57,-50.000000,35.000000,9.324224
41,57,-45.000000,35.000000,9.349731
42,57,-40.000000,35.000000,9.375237
43,57,-35.000000,35.000000,9.399548
44,57,-30.000000,35.000000,9.423258
45,57,-25.000000,35.000000,9.445740
46,57,-20.000000,35.000000,9.467935
47,57,-15.000000,35.000000,9.490131
48,57,-10.000000,35.000000,9.512168
49,57,-5.000000,35.000000,9.532815
50,57,0.000000,35.000000,9.553064
51,57,5.000000,35.000000,9.572108
52,57,10.000000,35.000000,9.591152
53,57,15.000000,35.000000,9.610195
54,57,20.000000,35.000000,9.628936
55,57,25.000000,35.000000,9.647416
56,57,30.000000,35.000000,9.665407
57,57,35.000000,35.000000,9.683172
58,57,40.000000,35.000000,9.700936
59,57,45.000000,35.000000,9.718701
60,57,50.000000,35.000000,9.736620
61,57,55.000000,35.000000,9.754573
62,57,60.000000,35.000000,9.772744
63,57,65.000000,35.000000,9.790915
64,57,70.000000,35.000000,9.809086
65,57,75.000000,35.000000,9.827241
66,57,80.000000,35.000000,9.845375
67,57,85.000000,35.000000,9.863467
68,57,90.000000,35.000000,9.881527
69,57,95.000000,35.000000,9.899588
70,57,100.000000,35.000000,9.917648
71,57,105.000000,35.000000,9.934931
72,57,110.000000,35.000000,9.952073
73,57,115.000000,35.000000,9.966966
74,57,120.000000,35.000000,9.981840
75,57,125.000000,35.000000,9.996713
76,57,130.000000,35.000000,10.011134
77,57,135.000000,35.000000,10.024402
78,57,140.000000,35.000000,10.035464
79,57,145.000000,35.000000,10.043571
80,57,150.000000,35.000000,10.051678
81,57,155.000000,35.000000,10.059786
82,57,160.000000,35.000000,10.066838
83,57,165.000000,35.000000,10.073477
84,57,170.000000,35.000000,10.074583
85,57,175.000000,35.000000,10.074813
86,57,180.000000,35.000000,10.075044
87,57,185.000000,35.000000,10.075159
88,57,190.000000,35.000000,10.074639
89,57,195.000000,35.000000,10.072687
90,57,200.000000,35.000000,10.067384
91,57,205.000000,35.000000,10.062081
92,57,210.000000,35.000000,10.056777
93,57,215.000000,35.000000,10.051375
94,57,220.000000,35.000000,10.045904
95,57,225.000000,35.000000,10.039099
96,57,230.000000,35.000000,10.031816
97,57,235.000000,35.000000,10.024532
98,57,240.000000,35.000000,10.017248
99,57,245.000000,35.000000,10.009948
100,57,250.000000,35.000000,10.002572
0,58,-250.000000,40.000000,8.150092
1,58,-245.000000,40.000000,8.185709
2,58,-240.000000,40.000000,8.221326
3,58,-235.000000,40.000000,8.256943
4,58,-230.000000,40.000000,8.293004
5,58,-225.000000,40.000000,8.329343
6,58,-220.000000,40.000000,8.365744
7,58,-215.000000,40.000000,8.402165
8,58,-210.000000,40.000000,8.438586
9,58,-205.000000,40.000000,8.474800
10,58,-200.000000,40.000000,8.507080
11,58,-195.000000,40.000000,8.539215
12,58,-190.000000,40.000000,8.570750
13,58,-185.000000,40.000000,8.602286
14,58,-180.000000,40.000000,8.633821
15,58,-175.000000,40.000000,8.663448
16,58,-170.000000,40.000000,8.691058
17,58,-165.000000,40.000000,8.718035
18,58,-160.000000,40.000000,8.744642
19,58,-155.000000,40.000000,8.771250
20,58,-150.000000,40.000000,8.797857
21,58,-145.000000,40.000000,8.823460
22,58,-140.000000,40.000000,8.848953
23,58,-135.000000,40.000000,8.874100
24,58,-130.000000,40.000000,8.899247
25,58,-125.000000,40.000000,8.924394
26,58,-120.000000,40.000000,8.949868
27,58,-115.000000,40.000000,8.975928
28,58,-110.000000,40.000000,9.002191
29,58,-105.000000,40.000000,9.028652
30,58,-100.000000,40.000000,9.055113
31,58,-95.000000,40.000000,9.081575
32,58,-90.000000,40.000000,9.108582
33,58,-85.000000,40.000000,9.135731
34,58,-80.000000,40.000000,9.163237
35,58,-75.000000,40.000000,9.190765
36,58,-70.000000,40.000000,9.218294
37,58,-65.000000,40.000000,9.245642
38,58,-60.000000,40.000000,9.272384
39,58,-55.000000,40.000000,9.298924
40,58,-50.000000,40.000000,9.325128
41,58,-45.000000,40.000000,9.351331
42,58,-40.000000,40.000000,9.377534
43,58,-35.000000,40.000000,9.402512
44,58,-30.000000,40.000000,9.426874
45,58,-25.000000,40.000000,9.449977
46,58,-20.000000,40.000000,9.472786
47,58,-15.000000,40.000000,9.495596
48,58,-10.000000,40.000000,9.518235
49,58,-5.000000,40.000000,9.539375
50,58,0.000000,40.000000,9.560089
51,58,5.000000,40.000000,9.579503
52,58,10.000000,40.000000,9.598918
53,58,15.000000,40.000000,9.618332
54,58,20.000000,40.000000,9.637386
55,58,25.000000,40.000000,9.656132
56,58,30.000000,40.000000,9.674298
57,58,35.000000,40.000000,9.692195
58,58,40.000000,40.000000,9.710091
59,58,45.000000,40.000000,9.727988
60,58,50.000000,40.000000,9.746013
61,58,55.000000,40.000000,9.764066
62,58,60.000000,40.000000,9.782300
63,58,65.000000,40.000000,9.800533
64,58,70.000000,40.000000,9.818767
65,58,75.000000,40.000000,9.836998
66,58,80.000000,40.000000,9.855225
67,58,85.000000,40.000000,9.873444
68,58,90.000000,40.000000,9.891658
69,58,95.000000,40.000000,9.909871
70,58,100.000000,40.000000,9.928085
71,58,105.000000,40.000000,9.945544
72,58,110.000000,40.000000,9.962867
73,58,115.000000,40.000000,9.978007
74,58,120.000000,40.000000,9.993128
75,58,125.000000,40.000000,10.008249
76,58,130.000000,40.000000,10.022917
77,58,135.000000,40.000000,10.036429
78,58,140.000000,40.000000,10.047731
79,58,145.000000,40.000000,10.056072
80,58,150.000000,40.000000,10.064412
81,58,155.000000,40.000000,10.072753
82,58,160.000000,40.000000,10.080030
83,58,165.000000,40.000000,10.086890
84,58,170.000000,40.000000,10.088168
85,58,175.000000,40.000000,10.088564
86,58,180.000000,40.000000,10.088960
87,58,185.000000,40.000000,10.089240
88,58,190.000000,40.000000,10.088887
89,58,195.000000,40.000000,10.087103
90,58,200.000000,40.000000,10.081972
91,58,205.000000,40.000000,10.076841
92,58,210.000000,40.000000,10.071710
93,58,215.000000,40.000000,10.066486
94,58,220.000000,40.000000,10.061196
95,58,225.000000,40.000000,10.054646
96,58,230.000000,40.000000,10.047642
97,58,235.000000,40.000000,10.040638
98,58,240.000000,40.000000,10.033633
99,58,245.000000,40.000000,10.026616
100,58,250.000000,40.000000,10.019536
0,59,-250.000000,45.000000,8.123463
1,59,-245.000000,45.000000,8.159962
2,59,-240.000000,45.000000,8.196460
3,59,-235.000000,45.000000,8.232959
4,59,-230.000000,45.000000,8.269910
5,59,-225.000000,45.000000,8.307145
6,59,-220.000000,45.000000,8.344444
7,59,-215.000000,45.000000,8.381763
8,59,-210.000000,45.000000,8.419082
9,59,-205.000000,45.000000,8.456188
10,59,-200.000000,45.000000,8.489243
11,59,-195.000000,45.000000,8.522148
12,59,-190.000000,45.000000,8.554435
13,59,-185.000000,45.000000,8.586723
14,59,-180.000000,45.000000,8.619010
15,59,-175.000000,45.000000,8.649319
16,59,-170.000000,45.000000,8.677537
17,59,-165.000000,45.000000,8.705099
18,59,-160.000000,45.000000,8.732279
19,59,-155.000000,45.000000,8.759458
20,59,-150.000000,45.000000,8.786637
21,59,-145.000000,45.000000,8.812745
22,59,-140.000000,45.000000,8.838735
23,59,-135.000000,45.000000,8.864356
24,59,-130.000000,45.000000,8.889978
25,59,-125.000000,45.000000,8.915599
26,59,-120.000000,45.000000,8.941556
27,59,-115.000000,45.000000,8.968116
28,59,-110.000000,45.000000,8.994884
29,59,-105.000000,45.000000,9.021856
30,59,-100.000000,45.000000,9.048829
31,59,-95.000000,45.000000,9.075801
32,59,-90.000000,45.000000,9.103381
33,59,-85.000000,45.000000,9.131118
34,59,-80.000000,45.000000,9.159252
35,59,-75.000000,45.000000,9.187412
36,59,-70.000000,45.000000,9.215572
37,59,-65.000000,45.000000,9.243560
38,59,-60.000000,45.000000,9.270976
39,59,-55.000000,45.000000,9.298201
40,59,-50.000000,45.000000,9.325108
41,59,-45.000000,45.000000,9.352014
42,59,-40.000000,45.000000,9.378920
43,59,-35.000000,45.000000,9.404568
44,59,-30.000000,45.000000,9.429584
45,59,-25.000000,45.000000,9.453306
46,59,-20.000000,45.000000,9.476727
47,59,-15.000000,45.000000,9.500149
48,59,-10.000000,45.000000,9.523388
49,59,-5.000000,45.000000,9.545027
50,59,0.000000,45.000000,9.566209
51,59,5.000000,45.000000,9.586004
52,59,10.000000,45.000000,9.605798
53,59,15.000000,45.000000,9.625593
54,59,20.000000,45.000000,9.644978
55,59,25.000000,45.000000,9.664012
56,59,30.000000,45.000000,9.682387
57,59,35.000000,45.000000,9.700456
58,59,40.000000,45.000000,9.718525
59,59,45.000000,45.000000,9.736594
60,59,50.000000,45.000000,9.754776
61,59,55.000000,45.000000,9.772984
62,59,60.000000,45.000000,9.791353
63,59,65.000000,45.000000,9.809722
64,59,70.000000,45.000000,9.828091
65,59,75.000000,45.000000,9.846472
66,59,80.000000,45.000000,9.864870
67,59,85.000000,45.000000,9.883300
68,59,90.000000,45.000000,9.901755
69,59,95.000000,45.000000,9.920211
70,59,100.000000,45.000000,9.938666
71,59,105.000000,45.000000,9.956388
72,59,110.000000,45.000000,9.973976
73,59,115.000000,45.000000,9.989440
74,59,120.000000,45.000000,10.004885
75,59,125.000000,45.000000,10.020331
76,59,130.000000,45.000000,10.035319
77,59,135.000000,45.000000,10.049144
78,59,140.000000,45.000000,10.060743
79,59,145.000000,45.000000,10.069359
80,59,150.000000,45.000000,10.077976
81,59,155.000000,45.000000,10.086592
82,59,160.000000,45.000000,10.094131
83,59,165.000000,45.000000,10.101246
84,59,170.000000,45.000000,10.102706
85,59,175.000000,45.000000,10.103271
86,59,180.000000,45.000000,10.103836
87,59,185.000000,45.000000,10.104286
88,59,190.000000,45.000000,10.104100
89,59,195.000000,45.000000,10.102480
90,59,200.000000,45.000000,10.097507
91,59,205.000000,45.000000,10.092534
92,59,210.000000,45.000000,10.087561
93,59,215.000000,45.000000,10.082499
94,59,220.000000,45.000000,10.077377
95,59,225.000000,45.000000,10.071070
96,59,230.000000,45.000000,10.064337
97,59,235.000000,45.000000,10.057604
98,59,240.000000,45.000000,10.050870
99,59,245.000000,45.000000,10.044127
100,59,250.000000,45.000000,10.037338
0,60,-250.000000,50.000000,8.096771
1,60,-245.000000,50.000000,8.134154
2,60,-240.000000,50.000000,8.171538
3,60,-235.000000,50.000000,8.208922
4,60,-230.000000,50.000000,8.246767
5,60,-225.000000,50.000000,8.284900
6,60,-220.000000,50.000000,8.323099
7,60,-215.000000,50.000000,8.361317
8,60,-210.000000,50.000000,8.399536
9,60,-205.000000,50.000000,8.437535
10,60,-200.000000,50.000000,8.471364
11,60,-195.000000,50.000000,8.505038
12,60,-190.000000,50.000000,8.538076
13,60,-185.000000,50.000000,8.571115
14,60,-180.000000,50.000000,8.604153
15,60,-175.000000,50.000000,8.635143
16,60,-170.000000,50.000000,8.663967
17,60,-165.000000,50.000000,8.692112
18,60,-160.000000,50.000000,8.719860
19,60,-155.000000,50.000000,8.747609
20,60,-150.000000,50.000000,8.775357
21,60,-145.000000,50.000000,8.801968
22,60,-140.000000,50.000000,8.828454
23,60,-135.000000,50.000000,8.854548
24,60,-130.000000,50.000000,8.880643
25,60,-125.000000,50.000000,8.906737
26,60,-120.000000,50.000000,8.933177
27,60,-115.000000,50.000000,8.960237
28,60,-110.000000,50.000000,8.987510
29,60,-105.000000,50.000000,9.014993
30,60,-100.000000,50.000000,9.042477
31,60,-95.000000,50.000000,9.069961
32,60,-90.000000,50.000000,9.098113
33,60,-85.000000,50.000000,9.126440
34,60,-80.000000,50.000000,9.155203
35,60,-75.000000,50.000000,9.183995
36,60,-70.000000,50.000000,9.212787
37,60,-65.000000,50.000000,9.241417
38,60,-60.000000,50.000000,9.269508
39,60,-55.000000,50.000000,9.297418
40,60,-50.000000,50.000000,9.325028
41,60,-45.000000,50.000000,9.352637
42,60,-40.000000,50.000000,9.380247
43,60,-35.000000,50.000000,9.406565
44,60,-30.000000,50.000000,9.432235
45,60,-25.000000,50.000000,9.456576
46,60,-20.000000,50.000000,9.480610
47,60,-15.000000,50.000000,9.504643
48,60,-10.000000,50.000000,9.528482
49,60,-5.000000,50.000000,9.550619
50,60,0.000000,50.000000,9.572271
51,60,5.000000,50.000000,9.592446
52,60,10.000000,50.000000,9.612621
53,60,15.000000,50.000000,9.632797
54,60,20.000000,50.000000,9.652514
55,60,25.000000,50.000000,9.671838
56,60,30.000000,50.000000,9.690424
57,60,35.000000,50.000000,9.708667
58,60,40.000000,50.000000,9.726911
59,60,45.000000,50.000000,9.745155
60,60,50.000000,50.000000,9.763499
61,60,55.000000,50.000000,9.781865
62,60,60.000000,50.000000,9.800374
63,60,65.000000,50.000000,9.818883
64,60,70.000000,50.000000,9.837392
65,60,75.000000,50.000000,9.855928
66,60,80.000000,50.000000,9.874503
67,60,85.000000,50.000000,9.893149
68,60,90.000000,50.000000,9.911851
69,60,95.000000,50.000000,9.930554
70,60,100.000000,50.000000,9.949257
71,60,105.000000,50.000000,9.967246
72,60,110.000000,50.000000,9.985105
73,60,115.000000,50.000000,10.000898
74,60,120.000000,50.000000,10.016673
75,60,125.000000,50.000000,10.032448
76,60,130.000000,50.000000,10.047762
77,60,135.000000,50.000000,10.061904
78,60,140.000000,50.000000,10.073804
79,60,145.000000,50.000000,10.082698
80,60,150.000000,50.000000,10.091593
81,60,155.000000,50.000000,10.100488
82,60,160.000000,50.000000,10.108290
83,60,165.000000,50.000000,10.115663
84,60,170.000000,50.000000,10.117305
85,60,175.000000,50.000000,10.118040
86,60,180.000000,50.000000,10.118774
87,60,185.000000,50.000000,10.119393
88,60,190.000000,50.000000,10.119375
89,60,195.000000,50.000000,10.117920
90,60,200.000000,50.000000,10.113104
91,60,205.000000,50.000000,10.108287
92,60,210.000000,50.000000,10.103471
93,60,215.000000,50.000000,10.098572
94,60,220.000000,50.000000,10.093616
95,60,225.000000,50.000000,10.087551
96,60,230.000000,50.000000,10.081088
97,60,235.000000,50.000000,10.074625
98,60,240.000000,50.000000,10.068162
99,60,245.000000,50.000000,10.061693
100,60,250.000000,50.000000,10.055193
0,61,-250.000000,55.000000,8.070078
1,61,-245.000000,55.000000,8.108347
2,61,-240.000000,55.000000,8.146617
3,61,-235.000000,55.000000,8.184886
4,61,-230.000000,55.000000,8.223623
5,61,-225.000000,55.000000,8.262655
6,61,-220.000000,55.000000,8.301753
7,61,-215.000000,55.000000,8.340872
8,61,-210.000000,55.000000,8.379990
9,61,-205.000000,55.000000,8.418882
10,61,-200.000000,55.000000,8.453484
11,61,-195.000000,55.000000,8.487928
12,61,-190.000000,55.000000,8.521717
13,61,-185.000000,55.000000,8.555507
14,61,-180.000000,55.000000,8.589296
15,61,-175.000000,55.000000,8.620967
16,61,-170.000000,55.000000,8.650397
17,61,-165.000000,55.000000,8.679125
18,61,-160.000000,55.000000,8.707442
19,61,-155.000000,55.000000,8.735760
20,61,-150.000000,55.000000,8.764077
21,61,-145.000000,55.000000,8.791191
22,61,-140.000000,55.000000,8.818173
23,61,-135.000000,55.000000,8.844741
24,61,-130.000000,55.000000,8.871308
25,61,-125.000000,55.000000,8.897875
26,61,-120.000000,55.000000,8.924798
27,61,-115.000000,55.000000,8.952357
28,61,-110.000000,55.000000,8.980136
29,61,-105.000000,55.000000,9.008131
30,61,-100.000000,55.000000,9.036125
31,61,-95.000000,55.000000,9.064120
32,61,-90.000000,55.000000,9.092846
33,61,-85.000000,55.000000,9.121761
34,61,-80.000000,55.000000,9.151154
35,61,-75.000000,55.000000,9.180578
36,61,-70.000000,55.000000,9.210002
37,61,-65.000000,55.000000,9.239274
38,61,-60.000000,55.000000,9.268039
39,61,-55.000000,55.000000,9.296635
40,61,-50.000000,55.000000,9.324948
41,61,-45.000000,55.000000,9.353261
42,61,-40.000000,55.000000,9.381574
43,61,-35.000000,55.000000,9.408562
44,61,-30.000000,55.000000,9.434886
45,61,-25.000000,55.000000,9.459847
46,61,-20.000000,55.000000,9.484492
47,61,-15.000000,55.000000,9.509137
48,61,-10.000000,55.000000,9.533577
49,61,-5.000000,55.000000,9.556212
50,61,0.000000,55.000000,9.578333
51,61,5.000000,55.000000,9.598889
52,61,10.000000,55.000000,9.619445
53,61,15.000000,55.000000,9.640001
54,61,20.000000,55.000000,9.660050
55,61,25.000000,55.000000,9.679664
56,61,30.000000,55.000000,9.698461
57,61,35.000000,55.000000,9.716879
58,61,40.000000,55.000000,9.735297
59,61,45.000000,55.000000,9.753716
60,61,50.000000,55.000000,9.772222
61,61,55.000000,55.000000,9.790747
62,61,60.000000,55.000000,9.809396
63,61,65.000000,55.000000,9.828045
64,61,70.000000,55.000000,9.846694
65,61,75.000000,55.000000,9.865384
66,61,80.000000,55.000000,9.884135
67,61,85.000000,55.000000,9.902997
68,61,90.000000,55.000000,9.921947
69,61,95.000000,55.000000,9.940898
70,61,100.000000,55.000000,9.959848
71,61,105.000000,55.000000,9.978104
72,61,110.000000,55.000000,9.996234
73,61,115.000000,55.000000,10.012356
74,61,120.000000,55.000000,10.028460
75,61,125.000000,55.000000,10.044564
76,61,130.000000,55.000000,10.060205
77,61,135.000000,55.000000,10.074664
78,61,140.000000,55.000000,10.086864
79,61,145.000000,55.000000,10.096037
80,61,150.000000,55.000000,10.105210
81,61,155.000000,55.000000,10.114383
82,61,160.000000,55.000000,10.122449
83,61,165.000000,55.000000,10.130081
84,61,170.000000,55.000000,10.131904
85,61,175.000000,55.000000,10.132808
86,61,180.000000,55.000000,10.133713
87,61,185.000000,55.000000,10.134501
88,61,190.000000,55.000000,10.134651
89,61,195.000000,55.000000,10.133360
90,61,200.000000,55.000000,10.128700
91,61,205.000000,55.000000,10.124040
92,61,210.000000,55.000000,10.119380
93,61,215.000000,55.000000,10.114644
94,61,220.000000,55.000000,10.109854
95,61,225.000000,55.000000,10.104032
96,61,230.000000,55.000000,10.097840
97,61,235.000000,55.000000,10.091647
98,61,240.000000,55.000000,10.085454
99,61,245.000000,55.000000,10.079258
100,61,250.000000,55.000000,10.073049
0,62,-250.000000,60.000000,8.044974
1,62,-245.000000,60.000000,8.084036
2,62,-240.000000,60.000000,8.123098
3,62,-235.000000,60.000000,8.162159
4,62,-230.000000,60.000000,8.201695
5,62,-225.000000,60.000000,8.241528
6,62,-220.000000,60.000000,8.281427
7,62,-215.000000,60.000000,8.321348
8,62,-210.000000,60.000000,8.361268
9,62,-205.000000,60.000000,8.400957
10,62,-200.000000,60.000000,8.436247
11,62,-195.000000,60.000000,8.471374
12,62,-190.000000,60.000000,8.505830
13,62,-185.000000,60.000000,8.540287
14,62,-180.000000,60.000000,8.574744
15,62,-175.000000,60.000000,8.607019
16,62,-170.000000,60.000000,8.636989
17,62,-165.000000,60.000000,8.666236
18,62,-160.000000,60.000000,8.695061
19,62,-155.000000,60.000000,8.723885
20,62,-150.000000,60.000000,8.752710
21,62,-145.000000,60.000000,8.780277
22,62,-140.000000,60.000000,8.807706
23,62,-135.000000,60.000000,8.834702
24,62,-130.000000,60.000000,8.861698
25,62,-125.000000,60.000000,8.888694
26,62,-120.000000,60.000000,8.916056
27,62,-115.000000,60.000000,8.944074
28,62,-110.000000,60.000000,8.972318
29,62,-105.000000,60.000000,9.000786
30,62,-100.000000,60.000000,9.029253
31,62,-95.000000,60.000000,9.057720
32,62,-90.000000,60.000000,9.086977
33,62,-85.000000,60.000000,9.116439
34,62,-80.000000,60.000000,9.146417
35,62,-75.000000,60.000000,9.176428
36,62,-70.000000,60.000000,9.206440
37,62,-65.000000,60.000000,9.236309
38,62,-60.000000,60.000000,9.265701
39,62,-55.000000,60.000000,9.294934
40,62,-50.000000,60.000000,9.323902
41,62,-45.000000,60.000000,9.352871
42,62,-40.000000,60.000000,9.381839
43,62,-35.000000,60.000000,9.409452
44,62,-30.000000,60.000000,9.436387
45,62,-25.000000,60.000000,9.461930
46,62,-20.000000,60.000000,9.487148
47,62,-15.000000,60.000000,9.512367
48,62,-10.000000,60.000000,9.537371
49,62,-5.000000,60.000000,9.560480
50,62,0.000000,60.000000,9.583048
51,62,5.000000,60.000000,9.603973
52,62,10.000000,60.000000,9.624899
53,62,15.000000,60.000000,9.645825
54,62,20.000000,60.000000,9.666201
55,62,25.000000,60.000000,9.686106
56,62,30.000000,60.000000,9.705125
57,62,35.000000,60.000000,9.723735
58,62,40.000000,60.000000,9.742344
59,62,45.000000,60.000000,9.760954
60,62,50.000000,60.000000,9.779643
61,62,55.000000,60.000000,9.798349
62,62,60.000000,60.000000,9.817167
63,62,65.000000,60.000000,9.835985
64,62,70.000000,60.000000,9.854803
65,62,75.000000,60.000000,9.873678
66,62,80.000000,60.000000,9.892633
67,62,85.000000,60.000000,9.911737
68,62,90.000000,60.000000,9.930960
69,62,95.000000,60.000000,9.950182
70,62,100.000000,60.000000,9.969405
71,62,105.000000,60.000000,9.987951
72,62,110.000000,60.000000,10.006375
73,62,115.000000,60.000000,10.022841
74,62,120.000000,60.000000,10.039289
75,62,125.000000,60.000000,10.055738
76,62,130.000000,60.000000,10.071720
77,62,135.000000,60.000000,10.086511
78,62,140.000000,60.000000,10.099024
79,62,145.000000,60.000000,10.108487
80,62,150.000000,60.000000,10.117950
81,62,155.000000,60.000000,10.127413
82,62,160.000000,60.000000,10.135754
83,62,165.000000,60.000000,10.143655
84,62,170.000000,60.000000,10.145673
85,62,175.000000,60.000000,10.146759
86,62,180.000000,60.000000,10.147846
87,62,185.000000,60.000000,10.148816
88,62,190.000000,60.000000,10.149147
89,62,195.000000,60.000000,10.148033
90,62,200.000000,60.000000,10.143542
91,62,205.000000,60.000000,10.139050
92,62,210.000000,60.000000,10.134559
93,62,215.000000,60.000000,10.129996
94,62,220.000000,60.000000,10.125383
95,62,225.000000,60.000000,10.119811
96,62,230.000000,60.000000,10.113893
97,62,235.000000,60.000000,10.107975
98,62,240.000000,60.000000,10.102057
99,62,245.000000,60.000000,10.096139
100,62,250.000000,60.000000,10.090223
0,63,-250.000000,65.000000,8.021208
1,63,-245.000000,65.000000,8.060984
2,63,-240.000000,65.000000,8.100760
3,63,-235.000000,65.000000,8.140536
4,63,-230.000000,65.000000,8.180789
5,63,-225.000000,65.000000,8.221342
6,63,-220.000000,65.000000,8.261961
7,63,-215.000000,65.000000,8.302601
8,63,-210.000000,65.000000,8.343241
9,63,-205.000000,65.000000,8.383644
10,63,-200.000000,65.000000,8.419550
11,63,-195.000000,65.000000,8.455288
12,63,-190.000000,65.000000,8.490341
13,63,-185.000000,65.000000,8.525395
14,63,-180.000000,65.000000,8.560448
15,63,-175.000000,65.000000,8.593265
16,63,-170.000000,65.000000,8.623719
17,63,-165.000000,65.000000,8.653431
18,63,-160.000000,65.000000,8.682710
19,63,-155.000000,65.000000,8.711989
20,63,-150.000000,65.000000,8.741269
21,63,-145.000000,65.000000,8.769247
22,63,-140.000000,65.000000,8.797083
23,63,-135.000000,65.000000,8.824470
24,63,-130.000000,65.000000,8.851857
25,63,-125.000000,65.000000,8.879244
26,63,-120.000000,65.000000,8.907009
27,63,-115.000000,65.000000,8.935452
28,63,-110.000000,65.000000,8.964128
29,63,-105.000000,65.000000,8.993035
30,63,-100.000000,65.000000,9.021941
31,63,-95.000000,65.000000,9.050847
32,63,-90.000000,65.000000,9.080600
33,63,-85.000000,65.000000,9.110573
34,63,-80.000000,65.000000,9.141099
35,63,-75.000000,65.000000,9.171661
36,63,-70.000000,65.000000,9.202222
37,63,-65.000000,65.000000,9.232650
38,63,-60.000000,65.000000,9.262631
39,63,-55.000000,65.000000,9.292462
40,63,-50.000000,65.000000,9.322044
41,63,-45.000000,65.000000,9.351626
42,63,-40.000000,65.000000,9.381209
43,63,-35.000000,65.000000,9.409410
44,63,-30.000000,65.000000,9.436920
45,63,-25.000000,65.000000,9.463011
46,63,-20.000000,65.000000,9.488772
47,63,-15.000000,65.000000,9.514534
48,63,-10.000000,65.000000,9.540070
49,63,-5.000000,65.000000,9.563631
50,63,0.000000,65.000000,9.586629
51,63,5.000000,65.000000,9.607915
52,63,10.000000,65.000000,9.629200
53,63,15.000000,65.000000,9.650486
54,63,20.000000,65.000000,9.671185
55,63,25.000000,65.000000,9.691382
56,63,30.000000,65.000000,9.710634
57,63,35.000000,65.000000,9.729448
58,63,40.000000,65.000000,9.748263
59,63,45.000000,65.000000,9.767077
60,63,50.000000,65.000000,9.785967
61,63,55.000000,65.000000,9.804873
62,63,60.000000,65.000000,9.823885
63,63,65.000000,65.000000,9.842898
64,63,70.000000,65.000000,9.861910
65,63,75.000000,65.000000,9.880992
66,63,80.000000,65.000000,9.900175
67,63,85.000000,65.000000,9.919543
68,63,90.000000,65.000000,9.939059
69,63,95.000000,65.000000,9.958576
70,63,100.000000,65.000000,9.978092
71,63,105.000000,65.000000,9.996947
72,63,110.000000,65.000000,10.015683
73,63,115.000000,65.000000,10.032505
74,63,120.000000,65.000000,10.049312
75,63,125.000000,65.000000,10.066118
76,63,130.000000,65.000000,10.082453
77,63,135.000000,65.000000,10.097588
78,63,140.000000,65.000000,10.110426
79,63,145.000000,65.000000,10.120188
80,63,150.000000,65.000000,10.129951
81,63,155.000000,65.000000,10.139713
82,63,160.000000,65.000000,10.148339
83,63,165.000000,65.000000,10.156520
84,63,170.000000,65.000000,10.158742
85,63,175.000000,65.000000,10.160022
86,63,180.000000,65.000000,10.161302
87,63,185.000000,65.000000,10.162465
88,63,190.000000,65.000000,10.162987
89,63,195.000000,65.000000,10.162061
90,63,200.000000,65.000000,10.157747
91,63,205.000000,65.000000,10.153434
92,63,210.000000,65.000000,10.149120
93,63,215.000000,65.000000,10.144741
94,63,220.000000,65.000000,10.140315
95,63,225.000000,65.000000,10.134997
96,63,230.000000,65.000000,10.129358
97,63,235.000000,65.000000,10.123719
98,63,240.000000,65.000000,10.118080
99,63,245.000000,65.000000,10.112445
100,63,250.000000,65.000000,10.106825
0,64,-250.000000,70.000000,8.001046
1,64,-245.000000,70.000000,8.041326
2,64,-240.000000,70.000000,8.081606
3,64,-235.000000,70.000000,8.121886
4,64,-230.000000,70.000000,8.162639
5,64,-225.000000,70.000000,8.203691
6,64,-220.000000,70.000000,8.244808
7,64,-215.000000,70.000000,8.285947
8,64,-210.000000,70.000000,8.327085
9,64,-205.000000,70.000000,8.367983
10,64,-200.000000,70.000000,8.404308
11,64,-195.000000,70.000000,8.440465
12,64,-190.000000,70.000000,8.475924
13,64,-185.000000,70.000000,8.511383
14,64,-180.000000,70.000000,8.546842
15,64,-175.000000,70.000000,8.580030
16,64,-170.000000,70.000000,8.610816
17,64,-165.000000,70.000000,8.640849
18,64,-160.000000,70.000000,8.670443
19,64,-155.000000,70.000000,8.700036
20,64,-150.000000,70.000000,8.729629
21,64,-145.000000,70.000000,8.757905
22,64,-140.000000,70.000000,8.786037
23,64,-135.000000,70.000000,8.813714
24,64,-130.000000,70.000000,8.841392
25,64,-125.000000,70.000000,8.869069
26,64,-120.000000,70.000000,8.897140
27,64,-115.000000,70.000000,8.925915
28,64,-110.000000,70.000000,8.954933
29,64,-105.000000,70.000000,8.984190
30,64,-100.000000,70.000000,9.013447
31,64,-95.000000,70.000000,9.042704
32,64,-90.000000,70.000000,9.072858
33,64,-85.000000,70.000000,9.103245
34,64,-80.000000,70.000000,9.134218
35,64,-75.000000,70.000000,9.165229
36,64,-70.000000,70.000000,9.196240
37,64,-65.000000,70.000000,9.227125
38,64,-60.000000,70.000000,9.257587
39,64,-55.000000,70.000000,9.287909
40,64,-50.000000,70.000000,9.317995
41,64,-45.000000,70.000000,9.348082
42,64,-40.000000,70.000000,9.378168
43,64,-35.000000,70.000000,9.406857
44,64,-30.000000,70.000000,9.434845
45,64,-25.000000,70.000000,9.461397
46,64,-20.000000,70.000000,9.487615
47,64,-15.000000,70.000000,9.513832
48,64,-10.000000,70.000000,9.539819
49,64,-5.000000,70.000000,9.563777
50,64,0.000000,70.000000,9.587156
51,64,5.000000,70.000000,9.608776
52,64,10.000000,70.000000,9.630396
53,64,15.000000,70.000000,9.652015
54,64,20.000000,70.000000,9.673027
55,64,25.000000,70.000000,9.693518
56,64,30.000000,70.000000,9.713028
57,64,35.000000,70.000000,9.732085
58,64,40.000000,70.000000,9.751142
59,64,45.000000,70.000000,9.770199
60,64,50.000000,70.000000,9.789338
61,64,55.000000,70.000000,9.808495
62,64,60.000000,70.000000,9.827767
63,64,65.000000,70.000000,9.847040
64,64,70.000000,70.000000,9.866313
65,64,75.000000,70.000000,9.885668
66,64,80.000000,70.000000,9.905142
67,64,85.000000,70.000000,9.924834
68,64,90.000000,70.000000,9.944701
69,64,95.000000,70.000000,9.964567
70,64,100.000000,70.000000,9.984433
71,64,105.000000,70.000000,10.003649
72,64,110.000000,70.000000,10.022747
73,64,115.000000,70.000000,10.039962
74,64,120.000000,70.000000,10.057160
75,64,125.000000,70.000000,10.074359
76,64,130.000000,70.000000,10.091082
77,64,135.000000,70.000000,10.106593
78,64,140.000000,70.000000,10.119786
79,64,145.000000,70.000000,10.129873
80,64,150.000000,70.000000,10.139960
81,64,155.000000,70.000000,10.150048
82,64,160.000000,70.000000,10.158985
83,64,165.000000,70.000000,10.167472
84,64,170.000000,70.000000,10.169928
85,64,175.000000,70.000000,10.171431
86,64,180.000000,70.000000,10.172933
87,64,185.000000,70.000000,10.174318
88,64,190.000000,70.000000,10.175059
89,64,195.000000,70.000000,10.174348
90,64,200.000000,70.000000,10.170239
91,64,205.000000,70.000000,10.166131
92,64,210.000000,70.000000,10.162022
93,64,215.000000,70.000000,10.157851
94,64,220.000000,70.000000,10.153637
95,64,225.000000,70.000000,10.148588
96,64,230.000000,70.000000,10.143239
97,64,235.000000,70.000000,10.137890
98,64,240.000000,70.000000,10.132541
99,64,245.000000,70.000000,10.127198
100,64,250.000000,70.000000,10.121882
0,65,-250.000000,75.000000,7.981547
1,65,-245.000000,75.000000,8.022292
2,65,-240.000000,75.000000,8.063037
3,65,-235.000000,75.000000,8.103782
4,65,-230.000000,75.000000,8.144997
5,65,-225.000000,75.000000,8.186506
6,65,-220.000000,75.000000,8.228082
7,65,-215.000000,75.000000,8.269678
8,65,-210.000000,75.000000,8.311274
9,65,-205.000000,75.000000,8.352625
10,65,-200.000000,75.000000,8.389335
11,65,-195.000000,75.000000,8.425873
12,65,-190.000000,75.000000,8.461703
13,65,-185.000000,75.000000,8.497534
14,65,-180.000000,75.000000,8.533364
15,65,-175.000000,75.000000,8.566891
16,65,-170.000000,75.000000,8.597982
17,65,-165.000000,75.000000,8.628309
18,65,-160.000000,75.000000,8.658191
19,65,-155.000000,75.000000,8.688072
20,65,-150.000000,75.000000,8.717953
21,65,-145.000000,75.000000,8.746506
22,65,-140.000000,75.000000,8.774913
23,65,-135.000000,75.000000,8.802863
24,65,-130.000000,75.000000,8.830812
25,65,-125.000000,75.000000,8.858761
26,65,-120.000000,75.000000,8.887119
27,65,-115.000000,75.000000,8.916210
28,65,-110.000000,75.000000,8.945552
29,65,-105.000000,75.000000,8.975144
30,65,-100.000000,75.000000,9.004735
31,65,-95.000000,75.000000,9.034327
32,65,-90.000000,75.000000,9.064865
33,65,-85.000000,75.000000,9.095648
34,65,-80.000000,75.000000,9.127050
35,65,-75.000000,75.000000,9.158492
36,65,-70.000000,75.000000,9.189933
37,65,-65.000000,75.000000,9.221256
38,65,-60.000000,75.000000,9.252181
39,65,-55.000000,75.000000,9.282973
40,65,-50.000000,75.000000,9.313543
41,65,-45.000000,75.000000,9.344114
42,65,-40.000000,75.000000,9.374684
43,65,-35.000000,75.000000,9.403842
44,65,-30.000000,75.000000,9.432290
45,65,-25.000000,75.000000,9.459286
46,65,-20.000000,75.000000,9.485945
47,65,-15.000000,75.000000,9.512603
48,65,-10.000000,75.000000,9.539026
49,65,-5.000000,75.000000,9.563369
50,65,0.000000,75.000000,9.587121
51,65,5.000000,75.000000,9.609070
52,65,10.000000,75.000000,9.631019
53,65,15.000000,75.000000,9.652968
54,65,20.000000,75.000000,9.674291
55,65,25.000000,75.000000,9.695075
56,65,30.000000,75.000000,9.714850
57,65,35.000000,75.000000,9.734156
58,65,40.000000,75.000000,9.753462
59,65,45.000000,75.000000,9.772768
60,65,50.000000,75.000000,9.792165
61,65,55.000000,75.000000,9.811582
62,65,60.000000,75.000000,9.831128
63,65,65.000000,75.000000,9.850673
64,65,70.000000,75.000000,9.870219
65,65,75.000000,75.000000,9.889859
66,65,80.000000,75.000000,9.909635
67,65,85.000000,75.000000,9.929662
68,65,90.000000,75.000000,9.949889
69,65,95.000000,75.000000,9.970116
70,65,100.000000,75.000000,9.990343
71,65,105.000000,75.000000,10.009929
72,65,110.000000,75.000000,10.029398
73,65,115.000000,75.000000,10.047011
74,65,120.000000,75.000000,10.064609
75,65,125.000000,75.000000,10.082206
76,65,130.000000,75.000000,10.099322
77,65,135.000000,75.000000,10.115216
78,65,140.000000,75.000000,10.128769
79,65,145.000000,75.000000,10.139186
80,65,150.000000,75.000000,10.149603
81,65,155.000000,75.000000,10.160021
82,65,160.000000,75.000000,10.169275
83,65,165.000000,75.000000,10.178072
84,65,170.000000,75.000000,10.180768
85,65,175.000000,75.000000,10.182497
86,65,180.000000,75.000000,10.184227
87,65,185.000000,75.000000,10.185840
88,65,190.000000,75.000000,10.186806
89,65,195.000000,75.000000,10.186316
90,65,200.000000,75.000000,10.182416
91,65,205.000000,75.000000,10.178517
92,65,210.000000,75.000000,10.174618
93,65,215.000000,75.000000,10.170660
94,65,220.000000,75.000000,10.166663
95,65,225.000000,75.000000,10.161886
96,65,230.000000,75.000000,10.156829
97,65,235.000000,75.000000,10.151771
98,65,240.000000,75.000000,10.146714
99,65,245.000000,75.000000,10.141665
100,65,250.000000,75.000000,10.136654
0,66,-250.000000,80.000000,7.962049
1,66,-245.000000,80.000000,8.003259
2,66,-240.000000,80.000000,8.044469
3,66,-235.000000,80.000000,8.085679
4,66,-230.000000,80.000000,8.127354
5,66,-225.000000,80.000000,8.169322
6,66,-220.000000,80.000000,8.211355
7,66,-215.000000,80.000000,8.253409
8,66,-210.000000,80.000000,8.295462
9,66,-205.000000,80.000000,8.337267
10,66,-200.000000,80.000000,8.374362
11,66,-195.000000,80.000000,8.411281
12,66,-190.000000,80.000000,8.447483
13,66,-185.000000,80.000000,8.483684
14,66,-180.000000,80.000000,8.519886
15,66,-175.000000,80.000000,8.553752
16,66,-170.000000,80.000000,8.585148
17,66,-165.000000,80.000000,8.615769
18,66,-160.000000,80.000000,8.645939
19,66,-155.000000,80.000000,8.676108
20,66,-150.000000,80.000000,8.706277
21,66,-145.000000,80.000000,8.735107
22,66,-140.000000,80.000000,8.763790
23,66,-135.000000,80.000000,8.792011
24,66,-130.000000,80.000000,8.820232
25,66,-125.000000,80.000000,8.848453
26,66,-120.000000,80.000000,8.877099
27,66,-115.000000,80.000000,8.906504
28,66,-110.000000,80.000000,8.936172
29,66,-105.000000,80.000000,8.966098
30,66,-100.000000,80.000000,8.996024
31,66,-95.000000,80.000000,9.025950
32,66,-90.000000,80.000000,9.056871
33,66,-85.000000,80.000000,9.088051
34,66,-80.000000,80.000000,9.119881
35,66,-75.000000,80.000000,9.151754
36,66,-70.000000,80.000000,9.183627
37,66,-65.000000,80.000000,9.215387
38,66,-60.000000,80.000000,9.246775
39,66,-55.000000,80.000000,9.278037
40,66,-50.000000,80.000000,9.309091
41,66,-45.000000,80.000000,9.340146
42,66,-40.000000,80.000000,9.371200
43,66,-35.000000,80.000000,9.400826
44,66,-30.000000,80.000000,9.429735
45,66,-25.000000,80.000000,9.457176
46,66,-20.000000,80.000000,9.484275
47,66,-15.000000,80.000000,9.511374
48,66,-10.000000,80.000000,9.538232
49,66,-5.000000,80.000000,9.562962
50,66,0.000000,80.000000,9.587085
51,66,5.000000,80.000000,9.609364
52,66,10.000000,80.000000,9.631643
53,66,15.000000,80.000000,9.653922
54,66,20.000000,80.000000,9.675555
55,66,25.000000,80.000000,9.696633
56,66,30.000000,80.000000,9.716671
57,66,35.000000,80.000000,9.736226
58,66,40.000000,80.000000,9.755782
59,66,45.000000,80.000000,9.775337
60,66,50.000000,80.000000,9.794992
61,66,55.000000,80.000000,9.814669
62,66,60.000000,80.000000,9.834488
63,66,65.000000,80.000000,9.854306
64,66,70.000000,80.000000,9.874124
65,66,75.000000,80.000000,9.894049
66,66,80.000000,80.000000,9.914128
67,66,85.000000,80.000000,9.934490
68,66,90.000000,80.000000,9.955078
69,66,95.000000,80.000000,9.975665
70,66,100.000000,80.000000,9.996253
71,66,105.000000,80.000000,10.016209
72,66,110.000000,80.000000,10.036050
73,66,115.000000,80.000000,10.054061
74,66,120.000000,80.000000,10.072057
75,66,125.000000,80.000000,10.090053
76,66,130.000000,80.000000,10.107563
77,66,135.000000,80.000000,10.123839
78,66,140.000000,80.000000,10.137752
79,66,145.000000,80.000000,10.148499
80,66,150.000000,80.000000,10.159247
81,66,155.000000,80.000000,10.169994
82,66,160.000000,80.000000,10.179564
83,66,165.000000,80.000000,10.188673
84,66,170.000000,80.000000,10.191607
85,66,175.000000,80.000000,10.193564
86,66,180.000000,80.000000,10.195522
87,66,185.000000,80.000000,10.197361
88,66,190.000000,80.000000,10.198553
89,66,195.000000,80.000000,10.198283
90,66,200.000000,80.000000,10.194593
91,66,205.000000,80.000000,10.190903
92,66,210.000000,80.000000,10.187214
93,66,215.000000,80.000000,10.183470
94,66,220.000000,80.000000,10.179689
95,66,225.000000,80.000000,10.175184
96,66,230.000000,80.000000,10.170418
97,66,235.000000,80.000000,10.165653
98,66,240.000000,80.000000,10.160887
99,66,245.000000,80.000000,10.156132
100,66,250.000000,80.000000,10.151427
0,67,-250.000000,85.000000,7.944723
1,67,-245.000000,85.000000,7.986269
2,67,-240.000000,85.000000,8.027815
3,67,-235.000000,85.000000,8.069360
4,67,-230.000000,85.000000,8.111369
5,67,-225.000000,85.000000,8.153668
6,67,-220.000000,85.000000,8.196032
7,67,-215.000000,85.000000,8.238416
8,67,-210.000000,85.000000,8.280800
9,67,-205.000000,85.000000,8.322934
10,67,-200.000000,85.000000,8.360309
11,67,-195.000000,85.000000,8.397507
12,67,-190.000000,85.000000,8.433981
13,67,-185.000000,85.000000,8.470454
14,67,-180.000000,85.000000,8.506927
15,67,-175.000000,85.000000,8.541044
16,67,-170.000000,85.000000,8.572671
17,67,-165.000000,85.000000,8.603517
18,67,-160.000000,85.000000,8.633906
19,67,-155.000000,85.000000,8.664296
20,67,-150.000000,85.000000,8.694685
21,67,-145.000000,85.000000,8.723737
22,67,-140.000000,85.000000,8.752641
23,67,-135.000000,85.000000,8.781084
24,67,-130.000000,85.000000,8.809528
25,67,-125.000000,85.000000,8.837971
26,67,-120.000000,85.000000,8.866854
27,67,-115.000000,85.000000,8.896525
28,67,-110.000000,85.000000,8.926468
29,67,-105.000000,85.000000,8.956678
30,67,-100.000000,85.000000,8.986888
31,67,-95.000000,85.000000,9.017099
32,67,-90.000000,85.000000,9.048349
33,67,-85.000000,85.000000,9.079869
34,67,-80.000000,85.000000,9.112068
35,67,-75.000000,85.000000,9.144312
36,67,-70.000000,85.000000,9.176556
37,67,-65.000000,85.000000,9.208694
38,67,-60.000000,85.000000,9.240482
39,67,-55.000000,85.000000,9.272152
40,67,-50.000000,85.000000,9.303628
41,67,-45.000000,85.000000,9.335103
42,67,-40.000000,85.000000,9.366578
43,67,-35.000000,85.000000,9.396615
44,67,-30.000000,85.000000,9.425930
45,67,-25.000000,85.000000,9.453766
46,67,-20.000000,85.000000,9.481259
47,67,-15.000000,85.000000,9.508751
48,67,-10.000000,85.000000,9.535998
49,67,-5.000000,85.000000,9.561082
50,67,0.000000,85.000000,9.585549
51,67,5.000000,85.000000,9.608141
52,67,10.000000,85.000000,9.630733
53,67,15.000000,85.000000,9.653325
54,67,20.000000,85.000000,9.675258
55,67,25.000000,85.000000,9.696627
56,67,30.000000,85.000000,9.716934
57,67,35.000000,85.000000,9.736750
58,67,40.000000,85.000000,9.756566
59,67,45.000000,85.000000,9.776381
60,67,50.000000,85.000000,9.796308
61,67,55.000000,85.000000,9.816260
62,67,60.000000,85.000000,9.836369
63,67,65.000000,85.000000,9.856478
64,67,70.000000,85.000000,9.876587
65,67,75.000000,85.000000,9.896814
66,67,80.000000,85.000000,9.917210
67,67,85.000000,85.000000,9.937917
68,67,90.000000,85.000000,9.958872
69,67,95.000000,85.000000,9.979828
70,67,100.000000,85.000000,10.000784
71,67,105.000000,85.000000,10.021114
72,67,110.000000,85.000000,10.041331
73,67,115.000000,85.000000,10.059739
74,67,120.000000,85.000000,10.078131
75,67,125.000000,85.000000,10.096523
76,67,130.000000,85.000000,10.114426
77,67,135.000000,85.000000,10.131083
78,67,140.000000,85.000000,10.145357
79,67,145.000000,85.000000,10.156437
80,67,150.000000,85.000000,10.167518
81,67,155.000000,85.000000,10.178598
82,67,160.000000,85.000000,10.188490
83,67,165.000000,85.000000,10.197915
84,67,170.000000,85.000000,10.201104
85,67,175.000000,85.000000,10.203306
86,67,180.000000,85.000000,10.205509
87,67,185.000000,85.000000,10.207593
88,67,190.000000,85.000000,10.209028
89,67,195.000000,85.000000,10.208998
90,67,200.000000,85.000000,10.205541
91,67,205.000000,85.000000,10.202083
92,67,210.000000,85.000000,10.198626
93,67,215.000000,85.000000,10.195119
94,67,220.000000,85.000000,10.191576
95,67,225.000000,85.000000,10.187359
96,67,230.000000,85.000000,10.182898
97,67,235.000000,85.000000,10.178437
98,67,240.000000,85.000000,10.173977
99,67,245.000000,85.000000,10.169529
100,67,250.000000,85.000000,10.165140
0,68,-250.000000,90.000000,7.930075
1,68,-245.000000,90.000000,7.971797
2,68,-240.000000,90.000000,8.013519
3,68,-235.000000,90.000000,8.055241
4,68,-230.000000,90.000000,8.097425
5,68,-225.000000,90.000000,8.139899
6,68,-220.000000,90.000000,8.182437
7,68,-215.000000,90.000000,8.224996
8,68,-210.000000,90.000000,8.267555
9,68,-205.000000,90.000000,8.309861
10,68,-200.000000,90.000000,8.347389
11,68,-195.000000,90.000000,8.384740
12,68,-190.000000,90.000000,8.421363
13,68,-185.000000,90.000000,8.457985
14,68,-180.000000,90.000000,8.494608
15,68,-175.000000,90.000000,8.528870
16,68,-170.000000,90.000000,8.560636
17,68,-165.000000,90.000000,8.591619
18,68,-160.000000,90.000000,8.622145
19,68,-155.000000,90.000000,8.652671
20,68,-150.000000,90.000000,8.683197
21,68,-145.000000,90.000000,8.712401
22,68,-140.000000,90.000000,8.741461
23,68,-135.000000,90.000000,8.770065
24,68,-130.000000,90.000000,8.798669
25,68,-125.000000,90.000000,8.827274
26,68,-120.000000,90.000000,8.856333
27,68,-115.000000,90.000000,8.886208
28,68,-110.000000,90.000000,8.916364
29,68,-105.000000,90.000000,8.946798
30,68,-100.000000,90.000000,8.977231
31,68,-95.000000,90.000000,9.007664
32,68,-90.000000,90.000000,9.039175
33,68,-85.000000,90.000000,9.070966
34,68,-80.000000,90.000000,9.103462
35,68,-75.000000,90.000000,9.136002
36,68,-70.000000,90.000000,9.168543
37,68,-65.000000,90.000000,9.200985
38,68,-60.000000,90.000000,9.233097
39,68,-55.000000,90.000000,9.265099
40,68,-50.000000,90.000000,9.296918
41,68,-45.000000,90.000000,9.328736
42,68,-40.000000,90.000000,9.360554
43,68,-35.000000,90.000000,9.390931
44,68,-30.000000,90.000000,9.420585
45,68,-25.000000,90.000000,9.448756
46,68,-20.000000,90.000000,9.476584
47,68,-15.000000,90.000000,9.504411
48,68,-10.000000,90.000000,9.531991
49,68,-5.000000,90.000000,9.557389
50,68,0.000000,90.000000,9.582165
51,68,5.000000,90.000000,9.605049
52,68,10.000000,90.000000,9.627934
53,68,15.000000,90.000000,9.650819
54,68,20.000000,90.000000,9.673041
55,68,25.000000,90.000000,9.694694
56,68,30.000000,90.000000,9.715278
57,68,35.000000,90.000000,9.735368
58,68,40.000000,90.000000,9.755458
59,68,45.000000,90.000000,9.775547
60,68,50.000000,90.000000,9.795763
61,68,55.000000,90.000000,9.816006
62,68,60.000000,90.000000,9.836429
63,68,65.000000,90.000000,9.856851
64,68,70.000000,90.000000,9.877273
65,68,75.000000,90.000000,9.897822
66,68,80.000000,90.000000,9.918553
67,68,85.000000,90.000000,9.939618
68,68,90.000000,90.000000,9.960950
69,68,95.000000,90.000000,9.982283
70,68,100.000000,90.000000,10.003615
71,68,105.000000,90.000000,10.024327
72,68,110.000000,90.000000,10.044926
73,68,115.000000,90.000000,10.063727
74,68,120.000000,90.000000,10.082513
75,68,125.000000,90.000000,10.101299
76,68,130.000000,90.000000,10.119591
77,68,135.000000,90.000000,10.136628
78,68,140.000000,90.000000,10.151264
79,68,145.000000,90.000000,10.162681
80,68,150.000000,90.000000,10.174098
81,68,155.000000,90.000000,10.185516
82,68,160.000000,90.000000,10.195735
83,68,165.000000,90.000000,10.205484
84,68,170.000000,90.000000,10.208947
85,68,175.000000,90.000000,10.211416
86,68,180.000000,90.000000,10.213885
87,68,185.000000,90.000000,10.216235
88,68,190.000000,90.000000,10.217936
89,68,195.000000,90.000000,10.218170
90,68,200.000000,90.000000,10.214974
91,68,205.000000,90.000000,10.211778
92,68,210.000000,90.000000,10.208581
93,68,215.000000,90.000000,10.205338
94,68,220.000000,90.000000,10.202061
95,68,225.000000,90.000000,10.198150
96,68,230.000000,90.000000,10.194011
97,68,235.000000,90.000000,10.189872
98,68,240.000000,90.000000,10.185733
99,68,245.000000,90.000000,10.181607
100,68,250.000000,90.000000,10.177547
0,69,-250.000000,95.000000,7.922007
1,69,-245.000000,95.000000,7.963514
2,69,-240.000000,95.000000,8.005021
3,69,-235.000000,95.000000,8.046529
4,69,-230.000000,95.000000,8.088500
5,69,-225.000000,95.000000,8.130764
6,69,-220.000000,95.000000,8.173092
7,69,-215.000000,95.000000,8.215441
8,69,-210.000000,95.000000,8.257790
9,69,-205.000000,95.000000,8.299889
10,69,-200.000000,95.000000,8.337257
11,69,-195.000000,95.000000,8.374449
12,69,-190.000000,95.000000,8.410920
13,69,-185.000000,95.000000,8.447391
14,69,-180.000000,95.000000,8.483862
15,69,-175.000000,95.000000,8.518004
16,69,-170.000000,95.000000,8.549684
17,69,-165.000000,95.000000,8.580592
18,69,-160.000000,95.000000,8.611049
19,69,-155.000000,95.000000,8.641506
20,69,-150.000000,95.000000,8.671963
21,69,-145.000000,95.000000,8.701153
22,69,-140.000000,95.000000,8.730204
23,69,-135.000000,95.000000,8.758819
24,69,-130.000000,95.000000,8.787433
25,69,-125.000000,95.000000,8.816048
26,69,-120.000000,95.000000,8.845133
27,69,-115.000000,95.000000,8.875061
28,69,-110.000000,95.000000,8.905280
29,69,-105.000000,95.000000,8.935785
30,69,-100.000000,95.000000,8.966291
31,69,-95.000000,95.000000,8.996796
32,69,-90.000000,95.000000,9.028401
33,69,-85.000000,95.000000,9.060292
34,69,-80.000000,95.000000,9.092903
35,69,-75.000000,95.000000,9.125560
36,69,-70.000000,95.000000,9.158216
37,69,-65.000000,95.000000,9.190780
38,69,-60.000000,95.000000,9.223029
39,69,-55.000000,95.000000,9.255174
40,69,-50.000000,95.000000,9.287144
41,69,-45.000000,95.000000,9.319114
42,69,-40.000000,95.000000,9.351084
43,69,-35.000000,95.000000,9.381626
44,69,-30.000000,95.000000,9.411453
45,69,-25.000000,95.000000,9.439813
46,69,-20.000000,95.000000,9.467831
47,69,-15.000000,95.000000,9.495850
48,69,-10.000000,95.000000,9.523623
49,69,-5.000000,95.000000,9.549237
50,69,0.000000,95.000000,9.574236
51,69,5.000000,95.000000,9.597364
52,69,10.000000,95.000000,9.620492
53,69,15.000000,95.000000,9.643620
54,69,20.000000,95.000000,9.666100
55,69,25.000000,95.000000,9.688025
56,69,30.000000,95.000000,9.708905
57,69,35.000000,95.000000,9.729302
58,69,40.000000,95.000000,9.749699
59,69,45.000000,95.000000,9.770096
60,69,50.000000,95.000000,9.790642
61,69,55.000000,95.000000,9.811220
62,69,60.000000,95.000000,9.832010
63,69,65.000000,95.000000,9.852800
64,69,70.000000,95.000000,9.873590
65,69,75.000000,95.000000,9.894511
66,69,80.000000,95.000000,9.915620
67,69,85.000000,95.000000,9.937075
68,69,90.000000,95.000000,9.958807
69,69,95.000000,95.000000,9.980539
70,69,100.000000,95.000000,10.002271
71,69,105.000000,95.000000,10.023378
72,69,110.000000,95.000000,10.044373
73,69,115.000000,95.000000,10.063561
74,69,120.000000,95.000000,10.082733
75,69,125.000000,95.000000,10.101906
76,69,130.000000,95.000000,10.120582
77,69,135.000000,95.000000,10.137997
78,69,140.000000,95.000000,10.152996
79,69,145.000000,95.000000,10.164760
80,69,150.000000,95.000000,10.176524
81,69,155.000000,95.000000,10.188288
82,69,160.000000,95.000000,10.198850
83,69,165.000000,95.000000,10.208941
84,69,170.000000,95.000000,10.212726
85,69,175.000000,95.000000,10.215514
86,69,180.000000,95.000000,10.218302
87,69,185.000000,95.000000,10.220971
88,69,190.000000,95.000000,10.222993
89,69,195.000000,95.000000,10.223551
90,69,200.000000,95.000000,10.220685
91,69,205.000000,95.000000,10.217819
92,69,210.000000,95.000000,10.214953
93,69,215.000000,95.000000,10.212042
94,69,220.000000,95.000000,10.209099
95,69,225.000000,95.000000,10.205542
96,69,230.000000,95.000000,10.201764
97,69,235.000000,95.000000,10.197986
98,69,240.000000,95.000000,10.194208
99,69,245.000000,95.000000,10.190444
100,69,250.000000,95.000000,10.186745
0,70,-250.000000,100.000000,7.916135
1,70,-245.000000,100.000000,7.957297
2,70,-240.000000,100.000000,7.998458
3,70,-235.000000,100.000000,8.039620
4,70,-230.000000,100.000000,8.081250
5,70,-225.000000,100.000000,8.123175
6,70,-220.000000,100.000000,8.165165
7,70,-215.000000,100.000000,8.207176
8,70,-210.000000,100.000000,8.249187
9,70,-205.000000,100.000000,8.290952
10,70,-200.000000,100.000000,8.328054
11,70,-195.000000,100.000000,8.364983
12,70,-190.000000,100.000000,8.401202
13,70,-185.000000,100.000000,8.437421
14,70,-180.000000,100.000000,8.473640
15,70,-175.000000,100.000000,8.507574
16,70,-170.000000,100.000000,8.539094
17,70,-165.000000,100.000000,8.569855
18,70,-160.000000,100.000000,8.600175
19,70,-155.000000,100.000000,8.630495
20,70,-150.000000,100.000000,8.660814
21,70,-145.000000,100.000000,8.689934
22,70,-140.000000,100.000000,8.718922
23,70,-135.000000,100.000000,8.747497
24,70,-130.000000,100.000000,8.776071
25,70,-125.000000,100.000000,8.804646
26,70,-120.000000,100.000000,8.833706
27,70,-115.000000,100.000000,8.863638
28,70,-110.000000,100.000000,8.893868
29,70,-105.000000,100.000000,8.924395
30,70,-100.000000,100.000000,8.954922
31,70,-95.000000,100.000000,8.985449
32,70,-90.000000,100.000000,9.017093
33,70,-85.000000,100.000000,9.049028
34,70,-80.000000,100.000000,9.081693
35,70,-75.000000,100.000000,9.114405
36,70,-70.000000,100.000000,9.147118
37,70,-65.000000,100.000000,9.179741
38,70,-60.000000,100.000000,9.212065
39,70,-55.000000,100.000000,9.244289
40,70,-50.000000,100.000000,9.276347
41,70,-45.000000,100.000000,9.308405
42,70,-40.000000,100.000000,9.340463
43,70,-35.000000,100.000000,9.371114
44,70,-30.000000,100.000000,9.401058
45,70,-25.000000,100.000000,9.429556
46,70,-20.000000,100.000000,9.457718
47,70,-15.000000,100.000000,9.485879
48,70,-10.000000,100.000000,9.513800
49,70,-5.000000,100.000000,9.539598
50,70,0.000000,100.000000,9.564792
51,70,5.000000,100.000000,9.588146
52,70,10.000000,100.000000,9.611501
53,70,15.000000,100.000000,9.634855
54,70,20.000000,100.000000,9.657583
55,70,25.000000,100.000000,9.679775
56,70,30.000000,100.000000,9.700957
57,70,35.000000,100.000000,9.721673
58,70,40.000000,100.000000,9.742388
59,70,45.000000,100.000000,9.763103
60,70,50.000000,100.000000,9.783993
61,70,55.000000,100.000000,9.804922
62,70,60.000000,100.000000,9.826098
63,70,65.000000,100.000000,9.847274
64,70,70.000000,100.000000,9.868450
65,70,75.000000,100.000000,9.889760
66,70,80.000000,100.000000,9.911262
67,70,85.000000,100.000000,9.933117
68,70,90.000000,100.000000,9.955256
69,70,95.000000,100.000000,9.977394
70,70,100.000000,100.000000,9.999532
71,70,105.000000,100.000000,10.021041
72,70,110.000000,100.000000,10.042436
73,70,115.000000,100.000000,10.062008
74,70,120.000000,100.000000,10.081565
75,70,125.000000,100.000000,10.101122
76,70,130.000000,100.000000,10.120181
77,70,135.000000,100.000000,10.137971
78,70,140.000000,100.000000,10.153336
79,70,145.000000,100.000000,10.165449
80,70,150.000000,100.000000,10.177563
81,70,155.000000,100.000000,10.189677
82,70,160.000000,100.000000,10.200587
83,70,165.000000,100.000000,10.211025
84,70,170.000000,100.000000,10.215148
85,70,175.000000,100.000000,10.218272
86,70,180.000000,100.000000,10.221397
87,70,185.000000,100.000000,10.224404
88,70,190.000000,100.000000,10.226764
89,70,195.000000,100.000000,10.227665
90,70,200.000000,100.000000,10.225153
91,70,205.000000,100.000000,10.222641
92,70,210.000000,100.000000,10.220129
93,70,215.000000,100.000000,10.217573
94,70,220.000000,100.000000,10.214985
95,70,225.000000,100.000000,10.211798
96,70,230.000000,100.000000,10.208395
97,70,235.000000,100.000000,10.204992
98,70,240.000000,100.000000,10.201590
99,70,245.000000,100.000000,10.198199
100,70,250.000000,100.000000,10.194872
0,71,-250.000000,105.000000,7.910263
1,71,-245.000000,105.000000,7.951079
2,71,-240.000000,105.000000,7.991895
3,71,-235.000000,105.000000,8.032712
4,71,-230.000000,105.000000,8.074000
5,71,-225.000000,105.000000,8.115586
6,71,-220.000000,105.000000,8.157238
7,71,-215.000000,105.000000,8.198911
8,71,-210.000000,105.000000,8.240584
9,71,-205.000000,105.000000,8.282014
10,71,-200.000000,105.000000,8.318851
11,71,-195.000000,105.000000,8.355518
12,71,-190.000000,105.000000,8.391485
13,71,-185.000000,105.000000,8.427451
14,71,-180.000000,105.000000,8.463418
15,71,-175.000000,105.000000,8.497145
16,71,-170.000000,105.000000,8.528503
17,71,-165.000000,105.000000,8.559119
18,71,-160.000000,105.000000,8.589301
19,71,-155.000000,105.000000,8.619483
20,71,-150.000000,105.000000,8.649665
21,71,-145.000000,105.000000,8.678714
22,71,-140.000000,105.000000,8.707640
23,71,-135.000000,105.000000,8.736174
24,71,-130.000000,105.000000,8.764709
25,71,-125.000000,105.000000,8.793244
26,71,-120.000000,105.000000,8.822280
27,71,-115.000000,105.000000,8.852214
28,71,-110.000000,105.000000,8.882457
29,71,-105.000000,105.000000,8.913005
30,71,-100.000000,105.000000,8.943553
31,71,-95.000000,105.000000,8.974101
32,71,-90.000000,105.000000,9.005785
33,71,-85.000000,105.000000,9.037763
34,71,-80.000000,105.000000,9.070483
35,71,-75.000000,105.000000,9.103251
36,71,-70.000000,105.000000,9.136019
37,71,-65.000000,105.000000,9.168702
38,71,-60.000000,105.000000,9.201101
39,71,-55.000000,105.000000,9.233405
40,71,-50.000000,105.000000,9.265551
41,71,-45.000000,105.000000,9.297697
42,71,-40.000000,105.000000,9.329843
43,71,-35.000000,105.000000,9.360601
44,71,-30.000000,105.000000,9.390664
45,71,-25.000000,105.000000,9.419300
46,71,-20.000000,105.000000,9.447605
47,71,-15.000000,105.000000,9.475909
48,71,-10.000000,105.000000,9.503977
49,71,-5.000000,105.000000,9.529959
50,71,0.000000,105.000000,9.555348
51,71,5.000000,105.000000,9.578928
52,71,10.000000,105.000000,9.602509
53,71,15.000000,105.000000,9.626090
54,71,20.000000,105.000000,9.649067
55,71,25.000000,105.000000,9.671525
56,71,30.000000,105.000000,9.693010
57,71,35.000000,105.000000,9.714043
58,71,40.000000,105.000000,9.735077
59,71,45.000000,105.000000,9.756111
60,71,50.000000,105.000000,9.777345
61,71,55.000000,105.000000,9.798623
62,71,60.000000,105.000000,9.820185
63,71,65.000000,105.000000,9.841747
64,71,70.000000,105.000000,9.863309
65,71,75.000000,105.000000,9.885008
66,71,80.000000,105.000000,9.906903
67,71,85.000000,105.000000,9.929159
68,71,90.000000,105.000000,9.951704
69,71,95.000000,105.000000,9.974249
70,71,100.000000,105.000000,9.996794
71,71,105.000000,105.000000,10.018704
72,71,110.000000,105.000000,10.040499
73,71,115.000000,105.000000,10.060456
74,71,120.000000,105.000000,10.080397
75,71,125.000000,105.000000,10.100339
76,71,130.000000,105.000000,10.119779
77,71,135.000000,105.000000,10.137946
78,71,140.000000,105.000000,10.153675
79,71,145.000000,105.000000,10.166139
80,71,150.000000,105.000000,10.178602
81,71,155.000000,105.000000,10.191066
82,71,160.000000,105.000000,10.202324
83,71,165.000000,105.000000,10.213109
84,71,170.000000,105.000000,10.217570
85,71,175.000000,105.000000,10.221031
86,71,180.000000,105.000000,10.224492
87,71,185.000000,105.000000,10.227836
88,71,190.000000,105.000000,10.230535
89,71,195.000000,105.000000,10.231780
90,71,200.000000,105.000000,10.229622
91,71,205.000000,105.000000,10.227464
92,71,210.000000,105.000000,10.225306
93,71,215.000000,105.000000,10.223104
94,71,220.000000,105.000000,10.220872
95,71,225.000000,105.000000,10.218055
96,71,230.000000,105.000000,10.215027
97,71,235.000000,105.000000,10.211999
98,71,240.000000,105.000000,10.208971
99,71,245.000000,105.000000,10.205955
100,71,250.000000,105.000000,10.202999
0,72,-250.000000,110.000000,7.905602
1,72,-245.000000,110.000000,7.945995
2,72,-240.000000,110.000000,7.986387
3,72,-235.000000,110.000000,8.026779
4,72,-230.000000,110.000000,8.067648
5,72,-225.000000,110.000000,8.108815
6,72,-220.000000,110.000000,8.150050
7,72,-215.000000,110.000000,8.191305
8,72,-210.000000,110.000000,8.232560
9,72,-205.000000,110.000000,8.273578
10,72,-200.000000,110.000000,8.310083
11,72,-195.000000,110.000000,8.346421
12,72,-190.000000,110.000000,8.382072
13,72,-185.000000,110.000000,8.417722
14,72,-180.000000,110.000000,8.453372
15,72,-175.000000,110.000000,8.486834
16,72,-170.000000,110.000000,8.517984
17,72,-165.000000,110.000000,8.548407
18,72,-160.000000,110.000000,8.578407
19,72,-155.000000,110.000000,8.608407
20,72,-150.000000,110.000000,8.638407
21,72,-145.000000,110.000000,8.667350
22,72,-140.000000,110.000000,8.696178
23,72,-135.000000,110.000000,8.724641
24,72,-130.000000,110.000000,8.753104
25,72,-125.000000,110.000000,8.781567
26,72,-120.000000,110.000000,8.810547
27,72,-115.000000,110.000000,8.840453
28,72,-110.000000,110.000000,8.870677
29,72,-105.000000,110.000000,8.901216
30,72,-100.000000,110.000000,8.931755
31,72,-95.000000,110.000000,8.962294
32,72,-90.000000,110.000000,8.993982
33,72,-85.000000,110.000000,9.025968
34,72,-80.000000,110.000000,9.058705
35,72,-75.000000,110.000000,9.091490
36,72,-70.000000,110.000000,9.124276
37,72,-65.000000,110.000000,9.156981
38,72,-60.000000,110.000000,9.189415
39,72,-55.000000,110.000000,9.221758
40,72,-50.000000,110.000000,9.253951
41,72,-45.000000,110.000000,9.286143
42,72,-40.000000,110.000000,9.318336
43,72,-35.000000,110.000000,9.349164
44,72,-30.000000,110.000000,9.379309
45,72,-25.000000,110.000000,9.408051
46,72,-20.000000,110.000000,9.436467
47,72,-15.000000,110.000000,9.464884
48,72,-10.000000,110.000000,9.493068
49,72,-5.000000,110.000000,9.519215
50,72,0.000000,110.000000,9.544780
51,72,5.000000,110.000000,9.568578
52,72,10.000000,110.000000,9.592376
53,72,15.000000,110.000000,9.616174
54,72,20.000000,110.000000,9.639394
55,72,25.000000,110.000000,9.662119
56,72,30.000000,110.000000,9.683914
57,72,35.000000,110.000000,9.705277
58,72,40.000000,110.000000,9.726641
59,72,45.000000,110.000000,9.748004
60,72,50.000000,110.000000,9.769597
61,72,55.000000,110.000000,9.791239
62,72,60.000000,110.000000,9.813205
63,72,65.000000,110.000000,9.835170
64,72,70.000000,110.000000,9.857136
65,72,75.000000,110.000000,9.879240
66,72,80.000000,110.000000,9.901544
67,72,85.000000,110.000000,9.924213
68,72,90.000000,110.000000,9.947175
69,72,95.000000,110.000000,9.970137
70,72,100.000000,110.000000,9.993098
71,72,105.000000,110.000000,10.015418
72,72,110.000000,110.000000,10.037621
73,72,115.000000,110.000000,10.057965
74,72,120.000000,110.000000,10.078294
75,72,125.000000,110.000000,10.098622
76,72,130.000000,110.000000,10.118447
77,72,135.000000,110.000000,10.136993
78,72,140.000000,110.000000,10.153091
79,72,145.000000,110.000000,10.165909
80,72,150.000000,110.000000,10.178727
81,72,155.000000,110.000000,10.191545
82,72,160.000000,110.000000,10.203157
83,72,165.000000,110.000000,10.214296
84,72,170.000000,110.000000,10.219108
85,72,175.000000,110.000000,10.222920
86,72,180.000000,110.000000,10.226731
87,72,185.000000,110.000000,10.230426
88,72,190.000000,110.000000,10.233479
89,72,195.000000,110.000000,10.235083
90,72,200.000000,110.000000,10.233298
91,72,205.000000,110.000000,10.231512
92,72,210.000000,110.000000,10.229727
93,72,215.000000,110.000000,10.227899
94,72,220.000000,110.000000,10.226042
95,72,225.000000,110.000000,10.223609
96,72,230.000000,110.000000,10.220970
97,72,235.000000,110.000000,10.218331
98,72,240.000000,110.000000,10.215692
99,72,245.000000,110.000000,10.213064
100,72,250.000000,110.000000,10.210491
0,73,-250.000000,115.000000,7.903160
1,73,-245.000000,115.000000,7.942984
2,73,-240.000000,115.000000,7.982809
3,73,-235.000000,115.000000,8.022633
4,73,-230.000000,115.000000,8.062937
5,73,-225.000000,115.000000,8.103541
6,73,-220.000000,115.000000,8.144213
7,73,-215.000000,115.000000,8.184906
8,73,-210.000000,115.000000,8.225599
9,73,-205.000000,115.000000,8.266059
10,73,-200.000000,115.000000,8.302111
11,73,-195.000000,115.000000,8.337999
12,73,-190.000000,115.000000,8.373216
13,73,-185.000000,115.000000,8.408432
14,73,-180.000000,115.000000,8.443648
15,73,-175.000000,115.000000,8.476743
16,73,-170.000000,115.000000,8.507594
17,73,-165.000000,115.000000,8.537741
18,73,-160.000000,115.000000,8.567477
19,73,-155.000000,115.000000,8.597213
20,73,-150.000000,115.000000,8.626950
21,73,-145.000000,115.000000,8.655722
22,73,-140.000000,115.000000,8.684388
23,73,-135.000000,115.000000,8.712721
24,73,-130.000000,115.000000,8.741055
25,73,-125.000000,115.000000,8.769388
26,73,-120.000000,115.000000,8.798254
27,73,-115.000000,115.000000,8.828075
28,73,-110.000000,115.000000,8.858224
29,73,-105.000000,115.000000,8.888697
30,73,-100.000000,115.000000,8.919170
31,73,-95.000000,115.000000,8.949643
32,73,-90.000000,115.000000,8.981272
33,73,-85.000000,115.000000,9.013202
34,73,-80.000000,115.000000,9.045887
35,73,-75.000000,115.000000,9.078621
36,73,-70.000000,115.000000,9.111355
37,73,-65.000000,115.000000,9.144011
38,73,-60.000000,115.000000,9.176407
39,73,-55.000000,115.000000,9.208715
40,73,-50.000000,115.000000,9.240879
41,73,-45.000000,115.000000,9.273042
42,73,-40.000000,115.000000,9.305206
43,73,-35.000000,115.000000,9.336035
44,73,-30.000000,115.000000,9.366196
45,73,-25.000000,115.000000,9.394985
46,73,-20.000000,115.000000,9.423456
47,73,-15.000000,115.000000,9.451927
48,73,-10.000000,115.000000,9.480173
49,73,-5.000000,115.000000,9.506446
50,73,0.000000,115.000000,9.532155
51,73,5.000000,115.000000,9.556154
52,73,10.000000,115.000000,9.580152
53,73,15.000000,115.000000,9.604150
54,73,20.000000,115.000000,9.627607
55,73,25.000000,115.000000,9.650598
56,73,30.000000,115.000000,9.672717
57,73,35.000000,115.000000,9.694431
58,73,40.000000,115.000000,9.716145
59,73,45.000000,115.000000,9.737859
60,73,50.000000,115.000000,9.759834
61,73,55.000000,115.000000,9.781867
62,73,60.000000,115.000000,9.804269
63,73,65.000000,115.000000,9.826670
64,73,70.000000,115.000000,9.849072
65,73,75.000000,115.000000,9.871613
66,73,80.000000,115.000000,9.894352
67,73,85.000000,115.000000,9.917457
68,73,90.000000,115.000000,9.940855
69,73,95.000000,115.000000,9.964252
70,73,100.000000,115.000000,9.987650
71,73,105.000000,115.000000,10.010395
72,73,110.000000,115.000000,10.033021
73,73,115.000000,115.000000,10.053757
74,73,120.000000,115.000000,10.074477
75,73,125.000000,115.000000,10.095197
76,73,130.000000,115.000000,10.115412
77,73,135.000000,115.000000,10.134343
78,73,140.000000,115.000000,10.150816
79,73,145.000000,115.000000,10.163998
80,73,150.000000,115.000000,10.177179
81,73,155.000000,115.000000,10.190360
82,73,160.000000,115.000000,10.202337
83,73,165.000000,115.000000,10.213841
84,73,170.000000,115.000000,10.219028
85,73,175.000000,115.000000,10.223216
86,73,180.000000,115.000000,10.227403
87,73,185.000000,115.000000,10.231475
88,73,190.000000,115.000000,10.234908
89,73,195.000000,115.000000,10.236900
90,73,200.000000,115.000000,10.235523
91,73,205.000000,115.000000,10.234145
92,73,210.000000,115.000000,10.232768
93,73,215.000000,115.000000,10.231348
94,73,220.000000,115.000000,10.229898
95,73,225.000000,115.000000,10.227878
96,73,230.000000,115.000000,10.225653
97,73,235.000000,115.000000,10.223428
98,73,240.000000,115.000000,10.221204
99,73,245.000000,115.000000,10.218988
100,73,250.000000,115.000000,10.216822
0,74,-250.000000,120.000000,7.905834
1,74,-245.000000,120.000000,7.944759
2,74,-240.000000,120.000000,7.983685
3,74,-235.000000,120.000000,8.022610
4,74,-230.000000,120.000000,8.062015
5,74,-225.000000,120.000000,8.101722
6,74,-220.000000,120.000000,8.141496
7,74,-215.000000,120.000000,8.181291
8,74,-210.000000,120.000000,8.221086
9,74,-205.000000,120.000000,8.260657
10,74,-200.000000,120.000000,8.295974
11,74,-195.000000,120.000000,8.331134
12,74,-190.000000,120.000000,8.365645
13,74,-185.000000,120.000000,8.400156
14,74,-180.000000,120.000000,8.434667
15,74,-175.000000,120.000000,8.467154
16,74,-170.000000,120.000000,8.497502
17,74,-165.000000,120.000000,8.527178
18,74,-160.000000,120.000000,8.556463
19,74,-155.000000,120.000000,8.585748
20,74,-150.000000,120.000000,8.615032
21,74,-145.000000,120.000000,8.643482
22,74,-140.000000,120.000000,8.671840
23,74,-135.000000,120.000000,8.699910
24,74,-130.000000,120.000000,8.727980
25,74,-125.000000,120.000000,8.756050
26,74,-120.000000,120.000000,8.784669
27,74,-115.000000,120.000000,8.814273
28,74,-110.000000,120.000000,8.844216
29,74,-105.000000,120.000000,8.874493
30,74,-100.000000,120.000000,8.904770
31,74,-95.000000,120.000000,8.935047
32,74,-90.000000,120.000000,8.966472
33,74,-85.000000,120.000000,8.998195
34,74,-80.000000,120.000000,9.030669
35,74,-75.000000,120.000000,9.063192
36,74,-70.000000,120.000000,9.095715
37,74,-65.000000,120.000000,9.128160
38,74,-60.000000,120.000000,9.160349
39,74,-55.000000,120.000000,9.192452
40,74,-50.000000,120.000000,9.224412
41,74,-45.000000,120.000000,9.256371
42,74,-40.000000,120.000000,9.288331
43,74,-35.000000,120.000000,9.319002
44,74,-30.000000,120.000000,9.349028
45,74,-25.000000,120.000000,9.377728
46,74,-20.000000,120.000000,9.406121
47,74,-15.000000,120.000000,9.434514
48,74,-10.000000,120.000000,9.462695
49,74,-5.000000,120.000000,9.489007
50,74,0.000000,120.000000,9.514786
51,74,5.000000,120.000000,9.538945
52,74,10.000000,120.000000,9.563105
53,74,15.000000,120.000000,9.587264
54,74,20.000000,120.000000,9.610938
55,74,25.000000,120.000000,9.634196
56,74,30.000000,120.000000,9.656671
57,74,35.000000,120.000000,9.678784
58,74,40.000000,120.000000,9.700897
59,74,45.000000,120.000000,9.723010
60,74,50.000000,120.000000,9.745426
61,74,55.000000,120.000000,9.767909
62,74,60.000000,120.000000,9.790821
63,74,65.000000,120.000000,9.813734
64,74,70.000000,120.000000,9.836647
65,74,75.000000,120.000000,9.859693
66,74,80.000000,120.000000,9.882933
67,74,85.000000,120.000000,9.906527
68,74,90.000000,120.000000,9.930404
69,74,95.000000,120.000000,9.954281
70,74,100.000000,120.000000,9.978159
71,74,105.000000,120.000000,10.001364
72,74,110.000000,120.000000,10.024448
73,74,115.000000,120.000000,10.045587
74,74,120.000000,120.000000,10.066709
75,74,125.000000,120.000000,10.087831
76,74,130.000000,120.000000,10.108447
77,74,135.000000,120.000000,10.127776
78,74,140.000000,120.000000,10.144641
79,74,145.000000,120.000000,10.158205
80,74,150.000000,120.000000,10.171769
81,74,155.000000,120.000000,10.185333
82,74,160.000000,120.000000,10.197700
83,74,165.000000,120.000000,10.209597
84,74,170.000000,120.000000,10.215214
85,74,175.000000,120.000000,10.219836
86,74,180.000000,120.000000,10.224459
87,74,185.000000,120.000000,10.228967
88,74,190.000000,120.000000,10.232842
89,74,195.000000,120.000000,10.235291
90,74,200.000000,120.000000,10.234401
91,74,205.000000,120.000000,10.233511
92,74,210.000000,120.000000,10.232621
93,74,215.000000,120.000000,10.231688
94,74,220.000000,120.000000,10.230725
95,74,225.000000,120.000000,10.229182
96,74,230.000000,120.000000,10.227430
97,74,235.000000,120.000000,10.225678
98,74,240.000000,120.000000,10.223927
99,74,245.000000,120.000000,10.222182
100,74,250.000000,120.000000,10.220473
0,75,-250.000000,125.000000,7.911203
1,75,-245.000000,125.000000,7.949054
2,75,-240.000000,125.000000,7.986906
3,75,-235.000000,125.000000,8.024758
4,75,-230.000000,125.000000,8.063089
5,75,-225.000000,125.000000,8.101722
6,75,-220.000000,125.000000,8.140421
7,75,-215.000000,125.000000,8.179142
8,75,-210.000000,125.000000,8.217863
9,75,-205.000000,125.000000,8.256369
10,75,-200.000000,125.000000,8.290804
11,75,-195.000000,125.000000,8.325088
12,75,-190.000000,125.000000,8.358751
13,75,-185.000000,125.000000,8.392414
14,75,-180.000000,125.000000,8.426077
15,75,-175.000000,125.000000,8.457832
16,75,-170.000000,125.000000,8.487568
17,75,-165.000000,125.000000,8.516671
18,75,-160.000000,125.000000,8.545405
19,75,-155.000000,125.000000,8.574139
20,75,-150.000000,125.000000,8.602872
21,75,-145.000000,125.000000,8.630920
22,75,-140.000000,125.000000,8.658893
23,75,-135.000000,125.000000,8.686629
24,75,-130.000000,125.000000,8.714365
25,75,-125.000000,125.000000,8.742101
26,75,-120.000000,125.000000,8.770404
27,75,-115.000000,125.000000,8.799721
28,75,-110.000000,125.000000,8.829389
29,75,-105.000000,125.000000,8.859401
30,75,-100.000000,125.000000,8.889414
31,75,-95.000000,125.000000,8.919426
32,75,-90.000000,125.000000,8.950571
33,75,-85.000000,125.000000,8.982009
34,75,-80.000000,125.000000,9.014189
35,75,-75.000000,125.000000,9.046415
36,75,-70.000000,125.000000,9.078642
37,75,-65.000000,125.000000,9.110792
38,75,-60.000000,125.000000,9.142685
39,75,-55.000000,125.000000,9.174492
40,75,-50.000000,125.000000,9.206156
41,75,-45.000000,125.000000,9.237821
42,75,-40.000000,125.000000,9.269485
43,75,-35.000000,125.000000,9.299914
44,75,-30.000000,125.000000,9.329724
45,75,-25.000000,125.000000,9.358264
46,75,-20.000000,125.000000,9.386509
47,75,-15.000000,125.000000,9.414755
48,75,-10.000000,125.000000,9.442802
49,75,-5.000000,125.000000,9.469108
50,75,0.000000,125.000000,9.494918
51,75,5.000000,125.000000,9.519218
52,75,10.000000,125.000000,9.543518
53,75,15.000000,125.000000,9.567818
54,75,20.000000,125.000000,9.591700
55,75,25.000000,125.000000,9.615223
56,75,30.000000,125.000000,9.638072
57,75,35.000000,125.000000,9.660609
58,75,40.000000,125.000000,9.683146
59,75,45.000000,125.000000,9.705683
60,75,50.000000,125.000000,9.728571
61,75,55.000000,125.000000,9.751536
62,75,60.000000,125.000000,9.774999
63,75,65.000000,125.000000,9.798461
64,75,70.000000,125.000000,9.821924
65,75,75.000000,125.000000,9.845514
66,75,80.000000,125.000000,9.869287
67,75,85.000000,125.000000,9.893398
68,75,90.000000,125.000000,9.917778
69,75,95.000000,125.000000,9.942158
70,75,100.000000,125.000000,9.966538
71,75,105.000000,125.000000,9.990223
72,75,110.000000,125.000000,10.013782
73,75,115.000000,125.000000,10.035330
74,75,120.000000,125.000000,10.056860
75,75,125.000000,125.000000,10.078390
76,75,130.000000,125.000000,10.099413
77,75,135.000000,125.000000,10.119146
78,75,140.000000,125.000000,10.136411
79,75,145.000000,125.000000,10.150368
80,75,150.000000,125.000000,10.164326
81,75,155.000000,125.000000,10.178284
82,75,160.000000,125.000000,10.191054
83,75,165.000000,125.000000,10.203358
84,75,170.000000,125.000000,10.209433
85,75,175.000000,125.000000,10.214522
86,75,180.000000,125.000000,10.219611
87,75,185.000000,125.000000,10.224586
88,75,190.000000,125.000000,10.228936
89,75,195.000000,125.000000,10.231876
90,75,200.000000,125.000000,10.231516
91,75,205.000000,125.000000,10.231156
92,75,210.000000,125.000000,10.230796
93,75,215.000000,125.000000,10.230392
94,75,220.000000,125.000000,10.229956
95,75,225.000000,125.000000,10.228924
96,75,230.000000,125.000000,10.227676
97,75,235.000000,125.000000,10.226429
98,75,240.000000,125.000000,10.225181
99,75,245.000000,125.000000,10.223937
100,75,250.000000,125.000000,10.222712
0,76,-250.000000,130.000000,7.916571
1,76,-245.000000,130.000000,7.953349
2,76,-240.000000,130.000000,7.990127
3,76,-235.000000,130.000000,8.026905
4,76,-230.000000,130.000000,8.064163
5,76,-225.000000,130.000000,8.101721
6,76,-220.000000,130.000000,8.139347
7,76,-215.000000,130.000000,8.176993
8,76,-210.000000,130.000000,8.214640
9,76,-205.000000,130.000000,8.252081
10,76,-200.000000,130.000000,8.285634
11,76,-195.000000,130.000000,8.319042
12,76,-190.000000,130.000000,8.351857
13,76,-185.000000,130.000000,8.384672
14,76,-180.000000,130.000000,8.417488
15,76,-175.000000,130.000000,8.448509
16,76,-170.000000,130.000000,8.477634
17,76,-165.000000,130.000000,8.506164
18,76,-160.000000,130.000000,8.534347
19,76,-155.000000,130.000000,8.562530
20,76,-150.000000,130.000000,8.590712
21,76,-145.000000,130.000000,8.618358
22,76,-140.000000,130.000000,8.645946
23,76,-135.000000,130.000000,8.673348
24,76,-130.000000,130.000000,8.700750
25,76,-125.000000,130.000000,8.728152
26,76,-120.000000,130.000000,8.756138
27,76,-115.000000,130.000000,8.785170
28,76,-110.000000,130.000000,8.814562
29,76,-105.000000,130.000000,8.844310
30,76,-100.000000,130.000000,8.874058
31,76,-95.000000,130.000000,8.903805
32,76,-90.000000,130.000000,8.934670
33,76,-85.000000,130.000000,8.965824
34,76,-80.000000,130.000000,8.997708
35,76,-75.000000,130.000000,9.029639
36,76,-70.000000,130.000000,9.061570
37,76,-65.000000,130.000000,9.093424
38,76,-60.000000,130.000000,9.125022
39,76,-55.000000,130.000000,9.156533
40,76,-50.000000,130.000000,9.187901
41,76,-45.000000,130.000000,9.219270
42,76,-40.000000,130.000000,9.250638
43,76,-35.000000,130.000000,9.280825
44,76,-30.000000,130.000000,9.310420
45,76,-25.000000,130.000000,9.338800
46,76,-20.000000,130.000000,9.366897
47,76,-15.000000,130.000000,9.394995
48,76,-10.000000,130.000000,9.422910
49,76,-5.000000,130.000000,9.449210
50,76,0.000000,130.000000,9.475050
51,76,5.000000,130.000000,9.499491
52,76,10.000000,130.000000,9.523931
53,76,15.000000,130.000000,9.548372
54,76,20.000000,130.000000,9.572462
55,76,25.000000,130.000000,9.596250
56,76,30.000000,130.000000,9.619473
57,76,35.000000,130.000000,9.642434
58,76,40.000000,130.000000,9.665395
59,76,45.000000,130.000000,9.688356
60,76,50.000000,130.000000,9.711716
61,76,55.000000,130.000000,9.735164
62,76,60.000000,130.000000,9.759176
63,76,65.000000,130.000000,9.783189
64,76,70.000000,130.000000,9.807201
65,76,75.000000,130.000000,9.831334
66,76,80.000000,130.000000,9.855642
67,76,85.000000,130.000000,9.880269
68,76,90.000000,130.000000,9.905152
69,76,95.000000,130.000000,9.930035
70,76,100.000000,130.000000,9.954917
71,76,105.000000,130.000000,9.979082
72,76,110.000000,130.000000,10.003117
73,76,115.000000,130.000000,10.025073
74,76,120.000000,130.000000,10.047011
75,76,125.000000,130.000000,10.068949
76,76,130.000000,130.000000,10.090379
77,76,135.000000,130.000000,10.110516
78,76,140.000000,130.000000,10.128181
79,76,145.000000,130.000000,10.142532
80,76,150.000000,130.000000,10.156883
81,76,155.000000,130.000000,10.171234
82,76,160.000000,130.000000,10.184408
83,76,165.000000,130.000000,10.197119
84,76,170.000000,130.000000,10.203652
85,76,175.000000,130.000000,10.209207
86,76,180.000000,130.000000,10.214762
87,76,185.000000,130.000000,10.220205
88,76,190.000000,130.000000,10.225030
89,76,195.000000,130.000000,10.228461
90,76,200.000000,130.000000,10.228631
91,76,205.000000,130.000000,10.228801
92,76,210.000000,130.000000,10.228971
93,76,215.000000,130.000000,10.229095
94,76,220.000000,130.000000,10.229188
95,76,225.000000,130.000000,10.228666
96,76,230.000000,130.000000,10.227922
97,76,235.000000,130.000000,10.227179
98,76,240.000000,130.000000,10.226436
99,76,245.000000,130.000000,10.225693
100,76,250.000000,130.000000,10.224952
0,77,-250.000000,135.000000,7.922093
1,77,-245.000000,135.000000,7.957780
2,77,-240.000000,135.000000,7.993467
3,77,-235.000000,135.000000,8.029154
4,77,-230.000000,135.000000,8.065317
5,77,-225.000000,135.000000,8.101780
6,77,-220.000000,135.000000,8.138310
7,77,-215.000000,135.000000,8.174861
8,77,-210.000000,135.000000,8.211411
9,77,-205.000000,135.000000,8.247766
10,77,-200.000000,135.000000,8.280415
11,77,-195.000000,135.000000,8.312925
12,77,-190.000000,135.000000,8.344871
13,77,-185.000000,135.000000,8.376817
14,77,-180.000000,135.000000,8.408762
15,77,-175.000000,135.000000,8.439031
16,77,-170.000000,135.000000,8.467527
17,77,-165.000000,135.000000,8.495466
18,77,-160.000000,135.000000,8.523081
19,77,-155.000000,135.000000,8.550696
20,77,-150.000000,135.000000,8.578311
21,77,-145.000000,135.000000,8.605543
22,77,-140.000000,135.000000,8.632732
23,77,-135.000000,135.000000,8.659790
24,77,-130.000000,135.000000,8.686847
25,77,-125.000000,135.000000,8.713905
26,77,-120.000000,135.000000,8.741564
27,77,-115.000000,135.000000,8.770301
28,77,-110.000000,135.000000,8.799410
29,77,-105.000000,135.000000,8.828885
30,77,-100.000000,135.000000,8.858359
31,77,-95.000000,135.000000,8.887834
32,77,-90.000000,135.000000,8.918409
33,77,-85.000000,135.000000,8.949269
34,77,-80.000000,135.000000,8.980848
35,77,-75.000000,135.000000,9.012473
36,77,-70.000000,135.000000,9.044098
37,77,-65.000000,135.000000,9.075646
38,77,-60.000000,135.000000,9.106935
39,77,-55.000000,135.000000,9.138138
40,77,-50.000000,135.000000,9.169198
41,77,-45.000000,135.000000,9.200257
42,77,-40.000000,135.000000,9.231317
43,77,-35.000000,135.000000,9.261249
44,77,-30.000000,135.000000,9.290616
45,77,-25.000000,135.000000,9.318825
46,77,-20.000000,135.000000,9.346765
47,77,-15.000000,135.000000,9.374704
48,77,-10.000000,135.000000,9.402475
49,77,-5.000000,135.000000,9.428764
50,77,0.000000,135.000000,9.454629
51,77,5.000000,135.000000,9.479210
52,77,10.000000,135.000000,9.503790
53,77,15.000000,135.000000,9.528370
54,77,20.000000,135.000000,9.552670
55,77,25.000000,135.000000,9.576728
56,77,30.000000,135.000000,9.600333
57,77,35.000000,135.000000,9.623728
58,77,40.000000,135.000000,9.647124
59,77,45.000000,135.000000,9.670519
60,77,50.000000,135.000000,9.694364
61,77,55.000000,135.000000,9.718308
62,77,60.000000,135.000000,9.742887
63,77,65.000000,135.000000,9.767466
64,77,70.000000,135.000000,9.792044
65,77,75.000000,135.000000,9.816738
66,77,80.000000,135.000000,9.841595
67,77,85.000000,135.000000,9.866755
68,77,90.000000,135.000000,9.892156
69,77,95.000000,135.000000,9.917557
70,77,100.000000,135.000000,9.942958
71,77,105.000000,135.000000,9.967616
72,77,110.000000,135.000000,9.992140
73,77,115.000000,135.000000,10.014515
74,77,120.000000,135.000000,10.036872
75,77,125.000000,135.000000,10.059228
76,77,130.000000,135.000000,10.081075
77,77,135.000000,135.000000,10.101627
78,77,140.000000,135.000000,10.119700
79,77,145.000000,135.000000,10.134451
80,77,150.000000,135.000000,10.149203
81,77,155.000000,135.000000,10.163955
82,77,160.000000,135.000000,10.177538
83,77,165.000000,135.000000,10.190663
84,77,170.000000,135.000000,10.197661
85,77,175.000000,135.000000,10.203689
86,77,180.000000,135.000000,10.209718
87,77,185.000000,135.000000,10.215635
88,77,190.000000,135.000000,10.220942
89,77,195.000000,135.000000,10.224872
90,77,200.000000,135.000000,10.225580
91,77,205.000000,135.000000,10.226288
92,77,210.000000,135.000000,10.226996
93,77,215.000000,135.000000,10.227657
94,77,220.000000,135.000000,10.228286
95,77,225.000000,135.000000,10.228283
96,77,230.000000,135.000000,10.228052
97,77,235.000000,135.000000,10.227822
98,77,240.000000,135.000000,10.227592
99,77,245.000000,135.000000,10.227359
100,77,250.000000,135.000000,10.227111
0,78,-250.000000,140.000000,7.928052
1,78,-245.000000,140.000000,7.962598
2,78,-240.000000,140.000000,7.997144
3,78,-235.000000,140.000000,8.031691
4,78,-230.000000,140.000000,8.066704
5,78,-225.000000,140.000000,8.102010
6,78,-220.000000,140.000000,8.137382
7,78,-215.000000,140.000000,8.172774
8,78,-210.000000,140.000000,8.208167
9,78,-205.000000,140.000000,8.243373
10,78,-200.000000,140.000000,8.275055
11,78,-195.000000,140.000000,8.306606
12,78,-190.000000,140.000000,8.337620
13,78,-185.000000,140.000000,8.368634
14,78,-180.000000,140.000000,8.399648
15,78,-175.000000,140.000000,8.429107
16,78,-170.000000,140.000000,8.456923
17,78,-165.000000,140.000000,8.484223
18,78,-160.000000,140.000000,8.511221
19,78,-155.000000,140.000000,8.538220
20,78,-150.000000,140.000000,8.565219
21,78,-145.000000,140.000000,8.592000
22,78,-140.000000,140.000000,8.618757
23,78,-135.000000,140.000000,8.645438
24,78,-130.000000,140.000000,8.672120
25,78,-125.000000,140.000000,8.698801
26,78,-120.000000,140.000000,8.726105
27,78,-115.000000,140.000000,8.754522
28,78,-110.000000,140.000000,8.783322
29,78,-105.000000,140.000000,8.812501
30,78,-100.000000,140.000000,8.841680
31,78,-95.000000,140.000000,8.870859
32,78,-90.000000,140.000000,8.901117
33,78,-85.000000,140.000000,8.931656
34,78,-80.000000,140.000000,8.962900
35,78,-75.000000,140.000000,8.994189
36,78,-70.000000,140.000000,9.025479
37,78,-65.000000,140.000000,9.056689
38,78,-60.000000,140.000000,9.087636
39,78,-55.000000,140.000000,9.118495
40,78,-50.000000,140.000000,9.149208
41,78,-45.000000,140.000000,9.179920
42,78,-40.000000,140.000000,9.210633
43,78,-35.000000,140.000000,9.240275
44,78,-30.000000,140.000000,9.269381
45,78,-25.000000,140.000000,9.297387
46,78,-20.000000,140.000000,9.325138
47,78,-15.000000,140.000000,9.352889
48,78,-10.000000,140.000000,9.380487
49,78,-5.000000,140.000000,9.406747
50,78,0.000000,140.000000,9.432625
51,78,5.000000,140.000000,9.457342
52,78,10.000000,140.000000,9.482059
53,78,15.000000,140.000000,9.506776
54,78,20.000000,140.000000,9.531289
55,78,25.000000,140.000000,9.555629
56,78,30.000000,140.000000,9.579641
57,78,35.000000,140.000000,9.603501
58,78,40.000000,140.000000,9.627361
59,78,45.000000,140.000000,9.651221
60,78,50.000000,140.000000,9.675587
61,78,55.000000,140.000000,9.700064
62,78,60.000000,140.000000,9.725258
63,78,65.000000,140.000000,9.750451
64,78,70.000000,140.000000,9.775644
65,78,75.000000,140.000000,9.800945
66,78,80.000000,140.000000,9.826399
67,78,85.000000,140.000000,9.852136
68,78,90.000000,140.000000,9.878099
69,78,95.000000,140.000000,9.904063
70,78,100.000000,140.000000,9.930026
71,78,105.000000,140.000000,9.955219
72,78,110.000000,140.000000,9.980272
73,78,115.000000,140.000000,10.003096
74,78,120.000000,140.000000,10.025901
75,78,125.000000,140.000000,10.048706
76,78,130.000000,140.000000,10.071000
77,78,135.000000,140.000000,10.091993
78,78,140.000000,140.000000,10.110498
79,78,145.000000,140.000000,10.125670
80,78,150.000000,140.000000,10.140842
81,78,155.000000,140.000000,10.156014
82,78,160.000000,140.000000,10.170028
83,78,165.000000,140.000000,10.183586
84,78,170.000000,140.000000,10.191068
85,78,175.000000,140.000000,10.197589
86,78,180.000000,140.000000,10.204110
87,78,185.000000,140.000000,10.210521
88,78,190.000000,140.000000,10.216329
89,78,195.000000,140.000000,10.220779
90,78,200.000000,140.000000,10.222049
91,78,205.000000,140.000000,10.223319
92,78,210.000000,140.000000,10.224589
93,78,215.000000,140.000000,10.225811
94,78,220.000000,140.000000,10.227000
95,78,225.000000,140.000000,10.227541
96,78,230.000000,140.000000,10.227850
97,78,235.000000,140.000000,10.228159
98,78,240.000000,140.000000,10.228467
99,78,245.000000,140.000000,10.228769
100,78,250.000000,140.000000,10.229038
0,79,-250.000000,145.000000,7.934981
1,79,-245.000000,145.000000,7.968277
2,79,-240.000000,145.000000,8.001572
3,79,-235.000000,145.000000,8.034867
4,79,-230.000000,145.000000,8.068604
5,79,-225.000000,145.000000,8.102619
6,79,-220.000000,145.000000,8.136695
7,79,-215.000000,145.000000,8.170791
8,79,-210.000000,145.000000,8.204887
9,79,-205.000000,145.000000,8.238807
10,79,-200.000000,145.000000,8.269385
11,79,-195.000000,145.000000,8.299839
12,79,-190.000000,145.000000,8.329784
13,79,-185.000000,145.000000,8.359728
14,79,-180.000000,145.000000,8.389673
15,79,-175.000000,145.000000,8.418197
16,79,-170.000000,145.000000,8.445218
17,79,-165.000000,145.000000,8.471769
18,79,-160.000000,145.000000,8.498044
19,79,-155.000000,145.000000,8.524319
20,79,-150.000000,145.000000,8.550594
21,79,-145.000000,145.000000,8.576843
22,79,-140.000000,145.000000,8.603090
23,79,-135.000000,145.000000,8.629327
24,79,-130.000000,145.000000,8.655564
25,79,-125.000000,145.000000,8.681802
26,79,-120.000000,145.000000,8.708684
27,79,-115.000000,145.000000,8.736724
28,79,-110.000000,145.000000,8.765163
29,79,-105.000000,145.000000,8.793994
30,79,-100.000000,145.000000,8.822826
31,79,-95.000000,145.000000,8.851657
32,79,-90.000000,145.000000,8.881541
33,79,-85.000000,145.000000,8.911697
34,79,-80.000000,145.000000,8.942541
35,79,-75.000000,145.000000,8.973429
36,79,-70.000000,145.000000,9.004317
37,79,-65.000000,145.000000,9.035122
38,79,-60.000000,145.000000,9.065650
39,79,-55.000000,145.000000,9.096085
40,79,-50.000000,145.000000,9.126366
41,79,-45.000000,145.000000,9.156647
42,79,-40.000000,145.000000,9.186928
43,79,-35.000000,145.000000,9.216203
44,79,-30.000000,145.000000,9.244972
45,79,-25.000000,145.000000,9.272706
46,79,-20.000000,145.000000,9.300200
47,79,-15.000000,145.000000,9.327694
48,79,-10.000000,145.000000,9.355055
49,79,-5.000000,145.000000,9.381248
50,79,0.000000,145.000000,9.407108
51,79,5.000000,145.000000,9.431955
52,79,10.000000,145.000000,9.456803
53,79,15.000000,145.000000,9.481650
54,79,20.000000,145.000000,9.506389
55,79,25.000000,145.000000,9.531035
56,79,30.000000,145.000000,9.555507
57,79,35.000000,145.000000,9.579899
58,79,40.000000,145.000000,9.604290
59,79,45.000000,145.000000,9.628681
60,79,50.000000,145.000000,9.653650
61,79,55.000000,145.000000,9.678746
62,79,60.000000,145.000000,9.704660
63,79,65.000000,145.000000,9.730573
64,79,70.000000,145.000000,9.756487
65,79,75.000000,145.000000,9.782500
66,79,80.000000,145.000000,9.808654
67,79,85.000000,145.000000,9.835069
68,79,90.000000,145.000000,9.861692
69,79,95.000000,145.000000,9.888316
70,79,100.000000,145.000000,9.914939
71,79,105.000000,145.000000,9.940758
72,79,110.000000,145.000000,9.966429
73,79,115.000000,145.000000,9.989769
74,79,120.000000,145.000000,10.013088
75,79,125.000000,145.000000,10.036408
76,79,130.000000,145.000000,10.059213
77,79,135.000000,145.000000,10.080709
78,79,140.000000,145.000000,10.099701
79,79,145.000000,145.000000,10.115337
80,79,150.000000,145.000000,10.130973
81,79,155.000000,145.000000,10.146609
82,79,160.000000,145.000000,10.161096
83,79,165.000000,145.000000,10.175132
84,79,170.000000,145.000000,10.183142
85,79,175.000000,145.000000,10.190198
86,79,180.000000,145.000000,10.197253
87,79,185.000000,145.000000,10.204201
88,79,190.000000,145.000000,10.210556
89,79,195.000000,145.000000,10.215573
90,79,200.000000,145.000000,10.217457
91,79,205.000000,145.000000,10.219342
92,79,210.000000,145.000000,10.221227
93,79,215.000000,145.000000,10.223063
94,79,220.000000,145.000000,10.224865
95,79,225.000000,145.000000,10.226006
96,79,230.000000,145.000000,10.226910
97,79,235.000000,145.000000,10.227814
98,79,240.000000,145.000000,10.228718
99,79,245.000000,145.000000,10.229612
100,79,250.000000,145.000000,10.230453
0,80,-250.000000,150.000000,7.942672
1,80,-245.000000,150.000000,7.974630
2,80,-240.000000,150.000000,8.006588
3,80,-235.000000,150.000000,8.038545
4,80,-230.000000,150.000000,8.070908
5,80,-225.000000,150.000000,8.103524
6,80,-220.000000,150.000000,8.136197
7,80,-215.000000,150.000000,8.168889
8,80,-210.000000,150.000000,8.201580
9,80,-205.000000,150.000000,8.234104
10,80,-200.000000,150.000000,8.263470
11,80,-195.000000,150.000000,8.292719
12,80,-190.000000,150.000000,8.321487
13,80,-185.000000,150.000000,8.350255
14,80,-180.000000,150.000000,8.379022
15,80,-175.000000,150.000000,8.406512
16,80,-170.000000,150.000000,8.432650
17,80,-165.000000,150.000000,8.458365
18,80,-160.000000,150.000000,8.483832
19,80,-155.000000,150.000000,8.509299
20,80,-150.000000,150.000000,8.534767
21,80,-145.000000,150.000000,8.560421
22,80,-140.000000,150.000000,8.586096
23,80,-135.000000,150.000000,8.611835
24,80,-130.000000,150.000000,8.637574
25,80,-125.000000,150.000000,8.663313
26,80,-120.000000,150.000000,8.689725
27,80,-115.000000,150.000000,8.717344
28,80,-110.000000,150.000000,8.745378
29,80,-105.000000,150.000000,8.773821
30,80,-100.000000,150.000000,8.802265
31,80,-95.000000,150.000000,8.830709
32,80,-90.000000,150.000000,8.860171
33,80,-85.000000,150.000000,8.889897
34,80,-80.000000,150.000000,8.920290
35,80,-75.000000,150.000000,8.950725
36,80,-70.000000,150.000000,8.981160
37,80,-65.000000,150.000000,9.011507
38,80,-60.000000,150.000000,9.041555
39,80,-55.000000,150.000000,9.071504
40,80,-50.000000,150.000000,9.101288
41,80,-45.000000,150.000000,9.131071
42,80,-40.000000,150.000000,9.160854
43,80,-35.000000,150.000000,9.189699
44,80,-30.000000,150.000000,9.218072
45,80,-25.000000,150.000000,9.245480
46,80,-20.000000,150.000000,9.272664
47,80,-15.000000,150.000000,9.299847
48,80,-10.000000,150.000000,9.326920
49,80,-5.000000,150.000000,9.353017
50,80,0.000000,150.000000,9.378835
51,80,5.000000,150.000000,9.403808
52,80,10.000000,150.000000,9.428781
53,80,15.000000,150.000000,9.453753
54,80,20.000000,150.000000,9.478726
55,80,25.000000,150.000000,9.503700
56,80,30.000000,150.000000,9.528674
57,80,35.000000,150.000000,9.553649
58,80,40.000000,150.000000,9.578623
59,80,45.000000,150.000000,9.603598
60,80,50.000000,150.000000,9.629234
61,80,55.000000,150.000000,9.655015
62,80,60.000000,150.000000,9.681732
63,80,65.000000,150.000000,9.708449
64,80,70.000000,150.000000,9.735167
65,80,75.000000,150.000000,9.761973
66,80,80.000000,150.000000,9.788909
67,80,85.000000,150.000000,9.816080
68,80,90.000000,150.000000,9.843441
69,80,95.000000,150.000000,9.870801
70,80,100.000000,150.000000,9.898162
71,80,105.000000,150.000000,9.924676
72,80,110.000000,150.000000,9.951035
73,80,115.000000,150.000000,9.974943
74,80,120.000000,150.000000,9.998829
75,80,125.000000,150.000000,10.022716
76,80,130.000000,150.000000,10.046083
77,80,135.000000,150.000000,10.068130
78,80,140.000000,150.000000,10.087650
79,80,145.000000,150.000000,10.103785
80,80,150.000000,150.000000,10.119919
81,80,155.000000,150.000000,10.136054
82,80,160.000000,150.000000,10.151049
83,80,165.000000,150.000000,10.165598
84,80,170.000000,150.000000,10.174168
85,80,175.000000,150.000000,10.181793
86,80,180.000000,150.000000,10.189418
87,80,185.000000,150.000000,10.196936
88,80,190.000000,150.000000,10.203872
89,80,195.000000,150.000000,10.209492
90,80,200.000000,150.000000,10.212033
91,80,205.000000,150.000000,10.214574
92,80,210.000000,150.000000,10.217115
93,80,215.000000,150.000000,10.219606
94,80,220.000000,150.000000,10.222063
95,80,225.000000,150.000000,10.223848
96,80,230.000000,150.000000,10.225392
97,80,235.000000,150.000000,10.226936
98,80,240.000000,150.000000,10.228480
99,80,245.000000,150.000000,10.230009
100,80,250.000000,150.000000,10.231466
0,81,-250.000000,155.000000,7.950363
1,81,-245.000000,155.000000,7.980983
2,81,-240.000000,155.000000,8.011603
3,81,-235.000000,155.000000,8.042224
4,81,-230.000000,155.000000,8.073211
5,81,-225.000000,155.000000,8.104430
6,81,-220.000000,155.000000,8.135700
7,81,-215.000000,155.000000,8.166986
8,81,-210.000000,155.000000,8.198273
9,81,-205.000000,155.000000,8.229402
10,81,-200.000000,155.000000,8.257556
11,81,-195.000000,155.000000,8.285600
12,81,-190.000000,155.000000,8.313190
13,81,-185.000000,155.000000,8.340781
14,81,-180.000000,155.000000,8.368371
15,81,-175.000000,155.000000,8.394826
16,81,-170.000000,155.000000,8.420082
17,81,-165.000000,155.000000,8.444961
18,81,-160.000000,155.000000,8.469620
19,81,-155.000000,155.000000,8.494280
20,81,-150.000000,155.000000,8.518939
21,81,-145.000000,155.000000,8.543998
22,81,-140.000000,155.000000,8.569102
23,81,-135.000000,155.000000,8.594343
24,81,-130.000000,155.000000,8.619584
25,81,-125.000000,155.000000,8.644825
26,81,-120.000000,155.000000,8.670766
27,81,-115.000000,155.000000,8.697963
28,81,-110.000000,155.000000,8.725592
29,81,-105.000000,155.000000,8.753648
30,81,-100.000000,155.000000,8.781704
31,81,-95.000000,155.000000,8.809760
32,81,-90.000000,155.000000,8.838801
33,81,-85.000000,155.000000,8.868098
34,81,-80.000000,155.000000,8.898039
35,81,-75.000000,155.000000,8.928021
36,81,-70.000000,155.000000,8.958004
37,81,-65.000000,155.000000,8.987891
38,81,-60.000000,155.000000,9.017460
39,81,-55.000000,155.000000,9.046923
40,81,-50.000000,155.000000,9.076209
41,81,-45.000000,155.000000,9.105495
42,81,-40.000000,155.000000,9.134780
43,81,-35.000000,155.000000,9.163195
44,81,-30.000000,155.000000,9.191172
45,81,-25.000000,155.000000,9.218254
46,81,-20.000000,155.000000,9.245127
47,81,-15.000000,155.000000,9.272001
48,81,-10.000000,155.000000,9.298785
49,81,-5.000000,155.000000,9.324786
50,81,0.000000,155.000000,9.350563
51,81,5.000000,155.000000,9.375661
52,81,10.000000,155.000000,9.400759
53,81,15.000000,155.000000,9.425857
54,81,20.000000,155.000000,9.451064
55,81,25.000000,155.000000,9.476364
56,81,30.000000,155.000000,9.501841
57,81,35.000000,155.000000,9.527399
58,81,40.000000,155.000000,9.552957
59,81,45.000000,155.000000,9.578515
60,81,50.000000,155.000000,9.604818
61,81,55.000000,155.000000,9.631284
62,81,60.000000,155.000000,9.658805
63,81,65.000000,155.000000,9.686325
64,81,70.000000,155.000000,9.713846
65,81,75.000000,155.000000,9.741447
66,81,80.000000,155.000000,9.769163
67,81,85.000000,155.000000,9.797091
68,81,90.000000,155.000000,9.825189
69,81,95.000000,155.000000,9.853287
70,81,100.000000,155.000000,9.881384
71,81,105.000000,155.000000,9.908594
72,81,110.000000,155.000000,9.935641
73,81,115.000000,155.000000,9.960117
74,81,120.000000,155.000000,9.984570
75,81,125.000000,155.000000,10.009023
76,81,130.000000,155.000000,10.032953
77,81,135.000000,155.000000,10.055551
78,81,140.000000,155.000000,10.075599
79,81,145.000000,155.000000,10.092233
80,81,150.000000,155.000000,10.108866
81,81,155.000000,155.000000,10.125499
82,81,160.000000,155.000000,10.141003
83,81,165.000000,155.000000,10.156063
84,81,170.000000,155.000000,10.165194
85,81,175.000000,155.000000,10.173388
86,81,180.000000,155.000000,10.181582
87,81,185.000000,155.000000,10.189671
88,81,190.000000,155.000000,10.197188
89,81,195.000000,155.000000,10.203411
90,81,200.000000,155.000000,10.206608
91,81,205.000000,155.000000,10.209806
92,81,210.000000,155.000000,10.213003
93,81,215.000000,155.000000,10.216150
94,81,220.000000,155.000000,10.219261
95,81,225.000000,155.000000,10.221691
96,81,230.000000,155.000000,10.223874
97,81,235.000000,155.000000,10.226058
98,81,240.000000,155.000000,10.228242
99,81,245.000000,155.000000,10.230406
100,81,250.000000,155.000000,10.232478
0,82,-250.000000,160.000000,7.957874
1,82,-245.000000,160.000000,7.987164
2,82,-240.000000,160.000000,8.016454
3,82,-235.000000,160.000000,8.045744
4,82,-230.000000,160.000000,8.075362
5,82,-225.000000,160.000000,8.105187
6,82,-220.000000,160.000000,8.135058
7,82,-215.000000,160.000000,8.164943
8,82,-210.000000,160.000000,8.194828
9,82,-205.000000,160.000000,8.224566
10,82,-200.000000,160.000000,8.251509
11,82,-195.000000,160.000000,8.278348
12,82,-190.000000,160.000000,8.304761
13,82,-185.000000,160.000000,8.331174
14,82,-180.000000,160.000000,8.357587
15,82,-175.000000,160.000000,8.383007
16,82,-170.000000,160.000000,8.407379
17,82,-165.000000,160.000000,8.431421
18,82,-160.000000,160.000000,8.455270
19,82,-155.000000,160.000000,8.479120
20,82,-150.000000,160.000000,8.502970
21,82,-145.000000,160.000000,8.527434
22,82,-140.000000,160.000000,8.551965
23,82,-135.000000,160.000000,8.576707
24,82,-130.000000,160.000000,8.601450
25,82,-125.000000,160.000000,8.626192
26,82,-120.000000,160.000000,8.651663
27,82,-115.000000,160.000000,8.678440
28,82,-110.000000,160.000000,8.705666
29,82,-105.000000,160.000000,8.733335
30,82,-100.000000,160.000000,8.761005
31,82,-95.000000,160.000000,8.788674
32,82,-90.000000,160.000000,8.817296
33,82,-85.000000,160.000000,8.846165
34,82,-80.000000,160.000000,8.875656
35,82,-75.000000,160.000000,8.905187
36,82,-70.000000,160.000000,8.934719
37,82,-65.000000,160.000000,8.964149
38,82,-60.000000,160.000000,8.993239
39,82,-55.000000,160.000000,9.022216
40,82,-50.000000,160.000000,9.051004
41,82,-45.000000,160.000000,9.079793
42,82,-40.000000,160.000000,9.108581
43,82,-35.000000,160.000000,9.136565
44,82,-30.000000,160.000000,9.164147
45,82,-25.000000,160.000000,9.190902
46,82,-20.000000,160.000000,9.217464
47,82,-15.000000,160.000000,9.244027
48,82,-10.000000,160.000000,9.270523
49,82,-5.000000,160.000000,9.296428
50,82,0.000000,160.000000,9.322165
51,82,5.000000,160.000000,9.347389
52,82,10.000000,160.000000,9.372614
53,82,15.000000,160.000000,9.397838
54,82,20.000000,160.000000,9.423282
55,82,25.000000,160.000000,9.448912
56,82,30.000000,160.000000,9.474896
57,82,35.000000,160.000000,9.501042
58,82,40.000000,160.000000,9.527188
59,82,45.000000,160.000000,9.553335
60,82,50.000000,160.000000,9.580312
61,82,55.000000,160.000000,9.607470
62,82,60.000000,160.000000,9.635803
63,82,65.000000,160.000000,9.664135
64,82,70.000000,160.000000,9.692468
65,82,75.000000,160.000000,9.720872
66,82,80.000000,160.000000,9.749379
67,82,85.000000,160.000000,9.778073
68,82,90.000000,160.000000,9.806917
69,82,95.000000,160.000000,9.835762
70,82,100.000000,160.000000,9.864607
71,82,105.000000,160.000000,9.892521
72,82,110.000000,160.000000,9.920266
73,82,115.000000,160.000000,9.945317
74,82,120.000000,160.000000,9.970345
75,82,125.000000,160.000000,9.995373
76,82,130.000000,160.000000,10.019873
77,82,135.000000,160.000000,10.043029
78,82,140.000000,160.000000,10.063611
79,82,145.000000,160.000000,10.080747
80,82,150.000000,160.000000,10.097884
81,82,155.000000,160.000000,10.115020
82,82,160.000000,160.000000,10.131035
83,82,165.000000,160.000000,10.146610
84,82,170.000000,160.000000,10.156304
85,82,175.000000,160.000000,10.165068
86,82,180.000000,160.000000,10.173832
87,82,185.000000,160.000000,10.182493
88,82,190.000000,160.000000,10.190592
89,82,195.000000,160.000000,10.197419
90,82,200.000000,160.000000,10.201274
91,82,205.000000,160.000000,10.205128
92,82,210.000000,160.000000,10.208983
93,82,215.000000,160.000000,10.212786
94,82,220.000000,160.000000,10.216554
95,82,225.000000,160.000000,10.219630
96,82,230.000000,160.000000,10.222456
97,82,235.000000,160.000000,10.225283
98,82,240.000000,160.000000,10.228109
99,82,245.000000,160.000000,10.230913
100,82,250.000000,160.000000,10.233603
0,83,-250.000000,165.000000,7.964471
1,83,-245.000000,165.000000,7.992466
2,83,-240.000000,165.000000,8.020461
3,83,-235.000000,165.000000,8.048457
4,83,-230.000000,165.000000,8.076732
5,83,-225.000000,165.000000,8.105184
6,83,-220.000000,165.000000,8.133676
7,83,-215.000000,165.000000,8.162179
8,83,-210.000000,165.000000,8.190683
9,83,-205.000000,165.000000,8.219048
10,83,-200.000000,165.000000,8.244782
11,83,-195.000000,165.000000,8.270418
12,83,-190.000000,165.000000,8.295653
13,83,-185.000000,165.000000,8.320889
14,83,-180.000000,165.000000,8.346124
15,83,-175.000000,165.000000,8.370506
16,83,-170.000000,165.000000,8.393986
17,83,-165.000000,165.000000,8.417183
18,83,-160.000000,165.000000,8.440215
19,83,-155.000000,165.000000,8.463247
20,83,-150.000000,165.000000,8.486279
21,83,-145.000000,165.000000,8.510143
22,83,-140.000000,165.000000,8.534099
23,83,-135.000000,165.000000,8.558341
24,83,-130.000000,165.000000,8.582584
25,83,-125.000000,165.000000,8.606826
26,83,-120.000000,165.000000,8.631827
27,83,-115.000000,165.000000,8.658188
28,83,-110.000000,165.000000,8.685018
29,83,-105.000000,165.000000,8.712309
30,83,-100.000000,165.000000,8.739600
31,83,-95.000000,165.000000,8.766891
32,83,-90.000000,165.000000,8.795101
33,83,-85.000000,165.000000,8.823550
34,83,-80.000000,165.000000,8.852600
35,83,-75.000000,165.000000,8.881688
36,83,-70.000000,165.000000,8.910777
37,83,-65.000000,165.000000,8.939757
38,83,-60.000000,165.000000,8.968373
39,83,-55.000000,165.000000,8.996867
40,83,-50.000000,165.000000,9.025159
41,83,-45.000000,165.000000,9.053451
42,83,-40.000000,165.000000,9.081743
43,83,-35.000000,165.000000,9.109297
44,83,-30.000000,165.000000,9.136482
45,83,-25.000000,165.000000,9.162908
46,83,-20.000000,165.000000,9.189158
47,83,-15.000000,165.000000,9.215408
48,83,-10.000000,165.000000,9.241613
49,83,-5.000000,165.000000,9.267425
50,83,0.000000,165.000000,9.293124
51,83,5.000000,165.000000,9.318483
52,83,10.000000,165.000000,9.343841
53,83,15.000000,165.000000,9.369199
54,83,20.000000,165.000000,9.394890
55,83,25.000000,165.000000,9.420867
56,83,30.000000,165.000000,9.447379
57,83,35.000000,165.000000,9.474141
58,83,40.000000,165.000000,9.500902
59,83,45.000000,165.000000,9.527663
60,83,50.000000,165.000000,9.555346
61,83,55.000000,165.000000,9.583231
62,83,60.000000,165.000000,9.612420
63,83,65.000000,165.000000,9.641609
64,83,70.000000,165.000000,9.670799
65,83,75.000000,165.000000,9.700051
66,83,80.000000,165.000000,9.729393
67,83,85.000000,165.000000,9.758902
68,83,90.000000,165.000000,9.788544
69,83,95.000000,165.000000,9.818185
70,83,100.000000,165.000000,9.847827
71,83,105.000000,165.000000,9.876494
72,83,110.000000,165.000000,9.904983
73,83,115.000000,165.000000,9.930651
74,83,120.000000,165.000000,9.956294
75,83,125.000000,165.000000,9.981937
76,83,130.000000,165.000000,10.007046
77,83,135.000000,165.000000,10.030795
78,83,140.000000,165.000000,10.051942
79,83,145.000000,165.000000,10.069602
80,83,150.000000,165.000000,10.087262
81,83,155.000000,165.000000,10.104922
82,83,160.000000,165.000000,10.121469
83,83,165.000000,165.000000,10.137578
84,83,170.000000,165.000000,10.147842
85,83,175.000000,165.000000,10.157182
86,83,180.000000,165.000000,10.166522
87,83,185.000000,165.000000,10.175761
88,83,190.000000,165.000000,10.184447
89,83,195.000000,165.000000,10.191884
90,83,200.000000,165.000000,10.196401
91,83,205.000000,165.000000,10.200918
92,83,210.000000,165.000000,10.205434
93,83,215.000000,165.000000,10.209899
94,83,220.000000,165.000000,10.214329
95,83,225.000000,165.000000,10.218064
96,83,230.000000,165.000000,10.221549
97,83,235.000000,165.000000,10.225034
98,83,240.000000,165.000000,10.228519
99,83,245.000000,165.000000,10.231977
100,83,250.000000,165.000000,10.235303
0,84,-250.000000,170.000000,7.969072
1,84,-245.000000,170.000000,7.995851
2,84,-240.000000,170.000000,8.022630
3,84,-235.000000,170.000000,8.049409
4,84,-230.000000,170.000000,8.076401
5,84,-225.000000,170.000000,8.103526
6,84,-220.000000,170.000000,8.130682
7,84,-215.000000,170.000000,8.157846
8,84,-210.000000,170.000000,8.185011
9,84,-205.000000,170.000000,8.212044
10,84,-200.000000,170.000000,8.236574
11,84,-195.000000,170.000000,8.261012
12,84,-190.000000,170.000000,8.285068
13,84,-185.000000,170.000000,8.309124
14,84,-180.000000,170.000000,8.333180
15,84,-175.000000,170.000000,8.356516
16,84,-170.000000,170.000000,8.379090
17,84,-165.000000,170.000000,8.401425
18,84,-160.000000,170.000000,8.423621
19,84,-155.000000,170.000000,8.445817
20,84,-150.000000,170.000000,8.468013
21,84,-145.000000,170.000000,8.491270
22,84,-140.000000,170.000000,8.514643
23,84,-135.000000,170.000000,8.538382
24,84,-130.000000,170.000000,8.562121
25,84,-125.000000,170.000000,8.585860
26,84,-120.000000,170.000000,8.610393
27,84,-115.000000,170.000000,8.636349
28,84,-110.000000,170.000000,8.662796
29,84,-105.000000,170.000000,8.689726
30,84,-100.000000,170.000000,8.716655
31,84,-95.000000,170.000000,8.743585
32,84,-90.000000,170.000000,8.771402
33,84,-85.000000,170.000000,8.799449
34,84,-80.000000,170.000000,8.828075
35,84,-75.000000,170.000000,8.856739
36,84,-70.000000,170.000000,8.885403
37,84,-65.000000,170.000000,8.913949
38,84,-60.000000,170.000000,8.942099
39,84,-55.000000,170.000000,8.970117
40,84,-50.000000,170.000000,8.997916
41,84,-45.000000,170.000000,9.025714
42,84,-40.000000,170.000000,9.053512
43,84,-35.000000,170.000000,9.080636
44,84,-30.000000,170.000000,9.107422
45,84,-25.000000,170.000000,9.133515
46,84,-20.000000,170.000000,9.159447
47,84,-15.000000,170.000000,9.185380
48,84,-10.000000,170.000000,9.211290
49,84,-5.000000,170.000000,9.237014
50,84,0.000000,170.000000,9.262684
51,84,5.000000,170.000000,9.288191
52,84,10.000000,170.000000,9.313698
53,84,15.000000,170.000000,9.339206
54,84,20.000000,170.000000,9.365170
55,84,25.000000,170.000000,9.391526
56,84,30.000000,170.000000,9.418618
57,84,35.000000,170.000000,9.446051
58,84,40.000000,170.000000,9.473485
59,84,45.000000,170.000000,9.500918
60,84,50.000000,170.000000,9.529380
61,84,55.000000,170.000000,9.558066
62,84,60.000000,170.000000,9.588208
63,84,65.000000,170.000000,9.618350
64,84,70.000000,170.000000,9.648492
65,84,75.000000,170.000000,9.678691
66,84,80.000000,170.000000,9.708970
67,84,85.000000,170.000000,9.739399
68,84,90.000000,170.000000,9.769947
69,84,95.000000,170.000000,9.800495
70,84,100.000000,170.000000,9.831043
71,84,105.000000,170.000000,9.860567
72,84,110.000000,170.000000,9.889904
73,84,115.000000,170.000000,9.916276
74,84,120.000000,170.000000,9.942623
75,84,125.000000,170.000000,9.968969
76,84,130.000000,170.000000,9.994772
77,84,135.000000,170.000000,10.019193
78,84,140.000000,170.000000,10.040968
79,84,145.000000,170.000000,10.059198
80,84,150.000000,170.000000,10.077428
81,84,155.000000,170.000000,10.095659
82,84,160.000000,170.000000,10.112778
83,84,165.000000,170.000000,10.129461
84,84,170.000000,170.000000,10.140312
85,84,175.000000,170.000000,10.150240
86,84,180.000000,170.000000,10.160169
87,84,185.000000,170.000000,10.169999
88,84,190.000000,170.000000,10.179285
89,84,195.000000,170.000000,10.187344
90,84,200.000000,170.000000,10.192534
91,84,205.000000,170.000000,10.197723
92,84,210.000000,170.000000,10.202913
93,84,215.000000,170.000000,10.208052
94,84,220.000000,170.000000,10.213155
95,84,225.000000,170.000000,10.217578
96,84,230.000000,170.000000,10.221756
97,84,235.000000,170.000000,10.225933
98,84,240.000000,170.000000,10.230110
99,84,245.000000,170.000000,10.234257
100,84,250.000000,170.000000,10.238255
0,85,-250.000000,175.000000,7.971384
1,85,-245.000000,175.000000,7.997036
2,85,-240.000000,175.000000,8.022689
3,85,-235.000000,175.000000,8.048341
4,85,-230.000000,175.000000,8.074116
5,85,-225.000000,175.000000,8.099968
6,85,-220.000000,175.000000,8.125837
7,85,-215.000000,175.000000,8.151711
8,85,-210.000000,175.000000,8.177586
9,85,-205.000000,175.000000,8.203333
10,85,-200.000000,175.000000,8.226666
11,85,-195.000000,175.000000,8.249910
12,85,-190.000000,175.000000,8.272785
13,85,-185.000000,175.000000,8.295661
14,85,-180.000000,175.000000,8.318537
15,85,-175.000000,175.000000,8.340817
16,85,-170.000000,175.000000,8.362468
17,85,-165.000000,175.000000,8.383922
18,85,-160.000000,175.000000,8.405261
19,85,-155.000000,175.000000,8.426600
20,85,-150.000000,175.000000,8.447938
21,85,-145.000000,175.000000,8.470579
22,85,-140.000000,175.000000,8.493361
23,85,-135.000000,175.000000,8.516593
24,85,-130.000000,175.000000,8.539825
25,85,-125.000000,175.000000,8.563056
26,85,-120.000000,175.000000,8.587123
27,85,-115.000000,175.000000,8.612687
28,85,-110.000000,175.000000,8.638767
29,85,-105.000000,175.000000,8.665356
30,85,-100.000000,175.000000,8.691944
31,85,-95.000000,175.000000,8.718533
32,85,-90.000000,175.000000,8.745976
33,85,-85.000000,175.000000,8.773641
34,85,-80.000000,175.000000,8.801866
35,85,-75.000000,175.000000,8.830126
36,85,-70.000000,175.000000,8.858386
37,85,-65.000000,175.000000,8.886516
38,85,-60.000000,175.000000,8.914211
39,85,-55.000000,175.000000,8.941760
40,85,-50.000000,175.000000,8.969068
41,85,-45.000000,175.000000,8.996375
42,85,-40.000000,175.000000,9.023682
43,85,-35.000000,175.000000,9.050375
44,85,-30.000000,175.000000,9.076761
45,85,-25.000000,175.000000,9.102516
46,85,-20.000000,175.000000,9.128125
47,85,-15.000000,175.000000,9.153734
48,85,-10.000000,175.000000,9.179346
49,85,-5.000000,175.000000,9.204987
50,85,0.000000,175.000000,9.230636
51,85,5.000000,175.000000,9.256310
52,85,10.000000,175.000000,9.281984
53,85,15.000000,175.000000,9.307658
54,85,20.000000,175.000000,9.333924
55,85,25.000000,175.000000,9.360699
56,85,30.000000,175.000000,9.388427
57,85,35.000000,175.000000,9.416598
58,85,40.000000,175.000000,9.444769
59,85,45.000000,175.000000,9.472940
60,85,50.000000,175.000000,9.502264
61,85,55.000000,175.000000,9.531839
62,85,60.000000,175.000000,9.563044
63,85,65.000000,175.000000,9.594250
64,85,70.000000,175.000000,9.625455
65,85,75.000000,175.000000,9.656713
66,85,80.000000,175.000000,9.688045
67,85,85.000000,175.000000,9.719515
68,85,90.000000,175.000000,9.751095
69,85,95.000000,175.000000,9.782675
70,85,100.000000,175.000000,9.814254
71,85,105.000000,175.000000,9.844754
72,85,110.000000,175.000000,9.875058
73,85,115.000000,175.000000,9.902236
74,85,120.000000,175.000000,9.929386
75,85,125.000000,175.000000,9.956537
76,85,130.000000,175.000000,9.983133
77,85,135.000000,175.000000,10.008314
78,85,140.000000,175.000000,10.030791
79,85,145.000000,175.000000,10.049645
80,85,150.000000,175.000000,10.068499
81,85,155.000000,175.000000,10.087353
82,85,160.000000,175.000000,10.105092
83,85,165.000000,175.000000,10.122395
84,85,170.000000,175.000000,10.133851
85,85,175.000000,175.000000,10.144384
86,85,180.000000,175.000000,10.154916
87,85,185.000000,175.000000,10.165351
88,85,190.000000,175.000000,10.175251
89,85,195.000000,175.000000,10.183946
90,85,200.000000,175.000000,10.189821
91,85,205.000000,175.000000,10.195696
92,85,210.000000,175.000000,10.201570
93,85,215.000000,175.000000,10.207397
94,85,220.000000,175.000000,10.213189
95,85,225.000000,175.000000,10.218332
96,85,230.000000,175.000000,10.223241
97,85,235.000000,175.000000,10.228149
98,85,240.000000,175.000000,10.233057
99,85,245.000000,175.000000,10.237933
100,85,250.000000,175.000000,10.242646
0,86,-250.000000,180.000000,7.973695
1,86,-245.000000,180.000000,7.998221
2,86,-240.000000,180.000000,8.022747
3,86,-235.000000,180.000000,8.047273
4,86,-230.000000,180.000000,8.071831
5,86,-225.000000,180.000000,8.096409
6,86,-220.000000,180.000000,8.120992
7,86,-215.000000,180.000000,8.145576
8,86,-210.000000,180.000000,8.170161
9,86,-205.000000,180.000000,8.194622
10,86,-200.000000,180.000000,8.216758
11,86,-195.000000,180.000000,8.238808
12,86,-190.000000,180.000000,8.260503
13,86,-185.000000,180.000000,8.282198
14,86,-180.000000,180.000000,8.303893
15,86,-175.000000,180.000000,8.325118
16,86,-170.000000,180.000000,8.345847
17,86,-165.000000,180.000000,8.366419
18,86,-160.000000,180.000000,8.386901
19,86,-155.000000,180.000000,8.407382
20,86,-150.000000,180.000000,8.427864
21,86,-145.000000,180.000000,8.449888
22,86,-140.000000,180.000000,8.472080
23,86,-135.000000,180.000000,8.494804
24,86,-130.000000,180.000000,8.517528
25,86,-125.000000,180.000000,8.540253
26,86,-120.000000,180.000000,8.563853
27,86,-115.000000,180.000000,8.589026
28,86,-110.000000,180.000000,8.614739
29,86,-105.000000,180.000000,8.640986
30,86,-100.000000,180.000000,8.667233
31,86,-95.000000,180.000000,8.693480
32,86,-90.000000,180.000000,8.720550
33,86,-85.000000,180.000000,8.747834
34,86,-80.000000,180.000000,8.775656
35,86,-75.000000,180.000000,8.803512
36,86,-70.000000,180.000000,8.831369
37,86,-65.000000,180.000000,8.859084
38,86,-60.000000,180.000000,8.886323
39,86,-55.000000,180.000000,8.913403
40,86,-50.000000,180.000000,8.940219
41,86,-45.000000,180.000000,8.967035
42,86,-40.000000,180.000000,8.993851
43,86,-35.000000,180.000000,9.020114
44,86,-30.000000,180.000000,9.046100
45,86,-25.000000,180.000000,9.071518
46,86,-20.000000,180.000000,9.096803
47,86,-15.000000,180.000000,9.122088
48,86,-10.000000,180.000000,9.147402
49,86,-5.000000,180.000000,9.172960
50,86,0.000000,180.000000,9.198588
51,86,5.000000,180.000000,9.224429
52,86,10.000000,180.000000,9.250270
53,86,15.000000,180.000000,9.276110
54,86,20.000000,180.000000,9.302679
55,86,25.000000,180.000000,9.329871
56,86,30.000000,180.000000,9.358237
57,86,35.000000,180.000000,9.387146
58,86,40.000000,180.000000,9.416054
59,86,45.000000,180.000000,9.444963
60,86,50.000000,180.000000,9.475148
61,86,55.000000,180.000000,9.505611
62,86,60.000000,180.000000,9.537880
63,86,65.000000,180.000000,9.570149
64,86,70.000000,180.000000,9.602418
65,86,75.000000,180.000000,9.634735
66,86,80.000000,180.000000,9.667120
67,86,85.000000,180.000000,9.699631
68,86,90.000000,180.000000,9.732243
69,86,95.000000,180.000000,9.764854
70,86,100.000000,180.000000,9.797466
71,86,105.000000,180.000000,9.828942
72,86,110.000000,180.000000,9.860212
73,86,115.000000,180.000000,9.888195
74,86,120.000000,180.000000,9.916150
75,86,125.000000,180.000000,9.944105
76,86,130.000000,180.000000,9.971493
77,86,135.000000,180.000000,9.997436
78,86,140.000000,180.000000,10.020615
79,86,145.000000,180.000000,10.040092
80,86,150.000000,180.000000,10.059569
81,86,155.000000,180.000000,10.079047
82,86,160.000000,180.000000,10.097407
83,86,165.000000,180.000000,10.115329
84,86,170.000000,180.000000,10.127391
85,86,175.000000,180.000000,10.138527
86,86,180.000000,180.000000,10.149663
87,86,185.000000,180.000000,10.160703
88,86,190.000000,180.000000,10.171218
89,86,195.000000,180.000000,10.180549
90,86,200.000000,180.000000,10.187108
91,86,205.000000,180.000000,10.193668
92,86,210.000000,180.000000,10.200228
93,86,215.000000,180.000000,10.206742
94,86,220.000000,180.000000,10.213223
95,86,225.000000,180.000000,10.219086
96,86,230.000000,180.000000,10.224726
97,86,235.000000,180.000000,10.230365
98,86,240.000000,180.000000,10.236004
99,86,245.000000,180.000000,10.241608
100,86,250.000000,180.000000,10.247036
0,87,-250.000000,185.000000,7.975937
1,87,-245.000000,185.000000,7.999341
2,87,-240.000000,185.000000,8.022745
3,87,-235.000000,185.000000,8.046148
4,87,-230.000000,185.000000,8.069494
5,87,-225.000000,185.000000,8.092802
6,87,-220.000000,185.000000,8.116103
7,87,-215.000000,185.000000,8.139401
8,87,-210.000000,185.000000,8.162698
9,87,-205.000000,185.000000,8.185878
10,87,-200.000000,185.000000,8.206819
11,87,-195.000000,185.000000,8.227678
12,87,-190.000000,185.000000,8.248195
13,87,-185.000000,185.000000,8.268712
14,87,-180.000000,185.000000,8.289229
15,87,-175.000000,185.000000,8.309401
16,87,-170.000000,185.000000,8.329208
17,87,-165.000000,185.000000,8.348900
18,87,-160.000000,185.000000,8.368526
19,87,-155.000000,185.000000,8.388152
20,87,-150.000000,185.000000,8.407777
21,87,-145.000000,185.000000,8.429186
22,87,-140.000000,185.000000,8.450789
23,87,-135.000000,185.000000,8.473006
24,87,-130.000000,185.000000,8.495224
25,87,-125.000000,185.000000,8.517442
26,87,-120.000000,185.000000,8.540577
27,87,-115.000000,185.000000,8.565359
28,87,-110.000000,185.000000,8.590707
29,87,-105.000000,185.000000,8.616613
30,87,-100.000000,185.000000,8.642520
31,87,-95.000000,185.000000,8.668427
32,87,-90.000000,185.000000,8.695125
33,87,-85.000000,185.000000,8.722029
34,87,-80.000000,185.000000,8.749450
35,87,-75.000000,185.000000,8.776905
36,87,-70.000000,185.000000,8.804359
37,87,-65.000000,185.000000,8.831660
38,87,-60.000000,185.000000,8.858445
39,87,-55.000000,185.000000,8.885058
40,87,-50.000000,185.000000,8.911384
41,87,-45.000000,185.000000,8.937710
42,87,-40.000000,185.000000,8.964036
43,87,-35.000000,185.000000,8.989870
44,87,-30.000000,185.000000,9.015456
45,87,-25.000000,185.000000,9.040537
46,87,-20.000000,185.000000,9.065500
47,87,-15.000000,185.000000,9.090462
48,87,-10.000000,185.000000,9.115478
49,87,-5.000000,185.000000,9.140954
50,87,0.000000,185.000000,9.166562
51,87,5.000000,185.000000,9.192570
52,87,10.000000,185.000000,9.218577
53,87,15.000000,185.000000,9.244585
54,87,20.000000,185.000000,9.271456
55,87,25.000000,185.000000,9.299068
56,87,30.000000,185.000000,9.328070
57,87,35.000000,185.000000,9.357717
58,87,40.000000,185.000000,9.387364
59,87,45.000000,185.000000,9.417011
60,87,50.000000,185.000000,9.448058
61,87,55.000000,185.000000,9.479411
62,87,60.000000,185.000000,9.512744
63,87,65.000000,185.000000,9.546078
64,87,70.000000,185.000000,9.579411
65,87,75.000000,185.000000,9.612788
66,87,80.000000,185.000000,9.646227
67,87,85.000000,185.000000,9.679781
68,87,90.000000,185.000000,9.713426
69,87,95.000000,185.000000,9.747071
70,87,100.000000,185.000000,9.780716
71,87,105.000000,185.000000,9.813170
72,87,110.000000,185.000000,9.845408
73,87,115.000000,185.000000,9.874198
74,87,120.000000,185.000000,9.902959
75,87,125.000000,185.000000,9.931719
76,87,130.000000,185.000000,9.959900
77,87,135.000000,185.000000,9.986606
78,87,140.000000,185.000000,10.010489
79,87,145.000000,185.000000,10.030590
80,87,150.000000,185.000000,10.050690
81,87,155.000000,185.000000,10.070791
82,87,160.000000,185.000000,10.089773
83,87,165.000000,185.000000,10.108314
84,87,170.000000,185.000000,10.120982
85,87,175.000000,185.000000,10.132721
86,87,180.000000,185.000000,10.144460
87,87,185.000000,185.000000,10.156104
88,87,190.000000,185.000000,10.167234
89,87,195.000000,185.000000,10.177199
90,87,200.000000,185.000000,10.184444
91,87,205.000000,185.000000,10.191688
92,87,210.000000,185.000000,10.198932
93,87,215.000000,185.000000,10.206132
94,87,220.000000,185.000000,10.213302
95,87,225.000000,185.000000,10.219884
96,87,230.000000,185.000000,10.226255
97,87,235.000000,185.000000,10.232626
98,87,240.000000,185.000000,10.238996
99,87,245.000000,185.000000,10.245328
100,87,250.000000,185.000000,10.251471
0,88,-250.000000,190.000000,7.977247
1,88,-245.000000,190.000000,7.999587
2,88,-240.000000,190.000000,8.021928
3,88,-235.000000,190.000000,8.044268
4,88,-230.000000,190.000000,8.066455
5,88,-225.000000,190.000000,8.088546
6,88,-220.000000,190.000000,8.110615
7,88,-215.000000,190.000000,8.132677
8,88,-210.000000,190.000000,8.154739
9,88,-205.000000,190.000000,8.176686
10,88,-200.000000,190.000000,8.196468
11,88,-195.000000,190.000000,8.216169
12,88,-190.000000,190.000000,8.235540
13,88,-185.000000,190.000000,8.254911
14,88,-180.000000,190.000000,8.274281
15,88,-175.000000,190.000000,8.293426
16,88,-170.000000,190.000000,8.312332
17,88,-165.000000,190.000000,8.331163
18,88,-160.000000,190.000000,8.349950
19,88,-155.000000,190.000000,8.368737
20,88,-150.000000,190.000000,8.387524
21,88,-145.000000,190.000000,8.408331
22,88,-140.000000,190.000000,8.429359
23,88,-135.000000,190.000000,8.451083
24,88,-130.000000,190.000000,8.472808
25,88,-125.000000,190.000000,8.494532
26,88,-120.000000,190.000000,8.517217
27,88,-115.000000,190.000000,8.541623
28,88,-110.000000,190.000000,8.566622
29,88,-105.000000,190.000000,8.592206
30,88,-100.000000,190.000000,8.617789
31,88,-95.000000,190.000000,8.643373
32,88,-90.000000,190.000000,8.669718
33,88,-85.000000,190.000000,8.696260
34,88,-80.000000,190.000000,8.723301
35,88,-75.000000,190.000000,8.750373
36,88,-70.000000,190.000000,8.777445
37,88,-65.000000,190.000000,8.804351
38,88,-60.000000,190.000000,8.830701
39,88,-55.000000,190.000000,8.856864
40,88,-50.000000,190.000000,8.882718
41,88,-45.000000,190.000000,8.908572
42,88,-40.000000,190.000000,8.934426
43,88,-35.000000,190.000000,8.959845
44,88,-30.000000,190.000000,8.985046
45,88,-25.000000,190.000000,9.009801
46,88,-20.000000,190.000000,9.034452
47,88,-15.000000,190.000000,9.059102
48,88,-10.000000,190.000000,9.083830
49,88,-5.000000,190.000000,9.109232
50,88,0.000000,190.000000,9.134827
51,88,5.000000,190.000000,9.161007
52,88,10.000000,190.000000,9.187187
53,88,15.000000,190.000000,9.213367
54,88,20.000000,190.000000,9.240545
55,88,25.000000,190.000000,9.268581
56,88,30.000000,190.000000,9.298227
57,88,35.000000,190.000000,9.328618
58,88,40.000000,190.000000,9.359010
59,88,45.000000,190.000000,9.389401
60,88,50.000000,190.000000,9.421319
61,88,55.000000,190.000000,9.453571
62,88,60.000000,190.000000,9.487983
63,88,65.000000,190.000000,9.522395
64,88,70.000000,190.000000,9.556807
65,88,75.000000,190.000000,9.591259
66,88,80.000000,190.000000,9.625769
67,88,85.000000,190.000000,9.660384
68,88,90.000000,190.000000,9.695084
69,88,95.000000,190.000000,9.729784
70,88,100.000000,190.000000,9.764484
71,88,105.000000,190.000000,9.797937
72,88,110.000000,190.000000,9.831164
73,88,115.000000,190.000000,9.860781
74,88,120.000000,190.000000,9.890367
75,88,125.000000,190.000000,9.919953
76,88,130.000000,190.000000,9.948946
77,88,135.000000,190.000000,9.976431
78,88,140.000000,190.000000,10.001029
79,88,145.000000,190.000000,10.021760
80,88,150.000000,190.000000,10.042492
81,88,155.000000,190.000000,10.063223
82,88,160.000000,190.000000,10.082830
83,88,165.000000,190.000000,10.101996
84,88,170.000000,190.000000,10.115264
85,88,175.000000,190.000000,10.127598
86,88,180.000000,190.000000,10.139932
87,88,185.000000,190.000000,10.152174
88,88,190.000000,190.000000,10.163910
89,88,195.000000,190.000000,10.174502
90,88,200.000000,190.000000,10.182421
91,88,205.000000,190.000000,10.190339
92,88,210.000000,190.000000,10.198257
93,88,215.000000,190.000000,10.206134
94,88,220.000000,190.000000,10.213983
95,88,225.000000,190.000000,10.221283
96,88,230.000000,190.000000,10.228384
97,88,235.000000,190.000000,10.235485
98,88,240.000000,190.000000,10.242586
99,88,245.000000,190.000000,10.249646
100,88,250.000000,190.000000,10.256506
0,89,-250.000000,195.000000,7.976492
1,89,-245.000000,195.000000,7.997900
2,89,-240.000000,195.000000,8.019308
3,89,-235.000000,195.000000,8.040716
4,89,-230.000000,195.000000,8.061865
5,89,-225.000000,195.000000,8.082851
6,89,-220.000000,195.000000,8.103801
7,89,-215.000000,195.000000,8.124740
8,89,-210.000000,195.000000,8.145678
9,89,-205.000000,195.000000,8.166504
10,89,-200.000000,195.000000,8.185203
11,89,-195.000000,195.000000,8.203822
12,89,-190.000000,195.000000,8.222118
13,89,-185.000000,195.000000,8.240413
14,89,-180.000000,195.000000,8.258708
15,89,-175.000000,195.000000,8.276884
16,89,-170.000000,195.000000,8.294933
17,89,-165.000000,195.000000,8.312942
18,89,-160.000000,195.000000,8.330928
19,89,-155.000000,195.000000,8.348914
20,89,-150.000000,195.000000,8.366900
21,89,-145.000000,195.000000,8.387138
22,89,-140.000000,195.000000,8.407623
23,89,-135.000000,195.000000,8.428883
24,89,-130.000000,195.000000,8.450144
25,89,-125.000000,195.000000,8.471404
26,89,-120.000000,195.000000,8.493670
27,89,-115.000000,195.000000,8.517736
28,89,-110.000000,195.000000,8.542422
29,89,-105.000000,195.000000,8.567720
30,89,-100.000000,195.000000,8.593018
31,89,-95.000000,195.000000,8.618316
32,89,-90.000000,195.000000,8.644348
33,89,-85.000000,195.000000,8.670571
34,89,-80.000000,195.000000,8.697275
35,89,-75.000000,195.000000,8.724010
36,89,-70.000000,195.000000,8.750744
37,89,-65.000000,195.000000,8.777299
38,89,-60.000000,195.000000,8.803254
39,89,-55.000000,195.000000,8.829008
40,89,-50.000000,195.000000,8.854428
41,89,-45.000000,195.000000,8.879848
42,89,-40.000000,195.000000,8.905269
43,89,-35.000000,195.000000,8.930306
44,89,-30.000000,195.000000,8.955153
45,89,-25.000000,195.000000,8.979606
46,89,-20.000000,195.000000,9.003968
47,89,-15.000000,195.000000,9.028331
48,89,-10.000000,195.000000,9.052793
49,89,-5.000000,195.000000,9.078139
50,89,0.000000,195.000000,9.103737
51,89,5.000000,195.000000,9.130100
52,89,10.000000,195.000000,9.156463
53,89,15.000000,195.000000,9.182827
54,89,20.000000,195.000000,9.210325
55,89,25.000000,195.000000,9.238798
56,89,30.000000,195.000000,9.269100
57,89,35.000000,195.000000,9.300249
58,89,40.000000,195.000000,9.331399
59,89,45.000000,195.000000,9.362548
60,89,50.000000,195.000000,9.395358
61,89,55.000000,195.000000,9.428531
62,89,60.000000,195.000000,9.464052
63,89,65.000000,195.000000,9.499574
64,89,70.000000,195.000000,9.535096
65,89,75.000000,195.000000,9.570657
66,89,80.000000,195.000000,9.606273
67,89,85.000000,195.000000,9.641993
68,89,90.000000,195.000000,9.677796
69,89,95.000000,195.000000,9.713598
70,89,100.000000,195.000000,9.749400
71,89,105.000000,195.000000,9.783899
72,89,110.000000,195.000000,9.818160
73,89,115.000000,195.000000,9.848647
74,89,120.000000,195.000000,9.879102
75,89,125.000000,195.000000,9.909557
76,89,130.000000,195.000000,9.939404
77,89,135.000000,195.000000,9.967704
78,89,140.000000,195.000000,9.993045
79,89,145.000000,195.000000,10.014422
80,89,150.000000,195.000000,10.035799
81,89,155.000000,195.000000,10.057176
82,89,160.000000,195.000000,10.077419
83,89,165.000000,195.000000,10.097218
84,89,170.000000,195.000000,10.111072
85,89,175.000000,195.000000,10.123986
86,89,180.000000,195.000000,10.136900
87,89,185.000000,195.000000,10.149723
88,89,190.000000,195.000000,10.162048
89,89,195.000000,195.000000,10.173248
90,89,200.000000,195.000000,10.181818
91,89,205.000000,195.000000,10.190388
92,89,210.000000,195.000000,10.198958
93,89,215.000000,195.000000,10.207491
94,89,220.000000,195.000000,10.215999
95,89,225.000000,195.000000,10.224008
96,89,230.000000,195.000000,10.231839
97,89,235.000000,195.000000,10.239670
98,89,240.000000,195.000000,10.247500
99,89,245.000000,195.000000,10.255288
100,89,250.000000,195.000000,10.262868
0,90,-250.000000,200.000000,7.972235
1,90,-245.000000,200.000000,7.992932
2,90,-240.000000,200.000000,8.013629
3,90,-235.000000,200.000000,8.034326
4,90,-230.000000,200.000000,8.054642
5,90,-225.000000,200.000000,8.074717
6,90,-220.000000,200.000000,8.094739
7,90,-215.000000,200.000000,8.114744
8,90,-210.000000,200.000000,8.134749
9,90,-205.000000,200.000000,8.154641
10,90,-200.000000,200.000000,8.172387
11,90,-195.000000,200.000000,8.190054
12,90,-190.000000,200.000000,8.207394
13,90,-185.000000,200.000000,8.224734
14,90,-180.000000,200.000000,8.242074
15,90,-175.000000,200.000000,8.259378
16,90,-170.000000,200.000000,8.276646
17,90,-165.000000,200.000000,8.293902
18,90,-160.000000,200.000000,8.311151
19,90,-155.000000,200.000000,8.328401
20,90,-150.000000,200.000000,8.345650
21,90,-145.000000,200.000000,8.365373
22,90,-140.000000,200.000000,8.385367
23,90,-135.000000,200.000000,8.406213
24,90,-130.000000,200.000000,8.427060
25,90,-125.000000,200.000000,8.447906
26,90,-120.000000,200.000000,8.469805
27,90,-115.000000,200.000000,8.493591
28,90,-110.000000,200.000000,8.518026
29,90,-105.000000,200.000000,8.543102
30,90,-100.000000,200.000000,8.568177
31,90,-95.000000,200.000000,8.593253
32,90,-90.000000,200.000000,8.619043
33,90,-85.000000,200.000000,8.645018
34,90,-80.000000,200.000000,8.671460
35,90,-75.000000,200.000000,8.697932
36,90,-70.000000,200.000000,8.724404
37,90,-65.000000,200.000000,8.750682
38,90,-60.000000,200.000000,8.776311
39,90,-55.000000,200.000000,8.801724
40,90,-50.000000,200.000000,8.826776
41,90,-45.000000,200.000000,8.851828
42,90,-40.000000,200.000000,8.876880
43,90,-35.000000,200.000000,8.901593
44,90,-30.000000,200.000000,8.926136
45,90,-25.000000,200.000000,8.950330
46,90,-20.000000,200.000000,8.974444
47,90,-15.000000,200.000000,8.998557
48,90,-10.000000,200.000000,9.022794
49,90,-5.000000,200.000000,9.048113
50,90,0.000000,200.000000,9.073740
51,90,5.000000,200.000000,9.100306
52,90,10.000000,200.000000,9.126872
53,90,15.000000,200.000000,9.153438
54,90,20.000000,200.000000,9.181276
55,90,25.000000,200.000000,9.210206
56,90,30.000000,200.000000,9.241187
57,90,35.000000,200.000000,9.273119
58,90,40.000000,200.000000,9.305050
59,90,45.000000,200.000000,9.336981
60,90,50.000000,200.000000,9.370717
61,90,55.000000,200.000000,9.404847
62,90,60.000000,200.000000,9.441531
63,90,65.000000,200.000000,9.478214
64,90,70.000000,200.000000,9.514898
65,90,75.000000,200.000000,9.551624
66,90,80.000000,200.000000,9.588410
67,90,85.000000,200.000000,9.625307
68,90,90.000000,200.000000,9.662292
69,90,95.000000,200.000000,9.699278
70,90,100.000000,200.000000,9.736263
71,90,105.000000,200.000000,9.771886
72,90,110.000000,200.000000,9.807261
73,90,115.000000,200.000000,9.838692
74,90,120.000000,200.000000,9.870089
75,90,125.000000,200.000000,9.901486
76,90,130.000000,200.000000,9.932257
77,90,135.000000,200.000000,9.961435
78,90,140.000000,200.000000,9.987566
79,90,145.000000,200.000000,10.009613
80,90,150.000000,200.000000,10.031661
81,90,155.000000,200.000000,10.053708
82,90,160.000000,200.000000,10.074607
83,90,165.000000,200.000000,10.095054
84,90,170.000000,200.000000,10.109473
85,90,175.000000,200.000000,10.122939
86,90,180.000000,200.000000,10.136405
87,90,185.000000,200.000000,10.149781
88,90,190.000000,200.000000,10.162666
89,90,195.000000,200.000000,10.174443
90,90,200.000000,200.000000,10.183626
91,90,205.000000,200.000000,10.192810
92,90,210.000000,200.000000,10.201993
93,90,215.000000,200.000000,10.211146
94,90,220.000000,200.000000,10.220277
95,90,225.000000,200.000000,10.228987
96,90,230.000000,200.000000,10.237545
97,90,235.000000,200.000000,10.246104
98,90,240.000000,200.000000,10.254661
99,90,245.000000,200.000000,10.263177
100,90,250.000000,200.000000,10.271482
0,91,-250.000000,205.000000,7.967978
1,91,-245.000000,205.000000,7.987964
2,91,-240.000000,205.000000,8.007951
3,91,-235.000000,205.000000,8.027937
4,91,-230.000000,205.000000,8.047418
5,91,-225.000000,205.000000,8.066583
6,91,-220.000000,205.000000,8.085677
7,91,-215.000000,205.000000,8.104749
8,91,-210.000000,205.000000,8.123820
9,91,-205.000000,205.000000,8.142778
10,91,-200.000000,205.000000,8.159572
11,91,-195.000000,205.000000,8.176286
12,91,-190.000000,205.000000,8.192670
13,91,-185.000000,205.000000,8.209055
14,91,-180.000000,205.000000,8.225439
15,91,-175.000000,205.000000,8.241873
16,91,-170.000000,205.000000,8.258359
17,91,-165.000000,205.000000,8.274862
18,91,-160.000000,205.000000,8.291375
19,91,-155.000000,205.000000,8.307887
20,91,-150.000000,205.000000,8.324399
21,91,-145.000000,205.000000,8.343608
22,91,-140.000000,205.000000,8.363111
23,91,-135.000000,205.000000,8.383543
24,91,-130.000000,205.000000,8.403975
25,91,-125.000000,205.000000,8.424408
26,91,-120.000000,205.000000,8.445941
27,91,-115.000000,205.000000,8.469446
28,91,-110.000000,205.000000,8.493630
29,91,-105.000000,205.000000,8.518483
30,91,-100.000000,205.000000,8.543337
31,91,-95.000000,205.000000,8.568191
32,91,-90.000000,205.000000,8.593738
33,91,-85.000000,205.000000,8.619465
34,91,-80.000000,205.000000,8.645645
35,91,-75.000000,205.000000,8.671854
36,91,-70.000000,205.000000,8.698063
37,91,-65.000000,205.000000,8.724064
38,91,-60.000000,205.000000,8.749369
39,91,-55.000000,205.000000,8.774440
40,91,-50.000000,205.000000,8.799124
41,91,-45.000000,205.000000,8.823808
42,91,-40.000000,205.000000,8.848491
43,91,-35.000000,205.000000,8.872879
44,91,-30.000000,205.000000,8.897119
45,91,-25.000000,205.000000,8.921054
46,91,-20.000000,205.000000,8.944919
47,91,-15.000000,205.000000,8.968784
48,91,-10.000000,205.000000,8.992794
49,91,-5.000000,205.000000,9.018086
50,91,0.000000,205.000000,9.043743
51,91,5.000000,205.000000,9.070512
52,91,10.000000,205.000000,9.097280
53,91,15.000000,205.000000,9.124049
54,91,20.000000,205.000000,9.152227
55,91,25.000000,205.000000,9.181615
56,91,30.000000,205.000000,9.213275
57,91,35.000000,205.000000,9.245988
58,91,40.000000,205.000000,9.278700
59,91,45.000000,205.000000,9.311413
60,91,50.000000,205.000000,9.346075
61,91,55.000000,205.000000,9.381163
62,91,60.000000,205.000000,9.419009
63,91,65.000000,205.000000,9.456855
64,91,70.000000,205.000000,9.494701
65,91,75.000000,205.000000,9.532592
66,91,80.000000,205.000000,9.570547
67,91,85.000000,205.000000,9.608621
68,91,90.000000,205.000000,9.646789
69,91,95.000000,205.000000,9.684958
70,91,100.000000,205.000000,9.723126
71,91,105.000000,205.000000,9.759874
72,91,110.000000,205.000000,9.796362
73,91,115.000000,205.000000,9.828737
74,91,120.000000,205.000000,9.861076
75,91,125.000000,205.000000,9.893415
76,91,130.000000,205.000000,9.925110
77,91,135.000000,205.000000,9.955166
78,91,140.000000,205.000000,9.982086
79,91,145.000000,205.000000,10.004804
80,91,150.000000,205.000000,10.027522
81,91,155.000000,205.000000,10.050241
82,91,160.000000,205.000000,10.071794
83,91,165.000000,205.000000,10.092890
84,91,170.000000,205.000000,10.107874
85,91,175.000000,205.000000,10.121892
86,91,180.000000,205.000000,10.135909
87,91,185.000000,205.000000,10.149839
88,91,190.000000,205.000000,10.163284
89,91,195.000000,205.000000,10.175637
90,91,200.000000,205.000000,10.185434
91,91,205.000000,205.000000,10.195231
92,91,210.000000,205.000000,10.205029
93,91,215.000000,205.000000,10.214801
94,91,220.000000,205.000000,10.224555
95,91,225.000000,205.000000,10.233965
96,91,230.000000,205.000000,10.243251
97,91,235.000000,205.000000,10.252537
98,91,240.000000,205.000000,10.261822
99,91,245.000000,205.000000,10.271065
100,91,250.000000,205.000000,10.280095
0,92,-250.000000,210.000000,7.963721
1,92,-245.000000,210.000000,7.982997
2,92,-240.000000,210.000000,8.002272
3,92,-235.000000,210.000000,8.021547
4,92,-230.000000,210.000000,8.040195
5,92,-225.000000,210.000000,8.058449
6,92,-220.000000,210.000000,8.076615
7,92,-215.000000,210.000000,8.094753
8,92,-210.000000,210.000000,8.112891
9,92,-205.000000,210.000000,8.130915
10,92,-200.000000,210.000000,8.146757
11,92,-195.000000,210.000000,8.162518
12,92,-190.000000,210.000000,8.177947
13,92,-185.000000,210.000000,8.193375
14,92,-180.000000,210.000000,8.208804
15,92,-175.000000,210.000000,8.224367
16,92,-170.000000,210.000000,8.240072
17,92,-165.000000,210.000000,8.255822
18,92,-160.000000,210.000000,8.271598
19,92,-155.000000,210.000000,8.287373
20,92,-150.000000,210.000000,8.303149
21,92,-145.000000,210.000000,8.321842
22,92,-140.000000,210.000000,8.340855
23,92,-135.000000,210.000000,8.360873
24,92,-130.000000,210.000000,8.380891
25,92,-125.000000,210.000000,8.400910
26,92,-120.000000,210.000000,8.422076
27,92,-115.000000,210.000000,8.445300
28,92,-110.000000,210.000000,8.469233
29,92,-105.000000,210.000000,8.493865
30,92,-100.000000,210.000000,8.518497
31,92,-95.000000,210.000000,8.543129
32,92,-90.000000,210.000000,8.568433
33,92,-85.000000,210.000000,8.593911
34,92,-80.000000,210.000000,8.619830
35,92,-75.000000,210.000000,8.645776
36,92,-70.000000,210.000000,8.671723
37,92,-65.000000,210.000000,8.697447
38,92,-60.000000,210.000000,8.722426
39,92,-55.000000,210.000000,8.747156
40,92,-50.000000,210.000000,8.771472
41,92,-45.000000,210.000000,8.795787
42,92,-40.000000,210.000000,8.820103
43,92,-35.000000,210.000000,8.844166
44,92,-30.000000,210.000000,8.868102
45,92,-25.000000,210.000000,8.891778
46,92,-20.000000,210.000000,8.915394
47,92,-15.000000,210.000000,8.939010
48,92,-10.000000,210.000000,8.962795
49,92,-5.000000,210.000000,8.988060
50,92,0.000000,210.000000,9.013747
51,92,5.000000,210.000000,9.040718
52,92,10.000000,210.000000,9.067689
53,92,15.000000,210.000000,9.094660
54,92,20.000000,210.000000,9.123178
55,92,25.000000,210.000000,9.153024
56,92,30.000000,210.000000,9.185363
57,92,35.000000,210.000000,9.218857
58,92,40.000000,210.000000,9.252351
59,92,45.000000,210.000000,9.285845
60,92,50.000000,210.000000,9.321433
61,92,55.000000,210.000000,9.357479
62,92,60.000000,210.000000,9.396487
63,92,65.000000,210.000000,9.435495
64,92,70.000000,210.000000,9.474503
65,92,75.000000,210.000000,9.513559
66,92,80.000000,210.000000,9.552684
67,92,85.000000,210.000000,9.591935
68,92,90.000000,210.000000,9.631286
69,92,95.000000,210.000000,9.670638
70,92,100.000000,210.000000,9.709989
71,92,105.000000,210.000000,9.747861
72,92,110.000000,210.000000,9.785464
73,92,115.000000,210.000000,9.818782
74,92,120.000000,210.000000,9.852063
75,92,125.000000,210.000000,9.885344
76,92,130.000000,210.000000,9.917964
77,92,135.000000,210.000000,9.948898
78,92,140.000000,210.000000,9.976606
79,92,145.000000,210.000000,9.999995
80,92,150.000000,210.000000,10.023384
81,92,155.000000,210.000000,10.046773
82,92,160.000000,210.000000,10.068981
83,92,165.000000,210.000000,10.090726
84,92,170.000000,210.000000,10.106275
85,92,175.000000,210.000000,10.120844
86,92,180.000000,210.000000,10.135414
87,92,185.000000,210.000000,10.149896
88,92,190.000000,210.000000,10.163902
89,92,195.000000,210.000000,10.176831
90,92,200.000000,210.000000,10.187242
91,92,205.000000,210.000000,10.197653
92,92,210.000000,210.000000,10.208064
93,92,215.000000,210.000000,10.218455
94,92,220.000000,210.000000,10.228833
95,92,225.000000,210.000000,10.238943
96,92,230.000000,210.000000,10.248957
97,92,235.000000,210.000000,10.258971
98,92,240.000000,210.000000,10.268984
99,92,245.000000,210.000000,10.278954
100,92,250.000000,210.000000,10.288709
0,93,-250.000000,215.000000,7.959206
1,93,-245.000000,215.000000,7.977806
2,93,-240.000000,215.000000,7.996405
3,93,-235.000000,215.000000,8.015005
4,93,-230.000000,215.000000,8.032855
5,93,-225.000000,215.000000,8.050235
6,93,-220.000000,215.000000,8.067511
7,93,-215.000000,215.000000,8.084753
8,93,-210.000000,215.000000,8.101995
9,93,-205.000000,215.000000,8.119120
10,93,-200.000000,215.000000,8.134042
11,93,-195.000000,215.000000,8.148882
12,93,-190.000000,215.000000,8.163386
13,93,-185.000000,215.000000,8.177890
14,93,-180.000000,215.000000,8.192395
15,93,-175.000000,215.000000,8.207114
16,93,-170.000000,215.000000,8.222061
17,93,-165.000000,215.000000,8.237079
18,93,-160.000000,215.000000,8.252139
19,93,-155.000000,215.000000,8.267198
20,93,-150.000000,215.000000,8.282258
21,93,-145.000000,215.000000,8.300452
22,93,-140.000000,215.000000,8.318988
23,93,-135.000000,215.000000,8.338605
24,93,-130.000000,215.000000,8.358222
25,93,-125.000000,215.000000,8.377839
26,93,-120.000000,215.000000,8.398651
27,93,-115.000000,215.000000,8.421606
28,93,-110.000000,215.000000,8.445298
29,93,-105.000000,215.000000,8.469718
30,93,-100.000000,215.000000,8.494137
31,93,-95.000000,215.000000,8.518557
32,93,-90.000000,215.000000,8.543630
33,93,-85.000000,215.000000,8.568871
34,93,-80.000000,215.000000,8.594540
35,93,-75.000000,215.000000,8.620236
36,93,-70.000000,215.000000,8.645932
37,93,-65.000000,215.000000,8.671391
38,93,-60.000000,215.000000,8.696058
39,93,-55.000000,215.000000,8.720460
40,93,-50.000000,215.000000,8.744421
41,93,-45.000000,215.000000,8.768382
42,93,-40.000000,215.000000,8.792343
43,93,-35.000000,215.000000,8.816093
44,93,-30.000000,215.000000,8.839737
45,93,-25.000000,215.000000,8.863164
46,93,-20.000000,215.000000,8.886541
47,93,-15.000000,215.000000,8.909917
48,93,-10.000000,215.000000,8.933484
49,93,-5.000000,215.000000,8.958726
50,93,0.000000,215.000000,8.984445
51,93,5.000000,215.000000,9.011617
52,93,10.000000,215.000000,9.038789
53,93,15.000000,215.000000,9.065961
54,93,20.000000,215.000000,9.094815
55,93,25.000000,215.000000,9.125112
56,93,30.000000,215.000000,9.158120
57,93,35.000000,215.000000,9.192383
58,93,40.000000,215.000000,9.226646
59,93,45.000000,215.000000,9.260910
60,93,50.000000,215.000000,9.297410
61,93,55.000000,215.000000,9.334399
62,93,60.000000,215.000000,9.374553
63,93,65.000000,215.000000,9.414707
64,93,70.000000,215.000000,9.454862
65,93,75.000000,215.000000,9.495067
66,93,80.000000,215.000000,9.535346
67,93,85.000000,215.000000,9.575759
68,93,90.000000,215.000000,9.616281
69,93,95.000000,215.000000,9.656802
70,93,100.000000,215.000000,9.697324
71,93,105.000000,215.000000,9.736307
72,93,110.000000,215.000000,9.775012
73,93,115.000000,215.000000,9.809265
74,93,120.000000,215.000000,9.843479
75,93,125.000000,215.000000,9.877694
76,93,130.000000,215.000000,9.911228
77,93,135.000000,215.000000,9.943030
78,93,140.000000,215.000000,9.971519
79,93,145.000000,215.000000,9.995570
80,93,150.000000,215.000000,10.019620
81,93,155.000000,215.000000,10.043671
82,93,160.000000,215.000000,10.066524
83,93,165.000000,215.000000,10.088907
84,93,170.000000,215.000000,10.105009
85,93,175.000000,215.000000,10.120118
86,93,180.000000,215.000000,10.135227
87,93,185.000000,215.000000,10.150250
88,93,190.000000,215.000000,10.164803
89,93,195.000000,215.000000,10.178295
90,93,200.000000,215.000000,10.189305
91,93,205.000000,215.000000,10.200315
92,93,210.000000,215.000000,10.211325
93,93,215.000000,215.000000,10.222322
94,93,220.000000,215.000000,10.233308
95,93,225.000000,215.000000,10.244106
96,93,230.000000,215.000000,10.254835
97,93,235.000000,215.000000,10.265565
98,93,240.000000,215.000000,10.276293
99,93,245.000000,215.000000,10.286979
100,93,250.000000,215.000000,10.297448
0,94,-250.000000,220.000000,7.954037
1,94,-245.000000,220.000000,7.972051
2,94,-240.000000,220.000000,7.990064
3,94,-235.000000,220.000000,8.008078
4,94,-230.000000,220.000000,8.025223
5,94,-225.000000,220.000000,8.041822
6,94,-220.000000,220.000000,8.058300
7,94,-215.000000,220.000000,8.074740
8,94,-210.000000,220.000000,8.091179
9,94,-205.000000,220.000000,8.107500
10,94,-200.000000,220.000000,8.121582
11,94,-195.000000,220.000000,8.135581
12,94,-190.000000,220.000000,8.149239
13,94,-185.000000,220.000000,8.162897
14,94,-180.000000,220.000000,8.176554
15,94,-175.000000,220.000000,8.190498
16,94,-170.000000,220.000000,8.204745
17,94,-165.000000,220.000000,8.219087
18,94,-160.000000,220.000000,8.233484
19,94,-155.000000,220.000000,8.247881
20,94,-150.000000,220.000000,8.262278
21,94,-145.000000,220.000000,8.280010
22,94,-140.000000,220.000000,8.298108
23,94,-135.000000,220.000000,8.317355
24,94,-130.000000,220.000000,8.336603
25,94,-125.000000,220.000000,8.355851
26,94,-120.000000,220.000000,8.376339
27,94,-115.000000,220.000000,8.399051
28,94,-110.000000,220.000000,8.422528
29,94,-105.000000,220.000000,8.446761
30,94,-100.000000,220.000000,8.470994
31,94,-95.000000,220.000000,8.495227
32,94,-90.000000,220.000000,8.520096
33,94,-85.000000,220.000000,8.545129
34,94,-80.000000,220.000000,8.570578
35,94,-75.000000,220.000000,8.596054
36,94,-70.000000,220.000000,8.621530
37,94,-65.000000,220.000000,8.646756
38,94,-60.000000,220.000000,8.671143
39,94,-55.000000,220.000000,8.695251
40,94,-50.000000,220.000000,8.718892
41,94,-45.000000,220.000000,8.742534
42,94,-40.000000,220.000000,8.766175
43,94,-35.000000,220.000000,8.789642
44,94,-30.000000,220.000000,8.813023
45,94,-25.000000,220.000000,8.836224
46,94,-20.000000,220.000000,8.859384
47,94,-15.000000,220.000000,8.882544
48,94,-10.000000,220.000000,8.905915
49,94,-5.000000,220.000000,8.931144
50,94,0.000000,220.000000,8.956902
51,94,5.000000,220.000000,8.984271
52,94,10.000000,220.000000,9.011639
53,94,15.000000,220.000000,9.039008
54,94,20.000000,220.000000,9.068187
55,94,25.000000,220.000000,9.098919
56,94,30.000000,220.000000,9.132569
57,94,35.000000,220.000000,9.167570
58,94,40.000000,220.000000,9.202572
59,94,45.000000,220.000000,9.237573
60,94,50.000000,220.000000,9.274951
61,94,55.000000,220.000000,9.312848
62,94,60.000000,220.000000,9.354107
63,94,65.000000,220.000000,9.395366
64,94,70.000000,220.000000,9.436625
65,94,75.000000,220.000000,9.477940
66,94,80.000000,220.000000,9.519334
67,94,85.000000,220.000000,9.560875
68,94,90.000000,220.000000,9.602533
69,94,95.000000,220.000000,9.644191
70,94,100.000000,220.000000,9.685849
71,94,105.000000,220.000000,9.725915
72,94,110.000000,220.000000,9.765690
73,94,115.000000,220.000000,9.800855
74,94,120.000000,220.000000,9.835980
75,94,125.000000,220.000000,9.871104
76,94,130.000000,220.000000,9.905531
77,94,135.000000,220.000000,9.938179
78,94,140.000000,220.000000,9.967425
79,94,145.000000,220.000000,9.992114
80,94,150.000000,220.000000,10.016803
81,94,155.000000,220.000000,10.041492
82,94,160.000000,220.000000,10.064966
83,94,165.000000,220.000000,10.087963
84,94,170.000000,220.000000,10.104587
85,94,175.000000,220.000000,10.120204
86,94,180.000000,220.000000,10.135820
87,94,185.000000,220.000000,10.151352
88,94,190.000000,220.000000,10.166419
89,94,195.000000,220.000000,10.180441
90,94,200.000000,220.000000,10.192013
91,94,205.000000,220.000000,10.203586
92,94,210.000000,220.000000,10.215159
93,94,215.000000,220.000000,10.226723
94,94,220.000000,220.000000,10.238283
95,94,225.000000,220.000000,10.249736
96,94,230.000000,220.000000,10.261150
97,94,235.000000,220.000000,10.272565
98,94,240.000000,220.000000,10.283978
99,94,245.000000,220.000000,10.295349
100,94,250.000000,220.000000,10.306503
0,95,-250.000000,225.000000,7.947172
1,95,-245.000000,225.000000,7.964832
2,95,-240.000000,225.000000,7.982491
3,95,-235.000000,225.000000,8.000151
4,95,-230.000000,225.000000,8.016829
5,95,-225.000000,225.000000,8.032890
6,95,-220.000000,225.000000,8.048814
7,95,-215.000000,225.000000,8.064694
8,95,-210.000000,225.000000,8.080574
9,95,-205.000000,225.000000,8.096333
10,95,-200.000000,225.000000,8.109784
11,95,-195.000000,225.000000,8.123150
12,95,-190.000000,225.000000,8.136164
13,95,-185.000000,225.000000,8.149178
14,95,-180.000000,225.000000,8.162192
15,95,-175.000000,225.000000,8.175538
16,95,-170.000000,225.000000,8.189235
17,95,-165.000000,225.000000,8.203043
18,95,-160.000000,225.000000,8.216914
19,95,-155.000000,225.000000,8.230786
20,95,-150.000000,225.000000,8.244658
21,95,-145.000000,225.000000,8.262030
22,95,-140.000000,225.000000,8.279785
23,95,-135.000000,225.000000,8.298746
24,95,-130.000000,225.000000,8.317708
25,95,-125.000000,225.000000,8.336670
26,95,-120.000000,225.000000,8.356913
27,95,-115.000000,225.000000,8.379453
28,95,-110.000000,225.000000,8.402784
29,95,-105.000000,225.000000,8.426895
30,95,-100.000000,225.000000,8.451007
31,95,-95.000000,225.000000,8.475118
32,95,-90.000000,225.000000,8.499855
33,95,-85.000000,225.000000,8.524755
34,95,-80.000000,225.000000,8.550064
35,95,-75.000000,225.000000,8.575399
36,95,-70.000000,225.000000,8.600734
37,95,-65.000000,225.000000,8.625807
38,95,-60.000000,225.000000,8.650000
39,95,-55.000000,225.000000,8.673901
40,95,-50.000000,225.000000,8.697312
41,95,-45.000000,225.000000,8.720724
42,95,-40.000000,225.000000,8.744135
43,95,-35.000000,225.000000,8.767399
44,95,-30.000000,225.000000,8.790589
45,95,-25.000000,225.000000,8.813628
46,95,-20.000000,225.000000,8.836631
47,95,-15.000000,225.000000,8.859635
48,95,-10.000000,225.000000,8.882867
49,95,-5.000000,225.000000,8.908107
50,95,0.000000,225.000000,8.933920
51,95,5.000000,225.000000,8.961475
52,95,10.000000,225.000000,8.989030
53,95,15.000000,225.000000,9.016584
54,95,20.000000,225.000000,9.046061
55,95,25.000000,225.000000,9.077187
56,95,30.000000,225.000000,9.111410
57,95,35.000000,225.000000,9.147069
58,95,40.000000,225.000000,9.182728
59,95,45.000000,225.000000,9.218386
60,95,50.000000,225.000000,9.256551
61,95,55.000000,225.000000,9.295263
62,95,60.000000,225.000000,9.337521
63,95,65.000000,225.000000,9.379778
64,95,70.000000,225.000000,9.422036
65,95,75.000000,225.000000,9.464356
66,95,80.000000,225.000000,9.506766
67,95,85.000000,225.000000,9.549342
68,95,90.000000,225.000000,9.592051
69,95,95.000000,225.000000,9.634759
70,95,100.000000,225.000000,9.677468
71,95,105.000000,225.000000,9.718535
72,95,110.000000,225.000000,9.759303
73,95,115.000000,225.000000,9.795320
74,95,120.000000,225.000000,9.831295
75,95,125.000000,225.000000,9.867271
76,95,130.000000,225.000000,9.902529
77,95,135.000000,225.000000,9.935964
78,95,140.000000,225.000000,9.965907
79,95,145.000000,225.000000,9.991175
80,95,150.000000,225.000000,10.016442
81,95,155.000000,225.000000,10.041709
82,95,160.000000,225.000000,10.065741
83,95,165.000000,225.000000,10.089288
84,95,170.000000,225.000000,10.106355
85,95,175.000000,225.000000,10.122396
86,95,180.000000,225.000000,10.138437
87,95,185.000000,225.000000,10.154394
88,95,190.000000,225.000000,10.169893
89,95,195.000000,225.000000,10.184356
90,95,200.000000,225.000000,10.196396
91,95,205.000000,225.000000,10.208436
92,95,210.000000,225.000000,10.220476
93,95,215.000000,225.000000,10.232515
94,95,220.000000,225.000000,10.244553
95,95,225.000000,225.000000,10.256578
96,95,230.000000,225.000000,10.268598
97,95,235.000000,225.000000,10.280618
98,95,240.000000,225.000000,10.292637
99,95,245.000000,225.000000,10.304614
100,95,250.000000,225.000000,10.316381
0,96,-250.000000,230.000000,7.940308
1,96,-245.000000,230.000000,7.957613
2,96,-240.000000,230.000000,7.974918
3,96,-235.000000,230.000000,7.992224
4,96,-230.000000,230.000000,8.008434
5,96,-225.000000,230.000000,8.023957
6,96,-220.000000,230.000000,8.039327
7,96,-215.000000,230.000000,8.054648
8,96,-210.000000,230.000000,8.069969
9,96,-205.000000,230.000000,8.085165
10,96,-200.000000,230.000000,8.097986
11,96,-195.000000,230.000000,8.110718
12,96,-190.000000,230.000000,8.123089
13,96,-185.000000,230.000000,8.135459
14,96,-180.000000,230.000000,8.147830
15,96,-175.000000,230.000000,8.160578
16,96,-170.000000,230.000000,8.173726
17,96,-165.000000,230.000000,8.186999
18,96,-160.000000,230.000000,8.200345
19,96,-155.000000,230.000000,8.213692
20,96,-150.000000,230.000000,8.227038
21,96,-145.000000,230.000000,8.244049
22,96,-140.000000,230.000000,8.261462
23,96,-135.000000,230.000000,8.280137
24,96,-130.000000,230.000000,8.298813
25,96,-125.000000,230.000000,8.317488
26,96,-120.000000,230.000000,8.337487
27,96,-115.000000,230.000000,8.359855
28,96,-110.000000,230.000000,8.383040
29,96,-105.000000,230.000000,8.407029
30,96,-100.000000,230.000000,8.431019
31,96,-95.000000,230.000000,8.455009
32,96,-90.000000,230.000000,8.479615
33,96,-85.000000,230.000000,8.504381
34,96,-80.000000,230.000000,8.529549
35,96,-75.000000,230.000000,8.554743
36,96,-70.000000,230.000000,8.579938
37,96,-65.000000,230.000000,8.604857
38,96,-60.000000,230.000000,8.628858
39,96,-55.000000,230.000000,8.652551
40,96,-50.000000,230.000000,8.675732
41,96,-45.000000,230.000000,8.698914
42,96,-40.000000,230.000000,8.722095
43,96,-35.000000,230.000000,8.745156
44,96,-30.000000,230.000000,8.768156
45,96,-25.000000,230.000000,8.791032
46,96,-20.000000,230.000000,8.813879
47,96,-15.000000,230.000000,8.836726
48,96,-10.000000,230.000000,8.859818
49,96,-5.000000,230.000000,8.885071
50,96,0.000000,230.000000,8.910939
51,96,5.000000,230.000000,8.938680
52,96,10.000000,230.000000,8.966420
53,96,15.000000,230.000000,8.994161
54,96,20.000000,230.000000,9.023935
55,96,25.000000,230.000000,9.055454
56,96,30.000000,230.000000,9.090252
57,96,35.000000,230.000000,9.126568
58,96,40.000000,230.000000,9.162884
59,96,45.000000,230.000000,9.199200
60,96,50.000000,230.000000,9.238151
61,96,55.000000,230.000000,9.277678
62,96,60.000000,230.000000,9.320934
63,96,65.000000,230.000000,9.364190
64,96,70.000000,230.000000,9.407446
65,96,75.000000,230.000000,9.450772
66,96,80.000000,230.000000,9.494199
67,96,85.000000,230.000000,9.537810
68,96,90.000000,230.000000,9.581568
69,96,95.000000,230.000000,9.625327
70,96,100.000000,230.000000,9.669086
71,96,105.000000,230.000000,9.711154
72,96,110.000000,230.000000,9.752916
73,96,115.000000,230.000000,9.789784
74,96,120.000000,230.000000,9.826610
75,96,125.000000,230.000000,9.863437
76,96,130.000000,230.000000,9.899528
77,96,135.000000,230.000000,9.933749
78,96,140.000000,230.000000,9.964389
79,96,145.000000,230.000000,9.990235
80,96,150.000000,230.000000,10.016081
81,96,155.000000,230.000000,10.041927
82,96,160.000000,230.000000,10.066517
83,96,165.000000,230.000000,10.090614
84,96,170.000000,230.000000,10.108122
85,96,175.000000,230.000000,10.124588
86,96,180.000000,230.000000,10.141054
87,96,185.000000,230.000000,10.157437
88,96,190.000000,230.000000,10.173367
89,96,195.000000,230.000000,10.188271
90,96,200.000000,230.000000,10.200778
91,96,205.000000,230.000000,10.213286
92,96,210.000000,230.000000,10.225793
93,96,215.000000,230.000000,10.238306
94,96,220.000000,230.000000,10.250823
95,96,225.000000,230.000000,10.263420
96,96,230.000000,230.000000,10.276046
97,96,235.000000,230.000000,10.288671
98,96,240.000000,230.000000,10.301296
99,96,245.000000,230.000000,10.313879
100,96,250.000000,230.000000,10.326258
0,97,-250.000000,235.000000,7.933443
1,97,-245.000000,235.000000,7.950394
2,97,-240.000000,235.000000,7.967345
3,97,-235.000000,235.000000,7.984297
4,97,-230.000000,235.000000,8.000040
5,97,-225.000000,235.000000,8.015025
6,97,-220.000000,235.000000,8.029841
7,97,-215.000000,235.000000,8.044603
8,97,-210.000000,235.000000,8.059365
9,97,-205.000000,235.000000,8.073998
10,97,-200.000000,235.000000,8.086187
11,97,-195.000000,235.000000,8.098287
12,97,-190.000000,235.000000,8.110014
13,97,-185.000000,235.000000,8.121740
14,97,-180.000000,235.000000,8.133467
15,97,-175.000000,235.000000,8.145618
16,97,-170.000000,235.000000,8.158216
17,97,-165.000000,235.000000,8.170955
18,97,-160.000000,235.000000,8.183776
19,97,-155.000000,235.000000,8.196597
20,97,-150.000000,235.000000,8.209419
21,97,-145.000000,235.000000,8.226069
22,97,-140.000000,235.000000,8.243138
23,97,-135.000000,235.000000,8.261528
24,97,-130.000000,235.000000,8.279918
25,97,-125.000000,235.000000,8.298307
26,97,-120.000000,235.000000,8.318060
27,97,-115.000000,235.000000,8.340257
28,97,-110.000000,235.000000,8.363295
29,97,-105.000000,235.000000,8.387164
30,97,-100.000000,235.000000,8.411032
31,97,-95.000000,235.000000,8.434900
32,97,-90.000000,235.000000,8.459375
33,97,-85.000000,235.000000,8.484006
34,97,-80.000000,235.000000,8.509034
35,97,-75.000000,235.000000,8.534088
36,97,-70.000000,235.000000,8.559142
37,97,-65.000000,235.000000,8.583908
38,97,-60.000000,235.000000,8.607715
39,97,-55.000000,235.000000,8.631201
40,97,-50.000000,235.000000,8.654152
41,97,-45.000000,235.000000,8.677104
42,97,-40.000000,235.000000,8.700055
43,97,-35.000000,235.000000,8.722912
44,97,-30.000000,235.000000,8.745722
45,97,-25.000000,235.000000,8.768436
46,97,-20.000000,235.000000,8.791126
47,97,-15.000000,235.000000,8.813817
48,97,-10.000000,235.000000,8.836770
49,97,-5.000000,235.000000,8.862034
50,97,0.000000,235.000000,8.887957
51,97,5.000000,235.000000,8.915884
52,97,10.000000,235.000000,8.943811
53,97,15.000000,235.000000,8.971737
54,97,20.000000,235.000000,9.001809
55,97,25.000000,235.000000,9.033722
56,97,30.000000,235.000000,9.069093
57,97,35.000000,235.000000,9.106066
58,97,40.000000,235.000000,9.143040
59,97,45.000000,235.000000,9.180013
60,97,50.000000,235.000000,9.219751
61,97,55.000000,235.000000,9.260093
62,97,60.000000,235.000000,9.304348
63,97,65.000000,235.000000,9.348602
64,97,70.000000,235.000000,9.392857
65,97,75.000000,235.000000,9.437188
66,97,80.000000,235.000000,9.481631
67,97,85.000000,235.000000,9.526277
68,97,90.000000,235.000000,9.571086
69,97,95.000000,235.000000,9.615895
70,97,100.000000,235.000000,9.660704
71,97,105.000000,235.000000,9.703774
72,97,110.000000,235.000000,9.746528
73,97,115.000000,235.000000,9.784249
74,97,120.000000,235.000000,9.821926
75,97,125.000000,235.000000,9.859603
76,97,130.000000,235.000000,9.896526
77,97,135.000000,235.000000,9.931533
78,97,140.000000,235.000000,9.962872
79,97,145.000000,235.000000,9.989296
80,97,150.000000,235.000000,10.015720
81,97,155.000000,235.000000,10.042144
82,97,160.000000,235.000000,10.067292
83,97,165.000000,235.000000,10.091939
84,97,170.000000,235.000000,10.109889
85,97,175.000000,235.000000,10.126780
86,97,180.000000,235.000000,10.143671
87,97,185.000000,235.000000,10.160480
88,97,190.000000,235.000000,10.176840
89,97,195.000000,235.000000,10.192186
90,97,200.000000,235.000000,10.205161
91,97,205.000000,235.000000,10.218135
92,97,210.000000,235.000000,10.231110
93,97,215.000000,235.000000,10.244098
94,97,220.000000,235.000000,10.257094
95,97,225.000000,235.000000,10.270263
96,97,230.000000,235.000000,10.283494
97,97,235.000000,235.000000,10.296725
98,97,240.000000,235.000000,10.309955
99,97,245.000000,235.000000,10.323145
100,97,250.000000,235.000000,10.336135
0,98,-250.000000,240.000000,7.926645
1,98,-245.000000,240.000000,7.943252
2,98,-240.000000,240.000000,7.959858
3,98,-235.000000,240.000000,7.976465
4,98,-230.000000,240.000000,7.991752
5,98,-225.000000,240.000000,8.006211
6,98,-220.000000,240.000000,8.020485
7,98,-215.000000,240.000000,8.034700
8,98,-210.000000,240.000000,8.048915
9,98,-205.000000,240.000000,8.062998
10,98,-200.000000,240.000000,8.074570
11,98,-195.000000,240.000000,8.086049
12,98,-190.000000,240.000000,8.097145
13,98,-185.000000,240.000000,8.108241
14,98,-180.000000,240.000000,8.119337
15,98,-175.000000,240.000000,8.130902
16,98,-170.000000,240.000000,8.142962
17,98,-165.000000,240.000000,8.155177
18,98,-160.000000,240.000000,8.167483
19,98,-155.000000,240.000000,8.179788
20,98,-150.000000,240.000000,8.192094
21,98,-145.000000,240.000000,8.208391
22,98,-140.000000,240.000000,8.225124
23,98,-135.000000,240.000000,8.243233
24,98,-130.000000,240.000000,8.261342
25,98,-125.000000,240.000000,8.279451
26,98,-120.000000,240.000000,8.298963
27,98,-115.000000,240.000000,8.320992
28,98,-110.000000,240.000000,8.343887
29,98,-105.000000,240.000000,8.367636
30,98,-100.000000,240.000000,8.391385
31,98,-95.000000,240.000000,8.415135
32,98,-90.000000,240.000000,8.439481
33,98,-85.000000,240.000000,8.463981
34,98,-80.000000,240.000000,8.488872
35,98,-75.000000,240.000000,8.513788
36,98,-70.000000,240.000000,8.538705
37,98,-65.000000,240.000000,8.563322
38,98,-60.000000,240.000000,8.586939
39,98,-55.000000,240.000000,8.610222
40,98,-50.000000,240.000000,8.632948
41,98,-45.000000,240.000000,8.655674
42,98,-40.000000,240.000000,8.678401
43,98,-35.000000,240.000000,8.701059
44,98,-30.000000,240.000000,8.723683
45,98,-25.000000,240.000000,8.746237
46,98,-20.000000,240.000000,8.768774
47,98,-15.000000,240.000000,8.791311
48,98,-10.000000,240.000000,8.814129
49,98,-5.000000,240.000000,8.839405
50,98,0.000000,240.000000,8.865383
51,98,5.000000,240.000000,8.893492
52,98,10.000000,240.000000,8.921602
53,98,15.000000,240.000000,8.949712
54,98,20.000000,240.000000,8.980077
55,98,25.000000,240.000000,9.012377
56,98,30.000000,240.000000,9.048313
57,98,35.000000,240.000000,9.085933
58,98,40.000000,240.000000,9.123553
59,98,45.000000,240.000000,9.161172
60,98,50.000000,240.000000,9.201685
61,98,55.000000,240.000000,9.242829
62,98,60.000000,240.000000,9.288067
63,98,65.000000,240.000000,9.333304
64,98,70.000000,240.000000,9.378541
65,98,75.000000,240.000000,9.423863
66,98,80.000000,240.000000,9.469306
67,98,85.000000,240.000000,9.514971
68,98,90.000000,240.000000,9.560815
69,98,95.000000,240.000000,9.606658
70,98,100.000000,240.000000,9.652502
71,98,105.000000,240.000000,9.696559
72,98,110.000000,240.000000,9.740291
73,98,115.000000,240.000000,9.778851
74,98,120.000000,240.000000,9.817366
75,98,125.000000,240.000000,9.855881
76,98,130.000000,240.000000,9.893625
77,98,135.000000,240.000000,9.929407
78,98,140.000000,240.000000,9.961432
79,98,145.000000,240.000000,9.988426
80,98,150.000000,240.000000,10.015420
81,98,155.000000,240.000000,10.042413
82,98,160.000000,240.000000,10.068110
83,98,165.000000,240.000000,10.093299
84,98,170.000000,240.000000,10.111683
85,98,175.000000,240.000000,10.128992
86,98,180.000000,240.000000,10.146301
87,98,185.000000,240.000000,10.163528
88,98,190.000000,240.000000,10.180312
89,98,195.000000,240.000000,10.196092
90,98,200.000000,240.000000,10.209526
91,98,205.000000,240.000000,10.222960
92,98,210.000000,240.000000,10.236394
93,98,215.000000,240.000000,10.249847
94,98,220.000000,240.000000,10.263315
95,98,225.000000,240.000000,10.277047
96,98,230.000000,240.000000,10.290874
97,98,235.000000,240.000000,10.304701
98,98,240.000000,240.000000,10.318527
99,98,245.000000,240.000000,10.332314
100,98,250.000000,240.000000,10.345907
0,99,-250.000000,245.000000,7.920115
1,99,-245.000000,245.000000,7.936414
2,99,-240.000000,245.000000,7.952713
3,99,-235.000000,245.000000,7.969012
4,99,-230.000000,245.000000,7.983888
5,99,-225.000000,245.000000,7.997869
6,99,-220.000000,245.000000,8.011650
7,99,-215.000000,245.000000,8.025368
8,99,-210.000000,245.000000,8.039087
9,99,-205.000000,245.000000,8.052669
10,99,-200.000000,245.000000,8.063675
11,99,-195.000000,245.000000,8.074584
12,99,-190.000000,245.000000,8.085101
13,99,-185.000000,245.000000,8.095618
14,99,-180.000000,245.000000,8.106135
15,99,-175.000000,245.000000,8.117161
16,99,-170.000000,245.000000,8.128724
17,99,-165.000000,245.000000,8.140455
18,99,-160.000000,245.000000,8.152286
19,99,-155.000000,245.000000,8.164116
20,99,-150.000000,245.000000,8.175946
21,99,-145.000000,245.000000,8.191915
22,99,-140.000000,245.000000,8.208338
23,99,-135.000000,245.000000,8.226188
24,99,-130.000000,245.000000,8.244038
25,99,-125.000000,245.000000,8.261887
26,99,-120.000000,245.000000,8.281178
27,99,-115.000000,245.000000,8.303052
28,99,-110.000000,245.000000,8.325816
29,99,-105.000000,245.000000,8.349457
30,99,-100.000000,245.000000,8.373098
31,99,-95.000000,245.000000,8.396738
32,99,-90.000000,245.000000,8.420968
33,99,-85.000000,245.000000,8.445349
34,99,-80.000000,245.000000,8.470116
35,99,-75.000000,245.000000,8.494907
36,99,-70.000000,245.000000,8.519698
37,99,-65.000000,245.000000,8.544180
38,99,-60.000000,245.000000,8.567624
39,99,-55.000000,245.000000,8.590721
40,99,-50.000000,245.000000,8.613241
41,99,-45.000000,245.000000,8.635762
42,99,-40.000000,245.000000,8.658282
43,99,-35.000000,245.000000,8.680758
44,99,-30.000000,245.000000,8.703212
45,99,-25.000000,245.000000,8.725620
46,99,-20.000000,245.000000,8.748018
47,99,-15.000000,245.000000,8.770415
48,99,-10.000000,245.000000,8.793108
49,99,-5.000000,245.000000,8.818398
50,99,0.000000,245.000000,8.844428
51,99,5.000000,245.000000,8.872710
52,99,10.000000,245.000000,8.900992
53,99,15.000000,245.000000,8.929274
54,99,20.000000,245.000000,8.959914
55,99,25.000000,245.000000,8.992577
56,99,30.000000,245.000000,9.029041
57,99,35.000000,245.000000,9.067265
58,99,40.000000,245.000000,9.105489
59,99,45.000000,245.000000,9.143713
60,99,50.000000,245.000000,9.184950
61,99,55.000000,245.000000,9.226845
62,99,60.000000,245.000000,9.273003
63,99,65.000000,245.000000,9.319161
64,99,70.000000,245.000000,9.365319
65,99,75.000000,245.000000,9.411568
66,99,80.000000,245.000000,9.457948
67,99,85.000000,245.000000,9.504570
68,99,90.000000,245.000000,9.551385
69,99,95.000000,245.000000,9.598200
70,99,100.000000,245.000000,9.645015
71,99,105.000000,245.000000,9.689999
72,99,110.000000,245.000000,9.734650
73,99,115.000000,245.000000,9.774000
74,99,120.000000,245.000000,9.813304
75,99,125.000000,245.000000,9.852608
76,99,130.000000,245.000000,9.891123
77,99,135.000000,245.000000,9.927633
78,99,140.000000,245.000000,9.960304
79,99,145.000000,245.000000,9.987832
80,99,150.000000,245.000000,10.015360
81,99,155.000000,245.000000,10.042889
82,99,160.000000,245.000000,10.069101
83,99,165.000000,245.000000,10.094796
84,99,170.000000,245.000000,10.113586
85,99,175.000000,245.000000,10.131283
86,99,180.000000,245.000000,10.148980
87,99,185.000000,245.000000,10.166598
88,99,190.000000,245.000000,10.183775
89,99,195.000000,245.000000,10.199960
90,99,200.000000,245.000000,10.213821
91,99,205.000000,245.000000,10.227683
92,99,210.000000,245.000000,10.241544
93,99,215.000000,245.000000,10.255432
94,99,220.000000,245.000000,10.269338
95,99,225.000000,245.000000,10.283597
96,99,230.000000,245.000000,10.297983
97,99,235.000000,245.000000,10.312370
98,99,240.000000,245.000000,10.326755
99,99,245.000000,245.000000,10.341103
100,99,250.000000,245.000000,10.355261
0,100,-250.000000,250.000000,7.914754
1,100,-245.000000,250.000000,7.930907
2,100,-240.000000,250.000000,7.947060
3,100,-235.000000,250.000000,7.963213
4,100,-230.000000,250.000000,7.977868
5,100,-225.000000,250.000000,7.991582
6,100,-220.000000,250.000000,8.005087
7,100,-215.000000,250.000000,8.018525
8,100,-210.000000,250.000000,8.031964
9,100,-205.000000,250.000000,8.045263
10,100,-200.000000,250.000000,8.055925
11,100,-195.000000,250.000000,8.066490
12,100,-190.000000,250.000000,8.076652
13,100,-185.000000,250.000000,8.086815
14,100,-180.000000,250.000000,8.096977
15,100,-175.000000,250.000000,8.107668
16,100,-170.000000,250.000000,8.118918
17,100,-165.000000,250.000000,8.130343
18,100,-160.000000,250.000000,8.141870
19,100,-155.000000,250.000000,8.153398
20,100,-150.000000,250.000000,8.164925
21,100,-145.000000,250.000000,8.180686
22,100,-140.000000,250.000000,8.196910
23,100,-135.000000,250.000000,8.214595
24,100,-130.000000,250.000000,8.232279
25,100,-125.000000,250.000000,8.249963
26,100,-120.000000,250.000000,8.269114
27,100,-115.000000,250.000000,8.290893
28,100,-110.000000,250.000000,8.313578
29,100,-105.000000,250.000000,8.337156
30,100,-100.000000,250.000000,8.360734
31,100,-95.000000,250.000000,8.384312
32,100,-90.000000,250.000000,8.408475
33,100,-85.000000,250.000000,8.432789
34,100,-80.000000,250.000000,8.457487
35,100,-75.000000,250.000000,8.482209
36,100,-70.000000,250.000000,8.506931
37,100,-65.000000,250.000000,8.531335
38,100,-60.000000,250.000000,8.554678
39,100,-55.000000,250.000000,8.577667
40,100,-50.000000,250.000000,8.600064
41,100,-45.000000,250.000000,8.622462
42,100,-40.000000,250.000000,8.644860
43,100,-35.000000,250.000000,8.667228
44,100,-30.000000,250.000000,8.689581
45,100,-25.000000,250.000000,8.711903
46,100,-20.000000,250.000000,8.734218
47,100,-15.000000,250.000000,8.756534
48,100,-10.000000,250.000000,8.779155
49,100,-5.000000,250.000000,8.804464
50,100,0.000000,250.000000,8.830539
51,100,5.000000,250.000000,8.858946
52,100,10.000000,250.000000,8.887352
53,100,15.000000,250.000000,8.915758
54,100,20.000000,250.000000,8.946591
55,100,25.000000,250.000000,8.979509
56,100,30.000000,250.000000,9.016341
57,100,35.000000,250.000000,9.054985
58,100,40.000000,250.000000,9.093630
59,100,45.000000,250.000000,9.132274
60,100,50.000000,250.000000,9.174018
61,100,55.000000,250.000000,9.216439
62,100,60.000000,250.000000,9.263245
63,100,65.000000,250.000000,9.310052
64,100,70.000000,250.000000,9.356858
65,100,75.000000,250.000000,9.403763
66,100,80.000000,250.000000,9.450808
67,100,85.000000,250.000000,9.498113
68,100,90.000000,250.000000,9.545625
69,100,95.000000,250.000000,9.593138
70,100,100.000000,250.000000,9.640650
71,100,105.000000,250.000000,9.686301
72,100,110.000000,250.000000,9.731613
73,100,115.000000,250.000000,9.771535
74,100,120.000000,250.000000,9.811412
75,100,125.000000,250.000000,9.851288
76,100,130.000000,250.000000,9.890363
77,100,135.000000,250.000000,9.927399
78,100,140.000000,250.000000,9.960534
79,100,145.000000,250.000000,9.988444
80,100,150.000000,250.000000,10.016353
81,100,155.000000,250.000000,10.044262
82,100,160.000000,250.000000,10.070839
83,100,165.000000,250.000000,10.096893
84,100,170.000000,250.000000,10.115959
85,100,175.000000,250.000000,10.133919
86,100,180.000000,250.000000,10.151879
87,100,185.000000,250.000000,10.169760
88,100,190.000000,250.000000,10.187204
89,100,195.000000,250.000000,10.203661
90,100,200.000000,250.000000,10.217812
91,100,205.000000,250.000000,10.231962
92,100,210.000000,250.000000,10.246113
93,100,215.000000,250.000000,10.260295
94,100,220.000000,250.000000,10.274500
95,100,225.000000,250.000000,10.289130
96,100,230.000000,250.000000,10.303914
97,100,235.000000,250.000000,10.318698
98,100,240.000000,250.000000,10.333481
99,100,245.000000,250.000000,10.348227
100,100,250.000000,250.000000,10.362791
