ix,iy,x_m,y_m,depth_m
0,0,-250.000000,-250.000000,7.520032
1,0,-245.000000,-250.000000,7.501056
2,0,-240.000000,-250.000000,7.482071
3,0,-235.000000,-250.000000,7.463086
4,0,-230.000000,-250.000000,7.444101
5,0,-225.000000,-250.000000,7.425245
6,0,-220.000000,-250.000000,7.406403
7,0,-215.000000,-250.000000,7.387573
8,0,-210.000000,-250.000000,7.368743
9,0,-205.000000,-250.000000,7.349913
10,0,-200.000000,-250.000000,7.331204
11,0,-195.000000,-250.000000,7.312725
12,0,-190.000000,-250.000000,7.294273
13,0,-185.000000,-250.000000,7.275849
14,0,-180.000000,-250.000000,7.257425
15,0,-175.000000,-250.000000,7.239001
16,0,-170.000000,-250.000000,7.220313
17,0,-165.000000,-250.000000,7.201552
18,0,-160.000000,-250.000000,7.182719
19,0,-155.000000,-250.000000,7.163880
20,0,-150.000000,-250.000000,7.145042
21,0,-145.000000,-250.000000,7.125975
22,0,-140.000000,-250.000000,7.106083
23,0,-135.000000,-250.000000,7.086073
24,0,-130.000000,-250.000000,7.065854
25,0,-125.000000,-250.000000,7.045635
26,0,-120.000000,-250.000000,7.025416
27,0,-115.000000,-250.000000,7.004680
28,0,-110.000000,-250.000000,6.983667
29,0,-105.000000,-250.000000,6.962399
30,0,-100.000000,-250.000000,6.941066
31,0,-95.000000,-250.000000,6.919733
32,0,-90.000000,-250.000000,6.898432
33,0,-85.000000,-250.000000,6.877466
34,0,-80.000000,-250.000000,6.856543
35,0,-75.000000,-250.000000,6.835765
36,0,-70.000000,-250.000000,6.814986
37,0,-65.000000,-250.000000,6.794207
38,0,-60.000000,-250.000000,6.774110
39,0,-55.000000,-250.000000,6.754630
40,0,-50.000000,-250.000000,6.735705
41,0,-45.000000,-250.000000,6.717055
42,0,-40.000000,-250.000000,6.698404
43,0,-35.000000,-250.000000,6.679753
44,0,-30.000000,-250.000000,6.662156
45,0,-25.000000,-250.000000,6.644693
46,0,-20.000000,-250.000000,6.628003
47,0,-15.000000,-250.000000,6.611312
48,0,-10.000000,-250.000000,6.594622
49,0,-5.000000,-250.000000,6.577976
50,0,0.000000,-250.000000,6.561398
51,0,5.000000,-250.000000,6.544878
52,0,10.000000,-250.000000,6.528409
53,0,15.000000,-250.000000,6.511939
54,0,20.000000,-250.000000,6.495469
55,0,25.000000,-250.000000,6.478581
56,0,30.000000,-250.000000,6.461609
57,0,35.000000,-250.000000,6.444055
58,0,40.000000,-250.000000,6.426488
59,0,45.000000,-250.000000,6.408920
60,0,50.000000,-250.000000,6.391307
61,0,55.000000,-250.000000,6.373569
62,0,60.000000,-250.000000,6.355728
63,0,65.000000,-250.000000,6.337741
64,0,70.000000,-250.000000,6.319754
65,0,75.000000,-250.000000,6.301768
66,0,80.000000,-250.000000,6.284149
67,0,85.000000,-250.000000,6.266685
68,0,90.000000,-250.000000,6.250024
69,0,95.000000,-250.000000,6.233506
70,0,100.000000,-250.000000,6.216987
71,0,105.000000,-250.000000,6.200563
72,0,110.000000,-250.000000,6.184719
73,0,115.000000,-250.000000,6.169315
74,0,120.000000,-250.000000,6.155008
75,0,125.000000,-250.000000,6.140701
76,0,130.000000,-250.000000,6.126394
77,0,135.000000,-250.000000,6.112192
78,0,140.000000,-250.000000,6.098066
79,0,145.000000,-250.000000,6.084324
80,0,150.000000,-250.000000,6.070729
81,0,155.000000,-250.000000,6.057134
82,0,160.000000,-250.000000,6.043536
83,0,165.000000,-250.000000,6.029659
84,0,170.000000,-250.000000,6.015608
85,0,175.000000,-250.000000,6.000628
86,0,180.000000,-250.000000,5.985648
87,0,185.000000,-250.000000,5.970668
88,0,190.000000,-250.000000,5.955589
89,0,195.000000,-250.000000,5.940389
90,0,200.000000,-250.000000,5.924464
91,0,205.000000,-250.000000,5.908044
92,0,210.000000,-250.000000,5.891624
93,0,215.000000,-250.000000,5.875203
94,0,220.000000,-250.000000,5.858892
95,0,225.000000,-250.000000,5.842628
96,0,230.000000,-250.000000,5.827421
97,0,235.000000,-250.000000,5.812213
98,0,240.000000,-250.000000,5.797006
99,0,245.000000,-250.000000,5.781870
100,0,250.000000,-250.000000,5.766887
0,1,-250.000000,-245.000000,7.520526
1,1,-245.000000,-245.000000,7.501659
2,1,-240.000000,-245.000000,7.482782
3,1,-235.000000,-245.000000,7.463905
4,1,-230.000000,-245.000000,7.445028
5,1,-225.000000,-245.000000,7.426258
6,1,-220.000000,-245.000000,7.407500
7,1,-215.000000,-245.000000,7.388752
8,1,-210.000000,-245.000000,7.370004
9,1,-205.000000,-245.000000,7.351255
10,1,-200.000000,-245.000000,7.332623
11,1,-195.000000,-245.000000,7.314212
12,1,-190.000000,-245.000000,7.295826
13,1,-185.000000,-245.000000,7.277467
14,1,-180.000000,-245.000000,7.259109
15,1,-175.000000,-245.000000,7.240750
16,1,-170.000000,-245.000000,7.222115
17,1,-165.000000,-245.000000,7.203403
18,1,-160.000000,-245.000000,7.184616
19,1,-155.000000,-245.000000,7.165823
20,1,-150.000000,-245.000000,7.147030
21,1,-145.000000,-245.000000,7.128004
22,1,-140.000000,-245.000000,7.108133
23,1,-135.000000,-245.000000,7.088141
24,1,-130.000000,-245.000000,7.067935
25,1,-125.000000,-245.000000,7.047729
26,1,-120.000000,-245.000000,7.027524
27,1,-115.000000,-245.000000,7.006786
28,1,-110.000000,-245.000000,6.985767
29,1,-105.000000,-245.000000,6.964484
30,1,-100.000000,-245.000000,6.943134
31,1,-95.000000,-245.000000,6.921785
32,1,-90.000000,-245.000000,6.900468
33,1,-85.000000,-245.000000,6.879485
34,1,-80.000000,-245.000000,6.858546
35,1,-75.000000,-245.000000,6.837751
36,1,-70.000000,-245.000000,6.816956
37,1,-65.000000,-245.000000,6.796161
38,1,-60.000000,-245.000000,6.776058
39,1,-55.000000,-245.000000,6.756581
40,1,-50.000000,-245.000000,6.737669
41,1,-45.000000,-245.000000,6.719034
42,1,-40.000000,-245.000000,6.700400
43,1,-35.000000,-245.000000,6.681766
44,1,-30.000000,-245.000000,6.664204
45,1,-25.000000,-245.000000,6.646779
46,1,-20.000000,-245.000000,6.630141
47,1,-15.000000,-245.000000,6.613503
48,1,-10.000000,-245.000000,6.596865
49,1,-5.000000,-245.000000,6.580272
50,1,0.000000,-245.000000,6.563749
51,1,5.000000,-245.000000,6.547285
52,1,10.000000,-245.000000,6.530873
53,1,15.000000,-245.000000,6.514460
54,1,20.000000,-245.000000,6.498047
55,1,25.000000,-245.000000,6.481206
56,1,30.000000,-245.000000,6.464279
57,1,35.000000,-245.000000,6.446756
58,1,40.000000,-245.000000,6.429220
59,1,45.000000,-245.000000,6.411683
60,1,50.000000,-245.000000,6.394098
61,1,55.000000,-245.000000,6.376382
62,1,60.000000,-245.000000,6.358556
63,1,65.000000,-245.000000,6.340576
64,1,70.000000,-245.000000,6.322596
65,1,75.000000,-245.000000,6.304616
66,1,80.000000,-245.000000,6.287005
67,1,85.000000,-245.000000,6.269548
68,1,90.000000,-245.000000,6.252896
69,1,95.000000,-245.000000,6.236386
70,1,100.000000,-245.000000,6.219876
71,1,105.000000,-245.000000,6.203461
72,1,110.000000,-245.000000,6.187630
73,1,115.000000,-245.000000,6.172242
74,1,120.000000,-245.000000,6.157959
75,1,125.000000,-245.000000,6.143675
76,1,130.000000,-245.000000,6.129392
77,1,135.000000,-245.000000,6.115212
78,1,140.000000,-245.000000,6.101108
79,1,145.000000,-245.000000,6.087385
80,1,150.000000,-245.000000,6.073809
81,1,155.000000,-245.000000,6.060233
82,1,160.000000,-245.000000,6.046653
83,1,165.000000,-245.000000,6.032788
84,1,170.000000,-245.000000,6.018745
85,1,175.000000,-245.000000,6.003750
86,1,180.000000,-245.000000,5.988756
87,1,185.000000,-245.000000,5.973761
88,1,190.000000,-245.000000,5.958665
89,1,195.000000,-245.000000,5.943446
90,1,200.000000,-245.000000,5.927484
91,1,205.000000,-245.000000,5.911014
92,1,210.000000,-245.000000,5.894544
93,1,215.000000,-245.000000,5.878074
94,1,220.000000,-245.000000,5.861713
95,1,225.000000,-245.000000,5.845398
96,1,230.000000,-245.000000,5.830132
97,1,235.000000,-245.000000,5.814865
98,1,240.000000,-245.000000,5.799599
99,1,245.000000,-245.000000,5.784405
100,1,250.000000,-245.000000,5.769363
0,2,-250.000000,-240.000000,7.520925
1,2,-245.000000,-240.000000,7.502154
2,2,-240.000000,-240.000000,7.483372
3,2,-235.000000,-240.000000,7.464590
4,2,-230.000000,-240.000000,7.445808
5,2,-225.000000,-240.000000,7.427115
6,2,-220.000000,-240.000000,7.408431
7,2,-215.000000,-240.000000,7.389756
8,2,-210.000000,-240.000000,7.371080
9,2,-205.000000,-240.000000,7.352405
10,2,-200.000000,-240.000000,7.333842
11,2,-195.000000,-240.000000,7.315494
12,2,-190.000000,-240.000000,7.297171
13,2,-185.000000,-240.000000,7.278874
14,2,-180.000000,-240.000000,7.260577
15,2,-175.000000,-240.000000,7.242280
16,2,-170.000000,-240.000000,7.223695
17,2,-165.000000,-240.000000,7.205029
18,2,-160.000000,-240.000000,7.186285
19,2,-155.000000,-240.000000,7.167535
20,2,-150.000000,-240.000000,7.148785
21,2,-145.000000,-240.000000,7.129795
22,2,-140.000000,-240.000000,7.109938
23,2,-135.000000,-240.000000,7.089957
24,2,-130.000000,-240.000000,7.069757
25,2,-125.000000,-240.000000,7.049556
26,2,-120.000000,-240.000000,7.029356
27,2,-115.000000,-240.000000,7.008607
28,2,-110.000000,-240.000000,6.987567
29,2,-105.000000,-240.000000,6.966256
30,2,-100.000000,-240.000000,6.944876
31,2,-95.000000,-240.000000,6.923496
32,2,-90.000000,-240.000000,6.902149
33,2,-85.000000,-240.000000,6.881135
34,2,-80.000000,-240.000000,6.860166
35,2,-75.000000,-240.000000,6.839341
36,2,-70.000000,-240.000000,6.818515
37,2,-65.000000,-240.000000,6.797690
38,2,-60.000000,-240.000000,6.777569
39,2,-55.000000,-240.000000,6.758087
40,2,-50.000000,-240.000000,6.739180
41,2,-45.000000,-240.000000,6.720556
42,2,-40.000000,-240.000000,6.701932
43,2,-35.000000,-240.000000,6.683308
44,2,-30.000000,-240.000000,6.665779
45,2,-25.000000,-240.000000,6.648391
46,2,-20.000000,-240.000000,6.631806
47,2,-15.000000,-240.000000,6.615221
48,2,-10.000000,-240.000000,6.598636
49,2,-5.000000,-240.000000,6.582096
50,2,0.000000,-240.000000,6.565627
51,2,5.000000,-240.000000,6.549219
52,2,10.000000,-240.000000,6.532862
53,2,15.000000,-240.000000,6.516505
54,2,20.000000,-240.000000,6.500148
55,2,25.000000,-240.000000,6.483349
56,2,30.000000,-240.000000,6.466461
57,2,35.000000,-240.000000,6.448958
58,2,40.000000,-240.000000,6.431441
59,2,45.000000,-240.000000,6.413924
60,2,50.000000,-240.000000,6.396355
61,2,55.000000,-240.000000,6.378645
62,2,60.000000,-240.000000,6.360819
63,2,65.000000,-240.000000,6.342828
64,2,70.000000,-240.000000,6.324837
65,2,75.000000,-240.000000,6.306846
66,2,80.000000,-240.000000,6.289226
67,2,85.000000,-240.000000,6.271760
68,2,90.000000,-240.000000,6.255103
69,2,95.000000,-240.000000,6.238588
70,2,100.000000,-240.000000,6.222073
71,2,105.000000,-240.000000,6.205655
72,2,110.000000,-240.000000,6.189826
73,2,115.000000,-240.000000,6.174445
74,2,120.000000,-240.000000,6.160180
75,2,125.000000,-240.000000,6.145916
76,2,130.000000,-240.000000,6.131651
77,2,135.000000,-240.000000,6.117489
78,2,140.000000,-240.000000,6.103403
79,2,145.000000,-240.000000,6.089695
80,2,150.000000,-240.000000,6.076133
81,2,155.000000,-240.000000,6.062570
82,2,160.000000,-240.000000,6.049004
83,2,165.000000,-240.000000,6.035143
84,2,170.000000,-240.000000,6.021097
85,2,175.000000,-240.000000,6.006068
86,2,180.000000,-240.000000,5.991039
87,2,185.000000,-240.000000,5.976010
88,2,190.000000,-240.000000,5.960876
89,2,195.000000,-240.000000,5.945613
90,2,200.000000,-240.000000,5.929580
91,2,205.000000,-240.000000,5.913021
92,2,210.000000,-240.000000,5.896461
93,2,215.000000,-240.000000,5.879901
94,2,220.000000,-240.000000,5.863449
95,2,225.000000,-240.000000,5.847042
96,2,230.000000,-240.000000,5.831668
97,2,235.000000,-240.000000,5.816295
98,2,240.000000,-240.000000,5.800922
99,2,245.000000,-240.000000,5.785621
100,2,250.000000,-240.000000,5.770474
0,3,-250.000000,-235.000000,7.521325
1,3,-245.000000,-235.000000,7.502649
2,3,-240.000000,-235.000000,7.483962
3,3,-235.000000,-235.000000,7.465275
4,3,-230.000000,-235.000000,7.446589
5,3,-225.000000,-235.000000,7.427972
6,3,-220.000000,-235.000000,7.409362
7,3,-215.000000,-235.000000,7.390760
8,3,-210.000000,-235.000000,7.372157
9,3,-205.000000,-235.000000,7.353554
10,3,-200.000000,-235.000000,7.335061
11,3,-195.000000,-235.000000,7.316776
12,3,-190.000000,-235.000000,7.298515
13,3,-185.000000,-235.000000,7.280280
14,3,-180.000000,-235.000000,7.262045
15,3,-175.000000,-235.000000,7.243809
16,3,-170.000000,-235.000000,7.225274
17,3,-165.000000,-235.000000,7.206655
18,3,-160.000000,-235.000000,7.187954
19,3,-155.000000,-235.000000,7.169247
20,3,-150.000000,-235.000000,7.150539
21,3,-145.000000,-235.000000,7.131586
22,3,-140.000000,-235.000000,7.111744
23,3,-135.000000,-235.000000,7.091774
24,3,-130.000000,-235.000000,7.071578
25,3,-125.000000,-235.000000,7.051383
26,3,-120.000000,-235.000000,7.031187
27,3,-115.000000,-235.000000,7.010428
28,3,-110.000000,-235.000000,6.989367
29,3,-105.000000,-235.000000,6.968028
30,3,-100.000000,-235.000000,6.946618
31,3,-95.000000,-235.000000,6.925207
32,3,-90.000000,-235.000000,6.903829
33,3,-85.000000,-235.000000,6.882786
34,3,-80.000000,-235.000000,6.861786
35,3,-75.000000,-235.000000,6.840930
36,3,-70.000000,-235.000000,6.820074
37,3,-65.000000,-235.000000,6.799219
38,3,-60.000000,-235.000000,6.779081
39,3,-55.000000,-235.000000,6.759593
40,3,-50.000000,-235.000000,6.740691
41,3,-45.000000,-235.000000,6.722077
42,3,-40.000000,-235.000000,6.703463
43,3,-35.000000,-235.000000,6.684849
44,3,-30.000000,-235.000000,6.667354
45,3,-25.000000,-235.000000,6.650002
46,3,-20.000000,-235.000000,6.633470
47,3,-15.000000,-235.000000,6.616938
48,3,-10.000000,-235.000000,6.600406
49,3,-5.000000,-235.000000,6.583921
50,3,0.000000,-235.000000,6.567506
51,3,5.000000,-235.000000,6.551152
52,3,10.000000,-235.000000,6.534851
53,3,15.000000,-235.000000,6.518549
54,3,20.000000,-235.000000,6.502248
55,3,25.000000,-235.000000,6.485491
56,3,30.000000,-235.000000,6.468642
57,3,35.000000,-235.000000,6.451159
58,3,40.000000,-235.000000,6.433662
59,3,45.000000,-235.000000,6.416164
60,3,50.000000,-235.000000,6.398612
61,3,55.000000,-235.000000,6.380909
62,3,60.000000,-235.000000,6.363083
63,3,65.000000,-235.000000,6.345081
64,3,70.000000,-235.000000,6.327079
65,3,75.000000,-235.000000,6.309077
66,3,80.000000,-235.000000,6.291446
67,3,85.000000,-235.000000,6.273972
68,3,90.000000,-235.000000,6.257309
69,3,95.000000,-235.000000,6.240790
70,3,100.000000,-235.000000,6.224270
71,3,105.000000,-235.000000,6.207848
72,3,110.000000,-235.000000,6.192022
73,3,115.000000,-235.000000,6.176648
74,3,120.000000,-235.000000,6.162402
75,3,125.000000,-235.000000,6.148156
76,3,130.000000,-235.000000,6.133911
77,3,135.000000,-235.000000,6.119767
78,3,140.000000,-235.000000,6.105698
79,3,145.000000,-235.000000,6.092005
80,3,150.000000,-235.000000,6.078456
81,3,155.000000,-235.000000,6.064907
82,3,160.000000,-235.000000,6.051355
83,3,165.000000,-235.000000,6.037498
84,3,170.000000,-235.000000,6.023450
85,3,175.000000,-235.000000,6.008386
86,3,180.000000,-235.000000,5.993322
87,3,185.000000,-235.000000,5.978258
88,3,190.000000,-235.000000,5.963086
89,3,195.000000,-235.000000,5.947780
90,3,200.000000,-235.000000,5.931677
91,3,205.000000,-235.000000,5.915027
92,3,210.000000,-235.000000,5.898378
93,3,215.000000,-235.000000,5.881729
94,3,220.000000,-235.000000,5.865185
95,3,225.000000,-235.000000,5.848686
96,3,230.000000,-235.000000,5.833205
97,3,235.000000,-235.000000,5.817725
98,3,240.000000,-235.000000,5.802244
99,3,245.000000,-235.000000,5.786837
100,3,250.000000,-235.000000,5.771584
0,4,-250.000000,-230.000000,7.521724
1,4,-245.000000,-230.000000,7.503144
2,4,-240.000000,-230.000000,7.484552
3,4,-235.000000,-230.000000,7.465960
4,4,-230.000000,-230.000000,7.447369
5,4,-225.000000,-230.000000,7.428829
6,4,-220.000000,-230.000000,7.410294
7,4,-215.000000,-230.000000,7.391764
8,4,-210.000000,-230.000000,7.373234
9,4,-205.000000,-230.000000,7.354704
10,4,-200.000000,-230.000000,7.336280
11,4,-195.000000,-230.000000,7.318058
12,4,-190.000000,-230.000000,7.299860
13,4,-185.000000,-230.000000,7.281686
14,4,-180.000000,-230.000000,7.263513
15,4,-175.000000,-230.000000,7.245339
16,4,-170.000000,-230.000000,7.226854
17,4,-165.000000,-230.000000,7.208281
18,4,-160.000000,-230.000000,7.189623
19,4,-155.000000,-230.000000,7.170958
20,4,-150.000000,-230.000000,7.152294
21,4,-145.000000,-230.000000,7.133377
22,4,-140.000000,-230.000000,7.113549
23,4,-135.000000,-230.000000,7.093590
24,4,-130.000000,-230.000000,7.073400
25,4,-125.000000,-230.000000,7.053209
26,4,-120.000000,-230.000000,7.033019
27,4,-115.000000,-230.000000,7.012248
28,4,-110.000000,-230.000000,6.991168
29,4,-105.000000,-230.000000,6.969800
30,4,-100.000000,-230.000000,6.948359
31,4,-95.000000,-230.000000,6.926918
32,4,-90.000000,-230.000000,6.905510
33,4,-85.000000,-230.000000,6.884436
34,4,-80.000000,-230.000000,6.863406
35,4,-75.000000,-230.000000,6.842520
36,4,-70.000000,-230.000000,6.821634
37,4,-65.000000,-230.000000,6.800748
38,4,-60.000000,-230.000000,6.780592
39,4,-55.000000,-230.000000,6.761099
40,4,-50.000000,-230.000000,6.742202
41,4,-45.000000,-230.000000,6.723598
42,4,-40.000000,-230.000000,6.704995
43,4,-35.000000,-230.000000,6.686391
44,4,-30.000000,-230.000000,6.668929
45,4,-25.000000,-230.000000,6.651614
46,4,-20.000000,-230.000000,6.635135
47,4,-15.000000,-230.000000,6.618656
48,4,-10.000000,-230.000000,6.602177
49,4,-5.000000,-230.000000,6.585745
50,4,0.000000,-230.000000,6.569384
51,4,5.000000,-230.000000,6.553086
52,4,10.000000,-230.000000,6.536840
53,4,15.000000,-230.000000,6.520594
54,4,20.000000,-230.000000,6.504348
55,4,25.000000,-230.000000,6.487633
56,4,30.000000,-230.000000,6.470823
57,4,35.000000,-230.000000,6.453360
58,4,40.000000,-230.000000,6.435883
59,4,45.000000,-230.000000,6.418405
60,4,50.000000,-230.000000,6.400869
61,4,55.000000,-230.000000,6.383173
62,4,60.000000,-230.000000,6.365346
63,4,65.000000,-230.000000,6.347333
64,4,70.000000,-230.000000,6.329320
65,4,75.000000,-230.000000,6.311307
66,4,80.000000,-230.000000,6.293667
67,4,85.000000,-230.000000,6.276184
68,4,90.000000,-230.000000,6.259516
69,4,95.000000,-230.000000,6.242992
70,4,100.000000,-230.000000,6.226467
71,4,105.000000,-230.000000,6.210041
72,4,110.000000,-230.000000,6.194218
73,4,115.000000,-230.000000,6.178851
74,4,120.000000,-230.000000,6.164624
75,4,125.000000,-230.000000,6.150397
76,4,130.000000,-230.000000,6.136170
77,4,135.000000,-230.000000,6.122045
78,4,140.000000,-230.000000,6.107994
79,4,145.000000,-230.000000,6.094315
80,4,150.000000,-230.000000,6.080780
81,4,155.000000,-230.000000,6.067245
82,4,160.000000,-230.000000,6.053706
83,4,165.000000,-230.000000,6.039853
84,4,170.000000,-230.000000,6.025803
85,4,175.000000,-230.000000,6.010704
86,4,180.000000,-230.000000,5.995606
87,4,185.000000,-230.000000,5.980507
88,4,190.000000,-230.000000,5.965296
89,4,195.000000,-230.000000,5.949948
90,4,200.000000,-230.000000,5.933773
91,4,205.000000,-230.000000,5.917034
92,4,210.000000,-230.000000,5.900295
93,4,215.000000,-230.000000,5.883556
94,4,220.000000,-230.000000,5.866920
95,4,225.000000,-230.000000,5.850329
96,4,230.000000,-230.000000,5.834742
97,4,235.000000,-230.000000,5.819155
98,4,240.000000,-230.000000,5.803567
99,4,245.000000,-230.000000,5.788053
100,4,250.000000,-230.000000,5.772695
0,5,-250.000000,-225.000000,7.522124
1,5,-245.000000,-225.000000,7.503638
2,5,-240.000000,-225.000000,7.485142
3,5,-235.000000,-225.000000,7.466646
4,5,-230.000000,-225.000000,7.448149
5,5,-225.000000,-225.000000,7.429685
6,5,-220.000000,-225.000000,7.411225
7,5,-215.000000,-225.000000,7.392768
8,5,-210.000000,-225.000000,7.374311
9,5,-205.000000,-225.000000,7.355853
10,5,-200.000000,-225.000000,7.337499
11,5,-195.000000,-225.000000,7.319340
12,5,-190.000000,-225.000000,7.301204
13,5,-185.000000,-225.000000,7.283093
14,5,-180.000000,-225.000000,7.264981
15,5,-175.000000,-225.000000,7.246869
16,5,-170.000000,-225.000000,7.228433
17,5,-165.000000,-225.000000,7.209906
18,5,-160.000000,-225.000000,7.191292
19,5,-155.000000,-225.000000,7.172670
20,5,-150.000000,-225.000000,7.154048
21,5,-145.000000,-225.000000,7.135168
22,5,-140.000000,-225.000000,7.115354
23,5,-135.000000,-225.000000,7.095406
24,5,-130.000000,-225.000000,7.075221
25,5,-125.000000,-225.000000,7.055036
26,5,-120.000000,-225.000000,7.034851
27,5,-115.000000,-225.000000,7.014069
28,5,-110.000000,-225.000000,6.992968
29,5,-105.000000,-225.000000,6.971572
30,5,-100.000000,-225.000000,6.950101
31,5,-95.000000,-225.000000,6.928629
32,5,-90.000000,-225.000000,6.907191
33,5,-85.000000,-225.000000,6.886086
34,5,-80.000000,-225.000000,6.865026
35,5,-75.000000,-225.000000,6.844109
36,5,-70.000000,-225.000000,6.823193
37,5,-65.000000,-225.000000,6.802276
38,5,-60.000000,-225.000000,6.782104
39,5,-55.000000,-225.000000,6.762605
40,5,-50.000000,-225.000000,6.743713
41,5,-45.000000,-225.000000,6.725120
42,5,-40.000000,-225.000000,6.706526
43,5,-35.000000,-225.000000,6.687933
44,5,-30.000000,-225.000000,6.670505
45,5,-25.000000,-225.000000,6.653225
46,5,-20.000000,-225.000000,6.636799
47,5,-15.000000,-225.000000,6.620373
48,5,-10.000000,-225.000000,6.603947
49,5,-5.000000,-225.000000,6.587569
50,5,0.000000,-225.000000,6.571263
51,5,5.000000,-225.000000,6.555020
52,5,10.000000,-225.000000,6.538829
53,5,15.000000,-225.000000,6.522639
54,5,20.000000,-225.000000,6.506448
55,5,25.000000,-225.000000,6.489775
56,5,30.000000,-225.000000,6.473004
57,5,35.000000,-225.000000,6.455561
58,5,40.000000,-225.000000,6.438103
59,5,45.000000,-225.000000,6.420645
60,5,50.000000,-225.000000,6.403126
61,5,55.000000,-225.000000,6.385437
62,5,60.000000,-225.000000,6.367610
63,5,65.000000,-225.000000,6.349586
64,5,70.000000,-225.000000,6.331562
65,5,75.000000,-225.000000,6.313537
66,5,80.000000,-225.000000,6.295888
67,5,85.000000,-225.000000,6.278396
68,5,90.000000,-225.000000,6.261723
69,5,95.000000,-225.000000,6.245193
70,5,100.000000,-225.000000,6.228664
71,5,105.000000,-225.000000,6.212235
72,5,110.000000,-225.000000,6.196414
73,5,115.000000,-225.000000,6.181054
74,5,120.000000,-225.000000,6.166846
75,5,125.000000,-225.000000,6.152638
76,5,130.000000,-225.000000,6.138430
77,5,135.000000,-225.000000,6.124322
78,5,140.000000,-225.000000,6.110289
79,5,145.000000,-225.000000,6.096625
80,5,150.000000,-225.000000,6.083104
81,5,155.000000,-225.000000,6.069582
82,5,160.000000,-225.000000,6.056057
83,5,165.000000,-225.000000,6.042207
84,5,170.000000,-225.000000,6.028155
85,5,175.000000,-225.000000,6.013022
86,5,180.000000,-225.000000,5.997889
87,5,185.000000,-225.000000,5.982756
88,5,190.000000,-225.000000,5.967507
89,5,195.000000,-225.000000,5.952115
90,5,200.000000,-225.000000,5.935870
91,5,205.000000,-225.000000,5.919041
92,5,210.000000,-225.000000,5.902212
93,5,215.000000,-225.000000,5.885383
94,5,220.000000,-225.000000,5.868656
95,5,225.000000,-225.000000,5.851973
96,5,230.000000,-225.000000,5.836279
97,5,235.000000,-225.000000,5.820584
98,5,240.000000,-225.000000,5.804890
99,5,245.000000,-225.000000,5.789269
100,5,250.000000,-225.000000,5.773805
0,6,-250.000000,-220.000000,7.522924
1,6,-245.000000,-220.000000,7.504516
2,6,-240.000000,-220.000000,7.486096
3,6,-235.000000,-220.000000,7.467676
4,6,-230.000000,-220.000000,7.449256
5,6,-225.000000,-220.000000,7.430856
6,6,-220.000000,-220.000000,7.412459
7,6,-215.000000,-220.000000,7.394063
8,6,-210.000000,-220.000000,7.375668
9,6,-205.000000,-220.000000,7.357272
10,6,-200.000000,-220.000000,7.338978
11,6,-195.000000,-220.000000,7.320877
12,6,-190.000000,-220.000000,7.302798
13,6,-185.000000,-220.000000,7.284743
14,6,-180.000000,-220.000000,7.266688
15,6,-175.000000,-220.000000,7.248633
16,6,-170.000000,-220.000000,7.230245
17,6,-165.000000,-220.000000,7.211765
18,6,-160.000000,-220.000000,7.193194
19,6,-155.000000,-220.000000,7.174616
20,6,-150.000000,-220.000000,7.156037
21,6,-145.000000,-220.000000,7.137196
22,6,-140.000000,-220.000000,7.117401
23,6,-135.000000,-220.000000,7.097470
24,6,-130.000000,-220.000000,7.077297
25,6,-125.000000,-220.000000,7.057124
26,6,-120.000000,-220.000000,7.036951
27,6,-115.000000,-220.000000,7.016166
28,6,-110.000000,-220.000000,6.995056
29,6,-105.000000,-220.000000,6.973642
30,6,-100.000000,-220.000000,6.952152
31,6,-95.000000,-220.000000,6.930661
32,6,-90.000000,-220.000000,6.909203
33,6,-85.000000,-220.000000,6.888079
34,6,-80.000000,-220.000000,6.866999
35,6,-75.000000,-220.000000,6.846063
36,6,-70.000000,-220.000000,6.825126
37,6,-65.000000,-220.000000,6.804190
38,6,-60.000000,-220.000000,6.784008
39,6,-55.000000,-220.000000,6.764510
40,6,-50.000000,-220.000000,6.745628
41,6,-45.000000,-220.000000,6.727049
42,6,-40.000000,-220.000000,6.708470
43,6,-35.000000,-220.000000,6.689891
44,6,-30.000000,-220.000000,6.672495
45,6,-25.000000,-220.000000,6.655251
46,6,-20.000000,-220.000000,6.638874
47,6,-15.000000,-220.000000,6.622497
48,6,-10.000000,-220.000000,6.606120
49,6,-5.000000,-220.000000,6.589790
50,6,0.000000,-220.000000,6.573532
51,6,5.000000,-220.000000,6.557335
52,6,10.000000,-220.000000,6.541191
53,6,15.000000,-220.000000,6.525047
54,6,20.000000,-220.000000,6.508903
55,6,25.000000,-220.000000,6.492262
56,6,30.000000,-220.000000,6.475521
57,6,35.000000,-220.000000,6.458088
58,6,40.000000,-220.000000,6.440640
59,6,45.000000,-220.000000,6.423192
60,6,50.000000,-220.000000,6.405679
61,6,55.000000,-220.000000,6.387988
62,6,60.000000,-220.000000,6.370152
63,6,65.000000,-220.000000,6.352108
64,6,70.000000,-220.000000,6.334064
65,6,75.000000,-220.000000,6.316021
66,6,80.000000,-220.000000,6.298354
67,6,85.000000,-220.000000,6.280845
68,6,90.000000,-220.000000,6.264158
69,6,95.000000,-220.000000,6.247617
70,6,100.000000,-220.000000,6.231075
71,6,105.000000,-220.000000,6.214634
72,6,110.000000,-220.000000,6.198808
73,6,115.000000,-220.000000,6.183447
74,6,120.000000,-220.000000,6.169249
75,6,125.000000,-220.000000,6.155050
76,6,130.000000,-220.000000,6.140852
77,6,135.000000,-220.000000,6.126754
78,6,140.000000,-220.000000,6.112728
79,6,145.000000,-220.000000,6.099068
80,6,150.000000,-220.000000,6.085548
81,6,155.000000,-220.000000,6.072029
82,6,160.000000,-220.000000,6.058505
83,6,165.000000,-220.000000,6.044647
84,6,170.000000,-220.000000,6.030579
85,6,175.000000,-220.000000,6.015395
86,6,180.000000,-220.000000,6.000212
87,6,185.000000,-220.000000,5.985028
88,6,190.000000,-220.000000,5.969724
89,6,195.000000,-220.000000,5.954273
90,6,200.000000,-220.000000,5.937938
91,6,205.000000,-220.000000,5.920999
92,6,210.000000,-220.000000,5.904061
93,6,215.000000,-220.000000,5.887122
94,6,220.000000,-220.000000,5.870284
95,6,225.000000,-220.000000,5.853490
96,6,230.000000,-220.000000,5.837668
97,6,235.000000,-220.000000,5.821846
98,6,240.000000,-220.000000,5.806024
99,6,245.000000,-220.000000,5.790276
100,6,250.000000,-220.000000,5.774687
0,7,-250.000000,-215.000000,7.524009
1,7,-245.000000,-215.000000,7.505664
2,7,-240.000000,-215.000000,7.487307
3,7,-235.000000,-215.000000,7.468950
4,7,-230.000000,-215.000000,7.450594
5,7,-225.000000,-215.000000,7.432250
6,7,-220.000000,-215.000000,7.413907
7,7,-215.000000,-215.000000,7.395565
8,7,-210.000000,-215.000000,7.377224
9,7,-205.000000,-215.000000,7.358882
10,7,-200.000000,-215.000000,7.340642
11,7,-195.000000,-215.000000,7.322594
12,7,-190.000000,-215.000000,7.304568
13,7,-185.000000,-215.000000,7.286567
14,7,-180.000000,-215.000000,7.268565
15,7,-175.000000,-215.000000,7.250563
16,7,-170.000000,-215.000000,7.232223
17,7,-165.000000,-215.000000,7.213788
18,7,-160.000000,-215.000000,7.195261
19,7,-155.000000,-215.000000,7.176727
20,7,-150.000000,-215.000000,7.158193
21,7,-145.000000,-215.000000,7.139391
22,7,-140.000000,-215.000000,7.119620
23,7,-135.000000,-215.000000,7.099710
24,7,-130.000000,-215.000000,7.079554
25,7,-125.000000,-215.000000,7.059398
26,7,-120.000000,-215.000000,7.039242
27,7,-115.000000,-215.000000,7.018461
28,7,-110.000000,-215.000000,6.997347
29,7,-105.000000,-215.000000,6.975924
30,7,-100.000000,-215.000000,6.954422
31,7,-95.000000,-215.000000,6.932921
32,7,-90.000000,-215.000000,6.911451
33,7,-85.000000,-215.000000,6.890315
34,7,-80.000000,-215.000000,6.869223
35,7,-75.000000,-215.000000,6.848274
36,7,-70.000000,-215.000000,6.827325
37,7,-65.000000,-215.000000,6.806376
38,7,-60.000000,-215.000000,6.786192
39,7,-55.000000,-215.000000,6.766699
40,7,-50.000000,-215.000000,6.747830
41,7,-45.000000,-215.000000,6.729268
42,7,-40.000000,-215.000000,6.710706
43,7,-35.000000,-215.000000,6.692144
44,7,-30.000000,-215.000000,6.674781
45,7,-25.000000,-215.000000,6.657571
46,7,-20.000000,-215.000000,6.641240
47,7,-15.000000,-215.000000,6.624909
48,7,-10.000000,-215.000000,6.608578
49,7,-5.000000,-215.000000,6.592293
50,7,0.000000,-215.000000,6.576077
51,7,5.000000,-215.000000,6.559922
52,7,10.000000,-215.000000,6.543817
53,7,15.000000,-215.000000,6.527713
54,7,20.000000,-215.000000,6.511609
55,7,25.000000,-215.000000,6.494994
56,7,30.000000,-215.000000,6.478276
57,7,35.000000,-215.000000,6.460846
58,7,40.000000,-215.000000,6.443401
59,7,45.000000,-215.000000,6.425955
60,7,50.000000,-215.000000,6.408442
61,7,55.000000,-215.000000,6.390743
62,7,60.000000,-215.000000,6.372891
63,7,65.000000,-215.000000,6.354822
64,7,70.000000,-215.000000,6.336753
65,7,75.000000,-215.000000,6.318684
66,7,80.000000,-215.000000,6.300994
67,7,85.000000,-215.000000,6.283462
68,7,90.000000,-215.000000,6.266757
69,7,95.000000,-215.000000,6.250197
70,7,100.000000,-215.000000,6.233638
71,7,105.000000,-215.000000,6.217180
72,7,110.000000,-215.000000,6.201342
73,7,115.000000,-215.000000,6.185974
74,7,120.000000,-215.000000,6.171780
75,7,125.000000,-215.000000,6.157585
76,7,130.000000,-215.000000,6.143391
77,7,135.000000,-215.000000,6.129294
78,7,140.000000,-215.000000,6.115270
79,7,145.000000,-215.000000,6.101605
80,7,150.000000,-215.000000,6.088079
81,7,155.000000,-215.000000,6.074552
82,7,160.000000,-215.000000,6.061022
83,7,165.000000,-215.000000,6.047146
84,7,170.000000,-215.000000,6.033053
85,7,175.000000,-215.000000,6.017808
86,7,180.000000,-215.000000,6.002562
87,7,185.000000,-215.000000,5.987316
88,7,190.000000,-215.000000,5.971946
89,7,195.000000,-215.000000,5.956423
90,7,200.000000,-215.000000,5.939986
91,7,205.000000,-215.000000,5.922924
92,7,210.000000,-215.000000,5.905862
93,7,215.000000,-215.000000,5.888799
94,7,220.000000,-215.000000,5.871836
95,7,225.000000,-215.000000,5.854915
96,7,230.000000,-215.000000,5.838952
97,7,235.000000,-215.000000,5.822988
98,7,240.000000,-215.000000,5.807024
99,7,245.000000,-215.000000,5.791135
100,7,250.000000,-215.000000,5.775405
0,8,-250.000000,-210.000000,7.525115
1,8,-245.000000,-210.000000,7.506832
2,8,-240.000000,-210.000000,7.488538
3,8,-235.000000,-210.000000,7.470244
4,8,-230.000000,-210.000000,7.451949
5,8,-225.000000,-210.000000,7.433660
6,8,-220.000000,-210.000000,7.415371
7,8,-215.000000,-210.000000,7.397083
8,8,-210.000000,-210.000000,7.378795
9,8,-205.000000,-210.000000,7.360506
10,8,-200.000000,-210.000000,7.342319
11,8,-195.000000,-210.000000,7.324324
12,8,-190.000000,-210.000000,7.306352
13,8,-185.000000,-210.000000,7.288403
14,8,-180.000000,-210.000000,7.270454
15,8,-175.000000,-210.000000,7.252505
16,8,-170.000000,-210.000000,7.234213
17,8,-165.000000,-210.000000,7.215824
18,8,-160.000000,-210.000000,7.197341
19,8,-155.000000,-210.000000,7.178851
20,8,-150.000000,-210.000000,7.160361
21,8,-145.000000,-210.000000,7.141599
22,8,-140.000000,-210.000000,7.121851
23,8,-135.000000,-210.000000,7.101962
24,8,-130.000000,-210.000000,7.081824
25,8,-125.000000,-210.000000,7.061685
26,8,-120.000000,-210.000000,7.041547
27,8,-115.000000,-210.000000,7.020770
28,8,-110.000000,-210.000000,6.999654
29,8,-105.000000,-210.000000,6.978221
30,8,-100.000000,-210.000000,6.956709
31,8,-95.000000,-210.000000,6.935197
32,8,-90.000000,-210.000000,6.913717
33,8,-85.000000,-210.000000,6.892569
34,8,-80.000000,-210.000000,6.871465
35,8,-75.000000,-210.000000,6.850505
36,8,-70.000000,-210.000000,6.829544
37,8,-65.000000,-210.000000,6.808583
38,8,-60.000000,-210.000000,6.788396
39,8,-55.000000,-210.000000,6.768909
40,8,-50.000000,-210.000000,6.750054
41,8,-45.000000,-210.000000,6.731509
42,8,-40.000000,-210.000000,6.712964
43,8,-35.000000,-210.000000,6.694420
44,8,-30.000000,-210.000000,6.677089
45,8,-25.000000,-210.000000,6.659913
46,8,-20.000000,-210.000000,6.643628
47,8,-15.000000,-210.000000,6.627343
48,8,-10.000000,-210.000000,6.611057
49,8,-5.000000,-210.000000,6.594816
50,8,0.000000,-210.000000,6.578643
51,8,5.000000,-210.000000,6.562529
52,8,10.000000,-210.000000,6.546464
53,8,15.000000,-210.000000,6.530399
54,8,20.000000,-210.000000,6.514334
55,8,25.000000,-210.000000,6.497744
56,8,30.000000,-210.000000,6.481048
57,8,35.000000,-210.000000,6.463621
58,8,40.000000,-210.000000,6.446178
59,8,45.000000,-210.000000,6.428735
60,8,50.000000,-210.000000,6.411221
61,8,55.000000,-210.000000,6.393513
62,8,60.000000,-210.000000,6.375645
63,8,65.000000,-210.000000,6.357550
64,8,70.000000,-210.000000,6.339455
65,8,75.000000,-210.000000,6.321361
66,8,80.000000,-210.000000,6.303646
67,8,85.000000,-210.000000,6.286092
68,8,90.000000,-210.000000,6.269367
69,8,95.000000,-210.000000,6.252790
70,8,100.000000,-210.000000,6.236212
71,8,105.000000,-210.000000,6.219736
72,8,110.000000,-210.000000,6.203887
73,8,115.000000,-210.000000,6.188511
74,8,120.000000,-210.000000,6.174320
75,8,125.000000,-210.000000,6.160129
76,8,130.000000,-210.000000,6.145938
77,8,135.000000,-210.000000,6.131843
78,8,140.000000,-210.000000,6.117819
79,8,145.000000,-210.000000,6.104149
80,8,150.000000,-210.000000,6.090616
81,8,155.000000,-210.000000,6.077082
82,8,160.000000,-210.000000,6.063544
83,8,165.000000,-210.000000,6.049650
84,8,170.000000,-210.000000,6.035532
85,8,175.000000,-210.000000,6.020223
86,8,180.000000,-210.000000,6.004914
87,8,185.000000,-210.000000,5.989605
88,8,190.000000,-210.000000,5.974168
89,8,195.000000,-210.000000,5.958573
90,8,200.000000,-210.000000,5.942032
91,8,205.000000,-210.000000,5.924845
92,8,210.000000,-210.000000,5.907659
93,8,215.000000,-210.000000,5.890472
94,8,220.000000,-210.000000,5.873382
95,8,225.000000,-210.000000,5.856334
96,8,230.000000,-210.000000,5.840228
97,8,235.000000,-210.000000,5.824121
98,8,240.000000,-210.000000,5.808014
99,8,245.000000,-210.000000,5.791983
100,8,250.000000,-210.000000,5.776112
0,9,-250.000000,-205.000000,7.526224
1,9,-245.000000,-205.000000,7.508004
2,9,-240.000000,-205.000000,7.489771
3,9,-235.000000,-205.000000,7.471539
4,9,-230.000000,-205.000000,7.453307
5,9,-225.000000,-205.000000,7.435072
6,9,-220.000000,-205.000000,7.416838
7,9,-215.000000,-205.000000,7.398603
8,9,-210.000000,-205.000000,7.380368
9,9,-205.000000,-205.000000,7.362133
10,9,-200.000000,-205.000000,7.343999
11,9,-195.000000,-205.000000,7.326057
12,9,-190.000000,-205.000000,7.308137
13,9,-185.000000,-205.000000,7.290241
14,9,-180.000000,-205.000000,7.272345
15,9,-175.000000,-205.000000,7.254450
16,9,-170.000000,-205.000000,7.236204
17,9,-165.000000,-205.000000,7.217861
18,9,-160.000000,-205.000000,7.199423
19,9,-155.000000,-205.000000,7.180977
20,9,-150.000000,-205.000000,7.162531
21,9,-145.000000,-205.000000,7.143808
22,9,-140.000000,-205.000000,7.124085
23,9,-135.000000,-205.000000,7.104217
24,9,-130.000000,-205.000000,7.084096
25,9,-125.000000,-205.000000,7.063975
26,9,-120.000000,-205.000000,7.043853
27,9,-115.000000,-205.000000,7.023081
28,9,-110.000000,-205.000000,7.001962
29,9,-105.000000,-205.000000,6.980521
30,9,-100.000000,-205.000000,6.958998
31,9,-95.000000,-205.000000,6.937475
32,9,-90.000000,-205.000000,6.915985
33,9,-85.000000,-205.000000,6.894826
34,9,-80.000000,-205.000000,6.873710
35,9,-75.000000,-205.000000,6.852738
36,9,-70.000000,-205.000000,6.831765
37,9,-65.000000,-205.000000,6.810792
38,9,-60.000000,-205.000000,6.790603
39,9,-55.000000,-205.000000,6.771122
40,9,-50.000000,-205.000000,6.752280
41,9,-45.000000,-205.000000,6.733753
42,9,-40.000000,-205.000000,6.715225
43,9,-35.000000,-205.000000,6.696698
44,9,-30.000000,-205.000000,6.679400
45,9,-25.000000,-205.000000,6.662259
46,9,-20.000000,-205.000000,6.646019
47,9,-15.000000,-205.000000,6.629779
48,9,-10.000000,-205.000000,6.613539
49,9,-5.000000,-205.000000,6.597343
50,9,0.000000,-205.000000,6.581212
51,9,5.000000,-205.000000,6.565138
52,9,10.000000,-205.000000,6.549112
53,9,15.000000,-205.000000,6.533087
54,9,20.000000,-205.000000,6.517061
55,9,25.000000,-205.000000,6.500496
56,9,30.000000,-205.000000,6.483823
57,9,35.000000,-205.000000,6.466399
58,9,40.000000,-205.000000,6.448958
59,9,45.000000,-205.000000,6.431517
60,9,50.000000,-205.000000,6.414002
61,9,55.000000,-205.000000,6.396285
62,9,60.000000,-205.000000,6.378400
63,9,65.000000,-205.000000,6.360280
64,9,70.000000,-205.000000,6.342159
65,9,75.000000,-205.000000,6.324039
66,9,80.000000,-205.000000,6.306301
67,9,85.000000,-205.000000,6.288723
68,9,90.000000,-205.000000,6.271979
69,9,95.000000,-205.000000,6.255383
70,9,100.000000,-205.000000,6.238787
71,9,105.000000,-205.000000,6.222294
72,9,110.000000,-205.000000,6.206433
73,9,115.000000,-205.000000,6.191050
74,9,120.000000,-205.000000,6.176862
75,9,125.000000,-205.000000,6.162674
76,9,130.000000,-205.000000,6.148486
77,9,135.000000,-205.000000,6.134393
78,9,140.000000,-205.000000,6.120369
79,9,145.000000,-205.000000,6.106694
80,9,150.000000,-205.000000,6.093153
81,9,155.000000,-205.000000,6.079613
82,9,160.000000,-205.000000,6.066067
83,9,165.000000,-205.000000,6.052154
84,9,170.000000,-205.000000,6.038010
85,9,175.000000,-205.000000,6.022639
86,9,180.000000,-205.000000,6.007267
87,9,185.000000,-205.000000,5.991895
88,9,190.000000,-205.000000,5.976390
89,9,195.000000,-205.000000,5.960723
90,9,200.000000,-205.000000,5.944079
91,9,205.000000,-205.000000,5.926767
92,9,210.000000,-205.000000,5.909455
93,9,215.000000,-205.000000,5.892144
94,9,220.000000,-205.000000,5.874927
95,9,225.000000,-205.000000,5.857752
96,9,230.000000,-205.000000,5.841503
97,9,235.000000,-205.000000,5.825253
98,9,240.000000,-205.000000,5.809003
99,9,245.000000,-205.000000,5.792830
100,9,250.000000,-205.000000,5.776818
0,10,-250.000000,-200.000000,7.527332
1,10,-245.000000,-200.000000,7.509175
2,10,-240.000000,-200.000000,7.491005
3,10,-235.000000,-200.000000,7.472835
4,10,-230.000000,-200.000000,7.454665
5,10,-225.000000,-200.000000,7.436485
6,10,-220.000000,-200.000000,7.418304
7,10,-215.000000,-200.000000,7.400122
8,10,-210.000000,-200.000000,7.381941
9,10,-205.000000,-200.000000,7.363759
10,10,-200.000000,-200.000000,7.345678
11,10,-195.000000,-200.000000,7.327789
12,10,-190.000000,-200.000000,7.309923
13,10,-185.000000,-200.000000,7.292080
14,10,-180.000000,-200.000000,7.274237
15,10,-175.000000,-200.000000,7.256394
16,10,-170.000000,-200.000000,7.238196
17,10,-165.000000,-200.000000,7.219898
18,10,-160.000000,-200.000000,7.201504
19,10,-155.000000,-200.000000,7.183102
20,10,-150.000000,-200.000000,7.164701
21,10,-145.000000,-200.000000,7.146018
22,10,-140.000000,-200.000000,7.126318
23,10,-135.000000,-200.000000,7.106472
24,10,-130.000000,-200.000000,7.086368
25,10,-125.000000,-200.000000,7.066264
26,10,-120.000000,-200.000000,7.046160
27,10,-115.000000,-200.000000,7.025392
28,10,-110.000000,-200.000000,7.004271
29,10,-105.000000,-200.000000,6.982821
30,10,-100.000000,-200.000000,6.961287
31,10,-95.000000,-200.000000,6.939754
32,10,-90.000000,-200.000000,6.918253
33,10,-85.000000,-200.000000,6.897082
34,10,-80.000000,-200.000000,6.875955
35,10,-75.000000,-200.000000,6.854971
36,10,-70.000000,-200.000000,6.833986
37,10,-65.000000,-200.000000,6.813002
38,10,-60.000000,-200.000000,6.792809
39,10,-55.000000,-200.000000,6.773335
40,10,-50.000000,-200.000000,6.754506
41,10,-45.000000,-200.000000,6.735996
42,10,-40.000000,-200.000000,6.717486
43,10,-35.000000,-200.000000,6.698976
44,10,-30.000000,-200.000000,6.681710
45,10,-25.000000,-200.000000,6.664604
46,10,-20.000000,-200.000000,6.648410
47,10,-15.000000,-200.000000,6.632216
48,10,-10.000000,-200.000000,6.616022
49,10,-5.000000,-200.000000,6.599869
50,10,0.000000,-200.000000,6.583781
51,10,5.000000,-200.000000,6.567748
52,10,10.000000,-200.000000,6.551761
53,10,15.000000,-200.000000,6.535775
54,10,20.000000,-200.000000,6.519788
55,10,25.000000,-200.000000,6.503248
56,10,30.000000,-200.000000,6.486597
57,10,35.000000,-200.000000,6.469176
58,10,40.000000,-200.000000,6.451737
59,10,45.000000,-200.000000,6.434299
60,10,50.000000,-200.000000,6.416783
61,10,55.000000,-200.000000,6.399056
62,10,60.000000,-200.000000,6.381156
63,10,65.000000,-200.000000,6.363010
64,10,70.000000,-200.000000,6.344863
65,10,75.000000,-200.000000,6.326717
66,10,80.000000,-200.000000,6.308955
67,10,85.000000,-200.000000,6.291354
68,10,90.000000,-200.000000,6.274591
69,10,95.000000,-200.000000,6.257977
70,10,100.000000,-200.000000,6.241363
71,10,105.000000,-200.000000,6.224852
72,10,110.000000,-200.000000,6.208979
73,10,115.000000,-200.000000,6.193589
74,10,120.000000,-200.000000,6.179404
75,10,125.000000,-200.000000,6.165219
76,10,130.000000,-200.000000,6.151034
77,10,135.000000,-200.000000,6.136942
78,10,140.000000,-200.000000,6.122919
79,10,145.000000,-200.000000,6.109239
80,10,150.000000,-200.000000,6.095691
81,10,155.000000,-200.000000,6.082143
82,10,160.000000,-200.000000,6.068590
83,10,165.000000,-200.000000,6.054658
84,10,170.000000,-200.000000,6.040489
85,10,175.000000,-200.000000,6.025054
86,10,180.000000,-200.000000,6.009619
87,10,185.000000,-200.000000,5.994185
88,10,190.000000,-200.000000,5.978613
89,10,195.000000,-200.000000,5.962873
90,10,200.000000,-200.000000,5.946125
91,10,205.000000,-200.000000,5.928688
92,10,210.000000,-200.000000,5.911252
93,10,215.000000,-200.000000,5.893815
94,10,220.000000,-200.000000,5.876473
95,10,225.000000,-200.000000,5.859170
96,10,230.000000,-200.000000,5.842778
97,10,235.000000,-200.000000,5.826385
98,10,240.000000,-200.000000,5.809992
99,10,245.000000,-200.000000,5.793676
100,10,250.000000,-200.000000,5.777523
0,11,-250.000000,-195.000000,7.529095
1,11,-245.000000,-195.000000,7.510994
2,11,-240.000000,-195.000000,7.492880
3,11,-235.000000,-195.000000,7.474766
4,11,-230.000000,-195.000000,7.456652
5,11,-225.000000,-195.000000,7.438525
6,11,-220.000000,-195.000000,7.420396
7,11,-215.000000,-195.000000,7.402267
8,11,-210.000000,-195.000000,7.384137
9,11,-205.000000,-195.000000,7.366008
10,11,-200.000000,-195.000000,7.347979
11,11,-195.000000,-195.000000,7.330144
12,11,-190.000000,-195.000000,7.312331
13,11,-185.000000,-195.000000,7.294541
14,11,-180.000000,-195.000000,7.276752
15,11,-175.000000,-195.000000,7.258963
16,11,-170.000000,-195.000000,7.240817
17,11,-165.000000,-195.000000,7.222572
18,11,-160.000000,-195.000000,7.204230
19,11,-155.000000,-195.000000,7.185880
20,11,-150.000000,-195.000000,7.167530
21,11,-145.000000,-195.000000,7.148897
22,11,-140.000000,-195.000000,7.129241
23,11,-135.000000,-195.000000,7.109438
24,11,-130.000000,-195.000000,7.089376
25,11,-125.000000,-195.000000,7.069314
26,11,-120.000000,-195.000000,7.049251
27,11,-115.000000,-195.000000,7.028519
28,11,-110.000000,-195.000000,7.007430
29,11,-105.000000,-195.000000,6.986009
30,11,-100.000000,-195.000000,6.964505
31,11,-95.000000,-195.000000,6.943000
32,11,-90.000000,-195.000000,6.921528
33,11,-85.000000,-195.000000,6.900384
34,11,-80.000000,-195.000000,6.879283
35,11,-75.000000,-195.000000,6.858325
36,11,-70.000000,-195.000000,6.837366
37,11,-65.000000,-195.000000,6.816407
38,11,-60.000000,-195.000000,6.796243
39,11,-55.000000,-195.000000,6.776799
40,11,-50.000000,-195.000000,6.758004
41,11,-45.000000,-195.000000,6.739528
42,11,-40.000000,-195.000000,6.721053
43,11,-35.000000,-195.000000,6.702577
44,11,-30.000000,-195.000000,6.685349
45,11,-25.000000,-195.000000,6.668281
46,11,-20.000000,-195.000000,6.652129
47,11,-15.000000,-195.000000,6.635976
48,11,-10.000000,-195.000000,6.619823
49,11,-5.000000,-195.000000,6.603710
50,11,0.000000,-195.000000,6.587657
51,11,5.000000,-195.000000,6.571658
52,11,10.000000,-195.000000,6.555703
53,11,15.000000,-195.000000,6.539748
54,11,20.000000,-195.000000,6.523792
55,11,25.000000,-195.000000,6.507275
56,11,30.000000,-195.000000,6.490645
57,11,35.000000,-195.000000,6.473233
58,11,40.000000,-195.000000,6.455804
59,11,45.000000,-195.000000,6.438374
60,11,50.000000,-195.000000,6.420865
61,11,55.000000,-195.000000,6.403141
62,11,60.000000,-195.000000,6.385239
63,11,65.000000,-195.000000,6.367085
64,11,70.000000,-195.000000,6.348932
65,11,75.000000,-195.000000,6.330778
66,11,80.000000,-195.000000,6.313009
67,11,85.000000,-195.000000,6.295401
68,11,90.000000,-195.000000,6.278632
69,11,95.000000,-195.000000,6.262011
70,11,100.000000,-195.000000,6.245391
71,11,105.000000,-195.000000,6.228875
72,11,110.000000,-195.000000,6.212997
73,11,115.000000,-195.000000,6.197603
74,11,120.000000,-195.000000,6.183416
75,11,125.000000,-195.000000,6.169230
76,11,130.000000,-195.000000,6.155044
77,11,135.000000,-195.000000,6.140949
78,11,140.000000,-195.000000,6.126921
79,11,145.000000,-195.000000,6.113228
80,11,150.000000,-195.000000,6.099665
81,11,155.000000,-195.000000,6.086101
82,11,160.000000,-195.000000,6.072532
83,11,165.000000,-195.000000,6.058578
84,11,170.000000,-195.000000,6.044381
85,11,175.000000,-195.000000,6.028894
86,11,180.000000,-195.000000,6.013406
87,11,185.000000,-195.000000,5.997919
88,11,190.000000,-195.000000,5.982293
89,11,195.000000,-195.000000,5.966495
90,11,200.000000,-195.000000,5.949673
91,11,205.000000,-195.000000,5.932149
92,11,210.000000,-195.000000,5.914626
93,11,215.000000,-195.000000,5.897103
94,11,220.000000,-195.000000,5.879673
95,11,225.000000,-195.000000,5.862283
96,11,230.000000,-195.000000,5.845798
97,11,235.000000,-195.000000,5.829314
98,11,240.000000,-195.000000,5.812829
99,11,245.000000,-195.000000,5.796421
100,11,250.000000,-195.000000,5.780177
0,12,-250.000000,-190.000000,7.531539
1,12,-245.000000,-190.000000,7.513486
2,12,-240.000000,-190.000000,7.495422
3,12,-235.000000,-190.000000,7.477357
4,12,-230.000000,-190.000000,7.459293
5,12,-225.000000,-190.000000,7.441216
6,12,-220.000000,-190.000000,7.423139
7,12,-215.000000,-190.000000,7.405061
8,12,-210.000000,-190.000000,7.386982
9,12,-205.000000,-190.000000,7.368904
10,12,-200.000000,-190.000000,7.350928
11,12,-195.000000,-190.000000,7.333146
12,12,-190.000000,-190.000000,7.315387
13,12,-185.000000,-190.000000,7.297652
14,12,-180.000000,-190.000000,7.279916
15,12,-175.000000,-190.000000,7.262181
16,12,-170.000000,-190.000000,7.244094
17,12,-165.000000,-190.000000,7.225907
18,12,-160.000000,-190.000000,7.207625
19,12,-155.000000,-190.000000,7.189335
20,12,-150.000000,-190.000000,7.171045
21,12,-145.000000,-190.000000,7.152474
22,12,-140.000000,-190.000000,7.132883
23,12,-135.000000,-190.000000,7.113145
24,12,-130.000000,-190.000000,7.093150
25,12,-125.000000,-190.000000,7.073154
26,12,-120.000000,-190.000000,7.053159
27,12,-115.000000,-190.000000,7.032494
28,12,-110.000000,-190.000000,7.011474
29,12,-105.000000,-190.000000,6.990123
30,12,-100.000000,-190.000000,6.968688
31,12,-95.000000,-190.000000,6.947253
32,12,-90.000000,-190.000000,6.925850
33,12,-85.000000,-190.000000,6.904772
34,12,-80.000000,-190.000000,6.883738
35,12,-75.000000,-190.000000,6.862843
36,12,-70.000000,-190.000000,6.841949
37,12,-65.000000,-190.000000,6.821055
38,12,-60.000000,-190.000000,6.800952
39,12,-55.000000,-190.000000,6.781565
40,12,-50.000000,-190.000000,6.762824
41,12,-45.000000,-190.000000,6.744401
42,12,-40.000000,-190.000000,6.725977
43,12,-35.000000,-190.000000,6.707554
44,12,-30.000000,-190.000000,6.690370
45,12,-25.000000,-190.000000,6.673345
46,12,-20.000000,-190.000000,6.657228
47,12,-15.000000,-190.000000,6.641112
48,12,-10.000000,-190.000000,6.624996
49,12,-5.000000,-190.000000,6.608916
50,12,0.000000,-190.000000,6.592894
51,12,5.000000,-190.000000,6.576920
52,12,10.000000,-190.000000,6.560989
53,12,15.000000,-190.000000,6.545057
54,12,20.000000,-190.000000,6.529125
55,12,25.000000,-190.000000,6.512628
56,12,30.000000,-190.000000,6.496018
57,12,35.000000,-190.000000,6.478622
58,12,40.000000,-190.000000,6.461208
59,12,45.000000,-190.000000,6.443794
60,12,50.000000,-190.000000,6.426300
61,12,55.000000,-190.000000,6.408590
62,12,60.000000,-190.000000,6.390702
63,12,65.000000,-190.000000,6.372560
64,12,70.000000,-190.000000,6.354418
65,12,75.000000,-190.000000,6.336277
66,12,80.000000,-190.000000,6.318518
67,12,85.000000,-190.000000,6.300920
68,12,90.000000,-190.000000,6.284158
69,12,95.000000,-190.000000,6.267544
70,12,100.000000,-190.000000,6.250930
71,12,105.000000,-190.000000,6.234419
72,12,110.000000,-190.000000,6.218544
73,12,115.000000,-190.000000,6.203150
74,12,120.000000,-190.000000,6.188958
75,12,125.000000,-190.000000,6.174766
76,12,130.000000,-190.000000,6.160574
77,12,135.000000,-190.000000,6.146471
78,12,140.000000,-190.000000,6.132432
79,12,145.000000,-190.000000,6.118719
80,12,150.000000,-190.000000,6.105131
81,12,155.000000,-190.000000,6.091544
82,12,160.000000,-190.000000,6.077951
83,12,165.000000,-190.000000,6.063968
84,12,170.000000,-190.000000,6.049741
85,12,175.000000,-190.000000,6.034213
86,12,180.000000,-190.000000,6.018685
87,12,185.000000,-190.000000,6.003157
88,12,190.000000,-190.000000,5.987489
89,12,195.000000,-190.000000,5.971649
90,12,200.000000,-190.000000,5.954782
91,12,205.000000,-190.000000,5.937211
92,12,210.000000,-190.000000,5.919641
93,12,215.000000,-190.000000,5.902070
94,12,220.000000,-190.000000,5.884594
95,12,225.000000,-190.000000,5.867158
96,12,230.000000,-190.000000,5.850634
97,12,235.000000,-190.000000,5.834110
98,12,240.000000,-190.000000,5.817587
99,12,245.000000,-190.000000,5.801140
100,12,250.000000,-190.000000,5.784857
0,13,-250.000000,-185.000000,7.534080
1,13,-245.000000,-185.000000,7.516076
2,13,-240.000000,-185.000000,7.498060
3,13,-235.000000,-185.000000,7.480044
4,13,-230.000000,-185.000000,7.462028
5,13,-225.000000,-185.000000,7.444002
6,13,-220.000000,-185.000000,7.425976
7,13,-215.000000,-185.000000,7.407948
8,13,-210.000000,-185.000000,7.389921
9,13,-205.000000,-185.000000,7.371893
10,13,-200.000000,-185.000000,7.353969
11,13,-195.000000,-185.000000,7.336241
12,13,-190.000000,-185.000000,7.318536
13,13,-185.000000,-185.000000,7.300855
14,13,-180.000000,-185.000000,7.283174
15,13,-175.000000,-185.000000,7.265493
16,13,-170.000000,-185.000000,7.247464
17,13,-165.000000,-185.000000,7.229338
18,13,-160.000000,-185.000000,7.211117
19,13,-155.000000,-185.000000,7.192888
20,13,-150.000000,-185.000000,7.174659
21,13,-145.000000,-185.000000,7.156150
22,13,-140.000000,-185.000000,7.136628
23,13,-135.000000,-185.000000,7.116959
24,13,-130.000000,-185.000000,7.097034
25,13,-125.000000,-185.000000,7.077109
26,13,-120.000000,-185.000000,7.057183
27,13,-115.000000,-185.000000,7.036592
28,13,-110.000000,-185.000000,7.015645
29,13,-105.000000,-185.000000,6.994369
30,13,-100.000000,-185.000000,6.973010
31,13,-95.000000,-185.000000,6.951650
32,13,-90.000000,-185.000000,6.930322
33,13,-85.000000,-185.000000,6.909317
34,13,-80.000000,-185.000000,6.888354
35,13,-75.000000,-185.000000,6.867530
36,13,-70.000000,-185.000000,6.846706
37,13,-65.000000,-185.000000,6.825882
38,13,-60.000000,-185.000000,6.805845
39,13,-55.000000,-185.000000,6.786519
40,13,-50.000000,-185.000000,6.767834
41,13,-45.000000,-185.000000,6.749466
42,13,-40.000000,-185.000000,6.731097
43,13,-35.000000,-185.000000,6.712728
44,13,-30.000000,-185.000000,6.695589
45,13,-25.000000,-185.000000,6.678607
46,13,-20.000000,-185.000000,6.662527
47,13,-15.000000,-185.000000,6.646446
48,13,-10.000000,-185.000000,6.630366
49,13,-5.000000,-185.000000,6.614320
50,13,0.000000,-185.000000,6.598326
51,13,5.000000,-185.000000,6.582378
52,13,10.000000,-185.000000,6.566468
53,13,15.000000,-185.000000,6.550558
54,13,20.000000,-185.000000,6.534649
55,13,25.000000,-185.000000,6.518172
56,13,30.000000,-185.000000,6.501581
57,13,35.000000,-185.000000,6.484202
58,13,40.000000,-185.000000,6.466805
59,13,45.000000,-185.000000,6.449407
60,13,50.000000,-185.000000,6.431930
61,13,55.000000,-185.000000,6.414236
62,13,60.000000,-185.000000,6.396363
63,13,65.000000,-185.000000,6.378236
64,13,70.000000,-185.000000,6.360109
65,13,75.000000,-185.000000,6.341982
66,13,80.000000,-185.000000,6.324236
67,13,85.000000,-185.000000,6.306651
68,13,90.000000,-185.000000,6.289898
69,13,95.000000,-185.000000,6.273292
70,13,100.000000,-185.000000,6.256686
71,13,105.000000,-185.000000,6.240183
72,13,110.000000,-185.000000,6.224311
73,13,115.000000,-185.000000,6.208918
74,13,120.000000,-185.000000,6.194720
75,13,125.000000,-185.000000,6.180521
76,13,130.000000,-185.000000,6.166323
77,13,135.000000,-185.000000,6.152210
78,13,140.000000,-185.000000,6.138161
79,13,145.000000,-185.000000,6.124426
80,13,150.000000,-185.000000,6.110813
81,13,155.000000,-185.000000,6.097200
82,13,160.000000,-185.000000,6.083581
83,13,165.000000,-185.000000,6.069571
84,13,170.000000,-185.000000,6.055314
85,13,175.000000,-185.000000,6.039746
86,13,180.000000,-185.000000,6.024178
87,13,185.000000,-185.000000,6.008611
88,13,190.000000,-185.000000,5.992903
89,13,195.000000,-185.000000,5.977024
90,13,200.000000,-185.000000,5.960115
91,13,205.000000,-185.000000,5.942503
92,13,210.000000,-185.000000,5.924891
93,13,215.000000,-185.000000,5.907279
94,13,220.000000,-185.000000,5.889763
95,13,225.000000,-185.000000,5.872287
96,13,230.000000,-185.000000,5.855731
97,13,235.000000,-185.000000,5.839176
98,13,240.000000,-185.000000,5.822620
99,13,245.000000,-185.000000,5.806143
100,13,250.000000,-185.000000,5.789829
0,14,-250.000000,-180.000000,7.536646
1,14,-245.000000,-180.000000,7.518691
2,14,-240.000000,-180.000000,7.500723
3,14,-235.000000,-180.000000,7.482755
4,14,-230.000000,-180.000000,7.464788
5,14,-225.000000,-180.000000,7.446813
6,14,-220.000000,-180.000000,7.428837
7,14,-215.000000,-180.000000,7.410860
8,14,-210.000000,-180.000000,7.392884
9,14,-205.000000,-180.000000,7.374907
10,14,-200.000000,-180.000000,7.357035
11,14,-195.000000,-180.000000,7.339360
12,14,-190.000000,-180.000000,7.321709
13,14,-185.000000,-180.000000,7.304083
14,14,-180.000000,-180.000000,7.286456
15,14,-175.000000,-180.000000,7.268829
16,14,-170.000000,-180.000000,7.250859
17,14,-165.000000,-180.000000,7.232793
18,14,-160.000000,-180.000000,7.214633
19,14,-155.000000,-180.000000,7.196466
20,14,-150.000000,-180.000000,7.178299
21,14,-145.000000,-180.000000,7.159853
22,14,-140.000000,-180.000000,7.140400
23,14,-135.000000,-180.000000,7.120801
24,14,-130.000000,-180.000000,7.100947
25,14,-125.000000,-180.000000,7.081093
26,14,-120.000000,-180.000000,7.061239
27,14,-115.000000,-180.000000,7.040721
28,14,-110.000000,-180.000000,7.019850
29,14,-105.000000,-180.000000,6.998651
30,14,-100.000000,-180.000000,6.977368
31,14,-95.000000,-180.000000,6.956085
32,14,-90.000000,-180.000000,6.934834
33,14,-85.000000,-180.000000,6.913902
34,14,-80.000000,-180.000000,6.893012
35,14,-75.000000,-180.000000,6.872260
36,14,-70.000000,-180.000000,6.851508
37,14,-65.000000,-180.000000,6.830756
38,14,-60.000000,-180.000000,6.810785
39,14,-55.000000,-180.000000,6.791521
40,14,-50.000000,-180.000000,6.772895
41,14,-45.000000,-180.000000,6.754581
42,14,-40.000000,-180.000000,6.736268
43,14,-35.000000,-180.000000,6.717955
44,14,-30.000000,-180.000000,6.700861
45,14,-25.000000,-180.000000,6.683922
46,14,-20.000000,-180.000000,6.667877
47,14,-15.000000,-180.000000,6.651833
48,14,-10.000000,-180.000000,6.635788
49,14,-5.000000,-180.000000,6.619774
50,14,0.000000,-180.000000,6.603809
51,14,5.000000,-180.000000,6.587886
52,14,10.000000,-180.000000,6.571998
53,14,15.000000,-180.000000,6.556110
54,14,20.000000,-180.000000,6.540222
55,14,25.000000,-180.000000,6.523766
56,14,30.000000,-180.000000,6.507195
57,14,35.000000,-180.000000,6.489832
58,14,40.000000,-180.000000,6.472452
59,14,45.000000,-180.000000,6.455072
60,14,50.000000,-180.000000,6.437611
61,14,55.000000,-180.000000,6.419934
62,14,60.000000,-180.000000,6.402076
63,14,65.000000,-180.000000,6.383965
64,14,70.000000,-180.000000,6.365853
65,14,75.000000,-180.000000,6.347742
66,14,80.000000,-180.000000,6.330010
67,14,85.000000,-180.000000,6.312437
68,14,90.000000,-180.000000,6.295694
69,14,95.000000,-180.000000,6.279096
70,14,100.000000,-180.000000,6.262499
71,14,105.000000,-180.000000,6.246004
72,14,110.000000,-180.000000,6.230137
73,14,115.000000,-180.000000,6.214745
74,14,120.000000,-180.000000,6.200540
75,14,125.000000,-180.000000,6.186334
76,14,130.000000,-180.000000,6.172129
77,14,135.000000,-180.000000,6.158007
78,14,140.000000,-180.000000,6.143946
79,14,145.000000,-180.000000,6.130190
80,14,150.000000,-180.000000,6.116551
81,14,155.000000,-180.000000,6.102912
82,14,160.000000,-180.000000,6.089268
83,14,165.000000,-180.000000,6.075228
84,14,170.000000,-180.000000,6.060942
85,14,175.000000,-180.000000,6.045335
86,14,180.000000,-180.000000,6.029728
87,14,185.000000,-180.000000,6.014121
88,14,190.000000,-180.000000,5.998374
89,14,195.000000,-180.000000,5.982456
90,14,200.000000,-180.000000,5.965507
91,14,205.000000,-180.000000,5.947856
92,14,210.000000,-180.000000,5.930204
93,14,215.000000,-180.000000,5.912552
94,14,220.000000,-180.000000,5.894996
95,14,225.000000,-180.000000,5.877482
96,14,230.000000,-180.000000,5.860897
97,14,235.000000,-180.000000,5.844312
98,14,240.000000,-180.000000,5.827727
99,14,245.000000,-180.000000,5.811220
100,14,250.000000,-180.000000,5.794877
0,15,-250.000000,-175.000000,7.539213
1,15,-245.000000,-175.000000,7.521306
2,15,-240.000000,-175.000000,7.503386
3,15,-235.000000,-175.000000,7.485467
4,15,-230.000000,-175.000000,7.467548
5,15,-225.000000,-175.000000,7.449623
6,15,-220.000000,-175.000000,7.431698
7,15,-215.000000,-175.000000,7.413772
8,15,-210.000000,-175.000000,7.395846
9,15,-205.000000,-175.000000,7.377921
10,15,-200.000000,-175.000000,7.360100
11,15,-195.000000,-175.000000,7.342480
12,15,-190.000000,-175.000000,7.324883
13,15,-185.000000,-175.000000,7.307311
14,15,-180.000000,-175.000000,7.289738
15,15,-175.000000,-175.000000,7.272166
16,15,-170.000000,-175.000000,7.254255
17,15,-165.000000,-175.000000,7.236248
18,15,-160.000000,-175.000000,7.218150
19,15,-155.000000,-175.000000,7.200045
20,15,-150.000000,-175.000000,7.181939
21,15,-145.000000,-175.000000,7.163556
22,15,-140.000000,-175.000000,7.144172
23,15,-135.000000,-175.000000,7.124643
24,15,-130.000000,-175.000000,7.104860
25,15,-125.000000,-175.000000,7.085077
26,15,-120.000000,-175.000000,7.065295
27,15,-115.000000,-175.000000,7.044851
28,15,-110.000000,-175.000000,7.024055
29,15,-105.000000,-175.000000,7.002932
30,15,-100.000000,-175.000000,6.981726
31,15,-95.000000,-175.000000,6.960521
32,15,-90.000000,-175.000000,6.939346
33,15,-85.000000,-175.000000,6.918488
34,15,-80.000000,-175.000000,6.897671
35,15,-75.000000,-175.000000,6.876991
36,15,-70.000000,-175.000000,6.856311
37,15,-65.000000,-175.000000,6.835631
38,15,-60.000000,-175.000000,6.815726
39,15,-55.000000,-175.000000,6.796524
40,15,-50.000000,-175.000000,6.777955
41,15,-45.000000,-175.000000,6.759697
42,15,-40.000000,-175.000000,6.741439
43,15,-35.000000,-175.000000,6.723182
44,15,-30.000000,-175.000000,6.706132
45,15,-25.000000,-175.000000,6.689237
46,15,-20.000000,-175.000000,6.673228
47,15,-15.000000,-175.000000,6.657219
48,15,-10.000000,-175.000000,6.641210
49,15,-5.000000,-175.000000,6.625229
50,15,0.000000,-175.000000,6.609293
51,15,5.000000,-175.000000,6.593394
52,15,10.000000,-175.000000,6.577528
53,15,15.000000,-175.000000,6.561662
54,15,20.000000,-175.000000,6.545796
55,15,25.000000,-175.000000,6.529359
56,15,30.000000,-175.000000,6.512808
57,15,35.000000,-175.000000,6.495463
58,15,40.000000,-175.000000,6.478099
59,15,45.000000,-175.000000,6.460736
60,15,50.000000,-175.000000,6.443292
61,15,55.000000,-175.000000,6.425631
62,15,60.000000,-175.000000,6.407790
63,15,65.000000,-175.000000,6.389693
64,15,70.000000,-175.000000,6.371597
65,15,75.000000,-175.000000,6.353501
66,15,80.000000,-175.000000,6.335783
67,15,85.000000,-175.000000,6.318224
68,15,90.000000,-175.000000,6.301489
69,15,95.000000,-175.000000,6.284901
70,15,100.000000,-175.000000,6.268312
71,15,105.000000,-175.000000,6.251825
72,15,110.000000,-175.000000,6.235962
73,15,115.000000,-175.000000,6.220571
74,15,120.000000,-175.000000,6.206359
75,15,125.000000,-175.000000,6.192147
76,15,130.000000,-175.000000,6.177936
77,15,135.000000,-175.000000,6.163804
78,15,140.000000,-175.000000,6.149731
79,15,145.000000,-175.000000,6.135953
80,15,150.000000,-175.000000,6.122288
81,15,155.000000,-175.000000,6.108624
82,15,160.000000,-175.000000,6.094954
83,15,165.000000,-175.000000,6.080886
84,15,170.000000,-175.000000,6.066569
85,15,175.000000,-175.000000,6.050923
86,15,180.000000,-175.000000,6.035278
87,15,185.000000,-175.000000,6.019632
88,15,190.000000,-175.000000,6.003846
89,15,195.000000,-175.000000,5.987888
90,15,200.000000,-175.000000,5.970900
91,15,205.000000,-175.000000,5.953208
92,15,210.000000,-175.000000,5.935516
93,15,215.000000,-175.000000,5.917825
94,15,220.000000,-175.000000,5.900230
95,15,225.000000,-175.000000,5.882677
96,15,230.000000,-175.000000,5.866062
97,15,235.000000,-175.000000,5.849448
98,15,240.000000,-175.000000,5.832833
99,15,245.000000,-175.000000,5.816297
100,15,250.000000,-175.000000,5.799926
0,16,-250.000000,-170.000000,7.542196
1,16,-245.000000,-170.000000,7.524335
2,16,-240.000000,-170.000000,7.506462
3,16,-235.000000,-170.000000,7.488588
4,16,-230.000000,-170.000000,7.470715
5,16,-225.000000,-170.000000,7.452841
6,16,-220.000000,-170.000000,7.434968
7,16,-215.000000,-170.000000,7.417094
8,16,-210.000000,-170.000000,7.399220
9,16,-205.000000,-170.000000,7.381347
10,16,-200.000000,-170.000000,7.363580
11,16,-195.000000,-170.000000,7.346016
12,16,-190.000000,-170.000000,7.328476
13,16,-185.000000,-170.000000,7.310961
14,16,-180.000000,-170.000000,7.293446
15,16,-175.000000,-170.000000,7.275930
16,16,-170.000000,-170.000000,7.258085
17,16,-165.000000,-170.000000,7.240147
18,16,-160.000000,-170.000000,7.222120
19,16,-155.000000,-170.000000,7.204085
20,16,-150.000000,-170.000000,7.186051
21,16,-145.000000,-170.000000,7.167742
22,16,-140.000000,-170.000000,7.148445
23,16,-135.000000,-170.000000,7.129006
24,16,-130.000000,-170.000000,7.109317
25,16,-125.000000,-170.000000,7.089627
26,16,-120.000000,-170.000000,7.069937
27,16,-115.000000,-170.000000,7.049594
28,16,-110.000000,-170.000000,7.028904
29,16,-105.000000,-170.000000,7.007890
30,16,-100.000000,-170.000000,6.986794
31,16,-95.000000,-170.000000,6.965698
32,16,-90.000000,-170.000000,6.944632
33,16,-85.000000,-170.000000,6.923879
34,16,-80.000000,-170.000000,6.903168
35,16,-75.000000,-170.000000,6.882591
36,16,-70.000000,-170.000000,6.862014
37,16,-65.000000,-170.000000,6.841436
38,16,-60.000000,-170.000000,6.821625
39,16,-55.000000,-170.000000,6.802506
40,16,-50.000000,-170.000000,6.784013
41,16,-45.000000,-170.000000,6.765826
42,16,-40.000000,-170.000000,6.747640
43,16,-35.000000,-170.000000,6.729453
44,16,-30.000000,-170.000000,6.712456
45,16,-25.000000,-170.000000,6.695610
46,16,-20.000000,-170.000000,6.679635
47,16,-15.000000,-170.000000,6.663661
48,16,-10.000000,-170.000000,6.647687
49,16,-5.000000,-170.000000,6.631738
50,16,0.000000,-170.000000,6.615828
51,16,5.000000,-170.000000,6.599953
52,16,10.000000,-170.000000,6.584105
53,16,15.000000,-170.000000,6.568258
54,16,20.000000,-170.000000,6.552411
55,16,25.000000,-170.000000,6.535996
56,16,30.000000,-170.000000,6.519467
57,16,35.000000,-170.000000,6.502147
58,16,40.000000,-170.000000,6.484809
59,16,45.000000,-170.000000,6.467472
60,16,50.000000,-170.000000,6.450055
61,16,55.000000,-170.000000,6.432423
62,16,60.000000,-170.000000,6.414612
63,16,65.000000,-170.000000,6.396550
64,16,70.000000,-170.000000,6.378488
65,16,75.000000,-170.000000,6.360425
66,16,80.000000,-170.000000,6.342738
67,16,85.000000,-170.000000,6.325208
68,16,90.000000,-170.000000,6.308496
69,16,95.000000,-170.000000,6.291929
70,16,100.000000,-170.000000,6.275362
71,16,105.000000,-170.000000,6.258896
72,16,110.000000,-170.000000,6.243045
73,16,115.000000,-170.000000,6.227660
74,16,120.000000,-170.000000,6.213440
75,16,125.000000,-170.000000,6.199221
76,16,130.000000,-170.000000,6.185001
77,16,135.000000,-170.000000,6.170858
78,16,140.000000,-170.000000,6.156771
79,16,145.000000,-170.000000,6.142967
80,16,150.000000,-170.000000,6.129272
81,16,155.000000,-170.000000,6.115576
82,16,160.000000,-170.000000,6.101875
83,16,165.000000,-170.000000,6.087777
84,16,170.000000,-170.000000,6.073430
85,16,175.000000,-170.000000,6.057756
86,16,180.000000,-170.000000,6.042082
87,16,185.000000,-170.000000,6.026408
88,16,190.000000,-170.000000,6.010596
89,16,195.000000,-170.000000,5.994613
90,16,200.000000,-170.000000,5.977612
91,16,205.000000,-170.000000,5.959916
92,16,210.000000,-170.000000,5.942219
93,16,215.000000,-170.000000,5.924522
94,16,220.000000,-170.000000,5.906924
95,16,225.000000,-170.000000,5.889369
96,16,230.000000,-170.000000,5.872772
97,16,235.000000,-170.000000,5.856174
98,16,240.000000,-170.000000,5.839577
99,16,245.000000,-170.000000,5.823058
100,16,250.000000,-170.000000,5.806704
0,17,-250.000000,-165.000000,7.545817
1,17,-245.000000,-165.000000,7.527998
2,17,-240.000000,-165.000000,7.510167
3,17,-235.000000,-165.000000,7.492336
4,17,-230.000000,-165.000000,7.474505
5,17,-225.000000,-165.000000,7.456683
6,17,-220.000000,-165.000000,7.438862
7,17,-215.000000,-165.000000,7.421042
8,17,-210.000000,-165.000000,7.403222
9,17,-205.000000,-165.000000,7.385402
10,17,-200.000000,-165.000000,7.367692
11,17,-195.000000,-165.000000,7.350189
12,17,-190.000000,-165.000000,7.332710
13,17,-185.000000,-165.000000,7.315257
14,17,-180.000000,-165.000000,7.297804
15,17,-175.000000,-165.000000,7.280350
16,17,-170.000000,-165.000000,7.262582
17,17,-165.000000,-165.000000,7.244725
18,17,-160.000000,-165.000000,7.226782
19,17,-155.000000,-165.000000,7.208832
20,17,-150.000000,-165.000000,7.190883
21,17,-145.000000,-165.000000,7.172667
22,17,-140.000000,-165.000000,7.153486
23,17,-135.000000,-165.000000,7.134167
24,17,-130.000000,-165.000000,7.114604
25,17,-125.000000,-165.000000,7.095041
26,17,-120.000000,-165.000000,7.075478
27,17,-115.000000,-165.000000,7.055277
28,17,-110.000000,-165.000000,7.034736
29,17,-105.000000,-165.000000,7.013880
30,17,-100.000000,-165.000000,6.992944
31,17,-95.000000,-165.000000,6.972008
32,17,-90.000000,-165.000000,6.951102
33,17,-85.000000,-165.000000,6.930504
34,17,-80.000000,-165.000000,6.909945
35,17,-75.000000,-165.000000,6.889519
36,17,-70.000000,-165.000000,6.869093
37,17,-65.000000,-165.000000,6.848667
38,17,-60.000000,-165.000000,6.828988
39,17,-55.000000,-165.000000,6.809987
40,17,-50.000000,-165.000000,6.791595
41,17,-45.000000,-165.000000,6.773504
42,17,-40.000000,-165.000000,6.755413
43,17,-35.000000,-165.000000,6.737322
44,17,-30.000000,-165.000000,6.720386
45,17,-25.000000,-165.000000,6.703598
46,17,-20.000000,-165.000000,6.687658
47,17,-15.000000,-165.000000,6.671717
48,17,-10.000000,-165.000000,6.655777
49,17,-5.000000,-165.000000,6.639858
50,17,0.000000,-165.000000,6.623973
51,17,5.000000,-165.000000,6.608116
52,17,10.000000,-165.000000,6.592283
53,17,15.000000,-165.000000,6.576450
54,17,20.000000,-165.000000,6.560617
55,17,25.000000,-165.000000,6.544226
56,17,30.000000,-165.000000,6.527723
57,17,35.000000,-165.000000,6.510442
58,17,40.000000,-165.000000,6.493144
59,17,45.000000,-165.000000,6.475845
60,17,50.000000,-165.000000,6.458470
61,17,55.000000,-165.000000,6.440887
62,17,60.000000,-165.000000,6.423130
63,17,65.000000,-165.000000,6.405130
64,17,70.000000,-165.000000,6.387130
65,17,75.000000,-165.000000,6.369129
66,17,80.000000,-165.000000,6.351499
67,17,85.000000,-165.000000,6.334023
68,17,90.000000,-165.000000,6.317355
69,17,95.000000,-165.000000,6.300829
70,17,100.000000,-165.000000,6.284303
71,17,105.000000,-165.000000,6.267875
72,17,110.000000,-165.000000,6.252050
73,17,115.000000,-165.000000,6.236681
74,17,120.000000,-165.000000,6.222451
75,17,125.000000,-165.000000,6.208221
76,17,130.000000,-165.000000,6.193990
77,17,135.000000,-165.000000,6.179833
78,17,140.000000,-165.000000,6.165729
79,17,145.000000,-165.000000,6.151892
80,17,150.000000,-165.000000,6.138158
81,17,155.000000,-165.000000,6.124424
82,17,160.000000,-165.000000,6.110684
83,17,165.000000,-165.000000,6.096553
84,17,170.000000,-165.000000,6.082176
85,17,175.000000,-165.000000,6.066491
86,17,180.000000,-165.000000,6.050805
87,17,185.000000,-165.000000,6.035120
88,17,190.000000,-165.000000,6.019300
89,17,195.000000,-165.000000,6.003315
90,17,200.000000,-165.000000,5.986342
91,17,205.000000,-165.000000,5.968694
92,17,210.000000,-165.000000,5.951045
93,17,215.000000,-165.000000,5.933397
94,17,220.000000,-165.000000,5.915851
95,17,225.000000,-165.000000,5.898349
96,17,230.000000,-165.000000,5.881841
97,17,235.000000,-165.000000,5.865332
98,17,240.000000,-165.000000,5.848823
99,17,245.000000,-165.000000,5.832393
100,17,250.000000,-165.000000,5.816127
0,18,-250.000000,-160.000000,7.549553
1,18,-245.000000,-160.000000,7.531775
2,18,-240.000000,-160.000000,7.513986
3,18,-235.000000,-160.000000,7.496197
4,18,-230.000000,-160.000000,7.478408
5,18,-225.000000,-160.000000,7.460638
6,18,-220.000000,-160.000000,7.442870
7,18,-215.000000,-160.000000,7.425104
8,18,-210.000000,-160.000000,7.407338
9,18,-205.000000,-160.000000,7.389572
10,18,-200.000000,-160.000000,7.371918
11,18,-195.000000,-160.000000,7.354477
12,18,-190.000000,-160.000000,7.337060
13,18,-185.000000,-160.000000,7.319670
14,18,-180.000000,-160.000000,7.302279
15,18,-175.000000,-160.000000,7.284889
16,18,-170.000000,-160.000000,7.267199
17,18,-165.000000,-160.000000,7.249425
18,18,-160.000000,-160.000000,7.231569
19,18,-155.000000,-160.000000,7.213707
20,18,-150.000000,-160.000000,7.195845
21,18,-145.000000,-160.000000,7.177724
22,18,-140.000000,-160.000000,7.158666
23,18,-135.000000,-160.000000,7.139472
24,18,-130.000000,-160.000000,7.120042
25,18,-125.000000,-160.000000,7.100611
26,18,-120.000000,-160.000000,7.081180
27,18,-115.000000,-160.000000,7.061129
28,18,-110.000000,-160.000000,7.040747
29,18,-105.000000,-160.000000,7.020058
30,18,-100.000000,-160.000000,6.999291
31,18,-95.000000,-160.000000,6.978524
32,18,-90.000000,-160.000000,6.957787
33,18,-85.000000,-160.000000,6.937351
34,18,-80.000000,-160.000000,6.916954
35,18,-75.000000,-160.000000,6.896688
36,18,-70.000000,-160.000000,6.876421
37,18,-65.000000,-160.000000,6.856155
38,18,-60.000000,-160.000000,6.836616
39,18,-55.000000,-160.000000,6.817738
40,18,-50.000000,-160.000000,6.799454
41,18,-45.000000,-160.000000,6.781462
42,18,-40.000000,-160.000000,6.763470
43,18,-35.000000,-160.000000,6.745479
44,18,-30.000000,-160.000000,6.728608
45,18,-25.000000,-160.000000,6.711879
46,18,-20.000000,-160.000000,6.695973
47,18,-15.000000,-160.000000,6.680066
48,18,-10.000000,-160.000000,6.664159
49,18,-5.000000,-160.000000,6.648270
50,18,0.000000,-160.000000,6.632408
51,18,5.000000,-160.000000,6.616569
52,18,10.000000,-160.000000,6.600750
53,18,15.000000,-160.000000,6.584931
54,18,20.000000,-160.000000,6.569112
55,18,25.000000,-160.000000,6.552745
56,18,30.000000,-160.000000,6.536268
57,18,35.000000,-160.000000,6.519028
58,18,40.000000,-160.000000,6.501772
59,18,45.000000,-160.000000,6.484516
60,18,50.000000,-160.000000,6.467185
61,18,55.000000,-160.000000,6.449653
62,18,60.000000,-160.000000,6.431955
63,18,65.000000,-160.000000,6.414022
64,18,70.000000,-160.000000,6.396089
65,18,75.000000,-160.000000,6.378156
66,18,80.000000,-160.000000,6.360586
67,18,85.000000,-160.000000,6.343170
68,18,90.000000,-160.000000,6.326548
69,18,95.000000,-160.000000,6.310067
70,18,100.000000,-160.000000,6.293586
71,18,105.000000,-160.000000,6.277200
72,18,110.000000,-160.000000,6.261403
73,18,115.000000,-160.000000,6.246050
74,18,120.000000,-160.000000,6.231810
75,18,125.000000,-160.000000,6.217569
76,18,130.000000,-160.000000,6.203328
77,18,135.000000,-160.000000,6.189156
78,18,140.000000,-160.000000,6.175034
79,18,145.000000,-160.000000,6.161163
80,18,150.000000,-160.000000,6.147388
81,18,155.000000,-160.000000,6.133614
82,18,160.000000,-160.000000,6.119835
83,18,165.000000,-160.000000,6.105670
84,18,170.000000,-160.000000,6.091263
85,18,175.000000,-160.000000,6.075570
86,18,180.000000,-160.000000,6.059876
87,18,185.000000,-160.000000,6.044182
88,18,190.000000,-160.000000,6.028358
89,18,195.000000,-160.000000,6.012375
90,18,200.000000,-160.000000,5.995437
91,18,205.000000,-160.000000,5.977847
92,18,210.000000,-160.000000,5.960256
93,18,215.000000,-160.000000,5.942666
94,18,220.000000,-160.000000,5.925182
95,18,225.000000,-160.000000,5.907744
96,18,230.000000,-160.000000,5.891336
97,18,235.000000,-160.000000,5.874929
98,18,240.000000,-160.000000,5.858522
99,18,245.000000,-160.000000,5.842193
100,18,250.000000,-160.000000,5.826028
0,19,-250.000000,-155.000000,7.553339
1,19,-245.000000,-155.000000,7.535602
2,19,-240.000000,-155.000000,7.517855
3,19,-235.000000,-155.000000,7.500108
4,19,-230.000000,-155.000000,7.482360
5,19,-225.000000,-155.000000,7.464642
6,19,-220.000000,-155.000000,7.446927
7,19,-215.000000,-155.000000,7.429215
8,19,-210.000000,-155.000000,7.411503
9,19,-205.000000,-155.000000,7.393791
10,19,-200.000000,-155.000000,7.376194
11,19,-195.000000,-155.000000,7.358814
12,19,-190.000000,-155.000000,7.341460
13,19,-185.000000,-155.000000,7.324133
14,19,-180.000000,-155.000000,7.306806
15,19,-175.000000,-155.000000,7.289478
16,19,-170.000000,-155.000000,7.271868
17,19,-165.000000,-155.000000,7.254178
18,19,-160.000000,-155.000000,7.236411
19,19,-155.000000,-155.000000,7.218638
20,19,-150.000000,-155.000000,7.200865
21,19,-145.000000,-155.000000,7.182840
22,19,-140.000000,-155.000000,7.163906
23,19,-135.000000,-155.000000,7.144840
24,19,-130.000000,-155.000000,7.125545
25,19,-125.000000,-155.000000,7.106249
26,19,-120.000000,-155.000000,7.086953
27,19,-115.000000,-155.000000,7.067054
28,19,-110.000000,-155.000000,7.046835
29,19,-105.000000,-155.000000,7.026317
30,19,-100.000000,-155.000000,7.005723
31,19,-95.000000,-155.000000,6.985129
32,19,-90.000000,-155.000000,6.964564
33,19,-85.000000,-155.000000,6.944295
34,19,-80.000000,-155.000000,6.924064
35,19,-75.000000,-155.000000,6.903961
36,19,-70.000000,-155.000000,6.883858
37,19,-65.000000,-155.000000,6.863754
38,19,-60.000000,-155.000000,6.844360
39,19,-55.000000,-155.000000,6.825607
40,19,-50.000000,-155.000000,6.807432
41,19,-45.000000,-155.000000,6.789542
42,19,-40.000000,-155.000000,6.771652
43,19,-35.000000,-155.000000,6.753762
44,19,-30.000000,-155.000000,6.736955
45,19,-25.000000,-155.000000,6.720287
46,19,-20.000000,-155.000000,6.704414
47,19,-15.000000,-155.000000,6.688541
48,19,-10.000000,-155.000000,6.672668
49,19,-5.000000,-155.000000,6.656808
50,19,0.000000,-155.000000,6.640969
51,19,5.000000,-155.000000,6.625148
52,19,10.000000,-155.000000,6.609342
53,19,15.000000,-155.000000,6.593537
54,19,20.000000,-155.000000,6.577731
55,19,25.000000,-155.000000,6.561388
56,19,30.000000,-155.000000,6.544938
57,19,35.000000,-155.000000,6.527742
58,19,40.000000,-155.000000,6.510528
59,19,45.000000,-155.000000,6.493314
60,19,50.000000,-155.000000,6.476029
61,19,55.000000,-155.000000,6.458551
62,19,60.000000,-155.000000,6.440913
63,19,65.000000,-155.000000,6.423049
64,19,70.000000,-155.000000,6.405185
65,19,75.000000,-155.000000,6.387321
66,19,80.000000,-155.000000,6.369816
67,19,85.000000,-155.000000,6.352460
68,19,90.000000,-155.000000,6.335887
69,19,95.000000,-155.000000,6.319452
70,19,100.000000,-155.000000,6.303017
71,19,105.000000,-155.000000,6.286676
72,19,110.000000,-155.000000,6.270907
73,19,115.000000,-155.000000,6.255572
74,19,120.000000,-155.000000,6.241320
75,19,125.000000,-155.000000,6.227069
76,19,130.000000,-155.000000,6.212817
77,19,135.000000,-155.000000,6.198630
78,19,140.000000,-155.000000,6.184489
79,19,145.000000,-155.000000,6.170584
80,19,150.000000,-155.000000,6.156769
81,19,155.000000,-155.000000,6.142953
82,19,160.000000,-155.000000,6.129133
83,19,165.000000,-155.000000,6.114935
84,19,170.000000,-155.000000,6.100499
85,19,175.000000,-155.000000,6.084798
86,19,180.000000,-155.000000,6.069097
87,19,185.000000,-155.000000,6.053396
88,19,190.000000,-155.000000,6.037570
89,19,195.000000,-155.000000,6.021590
90,19,200.000000,-155.000000,6.004690
91,19,205.000000,-155.000000,5.987162
92,19,210.000000,-155.000000,5.969634
93,19,215.000000,-155.000000,5.952106
94,19,220.000000,-155.000000,5.934688
95,19,225.000000,-155.000000,5.917318
96,19,230.000000,-155.000000,5.901018
97,19,235.000000,-155.000000,5.884718
98,19,240.000000,-155.000000,5.868418
99,19,245.000000,-155.000000,5.852195
100,19,250.000000,-155.000000,5.836137
0,20,-250.000000,-150.000000,7.557124
1,20,-245.000000,-150.000000,7.539430
2,20,-240.000000,-150.000000,7.521724
3,20,-235.000000,-150.000000,7.504018
4,20,-230.000000,-150.000000,7.486312
5,20,-225.000000,-150.000000,7.468646
6,20,-220.000000,-150.000000,7.450984
7,20,-215.000000,-150.000000,7.433326
8,20,-210.000000,-150.000000,7.415668
9,20,-205.000000,-150.000000,7.398010
10,20,-200.000000,-150.000000,7.380470
11,20,-195.000000,-150.000000,7.363152
12,20,-190.000000,-150.000000,7.345861
13,20,-185.000000,-150.000000,7.328597
14,20,-180.000000,-150.000000,7.311332
15,20,-175.000000,-150.000000,7.294068
16,20,-170.000000,-150.000000,7.276537
17,20,-165.000000,-150.000000,7.258931
18,20,-160.000000,-150.000000,7.241253
19,20,-155.000000,-150.000000,7.223568
20,20,-150.000000,-150.000000,7.205884
21,20,-145.000000,-150.000000,7.187956
22,20,-140.000000,-150.000000,7.169145
23,20,-135.000000,-150.000000,7.150208
24,20,-130.000000,-150.000000,7.131048
25,20,-125.000000,-150.000000,7.111887
26,20,-120.000000,-150.000000,7.092726
27,20,-115.000000,-150.000000,7.072980
28,20,-110.000000,-150.000000,7.052923
29,20,-105.000000,-150.000000,7.032575
30,20,-100.000000,-150.000000,7.012155
31,20,-95.000000,-150.000000,6.991734
32,20,-90.000000,-150.000000,6.971341
33,20,-85.000000,-150.000000,6.951239
34,20,-80.000000,-150.000000,6.931174
35,20,-75.000000,-150.000000,6.911234
36,20,-70.000000,-150.000000,6.891294
37,20,-65.000000,-150.000000,6.871354
38,20,-60.000000,-150.000000,6.852103
39,20,-55.000000,-150.000000,6.833476
40,20,-50.000000,-150.000000,6.815410
41,20,-45.000000,-150.000000,6.797622
42,20,-40.000000,-150.000000,6.779833
43,20,-35.000000,-150.000000,6.762044
44,20,-30.000000,-150.000000,6.745303
45,20,-25.000000,-150.000000,6.728695
46,20,-20.000000,-150.000000,6.712856
47,20,-15.000000,-150.000000,6.697016
48,20,-10.000000,-150.000000,6.681176
49,20,-5.000000,-150.000000,6.665346
50,20,0.000000,-150.000000,6.649531
51,20,5.000000,-150.000000,6.633728
52,20,10.000000,-150.000000,6.617935
53,20,15.000000,-150.000000,6.602143
54,20,20.000000,-150.000000,6.586350
55,20,25.000000,-150.000000,6.570032
56,20,30.000000,-150.000000,6.553609
57,20,35.000000,-150.000000,6.536455
58,20,40.000000,-150.000000,6.519284
59,20,45.000000,-150.000000,6.502113
60,20,50.000000,-150.000000,6.484874
61,20,55.000000,-150.000000,6.467449
62,20,60.000000,-150.000000,6.449871
63,20,65.000000,-150.000000,6.432077
64,20,70.000000,-150.000000,6.414282
65,20,75.000000,-150.000000,6.396487
66,20,80.000000,-150.000000,6.379045
67,20,85.000000,-150.000000,6.361751
68,20,90.000000,-150.000000,6.345226
69,20,95.000000,-150.000000,6.328837
70,20,100.000000,-150.000000,6.312448
71,20,105.000000,-150.000000,6.296151
72,20,110.000000,-150.000000,6.280410
73,20,115.000000,-150.000000,6.265093
74,20,120.000000,-150.000000,6.250831
75,20,125.000000,-150.000000,6.236569
76,20,130.000000,-150.000000,6.222306
77,20,135.000000,-150.000000,6.208104
78,20,140.000000,-150.000000,6.193945
79,20,145.000000,-150.000000,6.180005
80,20,150.000000,-150.000000,6.166149
81,20,155.000000,-150.000000,6.152293
82,20,160.000000,-150.000000,6.138432
83,20,165.000000,-150.000000,6.124200
84,20,170.000000,-150.000000,6.109734
85,20,175.000000,-150.000000,6.094026
86,20,180.000000,-150.000000,6.078318
87,20,185.000000,-150.000000,6.062609
88,20,190.000000,-150.000000,6.046781
89,20,195.000000,-150.000000,6.030805
90,20,200.000000,-150.000000,6.013944
91,20,205.000000,-150.000000,5.996478
92,20,210.000000,-150.000000,5.979012
93,20,215.000000,-150.000000,5.961546
94,20,220.000000,-150.000000,5.944194
95,20,225.000000,-150.000000,5.926892
96,20,230.000000,-150.000000,5.910699
97,20,235.000000,-150.000000,5.894506
98,20,240.000000,-150.000000,5.878313
99,20,245.000000,-150.000000,5.862198
100,20,250.000000,-150.000000,5.846246
0,21,-250.000000,-145.000000,7.560955
1,21,-245.000000,-145.000000,7.543297
2,21,-240.000000,-145.000000,7.525629
3,21,-235.000000,-145.000000,7.507960
4,21,-230.000000,-145.000000,7.490292
5,21,-225.000000,-145.000000,7.472676
6,21,-220.000000,-145.000000,7.455065
7,21,-215.000000,-145.000000,7.437459
8,21,-210.000000,-145.000000,7.419853
9,21,-205.000000,-145.000000,7.402247
10,21,-200.000000,-145.000000,7.384763
11,21,-195.000000,-145.000000,7.367508
12,21,-190.000000,-145.000000,7.350281
13,21,-185.000000,-145.000000,7.333081
14,21,-180.000000,-145.000000,7.315882
15,21,-175.000000,-145.000000,7.298683
16,21,-170.000000,-145.000000,7.281235
17,21,-165.000000,-145.000000,7.263718
18,21,-160.000000,-145.000000,7.246134
19,21,-155.000000,-145.000000,7.228544
20,21,-150.000000,-145.000000,7.210954
21,21,-145.000000,-145.000000,7.193128
22,21,-140.000000,-145.000000,7.174450
23,21,-135.000000,-145.000000,7.155649
24,21,-130.000000,-145.000000,7.136632
25,21,-125.000000,-145.000000,7.117615
26,21,-120.000000,-145.000000,7.098598
27,21,-115.000000,-145.000000,7.079014
28,21,-110.000000,-145.000000,7.059128
29,21,-105.000000,-145.000000,7.038961
30,21,-100.000000,-145.000000,7.018724
31,21,-95.000000,-145.000000,6.998486
32,21,-90.000000,-145.000000,6.978276
33,21,-85.000000,-145.000000,6.958349
34,21,-80.000000,-145.000000,6.938459
35,21,-75.000000,-145.000000,6.918692
36,21,-70.000000,-145.000000,6.898925
37,21,-65.000000,-145.000000,6.879157
38,21,-60.000000,-145.000000,6.860058
39,21,-55.000000,-145.000000,6.841563
40,21,-50.000000,-145.000000,6.823614
41,21,-45.000000,-145.000000,6.805932
42,21,-40.000000,-145.000000,6.788251
43,21,-35.000000,-145.000000,6.770570
44,21,-30.000000,-145.000000,6.753897
45,21,-25.000000,-145.000000,6.737354
46,21,-20.000000,-145.000000,6.721550
47,21,-15.000000,-145.000000,6.705746
48,21,-10.000000,-145.000000,6.689942
49,21,-5.000000,-145.000000,6.674143
50,21,0.000000,-145.000000,6.658352
51,21,5.000000,-145.000000,6.642567
52,21,10.000000,-145.000000,6.626788
53,21,15.000000,-145.000000,6.611010
54,21,20.000000,-145.000000,6.595231
55,21,25.000000,-145.000000,6.578938
56,21,30.000000,-145.000000,6.562542
57,21,35.000000,-145.000000,6.545432
58,21,40.000000,-145.000000,6.528305
59,21,45.000000,-145.000000,6.511179
60,21,50.000000,-145.000000,6.493987
61,21,55.000000,-145.000000,6.476618
62,21,60.000000,-145.000000,6.459102
63,21,65.000000,-145.000000,6.441380
64,21,70.000000,-145.000000,6.423657
65,21,75.000000,-145.000000,6.405935
66,21,80.000000,-145.000000,6.388559
67,21,85.000000,-145.000000,6.371329
68,21,90.000000,-145.000000,6.354855
69,21,95.000000,-145.000000,6.338514
70,21,100.000000,-145.000000,6.322174
71,21,105.000000,-145.000000,6.305922
72,21,110.000000,-145.000000,6.290212
73,21,115.000000,-145.000000,6.274912
74,21,120.000000,-145.000000,6.260638
75,21,125.000000,-145.000000,6.246364
76,21,130.000000,-145.000000,6.232090
77,21,135.000000,-145.000000,6.217870
78,21,140.000000,-145.000000,6.203691
79,21,145.000000,-145.000000,6.189713
80,21,150.000000,-145.000000,6.175812
81,21,155.000000,-145.000000,6.161911
82,21,160.000000,-145.000000,6.148006
83,21,165.000000,-145.000000,6.133735
84,21,170.000000,-145.000000,6.119235
85,21,175.000000,-145.000000,6.103516
86,21,180.000000,-145.000000,6.087797
87,21,185.000000,-145.000000,6.072078
88,21,190.000000,-145.000000,6.056243
89,21,195.000000,-145.000000,6.040267
90,21,200.000000,-145.000000,6.023442
91,21,205.000000,-145.000000,6.006037
92,21,210.000000,-145.000000,5.988633
93,21,215.000000,-145.000000,5.971228
94,21,220.000000,-145.000000,5.953942
95,21,225.000000,-145.000000,5.936708
96,21,230.000000,-145.000000,5.920624
97,21,235.000000,-145.000000,5.904541
98,21,240.000000,-145.000000,5.888457
99,21,245.000000,-145.000000,5.872451
100,21,250.000000,-145.000000,5.856609
0,22,-250.000000,-140.000000,7.564889
1,22,-245.000000,-140.000000,7.547258
2,22,-240.000000,-140.000000,7.529618
3,22,-235.000000,-140.000000,7.511977
4,22,-230.000000,-140.000000,7.494336
5,22,-225.000000,-140.000000,7.476764
6,22,-220.000000,-140.000000,7.459199
7,22,-215.000000,-140.000000,7.441641
8,22,-210.000000,-140.000000,7.424083
9,22,-205.000000,-140.000000,7.406525
10,22,-200.000000,-140.000000,7.389094
11,22,-195.000000,-140.000000,7.371906
12,22,-190.000000,-140.000000,7.354746
13,22,-185.000000,-140.000000,7.337616
14,22,-180.000000,-140.000000,7.320485
15,22,-175.000000,-140.000000,7.303355
16,22,-170.000000,-140.000000,7.286001
17,22,-165.000000,-140.000000,7.268584
18,22,-160.000000,-140.000000,7.251107
19,22,-155.000000,-140.000000,7.233624
20,22,-150.000000,-140.000000,7.216142
21,22,-145.000000,-140.000000,7.198433
22,22,-140.000000,-140.000000,7.179904
23,22,-135.000000,-140.000000,7.161259
24,22,-130.000000,-140.000000,7.142405
25,22,-125.000000,-140.000000,7.123552
26,22,-120.000000,-140.000000,7.104698
27,22,-115.000000,-140.000000,7.085297
28,22,-110.000000,-140.000000,7.065605
29,22,-105.000000,-140.000000,7.045643
30,22,-100.000000,-140.000000,7.025611
31,22,-95.000000,-140.000000,7.005580
32,22,-90.000000,-140.000000,6.985575
33,22,-85.000000,-140.000000,6.965846
34,22,-80.000000,-140.000000,6.946154
35,22,-75.000000,-140.000000,6.926580
36,22,-70.000000,-140.000000,6.907007
37,22,-65.000000,-140.000000,6.887433
38,22,-60.000000,-140.000000,6.868504
39,22,-55.000000,-140.000000,6.850159
40,22,-50.000000,-140.000000,6.832340
41,22,-45.000000,-140.000000,6.814780
42,22,-40.000000,-140.000000,6.797220
43,22,-35.000000,-140.000000,6.779660
44,22,-30.000000,-140.000000,6.763066
45,22,-25.000000,-140.000000,6.746595
46,22,-20.000000,-140.000000,6.730831
47,22,-15.000000,-140.000000,6.715068
48,22,-10.000000,-140.000000,6.699305
49,22,-5.000000,-140.000000,6.683541
50,22,0.000000,-140.000000,6.667777
51,22,5.000000,-140.000000,6.652013
52,22,10.000000,-140.000000,6.636248
53,22,15.000000,-140.000000,6.620484
54,22,20.000000,-140.000000,6.604719
55,22,25.000000,-140.000000,6.588453
56,22,30.000000,-140.000000,6.572087
57,22,35.000000,-140.000000,6.555023
58,22,40.000000,-140.000000,6.537944
59,22,45.000000,-140.000000,6.520864
60,22,50.000000,-140.000000,6.503723
61,22,55.000000,-140.000000,6.486415
62,22,60.000000,-140.000000,6.468967
63,22,65.000000,-140.000000,6.451324
64,22,70.000000,-140.000000,6.433681
65,22,75.000000,-140.000000,6.416038
66,22,80.000000,-140.000000,6.398735
67,22,85.000000,-140.000000,6.381574
68,22,90.000000,-140.000000,6.365156
69,22,95.000000,-140.000000,6.348869
70,22,100.000000,-140.000000,6.332582
71,22,105.000000,-140.000000,6.316381
72,22,110.000000,-140.000000,6.300704
73,22,115.000000,-140.000000,6.285424
74,22,120.000000,-140.000000,6.271135
75,22,125.000000,-140.000000,6.256846
76,22,130.000000,-140.000000,6.242557
77,22,135.000000,-140.000000,6.228317
78,22,140.000000,-140.000000,6.214113
79,22,145.000000,-140.000000,6.200089
80,22,150.000000,-140.000000,6.186133
81,22,155.000000,-140.000000,6.172178
82,22,160.000000,-140.000000,6.158218
83,22,165.000000,-140.000000,6.143899
84,22,170.000000,-140.000000,6.129356
85,22,175.000000,-140.000000,6.113617
86,22,180.000000,-140.000000,6.097877
87,22,185.000000,-140.000000,6.082138
88,22,190.000000,-140.000000,6.066288
89,22,195.000000,-140.000000,6.050304
90,22,200.000000,-140.000000,6.033511
91,22,205.000000,-140.000000,6.016166
92,22,210.000000,-140.000000,5.998820
93,22,215.000000,-140.000000,5.981475
94,22,220.000000,-140.000000,5.964254
95,22,225.000000,-140.000000,5.947086
96,22,230.000000,-140.000000,5.931118
97,22,235.000000,-140.000000,5.915149
98,22,240.000000,-140.000000,5.899181
99,22,245.000000,-140.000000,5.883290
100,22,250.000000,-140.000000,5.867562
0,23,-250.000000,-135.000000,7.568843
1,23,-245.000000,-135.000000,7.551238
2,23,-240.000000,-135.000000,7.533623
3,23,-235.000000,-135.000000,7.516008
4,23,-230.000000,-135.000000,7.498393
5,23,-225.000000,-135.000000,7.480864
6,23,-220.000000,-135.000000,7.463345
7,23,-215.000000,-135.000000,7.445833
8,23,-210.000000,-135.000000,7.428322
9,23,-205.000000,-135.000000,7.410810
10,23,-200.000000,-135.000000,7.393433
11,23,-195.000000,-135.000000,7.376312
12,23,-190.000000,-135.000000,7.359220
13,23,-185.000000,-135.000000,7.342160
14,23,-180.000000,-135.000000,7.325099
15,23,-175.000000,-135.000000,7.308039
16,23,-170.000000,-135.000000,7.290780
17,23,-165.000000,-135.000000,7.273466
18,23,-160.000000,-135.000000,7.256098
19,23,-155.000000,-135.000000,7.238725
20,23,-150.000000,-135.000000,7.221353
21,23,-145.000000,-135.000000,7.203763
22,23,-140.000000,-135.000000,7.185389
23,23,-135.000000,-135.000000,7.166902
24,23,-130.000000,-135.000000,7.148216
25,23,-125.000000,-135.000000,7.129530
26,23,-120.000000,-135.000000,7.110844
27,23,-115.000000,-135.000000,7.091631
28,23,-110.000000,-135.000000,7.072137
29,23,-105.000000,-135.000000,7.052382
30,23,-100.000000,-135.000000,7.032562
31,23,-95.000000,-135.000000,7.012741
32,23,-90.000000,-135.000000,6.992947
33,23,-85.000000,-135.000000,6.973420
34,23,-80.000000,-135.000000,6.953929
35,23,-75.000000,-135.000000,6.934553
36,23,-70.000000,-135.000000,6.915178
37,23,-65.000000,-135.000000,6.895802
38,23,-60.000000,-135.000000,6.877047
39,23,-55.000000,-135.000000,6.858855
40,23,-50.000000,-135.000000,6.841170
41,23,-45.000000,-135.000000,6.823734
42,23,-40.000000,-135.000000,6.806298
43,23,-35.000000,-135.000000,6.788862
44,23,-30.000000,-135.000000,6.772347
45,23,-25.000000,-135.000000,6.755950
46,23,-20.000000,-135.000000,6.740229
47,23,-15.000000,-135.000000,6.724507
48,23,-10.000000,-135.000000,6.708785
49,23,-5.000000,-135.000000,6.693058
50,23,0.000000,-135.000000,6.677322
51,23,5.000000,-135.000000,6.661578
52,23,10.000000,-135.000000,6.645828
53,23,15.000000,-135.000000,6.630077
54,23,20.000000,-135.000000,6.614327
55,23,25.000000,-135.000000,6.598089
56,23,30.000000,-135.000000,6.581752
57,23,35.000000,-135.000000,6.564736
58,23,40.000000,-135.000000,6.547704
59,23,45.000000,-135.000000,6.530673
60,23,50.000000,-135.000000,6.513583
61,23,55.000000,-135.000000,6.496336
62,23,60.000000,-135.000000,6.478958
63,23,65.000000,-135.000000,6.461395
64,23,70.000000,-135.000000,6.443832
65,23,75.000000,-135.000000,6.426270
66,23,80.000000,-135.000000,6.409041
67,23,85.000000,-135.000000,6.391952
68,23,90.000000,-135.000000,6.375591
69,23,95.000000,-135.000000,6.359359
70,23,100.000000,-135.000000,6.343126
71,23,105.000000,-135.000000,6.326977
72,23,110.000000,-135.000000,6.311333
73,23,115.000000,-135.000000,6.296072
74,23,120.000000,-135.000000,6.281768
75,23,125.000000,-135.000000,6.267464
76,23,130.000000,-135.000000,6.253160
77,23,135.000000,-135.000000,6.238899
78,23,140.000000,-135.000000,6.224669
79,23,145.000000,-135.000000,6.210597
80,23,150.000000,-135.000000,6.196584
81,23,155.000000,-135.000000,6.182572
82,23,160.000000,-135.000000,6.168556
83,23,165.000000,-135.000000,6.154188
84,23,170.000000,-135.000000,6.139599
85,23,175.000000,-135.000000,6.123838
86,23,180.000000,-135.000000,6.108076
87,23,185.000000,-135.000000,6.092314
88,23,190.000000,-135.000000,6.076448
89,23,195.000000,-135.000000,6.060454
90,23,200.000000,-135.000000,6.043692
91,23,205.000000,-135.000000,6.026406
92,23,210.000000,-135.000000,6.009120
93,23,215.000000,-135.000000,5.991834
94,23,220.000000,-135.000000,5.974677
95,23,225.000000,-135.000000,5.957575
96,23,230.000000,-135.000000,5.941723
97,23,235.000000,-135.000000,5.925871
98,23,240.000000,-135.000000,5.910019
99,23,245.000000,-135.000000,5.894244
100,23,250.000000,-135.000000,5.878632
0,24,-250.000000,-130.000000,7.572811
1,24,-245.000000,-130.000000,7.555230
2,24,-240.000000,-130.000000,7.537640
3,24,-235.000000,-130.000000,7.520049
4,24,-230.000000,-130.000000,7.502459
5,24,-225.000000,-130.000000,7.484972
6,24,-220.000000,-130.000000,7.467497
7,24,-215.000000,-130.000000,7.450032
8,24,-210.000000,-130.000000,7.432567
9,24,-205.000000,-130.000000,7.415101
10,24,-200.000000,-130.000000,7.397778
11,24,-195.000000,-130.000000,7.380723
12,24,-190.000000,-130.000000,7.363700
13,24,-185.000000,-130.000000,7.346710
14,24,-180.000000,-130.000000,7.329720
15,24,-175.000000,-130.000000,7.312730
16,24,-170.000000,-130.000000,7.295568
17,24,-165.000000,-130.000000,7.278358
18,24,-160.000000,-130.000000,7.261101
19,24,-155.000000,-130.000000,7.243840
20,24,-150.000000,-130.000000,7.226579
21,24,-145.000000,-130.000000,7.209111
22,24,-140.000000,-130.000000,7.190893
23,24,-135.000000,-130.000000,7.172567
24,24,-130.000000,-130.000000,7.154051
25,24,-125.000000,-130.000000,7.135535
26,24,-120.000000,-130.000000,7.117019
27,24,-115.000000,-130.000000,7.097996
28,24,-110.000000,-130.000000,7.078704
29,24,-105.000000,-130.000000,7.059161
30,24,-100.000000,-130.000000,7.039554
31,24,-95.000000,-130.000000,7.019947
32,24,-90.000000,-130.000000,7.000366
33,24,-85.000000,-130.000000,6.981044
34,24,-80.000000,-130.000000,6.961757
35,24,-75.000000,-130.000000,6.942582
36,24,-70.000000,-130.000000,6.923408
37,24,-65.000000,-130.000000,6.904233
38,24,-60.000000,-130.000000,6.885655
39,24,-55.000000,-130.000000,6.867618
40,24,-50.000000,-130.000000,6.850068
41,24,-45.000000,-130.000000,6.832758
42,24,-40.000000,-130.000000,6.815448
43,24,-35.000000,-130.000000,6.798138
44,24,-30.000000,-130.000000,6.781704
45,24,-25.000000,-130.000000,6.765382
46,24,-20.000000,-130.000000,6.749702
47,24,-15.000000,-130.000000,6.734023
48,24,-10.000000,-130.000000,6.718344
49,24,-5.000000,-130.000000,6.702653
50,24,0.000000,-130.000000,6.686945
51,24,5.000000,-130.000000,6.671222
52,24,10.000000,-130.000000,6.655486
53,24,15.000000,-130.000000,6.639750
54,24,20.000000,-130.000000,6.624015
55,24,25.000000,-130.000000,6.607804
56,24,30.000000,-130.000000,6.591497
57,24,35.000000,-130.000000,6.574529
58,24,40.000000,-130.000000,6.557545
59,24,45.000000,-130.000000,6.540562
60,24,50.000000,-130.000000,6.523524
61,24,55.000000,-130.000000,6.506339
62,24,60.000000,-130.000000,6.489031
63,24,65.000000,-130.000000,6.471549
64,24,70.000000,-130.000000,6.454068
65,24,75.000000,-130.000000,6.436587
66,24,80.000000,-130.000000,6.419433
67,24,85.000000,-130.000000,6.402416
68,24,90.000000,-130.000000,6.386113
69,24,95.000000,-130.000000,6.369936
70,24,100.000000,-130.000000,6.353759
71,24,105.000000,-130.000000,6.337662
72,24,110.000000,-130.000000,6.322052
73,24,115.000000,-130.000000,6.306811
74,24,120.000000,-130.000000,6.292491
75,24,125.000000,-130.000000,6.278172
76,24,130.000000,-130.000000,6.263852
77,24,135.000000,-130.000000,6.249569
78,24,140.000000,-130.000000,6.235313
79,24,145.000000,-130.000000,6.221191
80,24,150.000000,-130.000000,6.207121
81,24,155.000000,-130.000000,6.193051
82,24,160.000000,-130.000000,6.178977
83,24,165.000000,-130.000000,6.164558
84,24,170.000000,-130.000000,6.149923
85,24,175.000000,-130.000000,6.134138
86,24,180.000000,-130.000000,6.118353
87,24,185.000000,-130.000000,6.102568
88,24,190.000000,-130.000000,6.086684
89,24,195.000000,-130.000000,6.070679
90,24,200.000000,-130.000000,6.053947
91,24,205.000000,-130.000000,6.036720
92,24,210.000000,-130.000000,6.019493
93,24,215.000000,-130.000000,6.002266
94,24,220.000000,-130.000000,5.985173
95,24,225.000000,-130.000000,5.968138
96,24,230.000000,-130.000000,5.952402
97,24,235.000000,-130.000000,5.936667
98,24,240.000000,-130.000000,5.920932
99,24,245.000000,-130.000000,5.905274
100,24,250.000000,-130.000000,5.889779
0,25,-250.000000,-125.000000,7.576779
1,25,-245.000000,-125.000000,7.559222
2,25,-240.000000,-125.000000,7.541656
3,25,-235.000000,-125.000000,7.524090
4,25,-230.000000,-125.000000,7.506524
5,25,-225.000000,-125.000000,7.489080
6,25,-220.000000,-125.000000,7.471650
7,25,-215.000000,-125.000000,7.454230
8,25,-210.000000,-125.000000,7.436811
9,25,-205.000000,-125.000000,7.419392
10,25,-200.000000,-125.000000,7.402122
11,25,-195.000000,-125.000000,7.385134
12,25,-190.000000,-125.000000,7.368180
13,25,-185.000000,-125.000000,7.351260
14,25,-180.000000,-125.000000,7.334341
15,25,-175.000000,-125.000000,7.317421
16,25,-170.000000,-125.000000,7.300356
17,25,-165.000000,-125.000000,7.283249
18,25,-160.000000,-125.000000,7.266103
19,25,-155.000000,-125.000000,7.248954
20,25,-150.000000,-125.000000,7.231805
21,25,-145.000000,-125.000000,7.214458
22,25,-140.000000,-125.000000,7.196397
23,25,-135.000000,-125.000000,7.178232
24,25,-130.000000,-125.000000,7.159886
25,25,-125.000000,-125.000000,7.141540
26,25,-120.000000,-125.000000,7.123194
27,25,-115.000000,-125.000000,7.104362
28,25,-110.000000,-125.000000,7.085271
29,25,-105.000000,-125.000000,7.065939
30,25,-100.000000,-125.000000,7.046546
31,25,-95.000000,-125.000000,7.027153
32,25,-90.000000,-125.000000,7.007785
33,25,-85.000000,-125.000000,6.988669
34,25,-80.000000,-125.000000,6.969586
35,25,-75.000000,-125.000000,6.950612
36,25,-70.000000,-125.000000,6.931637
37,25,-65.000000,-125.000000,6.912663
38,25,-60.000000,-125.000000,6.894262
39,25,-55.000000,-125.000000,6.876380
40,25,-50.000000,-125.000000,6.858966
41,25,-45.000000,-125.000000,6.841781
42,25,-40.000000,-125.000000,6.824597
43,25,-35.000000,-125.000000,6.807413
44,25,-30.000000,-125.000000,6.791060
45,25,-25.000000,-125.000000,6.774813
46,25,-20.000000,-125.000000,6.759176
47,25,-15.000000,-125.000000,6.743539
48,25,-10.000000,-125.000000,6.727902
49,25,-5.000000,-125.000000,6.712248
50,25,0.000000,-125.000000,6.696568
51,25,5.000000,-125.000000,6.680866
52,25,10.000000,-125.000000,6.665144
53,25,15.000000,-125.000000,6.649423
54,25,20.000000,-125.000000,6.633702
55,25,25.000000,-125.000000,6.617519
56,25,30.000000,-125.000000,6.601242
57,25,35.000000,-125.000000,6.584321
58,25,40.000000,-125.000000,6.567386
59,25,45.000000,-125.000000,6.550451
60,25,50.000000,-125.000000,6.533466
61,25,55.000000,-125.000000,6.516342
62,25,60.000000,-125.000000,6.499103
63,25,65.000000,-125.000000,6.481704
64,25,70.000000,-125.000000,6.464304
65,25,75.000000,-125.000000,6.446904
66,25,80.000000,-125.000000,6.429825
67,25,85.000000,-125.000000,6.412880
68,25,90.000000,-125.000000,6.396635
69,25,95.000000,-125.000000,6.380514
70,25,100.000000,-125.000000,6.364392
71,25,105.000000,-125.000000,6.348347
72,25,110.000000,-125.000000,6.332771
73,25,115.000000,-125.000000,6.317549
74,25,120.000000,-125.000000,6.303214
75,25,125.000000,-125.000000,6.288879
76,25,130.000000,-125.000000,6.274544
77,25,135.000000,-125.000000,6.260240
78,25,140.000000,-125.000000,6.245957
79,25,145.000000,-125.000000,6.231786
80,25,150.000000,-125.000000,6.217658
81,25,155.000000,-125.000000,6.203531
82,25,160.000000,-125.000000,6.189398
83,25,165.000000,-125.000000,6.174929
84,25,170.000000,-125.000000,6.160247
85,25,175.000000,-125.000000,6.144439
86,25,180.000000,-125.000000,6.128630
87,25,185.000000,-125.000000,6.112821
88,25,190.000000,-125.000000,6.096920
89,25,195.000000,-125.000000,6.080904
90,25,200.000000,-125.000000,6.064203
91,25,205.000000,-125.000000,6.047035
92,25,210.000000,-125.000000,6.029866
93,25,215.000000,-125.000000,6.012698
94,25,220.000000,-125.000000,5.995669
95,25,225.000000,-125.000000,5.978700
96,25,230.000000,-125.000000,5.963082
97,25,235.000000,-125.000000,5.947464
98,25,240.000000,-125.000000,5.931845
99,25,245.000000,-125.000000,5.916304
100,25,250.000000,-125.000000,5.900926
0,26,-250.000000,-120.000000,7.580645
1,26,-245.000000,-120.000000,7.563108
2,26,-240.000000,-120.000000,7.545561
3,26,-235.000000,-120.000000,7.528015
4,26,-230.000000,-120.000000,7.510468
5,26,-225.000000,-120.000000,7.493063
6,26,-220.000000,-120.000000,7.475673
7,26,-215.000000,-120.000000,7.458296
8,26,-210.000000,-120.000000,7.440920
9,26,-205.000000,-120.000000,7.423543
10,26,-200.000000,-120.000000,7.406323
11,26,-195.000000,-120.000000,7.389402
12,26,-190.000000,-120.000000,7.372516
13,26,-185.000000,-120.000000,7.355666
14,26,-180.000000,-120.000000,7.338816
15,26,-175.000000,-120.000000,7.321966
16,26,-170.000000,-120.000000,7.304998
17,26,-165.000000,-120.000000,7.287996
18,26,-160.000000,-120.000000,7.270962
19,26,-155.000000,-120.000000,7.253926
20,26,-150.000000,-120.000000,7.236889
21,26,-145.000000,-120.000000,7.219664
22,26,-140.000000,-120.000000,7.201758
23,26,-135.000000,-120.000000,7.183754
24,26,-130.000000,-120.000000,7.165577
25,26,-125.000000,-120.000000,7.147400
26,26,-120.000000,-120.000000,7.129223
27,26,-115.000000,-120.000000,7.110578
28,26,-110.000000,-120.000000,7.091685
29,26,-105.000000,-120.000000,7.072560
30,26,-100.000000,-120.000000,7.053377
31,26,-95.000000,-120.000000,7.034194
32,26,-90.000000,-120.000000,7.015035
33,26,-85.000000,-120.000000,6.996119
34,26,-80.000000,-120.000000,6.977236
35,26,-75.000000,-120.000000,6.958458
36,26,-70.000000,-120.000000,6.939681
37,26,-65.000000,-120.000000,6.920903
38,26,-60.000000,-120.000000,6.902675
39,26,-55.000000,-120.000000,6.884946
40,26,-50.000000,-120.000000,6.867665
41,26,-45.000000,-120.000000,6.850606
42,26,-40.000000,-120.000000,6.833546
43,26,-35.000000,-120.000000,6.816487
44,26,-30.000000,-120.000000,6.800215
45,26,-25.000000,-120.000000,6.784045
46,26,-20.000000,-120.000000,6.768452
47,26,-15.000000,-120.000000,6.752859
48,26,-10.000000,-120.000000,6.737265
49,26,-5.000000,-120.000000,6.721650
50,26,0.000000,-120.000000,6.705999
51,26,5.000000,-120.000000,6.690319
52,26,10.000000,-120.000000,6.674613
53,26,15.000000,-120.000000,6.658907
54,26,20.000000,-120.000000,6.643201
55,26,25.000000,-120.000000,6.627044
56,26,30.000000,-120.000000,6.610796
57,26,35.000000,-120.000000,6.593920
58,26,40.000000,-120.000000,6.577030
59,26,45.000000,-120.000000,6.560139
60,26,50.000000,-120.000000,6.543202
61,26,55.000000,-120.000000,6.526135
62,26,60.000000,-120.000000,6.508962
63,26,65.000000,-120.000000,6.491638
64,26,70.000000,-120.000000,6.474313
65,26,75.000000,-120.000000,6.456989
66,26,80.000000,-120.000000,6.439979
67,26,85.000000,-120.000000,6.423101
68,26,90.000000,-120.000000,6.406910
69,26,95.000000,-120.000000,6.390840
70,26,100.000000,-120.000000,6.374769
71,26,105.000000,-120.000000,6.358772
72,26,110.000000,-120.000000,6.343226
73,26,115.000000,-120.000000,6.328022
74,26,120.000000,-120.000000,6.313670
75,26,125.000000,-120.000000,6.299318
76,26,130.000000,-120.000000,6.284967
77,26,135.000000,-120.000000,6.270639
78,26,140.000000,-120.000000,6.256328
79,26,145.000000,-120.000000,6.242106
80,26,150.000000,-120.000000,6.227917
81,26,155.000000,-120.000000,6.213728
82,26,160.000000,-120.000000,6.199535
83,26,165.000000,-120.000000,6.185010
84,26,170.000000,-120.000000,6.170277
85,26,175.000000,-120.000000,6.154434
86,26,180.000000,-120.000000,6.138592
87,26,185.000000,-120.000000,6.122749
88,26,190.000000,-120.000000,6.106819
89,26,195.000000,-120.000000,6.090780
90,26,200.000000,-120.000000,6.074095
91,26,205.000000,-120.000000,6.056967
92,26,210.000000,-120.000000,6.039839
93,26,215.000000,-120.000000,6.022711
94,26,220.000000,-120.000000,6.005727
95,26,225.000000,-120.000000,5.988806
96,26,230.000000,-120.000000,5.973285
97,26,235.000000,-120.000000,5.957763
98,26,240.000000,-120.000000,5.942241
99,26,245.000000,-120.000000,5.926796
100,26,250.000000,-120.000000,5.911515
0,27,-250.000000,-115.000000,7.584119
1,27,-245.000000,-115.000000,7.566582
2,27,-240.000000,-115.000000,7.549037
3,27,-235.000000,-115.000000,7.531491
4,27,-230.000000,-115.000000,7.513945
5,27,-225.000000,-115.000000,7.496564
6,27,-220.000000,-115.000000,7.479200
7,27,-215.000000,-115.000000,7.461851
8,27,-210.000000,-115.000000,7.444503
9,27,-205.000000,-115.000000,7.427155
10,27,-200.000000,-115.000000,7.409975
11,27,-195.000000,-115.000000,7.393116
12,27,-190.000000,-115.000000,7.376295
13,27,-185.000000,-115.000000,7.359513
14,27,-180.000000,-115.000000,7.342731
15,27,-175.000000,-115.000000,7.325949
16,27,-170.000000,-115.000000,7.309079
17,27,-165.000000,-115.000000,7.292185
18,27,-160.000000,-115.000000,7.275266
19,27,-155.000000,-115.000000,7.258346
20,27,-150.000000,-115.000000,7.241426
21,27,-145.000000,-115.000000,7.224325
22,27,-140.000000,-115.000000,7.206571
23,27,-135.000000,-115.000000,7.188724
24,27,-130.000000,-115.000000,7.170711
25,27,-125.000000,-115.000000,7.152699
26,27,-120.000000,-115.000000,7.134686
27,27,-115.000000,-115.000000,7.116219
28,27,-110.000000,-115.000000,7.097511
29,27,-105.000000,-115.000000,7.078578
30,27,-100.000000,-115.000000,7.059588
31,27,-95.000000,-115.000000,7.040598
32,27,-90.000000,-115.000000,7.021631
33,27,-85.000000,-115.000000,7.002900
34,27,-80.000000,-115.000000,6.984200
35,27,-75.000000,-115.000000,6.965602
36,27,-70.000000,-115.000000,6.947004
37,27,-65.000000,-115.000000,6.928406
38,27,-60.000000,-115.000000,6.910339
39,27,-55.000000,-115.000000,6.892753
40,27,-50.000000,-115.000000,6.875601
41,27,-45.000000,-115.000000,6.858662
42,27,-40.000000,-115.000000,6.841723
43,27,-35.000000,-115.000000,6.824784
44,27,-30.000000,-115.000000,6.808596
45,27,-25.000000,-115.000000,6.792504
46,27,-20.000000,-115.000000,6.776962
47,27,-15.000000,-115.000000,6.761420
48,27,-10.000000,-115.000000,6.745879
49,27,-5.000000,-115.000000,6.730307
50,27,0.000000,-115.000000,6.714691
51,27,5.000000,-115.000000,6.699036
52,27,10.000000,-115.000000,6.683348
53,27,15.000000,-115.000000,6.667660
54,27,20.000000,-115.000000,6.651972
55,27,25.000000,-115.000000,6.635838
56,27,30.000000,-115.000000,6.619614
57,27,35.000000,-115.000000,6.602770
58,27,40.000000,-115.000000,6.585911
59,27,45.000000,-115.000000,6.569052
60,27,50.000000,-115.000000,6.552148
61,27,55.000000,-115.000000,6.535121
62,27,60.000000,-115.000000,6.517993
63,27,65.000000,-115.000000,6.500722
64,27,70.000000,-115.000000,6.483450
65,27,75.000000,-115.000000,6.466178
66,27,80.000000,-115.000000,6.449217
67,27,85.000000,-115.000000,6.432385
68,27,90.000000,-115.000000,6.416231
69,27,95.000000,-115.000000,6.400195
70,27,100.000000,-115.000000,6.384160
71,27,105.000000,-115.000000,6.368196
72,27,110.000000,-115.000000,6.352668
73,27,115.000000,-115.000000,6.337470
74,27,120.000000,-115.000000,6.323097
75,27,125.000000,-115.000000,6.308723
76,27,130.000000,-115.000000,6.294350
77,27,135.000000,-115.000000,6.279993
78,27,140.000000,-115.000000,6.265648
79,27,145.000000,-115.000000,6.251363
80,27,150.000000,-115.000000,6.237102
81,27,155.000000,-115.000000,6.222841
82,27,160.000000,-115.000000,6.208576
83,27,165.000000,-115.000000,6.193978
84,27,170.000000,-115.000000,6.179172
85,27,175.000000,-115.000000,6.163255
86,27,180.000000,-115.000000,6.147339
87,27,185.000000,-115.000000,6.131422
88,27,190.000000,-115.000000,6.115421
89,27,195.000000,-115.000000,6.099315
90,27,200.000000,-115.000000,6.082584
91,27,205.000000,-115.000000,6.065426
92,27,210.000000,-115.000000,6.048267
93,27,215.000000,-115.000000,6.031109
94,27,220.000000,-115.000000,6.014100
95,27,225.000000,-115.000000,5.997154
96,27,230.000000,-115.000000,5.981651
97,27,235.000000,-115.000000,5.966147
98,27,240.000000,-115.000000,5.950643
99,27,245.000000,-115.000000,5.935216
100,27,250.000000,-115.000000,5.919953
0,28,-250.000000,-110.000000,7.587515
1,28,-245.000000,-110.000000,7.569975
2,28,-240.000000,-110.000000,7.552426
3,28,-235.000000,-110.000000,7.534878
4,28,-230.000000,-110.000000,7.517329
5,28,-225.000000,-110.000000,7.499968
6,28,-220.000000,-110.000000,7.482627
7,28,-215.000000,-110.000000,7.465304
8,28,-210.000000,-110.000000,7.447982
9,28,-205.000000,-110.000000,7.430659
10,28,-200.000000,-110.000000,7.413517
11,28,-195.000000,-110.000000,7.396720
12,28,-190.000000,-110.000000,7.379964
13,28,-185.000000,-110.000000,7.363249
14,28,-180.000000,-110.000000,7.346535
15,28,-175.000000,-110.000000,7.329820
16,28,-170.000000,-110.000000,7.313049
17,28,-165.000000,-110.000000,7.296262
18,28,-160.000000,-110.000000,7.279460
19,28,-155.000000,-110.000000,7.262656
20,28,-150.000000,-110.000000,7.245853
21,28,-145.000000,-110.000000,7.228876
22,28,-140.000000,-110.000000,7.211275
23,28,-135.000000,-110.000000,7.193584
24,28,-130.000000,-110.000000,7.175735
25,28,-125.000000,-110.000000,7.157886
26,28,-120.000000,-110.000000,7.140037
27,28,-115.000000,-110.000000,7.121746
28,28,-110.000000,-110.000000,7.103220
29,28,-105.000000,-110.000000,7.084476
30,28,-100.000000,-110.000000,7.065676
31,28,-95.000000,-110.000000,7.046876
32,28,-90.000000,-110.000000,7.028098
33,28,-85.000000,-110.000000,7.009548
34,28,-80.000000,-110.000000,6.991028
35,28,-75.000000,-110.000000,6.972606
36,28,-70.000000,-110.000000,6.954184
37,28,-65.000000,-110.000000,6.935762
38,28,-60.000000,-110.000000,6.917853
39,28,-55.000000,-110.000000,6.900409
40,28,-50.000000,-110.000000,6.883384
41,28,-45.000000,-110.000000,6.866565
42,28,-40.000000,-110.000000,6.849746
43,28,-35.000000,-110.000000,6.832927
44,28,-30.000000,-110.000000,6.816823
45,28,-25.000000,-110.000000,6.800810
46,28,-20.000000,-110.000000,6.785321
47,28,-15.000000,-110.000000,6.769831
48,28,-10.000000,-110.000000,6.754342
49,28,-5.000000,-110.000000,6.738817
50,28,0.000000,-110.000000,6.723236
51,28,5.000000,-110.000000,6.707607
52,28,10.000000,-110.000000,6.691938
53,28,15.000000,-110.000000,6.676268
54,28,20.000000,-110.000000,6.660599
55,28,25.000000,-110.000000,6.644487
56,28,30.000000,-110.000000,6.628287
57,28,35.000000,-110.000000,6.611470
58,28,40.000000,-110.000000,6.594640
59,28,45.000000,-110.000000,6.577810
60,28,50.000000,-110.000000,6.560937
61,28,55.000000,-110.000000,6.543947
62,28,60.000000,-110.000000,6.526860
63,28,65.000000,-110.000000,6.509637
64,28,70.000000,-110.000000,6.492413
65,28,75.000000,-110.000000,6.475189
66,28,80.000000,-110.000000,6.458272
67,28,85.000000,-110.000000,6.441483
68,28,90.000000,-110.000000,6.425361
69,28,95.000000,-110.000000,6.409358
70,28,100.000000,-110.000000,6.393355
71,28,105.000000,-110.000000,6.377421
72,28,110.000000,-110.000000,6.361908
73,28,115.000000,-110.000000,6.346714
74,28,120.000000,-110.000000,6.332318
75,28,125.000000,-110.000000,6.317922
76,28,130.000000,-110.000000,6.303526
77,28,135.000000,-110.000000,6.289138
78,28,140.000000,-110.000000,6.274758
79,28,145.000000,-110.000000,6.260409
80,28,150.000000,-110.000000,6.246074
81,28,155.000000,-110.000000,6.231738
82,28,160.000000,-110.000000,6.217398
83,28,165.000000,-110.000000,6.202724
84,28,170.000000,-110.000000,6.187841
85,28,175.000000,-110.000000,6.171843
86,28,180.000000,-110.000000,6.155844
87,28,185.000000,-110.000000,6.139846
88,28,190.000000,-110.000000,6.123765
89,28,195.000000,-110.000000,6.107583
90,28,200.000000,-110.000000,6.090794
91,28,205.000000,-110.000000,6.073592
92,28,210.000000,-110.000000,6.056389
93,28,215.000000,-110.000000,6.039186
94,28,220.000000,-110.000000,6.022137
95,28,225.000000,-110.000000,6.005153
96,28,230.000000,-110.000000,5.989651
97,28,235.000000,-110.000000,5.974149
98,28,240.000000,-110.000000,5.958648
99,28,245.000000,-110.000000,5.943224
100,28,250.000000,-110.000000,5.927964
0,29,-250.000000,-105.000000,7.590835
1,29,-245.000000,-105.000000,7.573289
2,29,-240.000000,-105.000000,7.555733
3,29,-235.000000,-105.000000,7.538178
4,29,-230.000000,-105.000000,7.520622
5,29,-225.000000,-105.000000,7.503279
6,29,-220.000000,-105.000000,7.485959
7,29,-215.000000,-105.000000,7.468659
8,29,-210.000000,-105.000000,7.451359
9,29,-205.000000,-105.000000,7.434059
10,29,-200.000000,-105.000000,7.416953
11,29,-195.000000,-105.000000,7.400217
12,29,-190.000000,-105.000000,7.383525
13,29,-185.000000,-105.000000,7.366878
14,29,-180.000000,-105.000000,7.350230
15,29,-175.000000,-105.000000,7.333583
16,29,-170.000000,-105.000000,7.316911
17,29,-165.000000,-105.000000,7.300232
18,29,-160.000000,-105.000000,7.283546
19,29,-155.000000,-105.000000,7.266860
20,29,-150.000000,-105.000000,7.250174
21,29,-145.000000,-105.000000,7.233322
22,29,-140.000000,-105.000000,7.215873
23,29,-135.000000,-105.000000,7.198338
24,29,-130.000000,-105.000000,7.180652
25,29,-125.000000,-105.000000,7.162965
26,29,-120.000000,-105.000000,7.145279
27,29,-115.000000,-105.000000,7.127162
28,29,-110.000000,-105.000000,7.108816
29,29,-105.000000,-105.000000,7.090257
30,29,-100.000000,-105.000000,7.071644
31,29,-95.000000,-105.000000,7.053031
32,29,-90.000000,-105.000000,7.034440
33,29,-85.000000,-105.000000,7.016067
34,29,-80.000000,-105.000000,6.997724
35,29,-75.000000,-105.000000,6.979474
36,29,-70.000000,-105.000000,6.961225
37,29,-65.000000,-105.000000,6.942976
38,29,-60.000000,-105.000000,6.925223
39,29,-55.000000,-105.000000,6.907919
40,29,-50.000000,-105.000000,6.891020
41,29,-45.000000,-105.000000,6.874320
42,29,-40.000000,-105.000000,6.857620
43,29,-35.000000,-105.000000,6.840920
44,29,-30.000000,-105.000000,6.824900
45,29,-25.000000,-105.000000,6.808966
46,29,-20.000000,-105.000000,6.793531
47,29,-15.000000,-105.000000,6.778096
48,29,-10.000000,-105.000000,6.762661
49,29,-5.000000,-105.000000,6.747183
50,29,0.000000,-105.000000,6.731638
51,29,5.000000,-105.000000,6.716036
52,29,10.000000,-105.000000,6.700386
53,29,15.000000,-105.000000,6.684735
54,29,20.000000,-105.000000,6.669085
55,29,25.000000,-105.000000,6.652995
56,29,30.000000,-105.000000,6.636817
57,29,35.000000,-105.000000,6.620027
58,29,40.000000,-105.000000,6.603223
59,29,45.000000,-105.000000,6.586419
60,29,50.000000,-105.000000,6.569574
61,29,55.000000,-105.000000,6.552617
62,29,60.000000,-105.000000,6.535568
63,29,65.000000,-105.000000,6.518388
64,29,70.000000,-105.000000,6.501208
65,29,75.000000,-105.000000,6.484027
66,29,80.000000,-105.000000,6.467150
67,29,85.000000,-105.000000,6.450399
68,29,90.000000,-105.000000,6.434308
69,29,95.000000,-105.000000,6.418334
70,29,100.000000,-105.000000,6.402360
71,29,105.000000,-105.000000,6.386452
72,29,110.000000,-105.000000,6.370952
73,29,115.000000,-105.000000,6.355761
74,29,120.000000,-105.000000,6.341341
75,29,125.000000,-105.000000,6.326921
76,29,130.000000,-105.000000,6.312502
77,29,135.000000,-105.000000,6.298083
78,29,140.000000,-105.000000,6.283665
79,29,145.000000,-105.000000,6.269251
80,29,150.000000,-105.000000,6.254838
81,29,155.000000,-105.000000,6.240426
82,29,160.000000,-105.000000,6.226009
83,29,165.000000,-105.000000,6.211256
84,29,170.000000,-105.000000,6.196291
85,29,175.000000,-105.000000,6.180203
86,29,180.000000,-105.000000,6.164115
87,29,185.000000,-105.000000,6.148027
88,29,190.000000,-105.000000,6.131858
89,29,195.000000,-105.000000,6.115591
90,29,200.000000,-105.000000,6.098734
91,29,205.000000,-105.000000,6.081473
92,29,210.000000,-105.000000,6.064213
93,29,215.000000,-105.000000,6.046952
94,29,220.000000,-105.000000,6.029848
95,29,225.000000,-105.000000,6.012812
96,29,230.000000,-105.000000,5.997298
97,29,235.000000,-105.000000,5.981783
98,29,240.000000,-105.000000,5.966268
99,29,245.000000,-105.000000,5.950831
100,29,250.000000,-105.000000,5.935560
0,30,-250.000000,-100.000000,7.594156
1,30,-245.000000,-100.000000,7.576602
2,30,-240.000000,-100.000000,7.559040
3,30,-235.000000,-100.000000,7.541478
4,30,-230.000000,-100.000000,7.523916
5,30,-225.000000,-100.000000,7.506591
6,30,-220.000000,-100.000000,7.489291
7,30,-215.000000,-100.000000,7.472013
8,30,-210.000000,-100.000000,7.454736
9,30,-205.000000,-100.000000,7.437459
10,30,-200.000000,-100.000000,7.420389
11,30,-195.000000,-100.000000,7.403715
12,30,-190.000000,-100.000000,7.387086
13,30,-185.000000,-100.000000,7.370506
14,30,-180.000000,-100.000000,7.353926
15,30,-175.000000,-100.000000,7.337346
16,30,-170.000000,-100.000000,7.320773
17,30,-165.000000,-100.000000,7.304202
18,30,-160.000000,-100.000000,7.287633
19,30,-155.000000,-100.000000,7.271064
20,30,-150.000000,-100.000000,7.254495
21,30,-145.000000,-100.000000,7.237769
22,30,-140.000000,-100.000000,7.220471
23,30,-135.000000,-100.000000,7.203092
24,30,-130.000000,-100.000000,7.185568
25,30,-125.000000,-100.000000,7.168044
26,30,-120.000000,-100.000000,7.150520
27,30,-115.000000,-100.000000,7.132577
28,30,-110.000000,-100.000000,7.114411
29,30,-105.000000,-100.000000,7.096038
30,30,-100.000000,-100.000000,7.077612
31,30,-95.000000,-100.000000,7.059186
32,30,-90.000000,-100.000000,7.040781
33,30,-85.000000,-100.000000,7.022586
34,30,-80.000000,-100.000000,7.004419
35,30,-75.000000,-100.000000,6.986343
36,30,-70.000000,-100.000000,6.968267
37,30,-65.000000,-100.000000,6.950190
38,30,-60.000000,-100.000000,6.932593
39,30,-55.000000,-100.000000,6.915429
40,30,-50.000000,-100.000000,6.898656
41,30,-45.000000,-100.000000,6.882075
42,30,-40.000000,-100.000000,6.865494
43,30,-35.000000,-100.000000,6.848913
44,30,-30.000000,-100.000000,6.832977
45,30,-25.000000,-100.000000,6.817123
46,30,-20.000000,-100.000000,6.801742
47,30,-15.000000,-100.000000,6.786361
48,30,-10.000000,-100.000000,6.770980
49,30,-5.000000,-100.000000,6.755549
50,30,0.000000,-100.000000,6.740040
51,30,5.000000,-100.000000,6.724465
52,30,10.000000,-100.000000,6.708834
53,30,15.000000,-100.000000,6.693203
54,30,20.000000,-100.000000,6.677571
55,30,25.000000,-100.000000,6.661503
56,30,30.000000,-100.000000,6.645347
57,30,35.000000,-100.000000,6.628583
58,30,40.000000,-100.000000,6.611805
59,30,45.000000,-100.000000,6.595028
60,30,50.000000,-100.000000,6.578211
61,30,55.000000,-100.000000,6.561287
62,30,60.000000,-100.000000,6.544275
63,30,65.000000,-100.000000,6.527139
64,30,70.000000,-100.000000,6.510002
65,30,75.000000,-100.000000,6.492866
66,30,80.000000,-100.000000,6.476028
67,30,85.000000,-100.000000,6.459315
68,30,90.000000,-100.000000,6.443255
69,30,95.000000,-100.000000,6.427310
70,30,100.000000,-100.000000,6.411364
71,30,105.000000,-100.000000,6.395483
72,30,110.000000,-100.000000,6.379996
73,30,115.000000,-100.000000,6.364808
74,30,120.000000,-100.000000,6.350364
75,30,125.000000,-100.000000,6.335921
76,30,130.000000,-100.000000,6.321477
77,30,135.000000,-100.000000,6.307027
78,30,140.000000,-100.000000,6.292572
79,30,145.000000,-100.000000,6.278092
80,30,150.000000,-100.000000,6.263603
81,30,155.000000,-100.000000,6.249114
82,30,160.000000,-100.000000,6.234620
83,30,165.000000,-100.000000,6.219787
84,30,170.000000,-100.000000,6.204742
85,30,175.000000,-100.000000,6.188564
86,30,180.000000,-100.000000,6.172386
87,30,185.000000,-100.000000,6.156208
88,30,190.000000,-100.000000,6.139952
89,30,195.000000,-100.000000,6.123600
90,30,200.000000,-100.000000,6.106674
91,30,205.000000,-100.000000,6.089355
92,30,210.000000,-100.000000,6.072036
93,30,215.000000,-100.000000,6.054718
94,30,220.000000,-100.000000,6.037560
95,30,225.000000,-100.000000,6.020472
96,30,230.000000,-100.000000,6.004944
97,30,235.000000,-100.000000,5.989416
98,30,240.000000,-100.000000,5.973888
99,30,245.000000,-100.000000,5.958439
100,30,250.000000,-100.000000,5.943156
0,31,-250.000000,-95.000000,7.597442
1,31,-245.000000,-95.000000,7.579879
2,31,-240.000000,-95.000000,7.562307
3,31,-235.000000,-95.000000,7.544736
4,31,-230.000000,-95.000000,7.527165
5,31,-225.000000,-95.000000,7.509855
6,31,-220.000000,-95.000000,7.492573
7,31,-215.000000,-95.000000,7.475316
8,31,-210.000000,-95.000000,7.458059
9,31,-205.000000,-95.000000,7.440802
10,31,-200.000000,-95.000000,7.423767
11,31,-195.000000,-95.000000,7.407152
12,31,-190.000000,-95.000000,7.390586
13,31,-185.000000,-95.000000,7.374072
14,31,-180.000000,-95.000000,7.357557
15,31,-175.000000,-95.000000,7.341043
16,31,-170.000000,-95.000000,7.324567
17,31,-165.000000,-95.000000,7.308103
18,31,-160.000000,-95.000000,7.291650
19,31,-155.000000,-95.000000,7.275197
20,31,-150.000000,-95.000000,7.258745
21,31,-145.000000,-95.000000,7.242141
22,31,-140.000000,-95.000000,7.224994
23,31,-135.000000,-95.000000,7.207768
24,31,-130.000000,-95.000000,7.190404
25,31,-125.000000,-95.000000,7.173040
26,31,-120.000000,-95.000000,7.155676
27,31,-115.000000,-95.000000,7.137903
28,31,-110.000000,-95.000000,7.119913
29,31,-105.000000,-95.000000,7.101721
30,31,-100.000000,-95.000000,7.083478
31,31,-95.000000,-95.000000,7.065235
32,31,-90.000000,-95.000000,7.047011
33,31,-85.000000,-95.000000,7.028990
34,31,-80.000000,-95.000000,7.010995
35,31,-75.000000,-95.000000,6.993088
36,31,-70.000000,-95.000000,6.975180
37,31,-65.000000,-95.000000,6.957273
38,31,-60.000000,-95.000000,6.939827
39,31,-55.000000,-95.000000,6.922801
40,31,-50.000000,-95.000000,6.906151
41,31,-45.000000,-95.000000,6.889688
42,31,-40.000000,-95.000000,6.873224
43,31,-35.000000,-95.000000,6.856760
44,31,-30.000000,-95.000000,6.840908
45,31,-25.000000,-95.000000,6.825133
46,31,-20.000000,-95.000000,6.809807
47,31,-15.000000,-95.000000,6.794480
48,31,-10.000000,-95.000000,6.779153
49,31,-5.000000,-95.000000,6.763769
50,31,0.000000,-95.000000,6.748298
51,31,5.000000,-95.000000,6.732750
52,31,10.000000,-95.000000,6.717138
53,31,15.000000,-95.000000,6.701526
54,31,20.000000,-95.000000,6.685914
55,31,25.000000,-95.000000,6.669867
56,31,30.000000,-95.000000,6.653732
57,31,35.000000,-95.000000,6.636993
58,31,40.000000,-95.000000,6.620239
59,31,45.000000,-95.000000,6.603486
60,31,50.000000,-95.000000,6.586695
61,31,55.000000,-95.000000,6.569802
62,31,60.000000,-95.000000,6.552824
63,31,65.000000,-95.000000,6.535728
64,31,70.000000,-95.000000,6.518632
65,31,75.000000,-95.000000,6.501535
66,31,80.000000,-95.000000,6.484734
67,31,85.000000,-95.000000,6.468057
68,31,90.000000,-95.000000,6.452024
69,31,95.000000,-95.000000,6.436105
70,31,100.000000,-95.000000,6.420186
71,31,105.000000,-95.000000,6.404330
72,31,110.000000,-95.000000,6.388854
73,31,115.000000,-95.000000,6.373666
74,31,120.000000,-95.000000,6.359198
75,31,125.000000,-95.000000,6.344731
76,31,130.000000,-95.000000,6.330263
77,31,135.000000,-95.000000,6.315781
78,31,140.000000,-95.000000,6.301288
79,31,145.000000,-95.000000,6.286742
80,31,150.000000,-95.000000,6.272176
81,31,155.000000,-95.000000,6.257609
82,31,160.000000,-95.000000,6.243038
83,31,165.000000,-95.000000,6.228124
84,31,170.000000,-95.000000,6.212996
85,31,175.000000,-95.000000,6.196724
86,31,180.000000,-95.000000,6.180452
87,31,185.000000,-95.000000,6.164181
88,31,190.000000,-95.000000,6.147833
89,31,195.000000,-95.000000,6.131391
90,31,200.000000,-95.000000,6.114388
91,31,205.000000,-95.000000,6.097003
92,31,210.000000,-95.000000,6.079617
93,31,215.000000,-95.000000,6.062232
94,31,220.000000,-95.000000,6.045011
95,31,225.000000,-95.000000,6.027862
96,31,230.000000,-95.000000,6.012310
97,31,235.000000,-95.000000,5.996759
98,31,240.000000,-95.000000,5.981207
99,31,245.000000,-95.000000,5.965735
100,31,250.000000,-95.000000,5.950430
0,32,-250.000000,-90.000000,7.600456
1,32,-245.000000,-90.000000,7.582862
2,32,-240.000000,-90.000000,7.565259
3,32,-235.000000,-90.000000,7.547657
4,32,-230.000000,-90.000000,7.530054
5,32,-225.000000,-90.000000,7.512741
6,32,-220.000000,-90.000000,7.495458
7,32,-215.000000,-90.000000,7.478203
8,32,-210.000000,-90.000000,7.460948
9,32,-205.000000,-90.000000,7.443693
10,32,-200.000000,-90.000000,7.426675
11,32,-195.000000,-90.000000,7.410108
12,32,-190.000000,-90.000000,7.393593
13,32,-185.000000,-90.000000,7.377134
14,32,-180.000000,-90.000000,7.360675
15,32,-175.000000,-90.000000,7.344215
16,32,-170.000000,-90.000000,7.327827
17,32,-165.000000,-90.000000,7.311460
18,32,-160.000000,-90.000000,7.295112
19,32,-155.000000,-90.000000,7.278765
20,32,-150.000000,-90.000000,7.262419
21,32,-145.000000,-90.000000,7.245927
22,32,-140.000000,-90.000000,7.228910
23,32,-135.000000,-90.000000,7.211818
24,32,-130.000000,-90.000000,7.194592
25,32,-125.000000,-90.000000,7.177367
26,32,-120.000000,-90.000000,7.160141
27,32,-115.000000,-90.000000,7.142511
28,32,-110.000000,-90.000000,7.124667
29,32,-105.000000,-90.000000,7.106622
30,32,-100.000000,-90.000000,7.088527
31,32,-95.000000,-90.000000,7.070432
32,32,-90.000000,-90.000000,7.052355
33,32,-85.000000,-90.000000,7.034474
34,32,-80.000000,-90.000000,7.016618
35,32,-75.000000,-90.000000,6.998846
36,32,-70.000000,-90.000000,6.981074
37,32,-65.000000,-90.000000,6.963302
38,32,-60.000000,-90.000000,6.945981
39,32,-55.000000,-90.000000,6.929070
40,32,-50.000000,-90.000000,6.912527
41,32,-45.000000,-90.000000,6.896165
42,32,-40.000000,-90.000000,6.879804
43,32,-35.000000,-90.000000,6.863442
44,32,-30.000000,-90.000000,6.847668
45,32,-25.000000,-90.000000,6.831969
46,32,-20.000000,-90.000000,6.816700
47,32,-15.000000,-90.000000,6.801431
48,32,-10.000000,-90.000000,6.786162
49,32,-5.000000,-90.000000,6.770829
50,32,0.000000,-90.000000,6.755397
51,32,5.000000,-90.000000,6.739879
52,32,10.000000,-90.000000,6.724289
53,32,15.000000,-90.000000,6.708699
54,32,20.000000,-90.000000,6.693109
55,32,25.000000,-90.000000,6.677079
56,32,30.000000,-90.000000,6.660960
57,32,35.000000,-90.000000,6.644230
58,32,40.000000,-90.000000,6.627485
59,32,45.000000,-90.000000,6.610741
60,32,50.000000,-90.000000,6.593959
61,32,55.000000,-90.000000,6.577077
62,32,60.000000,-90.000000,6.560110
63,32,65.000000,-90.000000,6.543026
64,32,70.000000,-90.000000,6.525942
65,32,75.000000,-90.000000,6.508858
66,32,80.000000,-90.000000,6.492067
67,32,85.000000,-90.000000,6.475400
68,32,90.000000,-90.000000,6.459374
69,32,95.000000,-90.000000,6.443462
70,32,100.000000,-90.000000,6.427549
71,32,105.000000,-90.000000,6.411697
72,32,110.000000,-90.000000,6.396217
73,32,115.000000,-90.000000,6.381019
74,32,120.000000,-90.000000,6.366524
75,32,125.000000,-90.000000,6.352029
76,32,130.000000,-90.000000,6.337533
77,32,135.000000,-90.000000,6.323016
78,32,140.000000,-90.000000,6.308482
79,32,145.000000,-90.000000,6.293865
80,32,150.000000,-90.000000,6.279216
81,32,155.000000,-90.000000,6.264568
82,32,160.000000,-90.000000,6.249915
83,32,165.000000,-90.000000,6.234910
84,32,170.000000,-90.000000,6.219685
85,32,175.000000,-90.000000,6.203285
86,32,180.000000,-90.000000,6.186886
87,32,185.000000,-90.000000,6.170487
88,32,190.000000,-90.000000,6.154010
89,32,195.000000,-90.000000,6.137440
90,32,200.000000,-90.000000,6.120303
91,32,205.000000,-90.000000,6.102781
92,32,210.000000,-90.000000,6.085258
93,32,215.000000,-90.000000,6.067736
94,32,220.000000,-90.000000,6.050381
95,32,225.000000,-90.000000,6.033098
96,32,230.000000,-90.000000,6.017439
97,32,235.000000,-90.000000,6.001780
98,32,240.000000,-90.000000,5.986122
99,32,245.000000,-90.000000,5.970542
100,32,250.000000,-90.000000,5.955132
0,33,-250.000000,-85.000000,7.603419
1,33,-245.000000,-85.000000,7.585789
2,33,-240.000000,-85.000000,7.568151
3,33,-235.000000,-85.000000,7.550514
4,33,-230.000000,-85.000000,7.532876
5,33,-225.000000,-85.000000,7.515555
6,33,-220.000000,-85.000000,7.498268
7,33,-215.000000,-85.000000,7.481012
8,33,-210.000000,-85.000000,7.463755
9,33,-205.000000,-85.000000,7.446499
10,33,-200.000000,-85.000000,7.429495
11,33,-195.000000,-85.000000,7.412974
12,33,-190.000000,-85.000000,7.396508
13,33,-185.000000,-85.000000,7.380102
14,33,-180.000000,-85.000000,7.363695
15,33,-175.000000,-85.000000,7.347289
16,33,-170.000000,-85.000000,7.330987
17,33,-165.000000,-85.000000,7.314714
18,33,-160.000000,-85.000000,7.298470
19,33,-155.000000,-85.000000,7.282227
20,33,-150.000000,-85.000000,7.265985
21,33,-145.000000,-85.000000,7.249603
22,33,-140.000000,-85.000000,7.232713
23,33,-135.000000,-85.000000,7.215750
24,33,-130.000000,-85.000000,7.198659
25,33,-125.000000,-85.000000,7.181568
26,33,-120.000000,-85.000000,7.164477
27,33,-115.000000,-85.000000,7.146985
28,33,-110.000000,-85.000000,7.129280
29,33,-105.000000,-85.000000,7.111376
30,33,-100.000000,-85.000000,7.093422
31,33,-95.000000,-85.000000,7.075469
32,33,-90.000000,-85.000000,7.057533
33,33,-85.000000,-85.000000,7.039785
34,33,-80.000000,-85.000000,7.022061
35,33,-75.000000,-85.000000,7.004418
36,33,-70.000000,-85.000000,6.986776
37,33,-65.000000,-85.000000,6.969133
38,33,-60.000000,-85.000000,6.951932
39,33,-55.000000,-85.000000,6.935132
40,33,-50.000000,-85.000000,6.918692
41,33,-45.000000,-85.000000,6.902430
42,33,-40.000000,-85.000000,6.886167
43,33,-35.000000,-85.000000,6.869905
44,33,-30.000000,-85.000000,6.854208
45,33,-25.000000,-85.000000,6.838583
46,33,-20.000000,-85.000000,6.823373
47,33,-15.000000,-85.000000,6.808163
48,33,-10.000000,-85.000000,6.792952
49,33,-5.000000,-85.000000,6.777670
50,33,0.000000,-85.000000,6.762278
51,33,5.000000,-85.000000,6.746790
52,33,10.000000,-85.000000,6.731223
53,33,15.000000,-85.000000,6.715655
54,33,20.000000,-85.000000,6.700087
55,33,25.000000,-85.000000,6.684074
56,33,30.000000,-85.000000,6.667970
57,33,35.000000,-85.000000,6.651246
58,33,40.000000,-85.000000,6.634508
59,33,45.000000,-85.000000,6.617770
60,33,50.000000,-85.000000,6.600994
61,33,55.000000,-85.000000,6.584118
62,33,60.000000,-85.000000,6.567159
63,33,65.000000,-85.000000,6.550081
64,33,70.000000,-85.000000,6.533004
65,33,75.000000,-85.000000,6.515927
66,33,80.000000,-85.000000,6.499142
67,33,85.000000,-85.000000,6.482480
68,33,90.000000,-85.000000,6.466457
69,33,95.000000,-85.000000,6.450547
70,33,100.000000,-85.000000,6.434637
71,33,105.000000,-85.000000,6.418786
72,33,110.000000,-85.000000,6.403299
73,33,115.000000,-85.000000,6.388088
74,33,120.000000,-85.000000,6.373565
75,33,125.000000,-85.000000,6.359042
76,33,130.000000,-85.000000,6.344519
77,33,135.000000,-85.000000,6.329965
78,33,140.000000,-85.000000,6.315389
79,33,145.000000,-85.000000,6.300700
80,33,150.000000,-85.000000,6.285969
81,33,155.000000,-85.000000,6.271238
82,33,160.000000,-85.000000,6.256501
83,33,165.000000,-85.000000,6.241404
84,33,170.000000,-85.000000,6.226079
85,33,175.000000,-85.000000,6.209545
86,33,180.000000,-85.000000,6.193012
87,33,185.000000,-85.000000,6.176479
88,33,190.000000,-85.000000,6.159868
89,33,195.000000,-85.000000,6.143161
90,33,200.000000,-85.000000,6.125880
91,33,205.000000,-85.000000,6.108207
92,33,210.000000,-85.000000,6.090535
93,33,215.000000,-85.000000,6.072862
94,33,220.000000,-85.000000,6.055360
95,33,225.000000,-85.000000,6.037930
96,33,230.000000,-85.000000,6.022148
97,33,235.000000,-85.000000,6.006366
98,33,240.000000,-85.000000,5.990583
99,33,245.000000,-85.000000,5.974881
100,33,250.000000,-85.000000,5.959350
0,34,-250.000000,-80.000000,7.606309
1,34,-245.000000,-80.000000,7.588638
2,34,-240.000000,-80.000000,7.570959
3,34,-235.000000,-80.000000,7.553281
4,34,-230.000000,-80.000000,7.535602
5,34,-225.000000,-80.000000,7.518269
6,34,-220.000000,-80.000000,7.500973
7,34,-215.000000,-80.000000,7.483710
8,34,-210.000000,-80.000000,7.466446
9,34,-205.000000,-80.000000,7.449183
10,34,-200.000000,-80.000000,7.432190
11,34,-195.000000,-80.000000,7.415711
12,34,-190.000000,-80.000000,7.399292
13,34,-185.000000,-80.000000,7.382935
14,34,-180.000000,-80.000000,7.366579
15,34,-175.000000,-80.000000,7.350223
16,34,-170.000000,-80.000000,7.334003
17,34,-165.000000,-80.000000,7.317822
18,34,-160.000000,-80.000000,7.301679
19,34,-155.000000,-80.000000,7.285538
20,34,-150.000000,-80.000000,7.269398
21,34,-145.000000,-80.000000,7.253121
22,34,-140.000000,-80.000000,7.236354
23,34,-135.000000,-80.000000,7.219516
24,34,-130.000000,-80.000000,7.202553
25,34,-125.000000,-80.000000,7.185591
26,34,-120.000000,-80.000000,7.168628
27,34,-115.000000,-80.000000,7.151267
28,34,-110.000000,-80.000000,7.133693
29,34,-105.000000,-80.000000,7.115921
30,34,-100.000000,-80.000000,7.098100
31,34,-95.000000,-80.000000,7.080278
32,34,-90.000000,-80.000000,7.062474
33,34,-85.000000,-80.000000,7.044850
34,34,-80.000000,-80.000000,7.027250
35,34,-75.000000,-80.000000,7.009727
36,34,-70.000000,-80.000000,6.992205
37,34,-65.000000,-80.000000,6.974682
38,34,-60.000000,-80.000000,6.957594
39,34,-55.000000,-80.000000,6.940898
40,34,-50.000000,-80.000000,6.924557
41,34,-45.000000,-80.000000,6.908390
42,34,-40.000000,-80.000000,6.892223
43,34,-35.000000,-80.000000,6.876057
44,34,-30.000000,-80.000000,6.860435
45,34,-25.000000,-80.000000,6.844884
46,34,-20.000000,-80.000000,6.829733
47,34,-15.000000,-80.000000,6.814582
48,34,-10.000000,-80.000000,6.799431
49,34,-5.000000,-80.000000,6.784201
50,34,0.000000,-80.000000,6.768849
51,34,5.000000,-80.000000,6.753393
52,34,10.000000,-80.000000,6.737849
53,34,15.000000,-80.000000,6.722304
54,34,20.000000,-80.000000,6.706759
55,34,25.000000,-80.000000,6.690760
56,34,30.000000,-80.000000,6.674671
57,34,35.000000,-80.000000,6.657949
58,34,40.000000,-80.000000,6.641213
59,34,45.000000,-80.000000,6.624477
60,34,50.000000,-80.000000,6.607704
61,34,55.000000,-80.000000,6.590828
62,34,60.000000,-80.000000,6.573869
63,34,65.000000,-80.000000,6.556792
64,34,70.000000,-80.000000,6.539714
65,34,75.000000,-80.000000,6.522636
66,34,80.000000,-80.000000,6.505850
67,34,85.000000,-80.000000,6.489187
68,34,90.000000,-80.000000,6.473161
69,34,95.000000,-80.000000,6.457248
70,34,100.000000,-80.000000,6.441335
71,34,105.000000,-80.000000,6.425481
72,34,110.000000,-80.000000,6.409983
73,34,115.000000,-80.000000,6.394755
74,34,120.000000,-80.000000,6.380203
75,34,125.000000,-80.000000,6.365651
76,34,130.000000,-80.000000,6.351098
77,34,135.000000,-80.000000,6.336508
78,34,140.000000,-80.000000,6.321888
79,34,145.000000,-80.000000,6.307128
80,34,150.000000,-80.000000,6.292312
81,34,155.000000,-80.000000,6.277497
82,34,160.000000,-80.000000,6.262676
83,34,165.000000,-80.000000,6.247482
84,34,170.000000,-80.000000,6.232054
85,34,175.000000,-80.000000,6.215378
86,34,180.000000,-80.000000,6.198702
87,34,185.000000,-80.000000,6.182026
88,34,190.000000,-80.000000,6.165270
89,34,195.000000,-80.000000,6.148416
90,34,200.000000,-80.000000,6.130975
91,34,205.000000,-80.000000,6.113134
92,34,210.000000,-80.000000,6.095292
93,34,215.000000,-80.000000,6.077451
94,34,220.000000,-80.000000,6.059782
95,34,225.000000,-80.000000,6.042186
96,34,230.000000,-80.000000,6.026258
97,34,235.000000,-80.000000,6.010330
98,34,240.000000,-80.000000,5.994402
99,34,245.000000,-80.000000,5.978555
100,34,250.000000,-80.000000,5.962880
0,35,-250.000000,-75.000000,7.609198
1,35,-245.000000,-75.000000,7.591487
2,35,-240.000000,-75.000000,7.573767
3,35,-235.000000,-75.000000,7.556048
4,35,-230.000000,-75.000000,7.538328
5,35,-225.000000,-75.000000,7.520983
6,35,-220.000000,-75.000000,7.503677
7,35,-215.000000,-75.000000,7.486407
8,35,-210.000000,-75.000000,7.469137
9,35,-205.000000,-75.000000,7.451868
10,35,-200.000000,-75.000000,7.434885
11,35,-195.000000,-75.000000,7.418448
12,35,-190.000000,-75.000000,7.402075
13,35,-185.000000,-75.000000,7.385769
14,35,-180.000000,-75.000000,7.369463
15,35,-175.000000,-75.000000,7.353156
16,35,-170.000000,-75.000000,7.337020
17,35,-165.000000,-75.000000,7.320931
18,35,-160.000000,-75.000000,7.304888
19,35,-155.000000,-75.000000,7.288849
20,35,-150.000000,-75.000000,7.272810
21,35,-145.000000,-75.000000,7.256639
22,35,-140.000000,-75.000000,7.239994
23,35,-135.000000,-75.000000,7.223281
24,35,-130.000000,-75.000000,7.206447
25,35,-125.000000,-75.000000,7.189613
26,35,-120.000000,-75.000000,7.172780
27,35,-115.000000,-75.000000,7.155548
28,35,-110.000000,-75.000000,7.138106
29,35,-105.000000,-75.000000,7.120466
30,35,-100.000000,-75.000000,7.102777
31,35,-95.000000,-75.000000,7.085087
32,35,-90.000000,-75.000000,7.067415
33,35,-85.000000,-75.000000,7.049915
34,35,-80.000000,-75.000000,7.032439
35,35,-75.000000,-75.000000,7.015036
36,35,-70.000000,-75.000000,6.997634
37,35,-65.000000,-75.000000,6.980232
38,35,-60.000000,-75.000000,6.963255
39,35,-55.000000,-75.000000,6.946665
40,35,-50.000000,-75.000000,6.930422
41,35,-45.000000,-75.000000,6.914351
42,35,-40.000000,-75.000000,6.898279
43,35,-35.000000,-75.000000,6.882208
44,35,-30.000000,-75.000000,6.866663
45,35,-25.000000,-75.000000,6.851185
46,35,-20.000000,-75.000000,6.836093
47,35,-15.000000,-75.000000,6.821001
48,35,-10.000000,-75.000000,6.805910
49,35,-5.000000,-75.000000,6.790731
50,35,0.000000,-75.000000,6.775421
51,35,5.000000,-75.000000,6.759996
52,35,10.000000,-75.000000,6.744474
53,35,15.000000,-75.000000,6.728953
54,35,20.000000,-75.000000,6.713431
55,35,25.000000,-75.000000,6.697447
56,35,30.000000,-75.000000,6.681371
57,35,35.000000,-75.000000,6.664652
58,35,40.000000,-75.000000,6.647918
59,35,45.000000,-75.000000,6.631184
60,35,50.000000,-75.000000,6.614413
61,35,55.000000,-75.000000,6.597539
62,35,60.000000,-75.000000,6.580580
63,35,65.000000,-75.000000,6.563502
64,35,70.000000,-75.000000,6.546423
65,35,75.000000,-75.000000,6.529345
66,35,80.000000,-75.000000,6.512558
67,35,85.000000,-75.000000,6.495893
68,35,90.000000,-75.000000,6.479865
69,35,95.000000,-75.000000,6.463949
70,35,100.000000,-75.000000,6.448033
71,35,105.000000,-75.000000,6.432175
72,35,110.000000,-75.000000,6.416666
73,35,115.000000,-75.000000,6.401422
74,35,120.000000,-75.000000,6.386841
75,35,125.000000,-75.000000,6.372260
76,35,130.000000,-75.000000,6.357678
77,35,135.000000,-75.000000,6.343050
78,35,140.000000,-75.000000,6.328388
79,35,145.000000,-75.000000,6.313555
80,35,150.000000,-75.000000,6.298655
81,35,155.000000,-75.000000,6.283756
82,35,160.000000,-75.000000,6.268851
83,35,165.000000,-75.000000,6.253561
84,35,170.000000,-75.000000,6.238030
85,35,175.000000,-75.000000,6.221211
86,35,180.000000,-75.000000,6.204392
87,35,185.000000,-75.000000,6.187573
88,35,190.000000,-75.000000,6.170672
89,35,195.000000,-75.000000,6.153671
90,35,200.000000,-75.000000,6.136071
91,35,205.000000,-75.000000,6.118060
92,35,210.000000,-75.000000,6.100050
93,35,215.000000,-75.000000,6.082040
94,35,220.000000,-75.000000,6.064204
95,35,225.000000,-75.000000,6.046443
96,35,230.000000,-75.000000,6.030369
97,35,235.000000,-75.000000,6.014295
98,35,240.000000,-75.000000,5.998221
99,35,245.000000,-75.000000,5.982229
100,35,250.000000,-75.000000,5.966411
0,36,-250.000000,-70.000000,7.612095
1,36,-245.000000,-70.000000,7.594342
2,36,-240.000000,-70.000000,7.576582
3,36,-235.000000,-70.000000,7.558821
4,36,-230.000000,-70.000000,7.541060
5,36,-225.000000,-70.000000,7.523702
6,36,-220.000000,-70.000000,7.506386
7,36,-215.000000,-70.000000,7.489110
8,36,-210.000000,-70.000000,7.471833
9,36,-205.000000,-70.000000,7.454556
10,36,-200.000000,-70.000000,7.437584
11,36,-195.000000,-70.000000,7.421189
12,36,-190.000000,-70.000000,7.404862
13,36,-185.000000,-70.000000,7.388605
14,36,-180.000000,-70.000000,7.372349
15,36,-175.000000,-70.000000,7.356092
16,36,-170.000000,-70.000000,7.340038
17,36,-165.000000,-70.000000,7.324041
18,36,-160.000000,-70.000000,7.308099
19,36,-155.000000,-70.000000,7.292161
20,36,-150.000000,-70.000000,7.276223
21,36,-145.000000,-70.000000,7.260158
22,36,-140.000000,-70.000000,7.243635
23,36,-135.000000,-70.000000,7.227046
24,36,-130.000000,-70.000000,7.210341
25,36,-125.000000,-70.000000,7.193635
26,36,-120.000000,-70.000000,7.176930
27,36,-115.000000,-70.000000,7.159828
28,36,-110.000000,-70.000000,7.142516
29,36,-105.000000,-70.000000,7.125009
30,36,-100.000000,-70.000000,7.107451
31,36,-95.000000,-70.000000,7.089894
32,36,-90.000000,-70.000000,7.072352
33,36,-85.000000,-70.000000,7.054977
34,36,-80.000000,-70.000000,7.037623
35,36,-75.000000,-70.000000,7.020341
36,36,-70.000000,-70.000000,7.003058
37,36,-65.000000,-70.000000,6.985776
38,36,-60.000000,-70.000000,6.968912
39,36,-55.000000,-70.000000,6.952426
40,36,-50.000000,-70.000000,6.936282
41,36,-45.000000,-70.000000,6.920305
42,36,-40.000000,-70.000000,6.904329
43,36,-35.000000,-70.000000,6.888353
44,36,-30.000000,-70.000000,6.872884
45,36,-25.000000,-70.000000,6.857479
46,36,-20.000000,-70.000000,6.842447
47,36,-15.000000,-70.000000,6.827414
48,36,-10.000000,-70.000000,6.812381
49,36,-5.000000,-70.000000,6.797255
50,36,0.000000,-70.000000,6.781985
51,36,5.000000,-70.000000,6.766592
52,36,10.000000,-70.000000,6.751093
53,36,15.000000,-70.000000,6.735595
54,36,20.000000,-70.000000,6.720096
55,36,25.000000,-70.000000,6.704128
56,36,30.000000,-70.000000,6.688065
57,36,35.000000,-70.000000,6.671348
58,36,40.000000,-70.000000,6.654617
59,36,45.000000,-70.000000,6.637885
60,36,50.000000,-70.000000,6.621116
61,36,55.000000,-70.000000,6.604243
62,36,60.000000,-70.000000,6.587284
63,36,65.000000,-70.000000,6.570205
64,36,70.000000,-70.000000,6.553126
65,36,75.000000,-70.000000,6.536048
66,36,80.000000,-70.000000,6.519260
67,36,85.000000,-70.000000,6.502593
68,36,90.000000,-70.000000,6.486563
69,36,95.000000,-70.000000,6.470644
70,36,100.000000,-70.000000,6.454725
71,36,105.000000,-70.000000,6.438862
72,36,110.000000,-70.000000,6.423342
73,36,115.000000,-70.000000,6.408083
74,36,120.000000,-70.000000,6.393473
75,36,125.000000,-70.000000,6.378862
76,36,130.000000,-70.000000,6.364252
77,36,135.000000,-70.000000,6.349587
78,36,140.000000,-70.000000,6.334882
79,36,145.000000,-70.000000,6.319976
80,36,150.000000,-70.000000,6.304993
81,36,155.000000,-70.000000,6.290009
82,36,160.000000,-70.000000,6.275021
83,36,165.000000,-70.000000,6.259635
84,36,170.000000,-70.000000,6.244000
85,36,175.000000,-70.000000,6.227039
86,36,180.000000,-70.000000,6.210077
87,36,185.000000,-70.000000,6.193115
88,36,190.000000,-70.000000,6.176070
89,36,195.000000,-70.000000,6.158923
90,36,200.000000,-70.000000,6.141163
91,36,205.000000,-70.000000,6.122984
92,36,210.000000,-70.000000,6.104805
93,36,215.000000,-70.000000,6.086626
94,36,220.000000,-70.000000,6.068623
95,36,225.000000,-70.000000,6.050696
96,36,230.000000,-70.000000,6.034477
97,36,235.000000,-70.000000,6.018257
98,36,240.000000,-70.000000,6.002037
99,36,245.000000,-70.000000,5.985901
100,36,250.000000,-70.000000,5.969940
0,37,-250.000000,-65.000000,7.615408
1,37,-245.000000,-65.000000,7.597594
2,37,-240.000000,-65.000000,7.579773
3,37,-235.000000,-65.000000,7.561952
4,37,-230.000000,-65.000000,7.544131
5,37,-225.000000,-65.000000,7.526742
6,37,-220.000000,-65.000000,7.509400
7,37,-215.000000,-65.000000,7.492100
8,37,-210.000000,-65.000000,7.474799
9,37,-205.000000,-65.000000,7.457499
10,37,-200.000000,-65.000000,7.440519
11,37,-195.000000,-65.000000,7.424148
12,37,-190.000000,-65.000000,7.407849
13,37,-185.000000,-65.000000,7.391625
14,37,-180.000000,-65.000000,7.375400
15,37,-175.000000,-65.000000,7.359176
16,37,-170.000000,-65.000000,7.343185
17,37,-165.000000,-65.000000,7.327260
18,37,-160.000000,-65.000000,7.311398
19,37,-155.000000,-65.000000,7.295542
20,37,-150.000000,-65.000000,7.279685
21,37,-145.000000,-65.000000,7.263706
22,37,-140.000000,-65.000000,7.247283
23,37,-135.000000,-65.000000,7.230797
24,37,-130.000000,-65.000000,7.214198
25,37,-125.000000,-65.000000,7.197599
26,37,-120.000000,-65.000000,7.181001
27,37,-115.000000,-65.000000,7.164007
28,37,-110.000000,-65.000000,7.146804
29,37,-105.000000,-65.000000,7.129406
30,37,-100.000000,-65.000000,7.111958
31,37,-95.000000,-65.000000,7.094510
32,37,-90.000000,-65.000000,7.077078
33,37,-85.000000,-65.000000,7.059806
34,37,-80.000000,-65.000000,7.042555
35,37,-75.000000,-65.000000,7.025373
36,37,-70.000000,-65.000000,7.008191
37,37,-65.000000,-65.000000,6.991009
38,37,-60.000000,-65.000000,6.974239
39,37,-55.000000,-65.000000,6.957844
40,37,-50.000000,-65.000000,6.941785
41,37,-45.000000,-65.000000,6.925892
42,37,-40.000000,-65.000000,6.909998
43,37,-35.000000,-65.000000,6.894105
44,37,-30.000000,-65.000000,6.878705
45,37,-25.000000,-65.000000,6.863368
46,37,-20.000000,-65.000000,6.848393
47,37,-15.000000,-65.000000,6.833418
48,37,-10.000000,-65.000000,6.818443
49,37,-5.000000,-65.000000,6.803367
50,37,0.000000,-65.000000,6.788140
51,37,5.000000,-65.000000,6.772781
52,37,10.000000,-65.000000,6.757310
53,37,15.000000,-65.000000,6.741839
54,37,20.000000,-65.000000,6.726368
55,37,25.000000,-65.000000,6.710419
56,37,30.000000,-65.000000,6.694374
57,37,35.000000,-65.000000,6.677663
58,37,40.000000,-65.000000,6.660937
59,37,45.000000,-65.000000,6.644211
60,37,50.000000,-65.000000,6.627447
61,37,55.000000,-65.000000,6.610577
62,37,60.000000,-65.000000,6.593620
63,37,65.000000,-65.000000,6.576539
64,37,70.000000,-65.000000,6.559459
65,37,75.000000,-65.000000,6.542379
66,37,80.000000,-65.000000,6.525588
67,37,85.000000,-65.000000,6.508920
68,37,90.000000,-65.000000,6.492884
69,37,95.000000,-65.000000,6.476961
70,37,100.000000,-65.000000,6.461037
71,37,105.000000,-65.000000,6.445169
72,37,110.000000,-65.000000,6.429639
73,37,115.000000,-65.000000,6.414364
74,37,120.000000,-65.000000,6.399729
75,37,125.000000,-65.000000,6.385094
76,37,130.000000,-65.000000,6.370459
77,37,135.000000,-65.000000,6.355762
78,37,140.000000,-65.000000,6.341020
79,37,145.000000,-65.000000,6.326052
80,37,150.000000,-65.000000,6.310997
81,37,155.000000,-65.000000,6.295941
82,37,160.000000,-65.000000,6.280881
83,37,165.000000,-65.000000,6.265412
84,37,170.000000,-65.000000,6.249687
85,37,175.000000,-65.000000,6.232598
86,37,180.000000,-65.000000,6.215509
87,37,185.000000,-65.000000,6.198420
88,37,190.000000,-65.000000,6.181246
89,37,195.000000,-65.000000,6.163967
90,37,200.000000,-65.000000,6.146059
91,37,205.000000,-65.000000,6.127723
92,37,210.000000,-65.000000,6.109387
93,37,215.000000,-65.000000,6.091051
94,37,220.000000,-65.000000,6.072892
95,37,225.000000,-65.000000,6.054810
96,37,230.000000,-65.000000,6.038448
97,37,235.000000,-65.000000,6.022087
98,37,240.000000,-65.000000,6.005726
99,37,245.000000,-65.000000,5.989448
100,37,250.000000,-65.000000,5.973348
0,38,-250.000000,-60.000000,7.618789
1,38,-245.000000,-60.000000,7.600912
2,38,-240.000000,-60.000000,7.583027
3,38,-235.000000,-60.000000,7.565142
4,38,-230.000000,-60.000000,7.547258
5,38,-225.000000,-60.000000,7.529836
6,38,-220.000000,-60.000000,7.512465
7,38,-215.000000,-60.000000,7.495137
8,38,-210.000000,-60.000000,7.477810
9,38,-205.000000,-60.000000,7.460483
10,38,-200.000000,-60.000000,7.443493
11,38,-195.000000,-60.000000,7.427144
12,38,-190.000000,-60.000000,7.410870
13,38,-185.000000,-60.000000,7.394675
14,38,-180.000000,-60.000000,7.378479
15,38,-175.000000,-60.000000,7.362283
16,38,-170.000000,-60.000000,7.346353
17,38,-165.000000,-60.000000,7.330496
18,38,-160.000000,-60.000000,7.314712
19,38,-155.000000,-60.000000,7.298934
20,38,-150.000000,-60.000000,7.283155
21,38,-145.000000,-60.000000,7.267258
22,38,-140.000000,-60.000000,7.250933
23,38,-135.000000,-60.000000,7.234545
24,38,-130.000000,-60.000000,7.218050
25,38,-125.000000,-60.000000,7.201554
26,38,-120.000000,-60.000000,7.185058
27,38,-115.000000,-60.000000,7.168169
28,38,-110.000000,-60.000000,7.151071
29,38,-105.000000,-60.000000,7.133779
30,38,-100.000000,-60.000000,7.116437
31,38,-95.000000,-60.000000,7.099095
32,38,-90.000000,-60.000000,7.081768
33,38,-85.000000,-60.000000,7.064596
34,38,-80.000000,-60.000000,7.047444
35,38,-75.000000,-60.000000,7.030360
36,38,-70.000000,-60.000000,7.013275
37,38,-65.000000,-60.000000,6.996190
38,38,-60.000000,-60.000000,6.979513
39,38,-55.000000,-60.000000,6.963204
40,38,-50.000000,-60.000000,6.947229
41,38,-45.000000,-60.000000,6.931417
42,38,-40.000000,-60.000000,6.915605
43,38,-35.000000,-60.000000,6.899793
44,38,-30.000000,-60.000000,6.884461
45,38,-25.000000,-60.000000,6.869191
46,38,-20.000000,-60.000000,6.854272
47,38,-15.000000,-60.000000,6.839354
48,38,-10.000000,-60.000000,6.824436
49,38,-5.000000,-60.000000,6.809411
50,38,0.000000,-60.000000,6.794227
51,38,5.000000,-60.000000,6.778902
52,38,10.000000,-60.000000,6.763459
53,38,15.000000,-60.000000,6.748017
54,38,20.000000,-60.000000,6.732574
55,38,25.000000,-60.000000,6.716645
56,38,30.000000,-60.000000,6.700618
57,38,35.000000,-60.000000,6.683914
58,38,40.000000,-60.000000,6.667195
59,38,45.000000,-60.000000,6.650476
60,38,50.000000,-60.000000,6.633717
61,38,55.000000,-60.000000,6.616850
62,38,60.000000,-60.000000,6.599894
63,38,65.000000,-60.000000,6.582812
64,38,70.000000,-60.000000,6.565730
65,38,75.000000,-60.000000,6.548648
66,38,80.000000,-60.000000,6.531855
67,38,85.000000,-60.000000,6.515184
68,38,90.000000,-60.000000,6.499144
69,38,95.000000,-60.000000,6.483215
70,38,100.000000,-60.000000,6.467287
71,38,105.000000,-60.000000,6.451413
72,38,110.000000,-60.000000,6.435872
73,38,115.000000,-60.000000,6.420582
74,38,120.000000,-60.000000,6.405923
75,38,125.000000,-60.000000,6.391264
76,38,130.000000,-60.000000,6.376604
77,38,135.000000,-60.000000,6.361876
78,38,140.000000,-60.000000,6.347099
79,38,145.000000,-60.000000,6.332070
80,38,150.000000,-60.000000,6.316945
81,38,155.000000,-60.000000,6.301820
82,38,160.000000,-60.000000,6.286690
83,38,165.000000,-60.000000,6.271140
84,38,170.000000,-60.000000,6.255327
85,38,175.000000,-60.000000,6.238114
86,38,180.000000,-60.000000,6.220900
87,38,185.000000,-60.000000,6.203686
88,38,190.000000,-60.000000,6.186384
89,38,195.000000,-60.000000,6.168976
90,38,200.000000,-60.000000,6.150924
91,38,205.000000,-60.000000,6.132432
92,38,210.000000,-60.000000,6.113940
93,38,215.000000,-60.000000,6.095448
94,38,220.000000,-60.000000,6.077135
95,38,225.000000,-60.000000,6.058900
96,38,230.000000,-60.000000,6.042397
97,38,235.000000,-60.000000,6.025895
98,38,240.000000,-60.000000,6.009393
99,38,245.000000,-60.000000,5.992975
100,38,250.000000,-60.000000,5.976737
0,39,-250.000000,-55.000000,7.622318
1,39,-245.000000,-55.000000,7.604370
2,39,-240.000000,-55.000000,7.586415
3,39,-235.000000,-55.000000,7.568460
4,39,-230.000000,-55.000000,7.550505
5,39,-225.000000,-55.000000,7.533045
6,39,-220.000000,-55.000000,7.515637
7,39,-215.000000,-55.000000,7.498277
8,39,-210.000000,-55.000000,7.480917
9,39,-205.000000,-55.000000,7.463557
10,39,-200.000000,-55.000000,7.446551
11,39,-195.000000,-55.000000,7.430217
12,39,-190.000000,-55.000000,7.413962
13,39,-185.000000,-55.000000,7.397789
14,39,-180.000000,-55.000000,7.381616
15,39,-175.000000,-55.000000,7.365443
16,39,-170.000000,-55.000000,7.349566
17,39,-165.000000,-55.000000,7.333772
18,39,-160.000000,-55.000000,7.318058
19,39,-155.000000,-55.000000,7.302350
20,39,-150.000000,-55.000000,7.286643
21,39,-145.000000,-55.000000,7.270821
22,39,-140.000000,-55.000000,7.254585
23,39,-135.000000,-55.000000,7.238289
24,39,-130.000000,-55.000000,7.221889
25,39,-125.000000,-55.000000,7.205488
26,39,-120.000000,-55.000000,7.189088
27,39,-115.000000,-55.000000,7.172296
28,39,-110.000000,-55.000000,7.155295
29,39,-105.000000,-55.000000,7.138100
30,39,-100.000000,-55.000000,7.120856
31,39,-95.000000,-55.000000,7.103612
32,39,-90.000000,-55.000000,7.086383
33,39,-85.000000,-55.000000,7.069304
34,39,-80.000000,-55.000000,7.052244
35,39,-75.000000,-55.000000,7.035250
36,39,-70.000000,-55.000000,7.018255
37,39,-65.000000,-55.000000,7.001261
38,39,-60.000000,-55.000000,6.984669
39,39,-55.000000,-55.000000,6.968443
40,39,-50.000000,-55.000000,6.952546
41,39,-45.000000,-55.000000,6.936811
42,39,-40.000000,-55.000000,6.921076
43,39,-35.000000,-55.000000,6.905341
44,39,-30.000000,-55.000000,6.890075
45,39,-25.000000,-55.000000,6.874869
46,39,-20.000000,-55.000000,6.860007
47,39,-15.000000,-55.000000,6.845145
48,39,-10.000000,-55.000000,6.830283
49,39,-5.000000,-55.000000,6.815309
50,39,0.000000,-55.000000,6.800167
51,39,5.000000,-55.000000,6.784879
52,39,10.000000,-55.000000,6.769466
53,39,15.000000,-55.000000,6.754053
54,39,20.000000,-55.000000,6.738640
55,39,25.000000,-55.000000,6.722733
56,39,30.000000,-55.000000,6.706726
57,39,35.000000,-55.000000,6.690030
58,39,40.000000,-55.000000,6.673318
59,39,45.000000,-55.000000,6.656606
60,39,50.000000,-55.000000,6.639854
61,39,55.000000,-55.000000,6.622991
62,39,60.000000,-55.000000,6.606037
63,39,65.000000,-55.000000,6.588953
64,39,70.000000,-55.000000,6.571869
65,39,75.000000,-55.000000,6.554785
66,39,80.000000,-55.000000,6.537990
67,39,85.000000,-55.000000,6.521315
68,39,90.000000,-55.000000,6.505270
69,39,95.000000,-55.000000,6.489336
70,39,100.000000,-55.000000,6.473402
71,39,105.000000,-55.000000,6.457521
72,39,110.000000,-55.000000,6.441969
73,39,115.000000,-55.000000,6.426666
74,39,120.000000,-55.000000,6.411984
75,39,125.000000,-55.000000,6.397301
76,39,130.000000,-55.000000,6.382619
77,39,135.000000,-55.000000,6.367862
78,39,140.000000,-55.000000,6.353051
79,39,145.000000,-55.000000,6.337966
80,39,150.000000,-55.000000,6.322775
81,39,155.000000,-55.000000,6.307585
82,39,160.000000,-55.000000,6.292389
83,39,165.000000,-55.000000,6.276763
84,39,170.000000,-55.000000,6.260867
85,39,175.000000,-55.000000,6.243533
86,39,180.000000,-55.000000,6.226200
87,39,185.000000,-55.000000,6.208867
88,39,190.000000,-55.000000,6.191444
89,39,195.000000,-55.000000,6.173911
90,39,200.000000,-55.000000,6.155718
91,39,205.000000,-55.000000,6.137075
92,39,210.000000,-55.000000,6.118432
93,39,215.000000,-55.000000,6.099789
94,39,220.000000,-55.000000,6.081325
95,39,225.000000,-55.000000,6.062940
96,39,230.000000,-55.000000,6.046298
97,39,235.000000,-55.000000,6.029656
98,39,240.000000,-55.000000,6.013015
99,39,245.000000,-55.000000,5.996459
100,39,250.000000,-55.000000,5.980083
0,40,-250.000000,-50.000000,7.625847
1,40,-245.000000,-50.000000,7.607829
2,40,-240.000000,-50.000000,7.589803
3,40,-235.000000,-50.000000,7.571778
4,40,-230.000000,-50.000000,7.553752
5,40,-225.000000,-50.000000,7.536253
6,40,-220.000000,-50.000000,7.518810
7,40,-215.000000,-50.000000,7.501417
8,40,-210.000000,-50.000000,7.484025
9,40,-205.000000,-50.000000,7.466632
10,40,-200.000000,-50.000000,7.449609
11,40,-195.000000,-50.000000,7.433291
12,40,-190.000000,-50.000000,7.417054
13,40,-185.000000,-50.000000,7.400904
14,40,-180.000000,-50.000000,7.384754
15,40,-175.000000,-50.000000,7.368603
16,40,-170.000000,-50.000000,7.352779
17,40,-165.000000,-50.000000,7.337047
18,40,-160.000000,-50.000000,7.321403
19,40,-155.000000,-50.000000,7.305767
20,40,-150.000000,-50.000000,7.290130
21,40,-145.000000,-50.000000,7.274383
22,40,-140.000000,-50.000000,7.258237
23,40,-135.000000,-50.000000,7.242033
24,40,-130.000000,-50.000000,7.225728
25,40,-125.000000,-50.000000,7.209423
26,40,-120.000000,-50.000000,7.193117
27,40,-115.000000,-50.000000,7.176422
28,40,-110.000000,-50.000000,7.159518
29,40,-105.000000,-50.000000,7.142421
30,40,-100.000000,-50.000000,7.125275
31,40,-95.000000,-50.000000,7.108130
32,40,-90.000000,-50.000000,7.090998
33,40,-85.000000,-50.000000,7.074012
34,40,-80.000000,-50.000000,7.057044
35,40,-75.000000,-50.000000,7.040140
36,40,-70.000000,-50.000000,7.023236
37,40,-65.000000,-50.000000,7.006331
38,40,-60.000000,-50.000000,6.989826
39,40,-55.000000,-50.000000,6.973682
40,40,-50.000000,-50.000000,6.957863
41,40,-45.000000,-50.000000,6.942205
42,40,-40.000000,-50.000000,6.926547
43,40,-35.000000,-50.000000,6.910889
44,40,-30.000000,-50.000000,6.895689
45,40,-25.000000,-50.000000,6.880547
46,40,-20.000000,-50.000000,6.865741
47,40,-15.000000,-50.000000,6.850935
48,40,-10.000000,-50.000000,6.836130
49,40,-5.000000,-50.000000,6.821207
50,40,0.000000,-50.000000,6.806108
51,40,5.000000,-50.000000,6.790855
52,40,10.000000,-50.000000,6.775472
53,40,15.000000,-50.000000,6.760090
54,40,20.000000,-50.000000,6.744707
55,40,25.000000,-50.000000,6.728820
56,40,30.000000,-50.000000,6.712833
57,40,35.000000,-50.000000,6.696145
58,40,40.000000,-50.000000,6.679441
59,40,45.000000,-50.000000,6.662737
60,40,50.000000,-50.000000,6.645992
61,40,55.000000,-50.000000,6.629133
62,40,60.000000,-50.000000,6.612180
63,40,65.000000,-50.000000,6.595094
64,40,70.000000,-50.000000,6.578008
65,40,75.000000,-50.000000,6.560922
66,40,80.000000,-50.000000,6.544124
67,40,85.000000,-50.000000,6.527446
68,40,90.000000,-50.000000,6.511396
69,40,95.000000,-50.000000,6.495456
70,40,100.000000,-50.000000,6.479516
71,40,105.000000,-50.000000,6.463630
72,40,110.000000,-50.000000,6.448067
73,40,115.000000,-50.000000,6.432749
74,40,120.000000,-50.000000,6.418044
75,40,125.000000,-50.000000,6.403339
76,40,130.000000,-50.000000,6.388634
77,40,135.000000,-50.000000,6.373848
78,40,140.000000,-50.000000,6.359003
79,40,145.000000,-50.000000,6.343861
80,40,150.000000,-50.000000,6.328605
81,40,155.000000,-50.000000,6.313349
82,40,160.000000,-50.000000,6.298088
83,40,165.000000,-50.000000,6.282385
84,40,170.000000,-50.000000,6.266406
85,40,175.000000,-50.000000,6.248953
86,40,180.000000,-50.000000,6.231500
87,40,185.000000,-50.000000,6.214048
88,40,190.000000,-50.000000,6.196503
89,40,195.000000,-50.000000,6.178846
90,40,200.000000,-50.000000,6.160513
91,40,205.000000,-50.000000,6.141718
92,40,210.000000,-50.000000,6.122924
93,40,215.000000,-50.000000,6.104129
94,40,220.000000,-50.000000,6.085515
95,40,225.000000,-50.000000,6.066980
96,40,230.000000,-50.000000,6.050199
97,40,235.000000,-50.000000,6.033418
98,40,240.000000,-50.000000,6.016637
99,40,245.000000,-50.000000,5.999942
100,40,250.000000,-50.000000,5.983429
0,41,-250.000000,-45.000000,7.629376
1,41,-245.000000,-45.000000,7.611288
2,41,-240.000000,-45.000000,7.593192
3,41,-235.000000,-45.000000,7.575096
4,41,-230.000000,-45.000000,7.557000
5,41,-225.000000,-45.000000,7.539461
6,41,-220.000000,-45.000000,7.521982
7,41,-215.000000,-45.000000,7.504557
8,41,-210.000000,-45.000000,7.487132
9,41,-205.000000,-45.000000,7.469706
10,41,-200.000000,-45.000000,7.452668
11,41,-195.000000,-45.000000,7.436364
12,41,-190.000000,-45.000000,7.420147
13,41,-185.000000,-45.000000,7.404019
14,41,-180.000000,-45.000000,7.387891
15,41,-175.000000,-45.000000,7.371764
16,41,-170.000000,-45.000000,7.355993
17,41,-165.000000,-45.000000,7.340322
18,41,-160.000000,-45.000000,7.324749
19,41,-155.000000,-45.000000,7.309183
20,41,-150.000000,-45.000000,7.293618
21,41,-145.000000,-45.000000,7.277945
22,41,-140.000000,-45.000000,7.261889
23,41,-135.000000,-45.000000,7.245776
24,41,-130.000000,-45.000000,7.229567
25,41,-125.000000,-45.000000,7.213357
26,41,-120.000000,-45.000000,7.197147
27,41,-115.000000,-45.000000,7.180548
28,41,-110.000000,-45.000000,7.163742
29,41,-105.000000,-45.000000,7.146743
30,41,-100.000000,-45.000000,7.129695
31,41,-95.000000,-45.000000,7.112647
32,41,-90.000000,-45.000000,7.095613
33,41,-85.000000,-45.000000,7.078719
34,41,-80.000000,-45.000000,7.061844
35,41,-75.000000,-45.000000,7.045030
36,41,-70.000000,-45.000000,7.028216
37,41,-65.000000,-45.000000,7.011402
38,41,-60.000000,-45.000000,6.994982
39,41,-55.000000,-45.000000,6.978920
40,41,-50.000000,-45.000000,6.963180
41,41,-45.000000,-45.000000,6.947599
42,41,-40.000000,-45.000000,6.932018
43,41,-35.000000,-45.000000,6.916437
44,41,-30.000000,-45.000000,6.901302
45,41,-25.000000,-45.000000,6.886225
46,41,-20.000000,-45.000000,6.871476
47,41,-15.000000,-45.000000,6.856726
48,41,-10.000000,-45.000000,6.841977
49,41,-5.000000,-45.000000,6.827105
50,41,0.000000,-45.000000,6.812049
51,41,5.000000,-45.000000,6.796832
52,41,10.000000,-45.000000,6.781479
53,41,15.000000,-45.000000,6.766126
54,41,20.000000,-45.000000,6.750773
55,41,25.000000,-45.000000,6.734908
56,41,30.000000,-45.000000,6.718941
57,41,35.000000,-45.000000,6.702260
58,41,40.000000,-45.000000,6.685564
59,41,45.000000,-45.000000,6.668868
60,41,50.000000,-45.000000,6.652129
61,41,55.000000,-45.000000,6.635274
62,41,60.000000,-45.000000,6.618322
63,41,65.000000,-45.000000,6.601235
64,41,70.000000,-45.000000,6.584147
65,41,75.000000,-45.000000,6.567059
66,41,80.000000,-45.000000,6.550258
67,41,85.000000,-45.000000,6.533577
68,41,90.000000,-45.000000,6.517522
69,41,95.000000,-45.000000,6.501576
70,41,100.000000,-45.000000,6.485631
71,41,105.000000,-45.000000,6.469738
72,41,110.000000,-45.000000,6.454164
73,41,115.000000,-45.000000,6.438833
74,41,120.000000,-45.000000,6.424105
75,41,125.000000,-45.000000,6.409377
76,41,130.000000,-45.000000,6.394649
77,41,135.000000,-45.000000,6.379834
78,41,140.000000,-45.000000,6.364955
79,41,145.000000,-45.000000,6.349757
80,41,150.000000,-45.000000,6.334435
81,41,155.000000,-45.000000,6.319114
82,41,160.000000,-45.000000,6.303787
83,41,165.000000,-45.000000,6.288008
84,41,170.000000,-45.000000,6.271945
85,41,175.000000,-45.000000,6.254373
86,41,180.000000,-45.000000,6.236801
87,41,185.000000,-45.000000,6.219229
88,41,190.000000,-45.000000,6.201563
89,41,195.000000,-45.000000,6.183781
90,41,200.000000,-45.000000,6.165307
91,41,205.000000,-45.000000,6.146361
92,41,210.000000,-45.000000,6.127415
93,41,215.000000,-45.000000,6.108469
94,41,220.000000,-45.000000,6.089705
95,41,225.000000,-45.000000,6.071020
96,41,230.000000,-45.000000,6.054099
97,41,235.000000,-45.000000,6.037179
98,41,240.000000,-45.000000,6.020258
99,41,245.000000,-45.000000,6.003425
100,41,250.000000,-45.000000,5.986775
0,42,-250.000000,-40.000000,7.633743
1,42,-245.000000,-40.000000,7.615564
2,42,-240.000000,-40.000000,7.597378
3,42,-235.000000,-40.000000,7.579192
4,42,-230.000000,-40.000000,7.561006
5,42,-225.000000,-40.000000,7.543413
6,42,-220.000000,-40.000000,7.525883
7,42,-215.000000,-40.000000,7.508410
8,42,-210.000000,-40.000000,7.490937
9,42,-205.000000,-40.000000,7.473464
10,42,-200.000000,-40.000000,7.456394
11,42,-195.000000,-40.000000,7.440088
12,42,-190.000000,-40.000000,7.423873
13,42,-185.000000,-40.000000,7.407751
14,42,-180.000000,-40.000000,7.391629
15,42,-175.000000,-40.000000,7.375507
16,42,-170.000000,-40.000000,7.359773
17,42,-165.000000,-40.000000,7.344148
18,42,-160.000000,-40.000000,7.328629
19,42,-155.000000,-40.000000,7.313118
20,42,-150.000000,-40.000000,7.297607
21,42,-145.000000,-40.000000,7.281995
22,42,-140.000000,-40.000000,7.266018
23,42,-135.000000,-40.000000,7.249989
24,42,-130.000000,-40.000000,7.233867
25,42,-125.000000,-40.000000,7.217745
26,42,-120.000000,-40.000000,7.201623
27,42,-115.000000,-40.000000,7.185117
28,42,-110.000000,-40.000000,7.168407
29,42,-105.000000,-40.000000,7.151508
30,42,-100.000000,-40.000000,7.134560
31,42,-95.000000,-40.000000,7.117612
32,42,-90.000000,-40.000000,7.100678
33,42,-85.000000,-40.000000,7.083881
34,42,-80.000000,-40.000000,7.067102
35,42,-75.000000,-40.000000,7.050382
36,42,-70.000000,-40.000000,7.033662
37,42,-65.000000,-40.000000,7.016942
38,42,-60.000000,-40.000000,7.000611
39,42,-55.000000,-40.000000,6.984633
40,42,-50.000000,-40.000000,6.968971
41,42,-45.000000,-40.000000,6.953466
42,42,-40.000000,-40.000000,6.937961
43,42,-35.000000,-40.000000,6.922456
44,42,-30.000000,-40.000000,6.907386
45,42,-25.000000,-40.000000,6.892372
46,42,-20.000000,-40.000000,6.877677
47,42,-15.000000,-40.000000,6.862982
48,42,-10.000000,-40.000000,6.848287
49,42,-5.000000,-40.000000,6.833466
50,42,0.000000,-40.000000,6.818456
51,42,5.000000,-40.000000,6.803280
52,42,10.000000,-40.000000,6.787965
53,42,15.000000,-40.000000,6.772650
54,42,20.000000,-40.000000,6.757334
55,42,25.000000,-40.000000,6.741504
56,42,30.000000,-40.000000,6.725570
57,42,35.000000,-40.000000,6.708919
58,42,40.000000,-40.000000,6.692252
59,42,45.000000,-40.000000,6.675586
60,42,50.000000,-40.000000,6.658875
61,42,55.000000,-40.000000,6.642047
62,42,60.000000,-40.000000,6.625121
63,42,65.000000,-40.000000,6.608057
64,42,70.000000,-40.000000,6.590993
65,42,75.000000,-40.000000,6.573930
66,42,80.000000,-40.000000,6.557149
67,42,85.000000,-40.000000,6.540488
68,42,90.000000,-40.000000,6.524445
69,42,95.000000,-40.000000,6.508511
70,42,100.000000,-40.000000,6.492578
71,42,105.000000,-40.000000,6.476695
72,42,110.000000,-40.000000,6.461125
73,42,115.000000,-40.000000,6.445793
74,42,120.000000,-40.000000,6.431052
75,42,125.000000,-40.000000,6.416311
76,42,130.000000,-40.000000,6.401570
77,42,135.000000,-40.000000,6.386738
78,42,140.000000,-40.000000,6.371838
79,42,145.000000,-40.000000,6.356602
80,42,150.000000,-40.000000,6.341236
81,42,155.000000,-40.000000,6.325870
82,42,160.000000,-40.000000,6.310499
83,42,165.000000,-40.000000,6.294670
84,42,170.000000,-40.000000,6.278556
85,42,175.000000,-40.000000,6.260915
86,42,180.000000,-40.000000,6.243274
87,42,185.000000,-40.000000,6.225633
88,42,190.000000,-40.000000,6.207898
89,42,195.000000,-40.000000,6.190047
90,42,200.000000,-40.000000,6.171502
91,42,205.000000,-40.000000,6.152482
92,42,210.000000,-40.000000,6.133462
93,42,215.000000,-40.000000,6.114442
94,42,220.000000,-40.000000,6.095606
95,42,225.000000,-40.000000,6.076848
96,42,230.000000,-40.000000,6.059869
97,42,235.000000,-40.000000,6.042889
98,42,240.000000,-40.000000,6.025910
99,42,245.000000,-40.000000,6.009017
100,42,250.000000,-40.000000,5.992310
0,43,-250.000000,-35.000000,7.638311
1,43,-245.000000,-35.000000,7.620037
2,43,-240.000000,-35.000000,7.601757
3,43,-235.000000,-35.000000,7.583476
4,43,-230.000000,-35.000000,7.565195
5,43,-225.000000,-35.000000,7.547544
6,43,-220.000000,-35.000000,7.529959
7,43,-215.000000,-35.000000,7.512434
8,43,-210.000000,-35.000000,7.494910
9,43,-205.000000,-35.000000,7.477386
10,43,-200.000000,-35.000000,7.460280
11,43,-195.000000,-35.000000,7.443969
12,43,-190.000000,-35.000000,7.427752
13,43,-185.000000,-35.000000,7.411631
14,43,-180.000000,-35.000000,7.395511
15,43,-175.000000,-35.000000,7.379390
16,43,-170.000000,-35.000000,7.363689
17,43,-165.000000,-35.000000,7.348106
18,43,-160.000000,-35.000000,7.332637
19,43,-155.000000,-35.000000,7.317177
20,43,-150.000000,-35.000000,7.301717
21,43,-145.000000,-35.000000,7.286162
22,43,-140.000000,-35.000000,7.270263
23,43,-135.000000,-35.000000,7.254314
24,43,-130.000000,-35.000000,7.238278
25,43,-125.000000,-35.000000,7.222242
26,43,-120.000000,-35.000000,7.206205
27,43,-115.000000,-35.000000,7.189792
28,43,-110.000000,-35.000000,7.173179
29,43,-105.000000,-35.000000,7.156379
30,43,-100.000000,-35.000000,7.139533
31,43,-95.000000,-35.000000,7.122686
32,43,-90.000000,-35.000000,7.105852
33,43,-85.000000,-35.000000,7.089152
34,43,-80.000000,-35.000000,7.072470
35,43,-75.000000,-35.000000,7.055845
36,43,-70.000000,-35.000000,7.039220
37,43,-65.000000,-35.000000,7.022596
38,43,-60.000000,-35.000000,7.006354
39,43,-55.000000,-35.000000,6.990459
40,43,-50.000000,-35.000000,6.974876
41,43,-45.000000,-35.000000,6.959447
42,43,-40.000000,-35.000000,6.944018
43,43,-35.000000,-35.000000,6.928589
44,43,-30.000000,-35.000000,6.913583
45,43,-25.000000,-35.000000,6.898632
46,43,-20.000000,-35.000000,6.883990
47,43,-15.000000,-35.000000,6.869349
48,43,-10.000000,-35.000000,6.854708
49,43,-5.000000,-35.000000,6.839939
50,43,0.000000,-35.000000,6.824975
51,43,5.000000,-35.000000,6.809842
52,43,10.000000,-35.000000,6.794566
53,43,15.000000,-35.000000,6.779290
54,43,20.000000,-35.000000,6.764014
55,43,25.000000,-35.000000,6.748221
56,43,30.000000,-35.000000,6.732325
57,43,35.000000,-35.000000,6.715708
58,43,40.000000,-35.000000,6.699076
59,43,45.000000,-35.000000,6.682443
60,43,50.000000,-35.000000,6.665767
61,43,55.000000,-35.000000,6.648971
62,43,60.000000,-35.000000,6.632077
63,43,65.000000,-35.000000,6.615043
64,43,70.000000,-35.000000,6.598009
65,43,75.000000,-35.000000,6.580975
66,43,80.000000,-35.000000,6.564222
67,43,85.000000,-35.000000,6.547585
68,43,90.000000,-35.000000,6.531559
69,43,95.000000,-35.000000,6.515641
70,43,100.000000,-35.000000,6.499723
71,43,105.000000,-35.000000,6.483855
72,43,110.000000,-35.000000,6.468293
73,43,115.000000,-35.000000,6.452963
74,43,120.000000,-35.000000,6.438212
75,43,125.000000,-35.000000,6.423460
76,43,130.000000,-35.000000,6.408709
77,43,135.000000,-35.000000,6.393862
78,43,140.000000,-35.000000,6.378944
79,43,145.000000,-35.000000,6.363675
80,43,150.000000,-35.000000,6.348270
81,43,155.000000,-35.000000,6.332865
82,43,160.000000,-35.000000,6.317454
83,43,165.000000,-35.000000,6.301583
84,43,170.000000,-35.000000,6.285423
85,43,175.000000,-35.000000,6.267726
86,43,180.000000,-35.000000,6.250029
87,43,185.000000,-35.000000,6.232331
88,43,190.000000,-35.000000,6.214540
89,43,195.000000,-35.000000,6.196633
90,43,200.000000,-35.000000,6.178031
91,43,205.000000,-35.000000,6.158956
92,43,210.000000,-35.000000,6.139881
93,43,215.000000,-35.000000,6.120806
94,43,220.000000,-35.000000,6.101916
95,43,225.000000,-35.000000,6.083105
96,43,230.000000,-35.000000,6.066086
97,43,235.000000,-35.000000,6.049067
98,43,240.000000,-35.000000,6.032048
99,43,245.000000,-35.000000,6.015116
100,43,250.000000,-35.000000,5.998370
0,44,-250.000000,-30.000000,7.643330
1,44,-245.000000,-30.000000,7.624950
2,44,-240.000000,-30.000000,7.606565
3,44,-235.000000,-30.000000,7.588179
4,44,-230.000000,-30.000000,7.569793
5,44,-225.000000,-30.000000,7.552074
6,44,-220.000000,-30.000000,7.534426
7,44,-215.000000,-30.000000,7.516843
8,44,-210.000000,-30.000000,7.499259
9,44,-205.000000,-30.000000,7.481675
10,44,-200.000000,-30.000000,7.464525
11,44,-195.000000,-30.000000,7.448200
12,44,-190.000000,-30.000000,7.431971
13,44,-185.000000,-30.000000,7.415844
14,44,-180.000000,-30.000000,7.399716
15,44,-175.000000,-30.000000,7.383588
16,44,-170.000000,-30.000000,7.367911
17,44,-165.000000,-30.000000,7.352361
18,44,-160.000000,-30.000000,7.336933
19,44,-155.000000,-30.000000,7.321516
20,44,-150.000000,-30.000000,7.306098
21,44,-145.000000,-30.000000,7.290592
22,44,-140.000000,-30.000000,7.274764
23,44,-135.000000,-30.000000,7.258891
24,44,-130.000000,-30.000000,7.242937
25,44,-125.000000,-30.000000,7.226982
26,44,-120.000000,-30.000000,7.211028
27,44,-115.000000,-30.000000,7.194706
28,44,-110.000000,-30.000000,7.178189
29,44,-105.000000,-30.000000,7.161490
30,44,-100.000000,-30.000000,7.144745
31,44,-95.000000,-30.000000,7.128000
32,44,-90.000000,-30.000000,7.111268
33,44,-85.000000,-30.000000,7.094667
34,44,-80.000000,-30.000000,7.078083
35,44,-75.000000,-30.000000,7.061556
36,44,-70.000000,-30.000000,7.045029
37,44,-65.000000,-30.000000,7.028503
38,44,-60.000000,-30.000000,7.012351
39,44,-55.000000,-30.000000,6.996540
40,44,-50.000000,-30.000000,6.981036
41,44,-45.000000,-30.000000,6.965683
42,44,-40.000000,-30.000000,6.950329
43,44,-35.000000,-30.000000,6.934976
44,44,-30.000000,-30.000000,6.920033
45,44,-25.000000,-30.000000,6.905143
46,44,-20.000000,-30.000000,6.890555
47,44,-15.000000,-30.000000,6.875967
48,44,-10.000000,-30.000000,6.861378
49,44,-5.000000,-30.000000,6.846660
50,44,0.000000,-30.000000,6.831744
51,44,5.000000,-30.000000,6.816657
52,44,10.000000,-30.000000,6.801425
53,44,15.000000,-30.000000,6.786193
54,44,20.000000,-30.000000,6.770960
55,44,25.000000,-30.000000,6.755212
56,44,30.000000,-30.000000,6.739360
57,44,35.000000,-30.000000,6.722790
58,44,40.000000,-30.000000,6.706203
59,44,45.000000,-30.000000,6.689617
60,44,50.000000,-30.000000,6.672986
61,44,55.000000,-30.000000,6.656236
62,44,60.000000,-30.000000,6.639386
63,44,65.000000,-30.000000,6.622396
64,44,70.000000,-30.000000,6.605406
65,44,75.000000,-30.000000,6.588416
66,44,80.000000,-30.000000,6.571701
67,44,85.000000,-30.000000,6.555102
68,44,90.000000,-30.000000,6.539103
69,44,95.000000,-30.000000,6.523210
70,44,100.000000,-30.000000,6.507317
71,44,105.000000,-30.000000,6.491472
72,44,110.000000,-30.000000,6.475926
73,44,115.000000,-30.000000,6.460605
74,44,120.000000,-30.000000,6.445849
75,44,125.000000,-30.000000,6.431092
76,44,130.000000,-30.000000,6.416335
77,44,135.000000,-30.000000,6.401480
78,44,140.000000,-30.000000,6.386551
79,44,145.000000,-30.000000,6.371258
80,44,150.000000,-30.000000,6.355826
81,44,155.000000,-30.000000,6.340393
82,44,160.000000,-30.000000,6.324954
83,44,165.000000,-30.000000,6.309055
84,44,170.000000,-30.000000,6.292867
85,44,175.000000,-30.000000,6.275141
86,44,180.000000,-30.000000,6.257414
87,44,185.000000,-30.000000,6.239688
88,44,190.000000,-30.000000,6.221869
89,44,195.000000,-30.000000,6.203934
90,44,200.000000,-30.000000,6.185315
91,44,205.000000,-30.000000,6.166226
92,44,210.000000,-30.000000,6.147137
93,44,215.000000,-30.000000,6.128049
94,44,220.000000,-30.000000,6.109147
95,44,225.000000,-30.000000,6.090325
96,44,230.000000,-30.000000,6.073309
97,44,235.000000,-30.000000,6.056293
98,44,240.000000,-30.000000,6.039278
99,44,245.000000,-30.000000,6.022350
100,44,250.000000,-30.000000,6.005608
0,45,-250.000000,-25.000000,7.648349
1,45,-245.000000,-25.000000,7.629864
2,45,-240.000000,-25.000000,7.611373
3,45,-235.000000,-25.000000,7.592882
4,45,-230.000000,-25.000000,7.574391
5,45,-225.000000,-25.000000,7.556605
6,45,-220.000000,-25.000000,7.538894
7,45,-215.000000,-25.000000,7.521251
8,45,-210.000000,-25.000000,7.503608
9,45,-205.000000,-25.000000,7.485965
10,45,-200.000000,-25.000000,7.468771
11,45,-195.000000,-25.000000,7.452431
12,45,-190.000000,-25.000000,7.436191
13,45,-185.000000,-25.000000,7.420056
14,45,-180.000000,-25.000000,7.403920
15,45,-175.000000,-25.000000,7.387785
16,45,-170.000000,-25.000000,7.372132
17,45,-165.000000,-25.000000,7.356615
18,45,-160.000000,-25.000000,7.341229
19,45,-155.000000,-25.000000,7.325854
20,45,-150.000000,-25.000000,7.310478
21,45,-145.000000,-25.000000,7.295021
22,45,-140.000000,-25.000000,7.279266
23,45,-135.000000,-25.000000,7.263469
24,45,-130.000000,-25.000000,7.247596
25,45,-125.000000,-25.000000,7.231723
26,45,-120.000000,-25.000000,7.215851
27,45,-115.000000,-25.000000,7.199620
28,45,-110.000000,-25.000000,7.183199
29,45,-105.000000,-25.000000,7.166601
30,45,-100.000000,-25.000000,7.149958
31,45,-95.000000,-25.000000,7.133314
32,45,-90.000000,-25.000000,7.116684
33,45,-85.000000,-25.000000,7.100182
34,45,-80.000000,-25.000000,7.083697
35,45,-75.000000,-25.000000,7.067268
36,45,-70.000000,-25.000000,7.050838
37,45,-65.000000,-25.000000,7.034409
38,45,-60.000000,-25.000000,7.018348
39,45,-55.000000,-25.000000,7.002622
40,45,-50.000000,-25.000000,6.987196
41,45,-45.000000,-25.000000,6.971918
42,45,-40.000000,-25.000000,6.956640
43,45,-35.000000,-25.000000,6.941362
44,45,-30.000000,-25.000000,6.926483
45,45,-25.000000,-25.000000,6.911655
46,45,-20.000000,-25.000000,6.897120
47,45,-15.000000,-25.000000,6.882584
48,45,-10.000000,-25.000000,6.868049
49,45,-5.000000,-25.000000,6.853381
50,45,0.000000,-25.000000,6.838514
51,45,5.000000,-25.000000,6.823472
52,45,10.000000,-25.000000,6.808284
53,45,15.000000,-25.000000,6.793095
54,45,20.000000,-25.000000,6.777907
55,45,25.000000,-25.000000,6.762203
56,45,30.000000,-25.000000,6.746396
57,45,35.000000,-25.000000,6.729871
58,45,40.000000,-25.000000,6.713331
59,45,45.000000,-25.000000,6.696790
60,45,50.000000,-25.000000,6.680205
61,45,55.000000,-25.000000,6.663500
62,45,60.000000,-25.000000,6.646695
63,45,65.000000,-25.000000,6.629749
64,45,70.000000,-25.000000,6.612802
65,45,75.000000,-25.000000,6.595856
66,45,80.000000,-25.000000,6.579181
67,45,85.000000,-25.000000,6.562618
68,45,90.000000,-25.000000,6.546646
69,45,95.000000,-25.000000,6.530778
70,45,100.000000,-25.000000,6.514910
71,45,105.000000,-25.000000,6.499089
72,45,110.000000,-25.000000,6.483558
73,45,115.000000,-25.000000,6.468248
74,45,120.000000,-25.000000,6.453486
75,45,125.000000,-25.000000,6.438724
76,45,130.000000,-25.000000,6.423962
77,45,135.000000,-25.000000,6.409097
78,45,140.000000,-25.000000,6.394158
79,45,145.000000,-25.000000,6.378842
80,45,150.000000,-25.000000,6.363381
81,45,155.000000,-25.000000,6.347921
82,45,160.000000,-25.000000,6.332454
83,45,165.000000,-25.000000,6.316527
84,45,170.000000,-25.000000,6.300311
85,45,175.000000,-25.000000,6.282556
86,45,180.000000,-25.000000,6.264800
87,45,185.000000,-25.000000,6.247045
88,45,190.000000,-25.000000,6.229197
89,45,195.000000,-25.000000,6.211236
90,45,200.000000,-25.000000,6.192598
91,45,205.000000,-25.000000,6.173496
92,45,210.000000,-25.000000,6.154394
93,45,215.000000,-25.000000,6.135292
94,45,220.000000,-25.000000,6.116378
95,45,225.000000,-25.000000,6.097544
96,45,230.000000,-25.000000,6.080532
97,45,235.000000,-25.000000,6.063520
98,45,240.000000,-25.000000,6.046508
99,45,245.000000,-25.000000,6.029584
100,45,250.000000,-25.000000,6.012845
0,46,-250.000000,-20.000000,7.653367
1,46,-245.000000,-20.000000,7.634777
2,46,-240.000000,-20.000000,7.616181
3,46,-235.000000,-20.000000,7.597585
4,46,-230.000000,-20.000000,7.578989
5,46,-225.000000,-20.000000,7.561136
6,46,-220.000000,-20.000000,7.543362
7,46,-215.000000,-20.000000,7.525659
8,46,-210.000000,-20.000000,7.507957
9,46,-205.000000,-20.000000,7.490254
10,46,-200.000000,-20.000000,7.473016
11,46,-195.000000,-20.000000,7.456662
12,46,-190.000000,-20.000000,7.440411
13,46,-185.000000,-20.000000,7.424268
14,46,-180.000000,-20.000000,7.408125
15,46,-175.000000,-20.000000,7.391982
16,46,-170.000000,-20.000000,7.376354
17,46,-165.000000,-20.000000,7.360870
18,46,-160.000000,-20.000000,7.345525
19,46,-155.000000,-20.000000,7.330192
20,46,-150.000000,-20.000000,7.314859
21,46,-145.000000,-20.000000,7.299450
22,46,-140.000000,-20.000000,7.283768
23,46,-135.000000,-20.000000,7.268046
24,46,-130.000000,-20.000000,7.252255
25,46,-125.000000,-20.000000,7.236464
26,46,-120.000000,-20.000000,7.220674
27,46,-115.000000,-20.000000,7.204534
28,46,-110.000000,-20.000000,7.188209
29,46,-105.000000,-20.000000,7.171711
30,46,-100.000000,-20.000000,7.155170
31,46,-95.000000,-20.000000,7.138629
32,46,-90.000000,-20.000000,7.122100
33,46,-85.000000,-20.000000,7.105697
34,46,-80.000000,-20.000000,7.089311
35,46,-75.000000,-20.000000,7.072979
36,46,-70.000000,-20.000000,7.056647
37,46,-65.000000,-20.000000,7.040316
38,46,-60.000000,-20.000000,7.024346
39,46,-55.000000,-20.000000,7.008703
40,46,-50.000000,-20.000000,6.993356
41,46,-45.000000,-20.000000,6.978153
42,46,-40.000000,-20.000000,6.962951
43,46,-35.000000,-20.000000,6.947749
44,46,-30.000000,-20.000000,6.932933
45,46,-25.000000,-20.000000,6.918167
46,46,-20.000000,-20.000000,6.903684
47,46,-15.000000,-20.000000,6.889202
48,46,-10.000000,-20.000000,6.874719
49,46,-5.000000,-20.000000,6.860103
50,46,0.000000,-20.000000,6.845283
51,46,5.000000,-20.000000,6.830288
52,46,10.000000,-20.000000,6.815143
53,46,15.000000,-20.000000,6.799998
54,46,20.000000,-20.000000,6.784853
55,46,25.000000,-20.000000,6.769194
56,46,30.000000,-20.000000,6.753431
57,46,35.000000,-20.000000,6.736953
58,46,40.000000,-20.000000,6.720458
59,46,45.000000,-20.000000,6.703964
60,46,50.000000,-20.000000,6.687425
61,46,55.000000,-20.000000,6.670764
62,46,60.000000,-20.000000,6.654004
63,46,65.000000,-20.000000,6.637101
64,46,70.000000,-20.000000,6.620199
65,46,75.000000,-20.000000,6.603297
66,46,80.000000,-20.000000,6.586660
67,46,85.000000,-20.000000,6.570135
68,46,90.000000,-20.000000,6.554189
69,46,95.000000,-20.000000,6.538346
70,46,100.000000,-20.000000,6.522503
71,46,105.000000,-20.000000,6.506706
72,46,110.000000,-20.000000,6.491191
73,46,115.000000,-20.000000,6.475890
74,46,120.000000,-20.000000,6.461123
75,46,125.000000,-20.000000,6.446355
76,46,130.000000,-20.000000,6.431588
77,46,135.000000,-20.000000,6.416715
78,46,140.000000,-20.000000,6.401765
79,46,145.000000,-20.000000,6.386426
80,46,150.000000,-20.000000,6.370937
81,46,155.000000,-20.000000,6.355449
82,46,160.000000,-20.000000,6.339955
83,46,165.000000,-20.000000,6.323999
84,46,170.000000,-20.000000,6.307755
85,46,175.000000,-20.000000,6.289971
86,46,180.000000,-20.000000,6.272186
87,46,185.000000,-20.000000,6.254401
88,46,190.000000,-20.000000,6.236526
89,46,195.000000,-20.000000,6.218538
90,46,200.000000,-20.000000,6.199881
91,46,205.000000,-20.000000,6.180765
92,46,210.000000,-20.000000,6.161650
93,46,215.000000,-20.000000,6.142534
94,46,220.000000,-20.000000,6.123608
95,46,225.000000,-20.000000,6.104764
96,46,230.000000,-20.000000,6.087755
97,46,235.000000,-20.000000,6.070747
98,46,240.000000,-20.000000,6.053738
99,46,245.000000,-20.000000,6.036817
100,46,250.000000,-20.000000,6.020083
0,47,-250.000000,-15.000000,7.658961
1,47,-245.000000,-15.000000,7.640237
2,47,-240.000000,-15.000000,7.621509
3,47,-235.000000,-15.000000,7.602780
4,47,-230.000000,-15.000000,7.584052
5,47,-225.000000,-15.000000,7.566112
6,47,-220.000000,-15.000000,7.548256
7,47,-215.000000,-15.000000,7.530476
8,47,-210.000000,-15.000000,7.512696
9,47,-205.000000,-15.000000,7.494916
10,47,-200.000000,-15.000000,7.477618
11,47,-195.000000,-15.000000,7.461237
12,47,-190.000000,-15.000000,7.444963
13,47,-185.000000,-15.000000,7.428801
14,47,-180.000000,-15.000000,7.412639
15,47,-175.000000,-15.000000,7.396477
16,47,-170.000000,-15.000000,7.380866
17,47,-165.000000,-15.000000,7.365409
18,47,-160.000000,-15.000000,7.350101
19,47,-155.000000,-15.000000,7.334806
20,47,-150.000000,-15.000000,7.319511
21,47,-145.000000,-15.000000,7.304148
22,47,-140.000000,-15.000000,7.288540
23,47,-135.000000,-15.000000,7.272898
24,47,-130.000000,-15.000000,7.257193
25,47,-125.000000,-15.000000,7.241489
26,47,-120.000000,-15.000000,7.225784
27,47,-115.000000,-15.000000,7.209743
28,47,-110.000000,-15.000000,7.193524
29,47,-105.000000,-15.000000,7.177138
30,47,-100.000000,-15.000000,7.160710
31,47,-95.000000,-15.000000,7.144282
32,47,-90.000000,-15.000000,7.127866
33,47,-85.000000,-15.000000,7.111574
34,47,-80.000000,-15.000000,7.095298
35,47,-75.000000,-15.000000,7.079075
36,47,-70.000000,-15.000000,7.062852
37,47,-65.000000,-15.000000,7.046630
38,47,-60.000000,-15.000000,7.030759
39,47,-55.000000,-15.000000,7.015209
40,47,-50.000000,-15.000000,6.999946
41,47,-45.000000,-15.000000,6.984824
42,47,-40.000000,-15.000000,6.969703
43,47,-35.000000,-15.000000,6.954582
44,47,-30.000000,-15.000000,6.939833
45,47,-25.000000,-15.000000,6.925132
46,47,-20.000000,-15.000000,6.910705
47,47,-15.000000,-15.000000,6.896277
48,47,-10.000000,-15.000000,6.881849
49,47,-5.000000,-15.000000,6.867288
50,47,0.000000,-15.000000,6.852522
51,47,5.000000,-15.000000,6.837578
52,47,10.000000,-15.000000,6.822486
53,47,15.000000,-15.000000,6.807393
54,47,20.000000,-15.000000,6.792300
55,47,25.000000,-15.000000,6.776697
56,47,30.000000,-15.000000,6.760993
57,47,35.000000,-15.000000,6.744579
58,47,40.000000,-15.000000,6.728150
59,47,45.000000,-15.000000,6.711721
60,47,50.000000,-15.000000,6.695247
61,47,55.000000,-15.000000,6.678653
62,47,60.000000,-15.000000,6.661959
63,47,65.000000,-15.000000,6.645124
64,47,70.000000,-15.000000,6.628289
65,47,75.000000,-15.000000,6.611454
66,47,80.000000,-15.000000,6.594878
67,47,85.000000,-15.000000,6.578411
68,47,90.000000,-15.000000,6.562509
69,47,95.000000,-15.000000,6.546707
70,47,100.000000,-15.000000,6.530904
71,47,105.000000,-15.000000,6.515147
72,47,110.000000,-15.000000,6.499661
73,47,115.000000,-15.000000,6.484381
74,47,120.000000,-15.000000,6.469616
75,47,125.000000,-15.000000,6.454851
76,47,130.000000,-15.000000,6.440086
77,47,135.000000,-15.000000,6.425213
78,47,140.000000,-15.000000,6.410260
79,47,145.000000,-15.000000,6.394910
80,47,150.000000,-15.000000,6.379406
81,47,155.000000,-15.000000,6.363903
82,47,160.000000,-15.000000,6.348394
83,47,165.000000,-15.000000,6.332428
84,47,170.000000,-15.000000,6.316175
85,47,175.000000,-15.000000,6.298396
86,47,180.000000,-15.000000,6.280617
87,47,185.000000,-15.000000,6.262838
88,47,190.000000,-15.000000,6.244971
89,47,195.000000,-15.000000,6.226995
90,47,200.000000,-15.000000,6.208368
91,47,205.000000,-15.000000,6.189297
92,47,210.000000,-15.000000,6.170225
93,47,215.000000,-15.000000,6.151154
94,47,220.000000,-15.000000,6.132274
95,47,225.000000,-15.000000,6.113477
96,47,230.000000,-15.000000,6.096534
97,47,235.000000,-15.000000,6.079592
98,47,240.000000,-15.000000,6.062650
99,47,245.000000,-15.000000,6.045795
100,47,250.000000,-15.000000,6.029126
0,48,-250.000000,-10.000000,7.664745
1,48,-245.000000,-10.000000,7.645879
2,48,-240.000000,-10.000000,7.627009
3,48,-235.000000,-10.000000,7.608139
4,48,-230.000000,-10.000000,7.589269
5,48,-225.000000,-10.000000,7.571236
6,48,-220.000000,-10.000000,7.553292
7,48,-215.000000,-10.000000,7.535428
8,48,-210.000000,-10.000000,7.517565
9,48,-205.000000,-10.000000,7.499701
10,48,-200.000000,-10.000000,7.482338
11,48,-195.000000,-10.000000,7.465925
12,48,-190.000000,-10.000000,7.449625
13,48,-185.000000,-10.000000,7.433440
14,48,-180.000000,-10.000000,7.417255
15,48,-175.000000,-10.000000,7.401071
16,48,-170.000000,-10.000000,7.385474
17,48,-165.000000,-10.000000,7.370042
18,48,-160.000000,-10.000000,7.354771
19,48,-155.000000,-10.000000,7.339512
20,48,-150.000000,-10.000000,7.324253
21,48,-145.000000,-10.000000,7.308935
22,48,-140.000000,-10.000000,7.293403
23,48,-135.000000,-10.000000,7.277840
24,48,-130.000000,-10.000000,7.262224
25,48,-125.000000,-10.000000,7.246607
26,48,-120.000000,-10.000000,7.230990
27,48,-115.000000,-10.000000,7.215051
28,48,-110.000000,-10.000000,7.198940
29,48,-105.000000,-10.000000,7.182670
30,48,-100.000000,-10.000000,7.166359
31,48,-95.000000,-10.000000,7.150048
32,48,-90.000000,-10.000000,7.133749
33,48,-85.000000,-10.000000,7.117571
34,48,-80.000000,-10.000000,7.101409
35,48,-75.000000,-10.000000,7.085299
36,48,-70.000000,-10.000000,7.069189
37,48,-65.000000,-10.000000,7.053078
38,48,-60.000000,-10.000000,7.037311
39,48,-55.000000,-10.000000,7.021855
40,48,-50.000000,-10.000000,7.006679
41,48,-45.000000,-10.000000,6.991640
42,48,-40.000000,-10.000000,6.976601
43,48,-35.000000,-10.000000,6.961563
44,48,-30.000000,-10.000000,6.946882
45,48,-25.000000,-10.000000,6.932248
46,48,-20.000000,-10.000000,6.917876
47,48,-15.000000,-10.000000,6.903504
48,48,-10.000000,-10.000000,6.889132
49,48,-5.000000,-10.000000,6.874626
50,48,0.000000,-10.000000,6.859915
51,48,5.000000,-10.000000,6.845027
52,48,10.000000,-10.000000,6.829989
53,48,15.000000,-10.000000,6.814951
54,48,20.000000,-10.000000,6.799912
55,48,25.000000,-10.000000,6.784371
56,48,30.000000,-10.000000,6.768729
57,48,35.000000,-10.000000,6.752387
58,48,40.000000,-10.000000,6.736029
59,48,45.000000,-10.000000,6.719672
60,48,50.000000,-10.000000,6.703270
61,48,55.000000,-10.000000,6.686748
62,48,60.000000,-10.000000,6.670128
63,48,65.000000,-10.000000,6.653369
64,48,70.000000,-10.000000,6.636609
65,48,75.000000,-10.000000,6.619849
66,48,80.000000,-10.000000,6.603341
67,48,85.000000,-10.000000,6.586939
68,48,90.000000,-10.000000,6.571086
69,48,95.000000,-10.000000,6.555330
70,48,100.000000,-10.000000,6.539574
71,48,105.000000,-10.000000,6.523861
72,48,110.000000,-10.000000,6.508409
73,48,115.000000,-10.000000,6.493155
74,48,120.000000,-10.000000,6.478394
75,48,125.000000,-10.000000,6.463634
76,48,130.000000,-10.000000,6.448873
77,48,135.000000,-10.000000,6.434002
78,48,140.000000,-10.000000,6.419050
79,48,145.000000,-10.000000,6.403693
80,48,150.000000,-10.000000,6.388179
81,48,155.000000,-10.000000,6.372665
82,48,160.000000,-10.000000,6.357145
83,48,165.000000,-10.000000,6.341174
84,48,170.000000,-10.000000,6.324919
85,48,175.000000,-10.000000,6.307158
86,48,180.000000,-10.000000,6.289396
87,48,185.000000,-10.000000,6.271634
88,48,190.000000,-10.000000,6.253787
89,48,195.000000,-10.000000,6.235835
90,48,200.000000,-10.000000,6.217255
91,48,205.000000,-10.000000,6.198247
92,48,210.000000,-10.000000,6.179239
93,48,215.000000,-10.000000,6.160231
94,48,220.000000,-10.000000,6.141416
95,48,225.000000,-10.000000,6.122685
96,48,230.000000,-10.000000,6.105830
97,48,235.000000,-10.000000,6.088974
98,48,240.000000,-10.000000,6.072119
99,48,245.000000,-10.000000,6.055351
100,48,250.000000,-10.000000,6.038769
0,49,-250.000000,-5.000000,7.671006
1,49,-245.000000,-5.000000,7.651976
2,49,-240.000000,-5.000000,7.632941
3,49,-235.000000,-5.000000,7.613907
4,49,-230.000000,-5.000000,7.594873
5,49,-225.000000,-5.000000,7.576730
6,49,-220.000000,-5.000000,7.558682
7,49,-215.000000,-5.000000,7.540720
8,49,-210.000000,-5.000000,7.522757
9,49,-205.000000,-5.000000,7.504795
10,49,-200.000000,-5.000000,7.487353
11,49,-195.000000,-5.000000,7.470899
12,49,-190.000000,-5.000000,7.454562
13,49,-185.000000,-5.000000,7.438345
14,49,-180.000000,-5.000000,7.422128
15,49,-175.000000,-5.000000,7.405911
16,49,-170.000000,-5.000000,7.390323
17,49,-165.000000,-5.000000,7.374912
18,49,-160.000000,-5.000000,7.359673
19,49,-155.000000,-5.000000,7.344446
20,49,-150.000000,-5.000000,7.329220
21,49,-145.000000,-5.000000,7.313945
22,49,-140.000000,-5.000000,7.298490
23,49,-135.000000,-5.000000,7.283011
24,49,-130.000000,-5.000000,7.267485
25,49,-125.000000,-5.000000,7.251960
26,49,-120.000000,-5.000000,7.236435
27,49,-115.000000,-5.000000,7.220604
28,49,-110.000000,-5.000000,7.204610
29,49,-105.000000,-5.000000,7.188464
30,49,-100.000000,-5.000000,7.172280
31,49,-95.000000,-5.000000,7.156096
32,49,-90.000000,-5.000000,7.139923
33,49,-85.000000,-5.000000,7.123869
34,49,-80.000000,-5.000000,7.107830
35,49,-75.000000,-5.000000,7.091842
36,49,-70.000000,-5.000000,7.075854
37,49,-65.000000,-5.000000,7.059865
38,49,-60.000000,-5.000000,7.044209
39,49,-55.000000,-5.000000,7.028854
40,49,-50.000000,-5.000000,7.013769
41,49,-45.000000,-5.000000,6.998817
42,49,-40.000000,-5.000000,6.983866
43,49,-35.000000,-5.000000,6.968914
44,49,-30.000000,-5.000000,6.954305
45,49,-25.000000,-5.000000,6.939740
46,49,-20.000000,-5.000000,6.925426
47,49,-15.000000,-5.000000,6.911111
48,49,-10.000000,-5.000000,6.896797
49,49,-5.000000,-5.000000,6.882349
50,49,0.000000,-5.000000,6.867698
51,49,5.000000,-5.000000,6.852870
52,49,10.000000,-5.000000,6.837894
53,49,15.000000,-5.000000,6.822917
54,49,20.000000,-5.000000,6.807940
55,49,25.000000,-5.000000,6.792471
56,49,30.000000,-5.000000,6.776902
57,49,35.000000,-5.000000,6.760647
58,49,40.000000,-5.000000,6.744377
59,49,45.000000,-5.000000,6.728107
60,49,50.000000,-5.000000,6.711793
61,49,55.000000,-5.000000,6.695362
62,49,60.000000,-5.000000,6.678835
63,49,65.000000,-5.000000,6.662169
64,49,70.000000,-5.000000,6.645504
65,49,75.000000,-5.000000,6.628839
66,49,80.000000,-5.000000,6.612417
67,49,85.000000,-5.000000,6.596096
68,49,90.000000,-5.000000,6.580307
69,49,95.000000,-5.000000,6.564611
70,49,100.000000,-5.000000,6.548915
71,49,105.000000,-5.000000,6.533259
72,49,110.000000,-5.000000,6.517852
73,49,115.000000,-5.000000,6.502633
74,49,120.000000,-5.000000,6.487883
75,49,125.000000,-5.000000,6.473134
76,49,130.000000,-5.000000,6.458384
77,49,135.000000,-5.000000,6.443522
78,49,140.000000,-5.000000,6.428578
79,49,145.000000,-5.000000,6.413223
80,49,150.000000,-5.000000,6.397709
81,49,155.000000,-5.000000,6.382195
82,49,160.000000,-5.000000,6.366675
83,49,165.000000,-5.000000,6.350713
84,49,170.000000,-5.000000,6.334474
85,49,175.000000,-5.000000,6.316758
86,49,180.000000,-5.000000,6.299042
87,49,185.000000,-5.000000,6.281326
88,49,190.000000,-5.000000,6.263529
89,49,195.000000,-5.000000,6.245633
90,49,200.000000,-5.000000,6.227142
91,49,205.000000,-5.000000,6.208245
92,49,210.000000,-5.000000,6.189347
93,49,215.000000,-5.000000,6.170450
94,49,220.000000,-5.000000,6.151749
95,49,225.000000,-5.000000,6.133132
96,49,230.000000,-5.000000,6.116416
97,49,235.000000,-5.000000,6.099700
98,49,240.000000,-5.000000,6.082984
99,49,245.000000,-5.000000,6.066355
100,49,250.000000,-5.000000,6.049911
0,50,-250.000000,0.000000,7.677267
1,50,-245.000000,0.000000,7.658072
2,50,-240.000000,0.000000,7.638874
3,50,-235.000000,0.000000,7.619675
4,50,-230.000000,0.000000,7.600477
5,50,-225.000000,0.000000,7.582225
6,50,-220.000000,0.000000,7.564072
7,50,-215.000000,0.000000,7.546011
8,50,-210.000000,0.000000,7.527950
9,50,-205.000000,0.000000,7.509889
10,50,-200.000000,0.000000,7.492368
11,50,-195.000000,0.000000,7.475873
12,50,-190.000000,0.000000,7.459499
13,50,-185.000000,0.000000,7.443250
14,50,-180.000000,0.000000,7.427001
15,50,-175.000000,0.000000,7.410751
16,50,-170.000000,0.000000,7.395173
17,50,-165.000000,0.000000,7.379782
18,50,-160.000000,0.000000,7.364574
19,50,-155.000000,0.000000,7.349381
20,50,-150.000000,0.000000,7.334188
21,50,-145.000000,0.000000,7.318954
22,50,-140.000000,0.000000,7.303578
23,50,-135.000000,0.000000,7.288181
24,50,-130.000000,0.000000,7.272747
25,50,-125.000000,0.000000,7.257314
26,50,-120.000000,0.000000,7.241880
27,50,-115.000000,0.000000,7.226157
28,50,-110.000000,0.000000,7.210279
29,50,-105.000000,0.000000,7.194258
30,50,-100.000000,0.000000,7.178201
31,50,-95.000000,0.000000,7.162144
32,50,-90.000000,0.000000,7.146098
33,50,-85.000000,0.000000,7.130167
34,50,-80.000000,0.000000,7.114251
35,50,-75.000000,0.000000,7.098385
36,50,-70.000000,0.000000,7.082518
37,50,-65.000000,0.000000,7.066652
38,50,-60.000000,0.000000,7.051107
39,50,-55.000000,0.000000,7.035852
40,50,-50.000000,0.000000,7.020859
41,50,-45.000000,0.000000,7.005994
42,50,-40.000000,0.000000,6.991130
43,50,-35.000000,0.000000,6.976266
44,50,-30.000000,0.000000,6.961728
45,50,-25.000000,0.000000,6.947232
46,50,-20.000000,0.000000,6.932975
47,50,-15.000000,0.000000,6.918718
48,50,-10.000000,0.000000,6.904462
49,50,-5.000000,0.000000,6.890072
50,50,0.000000,0.000000,6.875481
51,50,5.000000,0.000000,6.860714
52,50,10.000000,0.000000,6.845798
53,50,15.000000,0.000000,6.830883
54,50,20.000000,0.000000,6.815968
55,50,25.000000,0.000000,6.800570
56,50,30.000000,0.000000,6.785075
57,50,35.000000,0.000000,6.768907
58,50,40.000000,0.000000,6.752725
59,50,45.000000,0.000000,6.736542
60,50,50.000000,0.000000,6.720317
61,50,55.000000,0.000000,6.703976
62,50,60.000000,0.000000,6.687541
63,50,65.000000,0.000000,6.670970
64,50,70.000000,0.000000,6.654399
65,50,75.000000,0.000000,6.637829
66,50,80.000000,0.000000,6.621492
67,50,85.000000,0.000000,6.605254
68,50,90.000000,0.000000,6.589528
69,50,95.000000,0.000000,6.573892
70,50,100.000000,0.000000,6.558255
71,50,105.000000,0.000000,6.542658
72,50,110.000000,0.000000,6.527295
73,50,115.000000,0.000000,6.512111
74,50,120.000000,0.000000,6.497372
75,50,125.000000,0.000000,6.482634
76,50,130.000000,0.000000,6.467895
77,50,135.000000,0.000000,6.453042
78,50,140.000000,0.000000,6.438106
79,50,145.000000,0.000000,6.422753
80,50,150.000000,0.000000,6.407239
81,50,155.000000,0.000000,6.391725
82,50,160.000000,0.000000,6.376205
83,50,165.000000,0.000000,6.360252
84,50,170.000000,0.000000,6.344028
85,50,175.000000,0.000000,6.326358
86,50,180.000000,0.000000,6.308688
87,50,185.000000,0.000000,6.291018
88,50,190.000000,0.000000,6.273271
89,50,195.000000,0.000000,6.255431
90,50,200.000000,0.000000,6.237028
91,50,205.000000,0.000000,6.218242
92,50,210.000000,0.000000,6.199456
93,50,215.000000,0.000000,6.180669
94,50,220.000000,0.000000,6.162082
95,50,225.000000,0.000000,6.143580
96,50,230.000000,0.000000,6.127003
97,50,235.000000,0.000000,6.110426
98,50,240.000000,0.000000,6.093849
99,50,245.000000,0.000000,6.077359
100,50,250.000000,0.000000,6.061052
0,51,-250.000000,5.000000,7.683527
1,51,-245.000000,5.000000,7.664168
2,51,-240.000000,5.000000,7.644806
3,51,-235.000000,5.000000,7.625443
4,51,-230.000000,5.000000,7.606081
5,51,-225.000000,5.000000,7.587719
6,51,-220.000000,5.000000,7.569463
7,51,-215.000000,5.000000,7.551303
8,51,-210.000000,5.000000,7.533143
9,51,-205.000000,5.000000,7.514983
10,51,-200.000000,5.000000,7.497383
11,51,-195.000000,5.000000,7.480847
12,51,-190.000000,5.000000,7.464436
13,51,-185.000000,5.000000,7.448155
14,51,-180.000000,5.000000,7.431873
15,51,-175.000000,5.000000,7.415592
16,51,-170.000000,5.000000,7.400022
17,51,-165.000000,5.000000,7.384652
18,51,-160.000000,5.000000,7.369476
19,51,-155.000000,5.000000,7.354316
20,51,-150.000000,5.000000,7.339155
21,51,-145.000000,5.000000,7.323964
22,51,-140.000000,5.000000,7.308665
23,51,-135.000000,5.000000,7.293351
24,51,-130.000000,5.000000,7.278009
25,51,-125.000000,5.000000,7.262667
26,51,-120.000000,5.000000,7.247325
27,51,-115.000000,5.000000,7.231710
28,51,-110.000000,5.000000,7.215949
29,51,-105.000000,5.000000,7.200053
30,51,-100.000000,5.000000,7.184122
31,51,-95.000000,5.000000,7.168191
32,51,-90.000000,5.000000,7.152272
33,51,-85.000000,5.000000,7.136464
34,51,-80.000000,5.000000,7.120672
35,51,-75.000000,5.000000,7.104928
36,51,-70.000000,5.000000,7.089183
37,51,-65.000000,5.000000,7.073439
38,51,-60.000000,5.000000,7.058005
39,51,-55.000000,5.000000,7.042851
40,51,-50.000000,5.000000,7.027949
41,51,-45.000000,5.000000,7.013172
42,51,-40.000000,5.000000,6.998395
43,51,-35.000000,5.000000,6.983617
44,51,-30.000000,5.000000,6.969151
45,51,-25.000000,5.000000,6.954724
46,51,-20.000000,5.000000,6.940525
47,51,-15.000000,5.000000,6.926326
48,51,-10.000000,5.000000,6.912126
49,51,-5.000000,5.000000,6.897795
50,51,0.000000,5.000000,6.883263
51,51,5.000000,5.000000,6.868557
52,51,10.000000,5.000000,6.853703
53,51,15.000000,5.000000,6.838850
54,51,20.000000,5.000000,6.823996
55,51,25.000000,5.000000,6.808669
56,51,30.000000,5.000000,6.793248
57,51,35.000000,5.000000,6.777167
58,51,40.000000,5.000000,6.761072
59,51,45.000000,5.000000,6.744977
60,51,50.000000,5.000000,6.728840
61,51,55.000000,5.000000,6.712590
62,51,60.000000,5.000000,6.696247
63,51,65.000000,5.000000,6.679771
64,51,70.000000,5.000000,6.663294
65,51,75.000000,5.000000,6.646818
66,51,80.000000,5.000000,6.630568
67,51,85.000000,5.000000,6.614412
68,51,90.000000,5.000000,6.598749
69,51,95.000000,5.000000,6.583172
70,51,100.000000,5.000000,6.567596
71,51,105.000000,5.000000,6.552056
72,51,110.000000,5.000000,6.536738
73,51,115.000000,5.000000,6.521589
74,51,120.000000,5.000000,6.506861
75,51,125.000000,5.000000,6.492133
76,51,130.000000,5.000000,6.477405
77,51,135.000000,5.000000,6.462562
78,51,140.000000,5.000000,6.447634
79,51,145.000000,5.000000,6.432283
80,51,150.000000,5.000000,6.416769
81,51,155.000000,5.000000,6.401254
82,51,160.000000,5.000000,6.385735
83,51,165.000000,5.000000,6.369791
84,51,170.000000,5.000000,6.353582
85,51,175.000000,5.000000,6.335958
86,51,180.000000,5.000000,6.318334
87,51,185.000000,5.000000,6.300710
88,51,190.000000,5.000000,6.283013
89,51,195.000000,5.000000,6.265229
90,51,200.000000,5.000000,6.246915
91,51,205.000000,5.000000,6.228240
92,51,210.000000,5.000000,6.209564
93,51,215.000000,5.000000,6.190889
94,51,220.000000,5.000000,6.172414
95,51,225.000000,5.000000,6.154027
96,51,230.000000,5.000000,6.137589
97,51,235.000000,5.000000,6.121152
98,51,240.000000,5.000000,6.104714
99,51,245.000000,5.000000,6.088362
100,51,250.000000,5.000000,6.072194
0,52,-250.000000,10.000000,7.689836
1,52,-245.000000,10.000000,7.670282
2,52,-240.000000,10.000000,7.650726
3,52,-235.000000,10.000000,7.631170
4,52,-230.000000,10.000000,7.611613
5,52,-225.000000,10.000000,7.593120
6,52,-220.000000,10.000000,7.574740
7,52,-215.000000,10.000000,7.556462
8,52,-210.000000,10.000000,7.538184
9,52,-205.000000,10.000000,7.519907
10,52,-200.000000,10.000000,7.502212
11,52,-195.000000,10.000000,7.485628
12,52,-190.000000,10.000000,7.469173
13,52,-185.000000,10.000000,7.452854
14,52,-180.000000,10.000000,7.436535
15,52,-175.000000,10.000000,7.420215
16,52,-170.000000,10.000000,7.404656
17,52,-165.000000,10.000000,7.389309
18,52,-160.000000,10.000000,7.374170
19,52,-155.000000,10.000000,7.359046
20,52,-150.000000,10.000000,7.343923
21,52,-145.000000,10.000000,7.328780
22,52,-140.000000,10.000000,7.313566
23,52,-135.000000,10.000000,7.298341
24,52,-130.000000,10.000000,7.283099
25,52,-125.000000,10.000000,7.267856
26,52,-120.000000,10.000000,7.252614
27,52,-115.000000,10.000000,7.237113
28,52,-110.000000,10.000000,7.221476
29,52,-105.000000,10.000000,7.205710
30,52,-100.000000,10.000000,7.189912
31,52,-95.000000,10.000000,7.174115
32,52,-90.000000,10.000000,7.158327
33,52,-85.000000,10.000000,7.142648
34,52,-80.000000,10.000000,7.126984
35,52,-75.000000,10.000000,7.111366
36,52,-70.000000,10.000000,7.095748
37,52,-65.000000,10.000000,7.080130
38,52,-60.000000,10.000000,7.064811
39,52,-55.000000,10.000000,7.049761
40,52,-50.000000,10.000000,7.034955
41,52,-45.000000,10.000000,7.020269
42,52,-40.000000,10.000000,7.005583
43,52,-35.000000,10.000000,6.990897
44,52,-30.000000,10.000000,6.976505
45,52,-25.000000,10.000000,6.962152
46,52,-20.000000,10.000000,6.948015
47,52,-15.000000,10.000000,6.933878
48,52,-10.000000,10.000000,6.919741
49,52,-5.000000,10.000000,6.905472
50,52,0.000000,10.000000,6.891004
51,52,5.000000,10.000000,6.876363
52,52,10.000000,10.000000,6.861576
53,52,15.000000,10.000000,6.846789
54,52,20.000000,10.000000,6.832001
55,52,25.000000,10.000000,6.816751
56,52,30.000000,10.000000,6.801407
57,52,35.000000,10.000000,6.785418
58,52,40.000000,10.000000,6.769416
59,52,45.000000,10.000000,6.753413
60,52,50.000000,10.000000,6.737369
61,52,55.000000,10.000000,6.721214
62,52,60.000000,10.000000,6.704967
63,52,65.000000,10.000000,6.688589
64,52,70.000000,10.000000,6.672212
65,52,75.000000,10.000000,6.655835
66,52,80.000000,10.000000,6.639674
67,52,85.000000,10.000000,6.623605
68,52,90.000000,10.000000,6.608008
69,52,95.000000,10.000000,6.592494
70,52,100.000000,10.000000,6.576981
71,52,105.000000,10.000000,6.561501
72,52,110.000000,10.000000,6.546231
73,52,115.000000,10.000000,6.531119
74,52,120.000000,10.000000,6.516402
75,52,125.000000,10.000000,6.501685
76,52,130.000000,10.000000,6.486969
77,52,135.000000,10.000000,6.472135
78,52,140.000000,10.000000,6.457214
79,52,145.000000,10.000000,6.441863
80,52,150.000000,10.000000,6.426346
81,52,155.000000,10.000000,6.410829
82,52,160.000000,10.000000,6.395306
83,52,165.000000,10.000000,6.379369
84,52,170.000000,10.000000,6.363172
85,52,175.000000,10.000000,6.345589
86,52,180.000000,10.000000,6.328006
87,52,185.000000,10.000000,6.310423
88,52,190.000000,10.000000,6.292772
89,52,195.000000,10.000000,6.275039
90,52,200.000000,10.000000,6.256809
91,52,205.000000,10.000000,6.238241
92,52,210.000000,10.000000,6.219672
93,52,215.000000,10.000000,6.201103
94,52,220.000000,10.000000,6.182739
95,52,225.000000,10.000000,6.164462
96,52,230.000000,10.000000,6.148161
97,52,235.000000,10.000000,6.131861
98,52,240.000000,10.000000,6.115560
99,52,245.000000,10.000000,6.099346
100,52,250.000000,10.000000,6.083313
0,53,-250.000000,15.000000,7.696165
1,53,-245.000000,15.000000,7.676404
2,53,-240.000000,15.000000,7.656641
3,53,-235.000000,15.000000,7.636879
4,53,-230.000000,15.000000,7.617116
5,53,-225.000000,15.000000,7.598484
6,53,-220.000000,15.000000,7.579971
7,53,-215.000000,15.000000,7.561567
8,53,-210.000000,15.000000,7.543163
9,53,-205.000000,15.000000,7.524759
10,53,-200.000000,15.000000,7.506965
11,53,-195.000000,15.000000,7.490328
12,53,-190.000000,15.000000,7.473828
13,53,-185.000000,15.000000,7.457469
14,53,-180.000000,15.000000,7.441109
15,53,-175.000000,15.000000,7.424750
16,53,-170.000000,15.000000,7.409201
17,53,-165.000000,15.000000,7.393879
18,53,-160.000000,15.000000,7.378777
19,53,-155.000000,15.000000,7.363693
20,53,-150.000000,15.000000,7.348609
21,53,-145.000000,15.000000,7.333516
22,53,-140.000000,15.000000,7.318389
23,53,-135.000000,15.000000,7.303258
24,53,-130.000000,15.000000,7.288118
25,53,-125.000000,15.000000,7.272978
26,53,-120.000000,15.000000,7.257838
27,53,-115.000000,15.000000,7.242455
28,53,-110.000000,15.000000,7.226943
29,53,-105.000000,15.000000,7.211312
30,53,-100.000000,15.000000,7.195649
31,53,-95.000000,15.000000,7.179987
32,53,-90.000000,15.000000,7.164334
33,53,-85.000000,15.000000,7.148786
34,53,-80.000000,15.000000,7.133251
35,53,-75.000000,15.000000,7.117761
36,53,-70.000000,15.000000,7.102271
37,53,-65.000000,15.000000,7.086782
38,53,-60.000000,15.000000,7.071579
39,53,-55.000000,15.000000,7.056636
40,53,-50.000000,15.000000,7.041927
41,53,-45.000000,15.000000,7.027333
42,53,-40.000000,15.000000,7.012740
43,53,-35.000000,15.000000,6.998146
44,53,-30.000000,15.000000,6.983832
45,53,-25.000000,15.000000,6.969554
46,53,-20.000000,15.000000,6.955481
47,53,-15.000000,15.000000,6.941407
48,53,-10.000000,15.000000,6.927334
49,53,-5.000000,15.000000,6.913130
50,53,0.000000,15.000000,6.898729
51,53,5.000000,15.000000,6.884155
52,53,10.000000,15.000000,6.869435
53,53,15.000000,15.000000,6.854716
54,53,20.000000,15.000000,6.839997
55,53,25.000000,15.000000,6.824824
56,53,30.000000,15.000000,6.809561
57,53,35.000000,15.000000,6.793666
58,53,40.000000,15.000000,6.777757
59,53,45.000000,15.000000,6.761848
60,53,50.000000,15.000000,6.745899
61,53,55.000000,15.000000,6.729841
62,53,60.000000,15.000000,6.713692
63,53,65.000000,15.000000,6.697416
64,53,70.000000,15.000000,6.681139
65,53,75.000000,15.000000,6.664863
66,53,80.000000,15.000000,6.648793
67,53,85.000000,15.000000,6.632811
68,53,90.000000,15.000000,6.617282
69,53,95.000000,15.000000,6.601833
70,53,100.000000,15.000000,6.586383
71,53,105.000000,15.000000,6.570966
72,53,110.000000,15.000000,6.555744
73,53,115.000000,15.000000,6.540669
74,53,120.000000,15.000000,6.525964
75,53,125.000000,15.000000,6.511259
76,53,130.000000,15.000000,6.496553
77,53,135.000000,15.000000,6.481728
78,53,140.000000,15.000000,6.466816
79,53,145.000000,15.000000,6.451464
80,53,150.000000,15.000000,6.435943
81,53,155.000000,15.000000,6.420422
82,53,160.000000,15.000000,6.404895
83,53,165.000000,15.000000,6.388963
84,53,170.000000,15.000000,6.372776
85,53,175.000000,15.000000,6.355232
86,53,180.000000,15.000000,6.337688
87,53,185.000000,15.000000,6.320145
88,53,190.000000,15.000000,6.302538
89,53,195.000000,15.000000,6.284854
90,53,200.000000,15.000000,6.266707
91,53,205.000000,15.000000,6.248243
92,53,210.000000,15.000000,6.229779
93,53,215.000000,15.000000,6.211316
94,53,220.000000,15.000000,6.193059
95,53,225.000000,15.000000,6.174891
96,53,230.000000,15.000000,6.158727
97,53,235.000000,15.000000,6.142564
98,53,240.000000,15.000000,6.126400
99,53,245.000000,15.000000,6.110321
100,53,250.000000,15.000000,6.094423
0,54,-250.000000,20.000000,7.702555
1,54,-245.000000,20.000000,7.682549
2,54,-240.000000,20.000000,7.662542
3,54,-235.000000,20.000000,7.642535
4,54,-230.000000,20.000000,7.622528
5,54,-225.000000,20.000000,7.603729
6,54,-220.000000,20.000000,7.585058
7,54,-215.000000,20.000000,7.566504
8,54,-210.000000,20.000000,7.547949
9,54,-205.000000,20.000000,7.529394
10,54,-200.000000,20.000000,7.511480
11,54,-195.000000,20.000000,7.494782
12,54,-190.000000,20.000000,7.478227
13,54,-185.000000,20.000000,7.461821
14,54,-180.000000,20.000000,7.445415
15,54,-175.000000,20.000000,7.429008
16,54,-170.000000,20.000000,7.413471
17,54,-165.000000,20.000000,7.398177
18,54,-160.000000,20.000000,7.383119
19,54,-155.000000,20.000000,7.368080
20,54,-150.000000,20.000000,7.353042
21,54,-145.000000,20.000000,7.338005
22,54,-140.000000,20.000000,7.322974
23,54,-135.000000,20.000000,7.307945
24,54,-130.000000,20.000000,7.292918
25,54,-125.000000,20.000000,7.277890
26,54,-120.000000,20.000000,7.262863
27,54,-115.000000,20.000000,7.247607
28,54,-110.000000,20.000000,7.232229
29,54,-105.000000,20.000000,7.216739
30,54,-100.000000,20.000000,7.201219
31,54,-95.000000,20.000000,7.185700
32,54,-90.000000,20.000000,7.170191
33,54,-85.000000,20.000000,7.154779
34,54,-80.000000,20.000000,7.139380
35,54,-75.000000,20.000000,7.124024
36,54,-70.000000,20.000000,7.108667
37,54,-65.000000,20.000000,7.093310
38,54,-60.000000,20.000000,7.078229
39,54,-55.000000,20.000000,7.063398
40,54,-50.000000,20.000000,7.048791
41,54,-45.000000,20.000000,7.034295
42,54,-40.000000,20.000000,7.019800
43,54,-35.000000,20.000000,7.005304
44,54,-30.000000,20.000000,6.991072
45,54,-25.000000,20.000000,6.976875
46,54,-20.000000,20.000000,6.962871
47,54,-15.000000,20.000000,6.948867
48,54,-10.000000,20.000000,6.934863
49,54,-5.000000,20.000000,6.920730
50,54,0.000000,20.000000,6.906400
51,54,5.000000,20.000000,6.891899
52,54,10.000000,20.000000,6.877254
53,54,15.000000,20.000000,6.862609
54,54,20.000000,20.000000,6.847964
55,54,25.000000,20.000000,6.832875
56,54,30.000000,20.000000,6.817697
57,54,35.000000,20.000000,6.801902
58,54,40.000000,20.000000,6.786094
59,54,45.000000,20.000000,6.770285
60,54,50.000000,20.000000,6.754436
61,54,55.000000,20.000000,6.738480
62,54,60.000000,20.000000,6.722436
63,54,65.000000,20.000000,6.706265
64,54,70.000000,20.000000,6.690095
65,54,75.000000,20.000000,6.673924
66,54,80.000000,20.000000,6.657952
67,54,85.000000,20.000000,6.642062
68,54,90.000000,20.000000,6.626605
69,54,95.000000,20.000000,6.611223
70,54,100.000000,20.000000,6.595842
71,54,105.000000,20.000000,6.580490
72,54,110.000000,20.000000,6.565319
73,54,115.000000,20.000000,6.550285
74,54,120.000000,20.000000,6.535591
75,54,125.000000,20.000000,6.520898
76,54,130.000000,20.000000,6.506205
77,54,135.000000,20.000000,6.491389
78,54,140.000000,20.000000,6.476484
79,54,145.000000,20.000000,6.461128
80,54,150.000000,20.000000,6.445600
81,54,155.000000,20.000000,6.430071
82,54,160.000000,20.000000,6.414537
83,54,165.000000,20.000000,6.398606
84,54,170.000000,20.000000,6.382424
85,54,175.000000,20.000000,6.364914
86,54,180.000000,20.000000,6.347404
87,54,185.000000,20.000000,6.329893
88,54,190.000000,20.000000,6.312324
89,54,195.000000,20.000000,6.294684
90,54,200.000000,20.000000,6.276614
91,54,205.000000,20.000000,6.258250
92,54,210.000000,20.000000,6.239886
93,54,215.000000,20.000000,6.221522
94,54,220.000000,20.000000,6.203369
95,54,225.000000,20.000000,6.185305
96,54,230.000000,20.000000,6.169275
97,54,235.000000,20.000000,6.153245
98,54,240.000000,20.000000,6.137215
99,54,245.000000,20.000000,6.121271
100,54,250.000000,20.000000,6.105506
0,55,-250.000000,25.000000,7.708944
1,55,-245.000000,25.000000,7.688693
2,55,-240.000000,25.000000,7.668442
3,55,-235.000000,25.000000,7.648191
4,55,-230.000000,25.000000,7.627940
5,55,-225.000000,25.000000,7.608975
6,55,-220.000000,25.000000,7.590145
7,55,-215.000000,25.000000,7.571440
8,55,-210.000000,25.000000,7.552735
9,55,-205.000000,25.000000,7.534029
10,55,-200.000000,25.000000,7.515995
11,55,-195.000000,25.000000,7.499236
12,55,-190.000000,25.000000,7.482627
13,55,-185.000000,25.000000,7.466174
14,55,-180.000000,25.000000,7.449720
15,55,-175.000000,25.000000,7.433267
16,55,-170.000000,25.000000,7.417741
17,55,-165.000000,25.000000,7.402475
18,55,-160.000000,25.000000,7.387461
19,55,-155.000000,25.000000,7.372468
20,55,-150.000000,25.000000,7.357474
21,55,-145.000000,25.000000,7.342493
22,55,-140.000000,25.000000,7.327559
23,55,-135.000000,25.000000,7.312632
24,55,-130.000000,25.000000,7.297717
25,55,-125.000000,25.000000,7.282802
26,55,-120.000000,25.000000,7.267887
27,55,-115.000000,25.000000,7.252758
28,55,-110.000000,25.000000,7.237515
29,55,-105.000000,25.000000,7.222166
30,55,-100.000000,25.000000,7.206790
31,55,-95.000000,25.000000,7.191414
32,55,-90.000000,25.000000,7.176047
33,55,-85.000000,25.000000,7.160772
34,55,-80.000000,25.000000,7.145509
35,55,-75.000000,25.000000,7.130286
36,55,-70.000000,25.000000,7.115063
37,55,-65.000000,25.000000,7.099839
38,55,-60.000000,25.000000,7.084880
39,55,-55.000000,25.000000,7.070160
40,55,-50.000000,25.000000,7.055656
41,55,-45.000000,25.000000,7.041258
42,55,-40.000000,25.000000,7.026859
43,55,-35.000000,25.000000,7.012461
44,55,-30.000000,25.000000,6.998312
45,55,-25.000000,25.000000,6.984195
46,55,-20.000000,25.000000,6.970261
47,55,-15.000000,25.000000,6.956326
48,55,-10.000000,25.000000,6.942392
49,55,-5.000000,25.000000,6.928329
50,55,0.000000,25.000000,6.914071
51,55,5.000000,25.000000,6.899643
52,55,10.000000,25.000000,6.885072
53,55,15.000000,25.000000,6.870501
54,55,20.000000,25.000000,6.855930
55,55,25.000000,25.000000,6.840926
56,55,30.000000,25.000000,6.825834
57,55,35.000000,25.000000,6.810139
58,55,40.000000,25.000000,6.794430
59,55,45.000000,25.000000,6.778721
60,55,50.000000,25.000000,6.762973
61,55,55.000000,25.000000,6.747120
62,55,60.000000,25.000000,6.731179
63,55,65.000000,25.000000,6.715115
64,55,70.000000,25.000000,6.699050
65,55,75.000000,25.000000,6.682986
66,55,80.000000,25.000000,6.667110
67,55,85.000000,25.000000,6.651313
68,55,90.000000,25.000000,6.635927
69,55,95.000000,25.000000,6.620614
70,55,100.000000,25.000000,6.605301
71,55,105.000000,25.000000,6.590015
72,55,110.000000,25.000000,6.574895
73,55,115.000000,25.000000,6.559900
74,55,120.000000,25.000000,6.545219
75,55,125.000000,25.000000,6.530538
76,55,130.000000,25.000000,6.515857
77,55,135.000000,25.000000,6.501050
78,55,140.000000,25.000000,6.486152
79,55,145.000000,25.000000,6.470793
80,55,150.000000,25.000000,6.455257
81,55,155.000000,25.000000,6.439720
82,55,160.000000,25.000000,6.424179
83,55,165.000000,25.000000,6.408248
84,55,170.000000,25.000000,6.392073
85,55,175.000000,25.000000,6.374596
86,55,180.000000,25.000000,6.357119
87,55,185.000000,25.000000,6.339642
88,55,190.000000,25.000000,6.322111
89,55,195.000000,25.000000,6.304514
90,55,200.000000,25.000000,6.286521
91,55,205.000000,25.000000,6.268257
92,55,210.000000,25.000000,6.249993
93,55,215.000000,25.000000,6.231729
94,55,220.000000,25.000000,6.213678
95,55,225.000000,25.000000,6.195719
96,55,230.000000,25.000000,6.179823
97,55,235.000000,25.000000,6.163927
98,55,240.000000,25.000000,6.148031
99,55,245.000000,25.000000,6.132220
100,55,250.000000,25.000000,6.116588
0,56,-250.000000,30.000000,7.715334
1,56,-245.000000,30.000000,7.694838
2,56,-240.000000,30.000000,7.674343
3,56,-235.000000,30.000000,7.653848
4,56,-230.000000,30.000000,7.633352
5,56,-225.000000,30.000000,7.614220
6,56,-220.000000,30.000000,7.595233
7,56,-215.000000,30.000000,7.576376
8,56,-210.000000,30.000000,7.557520
9,56,-205.000000,30.000000,7.538664
10,56,-200.000000,30.000000,7.520510
11,56,-195.000000,30.000000,7.503690
12,56,-190.000000,30.000000,7.487026
13,56,-185.000000,30.000000,7.470526
14,56,-180.000000,30.000000,7.454026
15,56,-175.000000,30.000000,7.437525
16,56,-170.000000,30.000000,7.422011
17,56,-165.000000,30.000000,7.406773
18,56,-160.000000,30.000000,7.391803
19,56,-155.000000,30.000000,7.376855
20,56,-150.000000,30.000000,7.361906
21,56,-145.000000,30.000000,7.346982
22,56,-140.000000,30.000000,7.332144
23,56,-135.000000,30.000000,7.317320
24,56,-130.000000,30.000000,7.302517
25,56,-125.000000,30.000000,7.287714
26,56,-120.000000,30.000000,7.272912
27,56,-115.000000,30.000000,7.257909
28,56,-110.000000,30.000000,7.242800
29,56,-105.000000,30.000000,7.227593
30,56,-100.000000,30.000000,7.212360
31,56,-95.000000,30.000000,7.197127
32,56,-90.000000,30.000000,7.181903
33,56,-85.000000,30.000000,7.166765
34,56,-80.000000,30.000000,7.151638
35,56,-75.000000,30.000000,7.136548
36,56,-70.000000,30.000000,7.121458
37,56,-65.000000,30.000000,7.106368
38,56,-60.000000,30.000000,7.091531
39,56,-55.000000,30.000000,7.076923
40,56,-50.000000,30.000000,7.062521
41,56,-45.000000,30.000000,7.048220
42,56,-40.000000,30.000000,7.033919
43,56,-35.000000,30.000000,7.019619
44,56,-30.000000,30.000000,7.005552
45,56,-25.000000,30.000000,6.991516
46,56,-20.000000,30.000000,6.977651
47,56,-15.000000,30.000000,6.963786
48,56,-10.000000,30.000000,6.949921
49,56,-5.000000,30.000000,6.935929
50,56,0.000000,30.000000,6.921742
51,56,5.000000,30.000000,6.907388
52,56,10.000000,30.000000,6.892891
53,56,15.000000,30.000000,6.878394
54,56,20.000000,30.000000,6.863897
55,56,25.000000,30.000000,6.848976
56,56,30.000000,30.000000,6.833971
57,56,35.000000,30.000000,6.818375
58,56,40.000000,30.000000,6.802766
59,56,45.000000,30.000000,6.787157
60,56,50.000000,30.000000,6.771510
61,56,55.000000,30.000000,6.755759
62,56,60.000000,30.000000,6.739922
63,56,65.000000,30.000000,6.723964
64,56,70.000000,30.000000,6.708006
65,56,75.000000,30.000000,6.692048
66,56,80.000000,30.000000,6.676268
67,56,85.000000,30.000000,6.660564
68,56,90.000000,30.000000,6.645250
69,56,95.000000,30.000000,6.630005
70,56,100.000000,30.000000,6.614760
71,56,105.000000,30.000000,6.599540
72,56,110.000000,30.000000,6.584470
73,56,115.000000,30.000000,6.569516
74,56,120.000000,30.000000,6.554846
75,56,125.000000,30.000000,6.540177
76,56,130.000000,30.000000,6.525508
77,56,135.000000,30.000000,6.510711
78,56,140.000000,30.000000,6.495819
79,56,145.000000,30.000000,6.480457
80,56,150.000000,30.000000,6.464914
81,56,155.000000,30.000000,6.449370
82,56,160.000000,30.000000,6.433821
83,56,165.000000,30.000000,6.417891
84,56,170.000000,30.000000,6.401722
85,56,175.000000,30.000000,6.384278
86,56,180.000000,30.000000,6.366834
87,56,185.000000,30.000000,6.349391
88,56,190.000000,30.000000,6.331898
89,56,195.000000,30.000000,6.314344
90,56,200.000000,30.000000,6.296428
91,56,205.000000,30.000000,6.278264
92,56,210.000000,30.000000,6.260100
93,56,215.000000,30.000000,6.241935
94,56,220.000000,30.000000,6.223988
95,56,225.000000,30.000000,6.206133
96,56,230.000000,30.000000,6.190371
97,56,235.000000,30.000000,6.174609
98,56,240.000000,30.000000,6.158847
99,56,245.000000,30.000000,6.143170
100,56,250.000000,30.000000,6.127671
0,57,-250.000000,35.000000,7.721514
1,57,-245.000000,35.000000,7.700756
2,57,-240.000000,35.000000,7.679999
3,57,-235.000000,35.000000,7.659243
4,57,-230.000000,35.000000,7.638486
5,57,-225.000000,35.000000,7.619175
6,57,-220.000000,35.000000,7.600017
7,57,-215.000000,35.000000,7.580998
8,57,-210.000000,35.000000,7.561979
9,57,-205.000000,35.000000,7.542961
10,57,-200.000000,35.000000,7.524678
11,57,-195.000000,35.000000,7.507794
12,57,-190.000000,35.000000,7.491074
13,57,-185.000000,35.000000,7.474525
14,57,-180.000000,35.000000,7.457976
15,57,-175.000000,35.000000,7.441427
16,57,-170.000000,35.000000,7.425926
17,57,-165.000000,35.000000,7.410720
18,57,-160.000000,35.000000,7.395798
19,57,-155.000000,35.000000,7.380899
20,57,-150.000000,35.000000,7.366001
21,57,-145.000000,35.000000,7.351137
22,57,-140.000000,35.000000,7.336399
23,57,-135.000000,35.000000,7.321679
24,57,-130.000000,35.000000,7.306991
25,57,-125.000000,35.000000,7.292303
26,57,-120.000000,35.000000,7.277614
27,57,-115.000000,35.000000,7.262738
28,57,-110.000000,35.000000,7.247762
29,57,-105.000000,35.000000,7.232693
30,57,-100.000000,35.000000,7.217601
31,57,-95.000000,35.000000,7.202508
32,57,-90.000000,35.000000,7.187423
33,57,-85.000000,35.000000,7.172417
34,57,-80.000000,35.000000,7.157421
35,57,-75.000000,35.000000,7.142460
36,57,-70.000000,35.000000,7.127499
37,57,-65.000000,35.000000,7.112537
38,57,-60.000000,35.000000,7.097818
39,57,-55.000000,35.000000,7.083319
40,57,-50.000000,35.000000,7.069018
41,57,-45.000000,35.000000,7.054814
42,57,-40.000000,35.000000,7.040610
43,57,-35.000000,35.000000,7.026406
44,57,-30.000000,35.000000,7.012422
45,57,-25.000000,35.000000,6.998467
46,57,-20.000000,35.000000,6.984674
47,57,-15.000000,35.000000,6.970881
48,57,-10.000000,35.000000,6.957088
49,57,-5.000000,35.000000,6.943168
50,57,0.000000,35.000000,6.929054
51,57,5.000000,35.000000,6.914773
52,57,10.000000,35.000000,6.900350
53,57,15.000000,35.000000,6.885927
54,57,20.000000,35.000000,6.871504
55,57,25.000000,35.000000,6.856665
56,57,30.000000,35.000000,6.841742
57,57,35.000000,35.000000,6.826240
58,57,40.000000,35.000000,6.810724
59,57,45.000000,35.000000,6.795209
60,57,50.000000,35.000000,6.779656
61,57,55.000000,35.000000,6.764000
62,57,60.000000,35.000000,6.748259
63,57,65.000000,35.000000,6.732398
64,57,70.000000,35.000000,6.716536
65,57,75.000000,35.000000,6.700675
66,57,80.000000,35.000000,6.684984
67,57,85.000000,35.000000,6.669364
68,57,90.000000,35.000000,6.654115
69,57,95.000000,35.000000,6.638932
70,57,100.000000,35.000000,6.623749
71,57,105.000000,35.000000,6.608588
72,57,110.000000,35.000000,6.593564
73,57,115.000000,35.000000,6.578644
74,57,120.000000,35.000000,6.563983
75,57,125.000000,35.000000,6.549322
76,57,130.000000,35.000000,6.534661
77,57,135.000000,35.000000,6.519868
78,57,140.000000,35.000000,6.504979
79,57,145.000000,35.000000,6.489604
80,57,150.000000,35.000000,6.474043
81,57,155.000000,35.000000,6.458482
82,57,160.000000,35.000000,6.442916
83,57,165.000000,35.000000,6.426974
84,57,170.000000,35.000000,6.410795
85,57,175.000000,35.000000,6.393360
86,57,180.000000,35.000000,6.375925
87,57,185.000000,35.000000,6.358490
88,57,190.000000,35.000000,6.341010
89,57,195.000000,35.000000,6.323473
90,57,200.000000,35.000000,6.305601
91,57,205.000000,35.000000,6.287499
92,57,210.000000,35.000000,6.269398
93,57,215.000000,35.000000,6.251296
94,57,220.000000,35.000000,6.233414
95,57,225.000000,35.000000,6.215625
96,57,230.000000,35.000000,6.199959
97,57,235.000000,35.000000,6.184293
98,57,240.000000,35.000000,6.168627
99,57,245.000000,35.000000,6.153045
100,57,250.000000,35.000000,6.137641
0,58,-250.000000,40.000000,7.727575
1,58,-245.000000,40.000000,7.706545
2,58,-240.000000,40.000000,7.685517
3,58,-235.000000,40.000000,7.664489
4,58,-230.000000,40.000000,7.643461
5,58,-225.000000,40.000000,7.623964
6,58,-220.000000,40.000000,7.604628
7,58,-215.000000,40.000000,7.585441
8,58,-210.000000,40.000000,7.566253
9,58,-205.000000,40.000000,7.547065
10,58,-200.000000,40.000000,7.528649
11,58,-195.000000,40.000000,7.511700
12,58,-190.000000,40.000000,7.494922
13,58,-185.000000,40.000000,7.478324
14,58,-180.000000,40.000000,7.461725
15,58,-175.000000,40.000000,7.445127
16,58,-170.000000,40.000000,7.429641
17,58,-165.000000,40.000000,7.414467
18,58,-160.000000,40.000000,7.399597
19,58,-155.000000,40.000000,7.384750
20,58,-150.000000,40.000000,7.369903
21,58,-145.000000,40.000000,7.355102
22,58,-140.000000,40.000000,7.340465
23,58,-135.000000,40.000000,7.325851
24,58,-130.000000,40.000000,7.311279
25,58,-125.000000,40.000000,7.296707
26,58,-120.000000,40.000000,7.282135
27,58,-115.000000,40.000000,7.267385
28,58,-110.000000,40.000000,7.252540
29,58,-105.000000,40.000000,7.237608
30,58,-100.000000,40.000000,7.222653
31,58,-95.000000,40.000000,7.207699
32,58,-90.000000,40.000000,7.192751
33,58,-85.000000,40.000000,7.177875
34,58,-80.000000,40.000000,7.163009
35,58,-75.000000,40.000000,7.148173
36,58,-70.000000,40.000000,7.133337
37,58,-65.000000,40.000000,7.118502
38,58,-60.000000,40.000000,7.103899
39,58,-55.000000,40.000000,7.089507
40,58,-50.000000,40.000000,7.075306
41,58,-45.000000,40.000000,7.061198
42,58,-40.000000,40.000000,7.047090
43,58,-35.000000,40.000000,7.032982
44,58,-30.000000,40.000000,7.019082
45,58,-25.000000,40.000000,7.005209
46,58,-20.000000,40.000000,6.991489
47,58,-15.000000,40.000000,6.977769
48,58,-10.000000,40.000000,6.964049
49,58,-5.000000,40.000000,6.950202
50,58,0.000000,40.000000,6.936162
51,58,5.000000,40.000000,6.921954
52,58,10.000000,40.000000,6.907605
53,58,15.000000,40.000000,6.893256
54,58,20.000000,40.000000,6.878906
55,58,25.000000,40.000000,6.864147
56,58,30.000000,40.000000,6.849305
57,58,35.000000,40.000000,6.833893
58,58,40.000000,40.000000,6.818468
59,58,45.000000,40.000000,6.803042
60,58,50.000000,40.000000,6.787579
61,58,55.000000,40.000000,6.772014
62,58,60.000000,40.000000,6.756364
63,58,65.000000,40.000000,6.740594
64,58,70.000000,40.000000,6.724825
65,58,75.000000,40.000000,6.709055
66,58,80.000000,40.000000,6.693447
67,58,85.000000,40.000000,6.677907
68,58,90.000000,40.000000,6.662720
69,58,95.000000,40.000000,6.647595
70,58,100.000000,40.000000,6.632470
71,58,105.000000,40.000000,6.617365
72,58,110.000000,40.000000,6.602383
73,58,115.000000,40.000000,6.587495
74,58,120.000000,40.000000,6.572841
75,58,125.000000,40.000000,6.558186
76,58,130.000000,40.000000,6.543531
77,58,135.000000,40.000000,6.528740
78,58,140.000000,40.000000,6.513849
79,58,145.000000,40.000000,6.498457
80,58,150.000000,40.000000,6.482873
81,58,155.000000,40.000000,6.467288
82,58,160.000000,40.000000,6.451699
83,58,165.000000,40.000000,6.435737
84,58,170.000000,40.000000,6.419542
85,58,175.000000,40.000000,6.402102
86,58,180.000000,40.000000,6.384662
87,58,185.000000,40.000000,6.367221
88,58,190.000000,40.000000,6.349739
89,58,195.000000,40.000000,6.332204
90,58,200.000000,40.000000,6.314357
91,58,205.000000,40.000000,6.296297
92,58,210.000000,40.000000,6.278236
93,58,215.000000,40.000000,6.260176
94,58,220.000000,40.000000,6.242338
95,58,225.000000,40.000000,6.224595
96,58,230.000000,40.000000,6.209003
97,58,235.000000,40.000000,6.193410
98,58,240.000000,40.000000,6.177818
99,58,245.000000,40.000000,6.162310
100,58,250.000000,40.000000,6.146980
0,59,-250.000000,45.000000,7.733269
1,59,-245.000000,45.000000,7.711937
2,59,-240.000000,45.000000,7.690608
3,59,-235.000000,45.000000,7.669279
4,59,-230.000000,45.000000,7.647950
5,59,-225.000000,45.000000,7.628244
6,59,-220.000000,45.000000,7.608711
7,59,-215.000000,45.000000,7.589334
8,59,-210.000000,45.000000,7.569957
9,59,-205.000000,45.000000,7.550580
10,59,-200.000000,45.000000,7.532015
11,59,-195.000000,45.000000,7.514995
12,59,-190.000000,45.000000,7.498156
13,59,-185.000000,45.000000,7.481505
14,59,-180.000000,45.000000,7.464854
15,59,-175.000000,45.000000,7.448204
16,59,-170.000000,45.000000,7.432737
17,59,-165.000000,45.000000,7.417602
18,59,-160.000000,45.000000,7.402790
19,59,-155.000000,45.000000,7.388003
20,59,-150.000000,45.000000,7.373216
21,59,-145.000000,45.000000,7.358485
22,59,-140.000000,45.000000,7.343953
23,59,-135.000000,45.000000,7.329450
24,59,-130.000000,45.000000,7.314998
25,59,-125.000000,45.000000,7.300546
26,59,-120.000000,45.000000,7.286093
27,59,-115.000000,45.000000,7.271469
28,59,-110.000000,45.000000,7.256753
29,59,-105.000000,45.000000,7.241952
30,59,-100.000000,45.000000,7.227130
31,59,-95.000000,45.000000,7.212308
32,59,-90.000000,45.000000,7.197491
33,59,-85.000000,45.000000,7.182738
34,59,-80.000000,45.000000,7.167993
35,59,-75.000000,45.000000,7.153274
36,59,-70.000000,45.000000,7.138556
37,59,-65.000000,45.000000,7.123838
38,59,-60.000000,45.000000,7.109345
39,59,-55.000000,45.000000,7.095056
40,59,-50.000000,45.000000,7.080952
41,59,-45.000000,45.000000,7.066938
42,59,-40.000000,45.000000,7.052924
43,59,-35.000000,45.000000,7.038911
44,59,-30.000000,45.000000,7.025096
45,59,-25.000000,45.000000,7.011307
46,59,-20.000000,45.000000,6.997664
47,59,-15.000000,45.000000,6.984021
48,59,-10.000000,45.000000,6.970377
49,59,-5.000000,45.000000,6.956607
50,59,0.000000,45.000000,6.942642
51,59,5.000000,45.000000,6.928508
52,59,10.000000,45.000000,6.914232
53,59,15.000000,45.000000,6.899956
54,59,20.000000,45.000000,6.885680
55,59,25.000000,45.000000,6.870997
56,59,30.000000,45.000000,6.856231
57,59,35.000000,45.000000,6.840897
58,59,40.000000,45.000000,6.825551
59,59,45.000000,45.000000,6.810204
60,59,50.000000,45.000000,6.794820
61,59,55.000000,45.000000,6.779332
62,59,60.000000,45.000000,6.763759
63,59,65.000000,45.000000,6.748065
64,59,70.000000,45.000000,6.732371
65,59,75.000000,45.000000,6.716677
66,59,80.000000,45.000000,6.701137
67,59,85.000000,45.000000,6.685662
68,59,90.000000,45.000000,6.670525
69,59,95.000000,45.000000,6.655447
70,59,100.000000,45.000000,6.640370
71,59,105.000000,45.000000,6.625310
72,59,110.000000,45.000000,6.610361
73,59,115.000000,45.000000,6.595496
74,59,120.000000,45.000000,6.580841
75,59,125.000000,45.000000,6.566185
76,59,130.000000,45.000000,6.551530
77,59,135.000000,45.000000,6.536732
78,59,140.000000,45.000000,6.521830
79,59,145.000000,45.000000,6.506406
80,59,150.000000,45.000000,6.490781
81,59,155.000000,45.000000,6.475156
82,59,160.000000,45.000000,6.459527
83,59,165.000000,45.000000,6.443523
84,59,170.000000,45.000000,6.427284
85,59,175.000000,45.000000,6.409796
86,59,180.000000,45.000000,6.392307
87,59,185.000000,45.000000,6.374819
88,59,190.000000,45.000000,6.357290
89,59,195.000000,45.000000,6.339711
90,59,200.000000,45.000000,6.321832
91,59,205.000000,45.000000,6.303747
92,59,210.000000,45.000000,6.285663
93,59,215.000000,45.000000,6.267579
94,59,220.000000,45.000000,6.249719
95,59,225.000000,45.000000,6.231956
96,59,230.000000,45.000000,6.216371
97,59,235.000000,45.000000,6.200786
98,59,240.000000,45.000000,6.185200
99,59,245.000000,45.000000,6.169699
100,59,250.000000,45.000000,6.154377
0,60,-250.000000,50.000000,7.738940
1,60,-245.000000,50.000000,7.717304
2,60,-240.000000,50.000000,7.695672
3,60,-235.000000,50.000000,7.674040
4,60,-230.000000,50.000000,7.652407
5,60,-225.000000,50.000000,7.632492
6,60,-220.000000,50.000000,7.612759
7,60,-215.000000,50.000000,7.593191
8,60,-210.000000,50.000000,7.573624
9,60,-205.000000,50.000000,7.554056
10,60,-200.000000,50.000000,7.535342
11,60,-195.000000,50.000000,7.518251
12,60,-190.000000,50.000000,7.501349
13,60,-185.000000,50.000000,7.484646
14,60,-180.000000,50.000000,7.467943
15,60,-175.000000,50.000000,7.451240
16,60,-170.000000,50.000000,7.435793
17,60,-165.000000,50.000000,7.420698
18,60,-160.000000,50.000000,7.405944
19,60,-155.000000,50.000000,7.391217
20,60,-150.000000,50.000000,7.376491
21,60,-145.000000,50.000000,7.361830
22,60,-140.000000,50.000000,7.347404
23,60,-135.000000,50.000000,7.333012
24,60,-130.000000,50.000000,7.318680
25,60,-125.000000,50.000000,7.304348
26,60,-120.000000,50.000000,7.290016
27,60,-115.000000,50.000000,7.275517
28,60,-110.000000,50.000000,7.260930
29,60,-105.000000,50.000000,7.246260
30,60,-100.000000,50.000000,7.231570
31,60,-95.000000,50.000000,7.216879
32,60,-90.000000,50.000000,7.202194
33,60,-85.000000,50.000000,7.187562
34,60,-80.000000,50.000000,7.172938
35,60,-75.000000,50.000000,7.158336
36,60,-70.000000,50.000000,7.143734
37,60,-65.000000,50.000000,7.129133
38,60,-60.000000,50.000000,7.114750
39,60,-55.000000,50.000000,7.100564
40,60,-50.000000,50.000000,7.086557
41,60,-45.000000,50.000000,7.072637
42,60,-40.000000,50.000000,7.058718
43,60,-35.000000,50.000000,7.044798
44,60,-30.000000,50.000000,7.031068
45,60,-25.000000,50.000000,7.017363
46,60,-20.000000,50.000000,7.003797
47,60,-15.000000,50.000000,6.990231
48,60,-10.000000,50.000000,6.976665
49,60,-5.000000,50.000000,6.962971
50,60,0.000000,50.000000,6.949081
51,60,5.000000,50.000000,6.935022
52,60,10.000000,50.000000,6.920819
53,60,15.000000,50.000000,6.906617
54,60,20.000000,50.000000,6.892414
55,60,25.000000,50.000000,6.877805
56,60,30.000000,50.000000,6.863115
57,60,35.000000,50.000000,6.847859
58,60,40.000000,50.000000,6.832591
59,60,45.000000,50.000000,6.817323
60,60,50.000000,50.000000,6.802016
61,60,55.000000,50.000000,6.786605
62,60,60.000000,50.000000,6.771107
63,60,65.000000,50.000000,6.755488
64,60,70.000000,50.000000,6.739868
65,60,75.000000,50.000000,6.724249
66,60,80.000000,50.000000,6.708777
67,60,85.000000,50.000000,6.693367
68,60,90.000000,50.000000,6.678279
69,60,95.000000,50.000000,6.663248
70,60,100.000000,50.000000,6.648217
71,60,105.000000,50.000000,6.633201
72,60,110.000000,50.000000,6.618285
73,60,115.000000,50.000000,6.603442
74,60,120.000000,50.000000,6.588786
75,60,125.000000,50.000000,6.574129
76,60,130.000000,50.000000,6.559473
77,60,135.000000,50.000000,6.544668
78,60,140.000000,50.000000,6.529755
79,60,145.000000,50.000000,6.514297
80,60,150.000000,50.000000,6.498631
81,60,155.000000,50.000000,6.482964
82,60,160.000000,50.000000,6.467292
83,60,165.000000,50.000000,6.451245
84,60,170.000000,50.000000,6.434961
85,60,175.000000,50.000000,6.417422
86,60,180.000000,50.000000,6.399883
87,60,185.000000,50.000000,6.382344
88,60,190.000000,50.000000,6.364765
89,60,195.000000,50.000000,6.347139
90,60,200.000000,50.000000,6.329224
91,60,205.000000,50.000000,6.311111
92,60,210.000000,50.000000,6.292998
93,60,215.000000,50.000000,6.274886
94,60,220.000000,50.000000,6.257001
95,60,225.000000,50.000000,6.239214
96,60,230.000000,50.000000,6.223631
97,60,235.000000,50.000000,6.208048
98,60,240.000000,50.000000,6.192466
99,60,245.000000,50.000000,6.176967
100,60,250.000000,50.000000,6.161648
0,61,-250.000000,55.000000,7.744610
1,61,-245.000000,55.000000,7.722671
2,61,-240.000000,55.000000,7.700736
3,61,-235.000000,55.000000,7.678800
4,61,-230.000000,55.000000,7.656865
5,61,-225.000000,55.000000,7.636740
6,61,-220.000000,55.000000,7.616807
7,61,-215.000000,55.000000,7.597049
8,61,-210.000000,55.000000,7.577291
9,61,-205.000000,55.000000,7.557532
10,61,-200.000000,55.000000,7.538669
11,61,-195.000000,55.000000,7.521506
12,61,-190.000000,55.000000,7.504543
13,61,-185.000000,55.000000,7.487788
14,61,-180.000000,55.000000,7.471033
15,61,-175.000000,55.000000,7.454277
16,61,-170.000000,55.000000,7.438849
17,61,-165.000000,55.000000,7.423793
18,61,-160.000000,55.000000,7.409098
19,61,-155.000000,55.000000,7.394432
20,61,-150.000000,55.000000,7.379766
21,61,-145.000000,55.000000,7.365175
22,61,-140.000000,55.000000,7.350855
23,61,-135.000000,55.000000,7.336574
24,61,-130.000000,55.000000,7.322362
25,61,-125.000000,55.000000,7.308150
26,61,-120.000000,55.000000,7.293938
27,61,-115.000000,55.000000,7.279565
28,61,-110.000000,55.000000,7.265106
29,61,-105.000000,55.000000,7.250568
30,61,-100.000000,55.000000,7.236009
31,61,-95.000000,55.000000,7.221451
32,61,-90.000000,55.000000,7.206896
33,61,-85.000000,55.000000,7.192386
34,61,-80.000000,55.000000,7.177882
35,61,-75.000000,55.000000,7.163398
36,61,-70.000000,55.000000,7.148913
37,61,-65.000000,55.000000,7.134428
38,61,-60.000000,55.000000,7.120154
39,61,-55.000000,55.000000,7.106072
40,61,-50.000000,55.000000,7.092162
41,61,-45.000000,55.000000,7.078336
42,61,-40.000000,55.000000,7.064511
43,61,-35.000000,55.000000,7.050685
44,61,-30.000000,55.000000,7.037041
45,61,-25.000000,55.000000,7.023419
46,61,-20.000000,55.000000,7.009930
47,61,-15.000000,55.000000,6.996442
48,61,-10.000000,55.000000,6.982953
49,61,-5.000000,55.000000,6.969335
50,61,0.000000,55.000000,6.955521
51,61,5.000000,55.000000,6.941535
52,61,10.000000,55.000000,6.927406
53,61,15.000000,55.000000,6.913277
54,61,20.000000,55.000000,6.899147
55,61,25.000000,55.000000,6.884614
56,61,30.000000,55.000000,6.869999
57,61,35.000000,55.000000,6.854821
58,61,40.000000,55.000000,6.839631
59,61,45.000000,55.000000,6.824441
60,61,50.000000,55.000000,6.809212
61,61,55.000000,55.000000,6.793878
62,61,60.000000,55.000000,6.778456
63,61,65.000000,55.000000,6.762911
64,61,70.000000,55.000000,6.747366
65,61,75.000000,55.000000,6.731821
66,61,80.000000,55.000000,6.716417
67,61,85.000000,55.000000,6.701071
68,61,90.000000,55.000000,6.686033
69,61,95.000000,55.000000,6.671048
70,61,100.000000,55.000000,6.656063
71,61,105.000000,55.000000,6.641093
72,61,110.000000,55.000000,6.626208
73,61,115.000000,55.000000,6.611388
74,61,120.000000,55.000000,6.596731
75,61,125.000000,55.000000,6.582073
76,61,130.000000,55.000000,6.567415
77,61,135.000000,55.000000,6.552604
78,61,140.000000,55.000000,6.537679
79,61,145.000000,55.000000,6.522188
80,61,150.000000,55.000000,6.506480
81,61,155.000000,55.000000,6.490771
82,61,160.000000,55.000000,6.475058
83,61,165.000000,55.000000,6.458967
84,61,170.000000,55.000000,6.442638
85,61,175.000000,55.000000,6.425048
86,61,180.000000,55.000000,6.407458
87,61,185.000000,55.000000,6.389868
88,61,190.000000,55.000000,6.372241
89,61,195.000000,55.000000,6.354567
90,61,200.000000,55.000000,6.336615
91,61,205.000000,55.000000,6.318475
92,61,210.000000,55.000000,6.300334
93,61,215.000000,55.000000,6.282193
94,61,220.000000,55.000000,6.264283
95,61,225.000000,55.000000,6.246471
96,61,230.000000,55.000000,6.230891
97,61,235.000000,55.000000,6.215311
98,61,240.000000,55.000000,6.199731
99,61,245.000000,55.000000,6.184236
100,61,250.000000,55.000000,6.168920
0,62,-250.000000,60.000000,7.750193
1,62,-245.000000,60.000000,7.727955
2,62,-240.000000,60.000000,7.705720
3,62,-235.000000,60.000000,7.683485
4,62,-230.000000,60.000000,7.661250
5,62,-225.000000,60.000000,7.640918
6,62,-220.000000,60.000000,7.620787
7,62,-215.000000,60.000000,7.600840
8,62,-210.000000,60.000000,7.580893
9,62,-205.000000,60.000000,7.560945
10,62,-200.000000,60.000000,7.541934
11,62,-195.000000,60.000000,7.524700
12,62,-190.000000,60.000000,7.507675
13,62,-185.000000,60.000000,7.490868
14,62,-180.000000,60.000000,7.474060
15,62,-175.000000,60.000000,7.457252
16,62,-170.000000,60.000000,7.441841
17,62,-165.000000,60.000000,7.426823
18,62,-160.000000,60.000000,7.412184
19,62,-155.000000,60.000000,7.397576
20,62,-150.000000,60.000000,7.382968
21,62,-145.000000,60.000000,7.368444
22,62,-140.000000,60.000000,7.354225
23,62,-135.000000,60.000000,7.340049
24,62,-130.000000,60.000000,7.325951
25,62,-125.000000,60.000000,7.311853
26,62,-120.000000,60.000000,7.297755
27,62,-115.000000,60.000000,7.283500
28,62,-110.000000,60.000000,7.269161
29,62,-105.000000,60.000000,7.254745
30,62,-100.000000,60.000000,7.240309
31,62,-95.000000,60.000000,7.225873
32,62,-90.000000,60.000000,7.211440
33,62,-85.000000,60.000000,7.197043
34,62,-80.000000,60.000000,7.182651
35,62,-75.000000,60.000000,7.168275
36,62,-70.000000,60.000000,7.153898
37,62,-65.000000,60.000000,7.139521
38,62,-60.000000,60.000000,7.125350
39,62,-55.000000,60.000000,7.111364
40,62,-50.000000,60.000000,7.097545
41,62,-45.000000,60.000000,7.083809
42,62,-40.000000,60.000000,7.070073
43,62,-35.000000,60.000000,7.056336
44,62,-30.000000,60.000000,7.042774
45,62,-25.000000,60.000000,7.029233
46,62,-20.000000,60.000000,7.015820
47,62,-15.000000,60.000000,7.002406
48,62,-10.000000,60.000000,6.988993
49,62,-5.000000,60.000000,6.975449
50,62,0.000000,60.000000,6.961707
51,62,5.000000,60.000000,6.947793
52,62,10.000000,60.000000,6.933734
53,62,15.000000,60.000000,6.919675
54,62,20.000000,60.000000,6.905616
55,62,25.000000,60.000000,6.891152
56,62,30.000000,60.000000,6.876608
57,62,35.000000,60.000000,6.861502
58,62,40.000000,60.000000,6.846382
59,62,45.000000,60.000000,6.831263
60,62,50.000000,60.000000,6.816104
61,62,55.000000,60.000000,6.800839
62,62,60.000000,60.000000,6.785485
63,62,65.000000,60.000000,6.770006
64,62,70.000000,60.000000,6.754526
65,62,75.000000,60.000000,6.739047
66,62,80.000000,60.000000,6.723702
67,62,85.000000,60.000000,6.708413
68,62,90.000000,60.000000,6.693418
69,62,95.000000,60.000000,6.678474
70,62,100.000000,60.000000,6.663529
71,62,105.000000,60.000000,6.648597
72,62,110.000000,60.000000,6.633740
73,62,115.000000,60.000000,6.618938
74,62,120.000000,60.000000,6.604277
75,62,125.000000,60.000000,6.589616
76,62,130.000000,60.000000,6.574954
77,62,135.000000,60.000000,6.560133
78,62,140.000000,60.000000,6.545193
79,62,145.000000,60.000000,6.529665
80,62,150.000000,60.000000,6.513909
81,62,155.000000,60.000000,6.498154
82,62,160.000000,60.000000,6.482394
83,62,165.000000,60.000000,6.466252
84,62,170.000000,60.000000,6.449871
85,62,175.000000,60.000000,6.432216
86,62,180.000000,60.000000,6.414561
87,62,185.000000,60.000000,6.396907
88,62,190.000000,60.000000,6.379215
89,62,195.000000,60.000000,6.361478
90,62,200.000000,60.000000,6.343470
91,62,205.000000,60.000000,6.325278
92,62,210.000000,60.000000,6.307086
93,62,215.000000,60.000000,6.288893
94,62,220.000000,60.000000,6.270934
95,62,225.000000,60.000000,6.253075
96,62,230.000000,60.000000,6.237472
97,62,235.000000,60.000000,6.221869
98,62,240.000000,60.000000,6.206266
99,62,245.000000,60.000000,6.190749
100,62,250.000000,60.000000,6.175411
0,63,-250.000000,65.000000,7.755702
1,63,-245.000000,65.000000,7.733167
2,63,-240.000000,65.000000,7.710636
3,63,-235.000000,65.000000,7.688106
4,63,-230.000000,65.000000,7.665575
5,63,-225.000000,65.000000,7.645037
6,63,-220.000000,65.000000,7.624710
7,63,-215.000000,65.000000,7.604575
8,63,-210.000000,65.000000,7.584440
9,63,-205.000000,65.000000,7.564305
10,63,-200.000000,65.000000,7.545146
11,63,-195.000000,65.000000,7.527842
12,63,-190.000000,65.000000,7.510755
13,63,-185.000000,65.000000,7.493895
14,63,-180.000000,65.000000,7.477035
15,63,-175.000000,65.000000,7.460175
16,63,-170.000000,65.000000,7.444780
17,63,-165.000000,65.000000,7.429798
18,63,-160.000000,65.000000,7.415214
19,63,-155.000000,65.000000,7.400661
20,63,-150.000000,65.000000,7.386109
21,63,-145.000000,65.000000,7.371650
22,63,-140.000000,65.000000,7.357526
23,63,-135.000000,65.000000,7.343452
24,63,-130.000000,65.000000,7.329462
25,63,-125.000000,65.000000,7.315472
26,63,-120.000000,65.000000,7.301483
27,63,-115.000000,65.000000,7.287339
28,63,-110.000000,65.000000,7.273113
29,63,-105.000000,65.000000,7.258811
30,63,-100.000000,65.000000,7.244490
31,63,-95.000000,65.000000,7.230169
32,63,-90.000000,65.000000,7.215850
33,63,-85.000000,65.000000,7.201559
34,63,-80.000000,65.000000,7.187272
35,63,-75.000000,65.000000,7.172996
36,63,-70.000000,65.000000,7.158720
37,63,-65.000000,65.000000,7.144444
38,63,-60.000000,65.000000,7.130368
39,63,-55.000000,65.000000,7.116474
40,63,-50.000000,65.000000,7.102742
41,63,-45.000000,65.000000,7.089091
42,63,-40.000000,65.000000,7.075440
43,63,-35.000000,65.000000,7.061789
44,63,-30.000000,65.000000,7.048305
45,63,-25.000000,65.000000,7.034843
46,63,-20.000000,65.000000,7.021503
47,63,-15.000000,65.000000,7.008164
48,63,-10.000000,65.000000,6.994824
49,63,-5.000000,65.000000,6.981353
50,63,0.000000,65.000000,6.967681
51,63,5.000000,65.000000,6.953836
52,63,10.000000,65.000000,6.939844
53,63,15.000000,65.000000,6.925852
54,63,20.000000,65.000000,6.911860
55,63,25.000000,65.000000,6.897464
56,63,30.000000,65.000000,6.882986
57,63,35.000000,65.000000,6.867944
58,63,40.000000,65.000000,6.852890
59,63,45.000000,65.000000,6.837835
60,63,50.000000,65.000000,6.822741
61,63,55.000000,65.000000,6.807537
62,63,60.000000,65.000000,6.792244
63,63,65.000000,65.000000,6.776823
64,63,70.000000,65.000000,6.761402
65,63,75.000000,65.000000,6.745981
66,63,80.000000,65.000000,6.730689
67,63,85.000000,65.000000,6.715450
68,63,90.000000,65.000000,6.700492
69,63,95.000000,65.000000,6.685583
70,63,100.000000,65.000000,6.670675
71,63,105.000000,65.000000,6.655776
72,63,110.000000,65.000000,6.640941
73,63,115.000000,65.000000,6.626155
74,63,120.000000,65.000000,6.611487
75,63,125.000000,65.000000,6.596820
76,63,130.000000,65.000000,6.582153
77,63,135.000000,65.000000,6.567319
78,63,140.000000,65.000000,6.552362
79,63,145.000000,65.000000,6.536792
80,63,150.000000,65.000000,6.520986
81,63,155.000000,65.000000,6.505179
82,63,160.000000,65.000000,6.489368
83,63,165.000000,65.000000,6.473170
84,63,170.000000,65.000000,6.456730
85,63,175.000000,65.000000,6.438998
86,63,180.000000,65.000000,6.421266
87,63,185.000000,65.000000,6.403535
88,63,190.000000,65.000000,6.385767
89,63,195.000000,65.000000,6.367954
90,63,200.000000,65.000000,6.349873
91,63,205.000000,65.000000,6.331610
92,63,210.000000,65.000000,6.313346
93,63,215.000000,65.000000,6.295082
94,63,220.000000,65.000000,6.277054
95,63,225.000000,65.000000,6.259127
96,63,230.000000,65.000000,6.243480
97,63,235.000000,65.000000,6.227833
98,63,240.000000,65.000000,6.212186
99,63,245.000000,65.000000,6.196625
100,63,250.000000,65.000000,6.181245
0,64,-250.000000,70.000000,7.761011
1,64,-245.000000,70.000000,7.738189
2,64,-240.000000,70.000000,7.715371
3,64,-235.000000,70.000000,7.692554
4,64,-230.000000,70.000000,7.669737
5,64,-225.000000,70.000000,7.648997
6,64,-220.000000,70.000000,7.628478
7,64,-215.000000,70.000000,7.608159
8,64,-210.000000,70.000000,7.587839
9,64,-205.000000,70.000000,7.567520
10,64,-200.000000,70.000000,7.548216
11,64,-195.000000,70.000000,7.530842
12,64,-190.000000,70.000000,7.513694
13,64,-185.000000,70.000000,7.496782
14,64,-180.000000,70.000000,7.479869
15,64,-175.000000,70.000000,7.462957
16,64,-170.000000,70.000000,7.447576
17,64,-165.000000,70.000000,7.432624
18,64,-160.000000,70.000000,7.418089
19,64,-155.000000,70.000000,7.403587
20,64,-150.000000,70.000000,7.389085
21,64,-145.000000,70.000000,7.374684
22,64,-140.000000,70.000000,7.360644
23,64,-135.000000,70.000000,7.346657
24,64,-130.000000,70.000000,7.332762
25,64,-125.000000,70.000000,7.318867
26,64,-120.000000,70.000000,7.304971
27,64,-115.000000,70.000000,7.290922
28,64,-110.000000,70.000000,7.276790
29,64,-105.000000,70.000000,7.262582
30,64,-100.000000,70.000000,7.248354
31,64,-95.000000,70.000000,7.234127
32,64,-90.000000,70.000000,7.219901
33,64,-85.000000,70.000000,7.205695
34,64,-80.000000,70.000000,7.191492
35,64,-75.000000,70.000000,7.177297
36,64,-70.000000,70.000000,7.163103
37,64,-65.000000,70.000000,7.148908
38,64,-60.000000,70.000000,7.134911
39,64,-55.000000,70.000000,7.121094
40,64,-50.000000,70.000000,7.107437
41,64,-45.000000,70.000000,7.093860
42,64,-40.000000,70.000000,7.080284
43,64,-35.000000,70.000000,7.066707
44,64,-30.000000,70.000000,7.053295
45,64,-25.000000,70.000000,7.039904
46,64,-20.000000,70.000000,7.026633
47,64,-15.000000,70.000000,7.013363
48,64,-10.000000,70.000000,7.000092
49,64,-5.000000,70.000000,6.986689
50,64,0.000000,70.000000,6.973082
51,64,5.000000,70.000000,6.959299
52,64,10.000000,70.000000,6.945367
53,64,15.000000,70.000000,6.931435
54,64,20.000000,70.000000,6.917503
55,64,25.000000,70.000000,6.903162
56,64,30.000000,70.000000,6.888739
57,64,35.000000,70.000000,6.873746
58,64,40.000000,70.000000,6.858740
59,64,45.000000,70.000000,6.843735
60,64,50.000000,70.000000,6.828688
61,64,55.000000,70.000000,6.813529
62,64,60.000000,70.000000,6.798277
63,64,65.000000,70.000000,6.782894
64,64,70.000000,70.000000,6.767511
65,64,75.000000,70.000000,6.752128
66,64,80.000000,70.000000,6.736870
67,64,85.000000,70.000000,6.721664
68,64,90.000000,70.000000,6.706729
69,64,95.000000,70.000000,6.691842
70,64,100.000000,70.000000,6.676956
71,64,105.000000,70.000000,6.662078
72,64,110.000000,70.000000,6.647255
73,64,115.000000,70.000000,6.632473
74,64,120.000000,70.000000,6.617794
75,64,125.000000,70.000000,6.603115
76,64,130.000000,70.000000,6.588436
77,64,135.000000,70.000000,6.573582
78,64,140.000000,70.000000,6.558601
79,64,145.000000,70.000000,6.542979
80,64,150.000000,70.000000,6.527110
81,64,155.000000,70.000000,6.511242
82,64,160.000000,70.000000,6.495368
83,64,165.000000,70.000000,6.479098
84,64,170.000000,70.000000,6.462580
85,64,175.000000,70.000000,6.444740
86,64,180.000000,70.000000,6.426899
87,64,185.000000,70.000000,6.409059
88,64,190.000000,70.000000,6.391181
89,64,195.000000,70.000000,6.373257
90,64,200.000000,70.000000,6.355058
91,64,205.000000,70.000000,6.336670
92,64,210.000000,70.000000,6.318282
93,64,215.000000,70.000000,6.299894
94,64,220.000000,70.000000,6.281744
95,64,225.000000,70.000000,6.263695
96,64,230.000000,70.000000,6.247947
97,64,235.000000,70.000000,6.232199
98,64,240.000000,70.000000,6.216450
99,64,245.000000,70.000000,6.200788
100,64,250.000000,70.000000,6.185308
0,65,-250.000000,75.000000,7.766283
1,65,-245.000000,75.000000,7.743176
2,65,-240.000000,75.000000,7.720073
3,65,-235.000000,75.000000,7.696971
4,65,-230.000000,75.000000,7.673868
5,65,-225.000000,75.000000,7.652928
6,65,-220.000000,75.000000,7.632217
7,65,-215.000000,75.000000,7.611715
8,65,-210.000000,75.000000,7.591212
9,65,-205.000000,75.000000,7.570709
10,65,-200.000000,75.000000,7.551261
11,65,-195.000000,75.000000,7.533817
12,65,-190.000000,75.000000,7.516607
13,65,-185.000000,75.000000,7.499643
14,65,-180.000000,75.000000,7.482678
15,65,-175.000000,75.000000,7.465713
16,65,-170.000000,75.000000,7.450344
17,65,-165.000000,75.000000,7.435423
18,65,-160.000000,75.000000,7.420936
19,65,-155.000000,75.000000,7.406484
20,65,-150.000000,75.000000,7.392031
21,65,-145.000000,75.000000,7.377686
22,65,-140.000000,75.000000,7.363728
23,65,-135.000000,75.000000,7.349826
24,65,-130.000000,75.000000,7.336023
25,65,-125.000000,75.000000,7.322219
26,65,-120.000000,75.000000,7.308416
27,65,-115.000000,75.000000,7.294457
28,65,-110.000000,75.000000,7.280415
29,65,-105.000000,75.000000,7.266297
30,65,-100.000000,75.000000,7.252159
31,65,-95.000000,75.000000,7.238022
32,65,-90.000000,75.000000,7.223885
33,65,-85.000000,75.000000,7.209761
34,65,-80.000000,75.000000,7.195639
35,65,-75.000000,75.000000,7.181522
36,65,-70.000000,75.000000,7.167405
37,65,-65.000000,75.000000,7.153288
38,65,-60.000000,75.000000,7.139367
39,65,-55.000000,75.000000,7.125623
40,65,-50.000000,75.000000,7.112040
41,65,-45.000000,75.000000,7.098535
42,65,-40.000000,75.000000,7.085031
43,65,-35.000000,75.000000,7.071526
44,65,-30.000000,75.000000,7.058184
45,65,-25.000000,75.000000,7.044863
46,65,-20.000000,75.000000,7.031661
47,65,-15.000000,75.000000,7.018459
48,65,-10.000000,75.000000,7.005257
49,65,-5.000000,75.000000,6.991920
50,65,0.000000,75.000000,6.978377
51,65,5.000000,75.000000,6.964655
52,65,10.000000,75.000000,6.950782
53,65,15.000000,75.000000,6.936909
54,65,20.000000,75.000000,6.923035
55,65,25.000000,75.000000,6.908748
56,65,30.000000,75.000000,6.894378
57,65,35.000000,75.000000,6.879430
58,65,40.000000,75.000000,6.864470
59,65,45.000000,75.000000,6.849510
60,65,50.000000,75.000000,6.834508
61,65,55.000000,75.000000,6.819390
62,65,60.000000,75.000000,6.804176
63,65,65.000000,75.000000,6.788828
64,65,70.000000,75.000000,6.773479
65,65,75.000000,75.000000,6.758131
66,65,80.000000,75.000000,6.742903
67,65,85.000000,75.000000,6.727726
68,65,90.000000,75.000000,6.712812
69,65,95.000000,75.000000,6.697945
70,65,100.000000,75.000000,6.683078
71,65,105.000000,75.000000,6.668218
72,65,110.000000,75.000000,6.653404
73,65,115.000000,75.000000,6.638625
74,65,120.000000,75.000000,6.623933
75,65,125.000000,75.000000,6.609242
76,65,130.000000,75.000000,6.594550
77,65,135.000000,75.000000,6.579676
78,65,140.000000,75.000000,6.564668
79,65,145.000000,75.000000,6.548993
80,65,150.000000,75.000000,6.533060
81,65,155.000000,75.000000,6.517126
82,65,160.000000,75.000000,6.501188
83,65,165.000000,75.000000,6.484844
84,65,170.000000,75.000000,6.468245
85,65,175.000000,75.000000,6.450290
86,65,180.000000,75.000000,6.432335
87,65,185.000000,75.000000,6.414380
88,65,190.000000,75.000000,6.396386
89,65,195.000000,75.000000,6.378345
90,65,200.000000,75.000000,6.360018
91,65,205.000000,75.000000,6.341496
92,65,210.000000,75.000000,6.322974
93,65,215.000000,75.000000,6.304452
94,65,220.000000,75.000000,6.286170
95,65,225.000000,75.000000,6.267990
96,65,230.000000,75.000000,6.252130
97,65,235.000000,75.000000,6.236269
98,65,240.000000,75.000000,6.220409
99,65,245.000000,75.000000,6.204635
100,65,250.000000,75.000000,6.189046
0,66,-250.000000,80.000000,7.771555
1,66,-245.000000,80.000000,7.748162
2,66,-240.000000,80.000000,7.724775
3,66,-235.000000,80.000000,7.701387
4,66,-230.000000,80.000000,7.678000
5,66,-225.000000,80.000000,7.656859
6,66,-220.000000,80.000000,7.635957
7,66,-215.000000,80.000000,7.615271
8,66,-210.000000,80.000000,7.594584
9,66,-205.000000,80.000000,7.573898
10,66,-200.000000,80.000000,7.554306
11,66,-195.000000,80.000000,7.536791
12,66,-190.000000,80.000000,7.519521
13,66,-185.000000,80.000000,7.502504
14,66,-180.000000,80.000000,7.485487
15,66,-175.000000,80.000000,7.468470
16,66,-170.000000,80.000000,7.453113
17,66,-165.000000,80.000000,7.438223
18,66,-160.000000,80.000000,7.423783
19,66,-155.000000,80.000000,7.409380
20,66,-150.000000,80.000000,7.394977
21,66,-145.000000,80.000000,7.380688
22,66,-140.000000,80.000000,7.366812
23,66,-135.000000,80.000000,7.352996
24,66,-130.000000,80.000000,7.339284
25,66,-125.000000,80.000000,7.325572
26,66,-120.000000,80.000000,7.311860
27,66,-115.000000,80.000000,7.297992
28,66,-110.000000,80.000000,7.284041
29,66,-105.000000,80.000000,7.270013
30,66,-100.000000,80.000000,7.255965
31,66,-95.000000,80.000000,7.241917
32,66,-90.000000,80.000000,7.227870
33,66,-85.000000,80.000000,7.213827
34,66,-80.000000,80.000000,7.199786
35,66,-75.000000,80.000000,7.185746
36,66,-70.000000,80.000000,7.171707
37,66,-65.000000,80.000000,7.157667
38,66,-60.000000,80.000000,7.143822
39,66,-55.000000,80.000000,7.130153
40,66,-50.000000,80.000000,7.116643
41,66,-45.000000,80.000000,7.103210
42,66,-40.000000,80.000000,7.089778
43,66,-35.000000,80.000000,7.076345
44,66,-30.000000,80.000000,7.063074
45,66,-25.000000,80.000000,7.049823
46,66,-20.000000,80.000000,7.036689
47,66,-15.000000,80.000000,7.023556
48,66,-10.000000,80.000000,7.010422
49,66,-5.000000,80.000000,6.997152
50,66,0.000000,80.000000,6.983672
51,66,5.000000,80.000000,6.970011
52,66,10.000000,80.000000,6.956196
53,66,15.000000,80.000000,6.942382
54,66,20.000000,80.000000,6.928568
55,66,25.000000,80.000000,6.914334
56,66,30.000000,80.000000,6.900016
57,66,35.000000,80.000000,6.885115
58,66,40.000000,80.000000,6.870200
59,66,45.000000,80.000000,6.855286
60,66,50.000000,80.000000,6.840328
61,66,55.000000,80.000000,6.825251
62,66,60.000000,80.000000,6.810076
63,66,65.000000,80.000000,6.794762
64,66,70.000000,80.000000,6.779448
65,66,75.000000,80.000000,6.764134
66,66,80.000000,80.000000,6.748937
67,66,85.000000,80.000000,6.733789
68,66,90.000000,80.000000,6.718896
69,66,95.000000,80.000000,6.704048
70,66,100.000000,80.000000,6.689200
71,66,105.000000,80.000000,6.674358
72,66,110.000000,80.000000,6.659554
73,66,115.000000,80.000000,6.644778
74,66,120.000000,80.000000,6.630073
75,66,125.000000,80.000000,6.615368
76,66,130.000000,80.000000,6.600664
77,66,135.000000,80.000000,6.585769
78,66,140.000000,80.000000,6.570736
79,66,145.000000,80.000000,6.555006
80,66,150.000000,80.000000,6.539009
81,66,155.000000,80.000000,6.523011
82,66,160.000000,80.000000,6.507009
83,66,165.000000,80.000000,6.490590
84,66,170.000000,80.000000,6.473910
85,66,175.000000,80.000000,6.455840
86,66,180.000000,80.000000,6.437771
87,66,185.000000,80.000000,6.419701
88,66,190.000000,80.000000,6.401591
89,66,195.000000,80.000000,6.383432
90,66,200.000000,80.000000,6.364978
91,66,205.000000,80.000000,6.346322
92,66,210.000000,80.000000,6.327666
93,66,215.000000,80.000000,6.309011
94,66,220.000000,80.000000,6.290596
95,66,225.000000,80.000000,6.272285
96,66,230.000000,80.000000,6.256313
97,66,235.000000,80.000000,6.240340
98,66,240.000000,80.000000,6.224367
99,66,245.000000,80.000000,6.208482
100,66,250.000000,80.000000,6.192783
0,67,-250.000000,85.000000,7.776967
1,67,-245.000000,85.000000,7.753306
2,67,-240.000000,85.000000,7.729650
3,67,-235.000000,85.000000,7.705994
4,67,-230.000000,85.000000,7.682338
5,67,-225.000000,85.000000,7.661008
6,67,-220.000000,85.000000,7.639924
7,67,-215.000000,85.000000,7.619065
8,67,-210.000000,85.000000,7.598205
9,67,-205.000000,85.000000,7.577346
10,67,-200.000000,85.000000,7.557616
11,67,-195.000000,85.000000,7.540033
12,67,-190.000000,85.000000,7.522701
13,67,-185.000000,85.000000,7.505632
14,67,-180.000000,85.000000,7.488563
15,67,-175.000000,85.000000,7.471494
16,67,-170.000000,85.000000,7.456145
17,67,-165.000000,85.000000,7.441278
18,67,-160.000000,85.000000,7.426879
19,67,-155.000000,85.000000,7.412518
20,67,-150.000000,85.000000,7.398156
21,67,-145.000000,85.000000,7.383915
22,67,-140.000000,85.000000,7.370111
23,67,-135.000000,85.000000,7.356369
24,67,-130.000000,85.000000,7.342738
25,67,-125.000000,85.000000,7.329107
26,67,-120.000000,85.000000,7.315476
27,67,-115.000000,85.000000,7.301689
28,67,-110.000000,85.000000,7.287818
29,67,-105.000000,85.000000,7.273870
30,67,-100.000000,85.000000,7.259902
31,67,-95.000000,85.000000,7.245934
32,67,-90.000000,85.000000,7.231966
33,67,-85.000000,85.000000,7.217998
34,67,-80.000000,85.000000,7.204029
35,67,-75.000000,85.000000,7.190060
36,67,-70.000000,85.000000,7.176090
37,67,-65.000000,85.000000,7.162121
38,67,-60.000000,85.000000,7.148345
39,67,-55.000000,85.000000,7.134744
40,67,-50.000000,85.000000,7.121301
41,67,-45.000000,85.000000,7.107935
42,67,-40.000000,85.000000,7.094570
43,67,-35.000000,85.000000,7.081204
44,67,-30.000000,85.000000,7.067998
45,67,-25.000000,85.000000,7.054812
46,67,-20.000000,85.000000,7.041743
47,67,-15.000000,85.000000,7.028674
48,67,-10.000000,85.000000,7.015605
49,67,-5.000000,85.000000,7.002396
50,67,0.000000,85.000000,6.988976
51,67,5.000000,85.000000,6.975373
52,67,10.000000,85.000000,6.961614
53,67,15.000000,85.000000,6.947855
54,67,20.000000,85.000000,6.934096
55,67,25.000000,85.000000,6.919913
56,67,30.000000,85.000000,6.905644
57,67,35.000000,85.000000,6.890786
58,67,40.000000,85.000000,6.875915
59,67,45.000000,85.000000,6.861043
60,67,50.000000,85.000000,6.846127
61,67,55.000000,85.000000,6.831089
62,67,60.000000,85.000000,6.815949
63,67,65.000000,85.000000,6.800668
64,67,70.000000,85.000000,6.785386
65,67,75.000000,85.000000,6.770105
66,67,80.000000,85.000000,6.754936
67,67,85.000000,85.000000,6.739816
68,67,90.000000,85.000000,6.724942
69,67,95.000000,85.000000,6.710113
70,67,100.000000,85.000000,6.695283
71,67,105.000000,85.000000,6.680458
72,67,110.000000,85.000000,6.665663
73,67,115.000000,85.000000,6.650890
74,67,120.000000,85.000000,6.636173
75,67,125.000000,85.000000,6.621456
76,67,130.000000,85.000000,6.606739
77,67,135.000000,85.000000,6.591825
78,67,140.000000,85.000000,6.576767
79,67,145.000000,85.000000,6.560987
80,67,150.000000,85.000000,6.544928
81,67,155.000000,85.000000,6.528869
82,67,160.000000,85.000000,6.512805
83,67,165.000000,85.000000,6.496315
84,67,170.000000,85.000000,6.479558
85,67,175.000000,85.000000,6.461378
86,67,180.000000,85.000000,6.443199
87,67,185.000000,85.000000,6.425020
88,67,190.000000,85.000000,6.406799
89,67,195.000000,85.000000,6.388528
90,67,200.000000,85.000000,6.369951
91,67,205.000000,85.000000,6.351167
92,67,210.000000,85.000000,6.332382
93,67,215.000000,85.000000,6.313597
94,67,220.000000,85.000000,6.295056
95,67,225.000000,85.000000,6.276619
96,67,230.000000,85.000000,6.260538
97,67,235.000000,85.000000,6.244457
98,67,240.000000,85.000000,6.228376
99,67,245.000000,85.000000,6.212383
100,67,250.000000,85.000000,6.196578
0,68,-250.000000,90.000000,7.782551
1,68,-245.000000,90.000000,7.758642
2,68,-240.000000,90.000000,7.734738
3,68,-235.000000,90.000000,7.710835
4,68,-230.000000,90.000000,7.686932
5,68,-225.000000,90.000000,7.665426
6,68,-220.000000,90.000000,7.644174
7,68,-215.000000,90.000000,7.623153
8,68,-210.000000,90.000000,7.602132
9,68,-205.000000,90.000000,7.581111
10,68,-200.000000,90.000000,7.561253
11,68,-195.000000,90.000000,7.543603
12,68,-190.000000,90.000000,7.526212
13,68,-185.000000,90.000000,7.509090
14,68,-180.000000,90.000000,7.491969
15,68,-175.000000,90.000000,7.474848
16,68,-170.000000,90.000000,7.459500
17,68,-165.000000,90.000000,7.444650
18,68,-160.000000,90.000000,7.430282
19,68,-155.000000,90.000000,7.415952
20,68,-150.000000,90.000000,7.401623
21,68,-145.000000,90.000000,7.387420
22,68,-140.000000,90.000000,7.373674
23,68,-135.000000,90.000000,7.359995
24,68,-130.000000,90.000000,7.346431
25,68,-125.000000,90.000000,7.332868
26,68,-120.000000,90.000000,7.319304
27,68,-115.000000,90.000000,7.305585
28,68,-110.000000,90.000000,7.291782
29,68,-105.000000,90.000000,7.277902
30,68,-100.000000,90.000000,7.264002
31,68,-95.000000,90.000000,7.250102
32,68,-90.000000,90.000000,7.236202
33,68,-85.000000,90.000000,7.222297
34,68,-80.000000,90.000000,7.208391
35,68,-75.000000,90.000000,7.194483
36,68,-70.000000,90.000000,7.180575
37,68,-65.000000,90.000000,7.166667
38,68,-60.000000,90.000000,7.152952
39,68,-55.000000,90.000000,7.139411
40,68,-50.000000,90.000000,7.126028
41,68,-45.000000,90.000000,7.112722
42,68,-40.000000,90.000000,7.099417
43,68,-35.000000,90.000000,7.086111
44,68,-30.000000,90.000000,7.072964
45,68,-25.000000,90.000000,7.059838
46,68,-20.000000,90.000000,7.046828
47,68,-15.000000,90.000000,7.033818
48,68,-10.000000,90.000000,7.020808
49,68,-5.000000,90.000000,7.007657
50,68,0.000000,90.000000,6.994292
51,68,5.000000,90.000000,6.980742
52,68,10.000000,90.000000,6.967034
53,68,15.000000,90.000000,6.953326
54,68,20.000000,90.000000,6.939618
55,68,25.000000,90.000000,6.925482
56,68,30.000000,90.000000,6.911260
57,68,35.000000,90.000000,6.896442
58,68,40.000000,90.000000,6.881610
59,68,45.000000,90.000000,6.866778
60,68,50.000000,90.000000,6.851900
61,68,55.000000,90.000000,6.836898
62,68,60.000000,90.000000,6.821792
63,68,65.000000,90.000000,6.806540
64,68,70.000000,90.000000,6.791288
65,68,75.000000,90.000000,6.776036
66,68,80.000000,90.000000,6.760895
67,68,85.000000,90.000000,6.745799
68,68,90.000000,90.000000,6.730944
69,68,95.000000,90.000000,6.716131
70,68,100.000000,90.000000,6.701318
71,68,105.000000,90.000000,6.686509
72,68,110.000000,90.000000,6.671722
73,68,115.000000,90.000000,6.656952
74,68,120.000000,90.000000,6.642223
75,68,125.000000,90.000000,6.627495
76,68,130.000000,90.000000,6.612767
77,68,135.000000,90.000000,6.597835
78,68,140.000000,90.000000,6.582754
79,68,145.000000,90.000000,6.566925
80,68,150.000000,90.000000,6.550809
81,68,155.000000,90.000000,6.534693
82,68,160.000000,90.000000,6.518571
83,68,165.000000,90.000000,6.502014
84,68,170.000000,90.000000,6.485185
85,68,175.000000,90.000000,6.466902
86,68,180.000000,90.000000,6.448619
87,68,185.000000,90.000000,6.430336
88,68,190.000000,90.000000,6.412011
89,68,195.000000,90.000000,6.393633
90,68,200.000000,90.000000,6.374941
91,68,205.000000,90.000000,6.356033
92,68,210.000000,90.000000,6.337126
93,68,215.000000,90.000000,6.318219
94,68,220.000000,90.000000,6.299556
95,68,225.000000,90.000000,6.280999
96,68,230.000000,90.000000,6.264815
97,68,235.000000,90.000000,6.248630
98,68,240.000000,90.000000,6.232445
99,68,245.000000,90.000000,6.216350
100,68,250.000000,90.000000,6.200443
0,69,-250.000000,95.000000,7.788557
1,69,-245.000000,95.000000,7.764451
2,69,-240.000000,95.000000,7.740351
3,69,-235.000000,95.000000,7.716252
4,69,-230.000000,95.000000,7.692152
5,69,-225.000000,95.000000,7.670504
6,69,-220.000000,95.000000,7.649116
7,69,-215.000000,95.000000,7.627964
8,69,-210.000000,95.000000,7.606812
9,69,-205.000000,95.000000,7.585659
10,69,-200.000000,95.000000,7.565693
11,69,-195.000000,95.000000,7.547980
12,69,-190.000000,95.000000,7.530532
13,69,-185.000000,95.000000,7.513359
14,69,-180.000000,95.000000,7.496186
15,69,-175.000000,95.000000,7.479013
16,69,-170.000000,95.000000,7.463651
17,69,-165.000000,95.000000,7.448798
18,69,-160.000000,95.000000,7.434437
19,69,-155.000000,95.000000,7.420116
20,69,-150.000000,95.000000,7.405795
21,69,-145.000000,95.000000,7.391604
22,69,-140.000000,95.000000,7.377888
23,69,-135.000000,95.000000,7.364239
24,69,-130.000000,95.000000,7.350710
25,69,-125.000000,95.000000,7.337181
26,69,-120.000000,95.000000,7.323653
27,69,-115.000000,95.000000,7.309969
28,69,-110.000000,95.000000,7.296204
29,69,-105.000000,95.000000,7.282362
30,69,-100.000000,95.000000,7.268501
31,69,-95.000000,95.000000,7.254640
32,69,-90.000000,95.000000,7.240778
33,69,-85.000000,95.000000,7.226912
34,69,-80.000000,95.000000,7.213045
35,69,-75.000000,95.000000,7.199176
36,69,-70.000000,95.000000,7.185307
37,69,-65.000000,95.000000,7.171437
38,69,-60.000000,95.000000,7.157763
39,69,-55.000000,95.000000,7.144264
40,69,-50.000000,95.000000,7.130924
41,69,-45.000000,95.000000,7.117662
42,69,-40.000000,95.000000,7.104399
43,69,-35.000000,95.000000,7.091137
44,69,-30.000000,95.000000,7.078036
45,69,-25.000000,95.000000,7.064954
46,69,-20.000000,95.000000,7.051990
47,69,-15.000000,95.000000,7.039027
48,69,-10.000000,95.000000,7.026063
49,69,-5.000000,95.000000,7.012957
50,69,0.000000,95.000000,6.999636
51,69,5.000000,95.000000,6.986128
52,69,10.000000,95.000000,6.972461
53,69,15.000000,95.000000,6.958795
54,69,20.000000,95.000000,6.945128
55,69,25.000000,95.000000,6.931030
56,69,30.000000,95.000000,6.916845
57,69,35.000000,95.000000,6.902058
58,69,40.000000,95.000000,6.887258
59,69,45.000000,95.000000,6.872458
60,69,50.000000,95.000000,6.857611
61,69,55.000000,95.000000,6.842637
62,69,60.000000,95.000000,6.827557
63,69,65.000000,95.000000,6.812329
64,69,70.000000,95.000000,6.797101
65,69,75.000000,95.000000,6.781872
66,69,80.000000,95.000000,6.766751
67,69,85.000000,95.000000,6.751676
68,69,90.000000,95.000000,6.736835
69,69,95.000000,95.000000,6.722035
70,69,100.000000,95.000000,6.707236
71,69,105.000000,95.000000,6.692439
72,69,110.000000,95.000000,6.677658
73,69,115.000000,95.000000,6.662890
74,69,120.000000,95.000000,6.648153
75,69,125.000000,95.000000,6.633415
76,69,130.000000,95.000000,6.618678
77,69,135.000000,95.000000,6.603731
78,69,140.000000,95.000000,6.588631
79,69,145.000000,95.000000,6.572763
80,69,150.000000,95.000000,6.556598
81,69,155.000000,95.000000,6.540434
82,69,160.000000,95.000000,6.524264
83,69,165.000000,95.000000,6.507651
84,69,170.000000,95.000000,6.490760
85,69,175.000000,95.000000,6.472389
86,69,180.000000,95.000000,6.454018
87,69,185.000000,95.000000,6.435647
88,69,190.000000,95.000000,6.417231
89,69,195.000000,95.000000,6.398762
90,69,200.000000,95.000000,6.379969
91,69,205.000000,95.000000,6.360955
92,69,210.000000,95.000000,6.341940
93,69,215.000000,95.000000,6.322926
94,69,220.000000,95.000000,6.304158
95,69,225.000000,95.000000,6.285496
96,69,230.000000,95.000000,6.269219
97,69,235.000000,95.000000,6.252942
98,69,240.000000,95.000000,6.236665
99,69,245.000000,95.000000,6.220478
100,69,250.000000,95.000000,6.204481
0,70,-250.000000,100.000000,7.794705
1,70,-245.000000,100.000000,7.770419
2,70,-240.000000,100.000000,7.746140
3,70,-235.000000,100.000000,7.721861
4,70,-230.000000,100.000000,7.697581
5,70,-225.000000,100.000000,7.675802
6,70,-220.000000,100.000000,7.654288
7,70,-215.000000,100.000000,7.633015
8,70,-210.000000,100.000000,7.611742
9,70,-205.000000,100.000000,7.590469
10,70,-200.000000,100.000000,7.570402
11,70,-195.000000,100.000000,7.552628
12,70,-190.000000,100.000000,7.535123
13,70,-185.000000,100.000000,7.517898
14,70,-180.000000,100.000000,7.500673
15,70,-175.000000,100.000000,7.483448
16,70,-170.000000,100.000000,7.468068
17,70,-165.000000,100.000000,7.453205
18,70,-160.000000,100.000000,7.438844
19,70,-155.000000,100.000000,7.424523
20,70,-150.000000,100.000000,7.410202
21,70,-145.000000,100.000000,7.396016
22,70,-140.000000,100.000000,7.382318
23,70,-135.000000,100.000000,7.368689
24,70,-130.000000,100.000000,7.355184
25,70,-125.000000,100.000000,7.341680
26,70,-120.000000,100.000000,7.328175
27,70,-115.000000,100.000000,7.314518
28,70,-110.000000,100.000000,7.300779
29,70,-105.000000,100.000000,7.286966
30,70,-100.000000,100.000000,7.273134
31,70,-95.000000,100.000000,7.259301
32,70,-90.000000,100.000000,7.245468
33,70,-85.000000,100.000000,7.231632
34,70,-80.000000,100.000000,7.217796
35,70,-75.000000,100.000000,7.203958
36,70,-70.000000,100.000000,7.190121
37,70,-65.000000,100.000000,7.176283
38,70,-60.000000,100.000000,7.162642
39,70,-55.000000,100.000000,7.149179
40,70,-50.000000,100.000000,7.135876
41,70,-45.000000,100.000000,7.122652
42,70,-40.000000,100.000000,7.109427
43,70,-35.000000,100.000000,7.096203
44,70,-30.000000,100.000000,7.083142
45,70,-25.000000,100.000000,7.070101
46,70,-20.000000,100.000000,7.057179
47,70,-15.000000,100.000000,7.044257
48,70,-10.000000,100.000000,7.031335
49,70,-5.000000,100.000000,7.018271
50,70,0.000000,100.000000,7.004990
51,70,5.000000,100.000000,6.991520
52,70,10.000000,100.000000,6.977892
53,70,15.000000,100.000000,6.964263
54,70,20.000000,100.000000,6.950634
55,70,25.000000,100.000000,6.936570
56,70,30.000000,100.000000,6.922419
57,70,35.000000,100.000000,6.907662
58,70,40.000000,100.000000,6.892891
59,70,45.000000,100.000000,6.878120
60,70,50.000000,100.000000,6.863301
61,70,55.000000,100.000000,6.848353
62,70,60.000000,100.000000,6.833297
63,70,65.000000,100.000000,6.818090
64,70,70.000000,100.000000,6.802883
65,70,75.000000,100.000000,6.787676
66,70,80.000000,100.000000,6.772574
67,70,85.000000,100.000000,6.757516
68,70,90.000000,100.000000,6.742688
69,70,95.000000,100.000000,6.727901
70,70,100.000000,100.000000,6.713114
71,70,105.000000,100.000000,6.698328
72,70,110.000000,100.000000,6.683554
73,70,115.000000,100.000000,6.668787
74,70,120.000000,100.000000,6.654041
75,70,125.000000,100.000000,6.639296
76,70,130.000000,100.000000,6.624550
77,70,135.000000,100.000000,6.609589
78,70,140.000000,100.000000,6.594472
79,70,145.000000,100.000000,6.578566
80,70,150.000000,100.000000,6.562357
81,70,155.000000,100.000000,6.546148
82,70,160.000000,100.000000,6.529933
83,70,165.000000,100.000000,6.513267
84,70,170.000000,100.000000,6.496319
85,70,175.000000,100.000000,6.477864
86,70,180.000000,100.000000,6.459409
87,70,185.000000,100.000000,6.440955
88,70,190.000000,100.000000,6.422455
89,70,195.000000,100.000000,6.403899
90,70,200.000000,100.000000,6.385010
91,70,205.000000,100.000000,6.365894
92,70,210.000000,100.000000,6.346778
93,70,215.000000,100.000000,6.327662
94,70,220.000000,100.000000,6.308794
95,70,225.000000,100.000000,6.290032
96,70,230.000000,100.000000,6.273666
97,70,235.000000,100.000000,6.257301
98,70,240.000000,100.000000,6.240936
99,70,245.000000,100.000000,6.224661
100,70,250.000000,100.000000,6.208577
0,71,-250.000000,105.000000,7.800852
1,71,-245.000000,105.000000,7.776387
2,71,-240.000000,105.000000,7.751928
3,71,-235.000000,105.000000,7.727469
4,71,-230.000000,105.000000,7.703011
5,71,-225.000000,105.000000,7.681101
6,71,-220.000000,105.000000,7.659461
7,71,-215.000000,105.000000,7.638066
8,71,-210.000000,105.000000,7.616672
9,71,-205.000000,105.000000,7.595278
10,71,-200.000000,105.000000,7.575110
11,71,-195.000000,105.000000,7.557275
12,71,-190.000000,105.000000,7.539714
13,71,-185.000000,105.000000,7.522437
14,71,-180.000000,105.000000,7.505160
15,71,-175.000000,105.000000,7.487883
16,71,-170.000000,105.000000,7.472484
17,71,-165.000000,105.000000,7.457613
18,71,-160.000000,105.000000,7.443251
19,71,-155.000000,105.000000,7.428931
20,71,-150.000000,105.000000,7.414610
21,71,-145.000000,105.000000,7.400428
22,71,-140.000000,105.000000,7.386748
23,71,-135.000000,105.000000,7.373140
24,71,-130.000000,105.000000,7.359659
25,71,-125.000000,105.000000,7.346178
26,71,-120.000000,105.000000,7.332697
27,71,-115.000000,105.000000,7.319066
28,71,-110.000000,105.000000,7.305355
29,71,-105.000000,105.000000,7.291570
30,71,-100.000000,105.000000,7.277766
31,71,-95.000000,105.000000,7.263962
32,71,-90.000000,105.000000,7.250158
33,71,-85.000000,105.000000,7.236353
34,71,-80.000000,105.000000,7.222547
35,71,-75.000000,105.000000,7.208741
36,71,-70.000000,105.000000,7.194935
37,71,-65.000000,105.000000,7.181129
38,71,-60.000000,105.000000,7.167521
39,71,-55.000000,105.000000,7.154094
40,71,-50.000000,105.000000,7.140828
41,71,-45.000000,105.000000,7.127642
42,71,-40.000000,105.000000,7.114456
43,71,-35.000000,105.000000,7.101269
44,71,-30.000000,105.000000,7.088248
45,71,-25.000000,105.000000,7.075247
46,71,-20.000000,105.000000,7.062367
47,71,-15.000000,105.000000,7.049487
48,71,-10.000000,105.000000,7.036608
49,71,-5.000000,105.000000,7.023584
50,71,0.000000,105.000000,7.010343
51,71,5.000000,105.000000,6.996912
52,71,10.000000,105.000000,6.983322
53,71,15.000000,105.000000,6.969731
54,71,20.000000,105.000000,6.956140
55,71,25.000000,105.000000,6.942111
56,71,30.000000,105.000000,6.927993
57,71,35.000000,105.000000,6.913265
58,71,40.000000,105.000000,6.898523
59,71,45.000000,105.000000,6.883781
60,71,50.000000,105.000000,6.868991
61,71,55.000000,105.000000,6.854068
62,71,60.000000,105.000000,6.839037
63,71,65.000000,105.000000,6.823851
64,71,70.000000,105.000000,6.808665
65,71,75.000000,105.000000,6.793479
66,71,80.000000,105.000000,6.778396
67,71,85.000000,105.000000,6.763357
68,71,90.000000,105.000000,6.748542
69,71,95.000000,105.000000,6.733767
70,71,100.000000,105.000000,6.718992
71,71,105.000000,105.000000,6.704218
72,71,110.000000,105.000000,6.689449
73,71,115.000000,105.000000,6.674685
74,71,120.000000,105.000000,6.659930
75,71,125.000000,105.000000,6.645176
76,71,130.000000,105.000000,6.630422
77,71,135.000000,105.000000,6.615448
78,71,140.000000,105.000000,6.600312
79,71,145.000000,105.000000,6.584369
80,71,150.000000,105.000000,6.568115
81,71,155.000000,105.000000,6.551862
82,71,160.000000,105.000000,6.535602
83,71,165.000000,105.000000,6.518884
84,71,170.000000,105.000000,6.501878
85,71,175.000000,105.000000,6.483339
86,71,180.000000,105.000000,6.464801
87,71,185.000000,105.000000,6.446263
88,71,190.000000,105.000000,6.427678
89,71,195.000000,105.000000,6.409036
90,71,200.000000,105.000000,6.390052
91,71,205.000000,105.000000,6.370834
92,71,210.000000,105.000000,6.351616
93,71,215.000000,105.000000,6.332398
94,71,220.000000,105.000000,6.313429
95,71,225.000000,105.000000,6.294567
96,71,230.000000,105.000000,6.278113
97,71,235.000000,105.000000,6.261660
98,71,240.000000,105.000000,6.245206
99,71,245.000000,105.000000,6.228843
100,71,250.000000,105.000000,6.212673
0,72,-250.000000,110.000000,7.807212
1,72,-245.000000,110.000000,7.782580
2,72,-240.000000,110.000000,7.757956
3,72,-235.000000,110.000000,7.733332
4,72,-230.000000,110.000000,7.708708
5,72,-225.000000,110.000000,7.686677
6,72,-220.000000,110.000000,7.664920
7,72,-215.000000,110.000000,7.643413
8,72,-210.000000,110.000000,7.621906
9,72,-205.000000,110.000000,7.600399
10,72,-200.000000,110.000000,7.580137
11,72,-195.000000,110.000000,7.562242
12,72,-190.000000,110.000000,7.544624
13,72,-185.000000,110.000000,7.527295
14,72,-180.000000,110.000000,7.509967
15,72,-175.000000,110.000000,7.492638
16,72,-170.000000,110.000000,7.477215
17,72,-165.000000,110.000000,7.462328
18,72,-160.000000,110.000000,7.447960
19,72,-155.000000,110.000000,7.433632
20,72,-150.000000,110.000000,7.419305
21,72,-145.000000,110.000000,7.405120
22,72,-140.000000,110.000000,7.391449
23,72,-135.000000,110.000000,7.377853
24,72,-130.000000,110.000000,7.364386
25,72,-125.000000,110.000000,7.350920
26,72,-120.000000,110.000000,7.337454
27,72,-115.000000,110.000000,7.323841
28,72,-110.000000,110.000000,7.310151
29,72,-105.000000,110.000000,7.296387
30,72,-100.000000,110.000000,7.282606
31,72,-95.000000,110.000000,7.268824
32,72,-90.000000,110.000000,7.255042
33,72,-85.000000,110.000000,7.241262
34,72,-80.000000,110.000000,7.227483
35,72,-75.000000,110.000000,7.213704
36,72,-70.000000,110.000000,7.199925
37,72,-65.000000,110.000000,7.186147
38,72,-60.000000,110.000000,7.172568
39,72,-55.000000,110.000000,7.159172
40,72,-50.000000,110.000000,7.145940
41,72,-45.000000,110.000000,7.132788
42,72,-40.000000,110.000000,7.119636
43,72,-35.000000,110.000000,7.106485
44,72,-30.000000,110.000000,7.093500
45,72,-25.000000,110.000000,7.080536
46,72,-20.000000,110.000000,7.067695
47,72,-15.000000,110.000000,7.054853
48,72,-10.000000,110.000000,7.042012
49,72,-5.000000,110.000000,7.029027
50,72,0.000000,110.000000,7.015823
51,72,5.000000,110.000000,7.002429
52,72,10.000000,110.000000,6.988874
53,72,15.000000,110.000000,6.975319
54,72,20.000000,110.000000,6.961765
55,72,25.000000,110.000000,6.947769
56,72,30.000000,110.000000,6.933684
57,72,35.000000,110.000000,6.918986
58,72,40.000000,110.000000,6.904273
59,72,45.000000,110.000000,6.889561
60,72,50.000000,110.000000,6.874799
61,72,55.000000,110.000000,6.859904
62,72,60.000000,110.000000,6.844898
63,72,65.000000,110.000000,6.829735
64,72,70.000000,110.000000,6.814573
65,72,75.000000,110.000000,6.799410
66,72,80.000000,110.000000,6.784348
67,72,85.000000,110.000000,6.769328
68,72,90.000000,110.000000,6.754528
69,72,95.000000,110.000000,6.739767
70,72,100.000000,110.000000,6.725006
71,72,105.000000,110.000000,6.710245
72,72,110.000000,110.000000,6.695484
73,72,115.000000,110.000000,6.680723
74,72,120.000000,110.000000,6.665962
75,72,125.000000,110.000000,6.651202
76,72,130.000000,110.000000,6.636441
77,72,135.000000,110.000000,6.621456
78,72,140.000000,110.000000,6.606305
79,72,145.000000,110.000000,6.590330
80,72,150.000000,110.000000,6.574037
81,72,155.000000,110.000000,6.557744
82,72,160.000000,110.000000,6.541445
83,72,165.000000,110.000000,6.524680
84,72,170.000000,110.000000,6.507624
85,72,175.000000,110.000000,6.489013
86,72,180.000000,110.000000,6.470402
87,72,185.000000,110.000000,6.451792
88,72,190.000000,110.000000,6.433134
89,72,195.000000,110.000000,6.414417
90,72,200.000000,110.000000,6.395351
91,72,205.000000,110.000000,6.376047
92,72,210.000000,110.000000,6.356743
93,72,215.000000,110.000000,6.337439
94,72,220.000000,110.000000,6.318385
95,72,225.000000,110.000000,6.299438
96,72,230.000000,110.000000,6.282911
97,72,235.000000,110.000000,6.266384
98,72,240.000000,110.000000,6.249857
99,72,245.000000,110.000000,6.233422
100,72,250.000000,110.000000,6.217179
0,73,-250.000000,115.000000,7.813960
1,73,-245.000000,115.000000,7.789188
2,73,-240.000000,115.000000,7.764424
3,73,-235.000000,115.000000,7.739660
4,73,-230.000000,115.000000,7.714896
5,73,-225.000000,115.000000,7.692761
6,73,-220.000000,115.000000,7.670904
7,73,-215.000000,115.000000,7.649300
8,73,-210.000000,115.000000,7.627697
9,73,-205.000000,115.000000,7.606093
10,73,-200.000000,115.000000,7.585748
11,73,-195.000000,115.000000,7.567794
12,73,-190.000000,115.000000,7.550121
13,73,-185.000000,115.000000,7.532739
14,73,-180.000000,115.000000,7.515358
15,73,-175.000000,115.000000,7.497977
16,73,-170.000000,115.000000,7.482522
17,73,-165.000000,115.000000,7.467609
18,73,-160.000000,115.000000,7.453220
19,73,-155.000000,115.000000,7.438872
20,73,-150.000000,115.000000,7.424524
21,73,-145.000000,115.000000,7.410322
22,73,-140.000000,115.000000,7.396646
23,73,-135.000000,115.000000,7.383045
24,73,-130.000000,115.000000,7.369578
25,73,-125.000000,115.000000,7.356110
26,73,-120.000000,115.000000,7.342643
27,73,-115.000000,115.000000,7.329034
28,73,-110.000000,115.000000,7.315350
29,73,-105.000000,115.000000,7.301596
30,73,-100.000000,115.000000,7.287824
31,73,-95.000000,115.000000,7.274052
32,73,-90.000000,115.000000,7.260281
33,73,-85.000000,115.000000,7.246518
34,73,-80.000000,115.000000,7.232756
35,73,-75.000000,115.000000,7.218996
36,73,-70.000000,115.000000,7.205237
37,73,-65.000000,115.000000,7.191478
38,73,-60.000000,115.000000,7.177922
39,73,-55.000000,115.000000,7.164551
40,73,-50.000000,115.000000,7.151345
41,73,-45.000000,115.000000,7.138221
42,73,-40.000000,115.000000,7.125097
43,73,-35.000000,115.000000,7.111973
44,73,-30.000000,115.000000,7.099019
45,73,-25.000000,115.000000,7.086085
46,73,-20.000000,115.000000,7.073276
47,73,-15.000000,115.000000,7.060467
48,73,-10.000000,115.000000,7.047658
49,73,-5.000000,115.000000,7.034705
50,73,0.000000,115.000000,7.021534
51,73,5.000000,115.000000,7.008172
52,73,10.000000,115.000000,6.994650
53,73,15.000000,115.000000,6.981128
54,73,20.000000,115.000000,6.967606
55,73,25.000000,115.000000,6.953641
56,73,30.000000,115.000000,6.939589
57,73,35.000000,115.000000,6.924921
58,73,40.000000,115.000000,6.910239
59,73,45.000000,115.000000,6.895557
60,73,50.000000,115.000000,6.880826
61,73,55.000000,115.000000,6.865959
62,73,60.000000,115.000000,6.850981
63,73,65.000000,115.000000,6.835845
64,73,70.000000,115.000000,6.820709
65,73,75.000000,115.000000,6.805574
66,73,80.000000,115.000000,6.790536
67,73,85.000000,115.000000,6.775539
68,73,90.000000,115.000000,6.760757
69,73,95.000000,115.000000,6.746013
70,73,100.000000,115.000000,6.731269
71,73,105.000000,115.000000,6.716524
72,73,110.000000,115.000000,6.701774
73,73,115.000000,115.000000,6.687020
74,73,120.000000,115.000000,6.672257
75,73,125.000000,115.000000,6.657494
76,73,130.000000,115.000000,6.642730
77,73,135.000000,115.000000,6.627738
78,73,140.000000,115.000000,6.612579
79,73,145.000000,115.000000,6.596579
80,73,150.000000,115.000000,6.580257
81,73,155.000000,115.000000,6.563934
82,73,160.000000,115.000000,6.547605
83,73,165.000000,115.000000,6.530807
84,73,170.000000,115.000000,6.513714
85,73,175.000000,115.000000,6.495051
86,73,180.000000,115.000000,6.476388
87,73,185.000000,115.000000,6.457725
88,73,190.000000,115.000000,6.439015
89,73,195.000000,115.000000,6.420245
90,73,200.000000,115.000000,6.401124
91,73,205.000000,115.000000,6.381762
92,73,210.000000,115.000000,6.362399
93,73,215.000000,115.000000,6.343037
94,73,220.000000,115.000000,6.323926
95,73,225.000000,115.000000,6.304923
96,73,230.000000,115.000000,6.288351
97,73,235.000000,115.000000,6.271778
98,73,240.000000,115.000000,6.255205
99,73,245.000000,115.000000,6.238724
100,73,250.000000,115.000000,6.222437
0,74,-250.000000,120.000000,7.821605
1,74,-245.000000,120.000000,7.796752
2,74,-240.000000,120.000000,7.771907
3,74,-235.000000,120.000000,7.747062
4,74,-230.000000,120.000000,7.722217
5,74,-225.000000,120.000000,7.700018
6,74,-220.000000,120.000000,7.678099
7,74,-215.000000,120.000000,7.656435
8,74,-210.000000,120.000000,7.634771
9,74,-205.000000,120.000000,7.613107
10,74,-200.000000,120.000000,7.592704
11,74,-195.000000,120.000000,7.574695
12,74,-190.000000,120.000000,7.556968
13,74,-185.000000,120.000000,7.539533
14,74,-180.000000,120.000000,7.522098
15,74,-175.000000,120.000000,7.504663
16,74,-170.000000,120.000000,7.489157
17,74,-165.000000,120.000000,7.474193
18,74,-160.000000,120.000000,7.459752
19,74,-155.000000,120.000000,7.445354
20,74,-150.000000,120.000000,7.430955
21,74,-145.000000,120.000000,7.416704
22,74,-140.000000,120.000000,7.402986
23,74,-135.000000,120.000000,7.389345
24,74,-130.000000,120.000000,7.375838
25,74,-125.000000,120.000000,7.362332
26,74,-120.000000,120.000000,7.348826
27,74,-115.000000,120.000000,7.335188
28,74,-110.000000,120.000000,7.321480
29,74,-105.000000,120.000000,7.307707
30,74,-100.000000,120.000000,7.293917
31,74,-95.000000,120.000000,7.280128
32,74,-90.000000,120.000000,7.266340
33,74,-85.000000,120.000000,7.252572
34,74,-80.000000,120.000000,7.238806
35,74,-75.000000,120.000000,7.225049
36,74,-70.000000,120.000000,7.211292
37,74,-65.000000,120.000000,7.197534
38,74,-60.000000,120.000000,7.183984
39,74,-55.000000,120.000000,7.170621
40,74,-50.000000,120.000000,7.157426
41,74,-45.000000,120.000000,7.144315
42,74,-40.000000,120.000000,7.131204
43,74,-35.000000,120.000000,7.118092
44,74,-30.000000,120.000000,7.105153
45,74,-25.000000,120.000000,7.092236
46,74,-20.000000,120.000000,7.079445
47,74,-15.000000,120.000000,7.066653
48,74,-10.000000,120.000000,7.053862
49,74,-5.000000,120.000000,7.040928
50,74,0.000000,120.000000,7.027778
51,74,5.000000,120.000000,7.014439
52,74,10.000000,120.000000,7.000942
53,74,15.000000,120.000000,6.987444
54,74,20.000000,120.000000,6.973947
55,74,25.000000,120.000000,6.960010
56,74,30.000000,120.000000,6.945986
57,74,35.000000,120.000000,6.931351
58,74,40.000000,120.000000,6.916702
59,74,45.000000,120.000000,6.902053
60,74,50.000000,120.000000,6.887355
61,74,55.000000,120.000000,6.872522
62,74,60.000000,120.000000,6.857578
63,74,65.000000,120.000000,6.842477
64,74,70.000000,120.000000,6.827375
65,74,75.000000,120.000000,6.812274
66,74,80.000000,120.000000,6.797269
67,74,85.000000,120.000000,6.782303
68,74,90.000000,120.000000,6.767546
69,74,95.000000,120.000000,6.752826
70,74,100.000000,120.000000,6.738106
71,74,105.000000,120.000000,6.723385
72,74,110.000000,120.000000,6.708653
73,74,115.000000,120.000000,6.693914
74,74,120.000000,120.000000,6.679157
75,74,125.000000,120.000000,6.664400
76,74,130.000000,120.000000,6.649642
77,74,135.000000,120.000000,6.634654
78,74,140.000000,120.000000,6.619497
79,74,145.000000,120.000000,6.603494
80,74,150.000000,120.000000,6.587165
81,74,155.000000,120.000000,6.570835
82,74,160.000000,120.000000,6.554500
83,74,165.000000,120.000000,6.537695
84,74,170.000000,120.000000,6.520596
85,74,175.000000,120.000000,6.501928
86,74,180.000000,120.000000,6.483260
87,74,185.000000,120.000000,6.464592
88,74,190.000000,120.000000,6.445877
89,74,195.000000,120.000000,6.427105
90,74,200.000000,120.000000,6.407986
91,74,205.000000,120.000000,6.388632
92,74,210.000000,120.000000,6.369277
93,74,215.000000,120.000000,6.349922
94,74,220.000000,120.000000,6.330819
95,74,225.000000,120.000000,6.311825
96,74,230.000000,120.000000,6.295270
97,74,235.000000,120.000000,6.278716
98,74,240.000000,120.000000,6.262161
99,74,245.000000,120.000000,6.245698
100,74,250.000000,120.000000,6.229429
0,75,-250.000000,125.000000,7.829722
1,75,-245.000000,125.000000,7.804818
2,75,-240.000000,125.000000,7.779923
3,75,-235.000000,125.000000,7.755028
4,75,-230.000000,125.000000,7.730133
5,75,-225.000000,125.000000,7.707892
6,75,-220.000000,125.000000,7.685931
7,75,-215.000000,125.000000,7.664226
8,75,-210.000000,125.000000,7.642522
9,75,-205.000000,125.000000,7.620817
10,75,-200.000000,125.000000,7.600368
11,75,-195.000000,125.000000,7.582308
12,75,-190.000000,125.000000,7.564527
13,75,-185.000000,125.000000,7.547038
14,75,-180.000000,125.000000,7.529549
15,75,-175.000000,125.000000,7.512060
16,75,-170.000000,125.000000,7.496491
17,75,-165.000000,125.000000,7.481462
18,75,-160.000000,125.000000,7.466955
19,75,-155.000000,125.000000,7.452490
20,75,-150.000000,125.000000,7.438024
21,75,-145.000000,125.000000,7.423708
22,75,-140.000000,125.000000,7.409929
23,75,-135.000000,125.000000,7.396227
24,75,-130.000000,125.000000,7.382662
25,75,-125.000000,125.000000,7.369097
26,75,-120.000000,125.000000,7.355532
27,75,-115.000000,125.000000,7.341848
28,75,-110.000000,125.000000,7.328100
29,75,-105.000000,125.000000,7.314293
30,75,-100.000000,125.000000,7.300471
31,75,-95.000000,125.000000,7.286649
32,75,-90.000000,125.000000,7.272830
33,75,-85.000000,125.000000,7.259046
34,75,-80.000000,125.000000,7.245267
35,75,-75.000000,125.000000,7.231502
36,75,-70.000000,125.000000,7.217737
37,75,-65.000000,125.000000,7.203972
38,75,-60.000000,125.000000,7.190418
39,75,-55.000000,125.000000,7.177055
40,75,-50.000000,125.000000,7.163864
41,75,-45.000000,125.000000,7.150757
42,75,-40.000000,125.000000,7.137650
43,75,-35.000000,125.000000,7.124544
44,75,-30.000000,125.000000,7.111612
45,75,-25.000000,125.000000,7.098703
46,75,-20.000000,125.000000,7.085922
47,75,-15.000000,125.000000,7.073141
48,75,-10.000000,125.000000,7.060360
49,75,-5.000000,125.000000,7.047438
50,75,0.000000,125.000000,7.034303
51,75,5.000000,125.000000,7.020983
52,75,10.000000,125.000000,7.007505
53,75,15.000000,125.000000,6.994028
54,75,20.000000,125.000000,6.980551
55,75,25.000000,125.000000,6.966640
56,75,30.000000,125.000000,6.952642
57,75,35.000000,125.000000,6.938041
58,75,40.000000,125.000000,6.923426
59,75,45.000000,125.000000,6.908812
60,75,50.000000,125.000000,6.894148
61,75,55.000000,125.000000,6.879351
62,75,60.000000,125.000000,6.864444
63,75,65.000000,125.000000,6.849382
64,75,70.000000,125.000000,6.834320
65,75,75.000000,125.000000,6.819258
66,75,80.000000,125.000000,6.804289
67,75,85.000000,125.000000,6.789358
68,75,90.000000,125.000000,6.774630
69,75,95.000000,125.000000,6.759938
70,75,100.000000,125.000000,6.745246
71,75,105.000000,125.000000,6.730551
72,75,110.000000,125.000000,6.715843
73,75,115.000000,125.000000,6.701123
74,75,120.000000,125.000000,6.686376
75,75,125.000000,125.000000,6.671629
76,75,130.000000,125.000000,6.656882
77,75,135.000000,125.000000,6.641904
78,75,140.000000,125.000000,6.626756
79,75,145.000000,125.000000,6.610759
80,75,150.000000,125.000000,6.594435
81,75,155.000000,125.000000,6.578111
82,75,160.000000,125.000000,6.561781
83,75,165.000000,125.000000,6.544984
84,75,170.000000,125.000000,6.527895
85,75,175.000000,125.000000,6.509247
86,75,180.000000,125.000000,6.490599
87,75,185.000000,125.000000,6.471951
88,75,190.000000,125.000000,6.453257
89,75,195.000000,125.000000,6.434508
90,75,200.000000,125.000000,6.415423
91,75,205.000000,125.000000,6.396110
92,75,210.000000,125.000000,6.376797
93,75,215.000000,125.000000,6.357484
94,75,220.000000,125.000000,6.338424
95,75,225.000000,125.000000,6.319472
96,75,230.000000,125.000000,6.302970
97,75,235.000000,125.000000,6.286467
98,75,240.000000,125.000000,6.269964
99,75,245.000000,125.000000,6.253553
100,75,250.000000,125.000000,6.237335
0,76,-250.000000,130.000000,7.837838
1,76,-245.000000,130.000000,7.812885
2,76,-240.000000,130.000000,7.787940
3,76,-235.000000,130.000000,7.762995
4,76,-230.000000,130.000000,7.738050
5,76,-225.000000,130.000000,7.715766
6,76,-220.000000,130.000000,7.693764
7,76,-215.000000,130.000000,7.672018
8,76,-210.000000,130.000000,7.650272
9,76,-205.000000,130.000000,7.628527
10,76,-200.000000,130.000000,7.608033
11,76,-195.000000,130.000000,7.589920
12,76,-190.000000,130.000000,7.572086
13,76,-185.000000,130.000000,7.554543
14,76,-180.000000,130.000000,7.537000
15,76,-175.000000,130.000000,7.519457
16,76,-170.000000,130.000000,7.503826
17,76,-165.000000,130.000000,7.488732
18,76,-160.000000,130.000000,7.474158
19,76,-155.000000,130.000000,7.459626
20,76,-150.000000,130.000000,7.445093
21,76,-145.000000,130.000000,7.430711
22,76,-140.000000,130.000000,7.416872
23,76,-135.000000,130.000000,7.403110
24,76,-130.000000,130.000000,7.389486
25,76,-125.000000,130.000000,7.375862
26,76,-120.000000,130.000000,7.362239
27,76,-115.000000,130.000000,7.348508
28,76,-110.000000,130.000000,7.334720
29,76,-105.000000,130.000000,7.320879
30,76,-100.000000,130.000000,7.307025
31,76,-95.000000,130.000000,7.293170
32,76,-90.000000,130.000000,7.279321
33,76,-85.000000,130.000000,7.265521
34,76,-80.000000,130.000000,7.251727
35,76,-75.000000,130.000000,7.237955
36,76,-70.000000,130.000000,7.224182
37,76,-65.000000,130.000000,7.210410
38,76,-60.000000,130.000000,7.196853
39,76,-55.000000,130.000000,7.183489
40,76,-50.000000,130.000000,7.170301
41,76,-45.000000,130.000000,7.157199
42,76,-40.000000,130.000000,7.144097
43,76,-35.000000,130.000000,7.130995
44,76,-30.000000,130.000000,7.118071
45,76,-25.000000,130.000000,7.105170
46,76,-20.000000,130.000000,7.092399
47,76,-15.000000,130.000000,7.079628
48,76,-10.000000,130.000000,7.066857
49,76,-5.000000,130.000000,7.053948
50,76,0.000000,130.000000,7.040828
51,76,5.000000,130.000000,7.027526
52,76,10.000000,130.000000,7.014069
53,76,15.000000,130.000000,7.000612
54,76,20.000000,130.000000,6.987155
55,76,25.000000,130.000000,6.973270
56,76,30.000000,130.000000,6.959299
57,76,35.000000,130.000000,6.944732
58,76,40.000000,130.000000,6.930151
59,76,45.000000,130.000000,6.915570
60,76,50.000000,130.000000,6.900941
61,76,55.000000,130.000000,6.886180
62,76,60.000000,130.000000,6.871311
63,76,65.000000,130.000000,6.856288
64,76,70.000000,130.000000,6.841265
65,76,75.000000,130.000000,6.826242
66,76,80.000000,130.000000,6.811308
67,76,85.000000,130.000000,6.796413
68,76,90.000000,130.000000,6.781714
69,76,95.000000,130.000000,6.767050
70,76,100.000000,130.000000,6.752385
71,76,105.000000,130.000000,6.737718
72,76,110.000000,130.000000,6.723032
73,76,115.000000,130.000000,6.708331
74,76,120.000000,130.000000,6.693595
75,76,125.000000,130.000000,6.678858
76,76,130.000000,130.000000,6.664122
77,76,135.000000,130.000000,6.649153
78,76,140.000000,130.000000,6.634015
79,76,145.000000,130.000000,6.618024
80,76,150.000000,130.000000,6.601705
81,76,155.000000,130.000000,6.585387
82,76,160.000000,130.000000,6.569062
83,76,165.000000,130.000000,6.552273
84,76,170.000000,130.000000,6.535194
85,76,175.000000,130.000000,6.516566
86,76,180.000000,130.000000,6.497938
87,76,185.000000,130.000000,6.479309
88,76,190.000000,130.000000,6.460637
89,76,195.000000,130.000000,6.441911
90,76,200.000000,130.000000,6.422860
91,76,205.000000,130.000000,6.403589
92,76,210.000000,130.000000,6.384318
93,76,215.000000,130.000000,6.365046
94,76,220.000000,130.000000,6.346029
95,76,225.000000,130.000000,6.327120
96,76,230.000000,130.000000,6.310669
97,76,235.000000,130.000000,6.294218
98,76,240.000000,130.000000,6.277767
99,76,245.000000,130.000000,6.261407
100,76,250.000000,130.000000,6.245240
0,77,-250.000000,135.000000,7.846080
1,77,-245.000000,135.000000,7.821079
2,77,-240.000000,135.000000,7.796089
3,77,-235.000000,135.000000,7.771098
4,77,-230.000000,135.000000,7.746107
5,77,-225.000000,135.000000,7.723783
6,77,-220.000000,135.000000,7.701743
7,77,-215.000000,135.000000,7.679959
8,77,-210.000000,135.000000,7.658175
9,77,-205.000000,135.000000,7.636391
10,77,-200.000000,135.000000,7.615855
11,77,-195.000000,135.000000,7.597690
12,77,-190.000000,135.000000,7.579803
13,77,-185.000000,135.000000,7.562205
14,77,-180.000000,135.000000,7.544607
15,77,-175.000000,135.000000,7.527009
16,77,-170.000000,135.000000,7.511314
17,77,-165.000000,135.000000,7.496153
18,77,-160.000000,135.000000,7.481509
19,77,-155.000000,135.000000,7.466906
20,77,-150.000000,135.000000,7.452304
21,77,-145.000000,135.000000,7.437853
22,77,-140.000000,135.000000,7.423949
23,77,-135.000000,135.000000,7.410123
24,77,-130.000000,135.000000,7.396437
25,77,-125.000000,135.000000,7.382750
26,77,-120.000000,135.000000,7.369064
27,77,-115.000000,135.000000,7.355283
28,77,-110.000000,135.000000,7.341452
29,77,-105.000000,135.000000,7.327574
30,77,-100.000000,135.000000,7.313684
31,77,-95.000000,135.000000,7.299794
32,77,-90.000000,135.000000,7.285911
33,77,-85.000000,135.000000,7.272093
34,77,-80.000000,135.000000,7.258283
35,77,-75.000000,135.000000,7.244502
36,77,-70.000000,135.000000,7.230720
37,77,-65.000000,135.000000,7.216939
38,77,-60.000000,135.000000,7.203376
39,77,-55.000000,135.000000,7.190011
40,77,-50.000000,135.000000,7.176825
41,77,-45.000000,135.000000,7.163726
42,77,-40.000000,135.000000,7.150627
43,77,-35.000000,135.000000,7.137528
44,77,-30.000000,135.000000,7.124611
45,77,-25.000000,135.000000,7.111716
46,77,-20.000000,135.000000,7.098954
47,77,-15.000000,135.000000,7.086192
48,77,-10.000000,135.000000,7.073430
49,77,-5.000000,135.000000,7.060532
50,77,0.000000,135.000000,7.047427
51,77,5.000000,135.000000,7.034142
52,77,10.000000,135.000000,7.020705
53,77,15.000000,135.000000,7.007268
54,77,20.000000,135.000000,6.993831
55,77,25.000000,135.000000,6.979971
56,77,30.000000,135.000000,6.966026
57,77,35.000000,135.000000,6.951494
58,77,40.000000,135.000000,6.936948
59,77,45.000000,135.000000,6.922402
60,77,50.000000,135.000000,6.907808
61,77,55.000000,135.000000,6.893084
62,77,60.000000,135.000000,6.878254
63,77,65.000000,135.000000,6.863271
64,77,70.000000,135.000000,6.848288
65,77,75.000000,135.000000,6.833305
66,77,80.000000,135.000000,6.818410
67,77,85.000000,135.000000,6.803551
68,77,90.000000,135.000000,6.788882
69,77,95.000000,135.000000,6.774247
70,77,100.000000,135.000000,6.759612
71,77,105.000000,135.000000,6.744973
72,77,110.000000,135.000000,6.730310
73,77,115.000000,135.000000,6.715630
74,77,120.000000,135.000000,6.700905
75,77,125.000000,135.000000,6.686180
76,77,130.000000,135.000000,6.671455
77,77,135.000000,135.000000,6.656498
78,77,140.000000,135.000000,6.641369
79,77,145.000000,135.000000,6.625387
80,77,150.000000,135.000000,6.609076
81,77,155.000000,135.000000,6.592765
82,77,160.000000,135.000000,6.576447
83,77,165.000000,135.000000,6.559670
84,77,170.000000,135.000000,6.542604
85,77,175.000000,135.000000,6.524000
86,77,180.000000,135.000000,6.505397
87,77,185.000000,135.000000,6.486793
88,77,190.000000,135.000000,6.468148
89,77,195.000000,135.000000,6.449450
90,77,200.000000,135.000000,6.430440
91,77,205.000000,135.000000,6.411218
92,77,210.000000,135.000000,6.391996
93,77,215.000000,135.000000,6.372774
94,77,220.000000,135.000000,6.353806
95,77,225.000000,135.000000,6.334948
96,77,230.000000,135.000000,6.318556
97,77,235.000000,135.000000,6.302164
98,77,240.000000,135.000000,6.285773
99,77,245.000000,135.000000,6.269472
100,77,250.000000,135.000000,6.253364
0,78,-250.000000,140.000000,7.854677
1,78,-245.000000,140.000000,7.829643
2,78,-240.000000,140.000000,7.804618
3,78,-235.000000,140.000000,7.779593
4,78,-230.000000,140.000000,7.754568
5,78,-225.000000,140.000000,7.732213
6,78,-220.000000,140.000000,7.710142
7,78,-215.000000,140.000000,7.688329
8,78,-210.000000,140.000000,7.666515
9,78,-205.000000,140.000000,7.644702
10,78,-200.000000,140.000000,7.624128
11,78,-195.000000,140.000000,7.605910
12,78,-190.000000,140.000000,7.587969
13,78,-185.000000,140.000000,7.570316
14,78,-180.000000,140.000000,7.552663
15,78,-175.000000,140.000000,7.535010
16,78,-170.000000,140.000000,7.519244
17,78,-165.000000,140.000000,7.504008
18,78,-160.000000,140.000000,7.489285
19,78,-155.000000,140.000000,7.474603
20,78,-150.000000,140.000000,7.459921
21,78,-145.000000,140.000000,7.445391
22,78,-140.000000,140.000000,7.431411
23,78,-135.000000,140.000000,7.417511
24,78,-130.000000,140.000000,7.403750
25,78,-125.000000,140.000000,7.389990
26,78,-120.000000,140.000000,7.376229
27,78,-115.000000,140.000000,7.362388
28,78,-110.000000,140.000000,7.348504
29,78,-105.000000,140.000000,7.334581
30,78,-100.000000,140.000000,7.320647
31,78,-95.000000,140.000000,7.306714
32,78,-90.000000,140.000000,7.292788
33,78,-85.000000,140.000000,7.278946
34,78,-80.000000,140.000000,7.265115
35,78,-75.000000,140.000000,7.251319
36,78,-70.000000,140.000000,7.237524
37,78,-65.000000,140.000000,7.223728
38,78,-60.000000,140.000000,7.210155
39,78,-55.000000,140.000000,7.196785
40,78,-50.000000,140.000000,7.183596
41,78,-45.000000,140.000000,7.170496
42,78,-40.000000,140.000000,7.157397
43,78,-35.000000,140.000000,7.144298
44,78,-30.000000,140.000000,7.131382
45,78,-25.000000,140.000000,7.118491
46,78,-20.000000,140.000000,7.105734
47,78,-15.000000,140.000000,7.092977
48,78,-10.000000,140.000000,7.080221
49,78,-5.000000,140.000000,7.067330
50,78,0.000000,140.000000,7.054237
51,78,5.000000,140.000000,7.040967
52,78,10.000000,140.000000,7.027548
53,78,15.000000,140.000000,7.014129
54,78,20.000000,140.000000,7.000710
55,78,25.000000,140.000000,6.986875
56,78,30.000000,140.000000,6.972957
57,78,35.000000,140.000000,6.958461
58,78,40.000000,140.000000,6.943952
59,78,45.000000,140.000000,6.929442
60,78,50.000000,140.000000,6.914886
61,78,55.000000,140.000000,6.900203
62,78,60.000000,140.000000,6.885414
63,78,65.000000,140.000000,6.870476
64,78,70.000000,140.000000,6.855538
65,78,75.000000,140.000000,6.840600
66,78,80.000000,140.000000,6.825746
67,78,85.000000,140.000000,6.810927
68,78,90.000000,140.000000,6.796292
69,78,95.000000,140.000000,6.781690
70,78,100.000000,140.000000,6.767087
71,78,105.000000,140.000000,6.752480
72,78,110.000000,140.000000,6.737845
73,78,115.000000,140.000000,6.723188
74,78,120.000000,140.000000,6.708477
75,78,125.000000,140.000000,6.693767
76,78,130.000000,140.000000,6.679056
77,78,135.000000,140.000000,6.664113
78,78,140.000000,140.000000,6.648999
79,78,145.000000,140.000000,6.633031
80,78,150.000000,140.000000,6.616733
81,78,155.000000,140.000000,6.600436
82,78,160.000000,140.000000,6.584133
83,78,165.000000,140.000000,6.567375
84,78,170.000000,140.000000,6.550331
85,78,175.000000,140.000000,6.531767
86,78,180.000000,140.000000,6.513202
87,78,185.000000,140.000000,6.494638
88,78,190.000000,140.000000,6.476033
89,78,195.000000,140.000000,6.457379
90,78,200.000000,140.000000,6.438430
91,78,205.000000,140.000000,6.419278
92,78,210.000000,140.000000,6.400127
93,78,215.000000,140.000000,6.380975
94,78,220.000000,140.000000,6.362079
95,78,225.000000,140.000000,6.343293
96,78,230.000000,140.000000,6.326983
97,78,235.000000,140.000000,6.310672
98,78,240.000000,140.000000,6.294362
99,78,245.000000,140.000000,6.278142
100,78,250.000000,140.000000,6.262115
0,79,-250.000000,145.000000,7.864066
1,79,-245.000000,145.000000,7.839023
2,79,-240.000000,145.000000,7.813989
3,79,-235.000000,145.000000,7.788956
4,79,-230.000000,145.000000,7.763923
5,79,-225.000000,145.000000,7.741558
6,79,-220.000000,145.000000,7.719475
7,79,-215.000000,145.000000,7.697649
8,79,-210.000000,145.000000,7.675824
9,79,-205.000000,145.000000,7.653999
10,79,-200.000000,145.000000,7.633399
11,79,-195.000000,145.000000,7.615131
12,79,-190.000000,145.000000,7.597135
13,79,-185.000000,145.000000,7.579425
14,79,-180.000000,145.000000,7.561714
15,79,-175.000000,145.000000,7.544003
16,79,-170.000000,145.000000,7.528153
17,79,-165.000000,145.000000,7.512825
18,79,-160.000000,145.000000,7.498002
19,79,-155.000000,145.000000,7.483220
20,79,-150.000000,145.000000,7.468438
21,79,-145.000000,145.000000,7.453808
22,79,-140.000000,145.000000,7.439729
23,79,-135.000000,145.000000,7.425729
24,79,-130.000000,145.000000,7.411869
25,79,-125.000000,145.000000,7.398008
26,79,-120.000000,145.000000,7.384148
27,79,-115.000000,145.000000,7.370225
28,79,-110.000000,145.000000,7.356268
29,79,-105.000000,145.000000,7.342280
30,79,-100.000000,145.000000,7.328284
31,79,-95.000000,145.000000,7.314288
32,79,-90.000000,145.000000,7.300302
33,79,-85.000000,145.000000,7.286422
34,79,-80.000000,145.000000,7.272556
35,79,-75.000000,145.000000,7.258736
36,79,-70.000000,145.000000,7.244915
37,79,-65.000000,145.000000,7.231094
38,79,-60.000000,145.000000,7.217502
39,79,-55.000000,145.000000,7.204116
40,79,-50.000000,145.000000,7.190915
41,79,-45.000000,145.000000,7.177807
42,79,-40.000000,145.000000,7.164698
43,79,-35.000000,145.000000,7.151590
44,79,-30.000000,145.000000,7.138668
45,79,-25.000000,145.000000,7.125771
46,79,-20.000000,145.000000,7.113011
47,79,-15.000000,145.000000,7.100251
48,79,-10.000000,145.000000,7.087491
49,79,-5.000000,145.000000,7.074601
50,79,0.000000,145.000000,7.061514
51,79,5.000000,145.000000,7.048254
52,79,10.000000,145.000000,7.034849
53,79,15.000000,145.000000,7.021444
54,79,20.000000,145.000000,7.008040
55,79,25.000000,145.000000,6.994230
56,79,30.000000,145.000000,6.980338
57,79,35.000000,145.000000,6.965883
58,79,40.000000,145.000000,6.951415
59,79,45.000000,145.000000,6.936947
60,79,50.000000,145.000000,6.922433
61,79,55.000000,145.000000,6.907796
62,79,60.000000,145.000000,6.893056
63,79,65.000000,145.000000,6.878172
64,79,70.000000,145.000000,6.863288
65,79,75.000000,145.000000,6.848404
66,79,80.000000,145.000000,6.833601
67,79,85.000000,145.000000,6.818831
68,79,90.000000,145.000000,6.804238
69,79,95.000000,145.000000,6.789676
70,79,100.000000,145.000000,6.775114
71,79,105.000000,145.000000,6.760547
72,79,110.000000,145.000000,6.745946
73,79,115.000000,145.000000,6.731320
74,79,120.000000,145.000000,6.716630
75,79,125.000000,145.000000,6.701941
76,79,130.000000,145.000000,6.687251
77,79,135.000000,145.000000,6.672330
78,79,140.000000,145.000000,6.657238
79,79,145.000000,145.000000,6.641297
80,79,150.000000,145.000000,6.625028
81,79,155.000000,145.000000,6.608759
82,79,160.000000,145.000000,6.592484
83,79,165.000000,145.000000,6.575763
84,79,170.000000,145.000000,6.558761
85,79,175.000000,145.000000,6.540268
86,79,180.000000,145.000000,6.521774
87,79,185.000000,145.000000,6.503281
88,79,190.000000,145.000000,6.484750
89,79,195.000000,145.000000,6.466175
90,79,200.000000,145.000000,6.447327
91,79,205.000000,145.000000,6.428293
92,79,210.000000,145.000000,6.409260
93,79,215.000000,145.000000,6.390227
94,79,220.000000,145.000000,6.371450
95,79,225.000000,145.000000,6.352784
96,79,230.000000,145.000000,6.336604
97,79,235.000000,145.000000,6.320424
98,79,240.000000,145.000000,6.304244
99,79,245.000000,145.000000,6.288155
100,79,250.000000,145.000000,6.272256
0,80,-250.000000,150.000000,7.874075
1,80,-245.000000,150.000000,7.849043
2,80,-240.000000,150.000000,7.824022
3,80,-235.000000,150.000000,7.799001
4,80,-230.000000,150.000000,7.773980
5,80,-225.000000,150.000000,7.751619
6,80,-220.000000,150.000000,7.729539
7,80,-215.000000,150.000000,7.707716
8,80,-210.000000,150.000000,7.685893
9,80,-205.000000,150.000000,7.664070
10,80,-200.000000,150.000000,7.643455
11,80,-195.000000,150.000000,7.625135
12,80,-190.000000,150.000000,7.607085
13,80,-185.000000,150.000000,7.589315
14,80,-180.000000,150.000000,7.571545
15,80,-175.000000,150.000000,7.553775
16,80,-170.000000,150.000000,7.537830
17,80,-165.000000,150.000000,7.522396
18,80,-160.000000,150.000000,7.507458
19,80,-155.000000,150.000000,7.492560
20,80,-150.000000,150.000000,7.477662
21,80,-145.000000,150.000000,7.462915
22,80,-140.000000,150.000000,7.448717
23,80,-135.000000,150.000000,7.434599
24,80,-130.000000,150.000000,7.420619
25,80,-125.000000,150.000000,7.406639
26,80,-120.000000,150.000000,7.392659
27,80,-115.000000,150.000000,7.378635
28,80,-110.000000,150.000000,7.364589
29,80,-105.000000,150.000000,7.350522
30,80,-100.000000,150.000000,7.336449
31,80,-95.000000,150.000000,7.322376
32,80,-90.000000,150.000000,7.308316
33,80,-85.000000,150.000000,7.294387
34,80,-80.000000,150.000000,7.280476
35,80,-75.000000,150.000000,7.266622
36,80,-70.000000,150.000000,7.252768
37,80,-65.000000,150.000000,7.238914
38,80,-60.000000,150.000000,7.225293
39,80,-55.000000,150.000000,7.211884
40,80,-50.000000,150.000000,7.198666
41,80,-45.000000,150.000000,7.185541
42,80,-40.000000,150.000000,7.172416
43,80,-35.000000,150.000000,7.159292
44,80,-30.000000,150.000000,7.146358
45,80,-25.000000,150.000000,7.133448
46,80,-20.000000,150.000000,7.120679
47,80,-15.000000,150.000000,7.107909
48,80,-10.000000,150.000000,7.095140
49,80,-5.000000,150.000000,7.082244
50,80,0.000000,150.000000,7.069157
51,80,5.000000,150.000000,7.055904
52,80,10.000000,150.000000,7.042511
53,80,15.000000,150.000000,7.029117
54,80,20.000000,150.000000,7.015724
55,80,25.000000,150.000000,7.001938
56,80,30.000000,150.000000,6.988073
57,80,35.000000,150.000000,6.973662
58,80,40.000000,150.000000,6.959238
59,80,45.000000,150.000000,6.944814
60,80,50.000000,150.000000,6.930347
61,80,55.000000,150.000000,6.915761
62,80,60.000000,150.000000,6.901077
63,80,65.000000,150.000000,6.886254
64,80,70.000000,150.000000,6.871432
65,80,75.000000,150.000000,6.856609
66,80,80.000000,150.000000,6.841863
67,80,85.000000,150.000000,6.827150
68,80,90.000000,150.000000,6.812605
69,80,95.000000,150.000000,6.798090
70,80,100.000000,150.000000,6.783575
71,80,105.000000,150.000000,6.769053
72,80,110.000000,150.000000,6.754493
73,80,115.000000,150.000000,6.739903
74,80,120.000000,150.000000,6.725239
75,80,125.000000,150.000000,6.710575
76,80,130.000000,150.000000,6.695911
77,80,135.000000,150.000000,6.681018
78,80,140.000000,150.000000,6.665956
79,80,145.000000,150.000000,6.650051
80,80,150.000000,150.000000,6.633822
81,80,155.000000,150.000000,6.617592
82,80,160.000000,150.000000,6.601357
83,80,165.000000,150.000000,6.584687
84,80,170.000000,150.000000,6.567743
85,80,175.000000,150.000000,6.549346
86,80,180.000000,150.000000,6.530948
87,80,185.000000,150.000000,6.512551
88,80,190.000000,150.000000,6.494120
89,80,195.000000,150.000000,6.475649
90,80,200.000000,150.000000,6.456936
91,80,205.000000,150.000000,6.438059
92,80,210.000000,150.000000,6.419181
93,80,215.000000,150.000000,6.400303
94,80,220.000000,150.000000,6.381683
95,80,225.000000,150.000000,6.363174
96,80,230.000000,150.000000,6.347163
97,80,235.000000,150.000000,6.331152
98,80,240.000000,150.000000,6.315141
99,80,245.000000,150.000000,6.299220
100,80,250.000000,150.000000,6.283489
0,81,-250.000000,155.000000,7.884085
1,81,-245.000000,155.000000,7.859064
2,81,-240.000000,155.000000,7.834055
3,81,-235.000000,155.000000,7.809046
4,81,-230.000000,155.000000,7.784037
5,81,-225.000000,155.000000,7.761680
6,81,-220.000000,155.000000,7.739604
7,81,-215.000000,155.000000,7.717783
8,81,-210.000000,155.000000,7.695962
9,81,-205.000000,155.000000,7.674142
10,81,-200.000000,155.000000,7.653510
11,81,-195.000000,155.000000,7.635140
12,81,-190.000000,155.000000,7.617035
13,81,-185.000000,155.000000,7.599206
14,81,-180.000000,155.000000,7.581377
15,81,-175.000000,155.000000,7.563548
16,81,-170.000000,155.000000,7.547507
17,81,-165.000000,155.000000,7.531967
18,81,-160.000000,155.000000,7.516914
19,81,-155.000000,155.000000,7.501900
20,81,-150.000000,155.000000,7.486886
21,81,-145.000000,155.000000,7.472023
22,81,-140.000000,155.000000,7.457706
23,81,-135.000000,155.000000,7.443468
24,81,-130.000000,155.000000,7.429368
25,81,-125.000000,155.000000,7.415269
26,81,-120.000000,155.000000,7.401169
27,81,-115.000000,155.000000,7.387046
28,81,-110.000000,155.000000,7.372911
29,81,-105.000000,155.000000,7.358764
30,81,-100.000000,155.000000,7.344613
31,81,-95.000000,155.000000,7.330463
32,81,-90.000000,155.000000,7.316329
33,81,-85.000000,155.000000,7.302352
34,81,-80.000000,155.000000,7.288396
35,81,-75.000000,155.000000,7.274509
36,81,-70.000000,155.000000,7.260621
37,81,-65.000000,155.000000,7.246733
38,81,-60.000000,155.000000,7.233085
39,81,-55.000000,155.000000,7.219653
40,81,-50.000000,155.000000,7.206416
41,81,-45.000000,155.000000,7.193275
42,81,-40.000000,155.000000,7.180134
43,81,-35.000000,155.000000,7.166994
44,81,-30.000000,155.000000,7.154047
45,81,-25.000000,155.000000,7.141126
46,81,-20.000000,155.000000,7.128346
47,81,-15.000000,155.000000,7.115567
48,81,-10.000000,155.000000,7.102788
49,81,-5.000000,155.000000,7.089887
50,81,0.000000,155.000000,7.076801
51,81,5.000000,155.000000,7.063554
52,81,10.000000,155.000000,7.050172
53,81,15.000000,155.000000,7.036790
54,81,20.000000,155.000000,7.023408
55,81,25.000000,155.000000,7.009646
56,81,30.000000,155.000000,6.995808
57,81,35.000000,155.000000,6.981440
58,81,40.000000,155.000000,6.967061
59,81,45.000000,155.000000,6.952682
60,81,50.000000,155.000000,6.938261
61,81,55.000000,155.000000,6.923727
62,81,60.000000,155.000000,6.909098
63,81,65.000000,155.000000,6.894337
64,81,70.000000,155.000000,6.879575
65,81,75.000000,155.000000,6.864814
66,81,80.000000,155.000000,6.850126
67,81,85.000000,155.000000,6.835469
68,81,90.000000,155.000000,6.820972
69,81,95.000000,155.000000,6.806504
70,81,100.000000,155.000000,6.792035
71,81,105.000000,155.000000,6.777560
72,81,110.000000,155.000000,6.763040
73,81,115.000000,155.000000,6.748486
74,81,120.000000,155.000000,6.733848
75,81,125.000000,155.000000,6.719210
76,81,130.000000,155.000000,6.704572
77,81,135.000000,155.000000,6.689707
78,81,140.000000,155.000000,6.674674
79,81,145.000000,155.000000,6.658806
80,81,150.000000,155.000000,6.642616
81,81,155.000000,155.000000,6.626426
82,81,160.000000,155.000000,6.610230
83,81,165.000000,155.000000,6.593611
84,81,170.000000,155.000000,6.576726
85,81,175.000000,155.000000,6.558424
86,81,180.000000,155.000000,6.540122
87,81,185.000000,155.000000,6.521820
88,81,190.000000,155.000000,6.503490
89,81,195.000000,155.000000,6.485124
90,81,200.000000,155.000000,6.466546
91,81,205.000000,155.000000,6.447824
92,81,210.000000,155.000000,6.429101
93,81,215.000000,155.000000,6.410379
94,81,220.000000,155.000000,6.391915
95,81,225.000000,155.000000,6.373563
96,81,230.000000,155.000000,6.357722
97,81,235.000000,155.000000,6.341880
98,81,240.000000,155.000000,6.326038
99,81,245.000000,155.000000,6.310285
100,81,250.000000,155.000000,6.294721
0,82,-250.000000,160.000000,7.894115
1,82,-245.000000,160.000000,7.869104
2,82,-240.000000,160.000000,7.844106
3,82,-235.000000,160.000000,7.819108
4,82,-230.000000,160.000000,7.794110
5,82,-225.000000,160.000000,7.771756
6,82,-220.000000,160.000000,7.749682
7,82,-215.000000,160.000000,7.727863
8,82,-210.000000,160.000000,7.706044
9,82,-205.000000,160.000000,7.684225
10,82,-200.000000,160.000000,7.663578
11,82,-195.000000,160.000000,7.645156
12,82,-190.000000,160.000000,7.626996
13,82,-185.000000,160.000000,7.609108
14,82,-180.000000,160.000000,7.591220
15,82,-175.000000,160.000000,7.573331
16,82,-170.000000,160.000000,7.557194
17,82,-165.000000,160.000000,7.541550
18,82,-160.000000,160.000000,7.526381
19,82,-155.000000,160.000000,7.511250
20,82,-150.000000,160.000000,7.496119
21,82,-145.000000,160.000000,7.481139
22,82,-140.000000,160.000000,7.466703
23,82,-135.000000,160.000000,7.452346
24,82,-130.000000,160.000000,7.438126
25,82,-125.000000,160.000000,7.423906
26,82,-120.000000,160.000000,7.409686
27,82,-115.000000,160.000000,7.395463
28,82,-110.000000,160.000000,7.381237
29,82,-105.000000,160.000000,7.367010
30,82,-100.000000,160.000000,7.352782
31,82,-95.000000,160.000000,7.338554
32,82,-90.000000,160.000000,7.324344
33,82,-85.000000,160.000000,7.310319
34,82,-80.000000,160.000000,7.296317
35,82,-75.000000,160.000000,7.282396
36,82,-70.000000,160.000000,7.268474
37,82,-65.000000,160.000000,7.254552
38,82,-60.000000,160.000000,7.240875
39,82,-55.000000,160.000000,7.227420
40,82,-50.000000,160.000000,7.214165
41,82,-45.000000,160.000000,7.201008
42,82,-40.000000,160.000000,7.187851
43,82,-35.000000,160.000000,7.174694
44,82,-30.000000,160.000000,7.161735
45,82,-25.000000,160.000000,7.148801
46,82,-20.000000,160.000000,7.136012
47,82,-15.000000,160.000000,7.123223
48,82,-10.000000,160.000000,7.110434
49,82,-5.000000,160.000000,7.097527
50,82,0.000000,160.000000,7.084442
51,82,5.000000,160.000000,7.071203
52,82,10.000000,160.000000,7.057832
53,82,15.000000,160.000000,7.044461
54,82,20.000000,160.000000,7.031090
55,82,25.000000,160.000000,7.017352
56,82,30.000000,160.000000,7.003540
57,82,35.000000,160.000000,6.989217
58,82,40.000000,160.000000,6.974882
59,82,45.000000,160.000000,6.960547
60,82,50.000000,160.000000,6.946172
61,82,55.000000,160.000000,6.931689
62,82,60.000000,160.000000,6.917116
63,82,65.000000,160.000000,6.902416
64,82,70.000000,160.000000,6.887716
65,82,75.000000,160.000000,6.873016
66,82,80.000000,160.000000,6.858385
67,82,85.000000,160.000000,6.843784
68,82,90.000000,160.000000,6.829336
69,82,95.000000,160.000000,6.814914
70,82,100.000000,160.000000,6.800493
71,82,105.000000,160.000000,6.786063
72,82,110.000000,160.000000,6.771584
73,82,115.000000,160.000000,6.757066
74,82,120.000000,160.000000,6.742454
75,82,125.000000,160.000000,6.727842
76,82,130.000000,160.000000,6.713230
77,82,135.000000,160.000000,6.698392
78,82,140.000000,160.000000,6.683388
79,82,145.000000,160.000000,6.667556
80,82,150.000000,160.000000,6.651405
81,82,155.000000,160.000000,6.635254
82,82,160.000000,160.000000,6.619098
83,82,165.000000,160.000000,6.602529
84,82,170.000000,160.000000,6.585701
85,82,175.000000,160.000000,6.567494
86,82,180.000000,160.000000,6.549287
87,82,185.000000,160.000000,6.531080
88,82,190.000000,160.000000,6.512849
89,82,195.000000,160.000000,6.494587
90,82,200.000000,160.000000,6.476143
91,82,205.000000,160.000000,6.457575
92,82,210.000000,160.000000,6.439007
93,82,215.000000,160.000000,6.420439
94,82,220.000000,160.000000,6.402132
95,82,225.000000,160.000000,6.383936
96,82,230.000000,160.000000,6.368263
97,82,235.000000,160.000000,6.352589
98,82,240.000000,160.000000,6.336916
99,82,245.000000,160.000000,6.321331
100,82,250.000000,160.000000,6.305933
0,83,-250.000000,165.000000,7.904250
1,83,-245.000000,165.000000,7.879243
2,83,-240.000000,165.000000,7.854249
3,83,-235.000000,165.000000,7.829254
4,83,-230.000000,165.000000,7.804260
5,83,-225.000000,165.000000,7.781906
6,83,-220.000000,165.000000,7.759832
7,83,-215.000000,165.000000,7.738012
8,83,-210.000000,165.000000,7.716192
9,83,-205.000000,165.000000,7.694372
10,83,-200.000000,165.000000,7.673706
11,83,-195.000000,165.000000,7.655232
12,83,-190.000000,165.000000,7.637016
13,83,-185.000000,165.000000,7.619068
14,83,-180.000000,165.000000,7.601120
15,83,-175.000000,165.000000,7.583171
16,83,-170.000000,165.000000,7.566938
17,83,-165.000000,165.000000,7.551186
18,83,-160.000000,165.000000,7.535900
19,83,-155.000000,165.000000,7.520652
20,83,-150.000000,165.000000,7.505403
21,83,-145.000000,165.000000,7.490304
22,83,-140.000000,165.000000,7.475746
23,83,-135.000000,165.000000,7.461266
24,83,-130.000000,165.000000,7.446923
25,83,-125.000000,165.000000,7.432579
26,83,-120.000000,165.000000,7.418236
27,83,-115.000000,165.000000,7.403909
28,83,-110.000000,165.000000,7.389589
29,83,-105.000000,165.000000,7.375278
30,83,-100.000000,165.000000,7.360969
31,83,-95.000000,165.000000,7.346659
32,83,-90.000000,165.000000,7.332371
33,83,-85.000000,165.000000,7.318293
34,83,-80.000000,165.000000,7.304244
35,83,-75.000000,165.000000,7.290285
36,83,-70.000000,165.000000,7.276327
37,83,-65.000000,165.000000,7.262369
38,83,-60.000000,165.000000,7.248662
39,83,-55.000000,165.000000,7.235182
40,83,-50.000000,165.000000,7.221907
41,83,-45.000000,165.000000,7.208733
42,83,-40.000000,165.000000,7.195559
43,83,-35.000000,165.000000,7.182385
44,83,-30.000000,165.000000,7.169413
45,83,-25.000000,165.000000,7.156466
46,83,-20.000000,165.000000,7.143667
47,83,-15.000000,165.000000,7.130869
48,83,-10.000000,165.000000,7.118070
49,83,-5.000000,165.000000,7.105158
50,83,0.000000,165.000000,7.092073
51,83,5.000000,165.000000,7.078840
52,83,10.000000,165.000000,7.065480
53,83,15.000000,165.000000,7.052120
54,83,20.000000,165.000000,7.038760
55,83,25.000000,165.000000,7.025045
56,83,30.000000,165.000000,7.011259
57,83,35.000000,165.000000,6.996979
58,83,40.000000,165.000000,6.982689
59,83,45.000000,165.000000,6.968398
60,83,50.000000,165.000000,6.954069
61,83,55.000000,165.000000,6.939637
62,83,60.000000,165.000000,6.925119
63,83,65.000000,165.000000,6.910480
64,83,70.000000,165.000000,6.895841
65,83,75.000000,165.000000,6.881202
66,83,80.000000,165.000000,6.866630
67,83,85.000000,165.000000,6.852085
68,83,90.000000,165.000000,6.837685
69,83,95.000000,165.000000,6.823311
70,83,100.000000,165.000000,6.808937
71,83,105.000000,165.000000,6.794553
72,83,110.000000,165.000000,6.780114
73,83,115.000000,165.000000,6.765632
74,83,120.000000,165.000000,6.751045
75,83,125.000000,165.000000,6.736458
76,83,130.000000,165.000000,6.721871
77,83,135.000000,165.000000,6.707060
78,83,140.000000,165.000000,6.692084
79,83,145.000000,165.000000,6.676286
80,83,150.000000,165.000000,6.660171
81,83,155.000000,165.000000,6.644056
82,83,160.000000,165.000000,6.627935
83,83,165.000000,165.000000,6.611413
84,83,170.000000,165.000000,6.594639
85,83,175.000000,165.000000,6.576522
86,83,180.000000,165.000000,6.558406
87,83,185.000000,165.000000,6.540289
88,83,190.000000,165.000000,6.522152
89,83,195.000000,165.000000,6.503990
90,83,200.000000,165.000000,6.485675
91,83,205.000000,165.000000,6.467257
92,83,210.000000,165.000000,6.448838
93,83,215.000000,165.000000,6.430420
94,83,220.000000,165.000000,6.412264
95,83,225.000000,165.000000,6.394220
96,83,230.000000,165.000000,6.378712
97,83,235.000000,165.000000,6.363204
98,83,240.000000,165.000000,6.347696
99,83,245.000000,165.000000,6.332275
100,83,250.000000,165.000000,6.317040
0,84,-250.000000,170.000000,7.914615
1,84,-245.000000,170.000000,7.889596
2,84,-240.000000,170.000000,7.864591
3,84,-235.000000,170.000000,7.839585
4,84,-230.000000,170.000000,7.814580
5,84,-225.000000,170.000000,7.792218
6,84,-220.000000,170.000000,7.770136
7,84,-215.000000,170.000000,7.748310
8,84,-210.000000,170.000000,7.726483
9,84,-205.000000,170.000000,7.704656
10,84,-200.000000,170.000000,7.683966
11,84,-195.000000,170.000000,7.665439
12,84,-190.000000,170.000000,7.647165
13,84,-185.000000,170.000000,7.629155
14,84,-180.000000,170.000000,7.611146
15,84,-175.000000,170.000000,7.593136
16,84,-170.000000,170.000000,7.576803
17,84,-165.000000,170.000000,7.560941
18,84,-160.000000,170.000000,7.545535
19,84,-155.000000,170.000000,7.530166
20,84,-150.000000,170.000000,7.514796
21,84,-145.000000,170.000000,7.499575
22,84,-140.000000,170.000000,7.484889
23,84,-135.000000,170.000000,7.470279
24,84,-130.000000,170.000000,7.455805
25,84,-125.000000,170.000000,7.441332
26,84,-120.000000,170.000000,7.426858
27,84,-115.000000,170.000000,7.412419
28,84,-110.000000,170.000000,7.397998
29,84,-105.000000,170.000000,7.383595
30,84,-100.000000,170.000000,7.369196
31,84,-95.000000,170.000000,7.354797
32,84,-90.000000,170.000000,7.340421
33,84,-85.000000,170.000000,7.326286
34,84,-80.000000,170.000000,7.312182
35,84,-75.000000,170.000000,7.298181
36,84,-70.000000,170.000000,7.284181
37,84,-65.000000,170.000000,7.270181
38,84,-60.000000,170.000000,7.256439
39,84,-55.000000,170.000000,7.242931
40,84,-50.000000,170.000000,7.229635
41,84,-45.000000,170.000000,7.216442
42,84,-40.000000,170.000000,7.203249
43,84,-35.000000,170.000000,7.190057
44,84,-30.000000,170.000000,7.177070
45,84,-25.000000,170.000000,7.164110
46,84,-20.000000,170.000000,7.151301
47,84,-15.000000,170.000000,7.138492
48,84,-10.000000,170.000000,7.125683
49,84,-5.000000,170.000000,7.112765
50,84,0.000000,170.000000,7.099681
51,84,5.000000,170.000000,7.086453
52,84,10.000000,170.000000,7.073103
53,84,15.000000,170.000000,7.059753
54,84,20.000000,170.000000,7.046403
55,84,25.000000,170.000000,7.032711
56,84,30.000000,170.000000,7.018951
57,84,35.000000,170.000000,7.004713
58,84,40.000000,170.000000,6.990466
59,84,45.000000,170.000000,6.976218
60,84,50.000000,170.000000,6.961934
61,84,55.000000,170.000000,6.947552
62,84,60.000000,170.000000,6.933089
63,84,65.000000,170.000000,6.918512
64,84,70.000000,170.000000,6.903934
65,84,75.000000,170.000000,6.889357
66,84,80.000000,170.000000,6.874842
67,84,85.000000,170.000000,6.860354
68,84,90.000000,170.000000,6.846003
69,84,95.000000,170.000000,6.831677
70,84,100.000000,170.000000,6.817350
71,84,105.000000,170.000000,6.803013
72,84,110.000000,170.000000,6.788614
73,84,115.000000,170.000000,6.774168
74,84,120.000000,170.000000,6.759604
75,84,125.000000,170.000000,6.745041
76,84,130.000000,170.000000,6.730477
77,84,135.000000,170.000000,6.715690
78,84,140.000000,170.000000,6.700739
79,84,145.000000,170.000000,6.684969
80,84,150.000000,170.000000,6.668884
81,84,155.000000,170.000000,6.652799
82,84,160.000000,170.000000,6.636708
83,84,165.000000,170.000000,6.620226
84,84,170.000000,170.000000,6.603498
85,84,175.000000,170.000000,6.585461
86,84,180.000000,170.000000,6.567425
87,84,185.000000,170.000000,6.549388
88,84,190.000000,170.000000,6.531335
89,84,195.000000,170.000000,6.513261
90,84,200.000000,170.000000,6.495065
91,84,205.000000,170.000000,6.476786
92,84,210.000000,170.000000,6.458507
93,84,215.000000,170.000000,6.440228
94,84,220.000000,170.000000,6.422213
95,84,225.000000,170.000000,6.404310
96,84,230.000000,170.000000,6.388961
97,84,235.000000,170.000000,6.373611
98,84,240.000000,170.000000,6.358261
99,84,245.000000,170.000000,6.342998
100,84,250.000000,170.000000,6.327920
0,85,-250.000000,175.000000,7.925245
1,85,-245.000000,175.000000,7.900196
2,85,-240.000000,175.000000,7.875163
3,85,-235.000000,175.000000,7.850129
4,85,-230.000000,175.000000,7.825095
5,85,-225.000000,175.000000,7.802717
6,85,-220.000000,175.000000,7.780620
7,85,-215.000000,175.000000,7.758779
8,85,-210.000000,175.000000,7.736938
9,85,-205.000000,175.000000,7.715097
10,85,-200.000000,175.000000,7.694379
11,85,-195.000000,175.000000,7.675795
12,85,-190.000000,175.000000,7.657461
13,85,-185.000000,175.000000,7.639388
14,85,-180.000000,175.000000,7.621315
15,85,-175.000000,175.000000,7.603242
16,85,-170.000000,175.000000,7.586807
17,85,-165.000000,175.000000,7.570833
18,85,-160.000000,175.000000,7.555303
19,85,-155.000000,175.000000,7.539809
20,85,-150.000000,175.000000,7.524315
21,85,-145.000000,175.000000,7.508966
22,85,-140.000000,175.000000,7.494145
23,85,-135.000000,175.000000,7.479399
24,85,-130.000000,175.000000,7.464787
25,85,-125.000000,175.000000,7.450174
26,85,-120.000000,175.000000,7.435562
27,85,-115.000000,175.000000,7.421003
28,85,-110.000000,175.000000,7.406472
29,85,-105.000000,175.000000,7.391967
30,85,-100.000000,175.000000,7.377469
31,85,-95.000000,175.000000,7.362971
32,85,-90.000000,175.000000,7.348499
33,85,-85.000000,175.000000,7.334298
34,85,-80.000000,175.000000,7.320133
35,85,-75.000000,175.000000,7.306084
36,85,-70.000000,175.000000,7.292036
37,85,-65.000000,175.000000,7.277987
38,85,-60.000000,175.000000,7.264206
39,85,-55.000000,175.000000,7.250667
40,85,-50.000000,175.000000,7.237346
41,85,-45.000000,175.000000,7.224132
42,85,-40.000000,175.000000,7.210919
43,85,-35.000000,175.000000,7.197705
44,85,-30.000000,175.000000,7.184703
45,85,-25.000000,175.000000,7.171729
46,85,-20.000000,175.000000,7.158909
47,85,-15.000000,175.000000,7.146090
48,85,-10.000000,175.000000,7.133271
49,85,-5.000000,175.000000,7.120346
50,85,0.000000,175.000000,7.107262
51,85,5.000000,175.000000,7.094039
52,85,10.000000,175.000000,7.080698
53,85,15.000000,175.000000,7.067357
54,85,20.000000,175.000000,7.054017
55,85,25.000000,175.000000,7.040347
56,85,30.000000,175.000000,7.026610
57,85,35.000000,175.000000,7.012414
58,85,40.000000,175.000000,6.998208
59,85,45.000000,175.000000,6.984002
60,85,50.000000,175.000000,6.969762
61,85,55.000000,175.000000,6.955430
62,85,60.000000,175.000000,6.941022
63,85,65.000000,175.000000,6.926506
64,85,70.000000,175.000000,6.911990
65,85,75.000000,175.000000,6.897473
66,85,80.000000,175.000000,6.883017
67,85,85.000000,175.000000,6.868586
68,85,90.000000,175.000000,6.854284
69,85,95.000000,175.000000,6.840006
70,85,100.000000,175.000000,6.825728
71,85,105.000000,175.000000,6.811439
72,85,110.000000,175.000000,6.797080
73,85,115.000000,175.000000,6.782669
74,85,120.000000,175.000000,6.768127
75,85,125.000000,175.000000,6.753585
76,85,130.000000,175.000000,6.739042
77,85,135.000000,175.000000,6.724277
78,85,140.000000,175.000000,6.709348
79,85,145.000000,175.000000,6.693601
80,85,150.000000,175.000000,6.677538
81,85,155.000000,175.000000,6.661475
82,85,160.000000,175.000000,6.645407
83,85,165.000000,175.000000,6.628956
84,85,170.000000,175.000000,6.612266
85,85,175.000000,175.000000,6.594297
86,85,180.000000,175.000000,6.576329
87,85,185.000000,175.000000,6.558360
88,85,190.000000,175.000000,6.540379
89,85,195.000000,175.000000,6.522382
90,85,200.000000,175.000000,6.504293
91,85,205.000000,175.000000,6.486141
92,85,210.000000,175.000000,6.467989
93,85,215.000000,175.000000,6.449837
94,85,220.000000,175.000000,6.431951
95,85,225.000000,175.000000,6.414179
96,85,230.000000,175.000000,6.398980
97,85,235.000000,175.000000,6.383780
98,85,240.000000,175.000000,6.368581
99,85,245.000000,175.000000,6.353468
100,85,250.000000,175.000000,6.338538
0,86,-250.000000,180.000000,7.935874
1,86,-245.000000,180.000000,7.910797
2,86,-240.000000,180.000000,7.885734
3,86,-235.000000,180.000000,7.860672
4,86,-230.000000,180.000000,7.835610
5,86,-225.000000,180.000000,7.813215
6,86,-220.000000,180.000000,7.791103
7,86,-215.000000,180.000000,7.769248
8,86,-210.000000,180.000000,7.747393
9,86,-205.000000,180.000000,7.725538
10,86,-200.000000,180.000000,7.704791
11,86,-195.000000,180.000000,7.686151
12,86,-190.000000,180.000000,7.667757
13,86,-185.000000,180.000000,7.649621
14,86,-180.000000,180.000000,7.631485
15,86,-175.000000,180.000000,7.613349
16,86,-170.000000,180.000000,7.596812
17,86,-165.000000,180.000000,7.580724
18,86,-160.000000,180.000000,7.565071
19,86,-155.000000,180.000000,7.549452
20,86,-150.000000,180.000000,7.533833
21,86,-145.000000,180.000000,7.518358
22,86,-140.000000,180.000000,7.503401
23,86,-135.000000,180.000000,7.488519
24,86,-130.000000,180.000000,7.473768
25,86,-125.000000,180.000000,7.459017
26,86,-120.000000,180.000000,7.444266
27,86,-115.000000,180.000000,7.429587
28,86,-110.000000,180.000000,7.414945
29,86,-105.000000,180.000000,7.400339
30,86,-100.000000,180.000000,7.385742
31,86,-95.000000,180.000000,7.371145
32,86,-90.000000,180.000000,7.356577
33,86,-85.000000,180.000000,7.342311
34,86,-80.000000,180.000000,7.328084
35,86,-75.000000,180.000000,7.313987
36,86,-70.000000,180.000000,7.299891
37,86,-65.000000,180.000000,7.285794
38,86,-60.000000,180.000000,7.271973
39,86,-55.000000,180.000000,7.258403
40,86,-50.000000,180.000000,7.245057
41,86,-45.000000,180.000000,7.231823
42,86,-40.000000,180.000000,7.218588
43,86,-35.000000,180.000000,7.205354
44,86,-30.000000,180.000000,7.192337
45,86,-25.000000,180.000000,7.179348
46,86,-20.000000,180.000000,7.166518
47,86,-15.000000,180.000000,7.153688
48,86,-10.000000,180.000000,7.140858
49,86,-5.000000,180.000000,7.127927
50,86,0.000000,180.000000,7.114843
51,86,5.000000,180.000000,7.101624
52,86,10.000000,180.000000,7.088293
53,86,15.000000,180.000000,7.074962
54,86,20.000000,180.000000,7.061630
55,86,25.000000,180.000000,7.047982
56,86,30.000000,180.000000,7.034269
57,86,35.000000,180.000000,7.020115
58,86,40.000000,180.000000,7.005951
59,86,45.000000,180.000000,6.991787
60,86,50.000000,180.000000,6.977591
61,86,55.000000,180.000000,6.963308
62,86,60.000000,180.000000,6.948954
63,86,65.000000,180.000000,6.934500
64,86,70.000000,180.000000,6.920045
65,86,75.000000,180.000000,6.905590
66,86,80.000000,180.000000,6.891192
67,86,85.000000,180.000000,6.876817
68,86,90.000000,180.000000,6.862566
69,86,95.000000,180.000000,6.848336
70,86,100.000000,180.000000,6.834107
71,86,105.000000,180.000000,6.819864
72,86,110.000000,180.000000,6.805546
73,86,115.000000,180.000000,6.791170
74,86,120.000000,180.000000,6.776649
75,86,125.000000,180.000000,6.762129
76,86,130.000000,180.000000,6.747608
77,86,135.000000,180.000000,6.732865
78,86,140.000000,180.000000,6.717958
79,86,145.000000,180.000000,6.702232
80,86,150.000000,180.000000,6.686192
81,86,155.000000,180.000000,6.670151
82,86,160.000000,180.000000,6.654106
83,86,165.000000,180.000000,6.637687
84,86,170.000000,180.000000,6.621034
85,86,175.000000,180.000000,6.603133
86,86,180.000000,180.000000,6.585232
87,86,185.000000,180.000000,6.567332
88,86,190.000000,180.000000,6.549423
89,86,195.000000,180.000000,6.531503
90,86,200.000000,180.000000,6.513521
91,86,205.000000,180.000000,6.495496
92,86,210.000000,180.000000,6.477471
93,86,215.000000,180.000000,6.459447
94,86,220.000000,180.000000,6.441690
95,86,225.000000,180.000000,6.424048
96,86,230.000000,180.000000,6.408999
97,86,235.000000,180.000000,6.393949
98,86,240.000000,180.000000,6.378900
99,86,245.000000,180.000000,6.363937
100,86,250.000000,180.000000,6.349156
0,87,-250.000000,185.000000,7.946492
1,87,-245.000000,185.000000,7.921384
2,87,-240.000000,185.000000,7.896293
3,87,-235.000000,185.000000,7.871201
4,87,-230.000000,185.000000,7.846110
5,87,-225.000000,185.000000,7.823698
6,87,-220.000000,185.000000,7.801570
7,87,-215.000000,185.000000,7.779700
8,87,-210.000000,185.000000,7.757831
9,87,-205.000000,185.000000,7.735961
10,87,-200.000000,185.000000,7.715185
11,87,-195.000000,185.000000,7.696488
12,87,-190.000000,185.000000,7.678035
13,87,-185.000000,185.000000,7.659836
14,87,-180.000000,185.000000,7.641637
15,87,-175.000000,185.000000,7.623438
16,87,-170.000000,185.000000,7.606798
17,87,-165.000000,185.000000,7.590598
18,87,-160.000000,185.000000,7.574821
19,87,-155.000000,185.000000,7.559078
20,87,-150.000000,185.000000,7.543335
21,87,-145.000000,185.000000,7.527733
22,87,-140.000000,185.000000,7.512641
23,87,-135.000000,185.000000,7.497623
24,87,-130.000000,185.000000,7.482733
25,87,-125.000000,185.000000,7.467844
26,87,-120.000000,185.000000,7.452955
27,87,-115.000000,185.000000,7.438155
28,87,-110.000000,185.000000,7.423403
29,87,-105.000000,185.000000,7.408696
30,87,-100.000000,185.000000,7.394000
31,87,-95.000000,185.000000,7.379303
32,87,-90.000000,185.000000,7.364640
33,87,-85.000000,185.000000,7.350308
34,87,-80.000000,185.000000,7.336020
35,87,-75.000000,185.000000,7.321874
36,87,-70.000000,185.000000,7.307729
37,87,-65.000000,185.000000,7.293584
38,87,-60.000000,185.000000,7.279724
39,87,-55.000000,185.000000,7.266122
40,87,-50.000000,185.000000,7.252752
41,87,-45.000000,185.000000,7.239497
42,87,-40.000000,185.000000,7.226242
43,87,-35.000000,185.000000,7.212987
44,87,-30.000000,185.000000,7.199955
45,87,-25.000000,185.000000,7.186951
46,87,-20.000000,185.000000,7.174111
47,87,-15.000000,185.000000,7.161271
48,87,-10.000000,185.000000,7.148431
49,87,-5.000000,185.000000,7.135494
50,87,0.000000,185.000000,7.122409
51,87,5.000000,185.000000,7.109195
52,87,10.000000,185.000000,7.095873
53,87,15.000000,185.000000,7.082551
54,87,20.000000,185.000000,7.069229
55,87,25.000000,185.000000,7.055602
56,87,30.000000,185.000000,7.041913
57,87,35.000000,185.000000,7.027800
58,87,40.000000,185.000000,7.013678
59,87,45.000000,185.000000,6.999555
60,87,50.000000,185.000000,6.985403
61,87,55.000000,185.000000,6.971170
62,87,60.000000,185.000000,6.956871
63,87,65.000000,185.000000,6.942477
64,87,70.000000,185.000000,6.928083
65,87,75.000000,185.000000,6.913690
66,87,80.000000,185.000000,6.899349
67,87,85.000000,185.000000,6.885031
68,87,90.000000,185.000000,6.870829
69,87,95.000000,185.000000,6.856648
70,87,100.000000,185.000000,6.842467
71,87,105.000000,185.000000,6.828272
72,87,110.000000,185.000000,6.813993
73,87,115.000000,185.000000,6.799652
74,87,120.000000,185.000000,6.785152
75,87,125.000000,185.000000,6.770653
76,87,130.000000,185.000000,6.756154
77,87,135.000000,185.000000,6.741432
78,87,140.000000,185.000000,6.726547
79,87,145.000000,185.000000,6.710843
80,87,150.000000,185.000000,6.694824
81,87,155.000000,185.000000,6.678805
82,87,160.000000,185.000000,6.662782
83,87,165.000000,185.000000,6.646394
84,87,170.000000,185.000000,6.629778
85,87,175.000000,185.000000,6.611944
86,87,180.000000,185.000000,6.594110
87,87,185.000000,185.000000,6.576276
88,87,190.000000,185.000000,6.558438
89,87,195.000000,185.000000,6.540594
90,87,200.000000,185.000000,6.522717
91,87,205.000000,185.000000,6.504818
92,87,210.000000,185.000000,6.486919
93,87,215.000000,185.000000,6.469020
94,87,220.000000,185.000000,6.451391
95,87,225.000000,185.000000,6.433877
96,87,230.000000,185.000000,6.418977
97,87,235.000000,185.000000,6.404077
98,87,240.000000,185.000000,6.389177
99,87,245.000000,185.000000,6.374362
100,87,250.000000,185.000000,6.359728
0,88,-250.000000,190.000000,7.956957
1,88,-245.000000,190.000000,7.931807
2,88,-240.000000,190.000000,7.906673
3,88,-235.000000,190.000000,7.881539
4,88,-230.000000,190.000000,7.856405
5,88,-225.000000,190.000000,7.833968
6,88,-220.000000,190.000000,7.811817
7,88,-215.000000,190.000000,7.789926
8,88,-210.000000,190.000000,7.768035
9,88,-205.000000,190.000000,7.746144
10,88,-200.000000,190.000000,7.725334
11,88,-195.000000,190.000000,7.706580
12,88,-190.000000,190.000000,7.688067
13,88,-185.000000,190.000000,7.669805
14,88,-180.000000,190.000000,7.651543
15,88,-175.000000,190.000000,7.633281
16,88,-170.000000,190.000000,7.616542
17,88,-165.000000,190.000000,7.600232
18,88,-160.000000,190.000000,7.584335
19,88,-155.000000,190.000000,7.568471
20,88,-150.000000,190.000000,7.552608
21,88,-145.000000,190.000000,7.536883
22,88,-140.000000,190.000000,7.521659
23,88,-135.000000,190.000000,7.506507
24,88,-130.000000,190.000000,7.491481
25,88,-125.000000,190.000000,7.476456
26,88,-120.000000,190.000000,7.461431
27,88,-115.000000,190.000000,7.446513
28,88,-110.000000,190.000000,7.431651
29,88,-105.000000,190.000000,7.416842
30,88,-100.000000,190.000000,7.402047
31,88,-95.000000,190.000000,7.387251
32,88,-90.000000,190.000000,7.372491
33,88,-85.000000,190.000000,7.358093
34,88,-80.000000,190.000000,7.343743
35,88,-75.000000,190.000000,7.329548
36,88,-70.000000,190.000000,7.315354
37,88,-65.000000,190.000000,7.301160
38,88,-60.000000,190.000000,7.287260
39,88,-55.000000,190.000000,7.273627
40,88,-50.000000,190.000000,7.260233
41,88,-45.000000,190.000000,7.246958
42,88,-40.000000,190.000000,7.233683
43,88,-35.000000,190.000000,7.220408
44,88,-30.000000,190.000000,7.207362
45,88,-25.000000,190.000000,7.194345
46,88,-20.000000,190.000000,7.181496
47,88,-15.000000,190.000000,7.168648
48,88,-10.000000,190.000000,7.155799
49,88,-5.000000,190.000000,7.142857
50,88,0.000000,190.000000,7.129772
51,88,5.000000,190.000000,7.116564
52,88,10.000000,190.000000,7.103251
53,88,15.000000,190.000000,7.089939
54,88,20.000000,190.000000,7.076626
55,88,25.000000,190.000000,7.063019
56,88,30.000000,190.000000,7.049354
57,88,35.000000,190.000000,7.035279
58,88,40.000000,190.000000,7.021196
59,88,45.000000,190.000000,7.007112
60,88,50.000000,190.000000,6.993001
61,88,55.000000,190.000000,6.978814
62,88,60.000000,190.000000,6.964566
63,88,65.000000,190.000000,6.950230
64,88,70.000000,190.000000,6.935894
65,88,75.000000,190.000000,6.921558
66,88,80.000000,190.000000,6.907272
67,88,85.000000,190.000000,6.893007
68,88,90.000000,190.000000,6.878852
69,88,95.000000,190.000000,6.864716
70,88,100.000000,190.000000,6.850581
71,88,105.000000,190.000000,6.836430
72,88,110.000000,190.000000,6.822189
73,88,115.000000,190.000000,6.807880
74,88,120.000000,190.000000,6.793399
75,88,125.000000,190.000000,6.778918
76,88,130.000000,190.000000,6.764437
77,88,135.000000,190.000000,6.749732
78,88,140.000000,190.000000,6.734864
79,88,145.000000,190.000000,6.719175
80,88,150.000000,190.000000,6.703170
81,88,155.000000,190.000000,6.687165
82,88,160.000000,190.000000,6.671156
83,88,165.000000,190.000000,6.654789
84,88,170.000000,190.000000,6.638199
85,88,175.000000,190.000000,6.620416
86,88,180.000000,190.000000,6.602633
87,88,185.000000,190.000000,6.584850
88,88,190.000000,190.000000,6.567067
89,88,195.000000,190.000000,6.549282
90,88,200.000000,190.000000,6.531492
91,88,205.000000,190.000000,6.513697
92,88,210.000000,190.000000,6.495903
93,88,215.000000,190.000000,6.478109
94,88,220.000000,190.000000,6.460586
95,88,225.000000,190.000000,6.443181
96,88,230.000000,190.000000,6.428410
97,88,235.000000,190.000000,6.413639
98,88,240.000000,190.000000,6.398868
99,88,245.000000,190.000000,6.384183
100,88,250.000000,190.000000,6.369677
0,89,-250.000000,195.000000,7.967086
1,89,-245.000000,195.000000,7.941863
2,89,-240.000000,195.000000,7.916658
3,89,-235.000000,195.000000,7.891453
4,89,-230.000000,195.000000,7.866248
5,89,-225.000000,195.000000,7.843768
6,89,-220.000000,195.000000,7.821578
7,89,-215.000000,195.000000,7.799650
8,89,-210.000000,195.000000,7.777722
9,89,-205.000000,195.000000,7.755795
10,89,-200.000000,195.000000,7.734941
11,89,-195.000000,195.000000,7.716128
12,89,-190.000000,195.000000,7.697555
13,89,-185.000000,195.000000,7.679230
14,89,-180.000000,195.000000,7.660906
15,89,-175.000000,195.000000,7.642582
16,89,-170.000000,195.000000,7.625749
17,89,-165.000000,195.000000,7.609336
18,89,-160.000000,195.000000,7.593327
19,89,-155.000000,195.000000,7.577351
20,89,-150.000000,195.000000,7.561376
21,89,-145.000000,195.000000,7.545535
22,89,-140.000000,195.000000,7.530185
23,89,-135.000000,195.000000,7.514905
24,89,-130.000000,195.000000,7.499749
25,89,-125.000000,195.000000,7.484594
26,89,-120.000000,195.000000,7.469438
27,89,-115.000000,195.000000,7.454403
28,89,-110.000000,195.000000,7.439433
29,89,-105.000000,195.000000,7.424523
30,89,-100.000000,195.000000,7.409627
31,89,-95.000000,195.000000,7.394732
32,89,-90.000000,195.000000,7.379875
33,89,-85.000000,195.000000,7.365409
34,89,-80.000000,195.000000,7.350996
35,89,-75.000000,195.000000,7.336751
36,89,-70.000000,195.000000,7.322506
37,89,-65.000000,195.000000,7.308261
38,89,-60.000000,195.000000,7.294321
39,89,-55.000000,195.000000,7.280656
40,89,-50.000000,195.000000,7.267240
41,89,-45.000000,195.000000,7.253947
42,89,-40.000000,195.000000,7.240653
43,89,-35.000000,195.000000,7.227360
44,89,-30.000000,195.000000,7.214302
45,89,-25.000000,195.000000,7.201276
46,89,-20.000000,195.000000,7.188422
47,89,-15.000000,195.000000,7.175569
48,89,-10.000000,195.000000,7.162715
49,89,-5.000000,195.000000,7.149771
50,89,0.000000,195.000000,7.136689
51,89,5.000000,195.000000,7.123486
52,89,10.000000,195.000000,7.110183
53,89,15.000000,195.000000,7.096880
54,89,20.000000,195.000000,7.083576
55,89,25.000000,195.000000,7.069988
56,89,30.000000,195.000000,7.056343
57,89,35.000000,195.000000,7.042301
58,89,40.000000,195.000000,7.028250
59,89,45.000000,195.000000,7.014200
60,89,50.000000,195.000000,7.000123
61,89,55.000000,195.000000,6.985977
62,89,60.000000,195.000000,6.971773
63,89,65.000000,195.000000,6.957486
64,89,70.000000,195.000000,6.943200
65,89,75.000000,195.000000,6.928914
66,89,80.000000,195.000000,6.914675
67,89,85.000000,195.000000,6.900457
68,89,90.000000,195.000000,6.886342
69,89,95.000000,195.000000,6.872247
70,89,100.000000,195.000000,6.858151
71,89,105.000000,195.000000,6.844039
72,89,110.000000,195.000000,6.829830
73,89,115.000000,195.000000,6.815546
74,89,120.000000,195.000000,6.801076
75,89,125.000000,195.000000,6.786606
76,89,130.000000,195.000000,6.772137
77,89,135.000000,195.000000,6.757442
78,89,140.000000,195.000000,6.742581
79,89,145.000000,195.000000,6.726891
80,89,150.000000,195.000000,6.710882
81,89,155.000000,195.000000,6.694873
82,89,160.000000,195.000000,6.678859
83,89,165.000000,195.000000,6.662493
84,89,170.000000,195.000000,6.645905
85,89,175.000000,195.000000,6.628139
86,89,180.000000,195.000000,6.610372
87,89,185.000000,195.000000,6.592605
88,89,190.000000,195.000000,6.574841
89,89,195.000000,195.000000,6.557079
90,89,200.000000,195.000000,6.539332
91,89,205.000000,195.000000,6.521596
92,89,210.000000,195.000000,6.503860
93,89,215.000000,195.000000,6.486124
94,89,220.000000,195.000000,6.468663
95,89,225.000000,195.000000,6.451320
96,89,230.000000,195.000000,6.436635
97,89,235.000000,195.000000,6.421951
98,89,240.000000,195.000000,6.407266
99,89,245.000000,195.000000,6.392667
100,89,250.000000,195.000000,6.378247
0,90,-250.000000,200.000000,7.976642
1,90,-245.000000,200.000000,7.951298
2,90,-240.000000,200.000000,7.925973
3,90,-235.000000,200.000000,7.900648
4,90,-230.000000,200.000000,7.875322
5,90,-225.000000,200.000000,7.852771
6,90,-220.000000,200.000000,7.830513
7,90,-215.000000,200.000000,7.808523
8,90,-210.000000,200.000000,7.786533
9,90,-205.000000,200.000000,7.764543
10,90,-200.000000,200.000000,7.743627
11,90,-195.000000,200.000000,7.724753
12,90,-190.000000,200.000000,7.706118
13,90,-185.000000,200.000000,7.687733
14,90,-180.000000,200.000000,7.669348
15,90,-175.000000,200.000000,7.650963
16,90,-170.000000,200.000000,7.634045
17,90,-165.000000,200.000000,7.617540
18,90,-160.000000,200.000000,7.601434
19,90,-155.000000,200.000000,7.585360
20,90,-150.000000,200.000000,7.569285
21,90,-145.000000,200.000000,7.553343
22,90,-140.000000,200.000000,7.537877
23,90,-135.000000,200.000000,7.522479
24,90,-130.000000,200.000000,7.507202
25,90,-125.000000,200.000000,7.491925
26,90,-120.000000,200.000000,7.476648
27,90,-115.000000,200.000000,7.461502
28,90,-110.000000,200.000000,7.446425
29,90,-105.000000,200.000000,7.431413
30,90,-100.000000,200.000000,7.416417
31,90,-95.000000,200.000000,7.401421
32,90,-90.000000,200.000000,7.386466
33,90,-85.000000,200.000000,7.371931
34,90,-80.000000,200.000000,7.357451
35,90,-75.000000,200.000000,7.343153
36,90,-70.000000,200.000000,7.328854
37,90,-65.000000,200.000000,7.314555
38,90,-60.000000,200.000000,7.300573
39,90,-55.000000,200.000000,7.286879
40,90,-50.000000,200.000000,7.273442
41,90,-45.000000,200.000000,7.260133
42,90,-40.000000,200.000000,7.246825
43,90,-35.000000,200.000000,7.233516
44,90,-30.000000,200.000000,7.220452
45,90,-25.000000,200.000000,7.207420
46,90,-20.000000,200.000000,7.194568
47,90,-15.000000,200.000000,7.181716
48,90,-10.000000,200.000000,7.168864
49,90,-5.000000,200.000000,7.155922
50,90,0.000000,200.000000,7.142846
51,90,5.000000,200.000000,7.129651
52,90,10.000000,200.000000,7.116357
53,90,15.000000,200.000000,7.103063
54,90,20.000000,200.000000,7.089769
55,90,25.000000,200.000000,7.076195
56,90,30.000000,200.000000,7.062566
57,90,35.000000,200.000000,7.048547
58,90,40.000000,200.000000,7.034520
59,90,45.000000,200.000000,7.020492
60,90,50.000000,200.000000,7.006440
61,90,55.000000,200.000000,6.992322
62,90,60.000000,200.000000,6.978150
63,90,65.000000,200.000000,6.963900
64,90,70.000000,200.000000,6.949650
65,90,75.000000,200.000000,6.935400
66,90,80.000000,200.000000,6.921197
67,90,85.000000,200.000000,6.907012
68,90,90.000000,200.000000,6.892929
69,90,95.000000,200.000000,6.878864
70,90,100.000000,200.000000,6.864799
71,90,105.000000,200.000000,6.850716
72,90,110.000000,200.000000,6.836527
73,90,115.000000,200.000000,6.822258
74,90,120.000000,200.000000,6.807788
75,90,125.000000,200.000000,6.793318
76,90,130.000000,200.000000,6.778848
77,90,135.000000,200.000000,6.764148
78,90,140.000000,200.000000,6.749278
79,90,145.000000,200.000000,6.733561
80,90,150.000000,200.000000,6.717518
81,90,155.000000,200.000000,6.701474
82,90,160.000000,200.000000,6.685427
83,90,165.000000,200.000000,6.669024
84,90,170.000000,200.000000,6.652399
85,90,175.000000,200.000000,6.634589
86,90,180.000000,200.000000,6.616780
87,90,185.000000,200.000000,6.598970
88,90,190.000000,200.000000,6.581164
89,90,195.000000,200.000000,6.563362
90,90,200.000000,200.000000,6.545588
91,90,205.000000,200.000000,6.527832
92,90,210.000000,200.000000,6.510076
93,90,215.000000,200.000000,6.492320
94,90,220.000000,200.000000,6.474842
95,90,225.000000,200.000000,6.457483
96,90,230.000000,200.000000,6.442812
97,90,235.000000,200.000000,6.428141
98,90,240.000000,200.000000,6.413470
99,90,245.000000,200.000000,6.398884
100,90,250.000000,200.000000,6.384478
0,91,-250.000000,205.000000,7.986198
1,91,-245.000000,205.000000,7.960733
2,91,-240.000000,205.000000,7.935288
3,91,-235.000000,205.000000,7.909842
4,91,-230.000000,205.000000,7.884397
5,91,-225.000000,205.000000,7.861773
6,91,-220.000000,205.000000,7.839449
7,91,-215.000000,205.000000,7.817396
8,91,-210.000000,205.000000,7.795344
9,91,-205.000000,205.000000,7.773291
10,91,-200.000000,205.000000,7.752313
11,91,-195.000000,205.000000,7.733378
12,91,-190.000000,205.000000,7.714682
13,91,-185.000000,205.000000,7.696236
14,91,-180.000000,205.000000,7.677790
15,91,-175.000000,205.000000,7.659343
16,91,-170.000000,205.000000,7.642341
17,91,-165.000000,205.000000,7.625745
18,91,-160.000000,205.000000,7.609541
19,91,-155.000000,205.000000,7.593368
20,91,-150.000000,205.000000,7.577195
21,91,-145.000000,205.000000,7.561151
22,91,-140.000000,205.000000,7.545569
23,91,-135.000000,205.000000,7.530053
24,91,-130.000000,205.000000,7.514655
25,91,-125.000000,205.000000,7.499257
26,91,-120.000000,205.000000,7.483859
27,91,-115.000000,205.000000,7.468601
28,91,-110.000000,205.000000,7.453418
29,91,-105.000000,205.000000,7.438303
30,91,-100.000000,205.000000,7.423207
31,91,-95.000000,205.000000,7.408111
32,91,-90.000000,205.000000,7.393058
33,91,-85.000000,205.000000,7.378453
34,91,-80.000000,205.000000,7.363907
35,91,-75.000000,205.000000,7.349555
36,91,-70.000000,205.000000,7.335202
37,91,-65.000000,205.000000,7.320849
38,91,-60.000000,205.000000,7.306826
39,91,-55.000000,205.000000,7.293101
40,91,-50.000000,205.000000,7.279644
41,91,-45.000000,205.000000,7.266320
42,91,-40.000000,205.000000,7.252996
43,91,-35.000000,205.000000,7.239672
44,91,-30.000000,205.000000,7.226602
45,91,-25.000000,205.000000,7.213565
46,91,-20.000000,205.000000,7.200714
47,91,-15.000000,205.000000,7.187863
48,91,-10.000000,205.000000,7.175012
49,91,-5.000000,205.000000,7.162074
50,91,0.000000,205.000000,7.149003
51,91,5.000000,205.000000,7.135816
52,91,10.000000,205.000000,7.122531
53,91,15.000000,205.000000,7.109246
54,91,20.000000,205.000000,7.095962
55,91,25.000000,205.000000,7.082403
56,91,30.000000,205.000000,7.068789
57,91,35.000000,205.000000,7.054793
58,91,40.000000,205.000000,7.040789
59,91,45.000000,205.000000,7.026784
60,91,50.000000,205.000000,7.012757
61,91,55.000000,205.000000,6.998668
62,91,60.000000,205.000000,6.984527
63,91,65.000000,205.000000,6.970314
64,91,70.000000,205.000000,6.956100
65,91,75.000000,205.000000,6.941887
66,91,80.000000,205.000000,6.927718
67,91,85.000000,205.000000,6.913568
68,91,90.000000,205.000000,6.899516
69,91,95.000000,205.000000,6.885481
70,91,100.000000,205.000000,6.871446
71,91,105.000000,205.000000,6.857392
72,91,110.000000,205.000000,6.843224
73,91,115.000000,205.000000,6.828970
74,91,120.000000,205.000000,6.814500
75,91,125.000000,205.000000,6.800030
76,91,130.000000,205.000000,6.785560
77,91,135.000000,205.000000,6.770854
78,91,140.000000,205.000000,6.755975
79,91,145.000000,205.000000,6.740231
80,91,150.000000,205.000000,6.724153
81,91,155.000000,205.000000,6.708076
82,91,160.000000,205.000000,6.691994
83,91,165.000000,205.000000,6.675555
84,91,170.000000,205.000000,6.658893
85,91,175.000000,205.000000,6.641040
86,91,180.000000,205.000000,6.623187
87,91,185.000000,205.000000,6.605334
88,91,190.000000,205.000000,6.587487
89,91,195.000000,205.000000,6.569646
90,91,200.000000,205.000000,6.551843
91,91,205.000000,205.000000,6.534068
92,91,210.000000,205.000000,6.516292
93,91,215.000000,205.000000,6.498516
94,91,220.000000,205.000000,6.481021
95,91,225.000000,205.000000,6.463646
96,91,230.000000,205.000000,6.448989
97,91,235.000000,205.000000,6.434331
98,91,240.000000,205.000000,6.419673
99,91,245.000000,205.000000,6.405101
100,91,250.000000,205.000000,6.390709
0,92,-250.000000,210.000000,7.995754
1,92,-245.000000,210.000000,7.970169
2,92,-240.000000,210.000000,7.944603
3,92,-235.000000,210.000000,7.919037
4,92,-230.000000,210.000000,7.893471
5,92,-225.000000,210.000000,7.870776
6,92,-220.000000,210.000000,7.848384
7,92,-215.000000,210.000000,7.826269
8,92,-210.000000,210.000000,7.804154
9,92,-205.000000,210.000000,7.782040
10,92,-200.000000,210.000000,7.761000
11,92,-195.000000,210.000000,7.742003
12,92,-190.000000,210.000000,7.723246
13,92,-185.000000,210.000000,7.704739
14,92,-180.000000,210.000000,7.686232
15,92,-175.000000,210.000000,7.667724
16,92,-170.000000,210.000000,7.650637
17,92,-165.000000,210.000000,7.633949
18,92,-160.000000,210.000000,7.617647
19,92,-155.000000,210.000000,7.601376
20,92,-150.000000,210.000000,7.585105
21,92,-145.000000,210.000000,7.568958
22,92,-140.000000,210.000000,7.553261
23,92,-135.000000,210.000000,7.537628
24,92,-130.000000,210.000000,7.522108
25,92,-125.000000,210.000000,7.506589
26,92,-120.000000,210.000000,7.491069
27,92,-115.000000,210.000000,7.475700
28,92,-110.000000,210.000000,7.460410
29,92,-105.000000,210.000000,7.445194
30,92,-100.000000,210.000000,7.429997
31,92,-95.000000,210.000000,7.414800
32,92,-90.000000,210.000000,7.399649
33,92,-85.000000,210.000000,7.384975
34,92,-80.000000,210.000000,7.370363
35,92,-75.000000,210.000000,7.355956
36,92,-70.000000,210.000000,7.341550
37,92,-65.000000,210.000000,7.327144
38,92,-60.000000,210.000000,7.313079
39,92,-55.000000,210.000000,7.299323
40,92,-50.000000,210.000000,7.285847
41,92,-45.000000,210.000000,7.272507
42,92,-40.000000,210.000000,7.259168
43,92,-35.000000,210.000000,7.245828
44,92,-30.000000,210.000000,7.232752
45,92,-25.000000,210.000000,7.219709
46,92,-20.000000,210.000000,7.206860
47,92,-15.000000,210.000000,7.194011
48,92,-10.000000,210.000000,7.181161
49,92,-5.000000,210.000000,7.168226
50,92,0.000000,210.000000,7.155160
51,92,5.000000,210.000000,7.141980
52,92,10.000000,210.000000,7.128705
53,92,15.000000,210.000000,7.115430
54,92,20.000000,210.000000,7.102155
55,92,25.000000,210.000000,7.088610
56,92,30.000000,210.000000,7.075012
57,92,35.000000,210.000000,7.061039
58,92,40.000000,210.000000,7.047058
59,92,45.000000,210.000000,7.033077
60,92,50.000000,210.000000,7.019074
61,92,55.000000,210.000000,7.005013
62,92,60.000000,210.000000,6.990904
63,92,65.000000,210.000000,6.976728
64,92,70.000000,210.000000,6.962551
65,92,75.000000,210.000000,6.948374
66,92,80.000000,210.000000,6.934240
67,92,85.000000,210.000000,6.920124
68,92,90.000000,210.000000,6.906103
69,92,95.000000,210.000000,6.892098
70,92,100.000000,210.000000,6.878093
71,92,105.000000,210.000000,6.864069
72,92,110.000000,210.000000,6.849922
73,92,115.000000,210.000000,6.835682
74,92,120.000000,210.000000,6.821212
75,92,125.000000,210.000000,6.806742
76,92,130.000000,210.000000,6.792271
77,92,135.000000,210.000000,6.777560
78,92,140.000000,210.000000,6.762672
79,92,145.000000,210.000000,6.746901
80,92,150.000000,210.000000,6.730789
81,92,155.000000,210.000000,6.714678
82,92,160.000000,210.000000,6.698561
83,92,165.000000,210.000000,6.682087
84,92,170.000000,210.000000,6.665387
85,92,175.000000,210.000000,6.647491
86,92,180.000000,210.000000,6.629595
87,92,185.000000,210.000000,6.611699
88,92,190.000000,210.000000,6.593810
89,92,195.000000,210.000000,6.575929
90,92,200.000000,210.000000,6.558099
91,92,205.000000,210.000000,6.540303
92,92,210.000000,210.000000,6.522508
93,92,215.000000,210.000000,6.504712
94,92,220.000000,210.000000,6.487200
95,92,225.000000,210.000000,6.469810
96,92,230.000000,210.000000,6.455165
97,92,235.000000,210.000000,6.440521
98,92,240.000000,210.000000,6.425876
99,92,245.000000,210.000000,6.411318
100,92,250.000000,210.000000,6.396940
0,93,-250.000000,215.000000,8.005076
1,93,-245.000000,215.000000,7.979364
2,93,-240.000000,215.000000,7.953672
3,93,-235.000000,215.000000,7.927980
4,93,-230.000000,215.000000,7.902289
5,93,-225.000000,215.000000,7.879517
6,93,-220.000000,215.000000,7.857056
7,93,-215.000000,215.000000,7.834875
8,93,-210.000000,215.000000,7.812695
9,93,-205.000000,215.000000,7.790515
10,93,-200.000000,215.000000,7.769411
11,93,-195.000000,215.000000,7.750354
12,93,-190.000000,215.000000,7.731537
13,93,-185.000000,215.000000,7.712969
14,93,-180.000000,215.000000,7.694402
15,93,-175.000000,215.000000,7.675835
16,93,-170.000000,215.000000,7.658666
17,93,-165.000000,215.000000,7.641890
18,93,-160.000000,215.000000,7.625494
19,93,-155.000000,215.000000,7.609128
20,93,-150.000000,215.000000,7.592762
21,93,-145.000000,215.000000,7.576517
22,93,-140.000000,215.000000,7.560707
23,93,-135.000000,215.000000,7.544960
24,93,-130.000000,215.000000,7.529322
25,93,-125.000000,215.000000,7.513685
26,93,-120.000000,215.000000,7.498048
27,93,-115.000000,215.000000,7.482569
28,93,-110.000000,215.000000,7.467175
29,93,-105.000000,215.000000,7.451859
30,93,-100.000000,215.000000,7.436563
31,93,-95.000000,215.000000,7.421267
32,93,-90.000000,215.000000,7.406019
33,93,-85.000000,215.000000,7.391276
34,93,-80.000000,215.000000,7.376599
35,93,-75.000000,215.000000,7.362139
36,93,-70.000000,215.000000,7.347679
37,93,-65.000000,215.000000,7.333220
38,93,-60.000000,215.000000,7.319114
39,93,-55.000000,215.000000,7.305329
40,93,-50.000000,215.000000,7.291832
41,93,-45.000000,215.000000,7.278478
42,93,-40.000000,215.000000,7.265124
43,93,-35.000000,215.000000,7.251770
44,93,-30.000000,215.000000,7.238688
45,93,-25.000000,215.000000,7.225642
46,93,-20.000000,215.000000,7.212795
47,93,-15.000000,215.000000,7.199948
48,93,-10.000000,215.000000,7.187101
49,93,-5.000000,215.000000,7.174169
50,93,0.000000,215.000000,7.161109
51,93,5.000000,215.000000,7.147937
52,93,10.000000,215.000000,7.134671
53,93,15.000000,215.000000,7.121405
54,93,20.000000,215.000000,7.108139
55,93,25.000000,215.000000,7.094609
56,93,30.000000,215.000000,7.081025
57,93,35.000000,215.000000,7.067073
58,93,40.000000,215.000000,7.053113
59,93,45.000000,215.000000,7.039153
60,93,50.000000,215.000000,7.025173
61,93,55.000000,215.000000,7.011138
62,93,60.000000,215.000000,6.997058
63,93,65.000000,215.000000,6.982915
64,93,70.000000,215.000000,6.968771
65,93,75.000000,215.000000,6.954628
66,93,80.000000,215.000000,6.940526
67,93,85.000000,215.000000,6.926442
68,93,90.000000,215.000000,6.912449
69,93,95.000000,215.000000,6.898472
70,93,100.000000,215.000000,6.884495
71,93,105.000000,215.000000,6.870497
72,93,110.000000,215.000000,6.856369
73,93,115.000000,215.000000,6.842143
74,93,120.000000,215.000000,6.827670
75,93,125.000000,215.000000,6.813197
76,93,130.000000,215.000000,6.798724
77,93,135.000000,215.000000,6.784005
78,93,140.000000,215.000000,6.769106
79,93,145.000000,215.000000,6.753303
80,93,150.000000,215.000000,6.737152
81,93,155.000000,215.000000,6.721002
82,93,160.000000,215.000000,6.704846
83,93,165.000000,215.000000,6.688330
84,93,170.000000,215.000000,6.671587
85,93,175.000000,215.000000,6.653638
86,93,180.000000,215.000000,6.635689
87,93,185.000000,215.000000,6.617740
88,93,190.000000,215.000000,6.599799
89,93,195.000000,215.000000,6.581868
90,93,200.000000,215.000000,6.563998
91,93,205.000000,215.000000,6.546168
92,93,210.000000,215.000000,6.528339
93,93,215.000000,215.000000,6.510510
94,93,220.000000,215.000000,6.492967
95,93,225.000000,215.000000,6.475548
96,93,230.000000,215.000000,6.460903
97,93,235.000000,215.000000,6.446258
98,93,240.000000,215.000000,6.431614
99,93,245.000000,215.000000,6.417055
100,93,250.000000,215.000000,6.402679
0,94,-250.000000,220.000000,8.013805
1,94,-245.000000,220.000000,7.987951
2,94,-240.000000,220.000000,7.962119
3,94,-235.000000,220.000000,7.936288
4,94,-230.000000,220.000000,7.910456
5,94,-225.000000,220.000000,7.887600
6,94,-220.000000,220.000000,7.865060
7,94,-215.000000,220.000000,7.842806
8,94,-210.000000,220.000000,7.820552
9,94,-205.000000,220.000000,7.798299
10,94,-200.000000,220.000000,7.777127
11,94,-195.000000,220.000000,7.758010
12,94,-190.000000,220.000000,7.739134
13,94,-185.000000,220.000000,7.720510
14,94,-180.000000,220.000000,7.701885
15,94,-175.000000,220.000000,7.683261
16,94,-170.000000,220.000000,7.666017
17,94,-165.000000,220.000000,7.649161
18,94,-160.000000,220.000000,7.632681
19,94,-155.000000,220.000000,7.616230
20,94,-150.000000,220.000000,7.599779
21,94,-145.000000,220.000000,7.583445
22,94,-140.000000,220.000000,7.567532
23,94,-135.000000,220.000000,7.551679
24,94,-130.000000,220.000000,7.535933
25,94,-125.000000,220.000000,7.520187
26,94,-120.000000,220.000000,7.504441
27,94,-115.000000,220.000000,7.488860
28,94,-110.000000,220.000000,7.473366
29,94,-105.000000,220.000000,7.457954
30,94,-100.000000,220.000000,7.442562
31,94,-95.000000,220.000000,7.427171
32,94,-90.000000,220.000000,7.411831
33,94,-85.000000,220.000000,7.397021
34,94,-80.000000,220.000000,7.382280
35,94,-75.000000,220.000000,7.367768
36,94,-70.000000,220.000000,7.353255
37,94,-65.000000,220.000000,7.338743
38,94,-60.000000,220.000000,7.324597
39,94,-55.000000,220.000000,7.310784
40,94,-50.000000,220.000000,7.297270
41,94,-45.000000,220.000000,7.283904
42,94,-40.000000,220.000000,7.270537
43,94,-35.000000,220.000000,7.257170
44,94,-30.000000,220.000000,7.244086
45,94,-25.000000,220.000000,7.231037
46,94,-20.000000,220.000000,7.218195
47,94,-15.000000,220.000000,7.205353
48,94,-10.000000,220.000000,7.192512
49,94,-5.000000,220.000000,7.179586
50,94,0.000000,220.000000,7.166533
51,94,5.000000,220.000000,7.153370
52,94,10.000000,220.000000,7.140112
53,94,15.000000,220.000000,7.126855
54,94,20.000000,220.000000,7.113598
55,94,25.000000,220.000000,7.100079
56,94,30.000000,220.000000,7.086507
57,94,35.000000,220.000000,7.072571
58,94,40.000000,220.000000,7.058626
59,94,45.000000,220.000000,7.044682
60,94,50.000000,220.000000,7.030718
61,94,55.000000,220.000000,7.016703
62,94,60.000000,220.000000,7.002646
63,94,65.000000,220.000000,6.988528
64,94,70.000000,220.000000,6.974411
65,94,75.000000,220.000000,6.960293
66,94,80.000000,220.000000,6.946216
67,94,85.000000,220.000000,6.932156
68,94,90.000000,220.000000,6.918186
69,94,95.000000,220.000000,6.904231
70,94,100.000000,220.000000,6.890277
71,94,105.000000,220.000000,6.876300
72,94,110.000000,220.000000,6.862185
73,94,115.000000,220.000000,6.847965
74,94,120.000000,220.000000,6.833484
75,94,125.000000,220.000000,6.819004
76,94,130.000000,220.000000,6.804523
77,94,135.000000,220.000000,6.789790
78,94,140.000000,220.000000,6.774872
79,94,145.000000,220.000000,6.759027
80,94,150.000000,220.000000,6.742825
81,94,155.000000,220.000000,6.726623
82,94,160.000000,220.000000,6.710417
83,94,165.000000,220.000000,6.693844
84,94,170.000000,220.000000,6.677041
85,94,175.000000,220.000000,6.659014
86,94,180.000000,220.000000,6.640987
87,94,185.000000,220.000000,6.622960
88,94,190.000000,220.000000,6.604942
89,94,195.000000,220.000000,6.586935
90,94,200.000000,220.000000,6.568993
91,94,205.000000,220.000000,6.551096
92,94,210.000000,220.000000,6.533198
93,94,215.000000,220.000000,6.515300
94,94,220.000000,220.000000,6.497692
95,94,225.000000,220.000000,6.480209
96,94,230.000000,220.000000,6.465530
97,94,235.000000,220.000000,6.450852
98,94,240.000000,220.000000,6.436173
99,94,245.000000,220.000000,6.421581
100,94,250.000000,220.000000,6.407172
0,95,-250.000000,225.000000,8.020994
1,95,-245.000000,225.000000,7.994962
2,95,-240.000000,225.000000,7.968954
3,95,-235.000000,225.000000,7.942945
4,95,-230.000000,225.000000,7.916936
5,95,-225.000000,225.000000,7.893973
6,95,-220.000000,225.000000,7.871332
7,95,-215.000000,225.000000,7.848985
8,95,-210.000000,225.000000,7.826637
9,95,-205.000000,225.000000,7.804290
10,95,-200.000000,225.000000,7.783037
11,95,-195.000000,225.000000,7.763864
12,95,-190.000000,225.000000,7.744936
13,95,-185.000000,225.000000,7.726261
14,95,-180.000000,225.000000,7.707587
15,95,-175.000000,225.000000,7.688912
16,95,-170.000000,225.000000,7.671612
17,95,-165.000000,225.000000,7.654698
18,95,-160.000000,225.000000,7.638157
19,95,-155.000000,225.000000,7.621647
20,95,-150.000000,225.000000,7.605136
21,95,-145.000000,225.000000,7.588738
22,95,-140.000000,225.000000,7.572745
23,95,-135.000000,225.000000,7.556810
24,95,-130.000000,225.000000,7.540977
25,95,-125.000000,225.000000,7.525145
26,95,-120.000000,225.000000,7.509313
27,95,-115.000000,225.000000,7.493646
28,95,-110.000000,225.000000,7.478067
29,95,-105.000000,225.000000,7.462569
30,95,-100.000000,225.000000,7.447092
31,95,-95.000000,225.000000,7.431615
32,95,-90.000000,225.000000,7.416192
33,95,-85.000000,225.000000,7.401320
34,95,-80.000000,225.000000,7.386520
35,95,-75.000000,225.000000,7.371958
36,95,-70.000000,225.000000,7.357395
37,95,-65.000000,225.000000,7.342833
38,95,-60.000000,225.000000,7.328651
39,95,-55.000000,225.000000,7.314814
40,95,-50.000000,225.000000,7.301287
41,95,-45.000000,225.000000,7.287913
42,95,-40.000000,225.000000,7.274539
43,95,-35.000000,225.000000,7.261164
44,95,-30.000000,225.000000,7.248083
45,95,-25.000000,225.000000,7.235039
46,95,-20.000000,225.000000,7.222209
47,95,-15.000000,225.000000,7.209380
48,95,-10.000000,225.000000,7.196551
49,95,-5.000000,225.000000,7.183636
50,95,0.000000,225.000000,7.170594
51,95,5.000000,225.000000,7.157439
52,95,10.000000,225.000000,7.144190
53,95,15.000000,225.000000,7.130941
54,95,20.000000,225.000000,7.117692
55,95,25.000000,225.000000,7.104179
56,95,30.000000,225.000000,7.090612
57,95,35.000000,225.000000,7.076678
58,95,40.000000,225.000000,7.062735
59,95,45.000000,225.000000,7.048792
60,95,50.000000,225.000000,7.034830
61,95,55.000000,225.000000,7.020819
62,95,60.000000,225.000000,7.006766
63,95,65.000000,225.000000,6.992654
64,95,70.000000,225.000000,6.978542
65,95,75.000000,225.000000,6.964430
66,95,80.000000,225.000000,6.950360
67,95,85.000000,225.000000,6.936307
68,95,90.000000,225.000000,6.922343
69,95,95.000000,225.000000,6.908396
70,95,100.000000,225.000000,6.894448
71,95,105.000000,225.000000,6.880477
72,95,110.000000,225.000000,6.866360
73,95,115.000000,225.000000,6.852133
74,95,120.000000,225.000000,6.837631
75,95,125.000000,225.000000,6.823128
76,95,130.000000,225.000000,6.808626
77,95,135.000000,225.000000,6.793863
78,95,140.000000,225.000000,6.778907
79,95,145.000000,225.000000,6.762992
80,95,150.000000,225.000000,6.746708
81,95,155.000000,225.000000,6.730423
82,95,160.000000,225.000000,6.714134
83,95,165.000000,225.000000,6.697466
84,95,170.000000,225.000000,6.680561
85,95,175.000000,225.000000,6.662392
86,95,180.000000,225.000000,6.644223
87,95,185.000000,225.000000,6.626054
88,95,190.000000,225.000000,6.607892
89,95,195.000000,225.000000,6.589740
90,95,200.000000,225.000000,6.571645
91,95,205.000000,225.000000,6.553589
92,95,210.000000,225.000000,6.535533
93,95,215.000000,225.000000,6.517477
94,95,220.000000,225.000000,6.499714
95,95,225.000000,225.000000,6.482077
96,95,230.000000,225.000000,6.467276
97,95,235.000000,225.000000,6.452476
98,95,240.000000,225.000000,6.437675
99,95,245.000000,225.000000,6.422962
100,95,250.000000,225.000000,6.408434
0,96,-250.000000,230.000000,8.028183
1,96,-245.000000,230.000000,8.001974
2,96,-240.000000,230.000000,7.975788
3,96,-235.000000,230.000000,7.949602
4,96,-230.000000,230.000000,7.923416
5,96,-225.000000,230.000000,7.900345
6,96,-220.000000,230.000000,7.877604
7,96,-215.000000,230.000000,7.855163
8,96,-210.000000,230.000000,7.832722
9,96,-205.000000,230.000000,7.810281
10,96,-200.000000,230.000000,7.788947
11,96,-195.000000,230.000000,7.769719
12,96,-190.000000,230.000000,7.750737
13,96,-185.000000,230.000000,7.732012
14,96,-180.000000,230.000000,7.713288
15,96,-175.000000,230.000000,7.694563
16,96,-170.000000,230.000000,7.677207
17,96,-165.000000,230.000000,7.660234
18,96,-160.000000,230.000000,7.643634
19,96,-155.000000,230.000000,7.627064
20,96,-150.000000,230.000000,7.610493
21,96,-145.000000,230.000000,7.594030
22,96,-140.000000,230.000000,7.577957
23,96,-135.000000,230.000000,7.561940
24,96,-130.000000,230.000000,7.546022
25,96,-125.000000,230.000000,7.530103
26,96,-120.000000,230.000000,7.514185
27,96,-115.000000,230.000000,7.498432
28,96,-110.000000,230.000000,7.482767
29,96,-105.000000,230.000000,7.467184
30,96,-100.000000,230.000000,7.451622
31,96,-95.000000,230.000000,7.436060
32,96,-90.000000,230.000000,7.420553
33,96,-85.000000,230.000000,7.405619
34,96,-80.000000,230.000000,7.390760
35,96,-75.000000,230.000000,7.376148
36,96,-70.000000,230.000000,7.361536
37,96,-65.000000,230.000000,7.346923
38,96,-60.000000,230.000000,7.332705
39,96,-55.000000,230.000000,7.318844
40,96,-50.000000,230.000000,7.305304
41,96,-45.000000,230.000000,7.291922
42,96,-40.000000,230.000000,7.278540
43,96,-35.000000,230.000000,7.265159
44,96,-30.000000,230.000000,7.252080
45,96,-25.000000,230.000000,7.239041
46,96,-20.000000,230.000000,7.226224
47,96,-15.000000,230.000000,7.213406
48,96,-10.000000,230.000000,7.200589
49,96,-5.000000,230.000000,7.187687
50,96,0.000000,230.000000,7.174654
51,96,5.000000,230.000000,7.161509
52,96,10.000000,230.000000,7.148268
53,96,15.000000,230.000000,7.135027
54,96,20.000000,230.000000,7.121786
55,96,25.000000,230.000000,7.108279
56,96,30.000000,230.000000,7.094717
57,96,35.000000,230.000000,7.080784
58,96,40.000000,230.000000,7.066843
59,96,45.000000,230.000000,7.052901
60,96,50.000000,230.000000,7.038942
61,96,55.000000,230.000000,7.024934
62,96,60.000000,230.000000,7.010885
63,96,65.000000,230.000000,6.996779
64,96,70.000000,230.000000,6.982674
65,96,75.000000,230.000000,6.968568
66,96,80.000000,230.000000,6.954504
67,96,85.000000,230.000000,6.940457
68,96,90.000000,230.000000,6.926500
69,96,95.000000,230.000000,6.912560
70,96,100.000000,230.000000,6.898619
71,96,105.000000,230.000000,6.884653
72,96,110.000000,230.000000,6.870535
73,96,115.000000,230.000000,6.856300
74,96,120.000000,230.000000,6.841777
75,96,125.000000,230.000000,6.827253
76,96,130.000000,230.000000,6.812729
77,96,135.000000,230.000000,6.797935
78,96,140.000000,230.000000,6.782943
79,96,145.000000,230.000000,6.766958
80,96,150.000000,230.000000,6.750591
81,96,155.000000,230.000000,6.734223
82,96,160.000000,230.000000,6.717851
83,96,165.000000,230.000000,6.701089
84,96,170.000000,230.000000,6.684081
85,96,175.000000,230.000000,6.665770
86,96,180.000000,230.000000,6.647459
87,96,185.000000,230.000000,6.629147
88,96,190.000000,230.000000,6.610842
89,96,195.000000,230.000000,6.592546
90,96,200.000000,230.000000,6.574298
91,96,205.000000,230.000000,6.556083
92,96,210.000000,230.000000,6.537869
93,96,215.000000,230.000000,6.519654
94,96,220.000000,230.000000,6.501736
95,96,225.000000,230.000000,6.483945
96,96,230.000000,230.000000,6.469022
97,96,235.000000,230.000000,6.454100
98,96,240.000000,230.000000,6.439177
99,96,245.000000,230.000000,6.424342
100,96,250.000000,230.000000,6.409695
0,97,-250.000000,235.000000,8.035372
1,97,-245.000000,235.000000,8.008985
2,97,-240.000000,235.000000,7.982622
3,97,-235.000000,235.000000,7.956259
4,97,-230.000000,235.000000,7.929897
5,97,-225.000000,235.000000,7.906718
6,97,-220.000000,235.000000,7.883876
7,97,-215.000000,235.000000,7.861341
8,97,-210.000000,235.000000,7.838807
9,97,-205.000000,235.000000,7.816272
10,97,-200.000000,235.000000,7.794857
11,97,-195.000000,235.000000,7.775573
12,97,-190.000000,235.000000,7.756538
13,97,-185.000000,235.000000,7.737763
14,97,-180.000000,235.000000,7.718989
15,97,-175.000000,235.000000,7.700214
16,97,-170.000000,235.000000,7.682801
17,97,-165.000000,235.000000,7.665771
18,97,-160.000000,235.000000,7.649111
19,97,-155.000000,235.000000,7.632481
20,97,-150.000000,235.000000,7.615850
21,97,-145.000000,235.000000,7.599323
22,97,-140.000000,235.000000,7.583170
23,97,-135.000000,235.000000,7.567071
24,97,-130.000000,235.000000,7.551066
25,97,-125.000000,235.000000,7.535062
26,97,-120.000000,235.000000,7.519057
27,97,-115.000000,235.000000,7.503218
28,97,-110.000000,235.000000,7.487468
29,97,-105.000000,235.000000,7.471799
30,97,-100.000000,235.000000,7.456152
31,97,-95.000000,235.000000,7.440504
32,97,-90.000000,235.000000,7.424914
33,97,-85.000000,235.000000,7.409918
34,97,-80.000000,235.000000,7.395000
35,97,-75.000000,235.000000,7.380338
36,97,-70.000000,235.000000,7.365676
37,97,-65.000000,235.000000,7.351014
38,97,-60.000000,235.000000,7.336759
39,97,-55.000000,235.000000,7.322874
40,97,-50.000000,235.000000,7.309321
41,97,-45.000000,235.000000,7.295931
42,97,-40.000000,235.000000,7.282542
43,97,-35.000000,235.000000,7.269153
44,97,-30.000000,235.000000,7.256078
45,97,-25.000000,235.000000,7.243043
46,97,-20.000000,235.000000,7.230238
47,97,-15.000000,235.000000,7.217433
48,97,-10.000000,235.000000,7.204628
49,97,-5.000000,235.000000,7.191737
50,97,0.000000,235.000000,7.178715
51,97,5.000000,235.000000,7.165578
52,97,10.000000,235.000000,7.152346
53,97,15.000000,235.000000,7.139113
54,97,20.000000,235.000000,7.125880
55,97,25.000000,235.000000,7.112378
56,97,30.000000,235.000000,7.098822
57,97,35.000000,235.000000,7.084891
58,97,40.000000,235.000000,7.070951
59,97,45.000000,235.000000,7.057011
60,97,50.000000,235.000000,7.043054
61,97,55.000000,235.000000,7.029049
62,97,60.000000,235.000000,7.015005
63,97,65.000000,235.000000,7.000905
64,97,70.000000,235.000000,6.986805
65,97,75.000000,235.000000,6.972706
66,97,80.000000,235.000000,6.958648
67,97,85.000000,235.000000,6.944607
68,97,90.000000,235.000000,6.930657
69,97,95.000000,235.000000,6.916724
70,97,100.000000,235.000000,6.902790
71,97,105.000000,235.000000,6.888830
72,97,110.000000,235.000000,6.874710
73,97,115.000000,235.000000,6.860468
74,97,120.000000,235.000000,6.845923
75,97,125.000000,235.000000,6.831377
76,97,130.000000,235.000000,6.816832
77,97,135.000000,235.000000,6.802007
78,97,140.000000,235.000000,6.786978
79,97,145.000000,235.000000,6.770923
80,97,150.000000,235.000000,6.754473
81,97,155.000000,235.000000,6.738023
82,97,160.000000,235.000000,6.721569
83,97,165.000000,235.000000,6.704711
84,97,170.000000,235.000000,6.687602
85,97,175.000000,235.000000,6.669148
86,97,180.000000,235.000000,6.650694
87,97,185.000000,235.000000,6.632241
88,97,190.000000,235.000000,6.613792
89,97,195.000000,235.000000,6.595351
90,97,200.000000,235.000000,6.576950
91,97,205.000000,235.000000,6.558577
92,97,210.000000,235.000000,6.540204
93,97,215.000000,235.000000,6.521831
94,97,220.000000,235.000000,6.503758
95,97,225.000000,235.000000,6.485813
96,97,230.000000,235.000000,6.470768
97,97,235.000000,235.000000,6.455723
98,97,240.000000,235.000000,6.440679
99,97,245.000000,235.000000,6.425723
100,97,250.000000,235.000000,6.410956
0,98,-250.000000,240.000000,8.042435
1,98,-245.000000,240.000000,8.015871
2,98,-240.000000,240.000000,7.989332
3,98,-235.000000,240.000000,7.962793
4,98,-230.000000,240.000000,7.936254
5,98,-225.000000,240.000000,7.912968
6,98,-220.000000,240.000000,7.890027
7,98,-215.000000,240.000000,7.867399
8,98,-210.000000,240.000000,7.844771
9,98,-205.000000,240.000000,7.822143
10,98,-200.000000,240.000000,7.800648
11,98,-195.000000,240.000000,7.781308
12,98,-190.000000,240.000000,7.762221
13,98,-185.000000,240.000000,7.743397
14,98,-180.000000,240.000000,7.724573
15,98,-175.000000,240.000000,7.705750
16,98,-170.000000,240.000000,7.688282
17,98,-165.000000,240.000000,7.671195
18,98,-160.000000,240.000000,7.654476
19,98,-155.000000,240.000000,7.637787
20,98,-150.000000,240.000000,7.621098
21,98,-145.000000,240.000000,7.604508
22,98,-140.000000,240.000000,7.588277
23,98,-135.000000,240.000000,7.572097
24,98,-130.000000,240.000000,7.556008
25,98,-125.000000,240.000000,7.539919
26,98,-120.000000,240.000000,7.523830
27,98,-115.000000,240.000000,7.507907
28,98,-110.000000,240.000000,7.492072
29,98,-105.000000,240.000000,7.476319
30,98,-100.000000,240.000000,7.460587
31,98,-95.000000,240.000000,7.444855
32,98,-90.000000,240.000000,7.429183
33,98,-85.000000,240.000000,7.414126
34,98,-80.000000,240.000000,7.399150
35,98,-75.000000,240.000000,7.384438
36,98,-70.000000,240.000000,7.369727
37,98,-65.000000,240.000000,7.355015
38,98,-60.000000,240.000000,7.340725
39,98,-55.000000,240.000000,7.326816
40,98,-50.000000,240.000000,7.313250
41,98,-45.000000,240.000000,7.299854
42,98,-40.000000,240.000000,7.286457
43,98,-35.000000,240.000000,7.273061
44,98,-30.000000,240.000000,7.259989
45,98,-25.000000,240.000000,7.246958
46,98,-20.000000,240.000000,7.234166
47,98,-15.000000,240.000000,7.221373
48,98,-10.000000,240.000000,7.208581
49,98,-5.000000,240.000000,7.195701
50,98,0.000000,240.000000,7.182689
51,98,5.000000,240.000000,7.169562
52,98,10.000000,240.000000,7.156337
53,98,15.000000,240.000000,7.143113
54,98,20.000000,240.000000,7.129888
55,98,25.000000,240.000000,7.116391
56,98,30.000000,240.000000,7.102840
57,98,35.000000,240.000000,7.088910
58,98,40.000000,240.000000,7.074971
59,98,45.000000,240.000000,7.061032
60,98,50.000000,240.000000,7.047076
61,98,55.000000,240.000000,7.033074
62,98,60.000000,240.000000,7.019034
63,98,65.000000,240.000000,7.004940
64,98,70.000000,240.000000,6.990845
65,98,75.000000,240.000000,6.976751
66,98,80.000000,240.000000,6.962698
67,98,85.000000,240.000000,6.948663
68,98,90.000000,240.000000,6.934720
69,98,95.000000,240.000000,6.920793
70,98,100.000000,240.000000,6.906866
71,98,105.000000,240.000000,6.892911
72,98,110.000000,240.000000,6.878788
73,98,115.000000,240.000000,6.864539
74,98,120.000000,240.000000,6.849972
75,98,125.000000,240.000000,6.835404
76,98,130.000000,240.000000,6.820837
77,98,135.000000,240.000000,6.805982
78,98,140.000000,240.000000,6.790915
79,98,145.000000,240.000000,6.774790
80,98,150.000000,240.000000,6.758257
81,98,155.000000,240.000000,6.741725
82,98,160.000000,240.000000,6.725187
83,98,165.000000,240.000000,6.708235
84,98,170.000000,240.000000,6.691023
85,98,175.000000,240.000000,6.672426
86,98,180.000000,240.000000,6.653830
87,98,185.000000,240.000000,6.635233
88,98,190.000000,240.000000,6.616641
89,98,195.000000,240.000000,6.598054
90,98,200.000000,240.000000,6.579499
91,98,205.000000,240.000000,6.560967
92,98,210.000000,240.000000,6.542434
93,98,215.000000,240.000000,6.523902
94,98,220.000000,240.000000,6.505672
95,98,225.000000,240.000000,6.487572
96,98,230.000000,240.000000,6.472403
97,98,235.000000,240.000000,6.457235
98,98,240.000000,240.000000,6.442066
99,98,245.000000,240.000000,6.426988
100,98,250.000000,240.000000,6.412101
0,99,-250.000000,245.000000,8.048995
1,99,-245.000000,245.000000,8.022258
2,99,-240.000000,245.000000,7.995547
3,99,-235.000000,245.000000,7.968835
4,99,-230.000000,245.000000,7.942124
5,99,-225.000000,245.000000,7.918733
6,99,-220.000000,245.000000,7.895693
7,99,-215.000000,245.000000,7.872974
8,99,-210.000000,245.000000,7.850255
9,99,-205.000000,245.000000,7.827535
10,99,-200.000000,245.000000,7.805963
11,99,-195.000000,245.000000,7.786571
12,99,-190.000000,245.000000,7.767435
13,99,-185.000000,245.000000,7.748564
14,99,-180.000000,245.000000,7.729694
15,99,-175.000000,245.000000,7.710824
16,99,-170.000000,245.000000,7.693306
17,99,-165.000000,245.000000,7.676167
18,99,-160.000000,245.000000,7.659396
19,99,-155.000000,245.000000,7.642654
20,99,-150.000000,245.000000,7.625912
21,99,-145.000000,245.000000,7.609265
22,99,-140.000000,245.000000,7.592962
23,99,-135.000000,245.000000,7.576708
24,99,-130.000000,245.000000,7.560540
25,99,-125.000000,245.000000,7.544373
26,99,-120.000000,245.000000,7.528206
27,99,-115.000000,245.000000,7.512204
28,99,-110.000000,245.000000,7.496291
29,99,-105.000000,245.000000,7.480459
30,99,-100.000000,245.000000,7.464648
31,99,-95.000000,245.000000,7.448836
32,99,-90.000000,245.000000,7.433087
33,99,-85.000000,245.000000,7.417972
34,99,-80.000000,245.000000,7.402940
35,99,-75.000000,245.000000,7.388182
36,99,-70.000000,245.000000,7.373423
37,99,-65.000000,245.000000,7.358665
38,99,-60.000000,245.000000,7.344341
39,99,-55.000000,245.000000,7.330409
40,99,-50.000000,245.000000,7.316832
41,99,-45.000000,245.000000,7.303429
42,99,-40.000000,245.000000,7.290026
43,99,-35.000000,245.000000,7.276624
44,99,-30.000000,245.000000,7.263556
45,99,-25.000000,245.000000,7.250530
46,99,-20.000000,245.000000,7.237751
47,99,-15.000000,245.000000,7.224971
48,99,-10.000000,245.000000,7.212191
49,99,-5.000000,245.000000,7.199323
50,99,0.000000,245.000000,7.186321
51,99,5.000000,245.000000,7.173203
52,99,10.000000,245.000000,7.159986
53,99,15.000000,245.000000,7.146768
54,99,20.000000,245.000000,7.133551
55,99,25.000000,245.000000,7.120059
56,99,30.000000,245.000000,7.106511
57,99,35.000000,245.000000,7.092580
58,99,40.000000,245.000000,7.078641
59,99,45.000000,245.000000,7.064701
60,99,50.000000,245.000000,7.050745
61,99,55.000000,245.000000,7.036743
62,99,60.000000,245.000000,7.022704
63,99,65.000000,245.000000,7.008612
64,99,70.000000,245.000000,6.994520
65,99,75.000000,245.000000,6.980428
66,99,80.000000,245.000000,6.966378
67,99,85.000000,245.000000,6.952347
68,99,90.000000,245.000000,6.938407
69,99,95.000000,245.000000,6.924484
70,99,100.000000,245.000000,6.910561
71,99,105.000000,245.000000,6.896609
72,99,110.000000,245.000000,6.882482
73,99,115.000000,245.000000,6.868223
74,99,120.000000,245.000000,6.853633
75,99,125.000000,245.000000,6.839043
76,99,130.000000,245.000000,6.824453
77,99,135.000000,245.000000,6.809566
78,99,140.000000,245.000000,6.794461
79,99,145.000000,245.000000,6.778266
80,99,150.000000,245.000000,6.761650
81,99,155.000000,245.000000,6.745034
82,99,160.000000,245.000000,6.728413
83,99,165.000000,245.000000,6.711365
84,99,170.000000,245.000000,6.694049
85,99,175.000000,245.000000,6.675308
86,99,180.000000,245.000000,6.656566
87,99,185.000000,245.000000,6.637824
88,99,190.000000,245.000000,6.619085
89,99,195.000000,245.000000,6.600350
90,99,200.000000,245.000000,6.581638
91,99,205.000000,245.000000,6.562941
92,99,210.000000,245.000000,6.544243
93,99,215.000000,245.000000,6.525546
94,99,220.000000,245.000000,6.507155
95,99,225.000000,245.000000,6.488895
96,99,230.000000,245.000000,6.473596
97,99,235.000000,245.000000,6.458298
98,99,240.000000,245.000000,6.442999
99,99,245.000000,245.000000,6.427792
100,99,250.000000,245.000000,6.412778
0,100,-250.000000,250.000000,8.053361
1,100,-245.000000,250.000000,8.026467
2,100,-240.000000,250.000000,7.999600
3,100,-235.000000,250.000000,7.972733
4,100,-230.000000,250.000000,7.945865
5,100,-225.000000,250.000000,7.922378
6,100,-220.000000,250.000000,7.899250
7,100,-215.000000,250.000000,7.876447
8,100,-210.000000,250.000000,7.853645
9,100,-205.000000,250.000000,7.830842
10,100,-200.000000,250.000000,7.809201
11,100,-195.000000,250.000000,7.789770
12,100,-190.000000,250.000000,7.770598
13,100,-185.000000,250.000000,7.751695
14,100,-180.000000,250.000000,7.732792
15,100,-175.000000,250.000000,7.713889
16,100,-170.000000,250.000000,7.696341
17,100,-165.000000,250.000000,7.679173
18,100,-160.000000,250.000000,7.662374
19,100,-155.000000,250.000000,7.645604
20,100,-150.000000,250.000000,7.628833
21,100,-145.000000,250.000000,7.612155
22,100,-140.000000,250.000000,7.595807
23,100,-135.000000,250.000000,7.579506
24,100,-130.000000,250.000000,7.563289
25,100,-125.000000,250.000000,7.547072
26,100,-120.000000,250.000000,7.530856
27,100,-115.000000,250.000000,7.514800
28,100,-110.000000,250.000000,7.498831
29,100,-105.000000,250.000000,7.482941
30,100,-100.000000,250.000000,7.467072
31,100,-95.000000,250.000000,7.451202
32,100,-90.000000,250.000000,7.435396
33,100,-85.000000,250.000000,7.420237
34,100,-80.000000,250.000000,7.405163
35,100,-75.000000,250.000000,7.390369
36,100,-70.000000,250.000000,7.375574
37,100,-65.000000,250.000000,7.360779
38,100,-60.000000,250.000000,7.346430
39,100,-55.000000,250.000000,7.332483
40,100,-50.000000,250.000000,7.318899
41,100,-45.000000,250.000000,7.305493
42,100,-40.000000,250.000000,7.292088
43,100,-35.000000,250.000000,7.278683
44,100,-30.000000,250.000000,7.265621
45,100,-25.000000,250.000000,7.252604
46,100,-20.000000,250.000000,7.239838
47,100,-15.000000,250.000000,7.227073
48,100,-10.000000,250.000000,7.214307
49,100,-5.000000,250.000000,7.201452
50,100,0.000000,250.000000,7.188460
51,100,5.000000,250.000000,7.175348
52,100,10.000000,250.000000,7.162137
53,100,15.000000,250.000000,7.148925
54,100,20.000000,250.000000,7.135713
55,100,25.000000,250.000000,7.122221
56,100,30.000000,250.000000,7.108672
57,100,35.000000,250.000000,7.094732
58,100,40.000000,250.000000,7.080783
59,100,45.000000,250.000000,7.066834
60,100,50.000000,250.000000,7.052868
61,100,55.000000,250.000000,7.038857
62,100,60.000000,250.000000,7.024808
63,100,65.000000,250.000000,7.010706
64,100,70.000000,250.000000,6.996604
65,100,75.000000,250.000000,6.982501
66,100,80.000000,250.000000,6.968442
67,100,85.000000,250.000000,6.954402
68,100,90.000000,250.000000,6.940456
69,100,95.000000,250.000000,6.926526
70,100,100.000000,250.000000,6.912597
71,100,105.000000,250.000000,6.898638
72,100,110.000000,250.000000,6.884499
73,100,115.000000,250.000000,6.870224
74,100,120.000000,250.000000,6.855607
75,100,125.000000,250.000000,6.840990
76,100,130.000000,250.000000,6.826374
77,100,135.000000,250.000000,6.811451
78,100,140.000000,250.000000,6.796305
79,100,145.000000,250.000000,6.780036
80,100,150.000000,250.000000,6.763334
81,100,155.000000,250.000000,6.746633
82,100,160.000000,250.000000,6.729926
83,100,165.000000,250.000000,6.712778
84,100,170.000000,250.000000,6.695354
85,100,175.000000,250.000000,6.676457
86,100,180.000000,250.000000,6.657561
87,100,185.000000,250.000000,6.638664
88,100,190.000000,250.000000,6.619768
89,100,195.000000,250.000000,6.600873
90,100,200.000000,250.000000,6.581985
91,100,205.000000,250.000000,6.563102
92,100,210.000000,250.000000,6.544219
93,100,215.000000,250.000000,6.525335
94,100,220.000000,250.000000,6.506760
95,100,225.000000,250.000000,6.488318
96,100,230.000000,250.000000,6.472862
97,100,235.000000,250.000000,6.457406
98,100,240.000000,250.000000,6.441951
99,100,245.000000,250.000000,6.426587
100,100,250.000000,250.000000,6.411419
