ix,iy,x_m,y_m,depth_m
0,0,-250.000000,-250.000000,6.515292
1,0,-245.000000,-250.000000,6.494260
2,0,-240.000000,-250.000000,6.473218
3,0,-235.000000,-250.000000,6.452175
4,0,-230.000000,-250.000000,6.431132
5,0,-225.000000,-250.000000,6.410311
6,0,-220.000000,-250.000000,6.389514
7,0,-215.000000,-250.000000,6.368738
8,0,-210.000000,-250.000000,6.347962
9,0,-205.000000,-250.000000,6.327186
10,0,-200.000000,-250.000000,6.307005
11,0,-195.000000,-250.000000,6.287954
12,0,-190.000000,-250.000000,6.269036
13,0,-185.000000,-250.000000,6.250256
14,0,-180.000000,-250.000000,6.231476
15,0,-175.000000,-250.000000,6.212696
16,0,-170.000000,-250.000000,6.195251
17,0,-165.000000,-250.000000,6.178181
18,0,-160.000000,-250.000000,6.161474
19,0,-155.000000,-250.000000,6.144795
20,0,-150.000000,-250.000000,6.128117
21,0,-145.000000,-250.000000,6.111503
22,0,-140.000000,-250.000000,6.095123
23,0,-135.000000,-250.000000,6.078777
24,0,-130.000000,-250.000000,6.062489
25,0,-125.000000,-250.000000,6.046202
26,0,-120.000000,-250.000000,6.029915
27,0,-115.000000,-250.000000,6.013127
28,0,-110.000000,-250.000000,5.996073
29,0,-105.000000,-250.000000,5.978771
30,0,-100.000000,-250.000000,5.961406
31,0,-95.000000,-250.000000,5.944042
32,0,-90.000000,-250.000000,5.926645
33,0,-85.000000,-250.000000,5.908917
34,0,-80.000000,-250.000000,5.891145
35,0,-75.000000,-250.000000,5.873231
36,0,-70.000000,-250.000000,5.855317
37,0,-65.000000,-250.000000,5.837403
38,0,-60.000000,-250.000000,5.819895
39,0,-55.000000,-250.000000,5.802754
40,0,-50.000000,-250.000000,5.785945
41,0,-45.000000,-250.000000,5.769298
42,0,-40.000000,-250.000000,5.752652
43,0,-35.000000,-250.000000,5.736006
44,0,-30.000000,-250.000000,5.720482
45,0,-25.000000,-250.000000,5.705103
46,0,-20.000000,-250.000000,5.690546
47,0,-15.000000,-250.000000,5.675990
48,0,-10.000000,-250.000000,5.661433
49,0,-5.000000,-250.000000,5.647049
50,0,0.000000,-250.000000,5.632926
51,0,5.000000,-250.000000,5.619031
52,0,10.000000,-250.000000,5.605328
53,0,15.000000,-250.000000,5.591625
54,0,20.000000,-250.000000,5.577923
55,0,25.000000,-250.000000,5.563823
56,0,30.000000,-250.000000,5.549644
57,0,35.000000,-250.000000,5.534914
58,0,40.000000,-250.000000,5.520170
59,0,45.000000,-250.000000,5.505427
60,0,50.000000,-250.000000,5.490512
61,0,55.000000,-250.000000,5.475129
62,0,60.000000,-250.000000,5.459359
63,0,65.000000,-250.000000,5.443042
64,0,70.000000,-250.000000,5.426725
65,0,75.000000,-250.000000,5.410407
66,0,80.000000,-250.000000,5.393919
67,0,85.000000,-250.000000,5.377358
68,0,90.000000,-250.000000,5.360422
69,0,95.000000,-250.000000,5.343420
70,0,100.000000,-250.000000,5.326418
71,0,105.000000,-250.000000,5.309403
72,0,110.000000,-250.000000,5.292308
73,0,115.000000,-250.000000,5.275153
74,0,120.000000,-250.000000,5.257846
75,0,125.000000,-250.000000,5.240539
76,0,130.000000,-250.000000,5.223232
77,0,135.000000,-250.000000,5.205669
78,0,140.000000,-250.000000,5.187917
79,0,145.000000,-250.000000,5.169222
80,0,150.000000,-250.000000,5.150164
81,0,155.000000,-250.000000,5.131106
82,0,160.000000,-250.000000,5.112038
83,0,165.000000,-250.000000,5.092235
84,0,170.000000,-250.000000,5.071970
85,0,175.000000,-250.000000,5.049246
86,0,180.000000,-250.000000,5.026522
87,0,185.000000,-250.000000,5.003798
88,0,190.000000,-250.000000,4.980860
89,0,195.000000,-250.000000,4.957659
90,0,200.000000,-250.000000,4.932883
91,0,205.000000,-250.000000,4.907032
92,0,210.000000,-250.000000,4.881181
93,0,215.000000,-250.000000,4.855330
94,0,220.000000,-250.000000,4.829580
95,0,225.000000,-250.000000,4.803872
96,0,230.000000,-250.000000,4.779139
97,0,235.000000,-250.000000,4.754406
98,0,240.000000,-250.000000,4.729674
99,0,245.000000,-250.000000,4.705047
100,0,250.000000,-250.000000,4.680648
0,1,-250.000000,-245.000000,6.549217
1,1,-245.000000,-245.000000,6.527635
2,1,-240.000000,-245.000000,6.506042
3,1,-235.000000,-245.000000,6.484449
4,1,-230.000000,-245.000000,6.462857
5,1,-225.000000,-245.000000,6.441602
6,1,-220.000000,-245.000000,6.420383
7,1,-215.000000,-245.000000,6.399197
8,1,-210.000000,-245.000000,6.378011
9,1,-205.000000,-245.000000,6.356825
10,1,-200.000000,-245.000000,6.336253
11,1,-195.000000,-245.000000,6.316847
12,1,-190.000000,-245.000000,6.297578
13,1,-185.000000,-245.000000,6.278452
14,1,-180.000000,-245.000000,6.259325
15,1,-175.000000,-245.000000,6.240199
16,1,-170.000000,-245.000000,6.222400
17,1,-165.000000,-245.000000,6.204974
18,1,-160.000000,-245.000000,6.187909
19,1,-155.000000,-245.000000,6.170873
20,1,-150.000000,-245.000000,6.153837
21,1,-145.000000,-245.000000,6.136866
22,1,-140.000000,-245.000000,6.120130
23,1,-135.000000,-245.000000,6.103427
24,1,-130.000000,-245.000000,6.086784
25,1,-125.000000,-245.000000,6.070142
26,1,-120.000000,-245.000000,6.053499
27,1,-115.000000,-245.000000,6.036386
28,1,-110.000000,-245.000000,6.019024
29,1,-105.000000,-245.000000,6.001429
30,1,-100.000000,-245.000000,5.983776
31,1,-95.000000,-245.000000,5.966122
32,1,-90.000000,-245.000000,5.948442
33,1,-85.000000,-245.000000,5.930488
34,1,-80.000000,-245.000000,5.912498
35,1,-75.000000,-245.000000,5.894390
36,1,-70.000000,-245.000000,5.876282
37,1,-65.000000,-245.000000,5.858174
38,1,-60.000000,-245.000000,5.840493
39,1,-55.000000,-245.000000,5.823198
40,1,-50.000000,-245.000000,5.806251
41,1,-45.000000,-245.000000,5.789476
42,1,-40.000000,-245.000000,5.772700
43,1,-35.000000,-245.000000,5.755925
44,1,-30.000000,-245.000000,5.740286
45,1,-25.000000,-245.000000,5.724793
46,1,-20.000000,-245.000000,5.710133
47,1,-15.000000,-245.000000,5.695473
48,1,-10.000000,-245.000000,5.680813
49,1,-5.000000,-245.000000,5.666331
50,1,0.000000,-245.000000,5.652117
51,1,5.000000,-245.000000,5.638138
52,1,10.000000,-245.000000,5.624356
53,1,15.000000,-245.000000,5.610574
54,1,20.000000,-245.000000,5.596792
55,1,25.000000,-245.000000,5.582631
56,1,30.000000,-245.000000,5.568395
57,1,35.000000,-245.000000,5.553633
58,1,40.000000,-245.000000,5.538859
59,1,45.000000,-245.000000,5.524084
60,1,50.000000,-245.000000,5.509144
61,1,55.000000,-245.000000,5.493751
62,1,60.000000,-245.000000,5.477984
63,1,65.000000,-245.000000,5.461689
64,1,70.000000,-245.000000,5.445393
65,1,75.000000,-245.000000,5.429098
66,1,80.000000,-245.000000,5.412638
67,1,85.000000,-245.000000,5.396108
68,1,90.000000,-245.000000,5.379219
69,1,95.000000,-245.000000,5.362266
70,1,100.000000,-245.000000,5.345313
71,1,105.000000,-245.000000,5.328348
72,1,110.000000,-245.000000,5.311305
73,1,115.000000,-245.000000,5.294204
74,1,120.000000,-245.000000,5.276957
75,1,125.000000,-245.000000,5.259710
76,1,130.000000,-245.000000,5.242462
77,1,135.000000,-245.000000,5.224963
78,1,140.000000,-245.000000,5.207280
79,1,145.000000,-245.000000,5.188673
80,1,150.000000,-245.000000,5.169711
81,1,155.000000,-245.000000,5.150749
82,1,160.000000,-245.000000,5.131777
83,1,165.000000,-245.000000,5.112087
84,1,170.000000,-245.000000,5.091946
85,1,175.000000,-245.000000,5.069405
86,1,180.000000,-245.000000,5.046864
87,1,185.000000,-245.000000,5.024323
88,1,190.000000,-245.000000,5.001576
89,1,195.000000,-245.000000,4.978573
90,1,200.000000,-245.000000,4.954048
91,1,205.000000,-245.000000,4.928482
92,1,210.000000,-245.000000,4.902916
93,1,215.000000,-245.000000,4.877350
94,1,220.000000,-245.000000,4.851888
95,1,225.000000,-245.000000,4.826471
96,1,230.000000,-245.000000,4.802064
97,1,235.000000,-245.000000,4.777657
98,1,240.000000,-245.000000,4.753249
99,1,245.000000,-245.000000,4.728948
100,1,250.000000,-245.000000,4.704871
0,2,-250.000000,-240.000000,6.583502
1,2,-245.000000,-240.000000,6.561351
2,2,-240.000000,-240.000000,6.539190
3,2,-235.000000,-240.000000,6.517030
4,2,-230.000000,-240.000000,6.494869
5,2,-225.000000,-240.000000,6.473170
6,2,-220.000000,-240.000000,6.451519
7,2,-215.000000,-240.000000,6.429913
8,2,-210.000000,-240.000000,6.408307
9,2,-205.000000,-240.000000,6.386701
10,2,-200.000000,-240.000000,6.365729
11,2,-195.000000,-240.000000,6.345962
12,2,-190.000000,-240.000000,6.326336
13,2,-185.000000,-240.000000,6.306858
14,2,-180.000000,-240.000000,6.287379
15,2,-175.000000,-240.000000,6.267901
16,2,-170.000000,-240.000000,6.249742
17,2,-165.000000,-240.000000,6.231954
18,2,-160.000000,-240.000000,6.214524
19,2,-155.000000,-240.000000,6.197123
20,2,-150.000000,-240.000000,6.179723
21,2,-145.000000,-240.000000,6.162387
22,2,-140.000000,-240.000000,6.145285
23,2,-135.000000,-240.000000,6.128217
24,2,-130.000000,-240.000000,6.111209
25,2,-125.000000,-240.000000,6.094201
26,2,-120.000000,-240.000000,6.077192
27,2,-115.000000,-240.000000,6.059745
28,2,-110.000000,-240.000000,6.042064
29,2,-105.000000,-240.000000,6.024166
30,2,-100.000000,-240.000000,6.006213
31,2,-95.000000,-240.000000,5.988260
32,2,-90.000000,-240.000000,5.970286
33,2,-85.000000,-240.000000,5.952097
34,2,-80.000000,-240.000000,5.933880
35,2,-75.000000,-240.000000,5.915570
36,2,-70.000000,-240.000000,5.897260
37,2,-65.000000,-240.000000,5.878950
38,2,-60.000000,-240.000000,5.861089
39,2,-55.000000,-240.000000,5.843633
40,2,-50.000000,-240.000000,5.826544
41,2,-45.000000,-240.000000,5.809634
42,2,-40.000000,-240.000000,5.792725
43,2,-35.000000,-240.000000,5.775816
44,2,-30.000000,-240.000000,5.760058
45,2,-25.000000,-240.000000,5.744447
46,2,-20.000000,-240.000000,5.729680
47,2,-15.000000,-240.000000,5.714913
48,2,-10.000000,-240.000000,5.700146
49,2,-5.000000,-240.000000,5.685561
50,2,0.000000,-240.000000,5.671253
51,2,5.000000,-240.000000,5.657184
52,2,10.000000,-240.000000,5.643319
53,2,15.000000,-240.000000,5.629454
54,2,20.000000,-240.000000,5.615588
55,2,25.000000,-240.000000,5.601363
56,2,30.000000,-240.000000,5.587065
57,2,35.000000,-240.000000,5.572266
58,2,40.000000,-240.000000,5.557455
59,2,45.000000,-240.000000,5.542644
60,2,50.000000,-240.000000,5.527674
61,2,55.000000,-240.000000,5.512266
62,2,60.000000,-240.000000,5.496498
63,2,65.000000,-240.000000,5.480219
64,2,70.000000,-240.000000,5.463941
65,2,75.000000,-240.000000,5.447662
66,2,80.000000,-240.000000,5.431226
67,2,85.000000,-240.000000,5.414724
68,2,90.000000,-240.000000,5.397878
69,2,95.000000,-240.000000,5.380972
70,2,100.000000,-240.000000,5.364065
71,2,105.000000,-240.000000,5.347147
72,2,110.000000,-240.000000,5.330154
73,2,115.000000,-240.000000,5.313105
74,2,120.000000,-240.000000,5.295916
75,2,125.000000,-240.000000,5.278726
76,2,130.000000,-240.000000,5.261537
77,2,135.000000,-240.000000,5.244102
78,2,140.000000,-240.000000,5.226486
79,2,145.000000,-240.000000,5.207967
80,2,150.000000,-240.000000,5.189100
81,2,155.000000,-240.000000,5.170233
82,2,160.000000,-240.000000,5.151357
83,2,165.000000,-240.000000,5.131780
84,2,170.000000,-240.000000,5.111763
85,2,175.000000,-240.000000,5.089405
86,2,180.000000,-240.000000,5.067046
87,2,185.000000,-240.000000,5.044688
88,2,190.000000,-240.000000,5.022130
89,2,195.000000,-240.000000,4.999325
90,2,200.000000,-240.000000,4.975049
91,2,205.000000,-240.000000,4.949768
92,2,210.000000,-240.000000,4.924486
93,2,215.000000,-240.000000,4.899205
94,2,220.000000,-240.000000,4.874031
95,2,225.000000,-240.000000,4.848904
96,2,230.000000,-240.000000,4.824822
97,2,235.000000,-240.000000,4.800740
98,2,240.000000,-240.000000,4.776657
99,2,245.000000,-240.000000,4.752680
100,2,250.000000,-240.000000,4.728925
0,3,-250.000000,-235.000000,6.619447
1,3,-245.000000,-235.000000,6.596644
2,3,-240.000000,-235.000000,6.573833
3,3,-235.000000,-235.000000,6.551022
4,3,-230.000000,-235.000000,6.528211
5,3,-225.000000,-235.000000,6.506015
6,3,-220.000000,-235.000000,6.483884
7,3,-215.000000,-235.000000,6.461812
8,3,-210.000000,-235.000000,6.439740
9,3,-205.000000,-235.000000,6.417668
10,3,-200.000000,-235.000000,6.396257
11,3,-195.000000,-235.000000,6.376101
12,3,-190.000000,-235.000000,6.356091
13,3,-185.000000,-235.000000,6.336235
14,3,-180.000000,-235.000000,6.316379
15,3,-175.000000,-235.000000,6.296523
16,3,-170.000000,-235.000000,6.277975
17,3,-165.000000,-235.000000,6.259794
18,3,-160.000000,-235.000000,6.241968
19,3,-155.000000,-235.000000,6.224170
20,3,-150.000000,-235.000000,6.206372
21,3,-145.000000,-235.000000,6.188637
22,3,-140.000000,-235.000000,6.171128
23,3,-135.000000,-235.000000,6.153651
24,3,-130.000000,-235.000000,6.136231
25,3,-125.000000,-235.000000,6.118811
26,3,-120.000000,-235.000000,6.101391
27,3,-115.000000,-235.000000,6.083562
28,3,-110.000000,-235.000000,6.065515
29,3,-105.000000,-235.000000,6.047265
30,3,-100.000000,-235.000000,6.028964
31,3,-95.000000,-235.000000,6.010663
32,3,-90.000000,-235.000000,5.992347
33,3,-85.000000,-235.000000,5.973882
34,3,-80.000000,-235.000000,5.955398
35,3,-75.000000,-235.000000,5.936849
36,3,-70.000000,-235.000000,5.918300
37,3,-65.000000,-235.000000,5.899751
38,3,-60.000000,-235.000000,5.881677
39,3,-55.000000,-235.000000,5.864032
40,3,-50.000000,-235.000000,5.846775
41,3,-45.000000,-235.000000,5.829709
42,3,-40.000000,-235.000000,5.812642
43,3,-35.000000,-235.000000,5.795576
44,3,-30.000000,-235.000000,5.779678
45,3,-25.000000,-235.000000,5.763931
46,3,-20.000000,-235.000000,5.749040
47,3,-15.000000,-235.000000,5.734149
48,3,-10.000000,-235.000000,5.719258
49,3,-5.000000,-235.000000,5.704553
50,3,0.000000,-235.000000,5.690131
51,3,5.000000,-235.000000,5.675956
52,3,10.000000,-235.000000,5.661987
53,3,15.000000,-235.000000,5.648019
54,3,20.000000,-235.000000,5.634051
55,3,25.000000,-235.000000,5.619739
56,3,30.000000,-235.000000,5.605358
57,3,35.000000,-235.000000,5.590498
58,3,40.000000,-235.000000,5.575628
59,3,45.000000,-235.000000,5.560758
60,3,50.000000,-235.000000,5.545733
61,3,55.000000,-235.000000,5.530288
62,3,60.000000,-235.000000,5.514496
63,3,65.000000,-235.000000,5.498212
64,3,70.000000,-235.000000,5.481929
65,3,75.000000,-235.000000,5.465646
66,3,80.000000,-235.000000,5.449214
67,3,85.000000,-235.000000,5.432720
68,3,90.000000,-235.000000,5.415903
69,3,95.000000,-235.000000,5.399029
70,3,100.000000,-235.000000,5.382154
71,3,105.000000,-235.000000,5.365269
72,3,110.000000,-235.000000,5.348315
73,3,115.000000,-235.000000,5.331308
74,3,120.000000,-235.000000,5.314171
75,3,125.000000,-235.000000,5.297034
76,3,130.000000,-235.000000,5.279898
77,3,135.000000,-235.000000,5.262521
78,3,140.000000,-235.000000,5.244968
79,3,145.000000,-235.000000,5.226533
80,3,150.000000,-235.000000,5.207759
81,3,155.000000,-235.000000,5.188986
82,3,160.000000,-235.000000,5.170203
83,3,165.000000,-235.000000,5.150737
84,3,170.000000,-235.000000,5.130842
85,3,175.000000,-235.000000,5.108664
86,3,180.000000,-235.000000,5.086486
87,3,185.000000,-235.000000,5.064308
88,3,190.000000,-235.000000,5.041936
89,3,195.000000,-235.000000,5.019328
90,3,200.000000,-235.000000,4.995299
91,3,205.000000,-235.000000,4.970298
92,3,210.000000,-235.000000,4.945298
93,3,215.000000,-235.000000,4.920298
94,3,220.000000,-235.000000,4.895410
95,3,225.000000,-235.000000,4.870569
96,3,230.000000,-235.000000,4.846810
97,3,235.000000,-235.000000,4.823051
98,3,240.000000,-235.000000,4.799293
99,3,245.000000,-235.000000,4.775638
100,3,250.000000,-235.000000,4.752203
0,4,-250.000000,-230.000000,6.655408
1,4,-245.000000,-230.000000,6.631952
2,4,-240.000000,-230.000000,6.608490
3,4,-235.000000,-230.000000,6.585028
4,4,-230.000000,-230.000000,6.561565
5,4,-225.000000,-230.000000,6.538872
6,4,-220.000000,-230.000000,6.516260
7,4,-215.000000,-230.000000,6.493723
8,4,-210.000000,-230.000000,6.471185
9,4,-205.000000,-230.000000,6.448647
10,4,-200.000000,-230.000000,6.426796
11,4,-195.000000,-230.000000,6.406250
12,4,-190.000000,-230.000000,6.385857
13,4,-185.000000,-230.000000,6.365623
14,4,-180.000000,-230.000000,6.345389
15,4,-175.000000,-230.000000,6.325155
16,4,-170.000000,-230.000000,6.306217
17,4,-165.000000,-230.000000,6.287642
18,4,-160.000000,-230.000000,6.269419
19,4,-155.000000,-230.000000,6.251224
20,4,-150.000000,-230.000000,6.233030
21,4,-145.000000,-230.000000,6.214895
22,4,-140.000000,-230.000000,6.196977
23,4,-135.000000,-230.000000,6.179090
24,4,-130.000000,-230.000000,6.161259
25,4,-125.000000,-230.000000,6.143427
26,4,-120.000000,-230.000000,6.125595
27,4,-115.000000,-230.000000,6.107383
28,4,-110.000000,-230.000000,6.088969
29,4,-105.000000,-230.000000,6.070367
30,4,-100.000000,-230.000000,6.051718
31,4,-95.000000,-230.000000,6.033068
32,4,-90.000000,-230.000000,6.014411
33,4,-85.000000,-230.000000,5.995669
34,4,-80.000000,-230.000000,5.976917
35,4,-75.000000,-230.000000,5.958129
36,4,-70.000000,-230.000000,5.939340
37,4,-65.000000,-230.000000,5.920552
38,4,-60.000000,-230.000000,5.902265
39,4,-55.000000,-230.000000,5.884431
40,4,-50.000000,-230.000000,5.867006
41,4,-45.000000,-230.000000,5.849782
42,4,-40.000000,-230.000000,5.832558
43,4,-35.000000,-230.000000,5.815335
44,4,-30.000000,-230.000000,5.799298
45,4,-25.000000,-230.000000,5.783413
46,4,-20.000000,-230.000000,5.768398
47,4,-15.000000,-230.000000,5.753383
48,4,-10.000000,-230.000000,5.738368
49,4,-5.000000,-230.000000,5.723543
50,4,0.000000,-230.000000,5.709008
51,4,5.000000,-230.000000,5.694724
52,4,10.000000,-230.000000,5.680653
53,4,15.000000,-230.000000,5.666581
54,4,20.000000,-230.000000,5.652510
55,4,25.000000,-230.000000,5.638111
56,4,30.000000,-230.000000,5.623647
57,4,35.000000,-230.000000,5.608727
58,4,40.000000,-230.000000,5.593797
59,4,45.000000,-230.000000,5.578866
60,4,50.000000,-230.000000,5.563788
61,4,55.000000,-230.000000,5.548305
62,4,60.000000,-230.000000,5.532488
63,4,65.000000,-230.000000,5.516200
64,4,70.000000,-230.000000,5.499912
65,4,75.000000,-230.000000,5.483623
66,4,80.000000,-230.000000,5.467196
67,4,85.000000,-230.000000,5.450710
68,4,90.000000,-230.000000,5.433922
69,4,95.000000,-230.000000,5.417079
70,4,100.000000,-230.000000,5.400237
71,4,105.000000,-230.000000,5.383384
72,4,110.000000,-230.000000,5.366468
73,4,115.000000,-230.000000,5.349504
74,4,120.000000,-230.000000,5.332420
75,4,125.000000,-230.000000,5.315335
76,4,130.000000,-230.000000,5.298251
77,4,135.000000,-230.000000,5.280932
78,4,140.000000,-230.000000,5.263442
79,4,145.000000,-230.000000,5.245092
80,4,150.000000,-230.000000,5.226412
81,4,155.000000,-230.000000,5.207731
82,4,160.000000,-230.000000,5.189042
83,4,165.000000,-230.000000,5.169687
84,4,170.000000,-230.000000,5.149914
85,4,175.000000,-230.000000,5.127916
86,4,180.000000,-230.000000,5.105918
87,4,185.000000,-230.000000,5.083920
88,4,190.000000,-230.000000,5.061736
89,4,195.000000,-230.000000,5.039323
90,4,200.000000,-230.000000,5.015540
91,4,205.000000,-230.000000,4.990821
92,4,210.000000,-230.000000,4.966103
93,4,215.000000,-230.000000,4.941384
94,4,220.000000,-230.000000,4.916780
95,4,225.000000,-230.000000,4.892227
96,4,230.000000,-230.000000,4.868791
97,4,235.000000,-230.000000,4.845355
98,4,240.000000,-230.000000,4.821920
99,4,245.000000,-230.000000,4.798587
100,4,250.000000,-230.000000,4.775473
0,5,-250.000000,-225.000000,6.691388
1,5,-245.000000,-225.000000,6.667278
2,5,-240.000000,-225.000000,6.643164
3,5,-235.000000,-225.000000,6.619049
4,5,-230.000000,-225.000000,6.594935
5,5,-225.000000,-225.000000,6.571744
6,5,-220.000000,-225.000000,6.548650
7,5,-215.000000,-225.000000,6.525646
8,5,-210.000000,-225.000000,6.502642
9,5,-205.000000,-225.000000,6.479638
10,5,-200.000000,-225.000000,6.457347
11,5,-195.000000,-225.000000,6.436410
12,5,-190.000000,-225.000000,6.415633
13,5,-185.000000,-225.000000,6.395021
14,5,-180.000000,-225.000000,6.374409
15,5,-175.000000,-225.000000,6.353797
16,5,-170.000000,-225.000000,6.334468
17,5,-165.000000,-225.000000,6.315499
18,5,-160.000000,-225.000000,6.296880
19,5,-155.000000,-225.000000,6.278287
20,5,-150.000000,-225.000000,6.259695
21,5,-145.000000,-225.000000,6.241161
22,5,-140.000000,-225.000000,6.222834
23,5,-135.000000,-225.000000,6.204537
24,5,-130.000000,-225.000000,6.186293
25,5,-125.000000,-225.000000,6.168049
26,5,-120.000000,-225.000000,6.149805
27,5,-115.000000,-225.000000,6.131210
28,5,-110.000000,-225.000000,6.112429
29,5,-105.000000,-225.000000,6.093474
30,5,-100.000000,-225.000000,6.074475
31,5,-95.000000,-225.000000,6.055477
32,5,-90.000000,-225.000000,6.036476
33,5,-85.000000,-225.000000,6.017458
34,5,-80.000000,-225.000000,5.998438
35,5,-75.000000,-225.000000,5.979410
36,5,-70.000000,-225.000000,5.960382
37,5,-65.000000,-225.000000,5.941353
38,5,-60.000000,-225.000000,5.922853
39,5,-55.000000,-225.000000,5.904829
40,5,-50.000000,-225.000000,5.887236
41,5,-45.000000,-225.000000,5.869855
42,5,-40.000000,-225.000000,5.852473
43,5,-35.000000,-225.000000,5.835092
44,5,-30.000000,-225.000000,5.818915
45,5,-25.000000,-225.000000,5.802893
46,5,-20.000000,-225.000000,5.787754
47,5,-15.000000,-225.000000,5.772614
48,5,-10.000000,-225.000000,5.757475
49,5,-5.000000,-225.000000,5.742530
50,5,0.000000,-225.000000,5.727881
51,5,5.000000,-225.000000,5.713489
52,5,10.000000,-225.000000,5.699315
53,5,15.000000,-225.000000,5.685140
54,5,20.000000,-225.000000,5.670966
55,5,25.000000,-225.000000,5.656480
56,5,30.000000,-225.000000,5.641932
57,5,35.000000,-225.000000,5.626951
58,5,40.000000,-225.000000,5.611961
59,5,45.000000,-225.000000,5.596970
60,5,50.000000,-225.000000,5.581837
61,5,55.000000,-225.000000,5.566316
62,5,60.000000,-225.000000,5.550476
63,5,65.000000,-225.000000,5.534182
64,5,70.000000,-225.000000,5.517888
65,5,75.000000,-225.000000,5.501594
66,5,80.000000,-225.000000,5.485171
67,5,85.000000,-225.000000,5.468694
68,5,90.000000,-225.000000,5.451933
69,5,95.000000,-225.000000,5.435123
70,5,100.000000,-225.000000,5.418313
71,5,105.000000,-225.000000,5.401493
72,5,110.000000,-225.000000,5.384615
73,5,115.000000,-225.000000,5.367693
74,5,120.000000,-225.000000,5.350660
75,5,125.000000,-225.000000,5.333628
76,5,130.000000,-225.000000,5.316596
77,5,135.000000,-225.000000,5.299336
78,5,140.000000,-225.000000,5.281908
79,5,145.000000,-225.000000,5.263643
80,5,150.000000,-225.000000,5.245056
81,5,155.000000,-225.000000,5.226468
82,5,160.000000,-225.000000,5.207873
83,5,165.000000,-225.000000,5.188628
84,5,170.000000,-225.000000,5.168977
85,5,175.000000,-225.000000,5.147159
86,5,180.000000,-225.000000,5.125342
87,5,185.000000,-225.000000,5.103524
88,5,190.000000,-225.000000,5.081527
89,5,195.000000,-225.000000,5.059310
90,5,200.000000,-225.000000,5.035773
91,5,205.000000,-225.000000,5.011336
92,5,210.000000,-225.000000,4.986898
93,5,215.000000,-225.000000,4.962461
94,5,220.000000,-225.000000,4.938143
95,5,225.000000,-225.000000,4.913876
96,5,230.000000,-225.000000,4.890763
97,5,235.000000,-225.000000,4.867651
98,5,240.000000,-225.000000,4.844539
99,5,245.000000,-225.000000,4.821528
100,5,250.000000,-225.000000,4.798734
0,6,-250.000000,-220.000000,6.727367
1,6,-245.000000,-220.000000,6.702604
2,6,-240.000000,-220.000000,6.677837
3,6,-235.000000,-220.000000,6.653071
4,6,-230.000000,-220.000000,6.628304
5,6,-225.000000,-220.000000,6.604615
6,6,-220.000000,-220.000000,6.581040
7,6,-215.000000,-220.000000,6.557570
8,6,-210.000000,-220.000000,6.534099
9,6,-205.000000,-220.000000,6.510629
10,6,-200.000000,-220.000000,6.487897
11,6,-195.000000,-220.000000,6.466571
12,6,-190.000000,-220.000000,6.445409
13,6,-185.000000,-220.000000,6.424419
14,6,-180.000000,-220.000000,6.403429
15,6,-175.000000,-220.000000,6.382439
16,6,-170.000000,-220.000000,6.362720
17,6,-165.000000,-220.000000,6.343357
18,6,-160.000000,-220.000000,6.324340
19,6,-155.000000,-220.000000,6.305351
20,6,-150.000000,-220.000000,6.286361
21,6,-145.000000,-220.000000,6.267427
22,6,-140.000000,-220.000000,6.248691
23,6,-135.000000,-220.000000,6.229984
24,6,-130.000000,-220.000000,6.211327
25,6,-125.000000,-220.000000,6.192671
26,6,-120.000000,-220.000000,6.174014
27,6,-115.000000,-220.000000,6.155036
28,6,-110.000000,-220.000000,6.135888
29,6,-105.000000,-220.000000,6.116580
30,6,-100.000000,-220.000000,6.097233
31,6,-95.000000,-220.000000,6.077885
32,6,-90.000000,-220.000000,6.058542
33,6,-85.000000,-220.000000,6.039247
34,6,-80.000000,-220.000000,6.019959
35,6,-75.000000,-220.000000,6.000691
36,6,-70.000000,-220.000000,5.981423
37,6,-65.000000,-220.000000,5.962155
38,6,-60.000000,-220.000000,5.943440
39,6,-55.000000,-220.000000,5.925228
40,6,-50.000000,-220.000000,5.907466
41,6,-45.000000,-220.000000,5.889927
42,6,-40.000000,-220.000000,5.872388
43,6,-35.000000,-220.000000,5.854849
44,6,-30.000000,-220.000000,5.838533
45,6,-25.000000,-220.000000,5.822373
46,6,-20.000000,-220.000000,5.807109
47,6,-15.000000,-220.000000,5.791846
48,6,-10.000000,-220.000000,5.776582
49,6,-5.000000,-220.000000,5.761517
50,6,0.000000,-220.000000,5.746755
51,6,5.000000,-220.000000,5.732255
52,6,10.000000,-220.000000,5.717977
53,6,15.000000,-220.000000,5.703699
54,6,20.000000,-220.000000,5.689421
55,6,25.000000,-220.000000,5.674849
56,6,30.000000,-220.000000,5.660217
57,6,35.000000,-220.000000,5.645175
58,6,40.000000,-220.000000,5.630125
59,6,45.000000,-220.000000,5.615074
60,6,50.000000,-220.000000,5.599887
61,6,55.000000,-220.000000,5.584328
62,6,60.000000,-220.000000,5.568463
63,6,65.000000,-220.000000,5.552164
64,6,70.000000,-220.000000,5.535865
65,6,75.000000,-220.000000,5.519566
66,6,80.000000,-220.000000,5.503146
67,6,85.000000,-220.000000,5.486677
68,6,90.000000,-220.000000,5.469945
69,6,95.000000,-220.000000,5.453166
70,6,100.000000,-220.000000,5.436388
71,6,105.000000,-220.000000,5.419601
72,6,110.000000,-220.000000,5.402761
73,6,115.000000,-220.000000,5.385881
74,6,120.000000,-220.000000,5.368901
75,6,125.000000,-220.000000,5.351921
76,6,130.000000,-220.000000,5.334941
77,6,135.000000,-220.000000,5.317739
78,6,140.000000,-220.000000,5.300374
79,6,145.000000,-220.000000,5.282194
80,6,150.000000,-220.000000,5.263700
81,6,155.000000,-220.000000,5.245206
82,6,160.000000,-220.000000,5.226704
83,6,165.000000,-220.000000,5.207570
84,6,170.000000,-220.000000,5.188041
85,6,175.000000,-220.000000,5.166403
86,6,180.000000,-220.000000,5.144766
87,6,185.000000,-220.000000,5.123128
88,6,190.000000,-220.000000,5.101318
89,6,195.000000,-220.000000,5.079296
90,6,200.000000,-220.000000,5.056007
91,6,205.000000,-220.000000,5.031851
92,6,210.000000,-220.000000,5.007694
93,6,215.000000,-220.000000,4.983538
94,6,220.000000,-220.000000,4.959505
95,6,225.000000,-220.000000,4.935525
96,6,230.000000,-220.000000,4.912736
97,6,235.000000,-220.000000,4.889947
98,6,240.000000,-220.000000,4.867157
99,6,245.000000,-220.000000,4.844469
100,6,250.000000,-220.000000,4.821996
0,7,-250.000000,-215.000000,6.763151
1,7,-245.000000,-215.000000,6.737734
2,7,-240.000000,-215.000000,6.712315
3,7,-235.000000,-215.000000,6.686895
4,7,-230.000000,-215.000000,6.661475
5,7,-225.000000,-215.000000,6.637288
6,7,-220.000000,-215.000000,6.613232
7,7,-215.000000,-215.000000,6.589294
8,7,-210.000000,-215.000000,6.565356
9,7,-205.000000,-215.000000,6.541419
10,7,-200.000000,-215.000000,6.518247
11,7,-195.000000,-215.000000,6.496532
12,7,-190.000000,-215.000000,6.474987
13,7,-185.000000,-215.000000,6.453620
14,7,-180.000000,-215.000000,6.432253
15,7,-175.000000,-215.000000,6.410886
16,7,-170.000000,-215.000000,6.390778
17,7,-165.000000,-215.000000,6.371024
18,7,-160.000000,-215.000000,6.351612
19,7,-155.000000,-215.000000,6.332228
20,7,-150.000000,-215.000000,6.312843
21,7,-145.000000,-215.000000,6.293511
22,7,-140.000000,-215.000000,6.274368
23,7,-135.000000,-215.000000,6.255252
24,7,-130.000000,-215.000000,6.236184
25,7,-125.000000,-215.000000,6.217117
26,7,-120.000000,-215.000000,6.198049
27,7,-115.000000,-215.000000,6.178688
28,7,-110.000000,-215.000000,6.159172
29,7,-105.000000,-215.000000,6.139511
30,7,-100.000000,-215.000000,6.119813
31,7,-95.000000,-215.000000,6.100115
32,7,-90.000000,-215.000000,6.080429
33,7,-85.000000,-215.000000,6.060855
34,7,-80.000000,-215.000000,6.041296
35,7,-75.000000,-215.000000,6.021786
36,7,-70.000000,-215.000000,6.002275
37,7,-65.000000,-215.000000,5.982765
38,7,-60.000000,-215.000000,5.963835
39,7,-55.000000,-215.000000,5.945431
40,7,-50.000000,-215.000000,5.927500
41,7,-45.000000,-215.000000,5.909802
42,7,-40.000000,-215.000000,5.892104
43,7,-35.000000,-215.000000,5.874406
44,7,-30.000000,-215.000000,5.857950
45,7,-25.000000,-215.000000,5.841653
46,7,-20.000000,-215.000000,5.826266
47,7,-15.000000,-215.000000,5.810879
48,7,-10.000000,-215.000000,5.795492
49,7,-5.000000,-215.000000,5.780308
50,7,0.000000,-215.000000,5.765433
51,7,5.000000,-215.000000,5.750826
52,7,10.000000,-215.000000,5.736447
53,7,15.000000,-215.000000,5.722067
54,7,20.000000,-215.000000,5.707687
55,7,25.000000,-215.000000,5.693028
56,7,30.000000,-215.000000,5.678314
57,7,35.000000,-215.000000,5.663211
58,7,40.000000,-215.000000,5.648100
59,7,45.000000,-215.000000,5.632988
60,7,50.000000,-215.000000,5.617746
61,7,55.000000,-215.000000,5.602149
62,7,60.000000,-215.000000,5.586258
63,7,65.000000,-215.000000,5.569951
64,7,70.000000,-215.000000,5.553644
65,7,75.000000,-215.000000,5.537338
66,7,80.000000,-215.000000,5.520920
67,7,85.000000,-215.000000,5.504456
68,7,90.000000,-215.000000,5.487750
69,7,95.000000,-215.000000,5.471001
70,7,100.000000,-215.000000,5.454252
71,7,105.000000,-215.000000,5.437495
72,7,110.000000,-215.000000,5.420691
73,7,115.000000,-215.000000,5.403851
74,7,120.000000,-215.000000,5.386921
75,7,125.000000,-215.000000,5.369991
76,7,130.000000,-215.000000,5.353062
77,7,135.000000,-215.000000,5.335916
78,7,140.000000,-215.000000,5.318611
79,7,145.000000,-215.000000,5.300513
80,7,150.000000,-215.000000,5.282108
81,7,155.000000,-215.000000,5.263704
82,7,160.000000,-215.000000,5.245292
83,7,165.000000,-215.000000,5.226265
84,7,170.000000,-215.000000,5.206852
85,7,175.000000,-215.000000,5.185387
86,7,180.000000,-215.000000,5.163921
87,7,185.000000,-215.000000,5.142455
88,7,190.000000,-215.000000,5.120824
89,7,195.000000,-215.000000,5.098988
90,7,200.000000,-215.000000,5.075933
91,7,205.000000,-215.000000,5.052044
92,7,210.000000,-215.000000,5.028155
93,7,215.000000,-215.000000,5.004266
94,7,220.000000,-215.000000,4.980503
95,7,225.000000,-215.000000,4.956795
96,7,230.000000,-215.000000,4.934312
97,7,235.000000,-215.000000,4.911830
98,7,240.000000,-215.000000,4.889347
99,7,245.000000,-215.000000,4.866965
100,7,250.000000,-215.000000,4.844795
0,8,-250.000000,-210.000000,6.796791
1,8,-245.000000,-210.000000,6.770713
2,8,-240.000000,-210.000000,6.744632
3,8,-235.000000,-210.000000,6.718552
4,8,-230.000000,-210.000000,6.692472
5,8,-225.000000,-210.000000,6.667781
6,8,-220.000000,-210.000000,6.643237
7,8,-215.000000,-210.000000,6.618827
8,8,-210.000000,-210.000000,6.594416
9,8,-205.000000,-210.000000,6.570006
10,8,-200.000000,-210.000000,6.546394
11,8,-195.000000,-210.000000,6.524300
12,8,-190.000000,-210.000000,6.502384
13,8,-185.000000,-210.000000,6.480653
14,8,-180.000000,-210.000000,6.458922
15,8,-175.000000,-210.000000,6.437191
16,8,-170.000000,-210.000000,6.416716
17,8,-165.000000,-210.000000,6.396594
18,8,-160.000000,-210.000000,6.376813
19,8,-155.000000,-210.000000,6.357060
20,8,-150.000000,-210.000000,6.337306
21,8,-145.000000,-210.000000,6.317600
22,8,-140.000000,-210.000000,6.298067
23,8,-135.000000,-210.000000,6.278559
24,8,-130.000000,-210.000000,6.259095
25,8,-125.000000,-210.000000,6.239631
26,8,-120.000000,-210.000000,6.220166
27,8,-115.000000,-210.000000,6.200425
28,8,-110.000000,-210.000000,6.180536
29,8,-105.000000,-210.000000,6.160510
30,8,-100.000000,-210.000000,6.140450
31,8,-95.000000,-210.000000,6.120389
32,8,-90.000000,-210.000000,6.100345
33,8,-85.000000,-210.000000,6.080470
34,8,-80.000000,-210.000000,6.060617
35,8,-75.000000,-210.000000,6.040837
36,8,-70.000000,-210.000000,6.021057
37,8,-65.000000,-210.000000,6.001277
38,8,-60.000000,-210.000000,5.982108
39,8,-55.000000,-210.000000,5.963493
40,8,-50.000000,-210.000000,5.945376
41,8,-45.000000,-210.000000,5.927505
42,8,-40.000000,-210.000000,5.909633
43,8,-35.000000,-210.000000,5.891762
44,8,-30.000000,-210.000000,5.875165
45,8,-25.000000,-210.000000,5.858730
46,8,-20.000000,-210.000000,5.843230
47,8,-15.000000,-210.000000,5.827729
48,8,-10.000000,-210.000000,5.812228
49,8,-5.000000,-210.000000,5.796937
50,8,0.000000,-210.000000,5.781962
51,8,5.000000,-210.000000,5.767264
52,8,10.000000,-210.000000,5.752798
53,8,15.000000,-210.000000,5.738333
54,8,20.000000,-210.000000,5.723867
55,8,25.000000,-210.000000,5.709132
56,8,30.000000,-210.000000,5.694341
57,8,35.000000,-210.000000,5.679175
58,8,40.000000,-210.000000,5.664000
59,8,45.000000,-210.000000,5.648825
60,8,50.000000,-210.000000,5.633523
61,8,55.000000,-210.000000,5.617874
62,8,60.000000,-210.000000,5.601939
63,8,65.000000,-210.000000,5.585600
64,8,70.000000,-210.000000,5.569260
65,8,75.000000,-210.000000,5.552921
66,8,80.000000,-210.000000,5.536479
67,8,85.000000,-210.000000,5.519994
68,8,90.000000,-210.000000,5.503285
69,8,95.000000,-210.000000,5.486537
70,8,100.000000,-210.000000,5.469789
71,8,105.000000,-210.000000,5.453034
72,8,110.000000,-210.000000,5.436240
73,8,115.000000,-210.000000,5.419415
74,8,120.000000,-210.000000,5.402514
75,8,125.000000,-210.000000,5.385613
76,8,130.000000,-210.000000,5.368712
77,8,135.000000,-210.000000,5.351598
78,8,140.000000,-210.000000,5.334328
79,8,145.000000,-210.000000,5.316277
80,8,150.000000,-210.000000,5.297925
81,8,155.000000,-210.000000,5.279573
82,8,160.000000,-210.000000,5.261213
83,8,165.000000,-210.000000,5.242244
84,8,170.000000,-210.000000,5.222893
85,8,175.000000,-210.000000,5.201508
86,8,180.000000,-210.000000,5.180123
87,8,185.000000,-210.000000,5.158738
88,8,190.000000,-210.000000,5.137189
89,8,195.000000,-210.000000,5.115439
90,8,200.000000,-210.000000,5.092483
91,8,205.000000,-210.000000,5.068705
92,8,210.000000,-210.000000,5.044926
93,8,215.000000,-210.000000,5.021148
94,8,220.000000,-210.000000,4.997497
95,8,225.000000,-210.000000,4.973901
96,8,230.000000,-210.000000,4.951541
97,8,235.000000,-210.000000,4.929181
98,8,240.000000,-210.000000,4.906821
99,8,245.000000,-210.000000,4.884561
100,8,250.000000,-210.000000,4.862513
0,9,-250.000000,-205.000000,6.830366
1,9,-245.000000,-205.000000,6.803625
2,9,-240.000000,-205.000000,6.776884
3,9,-235.000000,-205.000000,6.750143
4,9,-230.000000,-205.000000,6.723403
5,9,-225.000000,-205.000000,6.698207
6,9,-220.000000,-205.000000,6.673175
7,9,-215.000000,-205.000000,6.648292
8,9,-210.000000,-205.000000,6.623409
9,9,-205.000000,-205.000000,6.598526
10,9,-200.000000,-205.000000,6.574474
11,9,-195.000000,-205.000000,6.552002
12,9,-190.000000,-205.000000,6.529714
13,9,-185.000000,-205.000000,6.507620
14,9,-180.000000,-205.000000,6.485525
15,9,-175.000000,-205.000000,6.463431
16,9,-170.000000,-205.000000,6.442589
17,9,-165.000000,-205.000000,6.422100
18,9,-160.000000,-205.000000,6.401951
19,9,-155.000000,-205.000000,6.381829
20,9,-150.000000,-205.000000,6.361707
21,9,-145.000000,-205.000000,6.341629
22,9,-140.000000,-205.000000,6.321706
23,9,-135.000000,-205.000000,6.301806
24,9,-130.000000,-205.000000,6.281946
25,9,-125.000000,-205.000000,6.262086
26,9,-120.000000,-205.000000,6.242225
27,9,-115.000000,-205.000000,6.222103
28,9,-110.000000,-205.000000,6.201842
29,9,-105.000000,-205.000000,6.181451
30,9,-100.000000,-205.000000,6.161027
31,9,-95.000000,-205.000000,6.140603
32,9,-90.000000,-205.000000,6.120201
33,9,-85.000000,-205.000000,6.100024
34,9,-80.000000,-205.000000,6.079877
35,9,-75.000000,-205.000000,6.059826
36,9,-70.000000,-205.000000,6.039775
37,9,-65.000000,-205.000000,6.019724
38,9,-60.000000,-205.000000,6.000316
39,9,-55.000000,-205.000000,5.981489
40,9,-50.000000,-205.000000,5.963186
41,9,-45.000000,-205.000000,5.945141
42,9,-40.000000,-205.000000,5.927095
43,9,-35.000000,-205.000000,5.909050
44,9,-30.000000,-205.000000,5.892312
45,9,-25.000000,-205.000000,5.875740
46,9,-20.000000,-205.000000,5.860126
47,9,-15.000000,-205.000000,5.844512
48,9,-10.000000,-205.000000,5.828899
49,9,-5.000000,-205.000000,5.813499
50,9,0.000000,-205.000000,5.798426
51,9,5.000000,-205.000000,5.783636
52,9,10.000000,-205.000000,5.769085
53,9,15.000000,-205.000000,5.754535
54,9,20.000000,-205.000000,5.739984
55,9,25.000000,-205.000000,5.725171
56,9,30.000000,-205.000000,5.710306
57,9,35.000000,-205.000000,5.695075
58,9,40.000000,-205.000000,5.679836
59,9,45.000000,-205.000000,5.664598
60,9,50.000000,-205.000000,5.649235
61,9,55.000000,-205.000000,5.633535
62,9,60.000000,-205.000000,5.617556
63,9,65.000000,-205.000000,5.601183
64,9,70.000000,-205.000000,5.584810
65,9,75.000000,-205.000000,5.568437
66,9,80.000000,-205.000000,5.551970
67,9,85.000000,-205.000000,5.535463
68,9,90.000000,-205.000000,5.518751
69,9,95.000000,-205.000000,5.502003
70,9,100.000000,-205.000000,5.485255
71,9,105.000000,-205.000000,5.468502
72,9,110.000000,-205.000000,5.451716
73,9,115.000000,-205.000000,5.434905
74,9,120.000000,-205.000000,5.418032
75,9,125.000000,-205.000000,5.401159
76,9,130.000000,-205.000000,5.384286
77,9,135.000000,-205.000000,5.367204
78,9,140.000000,-205.000000,5.349968
79,9,145.000000,-205.000000,5.331963
80,9,150.000000,-205.000000,5.313662
81,9,155.000000,-205.000000,5.295361
82,9,160.000000,-205.000000,5.277053
83,9,165.000000,-205.000000,5.258140
84,9,170.000000,-205.000000,5.238850
85,9,175.000000,-205.000000,5.217542
86,9,180.000000,-205.000000,5.196235
87,9,185.000000,-205.000000,5.174927
88,9,190.000000,-205.000000,5.153458
89,9,195.000000,-205.000000,5.131790
90,9,200.000000,-205.000000,5.108931
91,9,205.000000,-205.000000,5.085258
92,9,210.000000,-205.000000,5.061585
93,9,215.000000,-205.000000,5.037913
94,9,220.000000,-205.000000,5.014368
95,9,225.000000,-205.000000,4.990880
96,9,230.000000,-205.000000,4.968637
97,9,235.000000,-205.000000,4.946394
98,9,240.000000,-205.000000,4.924152
99,9,245.000000,-205.000000,4.902008
100,9,250.000000,-205.000000,4.880076
0,10,-250.000000,-200.000000,6.863835
1,10,-245.000000,-200.000000,6.836433
2,10,-240.000000,-200.000000,6.809031
3,10,-235.000000,-200.000000,6.781629
4,10,-230.000000,-200.000000,6.754227
5,10,-225.000000,-200.000000,6.728527
6,10,-220.000000,-200.000000,6.703007
7,10,-215.000000,-200.000000,6.677651
8,10,-210.000000,-200.000000,6.652295
9,10,-205.000000,-200.000000,6.626939
10,10,-200.000000,-200.000000,6.602447
11,10,-195.000000,-200.000000,6.579596
12,10,-190.000000,-200.000000,6.556938
13,10,-185.000000,-200.000000,6.534481
14,10,-180.000000,-200.000000,6.512024
15,10,-175.000000,-200.000000,6.489566
16,10,-170.000000,-200.000000,6.468359
17,10,-165.000000,-200.000000,6.447503
18,10,-160.000000,-200.000000,6.426988
19,10,-155.000000,-200.000000,6.406499
20,10,-150.000000,-200.000000,6.386010
21,10,-145.000000,-200.000000,6.365560
22,10,-140.000000,-200.000000,6.345249
23,10,-135.000000,-200.000000,6.324958
24,10,-130.000000,-200.000000,6.304702
25,10,-125.000000,-200.000000,6.284446
26,10,-120.000000,-200.000000,6.264191
27,10,-115.000000,-200.000000,6.243688
28,10,-110.000000,-200.000000,6.223054
29,10,-105.000000,-200.000000,6.202297
30,10,-100.000000,-200.000000,6.181509
31,10,-95.000000,-200.000000,6.160722
32,10,-90.000000,-200.000000,6.139962
33,10,-85.000000,-200.000000,6.119481
34,10,-80.000000,-200.000000,6.099038
35,10,-75.000000,-200.000000,6.078715
36,10,-70.000000,-200.000000,6.058392
37,10,-65.000000,-200.000000,6.038069
38,10,-60.000000,-200.000000,6.018420
39,10,-55.000000,-200.000000,5.999380
40,10,-50.000000,-200.000000,5.980890
41,10,-45.000000,-200.000000,5.962671
42,10,-40.000000,-200.000000,5.944451
43,10,-35.000000,-200.000000,5.926231
44,10,-30.000000,-200.000000,5.909351
45,10,-25.000000,-200.000000,5.892643
46,10,-20.000000,-200.000000,5.876916
47,10,-15.000000,-200.000000,5.861190
48,10,-10.000000,-200.000000,5.845463
49,10,-5.000000,-200.000000,5.829957
50,10,0.000000,-200.000000,5.814785
51,10,5.000000,-200.000000,5.799904
52,10,10.000000,-200.000000,5.785269
53,10,15.000000,-200.000000,5.770634
54,10,20.000000,-200.000000,5.755999
55,10,25.000000,-200.000000,5.741110
56,10,30.000000,-200.000000,5.726169
57,10,35.000000,-200.000000,5.710874
58,10,40.000000,-200.000000,5.695572
59,10,45.000000,-200.000000,5.680269
60,10,50.000000,-200.000000,5.664846
61,10,55.000000,-200.000000,5.649094
62,10,60.000000,-200.000000,5.633070
63,10,65.000000,-200.000000,5.616662
64,10,70.000000,-200.000000,5.600254
65,10,75.000000,-200.000000,5.583846
66,10,80.000000,-200.000000,5.567352
67,10,85.000000,-200.000000,5.550823
68,10,90.000000,-200.000000,5.534107
69,10,95.000000,-200.000000,5.517357
70,10,100.000000,-200.000000,5.500608
71,10,105.000000,-200.000000,5.483855
72,10,110.000000,-200.000000,5.467076
73,10,115.000000,-200.000000,5.450278
74,10,120.000000,-200.000000,5.433432
75,10,125.000000,-200.000000,5.416586
76,10,130.000000,-200.000000,5.399740
77,10,135.000000,-200.000000,5.382688
78,10,140.000000,-200.000000,5.365485
79,10,145.000000,-200.000000,5.347525
80,10,150.000000,-200.000000,5.329273
81,10,155.000000,-200.000000,5.311022
82,10,160.000000,-200.000000,5.292762
83,10,165.000000,-200.000000,5.273904
84,10,170.000000,-200.000000,5.254671
85,10,175.000000,-200.000000,5.233437
86,10,180.000000,-200.000000,5.212202
87,10,185.000000,-200.000000,5.190968
88,10,190.000000,-200.000000,5.169574
89,10,195.000000,-200.000000,5.147983
90,10,200.000000,-200.000000,5.125214
91,10,205.000000,-200.000000,5.101639
92,10,210.000000,-200.000000,5.078064
93,10,215.000000,-200.000000,5.054490
94,10,220.000000,-200.000000,5.031045
95,10,225.000000,-200.000000,5.007655
96,10,230.000000,-200.000000,4.985521
97,10,235.000000,-200.000000,4.963386
98,10,240.000000,-200.000000,4.941252
99,10,245.000000,-200.000000,4.919216
100,10,250.000000,-200.000000,4.897391
0,11,-250.000000,-195.000000,6.897305
1,11,-245.000000,-195.000000,6.869240
2,11,-240.000000,-195.000000,6.841177
3,11,-235.000000,-195.000000,6.813114
4,11,-230.000000,-195.000000,6.785052
5,11,-225.000000,-195.000000,6.758847
6,11,-220.000000,-195.000000,6.732839
7,11,-215.000000,-195.000000,6.707010
8,11,-210.000000,-195.000000,6.681181
9,11,-205.000000,-195.000000,6.655352
10,11,-200.000000,-195.000000,6.630419
11,11,-195.000000,-195.000000,6.607191
12,11,-190.000000,-195.000000,6.584163
13,11,-185.000000,-195.000000,6.561342
14,11,-180.000000,-195.000000,6.538522
15,11,-175.000000,-195.000000,6.515702
16,11,-170.000000,-195.000000,6.494129
17,11,-165.000000,-195.000000,6.472907
18,11,-160.000000,-195.000000,6.452024
19,11,-155.000000,-195.000000,6.431168
20,11,-150.000000,-195.000000,6.410313
21,11,-145.000000,-195.000000,6.389491
22,11,-140.000000,-195.000000,6.368791
23,11,-135.000000,-195.000000,6.348109
24,11,-130.000000,-195.000000,6.327458
25,11,-125.000000,-195.000000,6.306807
26,11,-120.000000,-195.000000,6.286156
27,11,-115.000000,-195.000000,6.265273
28,11,-110.000000,-195.000000,6.244265
29,11,-105.000000,-195.000000,6.223143
30,11,-100.000000,-195.000000,6.201992
31,11,-95.000000,-195.000000,6.180841
32,11,-90.000000,-195.000000,6.159722
33,11,-85.000000,-195.000000,6.138938
34,11,-80.000000,-195.000000,6.118199
35,11,-75.000000,-195.000000,6.097604
36,11,-70.000000,-195.000000,6.077009
37,11,-65.000000,-195.000000,6.056415
38,11,-60.000000,-195.000000,6.036524
39,11,-55.000000,-195.000000,6.017272
40,11,-50.000000,-195.000000,5.998595
41,11,-45.000000,-195.000000,5.980201
42,11,-40.000000,-195.000000,5.961806
43,11,-35.000000,-195.000000,5.943412
44,11,-30.000000,-195.000000,5.926391
45,11,-25.000000,-195.000000,5.909545
46,11,-20.000000,-195.000000,5.893706
47,11,-15.000000,-195.000000,5.877867
48,11,-10.000000,-195.000000,5.862027
49,11,-5.000000,-195.000000,5.846414
50,11,0.000000,-195.000000,5.831144
51,11,5.000000,-195.000000,5.816173
52,11,10.000000,-195.000000,5.801453
53,11,15.000000,-195.000000,5.786734
54,11,20.000000,-195.000000,5.772014
55,11,25.000000,-195.000000,5.757048
56,11,30.000000,-195.000000,5.742033
57,11,35.000000,-195.000000,5.726674
58,11,40.000000,-195.000000,5.711307
59,11,45.000000,-195.000000,5.695941
60,11,50.000000,-195.000000,5.680457
61,11,55.000000,-195.000000,5.664652
62,11,60.000000,-195.000000,5.648584
63,11,65.000000,-195.000000,5.632141
64,11,70.000000,-195.000000,5.615698
65,11,75.000000,-195.000000,5.599255
66,11,80.000000,-195.000000,5.582735
67,11,85.000000,-195.000000,5.566183
68,11,90.000000,-195.000000,5.549462
69,11,95.000000,-195.000000,5.532712
70,11,100.000000,-195.000000,5.515961
71,11,105.000000,-195.000000,5.499208
72,11,110.000000,-195.000000,5.482436
73,11,115.000000,-195.000000,5.465651
74,11,120.000000,-195.000000,5.448832
75,11,125.000000,-195.000000,5.432013
76,11,130.000000,-195.000000,5.415194
77,11,135.000000,-195.000000,5.398172
78,11,140.000000,-195.000000,5.381002
79,11,145.000000,-195.000000,5.363086
80,11,150.000000,-195.000000,5.344884
81,11,155.000000,-195.000000,5.326682
82,11,160.000000,-195.000000,5.308472
83,11,165.000000,-195.000000,5.289668
84,11,170.000000,-195.000000,5.270492
85,11,175.000000,-195.000000,5.249331
86,11,180.000000,-195.000000,5.228170
87,11,185.000000,-195.000000,5.207009
88,11,190.000000,-195.000000,5.185690
89,11,195.000000,-195.000000,5.164176
90,11,200.000000,-195.000000,5.141496
91,11,205.000000,-195.000000,5.118020
92,11,210.000000,-195.000000,5.094543
93,11,215.000000,-195.000000,5.071067
94,11,220.000000,-195.000000,5.047721
95,11,225.000000,-195.000000,5.024431
96,11,230.000000,-195.000000,5.002405
97,11,235.000000,-195.000000,4.980378
98,11,240.000000,-195.000000,4.958352
99,11,245.000000,-195.000000,4.936424
100,11,250.000000,-195.000000,4.914706
0,12,-250.000000,-190.000000,6.930775
1,12,-245.000000,-190.000000,6.902048
2,12,-240.000000,-190.000000,6.873324
3,12,-235.000000,-190.000000,6.844600
4,12,-230.000000,-190.000000,6.815876
5,12,-225.000000,-190.000000,6.789166
6,12,-220.000000,-190.000000,6.762670
7,12,-215.000000,-190.000000,6.736368
8,12,-210.000000,-190.000000,6.710066
9,12,-205.000000,-190.000000,6.683764
10,12,-200.000000,-190.000000,6.658392
11,12,-195.000000,-190.000000,6.634785
12,12,-190.000000,-190.000000,6.611387
13,12,-185.000000,-190.000000,6.588203
14,12,-180.000000,-190.000000,6.565020
15,12,-175.000000,-190.000000,6.541837
16,12,-170.000000,-190.000000,6.519899
17,12,-165.000000,-190.000000,6.498311
18,12,-160.000000,-190.000000,6.477061
19,12,-155.000000,-190.000000,6.455838
20,12,-150.000000,-190.000000,6.434615
21,12,-145.000000,-190.000000,6.413422
22,12,-140.000000,-190.000000,6.392333
23,12,-135.000000,-190.000000,6.371260
24,12,-130.000000,-190.000000,6.350214
25,12,-125.000000,-190.000000,6.329168
26,12,-120.000000,-190.000000,6.308121
27,12,-115.000000,-190.000000,6.286857
28,12,-110.000000,-190.000000,6.265477
29,12,-105.000000,-190.000000,6.243989
30,12,-100.000000,-190.000000,6.222474
31,12,-95.000000,-190.000000,6.200959
32,12,-90.000000,-190.000000,6.179482
33,12,-85.000000,-190.000000,6.158395
34,12,-80.000000,-190.000000,6.137360
35,12,-75.000000,-190.000000,6.116493
36,12,-70.000000,-190.000000,6.095627
37,12,-65.000000,-190.000000,6.074760
38,12,-60.000000,-190.000000,6.054629
39,12,-55.000000,-190.000000,6.035164
40,12,-50.000000,-190.000000,6.016300
41,12,-45.000000,-190.000000,5.997731
42,12,-40.000000,-190.000000,5.979162
43,12,-35.000000,-190.000000,5.960593
44,12,-30.000000,-190.000000,5.943430
45,12,-25.000000,-190.000000,5.926448
46,12,-20.000000,-190.000000,5.910496
47,12,-15.000000,-190.000000,5.894544
48,12,-10.000000,-190.000000,5.878592
49,12,-5.000000,-190.000000,5.862871
50,12,0.000000,-190.000000,5.847503
51,12,5.000000,-190.000000,5.832441
52,12,10.000000,-190.000000,5.817637
53,12,15.000000,-190.000000,5.802833
54,12,20.000000,-190.000000,5.788029
55,12,25.000000,-190.000000,5.772987
56,12,30.000000,-190.000000,5.757896
57,12,35.000000,-190.000000,5.742473
58,12,40.000000,-190.000000,5.727043
59,12,45.000000,-190.000000,5.711612
60,12,50.000000,-190.000000,5.696067
61,12,55.000000,-190.000000,5.680211
62,12,60.000000,-190.000000,5.664097
63,12,65.000000,-190.000000,5.647620
64,12,70.000000,-190.000000,5.631142
65,12,75.000000,-190.000000,5.614664
66,12,80.000000,-190.000000,5.598118
67,12,85.000000,-190.000000,5.581543
68,12,90.000000,-190.000000,5.564817
69,12,95.000000,-190.000000,5.548066
70,12,100.000000,-190.000000,5.531314
71,12,105.000000,-190.000000,5.514561
72,12,110.000000,-190.000000,5.497797
73,12,115.000000,-190.000000,5.481025
74,12,120.000000,-190.000000,5.464232
75,12,125.000000,-190.000000,5.447440
76,12,130.000000,-190.000000,5.430648
77,12,135.000000,-190.000000,5.413657
78,12,140.000000,-190.000000,5.396519
79,12,145.000000,-190.000000,5.378648
80,12,150.000000,-190.000000,5.360495
81,12,155.000000,-190.000000,5.342342
82,12,160.000000,-190.000000,5.324182
83,12,165.000000,-190.000000,5.305432
84,12,170.000000,-190.000000,5.286313
85,12,175.000000,-190.000000,5.265225
86,12,180.000000,-190.000000,5.244138
87,12,185.000000,-190.000000,5.223050
88,12,190.000000,-190.000000,5.201806
89,12,195.000000,-190.000000,5.180369
90,12,200.000000,-190.000000,5.157779
91,12,205.000000,-190.000000,5.134401
92,12,210.000000,-190.000000,5.111022
93,12,215.000000,-190.000000,5.087644
94,12,220.000000,-190.000000,5.064397
95,12,225.000000,-190.000000,5.041207
96,12,230.000000,-190.000000,5.019288
97,12,235.000000,-190.000000,4.997370
98,12,240.000000,-190.000000,4.975452
99,12,245.000000,-190.000000,4.953632
100,12,250.000000,-190.000000,4.932021
0,13,-250.000000,-185.000000,6.958799
1,13,-245.000000,-185.000000,6.929548
2,13,-240.000000,-185.000000,6.900300
3,13,-235.000000,-185.000000,6.871052
4,13,-230.000000,-185.000000,6.841804
5,13,-225.000000,-185.000000,6.814687
6,13,-220.000000,-185.000000,6.787796
7,13,-215.000000,-185.000000,6.761110
8,13,-210.000000,-185.000000,6.734425
9,13,-205.000000,-185.000000,6.707739
10,13,-200.000000,-185.000000,6.682011
11,13,-195.000000,-185.000000,6.658103
12,13,-190.000000,-185.000000,6.634409
13,13,-185.000000,-185.000000,6.610937
14,13,-180.000000,-185.000000,6.587464
15,13,-175.000000,-185.000000,6.563992
16,13,-170.000000,-185.000000,6.541768
17,13,-165.000000,-185.000000,6.519895
18,13,-160.000000,-185.000000,6.498362
19,13,-155.000000,-185.000000,6.476855
20,13,-150.000000,-185.000000,6.455348
21,13,-145.000000,-185.000000,6.433866
22,13,-140.000000,-185.000000,6.412470
23,13,-135.000000,-185.000000,6.391087
24,13,-130.000000,-185.000000,6.369726
25,13,-125.000000,-185.000000,6.348365
26,13,-120.000000,-185.000000,6.327004
27,13,-115.000000,-185.000000,6.305428
28,13,-110.000000,-185.000000,6.283736
29,13,-105.000000,-185.000000,6.261937
30,13,-100.000000,-185.000000,6.240112
31,13,-95.000000,-185.000000,6.218286
32,13,-90.000000,-185.000000,6.196502
33,13,-85.000000,-185.000000,6.175145
34,13,-80.000000,-185.000000,6.153844
35,13,-75.000000,-185.000000,6.132728
36,13,-70.000000,-185.000000,6.111611
37,13,-65.000000,-185.000000,6.090495
38,13,-60.000000,-185.000000,6.070142
39,13,-55.000000,-185.000000,6.050481
40,13,-50.000000,-185.000000,6.031444
41,13,-45.000000,-185.000000,6.012713
42,13,-40.000000,-185.000000,5.993983
43,13,-35.000000,-185.000000,5.975252
44,13,-30.000000,-185.000000,5.957965
45,13,-25.000000,-185.000000,5.940863
46,13,-20.000000,-185.000000,5.924819
47,13,-15.000000,-185.000000,5.908775
48,13,-10.000000,-185.000000,5.892731
49,13,-5.000000,-185.000000,5.876925
50,13,0.000000,-185.000000,5.861479
51,13,5.000000,-185.000000,5.846348
52,13,10.000000,-185.000000,5.831481
53,13,15.000000,-185.000000,5.816614
54,13,20.000000,-185.000000,5.801747
55,13,25.000000,-185.000000,5.786642
56,13,30.000000,-185.000000,5.771489
57,13,35.000000,-185.000000,5.756005
58,13,40.000000,-185.000000,5.740514
59,13,45.000000,-185.000000,5.725022
60,13,50.000000,-185.000000,5.709417
61,13,55.000000,-185.000000,5.693502
62,13,60.000000,-185.000000,5.677331
63,13,65.000000,-185.000000,5.660798
64,13,70.000000,-185.000000,5.644266
65,13,75.000000,-185.000000,5.627733
66,13,80.000000,-185.000000,5.611139
67,13,85.000000,-185.000000,5.594519
68,13,90.000000,-185.000000,5.577763
69,13,95.000000,-185.000000,5.560984
70,13,100.000000,-185.000000,5.544205
71,13,105.000000,-185.000000,5.527425
72,13,110.000000,-185.000000,5.510643
73,13,115.000000,-185.000000,5.493860
74,13,120.000000,-185.000000,5.477073
75,13,125.000000,-185.000000,5.460286
76,13,130.000000,-185.000000,5.443498
77,13,135.000000,-185.000000,5.426513
78,13,140.000000,-185.000000,5.409382
79,13,145.000000,-185.000000,5.391523
80,13,150.000000,-185.000000,5.373384
81,13,155.000000,-185.000000,5.355244
82,13,160.000000,-185.000000,5.337098
83,13,165.000000,-185.000000,5.318357
84,13,170.000000,-185.000000,5.299243
85,13,175.000000,-185.000000,5.278145
86,13,180.000000,-185.000000,5.257048
87,13,185.000000,-185.000000,5.235950
88,13,190.000000,-185.000000,5.214692
89,13,195.000000,-185.000000,5.193240
90,13,200.000000,-185.000000,5.170615
91,13,205.000000,-185.000000,5.147191
92,13,210.000000,-185.000000,5.123766
93,13,215.000000,-185.000000,5.100341
94,13,220.000000,-185.000000,5.077046
95,13,225.000000,-185.000000,5.053807
96,13,230.000000,-185.000000,5.031825
97,13,235.000000,-185.000000,5.009842
98,13,240.000000,-185.000000,4.987860
99,13,245.000000,-185.000000,4.965977
100,13,250.000000,-185.000000,4.944302
0,14,-250.000000,-180.000000,6.986545
1,14,-245.000000,-180.000000,6.956776
2,14,-240.000000,-180.000000,6.927012
3,14,-235.000000,-180.000000,6.897247
4,14,-230.000000,-180.000000,6.867482
5,14,-225.000000,-180.000000,6.839963
6,14,-220.000000,-180.000000,6.812682
7,14,-215.000000,-180.000000,6.785617
8,14,-210.000000,-180.000000,6.758552
9,14,-205.000000,-180.000000,6.731488
10,14,-200.000000,-180.000000,6.705409
11,14,-195.000000,-180.000000,6.681203
12,14,-190.000000,-180.000000,6.657217
13,14,-185.000000,-180.000000,6.633459
14,14,-180.000000,-180.000000,6.609702
15,14,-175.000000,-180.000000,6.585945
16,14,-170.000000,-180.000000,6.563439
17,14,-165.000000,-180.000000,6.541285
18,14,-160.000000,-180.000000,6.519472
19,14,-155.000000,-180.000000,6.497685
20,14,-150.000000,-180.000000,6.475899
21,14,-145.000000,-180.000000,6.454132
22,14,-140.000000,-180.000000,6.432433
23,14,-135.000000,-180.000000,6.410744
24,14,-130.000000,-180.000000,6.389073
25,14,-125.000000,-180.000000,6.367402
26,14,-120.000000,-180.000000,6.345730
27,14,-115.000000,-180.000000,6.323844
28,14,-110.000000,-180.000000,6.301844
29,14,-105.000000,-180.000000,6.279737
30,14,-100.000000,-180.000000,6.257604
31,14,-95.000000,-180.000000,6.235471
32,14,-90.000000,-180.000000,6.213382
33,14,-85.000000,-180.000000,6.191757
34,14,-80.000000,-180.000000,6.170192
35,14,-75.000000,-180.000000,6.148827
36,14,-70.000000,-180.000000,6.127462
37,14,-65.000000,-180.000000,6.106096
38,14,-60.000000,-180.000000,6.085523
39,14,-55.000000,-180.000000,6.065667
40,14,-50.000000,-180.000000,6.046457
41,14,-45.000000,-180.000000,6.027566
42,14,-40.000000,-180.000000,6.008674
43,14,-35.000000,-180.000000,5.989783
44,14,-30.000000,-180.000000,5.972372
45,14,-25.000000,-180.000000,5.955151
46,14,-20.000000,-180.000000,5.939017
47,14,-15.000000,-180.000000,5.922882
48,14,-10.000000,-180.000000,5.906747
49,14,-5.000000,-180.000000,5.890856
50,14,0.000000,-180.000000,5.875334
51,14,5.000000,-180.000000,5.860134
52,14,10.000000,-180.000000,5.845205
53,14,15.000000,-180.000000,5.830277
54,14,20.000000,-180.000000,5.815348
55,14,25.000000,-180.000000,5.800181
56,14,30.000000,-180.000000,5.784967
57,14,35.000000,-180.000000,5.769422
58,14,40.000000,-180.000000,5.753869
59,14,45.000000,-180.000000,5.738316
60,14,50.000000,-180.000000,5.722650
61,14,55.000000,-180.000000,5.706677
62,14,60.000000,-180.000000,5.690448
63,14,65.000000,-180.000000,5.673860
64,14,70.000000,-180.000000,5.657272
65,14,75.000000,-180.000000,5.640683
66,14,80.000000,-180.000000,5.624040
67,14,85.000000,-180.000000,5.607373
68,14,90.000000,-180.000000,5.590586
69,14,95.000000,-180.000000,5.573778
70,14,100.000000,-180.000000,5.556970
71,14,105.000000,-180.000000,5.540163
72,14,110.000000,-180.000000,5.523362
73,14,115.000000,-180.000000,5.506566
74,14,120.000000,-180.000000,5.489783
75,14,125.000000,-180.000000,5.472999
76,14,130.000000,-180.000000,5.456215
77,14,135.000000,-180.000000,5.439235
78,14,140.000000,-180.000000,5.422109
79,14,145.000000,-180.000000,5.404261
80,14,150.000000,-180.000000,5.386133
81,14,155.000000,-180.000000,5.368006
82,14,160.000000,-180.000000,5.349871
83,14,165.000000,-180.000000,5.331137
84,14,170.000000,-180.000000,5.312026
85,14,175.000000,-180.000000,5.290914
86,14,180.000000,-180.000000,5.269801
87,14,185.000000,-180.000000,5.248688
88,14,190.000000,-180.000000,5.227414
89,14,195.000000,-180.000000,5.205940
90,14,200.000000,-180.000000,5.183276
91,14,205.000000,-180.000000,5.159797
92,14,210.000000,-180.000000,5.136319
93,14,215.000000,-180.000000,5.112840
94,14,220.000000,-180.000000,5.089490
95,14,225.000000,-180.000000,5.066195
96,14,230.000000,-180.000000,5.044139
97,14,235.000000,-180.000000,5.022084
98,14,240.000000,-180.000000,5.000029
99,14,245.000000,-180.000000,4.978073
100,14,250.000000,-180.000000,4.956326
0,15,-250.000000,-175.000000,7.013765
1,15,-245.000000,-175.000000,6.983492
2,15,-240.000000,-175.000000,6.953224
3,15,-235.000000,-175.000000,6.922955
4,15,-230.000000,-175.000000,6.892687
5,15,-225.000000,-175.000000,6.864775
6,15,-220.000000,-175.000000,6.837113
7,15,-215.000000,-175.000000,6.809678
8,15,-210.000000,-175.000000,6.782243
9,15,-205.000000,-175.000000,6.754808
10,15,-200.000000,-175.000000,6.728385
11,15,-195.000000,-175.000000,6.703889
12,15,-190.000000,-175.000000,6.679619
13,15,-185.000000,-175.000000,6.655583
14,15,-180.000000,-175.000000,6.631548
15,15,-175.000000,-175.000000,6.607512
16,15,-170.000000,-175.000000,6.584733
17,15,-165.000000,-175.000000,6.562306
18,15,-160.000000,-175.000000,6.540221
19,15,-155.000000,-175.000000,6.518163
20,15,-150.000000,-175.000000,6.496105
21,15,-145.000000,-175.000000,6.474061
22,15,-140.000000,-175.000000,6.452067
23,15,-135.000000,-175.000000,6.430080
24,15,-130.000000,-175.000000,6.408106
25,15,-125.000000,-175.000000,6.386132
26,15,-120.000000,-175.000000,6.364158
27,15,-115.000000,-175.000000,6.341970
28,15,-110.000000,-175.000000,6.319667
29,15,-105.000000,-175.000000,6.297258
30,15,-100.000000,-175.000000,6.274821
31,15,-95.000000,-175.000000,6.252385
32,15,-90.000000,-175.000000,6.229998
33,15,-85.000000,-175.000000,6.208106
34,15,-80.000000,-175.000000,6.186281
35,15,-75.000000,-175.000000,6.164669
36,15,-70.000000,-175.000000,6.143057
37,15,-65.000000,-175.000000,6.121446
38,15,-60.000000,-175.000000,6.100654
39,15,-55.000000,-175.000000,6.080604
40,15,-50.000000,-175.000000,6.061224
41,15,-45.000000,-175.000000,6.042172
42,15,-40.000000,-175.000000,6.023121
43,15,-35.000000,-175.000000,6.004069
44,15,-30.000000,-175.000000,5.986537
45,15,-25.000000,-175.000000,5.969200
46,15,-20.000000,-175.000000,5.952976
47,15,-15.000000,-175.000000,5.936753
48,15,-10.000000,-175.000000,5.920529
49,15,-5.000000,-175.000000,5.904555
50,15,0.000000,-175.000000,5.888959
51,15,5.000000,-175.000000,5.873692
52,15,10.000000,-175.000000,5.858704
53,15,15.000000,-175.000000,5.843715
54,15,20.000000,-175.000000,5.828727
55,15,25.000000,-175.000000,5.813500
56,15,30.000000,-175.000000,5.798225
57,15,35.000000,-175.000000,5.782619
58,15,40.000000,-175.000000,5.767006
59,15,45.000000,-175.000000,5.751392
60,15,50.000000,-175.000000,5.735666
61,15,55.000000,-175.000000,5.719632
62,15,60.000000,-175.000000,5.703345
63,15,65.000000,-175.000000,5.686699
64,15,70.000000,-175.000000,5.670053
65,15,75.000000,-175.000000,5.653407
66,15,80.000000,-175.000000,5.636713
67,15,85.000000,-175.000000,5.619998
68,15,90.000000,-175.000000,5.603177
69,15,95.000000,-175.000000,5.586337
70,15,100.000000,-175.000000,5.569497
71,15,105.000000,-175.000000,5.552660
72,15,110.000000,-175.000000,5.535838
73,15,115.000000,-175.000000,5.519027
74,15,120.000000,-175.000000,5.502245
75,15,125.000000,-175.000000,5.485463
76,15,130.000000,-175.000000,5.468681
77,15,135.000000,-175.000000,5.451703
78,15,140.000000,-175.000000,5.434581
79,15,145.000000,-175.000000,5.416739
80,15,150.000000,-175.000000,5.398620
81,15,155.000000,-175.000000,5.380501
82,15,160.000000,-175.000000,5.362375
83,15,165.000000,-175.000000,5.343642
84,15,170.000000,-175.000000,5.324530
85,15,175.000000,-175.000000,5.303395
86,15,180.000000,-175.000000,5.282259
87,15,185.000000,-175.000000,5.261124
88,15,190.000000,-175.000000,5.239823
89,15,195.000000,-175.000000,5.218320
90,15,200.000000,-175.000000,5.195603
91,15,205.000000,-175.000000,5.172057
92,15,210.000000,-175.000000,5.148511
93,15,215.000000,-175.000000,5.124965
94,15,220.000000,-175.000000,5.101545
95,15,225.000000,-175.000000,5.078179
96,15,230.000000,-175.000000,5.056034
97,15,235.000000,-175.000000,5.033889
98,15,240.000000,-175.000000,5.011745
99,15,245.000000,-175.000000,4.989699
100,15,250.000000,-175.000000,4.967864
0,16,-250.000000,-170.000000,7.040986
1,16,-245.000000,-170.000000,7.010209
2,16,-240.000000,-170.000000,6.979436
3,16,-235.000000,-170.000000,6.948664
4,16,-230.000000,-170.000000,6.917892
5,16,-225.000000,-170.000000,6.889587
6,16,-220.000000,-170.000000,6.861544
7,16,-215.000000,-170.000000,6.833738
8,16,-210.000000,-170.000000,6.805933
9,16,-205.000000,-170.000000,6.778127
10,16,-200.000000,-170.000000,6.751362
11,16,-195.000000,-170.000000,6.726575
12,16,-190.000000,-170.000000,6.702020
13,16,-185.000000,-170.000000,6.677707
14,16,-180.000000,-170.000000,6.653393
15,16,-175.000000,-170.000000,6.629080
16,16,-170.000000,-170.000000,6.606027
17,16,-165.000000,-170.000000,6.583327
18,16,-160.000000,-170.000000,6.560970
19,16,-155.000000,-170.000000,6.538640
20,16,-150.000000,-170.000000,6.516311
21,16,-145.000000,-170.000000,6.493990
22,16,-140.000000,-170.000000,6.471701
23,16,-135.000000,-170.000000,6.449416
24,16,-130.000000,-170.000000,6.427140
25,16,-125.000000,-170.000000,6.404863
26,16,-120.000000,-170.000000,6.382587
27,16,-115.000000,-170.000000,6.360095
28,16,-110.000000,-170.000000,6.337490
29,16,-105.000000,-170.000000,6.314778
30,16,-100.000000,-170.000000,6.292039
31,16,-95.000000,-170.000000,6.269300
32,16,-90.000000,-170.000000,6.246613
33,16,-85.000000,-170.000000,6.224456
34,16,-80.000000,-170.000000,6.202370
35,16,-75.000000,-170.000000,6.180512
36,16,-70.000000,-170.000000,6.158653
37,16,-65.000000,-170.000000,6.136795
38,16,-60.000000,-170.000000,6.115785
39,16,-55.000000,-170.000000,6.095542
40,16,-50.000000,-170.000000,6.075990
41,16,-45.000000,-170.000000,6.056779
42,16,-40.000000,-170.000000,6.037567
43,16,-35.000000,-170.000000,6.018356
44,16,-30.000000,-170.000000,6.000702
45,16,-25.000000,-170.000000,5.983248
46,16,-20.000000,-170.000000,5.966936
47,16,-15.000000,-170.000000,5.950623
48,16,-10.000000,-170.000000,5.934311
49,16,-5.000000,-170.000000,5.918253
50,16,0.000000,-170.000000,5.902584
51,16,5.000000,-170.000000,5.887251
52,16,10.000000,-170.000000,5.872202
53,16,15.000000,-170.000000,5.857154
54,16,20.000000,-170.000000,5.842105
55,16,25.000000,-170.000000,5.826818
56,16,30.000000,-170.000000,5.811484
57,16,35.000000,-170.000000,5.795817
58,16,40.000000,-170.000000,5.780142
59,16,45.000000,-170.000000,5.764468
60,16,50.000000,-170.000000,5.748681
61,16,55.000000,-170.000000,5.732588
62,16,60.000000,-170.000000,5.716242
63,16,65.000000,-170.000000,5.699539
64,16,70.000000,-170.000000,5.682835
65,16,75.000000,-170.000000,5.666131
66,16,80.000000,-170.000000,5.649385
67,16,85.000000,-170.000000,5.632622
68,16,90.000000,-170.000000,5.615767
69,16,95.000000,-170.000000,5.598896
70,16,100.000000,-170.000000,5.582025
71,16,105.000000,-170.000000,5.565157
72,16,110.000000,-170.000000,5.548314
73,16,115.000000,-170.000000,5.531488
74,16,120.000000,-170.000000,5.514708
75,16,125.000000,-170.000000,5.497927
76,16,130.000000,-170.000000,5.481146
77,16,135.000000,-170.000000,5.464171
78,16,140.000000,-170.000000,5.447052
79,16,145.000000,-170.000000,5.429217
80,16,150.000000,-170.000000,5.411107
81,16,155.000000,-170.000000,5.392996
82,16,160.000000,-170.000000,5.374878
83,16,165.000000,-170.000000,5.356148
84,16,170.000000,-170.000000,5.337034
85,16,175.000000,-170.000000,5.315876
86,16,180.000000,-170.000000,5.294717
87,16,185.000000,-170.000000,5.273559
88,16,190.000000,-170.000000,5.252233
89,16,195.000000,-170.000000,5.230700
90,16,200.000000,-170.000000,5.207931
91,16,205.000000,-170.000000,5.184317
92,16,210.000000,-170.000000,5.160703
93,16,215.000000,-170.000000,5.137089
94,16,220.000000,-170.000000,5.113599
95,16,225.000000,-170.000000,5.090163
96,16,230.000000,-170.000000,5.067929
97,16,235.000000,-170.000000,5.045695
98,16,240.000000,-170.000000,5.023460
99,16,245.000000,-170.000000,5.001326
100,16,250.000000,-170.000000,4.979402
0,17,-250.000000,-165.000000,7.068206
1,17,-245.000000,-165.000000,7.036925
2,17,-240.000000,-165.000000,7.005649
3,17,-235.000000,-165.000000,6.974373
4,17,-230.000000,-165.000000,6.943097
5,17,-225.000000,-165.000000,6.914399
6,17,-220.000000,-165.000000,6.885975
7,17,-215.000000,-165.000000,6.857799
8,17,-210.000000,-165.000000,6.829623
9,17,-205.000000,-165.000000,6.801447
10,17,-200.000000,-165.000000,6.774339
11,17,-195.000000,-165.000000,6.749262
12,17,-190.000000,-165.000000,6.724422
13,17,-185.000000,-165.000000,6.699831
14,17,-180.000000,-165.000000,6.675239
15,17,-175.000000,-165.000000,6.650648
16,17,-170.000000,-165.000000,6.627320
17,17,-165.000000,-165.000000,6.604348
18,17,-160.000000,-165.000000,6.581719
19,17,-155.000000,-165.000000,6.559118
20,17,-150.000000,-165.000000,6.536517
21,17,-145.000000,-165.000000,6.513919
22,17,-140.000000,-165.000000,6.491335
23,17,-135.000000,-165.000000,6.468752
24,17,-130.000000,-165.000000,6.446173
25,17,-125.000000,-165.000000,6.423594
26,17,-120.000000,-165.000000,6.401015
27,17,-115.000000,-165.000000,6.378221
28,17,-110.000000,-165.000000,6.355312
29,17,-105.000000,-165.000000,6.332298
30,17,-100.000000,-165.000000,6.309256
31,17,-95.000000,-165.000000,6.286215
32,17,-90.000000,-165.000000,6.263228
33,17,-85.000000,-165.000000,6.240806
34,17,-80.000000,-165.000000,6.218458
35,17,-75.000000,-165.000000,6.196354
36,17,-70.000000,-165.000000,6.174249
37,17,-65.000000,-165.000000,6.152145
38,17,-60.000000,-165.000000,6.130916
39,17,-55.000000,-165.000000,6.110479
40,17,-50.000000,-165.000000,6.090756
41,17,-45.000000,-165.000000,6.071385
42,17,-40.000000,-165.000000,6.052014
43,17,-35.000000,-165.000000,6.032643
44,17,-30.000000,-165.000000,6.014867
45,17,-25.000000,-165.000000,5.997296
46,17,-20.000000,-165.000000,5.980895
47,17,-15.000000,-165.000000,5.964494
48,17,-10.000000,-165.000000,5.948092
49,17,-5.000000,-165.000000,5.931952
50,17,0.000000,-165.000000,5.916208
51,17,5.000000,-165.000000,5.900809
52,17,10.000000,-165.000000,5.885701
53,17,15.000000,-165.000000,5.870592
54,17,20.000000,-165.000000,5.855484
55,17,25.000000,-165.000000,5.840137
56,17,30.000000,-165.000000,5.824742
57,17,35.000000,-165.000000,5.809014
58,17,40.000000,-165.000000,5.793279
59,17,45.000000,-165.000000,5.777544
60,17,50.000000,-165.000000,5.761697
61,17,55.000000,-165.000000,5.745544
62,17,60.000000,-165.000000,5.729139
63,17,65.000000,-165.000000,5.712378
64,17,70.000000,-165.000000,5.695616
65,17,75.000000,-165.000000,5.678855
66,17,80.000000,-165.000000,5.662058
67,17,85.000000,-165.000000,5.645246
68,17,90.000000,-165.000000,5.628357
69,17,95.000000,-165.000000,5.611455
70,17,100.000000,-165.000000,5.594552
71,17,105.000000,-165.000000,5.577654
72,17,110.000000,-165.000000,5.560789
73,17,115.000000,-165.000000,5.543949
74,17,120.000000,-165.000000,5.527170
75,17,125.000000,-165.000000,5.510391
76,17,130.000000,-165.000000,5.493612
77,17,135.000000,-165.000000,5.476639
78,17,140.000000,-165.000000,5.459524
79,17,145.000000,-165.000000,5.441696
80,17,150.000000,-165.000000,5.423594
81,17,155.000000,-165.000000,5.405492
82,17,160.000000,-165.000000,5.387382
83,17,165.000000,-165.000000,5.368653
84,17,170.000000,-165.000000,5.349537
85,17,175.000000,-165.000000,5.328356
86,17,180.000000,-165.000000,5.307175
87,17,185.000000,-165.000000,5.285994
88,17,190.000000,-165.000000,5.264642
89,17,195.000000,-165.000000,5.243080
90,17,200.000000,-165.000000,5.220258
91,17,205.000000,-165.000000,5.196577
92,17,210.000000,-165.000000,5.172895
93,17,215.000000,-165.000000,5.149213
94,17,220.000000,-165.000000,5.125654
95,17,225.000000,-165.000000,5.102147
96,17,230.000000,-165.000000,5.079823
97,17,235.000000,-165.000000,5.057500
98,17,240.000000,-165.000000,5.035176
99,17,245.000000,-165.000000,5.012952
100,17,250.000000,-165.000000,4.990939
0,18,-250.000000,-160.000000,7.089732
1,18,-245.000000,-160.000000,7.058180
2,18,-240.000000,-160.000000,7.026633
3,18,-235.000000,-160.000000,6.995087
4,18,-230.000000,-160.000000,6.963540
5,18,-225.000000,-160.000000,6.934622
6,18,-220.000000,-160.000000,6.905983
7,18,-215.000000,-160.000000,6.877596
8,18,-210.000000,-160.000000,6.849210
9,18,-205.000000,-160.000000,6.820824
10,18,-200.000000,-160.000000,6.793518
11,18,-195.000000,-160.000000,6.768265
12,18,-190.000000,-160.000000,6.743253
13,18,-185.000000,-160.000000,6.718492
14,18,-180.000000,-160.000000,6.693731
15,18,-175.000000,-160.000000,6.668969
16,18,-170.000000,-160.000000,6.645470
17,18,-165.000000,-160.000000,6.622324
18,18,-160.000000,-160.000000,6.599522
19,18,-155.000000,-160.000000,6.576747
20,18,-150.000000,-160.000000,6.553972
21,18,-145.000000,-160.000000,6.531196
22,18,-140.000000,-160.000000,6.508420
23,18,-135.000000,-160.000000,6.485643
24,18,-130.000000,-160.000000,6.462866
25,18,-125.000000,-160.000000,6.440089
26,18,-120.000000,-160.000000,6.417312
27,18,-115.000000,-160.000000,6.394317
28,18,-110.000000,-160.000000,6.371207
29,18,-105.000000,-160.000000,6.347989
30,18,-100.000000,-160.000000,6.324744
31,18,-95.000000,-160.000000,6.301499
32,18,-90.000000,-160.000000,6.278311
33,18,-85.000000,-160.000000,6.255706
34,18,-80.000000,-160.000000,6.233177
35,18,-75.000000,-160.000000,6.210900
36,18,-70.000000,-160.000000,6.188622
37,18,-65.000000,-160.000000,6.166345
38,18,-60.000000,-160.000000,6.144959
39,18,-55.000000,-160.000000,6.124382
40,18,-50.000000,-160.000000,6.104532
41,18,-45.000000,-160.000000,6.085040
42,18,-40.000000,-160.000000,6.065549
43,18,-35.000000,-160.000000,6.046057
44,18,-30.000000,-160.000000,6.028186
45,18,-25.000000,-160.000000,6.010521
46,18,-20.000000,-160.000000,5.994045
47,18,-15.000000,-160.000000,5.977568
48,18,-10.000000,-160.000000,5.961091
49,18,-5.000000,-160.000000,5.944878
50,18,0.000000,-160.000000,5.929067
51,18,5.000000,-160.000000,5.913605
52,18,10.000000,-160.000000,5.898438
53,18,15.000000,-160.000000,5.883271
54,18,20.000000,-160.000000,5.868103
55,18,25.000000,-160.000000,5.852696
56,18,30.000000,-160.000000,5.837240
57,18,35.000000,-160.000000,5.821449
58,18,40.000000,-160.000000,5.805651
59,18,45.000000,-160.000000,5.789853
60,18,50.000000,-160.000000,5.773944
61,18,55.000000,-160.000000,5.757729
62,18,60.000000,-160.000000,5.741263
63,18,65.000000,-160.000000,5.724442
64,18,70.000000,-160.000000,5.707620
65,18,75.000000,-160.000000,5.690798
66,18,80.000000,-160.000000,5.673947
67,18,85.000000,-160.000000,5.657084
68,18,90.000000,-160.000000,5.640156
69,18,95.000000,-160.000000,5.623218
70,18,100.000000,-160.000000,5.606280
71,18,105.000000,-160.000000,5.589348
72,18,110.000000,-160.000000,5.572457
73,18,115.000000,-160.000000,5.555598
74,18,120.000000,-160.000000,5.538817
75,18,125.000000,-160.000000,5.522035
76,18,130.000000,-160.000000,5.505254
77,18,135.000000,-160.000000,5.488280
78,18,140.000000,-160.000000,5.471165
79,18,145.000000,-160.000000,5.453344
80,18,150.000000,-160.000000,5.435251
81,18,155.000000,-160.000000,5.417159
82,18,160.000000,-160.000000,5.399058
83,18,165.000000,-160.000000,5.380334
84,18,170.000000,-160.000000,5.361220
85,18,175.000000,-160.000000,5.340024
86,18,180.000000,-160.000000,5.318829
87,18,185.000000,-160.000000,5.297633
88,18,190.000000,-160.000000,5.276264
89,18,195.000000,-160.000000,5.254681
90,18,200.000000,-160.000000,5.231820
91,18,205.000000,-160.000000,5.208084
92,18,210.000000,-160.000000,5.184348
93,18,215.000000,-160.000000,5.160612
94,18,220.000000,-160.000000,5.136997
95,18,225.000000,-160.000000,5.113433
96,18,230.000000,-160.000000,5.091033
97,18,235.000000,-160.000000,5.068633
98,18,240.000000,-160.000000,5.046233
99,18,245.000000,-160.000000,5.023933
100,18,250.000000,-160.000000,5.001845
0,19,-250.000000,-155.000000,7.110327
1,19,-245.000000,-155.000000,7.078543
2,19,-240.000000,-155.000000,7.046764
3,19,-235.000000,-155.000000,7.014985
4,19,-230.000000,-155.000000,6.983206
5,19,-225.000000,-155.000000,6.954096
6,19,-220.000000,-155.000000,6.925268
7,19,-215.000000,-155.000000,6.896698
8,19,-210.000000,-155.000000,6.868127
9,19,-205.000000,-155.000000,6.839557
10,19,-200.000000,-155.000000,6.812076
11,19,-195.000000,-155.000000,6.786667
12,19,-190.000000,-155.000000,6.761501
13,19,-185.000000,-155.000000,6.736588
14,19,-180.000000,-155.000000,6.711674
15,19,-175.000000,-155.000000,6.686761
16,19,-170.000000,-155.000000,6.663106
17,19,-165.000000,-155.000000,6.639804
18,19,-160.000000,-155.000000,6.616843
19,19,-155.000000,-155.000000,6.593911
20,19,-150.000000,-155.000000,6.570978
21,19,-145.000000,-155.000000,6.548041
22,19,-140.000000,-155.000000,6.525089
23,19,-135.000000,-155.000000,6.502135
24,19,-130.000000,-155.000000,6.479177
25,19,-125.000000,-155.000000,6.456219
26,19,-120.000000,-155.000000,6.433261
27,19,-115.000000,-155.000000,6.410083
28,19,-110.000000,-155.000000,6.386787
29,19,-105.000000,-155.000000,6.363382
30,19,-100.000000,-155.000000,6.339950
31,19,-95.000000,-155.000000,6.316518
32,19,-90.000000,-155.000000,6.293144
33,19,-85.000000,-155.000000,6.270368
34,19,-80.000000,-155.000000,6.247672
35,19,-75.000000,-155.000000,6.225233
36,19,-70.000000,-155.000000,6.202795
37,19,-65.000000,-155.000000,6.180356
38,19,-60.000000,-155.000000,6.158825
39,19,-55.000000,-155.000000,6.138115
40,19,-50.000000,-155.000000,6.118146
41,19,-45.000000,-155.000000,6.098540
42,19,-40.000000,-155.000000,6.078935
43,19,-35.000000,-155.000000,6.059330
44,19,-30.000000,-155.000000,6.041366
45,19,-25.000000,-155.000000,6.023612
46,19,-20.000000,-155.000000,6.007062
47,19,-15.000000,-155.000000,5.990512
48,19,-10.000000,-155.000000,5.973962
49,19,-5.000000,-155.000000,5.957678
50,19,0.000000,-155.000000,5.941801
51,19,5.000000,-155.000000,5.926277
52,19,10.000000,-155.000000,5.911051
53,19,15.000000,-155.000000,5.895825
54,19,20.000000,-155.000000,5.880598
55,19,25.000000,-155.000000,5.865130
56,19,30.000000,-155.000000,5.849614
57,19,35.000000,-155.000000,5.833760
58,19,40.000000,-155.000000,5.817899
59,19,45.000000,-155.000000,5.802038
60,19,50.000000,-155.000000,5.786065
61,19,55.000000,-155.000000,5.769789
62,19,60.000000,-155.000000,5.753261
63,19,65.000000,-155.000000,5.736379
64,19,70.000000,-155.000000,5.719496
65,19,75.000000,-155.000000,5.702613
66,19,80.000000,-155.000000,5.685708
67,19,85.000000,-155.000000,5.668792
68,19,90.000000,-155.000000,5.651826
69,19,95.000000,-155.000000,5.634852
70,19,100.000000,-155.000000,5.617877
71,19,105.000000,-155.000000,5.600910
72,19,110.000000,-155.000000,5.583994
73,19,115.000000,-155.000000,5.567115
74,19,120.000000,-155.000000,5.550330
75,19,125.000000,-155.000000,5.533546
76,19,130.000000,-155.000000,5.516761
77,19,135.000000,-155.000000,5.499786
78,19,140.000000,-155.000000,5.482671
79,19,145.000000,-155.000000,5.464857
80,19,150.000000,-155.000000,5.446774
81,19,155.000000,-155.000000,5.428690
82,19,160.000000,-155.000000,5.410599
83,19,165.000000,-155.000000,5.391880
84,19,170.000000,-155.000000,5.372767
85,19,175.000000,-155.000000,5.351559
86,19,180.000000,-155.000000,5.330351
87,19,185.000000,-155.000000,5.309142
88,19,190.000000,-155.000000,5.287757
89,19,195.000000,-155.000000,5.266156
90,19,200.000000,-155.000000,5.243255
91,19,205.000000,-155.000000,5.219468
92,19,210.000000,-155.000000,5.195680
93,19,215.000000,-155.000000,5.171892
94,19,220.000000,-155.000000,5.148223
95,19,225.000000,-155.000000,5.124604
96,19,230.000000,-155.000000,5.102131
97,19,235.000000,-155.000000,5.079657
98,19,240.000000,-155.000000,5.057183
99,19,245.000000,-155.000000,5.034809
100,19,250.000000,-155.000000,5.012647
0,20,-250.000000,-150.000000,7.129877
1,20,-245.000000,-150.000000,7.097903
2,20,-240.000000,-150.000000,7.065934
3,20,-235.000000,-150.000000,7.033966
4,20,-230.000000,-150.000000,7.001997
5,20,-225.000000,-150.000000,6.972726
6,20,-220.000000,-150.000000,6.943741
7,20,-215.000000,-150.000000,6.915016
8,20,-210.000000,-150.000000,6.886291
9,20,-205.000000,-150.000000,6.857566
10,20,-200.000000,-150.000000,6.829937
11,20,-195.000000,-150.000000,6.804393
12,20,-190.000000,-150.000000,6.779093
13,20,-185.000000,-150.000000,6.754048
14,20,-180.000000,-150.000000,6.729002
15,20,-175.000000,-150.000000,6.703957
16,20,-170.000000,-150.000000,6.680164
17,20,-165.000000,-150.000000,6.656724
18,20,-160.000000,-150.000000,6.633624
19,20,-155.000000,-150.000000,6.610551
20,20,-150.000000,-150.000000,6.587478
21,20,-145.000000,-150.000000,6.564398
22,20,-140.000000,-150.000000,6.541290
23,20,-135.000000,-150.000000,6.518177
24,20,-130.000000,-150.000000,6.495058
25,20,-125.000000,-150.000000,6.471938
26,20,-120.000000,-150.000000,6.448819
27,20,-115.000000,-150.000000,6.425475
28,20,-110.000000,-150.000000,6.402013
29,20,-105.000000,-150.000000,6.378439
30,20,-100.000000,-150.000000,6.354838
31,20,-95.000000,-150.000000,6.331237
32,20,-90.000000,-150.000000,6.307695
33,20,-85.000000,-150.000000,6.284765
34,20,-80.000000,-150.000000,6.261915
35,20,-75.000000,-150.000000,6.239329
36,20,-70.000000,-150.000000,6.216743
37,20,-65.000000,-150.000000,6.194157
38,20,-60.000000,-150.000000,6.172491
39,20,-55.000000,-150.000000,6.151659
40,20,-50.000000,-150.000000,6.131577
41,20,-45.000000,-150.000000,6.111866
42,20,-40.000000,-150.000000,6.092154
43,20,-35.000000,-150.000000,6.072442
44,20,-30.000000,-150.000000,6.054391
45,20,-25.000000,-150.000000,6.036552
46,20,-20.000000,-150.000000,6.019931
47,20,-15.000000,-150.000000,6.003310
48,20,-10.000000,-150.000000,5.986688
49,20,-5.000000,-150.000000,5.970337
50,20,0.000000,-150.000000,5.954395
51,20,5.000000,-150.000000,5.938809
52,20,10.000000,-150.000000,5.923524
53,20,15.000000,-150.000000,5.908239
54,20,20.000000,-150.000000,5.892954
55,20,25.000000,-150.000000,5.877425
56,20,30.000000,-150.000000,5.861848
57,20,35.000000,-150.000000,5.845931
58,20,40.000000,-150.000000,5.830006
59,20,45.000000,-150.000000,5.814082
60,20,50.000000,-150.000000,5.798046
61,20,55.000000,-150.000000,5.781707
62,20,60.000000,-150.000000,5.765117
63,20,65.000000,-150.000000,5.748173
64,20,70.000000,-150.000000,5.731229
65,20,75.000000,-150.000000,5.714285
66,20,80.000000,-150.000000,5.697325
67,20,85.000000,-150.000000,5.680356
68,20,90.000000,-150.000000,5.663351
69,20,95.000000,-150.000000,5.646339
70,20,100.000000,-150.000000,5.629327
71,20,105.000000,-150.000000,5.612325
72,20,110.000000,-150.000000,5.595381
73,20,115.000000,-150.000000,5.578482
74,20,120.000000,-150.000000,5.561694
75,20,125.000000,-150.000000,5.544906
76,20,130.000000,-150.000000,5.528117
77,20,135.000000,-150.000000,5.511140
78,20,140.000000,-150.000000,5.494025
79,20,145.000000,-150.000000,5.476218
80,20,150.000000,-150.000000,5.458144
81,20,155.000000,-150.000000,5.440070
82,20,160.000000,-150.000000,5.421988
83,20,165.000000,-150.000000,5.403274
84,20,170.000000,-150.000000,5.384165
85,20,175.000000,-150.000000,5.362945
86,20,180.000000,-150.000000,5.341725
87,20,185.000000,-150.000000,5.320505
88,20,190.000000,-150.000000,5.299106
89,20,195.000000,-150.000000,5.277487
90,20,200.000000,-150.000000,5.254550
91,20,205.000000,-150.000000,5.230713
92,20,210.000000,-150.000000,5.206876
93,20,215.000000,-150.000000,5.183039
94,20,220.000000,-150.000000,5.159319
95,20,225.000000,-150.000000,5.135648
96,20,230.000000,-150.000000,5.113102
97,20,235.000000,-150.000000,5.090557
98,20,240.000000,-150.000000,5.068011
99,20,245.000000,-150.000000,5.045566
100,20,250.000000,-150.000000,5.023333
0,21,-250.000000,-145.000000,7.149427
1,21,-245.000000,-145.000000,7.117263
2,21,-240.000000,-145.000000,7.085105
3,21,-235.000000,-145.000000,7.052947
4,21,-230.000000,-145.000000,7.020789
5,21,-225.000000,-145.000000,6.991357
6,21,-220.000000,-145.000000,6.962214
7,21,-215.000000,-145.000000,6.933334
8,21,-210.000000,-145.000000,6.904455
9,21,-205.000000,-145.000000,6.875575
10,21,-200.000000,-145.000000,6.847798
11,21,-195.000000,-145.000000,6.822118
12,21,-190.000000,-145.000000,6.796685
13,21,-185.000000,-145.000000,6.771507
14,21,-180.000000,-145.000000,6.746330
15,21,-175.000000,-145.000000,6.721152
16,21,-170.000000,-145.000000,6.697223
17,21,-165.000000,-145.000000,6.673644
18,21,-160.000000,-145.000000,6.650404
19,21,-155.000000,-145.000000,6.627192
20,21,-150.000000,-145.000000,6.603979
21,21,-145.000000,-145.000000,6.580755
22,21,-140.000000,-145.000000,6.557490
23,21,-135.000000,-145.000000,6.534220
24,21,-130.000000,-145.000000,6.510939
25,21,-125.000000,-145.000000,6.487658
26,21,-120.000000,-145.000000,6.464376
27,21,-115.000000,-145.000000,6.440868
28,21,-110.000000,-145.000000,6.417239
29,21,-105.000000,-145.000000,6.393497
30,21,-100.000000,-145.000000,6.369726
31,21,-95.000000,-145.000000,6.345956
32,21,-90.000000,-145.000000,6.322246
33,21,-85.000000,-145.000000,6.299161
34,21,-80.000000,-145.000000,6.276158
35,21,-75.000000,-145.000000,6.253425
36,21,-70.000000,-145.000000,6.230691
37,21,-65.000000,-145.000000,6.207958
38,21,-60.000000,-145.000000,6.186157
39,21,-55.000000,-145.000000,6.165203
40,21,-50.000000,-145.000000,6.145009
41,21,-45.000000,-145.000000,6.125191
42,21,-40.000000,-145.000000,6.105373
43,21,-35.000000,-145.000000,6.085554
44,21,-30.000000,-145.000000,6.067416
45,21,-25.000000,-145.000000,6.049492
46,21,-20.000000,-145.000000,6.032800
47,21,-15.000000,-145.000000,6.016107
48,21,-10.000000,-145.000000,5.999415
49,21,-5.000000,-145.000000,5.982995
50,21,0.000000,-145.000000,5.966988
51,21,5.000000,-145.000000,5.951341
52,21,10.000000,-145.000000,5.935997
53,21,15.000000,-145.000000,5.920653
54,21,20.000000,-145.000000,5.905310
55,21,25.000000,-145.000000,5.889720
56,21,30.000000,-145.000000,5.874082
57,21,35.000000,-145.000000,5.858101
58,21,40.000000,-145.000000,5.842113
59,21,45.000000,-145.000000,5.826125
60,21,50.000000,-145.000000,5.810026
61,21,55.000000,-145.000000,5.793624
62,21,60.000000,-145.000000,5.776973
63,21,65.000000,-145.000000,5.759968
64,21,70.000000,-145.000000,5.742963
65,21,75.000000,-145.000000,5.725957
66,21,80.000000,-145.000000,5.708941
67,21,85.000000,-145.000000,5.691921
68,21,90.000000,-145.000000,5.674876
69,21,95.000000,-145.000000,5.657827
70,21,100.000000,-145.000000,5.640778
71,21,105.000000,-145.000000,5.623740
72,21,110.000000,-145.000000,5.606769
73,21,115.000000,-145.000000,5.589850
74,21,120.000000,-145.000000,5.573057
75,21,125.000000,-145.000000,5.556265
76,21,130.000000,-145.000000,5.539473
77,21,135.000000,-145.000000,5.522495
78,21,140.000000,-145.000000,5.505379
79,21,145.000000,-145.000000,5.487579
80,21,150.000000,-145.000000,5.469514
81,21,155.000000,-145.000000,5.451450
82,21,160.000000,-145.000000,5.433377
83,21,165.000000,-145.000000,5.414669
84,21,170.000000,-145.000000,5.395562
85,21,175.000000,-145.000000,5.374330
86,21,180.000000,-145.000000,5.353099
87,21,185.000000,-145.000000,5.331868
88,21,190.000000,-145.000000,5.310455
89,21,195.000000,-145.000000,5.288818
90,21,200.000000,-145.000000,5.265845
91,21,205.000000,-145.000000,5.241959
92,21,210.000000,-145.000000,5.218073
93,21,215.000000,-145.000000,5.194186
94,21,220.000000,-145.000000,5.170414
95,21,225.000000,-145.000000,5.146691
96,21,230.000000,-145.000000,5.124074
97,21,235.000000,-145.000000,5.101457
98,21,240.000000,-145.000000,5.078840
99,21,245.000000,-145.000000,5.056323
100,21,250.000000,-145.000000,5.034019
0,22,-250.000000,-140.000000,7.168977
1,22,-245.000000,-140.000000,7.136623
2,22,-240.000000,-140.000000,7.104276
3,22,-235.000000,-140.000000,7.071928
4,22,-230.000000,-140.000000,7.039580
5,22,-225.000000,-140.000000,7.009988
6,22,-220.000000,-140.000000,6.980688
7,22,-215.000000,-140.000000,6.951653
8,22,-210.000000,-140.000000,6.922618
9,22,-205.000000,-140.000000,6.893584
10,22,-200.000000,-140.000000,6.865659
11,22,-195.000000,-140.000000,6.839844
12,22,-190.000000,-140.000000,6.814277
13,22,-185.000000,-140.000000,6.788967
14,22,-180.000000,-140.000000,6.763657
15,22,-175.000000,-140.000000,6.738348
16,22,-170.000000,-140.000000,6.714281
17,22,-165.000000,-140.000000,6.690564
18,22,-160.000000,-140.000000,6.667185
19,22,-155.000000,-140.000000,6.643832
20,22,-150.000000,-140.000000,6.620480
21,22,-145.000000,-140.000000,6.597113
22,22,-140.000000,-140.000000,6.573691
23,22,-135.000000,-140.000000,6.550262
24,22,-130.000000,-140.000000,6.526820
25,22,-125.000000,-140.000000,6.503377
26,22,-120.000000,-140.000000,6.479934
27,22,-115.000000,-140.000000,6.456261
28,22,-110.000000,-140.000000,6.432464
29,22,-105.000000,-140.000000,6.408554
30,22,-100.000000,-140.000000,6.384614
31,22,-95.000000,-140.000000,6.360675
32,22,-90.000000,-140.000000,6.336797
33,22,-85.000000,-140.000000,6.313558
34,22,-80.000000,-140.000000,6.290402
35,22,-75.000000,-140.000000,6.267521
36,22,-70.000000,-140.000000,6.244639
37,22,-65.000000,-140.000000,6.221758
38,22,-60.000000,-140.000000,6.199824
39,22,-55.000000,-140.000000,6.178746
40,22,-50.000000,-140.000000,6.158441
41,22,-45.000000,-140.000000,6.138516
42,22,-40.000000,-140.000000,6.118591
43,22,-35.000000,-140.000000,6.098667
44,22,-30.000000,-140.000000,6.080441
45,22,-25.000000,-140.000000,6.062432
46,22,-20.000000,-140.000000,6.045668
47,22,-15.000000,-140.000000,6.028905
48,22,-10.000000,-140.000000,6.012142
49,22,-5.000000,-140.000000,5.995653
50,22,0.000000,-140.000000,5.979582
51,22,5.000000,-140.000000,5.963873
52,22,10.000000,-140.000000,5.948470
53,22,15.000000,-140.000000,5.933068
54,22,20.000000,-140.000000,5.917665
55,22,25.000000,-140.000000,5.902015
56,22,30.000000,-140.000000,5.886316
57,22,35.000000,-140.000000,5.870272
58,22,40.000000,-140.000000,5.854221
59,22,45.000000,-140.000000,5.838169
60,22,50.000000,-140.000000,5.822007
61,22,55.000000,-140.000000,5.805542
62,22,60.000000,-140.000000,5.788829
63,22,65.000000,-140.000000,5.771762
64,22,70.000000,-140.000000,5.754696
65,22,75.000000,-140.000000,5.737630
66,22,80.000000,-140.000000,5.720558
67,22,85.000000,-140.000000,5.703485
68,22,90.000000,-140.000000,5.686400
69,22,95.000000,-140.000000,5.669314
70,22,100.000000,-140.000000,5.652228
71,22,105.000000,-140.000000,5.635154
72,22,110.000000,-140.000000,5.618157
73,22,115.000000,-140.000000,5.601217
74,22,120.000000,-140.000000,5.584421
75,22,125.000000,-140.000000,5.567625
76,22,130.000000,-140.000000,5.550829
77,22,135.000000,-140.000000,5.533849
78,22,140.000000,-140.000000,5.516733
79,22,145.000000,-140.000000,5.498939
80,22,150.000000,-140.000000,5.480884
81,22,155.000000,-140.000000,5.462829
82,22,160.000000,-140.000000,5.444766
83,22,165.000000,-140.000000,5.426063
84,22,170.000000,-140.000000,5.406959
85,22,175.000000,-140.000000,5.385716
86,22,180.000000,-140.000000,5.364473
87,22,185.000000,-140.000000,5.343230
88,22,190.000000,-140.000000,5.321803
89,22,195.000000,-140.000000,5.300150
90,22,200.000000,-140.000000,5.277140
91,22,205.000000,-140.000000,5.253205
92,22,210.000000,-140.000000,5.229269
93,22,215.000000,-140.000000,5.205333
94,22,220.000000,-140.000000,5.181510
95,22,225.000000,-140.000000,5.157735
96,22,230.000000,-140.000000,5.135046
97,22,235.000000,-140.000000,5.112357
98,22,240.000000,-140.000000,5.089669
99,22,245.000000,-140.000000,5.067080
100,22,250.000000,-140.000000,5.044705
0,23,-250.000000,-135.000000,7.184343
1,23,-245.000000,-135.000000,7.152018
2,23,-240.000000,-135.000000,7.119698
3,23,-235.000000,-135.000000,7.087379
4,23,-230.000000,-135.000000,7.055060
5,23,-225.000000,-135.000000,7.025473
6,23,-220.000000,-135.000000,6.996176
7,23,-215.000000,-135.000000,6.967143
8,23,-210.000000,-135.000000,6.938109
9,23,-205.000000,-135.000000,6.909076
10,23,-200.000000,-135.000000,6.881142
11,23,-195.000000,-135.000000,6.855300
12,23,-190.000000,-135.000000,6.829703
13,23,-185.000000,-135.000000,6.804361
14,23,-180.000000,-135.000000,6.779019
15,23,-175.000000,-135.000000,6.753677
16,23,-170.000000,-135.000000,6.729561
17,23,-165.000000,-135.000000,6.705788
18,23,-160.000000,-135.000000,6.682349
19,23,-155.000000,-135.000000,6.658936
20,23,-150.000000,-135.000000,6.635523
21,23,-145.000000,-135.000000,6.612093
22,23,-140.000000,-135.000000,6.588600
23,23,-135.000000,-135.000000,6.565097
24,23,-130.000000,-135.000000,6.541579
25,23,-125.000000,-135.000000,6.518061
26,23,-120.000000,-135.000000,6.494543
27,23,-115.000000,-135.000000,6.470795
28,23,-110.000000,-135.000000,6.446923
29,23,-105.000000,-135.000000,6.422938
30,23,-100.000000,-135.000000,6.398923
31,23,-95.000000,-135.000000,6.374909
32,23,-90.000000,-135.000000,6.350957
33,23,-85.000000,-135.000000,6.327647
34,23,-80.000000,-135.000000,6.304422
35,23,-75.000000,-135.000000,6.281473
36,23,-70.000000,-135.000000,6.258525
37,23,-65.000000,-135.000000,6.235576
38,23,-60.000000,-135.000000,6.213576
39,23,-55.000000,-135.000000,6.192434
40,23,-50.000000,-135.000000,6.172065
41,23,-45.000000,-135.000000,6.152077
42,23,-40.000000,-135.000000,6.132090
43,23,-35.000000,-135.000000,6.112102
44,23,-30.000000,-135.000000,6.093811
45,23,-25.000000,-135.000000,6.075737
46,23,-20.000000,-135.000000,6.058908
47,23,-15.000000,-135.000000,6.042078
48,23,-10.000000,-135.000000,6.025249
49,23,-5.000000,-135.000000,6.008693
50,23,0.000000,-135.000000,5.992552
51,23,5.000000,-135.000000,5.976773
52,23,10.000000,-135.000000,5.961299
53,23,15.000000,-135.000000,5.945824
54,23,20.000000,-135.000000,5.930350
55,23,25.000000,-135.000000,5.914629
56,23,30.000000,-135.000000,5.898858
57,23,35.000000,-135.000000,5.882743
58,23,40.000000,-135.000000,5.866621
59,23,45.000000,-135.000000,5.850499
60,23,50.000000,-135.000000,5.834268
61,23,55.000000,-135.000000,5.817739
62,23,60.000000,-135.000000,5.800965
63,23,65.000000,-135.000000,5.783843
64,23,70.000000,-135.000000,5.766721
65,23,75.000000,-135.000000,5.749600
66,23,80.000000,-135.000000,5.732480
67,23,85.000000,-135.000000,5.715361
68,23,90.000000,-135.000000,5.698247
69,23,95.000000,-135.000000,5.681133
70,23,100.000000,-135.000000,5.664019
71,23,105.000000,-135.000000,5.646920
72,23,110.000000,-135.000000,5.629905
73,23,115.000000,-135.000000,5.612954
74,23,120.000000,-135.000000,5.596164
75,23,125.000000,-135.000000,5.579374
76,23,130.000000,-135.000000,5.562583
77,23,135.000000,-135.000000,5.545613
78,23,140.000000,-135.000000,5.528510
79,23,145.000000,-135.000000,5.510744
80,23,150.000000,-135.000000,5.492724
81,23,155.000000,-135.000000,5.474703
82,23,160.000000,-135.000000,5.456674
83,23,165.000000,-135.000000,5.438009
84,23,170.000000,-135.000000,5.418944
85,23,175.000000,-135.000000,5.397754
86,23,180.000000,-135.000000,5.376563
87,23,185.000000,-135.000000,5.355372
88,23,190.000000,-135.000000,5.333997
89,23,195.000000,-135.000000,5.312397
90,23,200.000000,-135.000000,5.289443
91,23,205.000000,-135.000000,5.265566
92,23,210.000000,-135.000000,5.241688
93,23,215.000000,-135.000000,5.217810
94,23,220.000000,-135.000000,5.194044
95,23,225.000000,-135.000000,5.170325
96,23,230.000000,-135.000000,5.147689
97,23,235.000000,-135.000000,5.125052
98,23,240.000000,-135.000000,5.102416
99,23,245.000000,-135.000000,5.079880
100,23,250.000000,-135.000000,5.057556
0,24,-250.000000,-130.000000,7.198508
1,24,-245.000000,-130.000000,7.166274
2,24,-240.000000,-130.000000,7.134046
3,24,-235.000000,-130.000000,7.101817
4,24,-230.000000,-130.000000,7.069589
5,24,-225.000000,-130.000000,7.040056
6,24,-220.000000,-130.000000,7.010808
7,24,-215.000000,-130.000000,6.981821
8,24,-210.000000,-130.000000,6.952833
9,24,-205.000000,-130.000000,6.923846
10,24,-200.000000,-130.000000,6.895943
11,24,-195.000000,-130.000000,6.870104
12,24,-190.000000,-130.000000,6.844507
13,24,-185.000000,-130.000000,6.819162
14,24,-180.000000,-130.000000,6.793817
15,24,-175.000000,-130.000000,6.768472
16,24,-170.000000,-130.000000,6.744330
17,24,-165.000000,-130.000000,6.720526
18,24,-160.000000,-130.000000,6.697049
19,24,-155.000000,-130.000000,6.673598
20,24,-150.000000,-130.000000,6.650148
21,24,-145.000000,-130.000000,6.626677
22,24,-140.000000,-130.000000,6.603137
23,24,-135.000000,-130.000000,6.579586
24,24,-130.000000,-130.000000,6.556017
25,24,-125.000000,-130.000000,6.532449
26,24,-120.000000,-130.000000,6.508880
27,24,-115.000000,-130.000000,6.485082
28,24,-110.000000,-130.000000,6.461162
29,24,-105.000000,-130.000000,6.437128
30,24,-100.000000,-130.000000,6.413066
31,24,-95.000000,-130.000000,6.389003
32,24,-90.000000,-130.000000,6.365004
33,24,-85.000000,-130.000000,6.341648
34,24,-80.000000,-130.000000,6.318378
35,24,-75.000000,-130.000000,6.295385
36,24,-70.000000,-130.000000,6.272392
37,24,-65.000000,-130.000000,6.249399
38,24,-60.000000,-130.000000,6.227353
39,24,-55.000000,-130.000000,6.206163
40,24,-50.000000,-130.000000,6.185744
41,24,-45.000000,-130.000000,6.165706
42,24,-40.000000,-130.000000,6.145668
43,24,-35.000000,-130.000000,6.125630
44,24,-30.000000,-130.000000,6.107281
45,24,-25.000000,-130.000000,6.089148
46,24,-20.000000,-130.000000,6.072254
47,24,-15.000000,-130.000000,6.055360
48,24,-10.000000,-130.000000,6.038465
49,24,-5.000000,-130.000000,6.021842
50,24,0.000000,-130.000000,6.005631
51,24,5.000000,-130.000000,5.989779
52,24,10.000000,-130.000000,5.974229
53,24,15.000000,-130.000000,5.958679
54,24,20.000000,-130.000000,5.943129
55,24,25.000000,-130.000000,5.927333
56,24,30.000000,-130.000000,5.911488
57,24,35.000000,-130.000000,5.895301
58,24,40.000000,-130.000000,5.879106
59,24,45.000000,-130.000000,5.862912
60,24,50.000000,-130.000000,5.846610
61,24,55.000000,-130.000000,5.830016
62,24,60.000000,-130.000000,5.813182
63,24,65.000000,-130.000000,5.796006
64,24,70.000000,-130.000000,5.778831
65,24,75.000000,-130.000000,5.761655
66,24,80.000000,-130.000000,5.744489
67,24,85.000000,-130.000000,5.727327
68,24,90.000000,-130.000000,5.710185
69,24,95.000000,-130.000000,5.693047
70,24,100.000000,-130.000000,5.675908
71,24,105.000000,-130.000000,5.658786
72,24,110.000000,-130.000000,5.641756
73,24,115.000000,-130.000000,5.624797
74,24,120.000000,-130.000000,5.608015
75,24,125.000000,-130.000000,5.591234
76,24,130.000000,-130.000000,5.574452
77,24,135.000000,-130.000000,5.557494
78,24,140.000000,-130.000000,5.540408
79,24,145.000000,-130.000000,5.522677
80,24,150.000000,-130.000000,5.504698
81,24,155.000000,-130.000000,5.486718
82,24,160.000000,-130.000000,5.468731
83,24,165.000000,-130.000000,5.450113
84,24,170.000000,-130.000000,5.431099
85,24,175.000000,-130.000000,5.409978
86,24,180.000000,-130.000000,5.388858
87,24,185.000000,-130.000000,5.367737
88,24,190.000000,-130.000000,5.346434
89,24,195.000000,-130.000000,5.324907
90,24,200.000000,-130.000000,5.302036
91,24,205.000000,-130.000000,5.278246
92,24,210.000000,-130.000000,5.254457
93,24,215.000000,-130.000000,5.230668
94,24,220.000000,-130.000000,5.206990
95,24,225.000000,-130.000000,5.183360
96,24,230.000000,-130.000000,5.160811
97,24,235.000000,-130.000000,5.138263
98,24,240.000000,-130.000000,5.115714
99,24,245.000000,-130.000000,5.093265
100,24,250.000000,-130.000000,5.071028
0,25,-250.000000,-125.000000,7.211343
1,25,-245.000000,-125.000000,7.179270
2,25,-240.000000,-125.000000,7.147202
3,25,-235.000000,-125.000000,7.115133
4,25,-230.000000,-125.000000,7.083065
5,25,-225.000000,-125.000000,7.053639
6,25,-220.000000,-125.000000,7.024492
7,25,-215.000000,-125.000000,6.995600
8,25,-210.000000,-125.000000,6.966707
9,25,-205.000000,-125.000000,6.937815
10,25,-200.000000,-125.000000,6.909988
11,25,-195.000000,-125.000000,6.884187
12,25,-190.000000,-125.000000,6.858623
13,25,-185.000000,-125.000000,6.833306
14,25,-180.000000,-125.000000,6.807989
15,25,-175.000000,-125.000000,6.782673
16,25,-170.000000,-125.000000,6.758533
17,25,-165.000000,-125.000000,6.734724
18,25,-160.000000,-125.000000,6.711235
19,25,-155.000000,-125.000000,6.687772
20,25,-150.000000,-125.000000,6.664309
21,25,-145.000000,-125.000000,6.640824
22,25,-140.000000,-125.000000,6.617263
23,25,-135.000000,-125.000000,6.593691
24,25,-130.000000,-125.000000,6.570099
25,25,-125.000000,-125.000000,6.546507
26,25,-120.000000,-125.000000,6.522916
27,25,-115.000000,-125.000000,6.499097
28,25,-110.000000,-125.000000,6.475157
29,25,-105.000000,-125.000000,6.451105
30,25,-100.000000,-125.000000,6.427024
31,25,-95.000000,-125.000000,6.402944
32,25,-90.000000,-125.000000,6.378926
33,25,-85.000000,-125.000000,6.355552
34,25,-80.000000,-125.000000,6.332263
35,25,-75.000000,-125.000000,6.309251
36,25,-70.000000,-125.000000,6.286240
37,25,-65.000000,-125.000000,6.263228
38,25,-60.000000,-125.000000,6.241157
39,25,-55.000000,-125.000000,6.219937
40,25,-50.000000,-125.000000,6.199484
41,25,-45.000000,-125.000000,6.179410
42,25,-40.000000,-125.000000,6.159335
43,25,-35.000000,-125.000000,6.139260
44,25,-30.000000,-125.000000,6.120860
45,25,-25.000000,-125.000000,6.102675
46,25,-20.000000,-125.000000,6.085717
47,25,-15.000000,-125.000000,6.068760
48,25,-10.000000,-125.000000,6.051803
49,25,-5.000000,-125.000000,6.035113
50,25,0.000000,-125.000000,6.018831
51,25,5.000000,-125.000000,6.002902
52,25,10.000000,-125.000000,5.987272
53,25,15.000000,-125.000000,5.971642
54,25,20.000000,-125.000000,5.956012
55,25,25.000000,-125.000000,5.940138
56,25,30.000000,-125.000000,5.924216
57,25,35.000000,-125.000000,5.907954
58,25,40.000000,-125.000000,5.891685
59,25,45.000000,-125.000000,5.875415
60,25,50.000000,-125.000000,5.859041
61,25,55.000000,-125.000000,5.842382
62,25,60.000000,-125.000000,5.825488
63,25,65.000000,-125.000000,5.808260
64,25,70.000000,-125.000000,5.791033
65,25,75.000000,-125.000000,5.773806
66,25,80.000000,-125.000000,5.756595
67,25,85.000000,-125.000000,5.739392
68,25,90.000000,-125.000000,5.722226
69,25,95.000000,-125.000000,5.705066
70,25,100.000000,-125.000000,5.687906
71,25,105.000000,-125.000000,5.670763
72,25,110.000000,-125.000000,5.653722
73,25,115.000000,-125.000000,5.636758
74,25,120.000000,-125.000000,5.619988
75,25,125.000000,-125.000000,5.603217
76,25,130.000000,-125.000000,5.586447
77,25,135.000000,-125.000000,5.569506
78,25,140.000000,-125.000000,5.552441
79,25,145.000000,-125.000000,5.534751
80,25,150.000000,-125.000000,5.516821
81,25,155.000000,-125.000000,5.498890
82,25,160.000000,-125.000000,5.480952
83,25,165.000000,-125.000000,5.462392
84,25,170.000000,-125.000000,5.443441
85,25,175.000000,-125.000000,5.422411
86,25,180.000000,-125.000000,5.401381
87,25,185.000000,-125.000000,5.380351
88,25,190.000000,-125.000000,5.359140
89,25,195.000000,-125.000000,5.337708
90,25,200.000000,-125.000000,5.314948
91,25,205.000000,-125.000000,5.291282
92,25,210.000000,-125.000000,5.267615
93,25,215.000000,-125.000000,5.243948
94,25,220.000000,-125.000000,5.220394
95,25,225.000000,-125.000000,5.196887
96,25,230.000000,-125.000000,5.174465
97,25,235.000000,-125.000000,5.152044
98,25,240.000000,-125.000000,5.129622
99,25,245.000000,-125.000000,5.107300
100,25,250.000000,-125.000000,5.085188
0,26,-250.000000,-120.000000,7.224178
1,26,-245.000000,-120.000000,7.192265
2,26,-240.000000,-120.000000,7.160357
3,26,-235.000000,-120.000000,7.128449
4,26,-230.000000,-120.000000,7.096541
5,26,-225.000000,-120.000000,7.067221
6,26,-220.000000,-120.000000,7.038175
7,26,-215.000000,-120.000000,7.009378
8,26,-210.000000,-120.000000,6.980582
9,26,-205.000000,-120.000000,6.951785
10,26,-200.000000,-120.000000,6.924034
11,26,-195.000000,-120.000000,6.898270
12,26,-190.000000,-120.000000,6.872739
13,26,-185.000000,-120.000000,6.847450
14,26,-180.000000,-120.000000,6.822162
15,26,-175.000000,-120.000000,6.796873
16,26,-170.000000,-120.000000,6.772736
17,26,-165.000000,-120.000000,6.748922
18,26,-160.000000,-120.000000,6.725422
19,26,-155.000000,-120.000000,6.701946
20,26,-150.000000,-120.000000,6.678470
21,26,-145.000000,-120.000000,6.654971
22,26,-140.000000,-120.000000,6.631389
23,26,-135.000000,-120.000000,6.607795
24,26,-130.000000,-120.000000,6.584181
25,26,-125.000000,-120.000000,6.560566
26,26,-120.000000,-120.000000,6.536951
27,26,-115.000000,-120.000000,6.513111
28,26,-110.000000,-120.000000,6.489152
29,26,-105.000000,-120.000000,6.465082
30,26,-100.000000,-120.000000,6.440983
31,26,-95.000000,-120.000000,6.416884
32,26,-90.000000,-120.000000,6.392848
33,26,-85.000000,-120.000000,6.369456
34,26,-80.000000,-120.000000,6.346148
35,26,-75.000000,-120.000000,6.323117
36,26,-70.000000,-120.000000,6.300087
37,26,-65.000000,-120.000000,6.277056
38,26,-60.000000,-120.000000,6.254961
39,26,-55.000000,-120.000000,6.233711
40,26,-50.000000,-120.000000,6.213225
41,26,-45.000000,-120.000000,6.193113
42,26,-40.000000,-120.000000,6.173002
43,26,-35.000000,-120.000000,6.152891
44,26,-30.000000,-120.000000,6.134440
45,26,-25.000000,-120.000000,6.116202
46,26,-20.000000,-120.000000,6.099181
47,26,-15.000000,-120.000000,6.082161
48,26,-10.000000,-120.000000,6.065140
49,26,-5.000000,-120.000000,6.048384
50,26,0.000000,-120.000000,6.032030
51,26,5.000000,-120.000000,6.016025
52,26,10.000000,-120.000000,6.000315
53,26,15.000000,-120.000000,5.984605
54,26,20.000000,-120.000000,5.968895
55,26,25.000000,-120.000000,5.952944
56,26,30.000000,-120.000000,5.936944
57,26,35.000000,-120.000000,5.920607
58,26,40.000000,-120.000000,5.904263
59,26,45.000000,-120.000000,5.887919
60,26,50.000000,-120.000000,5.871472
61,26,55.000000,-120.000000,5.854748
62,26,60.000000,-120.000000,5.837794
63,26,65.000000,-120.000000,5.820514
64,26,70.000000,-120.000000,5.803235
65,26,75.000000,-120.000000,5.785956
66,26,80.000000,-120.000000,5.768701
67,26,85.000000,-120.000000,5.751457
68,26,90.000000,-120.000000,5.734266
69,26,95.000000,-120.000000,5.717085
70,26,100.000000,-120.000000,5.699903
71,26,105.000000,-120.000000,5.682740
72,26,110.000000,-120.000000,5.665688
73,26,115.000000,-120.000000,5.648719
74,26,120.000000,-120.000000,5.631960
75,26,125.000000,-120.000000,5.615201
76,26,130.000000,-120.000000,5.598441
77,26,135.000000,-120.000000,5.581518
78,26,140.000000,-120.000000,5.564473
79,26,145.000000,-120.000000,5.546825
80,26,150.000000,-120.000000,5.528944
81,26,155.000000,-120.000000,5.511063
82,26,160.000000,-120.000000,5.493174
83,26,165.000000,-120.000000,5.474671
84,26,170.000000,-120.000000,5.455782
85,26,175.000000,-120.000000,5.434843
86,26,180.000000,-120.000000,5.413903
87,26,185.000000,-120.000000,5.392964
88,26,190.000000,-120.000000,5.371846
89,26,195.000000,-120.000000,5.350509
90,26,200.000000,-120.000000,5.327861
91,26,205.000000,-120.000000,5.304317
92,26,210.000000,-120.000000,5.280773
93,26,215.000000,-120.000000,5.257229
94,26,220.000000,-120.000000,5.233797
95,26,225.000000,-120.000000,5.210414
96,26,230.000000,-120.000000,5.188119
97,26,235.000000,-120.000000,5.165825
98,26,240.000000,-120.000000,5.143530
99,26,245.000000,-120.000000,5.121334
100,26,250.000000,-120.000000,5.099348
0,27,-250.000000,-115.000000,7.237013
1,27,-245.000000,-115.000000,7.205261
2,27,-240.000000,-115.000000,7.173513
3,27,-235.000000,-115.000000,7.141765
4,27,-230.000000,-115.000000,7.110018
5,27,-225.000000,-115.000000,7.080804
6,27,-220.000000,-115.000000,7.051858
7,27,-215.000000,-115.000000,7.023157
8,27,-210.000000,-115.000000,6.994456
9,27,-205.000000,-115.000000,6.965755
10,27,-200.000000,-115.000000,6.938079
11,27,-195.000000,-115.000000,6.912352
12,27,-190.000000,-115.000000,6.886854
13,27,-185.000000,-115.000000,6.861594
14,27,-180.000000,-115.000000,6.836334
15,27,-175.000000,-115.000000,6.811074
16,27,-170.000000,-115.000000,6.786940
17,27,-165.000000,-115.000000,6.763121
18,27,-160.000000,-115.000000,6.739608
19,27,-155.000000,-115.000000,6.716119
20,27,-150.000000,-115.000000,6.692631
21,27,-145.000000,-115.000000,6.669118
22,27,-140.000000,-115.000000,6.645515
23,27,-135.000000,-115.000000,6.621900
24,27,-130.000000,-115.000000,6.598262
25,27,-125.000000,-115.000000,6.574624
26,27,-120.000000,-115.000000,6.550986
27,27,-115.000000,-115.000000,6.527126
28,27,-110.000000,-115.000000,6.503147
29,27,-105.000000,-115.000000,6.479058
30,27,-100.000000,-115.000000,6.454941
31,27,-95.000000,-115.000000,6.430825
32,27,-90.000000,-115.000000,6.406770
33,27,-85.000000,-115.000000,6.383359
34,27,-80.000000,-115.000000,6.360033
35,27,-75.000000,-115.000000,6.336983
36,27,-70.000000,-115.000000,6.313934
37,27,-65.000000,-115.000000,6.290885
38,27,-60.000000,-115.000000,6.268765
39,27,-55.000000,-115.000000,6.247486
40,27,-50.000000,-115.000000,6.226965
41,27,-45.000000,-115.000000,6.206817
42,27,-40.000000,-115.000000,6.186669
43,27,-35.000000,-115.000000,6.166521
44,27,-30.000000,-115.000000,6.148020
45,27,-25.000000,-115.000000,6.129729
46,27,-20.000000,-115.000000,6.112645
47,27,-15.000000,-115.000000,6.095561
48,27,-10.000000,-115.000000,6.078477
49,27,-5.000000,-115.000000,6.061654
50,27,0.000000,-115.000000,6.045229
51,27,5.000000,-115.000000,6.029148
52,27,10.000000,-115.000000,6.013358
53,27,15.000000,-115.000000,5.997568
54,27,20.000000,-115.000000,5.981779
55,27,25.000000,-115.000000,5.965749
56,27,30.000000,-115.000000,5.949671
57,27,35.000000,-115.000000,5.933260
58,27,40.000000,-115.000000,5.916841
59,27,45.000000,-115.000000,5.900422
60,27,50.000000,-115.000000,5.883903
61,27,55.000000,-115.000000,5.867113
62,27,60.000000,-115.000000,5.850100
63,27,65.000000,-115.000000,5.832768
64,27,70.000000,-115.000000,5.815437
65,27,75.000000,-115.000000,5.798106
66,27,80.000000,-115.000000,5.780808
67,27,85.000000,-115.000000,5.763522
68,27,90.000000,-115.000000,5.746307
69,27,95.000000,-115.000000,5.729104
70,27,100.000000,-115.000000,5.711901
71,27,105.000000,-115.000000,5.694717
72,27,110.000000,-115.000000,5.677653
73,27,115.000000,-115.000000,5.660680
74,27,120.000000,-115.000000,5.643932
75,27,125.000000,-115.000000,5.627184
76,27,130.000000,-115.000000,5.610436
77,27,135.000000,-115.000000,5.593530
78,27,140.000000,-115.000000,5.576506
79,27,145.000000,-115.000000,5.558899
80,27,150.000000,-115.000000,5.541067
81,27,155.000000,-115.000000,5.523235
82,27,160.000000,-115.000000,5.505395
83,27,165.000000,-115.000000,5.486950
84,27,170.000000,-115.000000,5.468124
85,27,175.000000,-115.000000,5.447275
86,27,180.000000,-115.000000,5.426426
87,27,185.000000,-115.000000,5.405577
88,27,190.000000,-115.000000,5.384552
89,27,195.000000,-115.000000,5.363310
90,27,200.000000,-115.000000,5.340774
91,27,205.000000,-115.000000,5.317352
92,27,210.000000,-115.000000,5.293931
93,27,215.000000,-115.000000,5.270510
94,27,220.000000,-115.000000,5.247201
95,27,225.000000,-115.000000,5.223941
96,27,230.000000,-115.000000,5.201773
97,27,235.000000,-115.000000,5.179606
98,27,240.000000,-115.000000,5.157438
99,27,245.000000,-115.000000,5.135369
100,27,250.000000,-115.000000,5.113508
0,28,-250.000000,-110.000000,7.247552
1,28,-245.000000,-110.000000,7.216079
2,28,-240.000000,-110.000000,7.184611
3,28,-235.000000,-110.000000,7.153142
4,28,-230.000000,-110.000000,7.121673
5,28,-225.000000,-110.000000,7.092660
6,28,-220.000000,-110.000000,7.063907
7,28,-215.000000,-110.000000,7.035392
8,28,-210.000000,-110.000000,7.006876
9,28,-205.000000,-110.000000,6.978360
10,28,-200.000000,-110.000000,6.950841
11,28,-195.000000,-110.000000,6.925216
12,28,-190.000000,-110.000000,6.899814
13,28,-185.000000,-110.000000,6.874642
14,28,-180.000000,-110.000000,6.849471
15,28,-175.000000,-110.000000,6.824299
16,28,-170.000000,-110.000000,6.800217
17,28,-165.000000,-110.000000,6.776441
18,28,-160.000000,-110.000000,6.752961
19,28,-155.000000,-110.000000,6.729504
20,28,-150.000000,-110.000000,6.706048
21,28,-145.000000,-110.000000,6.682564
22,28,-140.000000,-110.000000,6.658985
23,28,-135.000000,-110.000000,6.635393
24,28,-130.000000,-110.000000,6.611776
25,28,-125.000000,-110.000000,6.588159
26,28,-120.000000,-110.000000,6.564542
27,28,-115.000000,-110.000000,6.540707
28,28,-110.000000,-110.000000,6.516755
29,28,-105.000000,-110.000000,6.492696
30,28,-100.000000,-110.000000,6.468609
31,28,-95.000000,-110.000000,6.444523
32,28,-90.000000,-110.000000,6.420498
33,28,-85.000000,-110.000000,6.397113
34,28,-80.000000,-110.000000,6.373813
35,28,-75.000000,-110.000000,6.350789
36,28,-70.000000,-110.000000,6.327764
37,28,-65.000000,-110.000000,6.304739
38,28,-60.000000,-110.000000,6.282632
39,28,-55.000000,-110.000000,6.261356
40,28,-50.000000,-110.000000,6.240829
41,28,-45.000000,-110.000000,6.220670
42,28,-40.000000,-110.000000,6.200511
43,28,-35.000000,-110.000000,6.180352
44,28,-30.000000,-110.000000,6.161813
45,28,-25.000000,-110.000000,6.143481
46,28,-20.000000,-110.000000,6.126336
47,28,-15.000000,-110.000000,6.109192
48,28,-10.000000,-110.000000,6.092048
49,28,-5.000000,-110.000000,6.075158
50,28,0.000000,-110.000000,6.058657
51,28,5.000000,-110.000000,6.042492
52,28,10.000000,-110.000000,6.026612
53,28,15.000000,-110.000000,6.010731
54,28,20.000000,-110.000000,5.994851
55,28,25.000000,-110.000000,5.978734
56,28,30.000000,-110.000000,5.962569
57,28,35.000000,-110.000000,5.946073
58,28,40.000000,-110.000000,5.929570
59,28,45.000000,-110.000000,5.913067
60,28,50.000000,-110.000000,5.896468
61,28,55.000000,-110.000000,5.879607
62,28,60.000000,-110.000000,5.862530
63,28,65.000000,-110.000000,5.845146
64,28,70.000000,-110.000000,5.827763
65,28,75.000000,-110.000000,5.810379
66,28,80.000000,-110.000000,5.793037
67,28,85.000000,-110.000000,5.775711
68,28,90.000000,-110.000000,5.758476
69,28,95.000000,-110.000000,5.741256
70,28,100.000000,-110.000000,5.724037
71,28,105.000000,-110.000000,5.706838
72,28,110.000000,-110.000000,5.689769
73,28,115.000000,-110.000000,5.672797
74,28,120.000000,-110.000000,5.656069
75,28,125.000000,-110.000000,5.639341
76,28,130.000000,-110.000000,5.622613
77,28,135.000000,-110.000000,5.605733
78,28,140.000000,-110.000000,5.588742
79,28,145.000000,-110.000000,5.571194
80,28,150.000000,-110.000000,5.553431
81,28,155.000000,-110.000000,5.535668
82,28,160.000000,-110.000000,5.517897
83,28,165.000000,-110.000000,5.499534
84,28,170.000000,-110.000000,5.480799
85,28,175.000000,-110.000000,5.460085
86,28,180.000000,-110.000000,5.439371
87,28,185.000000,-110.000000,5.418656
88,28,190.000000,-110.000000,5.397770
89,28,195.000000,-110.000000,5.376673
90,28,200.000000,-110.000000,5.354310
91,28,205.000000,-110.000000,5.331083
92,28,210.000000,-110.000000,5.307856
93,28,215.000000,-110.000000,5.284629
94,28,220.000000,-110.000000,5.261517
95,28,225.000000,-110.000000,5.238453
96,28,230.000000,-110.000000,5.216495
97,28,235.000000,-110.000000,5.194537
98,28,240.000000,-110.000000,5.172579
99,28,245.000000,-110.000000,5.150719
100,28,250.000000,-110.000000,5.129066
0,29,-250.000000,-105.000000,7.257122
1,29,-245.000000,-105.000000,7.225978
2,29,-240.000000,-105.000000,7.194838
3,29,-235.000000,-105.000000,7.163698
4,29,-230.000000,-105.000000,7.132557
5,29,-225.000000,-105.000000,7.103786
6,29,-220.000000,-105.000000,7.075265
7,29,-215.000000,-105.000000,7.046973
8,29,-210.000000,-105.000000,7.018681
9,29,-205.000000,-105.000000,6.990389
10,29,-200.000000,-105.000000,6.963061
11,29,-195.000000,-105.000000,6.937565
12,29,-190.000000,-105.000000,6.912284
13,29,-185.000000,-105.000000,6.887226
14,29,-180.000000,-105.000000,6.862169
15,29,-175.000000,-105.000000,6.837112
16,29,-170.000000,-105.000000,6.813103
17,29,-165.000000,-105.000000,6.789390
18,29,-160.000000,-105.000000,6.765961
19,29,-155.000000,-105.000000,6.742555
20,29,-150.000000,-105.000000,6.719149
21,29,-145.000000,-105.000000,6.695715
22,29,-140.000000,-105.000000,6.672178
23,29,-135.000000,-105.000000,6.648627
24,29,-130.000000,-105.000000,6.625050
25,29,-125.000000,-105.000000,6.601472
26,29,-120.000000,-105.000000,6.577895
27,29,-115.000000,-105.000000,6.554104
28,29,-110.000000,-105.000000,6.530200
29,29,-105.000000,-105.000000,6.506191
30,29,-100.000000,-105.000000,6.482154
31,29,-95.000000,-105.000000,6.458118
32,29,-90.000000,-105.000000,6.434144
33,29,-85.000000,-105.000000,6.410805
34,29,-80.000000,-105.000000,6.387549
35,29,-75.000000,-105.000000,6.364568
36,29,-70.000000,-105.000000,6.341586
37,29,-65.000000,-105.000000,6.318605
38,29,-60.000000,-105.000000,6.296527
39,29,-55.000000,-105.000000,6.275267
40,29,-50.000000,-105.000000,6.254745
41,29,-45.000000,-105.000000,6.234586
42,29,-40.000000,-105.000000,6.214426
43,29,-35.000000,-105.000000,6.194267
44,29,-30.000000,-105.000000,6.175696
45,29,-25.000000,-105.000000,6.157328
46,29,-20.000000,-105.000000,6.140124
47,29,-15.000000,-105.000000,6.122920
48,29,-10.000000,-105.000000,6.105716
49,29,-5.000000,-105.000000,6.088760
50,29,0.000000,-105.000000,6.072181
51,29,5.000000,-105.000000,6.055930
52,29,10.000000,-105.000000,6.039954
53,29,15.000000,-105.000000,6.023979
54,29,20.000000,-105.000000,6.008004
55,29,25.000000,-105.000000,5.991794
56,29,30.000000,-105.000000,5.975537
57,29,35.000000,-105.000000,5.958954
58,29,40.000000,-105.000000,5.942363
59,29,45.000000,-105.000000,5.925772
60,29,50.000000,-105.000000,5.909089
61,29,55.000000,-105.000000,5.892155
62,29,60.000000,-105.000000,5.875012
63,29,65.000000,-105.000000,5.857576
64,29,70.000000,-105.000000,5.840140
65,29,75.000000,-105.000000,5.822703
66,29,80.000000,-105.000000,5.805318
67,29,85.000000,-105.000000,5.787953
68,29,90.000000,-105.000000,5.770700
69,29,95.000000,-105.000000,5.753466
70,29,100.000000,-105.000000,5.736232
71,29,105.000000,-105.000000,5.719020
72,29,110.000000,-105.000000,5.701948
73,29,115.000000,-105.000000,5.684981
74,29,120.000000,-105.000000,5.668276
75,29,125.000000,-105.000000,5.651571
76,29,130.000000,-105.000000,5.634867
77,29,135.000000,-105.000000,5.618018
78,29,140.000000,-105.000000,5.601065
79,29,145.000000,-105.000000,5.583582
80,29,150.000000,-105.000000,5.565897
81,29,155.000000,-105.000000,5.548211
82,29,160.000000,-105.000000,5.530518
83,29,165.000000,-105.000000,5.512247
84,29,170.000000,-105.000000,5.493615
85,29,175.000000,-105.000000,5.473054
86,29,180.000000,-105.000000,5.452494
87,29,185.000000,-105.000000,5.431933
88,29,190.000000,-105.000000,5.411205
89,29,195.000000,-105.000000,5.390272
90,29,200.000000,-105.000000,5.368110
91,29,205.000000,-105.000000,5.345108
92,29,210.000000,-105.000000,5.322106
93,29,215.000000,-105.000000,5.299104
94,29,220.000000,-105.000000,5.276218
95,29,225.000000,-105.000000,5.253382
96,29,230.000000,-105.000000,5.231668
97,29,235.000000,-105.000000,5.209955
98,29,240.000000,-105.000000,5.188242
99,29,245.000000,-105.000000,5.166626
100,29,250.000000,-105.000000,5.145214
0,30,-250.000000,-100.000000,7.265486
1,30,-245.000000,-100.000000,7.234734
2,30,-240.000000,-100.000000,7.203984
3,30,-235.000000,-100.000000,7.173235
4,30,-230.000000,-100.000000,7.142486
5,30,-225.000000,-100.000000,7.114006
6,30,-220.000000,-100.000000,7.085766
7,30,-215.000000,-100.000000,7.057744
8,30,-210.000000,-100.000000,7.029723
9,30,-205.000000,-100.000000,7.001702
10,30,-200.000000,-100.000000,6.974607
11,30,-195.000000,-100.000000,6.949274
12,30,-190.000000,-100.000000,6.924147
13,30,-185.000000,-100.000000,6.899235
14,30,-180.000000,-100.000000,6.874324
15,30,-175.000000,-100.000000,6.849412
16,30,-170.000000,-100.000000,6.825504
17,30,-165.000000,-100.000000,6.801877
18,30,-160.000000,-100.000000,6.778524
19,30,-155.000000,-100.000000,6.755192
20,30,-150.000000,-100.000000,6.731860
21,30,-145.000000,-100.000000,6.708498
22,30,-140.000000,-100.000000,6.685027
23,30,-135.000000,-100.000000,6.661540
24,30,-130.000000,-100.000000,6.638025
25,30,-125.000000,-100.000000,6.614510
26,30,-120.000000,-100.000000,6.590996
27,30,-115.000000,-100.000000,6.567274
28,30,-110.000000,-100.000000,6.543442
29,30,-105.000000,-100.000000,6.519507
30,30,-100.000000,-100.000000,6.495547
31,30,-95.000000,-100.000000,6.471586
32,30,-90.000000,-100.000000,6.447687
33,30,-85.000000,-100.000000,6.424417
34,30,-80.000000,-100.000000,6.401230
35,30,-75.000000,-100.000000,6.378315
36,30,-70.000000,-100.000000,6.355399
37,30,-65.000000,-100.000000,6.332484
38,30,-60.000000,-100.000000,6.310455
39,30,-55.000000,-100.000000,6.289229
40,30,-50.000000,-100.000000,6.268727
41,30,-45.000000,-100.000000,6.248580
42,30,-40.000000,-100.000000,6.228434
43,30,-35.000000,-100.000000,6.208288
44,30,-30.000000,-100.000000,6.189691
45,30,-25.000000,-100.000000,6.171293
46,30,-20.000000,-100.000000,6.154031
47,30,-15.000000,-100.000000,6.136769
48,30,-10.000000,-100.000000,6.119508
49,30,-5.000000,-100.000000,6.102485
50,30,0.000000,-100.000000,6.085826
51,30,5.000000,-100.000000,6.069484
52,30,10.000000,-100.000000,6.053408
53,30,15.000000,-100.000000,6.037332
54,30,20.000000,-100.000000,6.021256
55,30,25.000000,-100.000000,6.004949
56,30,30.000000,-100.000000,5.988595
57,30,35.000000,-100.000000,5.971919
58,30,40.000000,-100.000000,5.955235
59,30,45.000000,-100.000000,5.938552
60,30,50.000000,-100.000000,5.921781
61,30,55.000000,-100.000000,5.904769
62,30,60.000000,-100.000000,5.887560
63,30,65.000000,-100.000000,5.870071
64,30,70.000000,-100.000000,5.852581
65,30,75.000000,-100.000000,5.835092
66,30,80.000000,-100.000000,5.817663
67,30,85.000000,-100.000000,5.800260
68,30,90.000000,-100.000000,5.782991
69,30,95.000000,-100.000000,5.765745
70,30,100.000000,-100.000000,5.748499
71,30,105.000000,-100.000000,5.731278
72,30,110.000000,-100.000000,5.714206
73,30,115.000000,-100.000000,5.697246
74,30,120.000000,-100.000000,5.680570
75,30,125.000000,-100.000000,5.663893
76,30,130.000000,-100.000000,5.647216
77,30,135.000000,-100.000000,5.630404
78,30,140.000000,-100.000000,5.613494
79,30,145.000000,-100.000000,5.596087
80,30,150.000000,-100.000000,5.578489
81,30,155.000000,-100.000000,5.560891
82,30,160.000000,-100.000000,5.543286
83,30,165.000000,-100.000000,5.525121
84,30,170.000000,-100.000000,5.506606
85,30,175.000000,-100.000000,5.486222
86,30,180.000000,-100.000000,5.465839
87,30,185.000000,-100.000000,5.445455
88,30,190.000000,-100.000000,5.424910
89,30,195.000000,-100.000000,5.404167
90,30,200.000000,-100.000000,5.382238
91,30,205.000000,-100.000000,5.359498
92,30,210.000000,-100.000000,5.336759
93,30,215.000000,-100.000000,5.314019
94,30,220.000000,-100.000000,5.291398
95,30,225.000000,-100.000000,5.268828
96,30,230.000000,-100.000000,5.247402
97,30,235.000000,-100.000000,5.225977
98,30,240.000000,-100.000000,5.204552
99,30,245.000000,-100.000000,5.183223
100,30,250.000000,-100.000000,5.162096
0,31,-250.000000,-95.000000,7.273851
1,31,-245.000000,-95.000000,7.243490
2,31,-240.000000,-95.000000,7.213131
3,31,-235.000000,-95.000000,7.182773
4,31,-230.000000,-95.000000,7.152414
5,31,-225.000000,-95.000000,7.124225
6,31,-220.000000,-95.000000,7.096266
7,31,-215.000000,-95.000000,7.068515
8,31,-210.000000,-95.000000,7.040765
9,31,-205.000000,-95.000000,7.013014
10,31,-200.000000,-95.000000,6.986153
11,31,-195.000000,-95.000000,6.960982
12,31,-190.000000,-95.000000,6.936010
13,31,-185.000000,-95.000000,6.911244
14,31,-180.000000,-95.000000,6.886478
15,31,-175.000000,-95.000000,6.861712
16,31,-170.000000,-95.000000,6.837904
17,31,-165.000000,-95.000000,6.814365
18,31,-160.000000,-95.000000,6.791086
19,31,-155.000000,-95.000000,6.767829
20,31,-150.000000,-95.000000,6.744571
21,31,-145.000000,-95.000000,6.721281
22,31,-140.000000,-95.000000,6.697875
23,31,-135.000000,-95.000000,6.674453
24,31,-130.000000,-95.000000,6.651001
25,31,-125.000000,-95.000000,6.627549
26,31,-120.000000,-95.000000,6.604097
27,31,-115.000000,-95.000000,6.580444
28,31,-110.000000,-95.000000,6.556684
29,31,-105.000000,-95.000000,6.532824
30,31,-100.000000,-95.000000,6.508939
31,31,-95.000000,-95.000000,6.485054
32,31,-90.000000,-95.000000,6.461230
33,31,-85.000000,-95.000000,6.438030
34,31,-80.000000,-95.000000,6.414912
35,31,-75.000000,-95.000000,6.392062
36,31,-70.000000,-95.000000,6.369212
37,31,-65.000000,-95.000000,6.346363
38,31,-60.000000,-95.000000,6.324383
39,31,-55.000000,-95.000000,6.303191
40,31,-50.000000,-95.000000,6.282708
41,31,-45.000000,-95.000000,6.262575
42,31,-40.000000,-95.000000,6.242441
43,31,-35.000000,-95.000000,6.222308
44,31,-30.000000,-95.000000,6.203687
45,31,-25.000000,-95.000000,6.185258
46,31,-20.000000,-95.000000,6.167939
47,31,-15.000000,-95.000000,6.150619
48,31,-10.000000,-95.000000,6.133299
49,31,-5.000000,-95.000000,6.116210
50,31,0.000000,-95.000000,6.099471
51,31,5.000000,-95.000000,6.083038
52,31,10.000000,-95.000000,6.066861
53,31,15.000000,-95.000000,6.050685
54,31,20.000000,-95.000000,6.034508
55,31,25.000000,-95.000000,6.018103
56,31,30.000000,-95.000000,6.001653
57,31,35.000000,-95.000000,5.984884
58,31,40.000000,-95.000000,5.968108
59,31,45.000000,-95.000000,5.951332
60,31,50.000000,-95.000000,5.934472
61,31,55.000000,-95.000000,5.917384
62,31,60.000000,-95.000000,5.900108
63,31,65.000000,-95.000000,5.882565
64,31,70.000000,-95.000000,5.865023
65,31,75.000000,-95.000000,5.847480
66,31,80.000000,-95.000000,5.830009
67,31,85.000000,-95.000000,5.812568
68,31,90.000000,-95.000000,5.795282
69,31,95.000000,-95.000000,5.778025
70,31,100.000000,-95.000000,5.760767
71,31,105.000000,-95.000000,5.743535
72,31,110.000000,-95.000000,5.726463
73,31,115.000000,-95.000000,5.709512
74,31,120.000000,-95.000000,5.692863
75,31,125.000000,-95.000000,5.676215
76,31,130.000000,-95.000000,5.659566
77,31,135.000000,-95.000000,5.642790
78,31,140.000000,-95.000000,5.625923
79,31,145.000000,-95.000000,5.608591
80,31,150.000000,-95.000000,5.591081
81,31,155.000000,-95.000000,5.573571
82,31,160.000000,-95.000000,5.556054
83,31,165.000000,-95.000000,5.537995
84,31,170.000000,-95.000000,5.519597
85,31,175.000000,-95.000000,5.499390
86,31,180.000000,-95.000000,5.479183
87,31,185.000000,-95.000000,5.458976
88,31,190.000000,-95.000000,5.438614
89,31,195.000000,-95.000000,5.418061
90,31,200.000000,-95.000000,5.396365
91,31,205.000000,-95.000000,5.373888
92,31,210.000000,-95.000000,5.351411
93,31,215.000000,-95.000000,5.328934
94,31,220.000000,-95.000000,5.306578
95,31,225.000000,-95.000000,5.284273
96,31,230.000000,-95.000000,5.263136
97,31,235.000000,-95.000000,5.241999
98,31,240.000000,-95.000000,5.220862
99,31,245.000000,-95.000000,5.199820
100,31,250.000000,-95.000000,5.178978
0,32,-250.000000,-90.000000,7.282215
1,32,-245.000000,-90.000000,7.252245
2,32,-240.000000,-90.000000,7.222278
3,32,-235.000000,-90.000000,7.192310
4,32,-230.000000,-90.000000,7.162343
5,32,-225.000000,-90.000000,7.134445
6,32,-220.000000,-90.000000,7.106766
7,32,-215.000000,-90.000000,7.079286
8,32,-210.000000,-90.000000,7.051807
9,32,-205.000000,-90.000000,7.024327
10,32,-200.000000,-90.000000,6.997699
11,32,-195.000000,-90.000000,6.972691
12,32,-190.000000,-90.000000,6.947873
13,32,-185.000000,-90.000000,6.923253
14,32,-180.000000,-90.000000,6.898632
15,32,-175.000000,-90.000000,6.874012
16,32,-170.000000,-90.000000,6.850304
17,32,-165.000000,-90.000000,6.826853
18,32,-160.000000,-90.000000,6.803649
19,32,-155.000000,-90.000000,6.780466
20,32,-150.000000,-90.000000,6.757282
21,32,-145.000000,-90.000000,6.734064
22,32,-140.000000,-90.000000,6.710724
23,32,-135.000000,-90.000000,6.687366
24,32,-130.000000,-90.000000,6.663976
25,32,-125.000000,-90.000000,6.640587
26,32,-120.000000,-90.000000,6.617198
27,32,-115.000000,-90.000000,6.593613
28,32,-110.000000,-90.000000,6.569925
29,32,-105.000000,-90.000000,6.546141
30,32,-100.000000,-90.000000,6.522332
31,32,-95.000000,-90.000000,6.498523
32,32,-90.000000,-90.000000,6.474774
33,32,-85.000000,-90.000000,6.451643
34,32,-80.000000,-90.000000,6.428593
35,32,-75.000000,-90.000000,6.405809
36,32,-70.000000,-90.000000,6.383026
37,32,-65.000000,-90.000000,6.360242
38,32,-60.000000,-90.000000,6.338311
39,32,-55.000000,-90.000000,6.317152
40,32,-50.000000,-90.000000,6.296690
41,32,-45.000000,-90.000000,6.276569
42,32,-40.000000,-90.000000,6.256449
43,32,-35.000000,-90.000000,6.236329
44,32,-30.000000,-90.000000,6.217682
45,32,-25.000000,-90.000000,6.199224
46,32,-20.000000,-90.000000,6.181846
47,32,-15.000000,-90.000000,6.164468
48,32,-10.000000,-90.000000,6.147090
49,32,-5.000000,-90.000000,6.129934
50,32,0.000000,-90.000000,6.113116
51,32,5.000000,-90.000000,6.096591
52,32,10.000000,-90.000000,6.080314
53,32,15.000000,-90.000000,6.064038
54,32,20.000000,-90.000000,6.047761
55,32,25.000000,-90.000000,6.031258
56,32,30.000000,-90.000000,6.014710
57,32,35.000000,-90.000000,5.997849
58,32,40.000000,-90.000000,5.980980
59,32,45.000000,-90.000000,5.964111
60,32,50.000000,-90.000000,5.947163
61,32,55.000000,-90.000000,5.929999
62,32,60.000000,-90.000000,5.912656
63,32,65.000000,-90.000000,5.895060
64,32,70.000000,-90.000000,5.877464
65,32,75.000000,-90.000000,5.859868
66,32,80.000000,-90.000000,5.842354
67,32,85.000000,-90.000000,5.824875
68,32,90.000000,-90.000000,5.807574
69,32,95.000000,-90.000000,5.790304
70,32,100.000000,-90.000000,5.773034
71,32,105.000000,-90.000000,5.755793
72,32,110.000000,-90.000000,5.738721
73,32,115.000000,-90.000000,5.721778
74,32,120.000000,-90.000000,5.705157
75,32,125.000000,-90.000000,5.688536
76,32,130.000000,-90.000000,5.671915
77,32,135.000000,-90.000000,5.655176
78,32,140.000000,-90.000000,5.638352
79,32,145.000000,-90.000000,5.621095
80,32,150.000000,-90.000000,5.603673
81,32,155.000000,-90.000000,5.586251
82,32,160.000000,-90.000000,5.568822
83,32,165.000000,-90.000000,5.550869
84,32,170.000000,-90.000000,5.532588
85,32,175.000000,-90.000000,5.512558
86,32,180.000000,-90.000000,5.492528
87,32,185.000000,-90.000000,5.472498
88,32,190.000000,-90.000000,5.452319
89,32,195.000000,-90.000000,5.431955
90,32,200.000000,-90.000000,5.410493
91,32,205.000000,-90.000000,5.388278
92,32,210.000000,-90.000000,5.366064
93,32,215.000000,-90.000000,5.343850
94,32,220.000000,-90.000000,5.321758
95,32,225.000000,-90.000000,5.299719
96,32,230.000000,-90.000000,5.278870
97,32,235.000000,-90.000000,5.258021
98,32,240.000000,-90.000000,5.237172
99,32,245.000000,-90.000000,5.216417
100,32,250.000000,-90.000000,5.195860
0,33,-250.000000,-85.000000,7.289618
1,33,-245.000000,-85.000000,7.260057
2,33,-240.000000,-85.000000,7.230498
3,33,-235.000000,-85.000000,7.200940
4,33,-230.000000,-85.000000,7.171381
5,33,-225.000000,-85.000000,7.143792
6,33,-220.000000,-85.000000,7.116412
7,33,-215.000000,-85.000000,7.089223
8,33,-210.000000,-85.000000,7.062033
9,33,-205.000000,-85.000000,7.034843
10,33,-200.000000,-85.000000,7.008468
11,33,-195.000000,-85.000000,6.983641
12,33,-190.000000,-85.000000,6.958995
13,33,-185.000000,-85.000000,6.934539
14,33,-180.000000,-85.000000,6.910082
15,33,-175.000000,-85.000000,6.885626
16,33,-170.000000,-85.000000,6.862033
17,33,-165.000000,-85.000000,6.838684
18,33,-160.000000,-85.000000,6.815570
19,33,-155.000000,-85.000000,6.792474
20,33,-150.000000,-85.000000,6.769378
21,33,-145.000000,-85.000000,6.746246
22,33,-140.000000,-85.000000,6.722979
23,33,-135.000000,-85.000000,6.699694
24,33,-130.000000,-85.000000,6.676375
25,33,-125.000000,-85.000000,6.653055
26,33,-120.000000,-85.000000,6.629736
27,33,-115.000000,-85.000000,6.606225
28,33,-110.000000,-85.000000,6.582612
29,33,-105.000000,-85.000000,6.558905
30,33,-100.000000,-85.000000,6.535174
31,33,-95.000000,-85.000000,6.511442
32,33,-90.000000,-85.000000,6.487771
33,33,-85.000000,-85.000000,6.464710
34,33,-80.000000,-85.000000,6.441731
35,33,-75.000000,-85.000000,6.419014
36,33,-70.000000,-85.000000,6.396298
37,33,-65.000000,-85.000000,6.373582
38,33,-60.000000,-85.000000,6.351702
39,33,-55.000000,-85.000000,6.330580
40,33,-50.000000,-85.000000,6.310140
41,33,-45.000000,-85.000000,6.290037
42,33,-40.000000,-85.000000,6.269933
43,33,-35.000000,-85.000000,6.249830
44,33,-30.000000,-85.000000,6.231162
45,33,-25.000000,-85.000000,6.212677
46,33,-20.000000,-85.000000,6.195245
47,33,-15.000000,-85.000000,6.177814
48,33,-10.000000,-85.000000,6.160382
49,33,-5.000000,-85.000000,6.143162
50,33,0.000000,-85.000000,6.126266
51,33,5.000000,-85.000000,6.109651
52,33,10.000000,-85.000000,6.093272
53,33,15.000000,-85.000000,6.076894
54,33,20.000000,-85.000000,6.060516
55,33,25.000000,-85.000000,6.043912
56,33,30.000000,-85.000000,6.027263
57,33,35.000000,-85.000000,6.010301
58,33,40.000000,-85.000000,5.993332
59,33,45.000000,-85.000000,5.976363
60,33,50.000000,-85.000000,5.959318
61,33,55.000000,-85.000000,5.942068
62,33,60.000000,-85.000000,5.924649
63,33,65.000000,-85.000000,5.906989
64,33,70.000000,-85.000000,5.889329
65,33,75.000000,-85.000000,5.871670
66,33,80.000000,-85.000000,5.854103
67,33,85.000000,-85.000000,5.836576
68,33,90.000000,-85.000000,5.819252
69,33,95.000000,-85.000000,5.801964
70,33,100.000000,-85.000000,5.784676
71,33,105.000000,-85.000000,5.767417
72,33,110.000000,-85.000000,5.750341
73,33,115.000000,-85.000000,5.733403
74,33,120.000000,-85.000000,5.716810
75,33,125.000000,-85.000000,5.700217
76,33,130.000000,-85.000000,5.683624
77,33,135.000000,-85.000000,5.666922
78,33,140.000000,-85.000000,5.650141
79,33,145.000000,-85.000000,5.632961
80,33,150.000000,-85.000000,5.615628
81,33,155.000000,-85.000000,5.598295
82,33,160.000000,-85.000000,5.580955
83,33,165.000000,-85.000000,5.563108
84,33,170.000000,-85.000000,5.544944
85,33,175.000000,-85.000000,5.525086
86,33,180.000000,-85.000000,5.505228
87,33,185.000000,-85.000000,5.485370
88,33,190.000000,-85.000000,5.465368
89,33,195.000000,-85.000000,5.445188
90,33,200.000000,-85.000000,5.423948
91,33,205.000000,-85.000000,5.401982
92,33,210.000000,-85.000000,5.380017
93,33,215.000000,-85.000000,5.358052
94,33,220.000000,-85.000000,5.336211
95,33,225.000000,-85.000000,5.314424
96,33,230.000000,-85.000000,5.293845
97,33,235.000000,-85.000000,5.273266
98,33,240.000000,-85.000000,5.252688
99,33,245.000000,-85.000000,5.232202
100,33,250.000000,-85.000000,5.211913
0,34,-250.000000,-80.000000,7.296405
1,34,-245.000000,-80.000000,7.267265
2,34,-240.000000,-80.000000,7.238126
3,34,-235.000000,-80.000000,7.208987
4,34,-230.000000,-80.000000,7.179848
5,34,-225.000000,-80.000000,7.152581
6,34,-220.000000,-80.000000,7.125513
7,34,-215.000000,-80.000000,7.098625
8,34,-210.000000,-80.000000,7.071737
9,34,-205.000000,-80.000000,7.044849
10,34,-200.000000,-80.000000,7.018738
11,34,-195.000000,-80.000000,6.994104
12,34,-190.000000,-80.000000,6.969643
13,34,-185.000000,-80.000000,6.945362
14,34,-180.000000,-80.000000,6.921081
15,34,-175.000000,-80.000000,6.896800
16,34,-170.000000,-80.000000,6.873333
17,34,-165.000000,-80.000000,6.850096
18,34,-160.000000,-80.000000,6.827079
19,34,-155.000000,-80.000000,6.804080
20,34,-150.000000,-80.000000,6.781082
21,34,-145.000000,-80.000000,6.758042
22,34,-140.000000,-80.000000,6.734856
23,34,-135.000000,-80.000000,6.711648
24,34,-130.000000,-80.000000,6.688403
25,34,-125.000000,-80.000000,6.665158
26,34,-120.000000,-80.000000,6.641913
27,34,-115.000000,-80.000000,6.618479
28,34,-110.000000,-80.000000,6.594944
29,34,-105.000000,-80.000000,6.571315
30,34,-100.000000,-80.000000,6.547663
31,34,-95.000000,-80.000000,6.524011
32,34,-90.000000,-80.000000,6.500418
33,34,-85.000000,-80.000000,6.477429
34,34,-80.000000,-80.000000,6.454521
35,34,-75.000000,-80.000000,6.431873
36,34,-70.000000,-80.000000,6.409225
37,34,-65.000000,-80.000000,6.386577
38,34,-60.000000,-80.000000,6.364750
39,34,-55.000000,-80.000000,6.343666
40,34,-50.000000,-80.000000,6.323252
41,34,-45.000000,-80.000000,6.303167
42,34,-40.000000,-80.000000,6.283083
43,34,-35.000000,-80.000000,6.262998
44,34,-30.000000,-80.000000,6.244311
45,34,-25.000000,-80.000000,6.225803
46,34,-20.000000,-80.000000,6.208320
47,34,-15.000000,-80.000000,6.190837
48,34,-10.000000,-80.000000,6.173353
49,34,-5.000000,-80.000000,6.156072
50,34,0.000000,-80.000000,6.139099
51,34,5.000000,-80.000000,6.122393
52,34,10.000000,-80.000000,6.105913
53,34,15.000000,-80.000000,6.089432
54,34,20.000000,-80.000000,6.072952
55,34,25.000000,-80.000000,6.056245
56,34,30.000000,-80.000000,6.039493
57,34,35.000000,-80.000000,6.022425
58,34,40.000000,-80.000000,6.005351
59,34,45.000000,-80.000000,5.988276
60,34,50.000000,-80.000000,5.971130
61,34,55.000000,-80.000000,5.953788
62,34,60.000000,-80.000000,5.936286
63,34,65.000000,-80.000000,5.918556
64,34,70.000000,-80.000000,5.900825
65,34,75.000000,-80.000000,5.883095
66,34,80.000000,-80.000000,5.865470
67,34,85.000000,-80.000000,5.847889
68,34,90.000000,-80.000000,5.830537
69,34,95.000000,-80.000000,5.813226
70,34,100.000000,-80.000000,5.795916
71,34,105.000000,-80.000000,5.778637
72,34,110.000000,-80.000000,5.761553
73,34,115.000000,-80.000000,5.744618
74,34,120.000000,-80.000000,5.728053
75,34,125.000000,-80.000000,5.711488
76,34,130.000000,-80.000000,5.694922
77,34,135.000000,-80.000000,5.678257
78,34,140.000000,-80.000000,5.661520
79,34,145.000000,-80.000000,5.644417
80,34,150.000000,-80.000000,5.627174
81,34,155.000000,-80.000000,5.609931
82,34,160.000000,-80.000000,5.592682
83,34,165.000000,-80.000000,5.574942
84,34,170.000000,-80.000000,5.556893
85,34,175.000000,-80.000000,5.537204
86,34,180.000000,-80.000000,5.517515
87,34,185.000000,-80.000000,5.497826
88,34,190.000000,-80.000000,5.477998
89,34,195.000000,-80.000000,5.457998
90,34,200.000000,-80.000000,5.436973
91,34,205.000000,-80.000000,5.415248
92,34,210.000000,-80.000000,5.393522
93,34,215.000000,-80.000000,5.371797
94,34,220.000000,-80.000000,5.350198
95,34,225.000000,-80.000000,5.328653
96,34,230.000000,-80.000000,5.308334
97,34,235.000000,-80.000000,5.288014
98,34,240.000000,-80.000000,5.267694
99,34,245.000000,-80.000000,5.247467
100,34,250.000000,-80.000000,5.227434
0,35,-250.000000,-75.000000,7.302510
1,35,-245.000000,-75.000000,7.273802
2,35,-240.000000,-75.000000,7.245095
3,35,-235.000000,-75.000000,7.216389
4,35,-230.000000,-75.000000,7.187683
5,35,-225.000000,-75.000000,7.160751
6,35,-220.000000,-75.000000,7.134008
7,35,-215.000000,-75.000000,7.107435
8,35,-210.000000,-75.000000,7.080862
9,35,-205.000000,-75.000000,7.054290
10,35,-200.000000,-75.000000,7.028456
11,35,-195.000000,-75.000000,7.004028
12,35,-190.000000,-75.000000,6.979764
13,35,-185.000000,-75.000000,6.955671
14,35,-180.000000,-75.000000,6.931579
15,35,-175.000000,-75.000000,6.907487
16,35,-170.000000,-75.000000,6.884157
17,35,-165.000000,-75.000000,6.861041
18,35,-160.000000,-75.000000,6.838132
19,35,-155.000000,-75.000000,6.815240
20,35,-150.000000,-75.000000,6.792348
21,35,-145.000000,-75.000000,6.769411
22,35,-140.000000,-75.000000,6.746311
23,35,-135.000000,-75.000000,6.723187
24,35,-130.000000,-75.000000,6.700021
25,35,-125.000000,-75.000000,6.676856
26,35,-120.000000,-75.000000,6.653690
27,35,-115.000000,-75.000000,6.630336
28,35,-110.000000,-75.000000,6.606882
29,35,-105.000000,-75.000000,6.583333
30,35,-100.000000,-75.000000,6.559762
31,35,-95.000000,-75.000000,6.536190
32,35,-90.000000,-75.000000,6.512677
33,35,-85.000000,-75.000000,6.489761
34,35,-80.000000,-75.000000,6.466925
35,35,-75.000000,-75.000000,6.444346
36,35,-70.000000,-75.000000,6.421768
37,35,-65.000000,-75.000000,6.399189
38,35,-60.000000,-75.000000,6.377416
39,35,-55.000000,-75.000000,6.356373
40,35,-50.000000,-75.000000,6.335986
41,35,-45.000000,-75.000000,6.315923
42,35,-40.000000,-75.000000,6.295861
43,35,-35.000000,-75.000000,6.275798
44,35,-30.000000,-75.000000,6.257095
45,35,-25.000000,-75.000000,6.238566
46,35,-20.000000,-75.000000,6.221034
47,35,-15.000000,-75.000000,6.203502
48,35,-10.000000,-75.000000,6.185970
49,35,-5.000000,-75.000000,6.168630
50,35,0.000000,-75.000000,6.151580
51,35,5.000000,-75.000000,6.134784
52,35,10.000000,-75.000000,6.118201
53,35,15.000000,-75.000000,6.101618
54,35,20.000000,-75.000000,6.085036
55,35,25.000000,-75.000000,6.068223
56,35,30.000000,-75.000000,6.051364
57,35,35.000000,-75.000000,6.034186
58,35,40.000000,-75.000000,6.017000
59,35,45.000000,-75.000000,5.999814
60,35,50.000000,-75.000000,5.982561
61,35,55.000000,-75.000000,5.965121
62,35,60.000000,-75.000000,5.947529
63,35,65.000000,-75.000000,5.929720
64,35,70.000000,-75.000000,5.911912
65,35,75.000000,-75.000000,5.894103
66,35,80.000000,-75.000000,5.876412
67,35,85.000000,-75.000000,5.858771
68,35,90.000000,-75.000000,5.841387
69,35,95.000000,-75.000000,5.824049
70,35,100.000000,-75.000000,5.806711
71,35,105.000000,-75.000000,5.789407
72,35,110.000000,-75.000000,5.772313
73,35,115.000000,-75.000000,5.755378
74,35,120.000000,-75.000000,5.738841
75,35,125.000000,-75.000000,5.722303
76,35,130.000000,-75.000000,5.705766
77,35,135.000000,-75.000000,5.689138
78,35,140.000000,-75.000000,5.672445
79,35,145.000000,-75.000000,5.655420
80,35,150.000000,-75.000000,5.638268
81,35,155.000000,-75.000000,5.621116
82,35,160.000000,-75.000000,5.603959
83,35,165.000000,-75.000000,5.586324
84,35,170.000000,-75.000000,5.568392
85,35,175.000000,-75.000000,5.548868
86,35,180.000000,-75.000000,5.529344
87,35,185.000000,-75.000000,5.509821
88,35,190.000000,-75.000000,5.490162
89,35,195.000000,-75.000000,5.470338
90,35,200.000000,-75.000000,5.449521
91,35,205.000000,-75.000000,5.428026
92,35,210.000000,-75.000000,5.406531
93,35,215.000000,-75.000000,5.385036
94,35,220.000000,-75.000000,5.363669
95,35,225.000000,-75.000000,5.342356
96,35,230.000000,-75.000000,5.322283
97,35,235.000000,-75.000000,5.302210
98,35,240.000000,-75.000000,5.282137
99,35,245.000000,-75.000000,5.262155
100,35,250.000000,-75.000000,5.242366
0,36,-250.000000,-70.000000,7.308547
1,36,-245.000000,-70.000000,7.280274
2,36,-240.000000,-70.000000,7.252001
3,36,-235.000000,-70.000000,7.223729
4,36,-230.000000,-70.000000,7.195456
5,36,-225.000000,-70.000000,7.168861
6,36,-220.000000,-70.000000,7.142443
7,36,-215.000000,-70.000000,7.116187
8,36,-210.000000,-70.000000,7.089931
9,36,-205.000000,-70.000000,7.063675
10,36,-200.000000,-70.000000,7.038121
11,36,-195.000000,-70.000000,7.013899
12,36,-190.000000,-70.000000,6.989834
13,36,-185.000000,-70.000000,6.965931
14,36,-180.000000,-70.000000,6.942029
15,36,-175.000000,-70.000000,6.918126
16,36,-170.000000,-70.000000,6.894934
17,36,-165.000000,-70.000000,6.871941
18,36,-160.000000,-70.000000,6.849141
19,36,-155.000000,-70.000000,6.826357
20,36,-150.000000,-70.000000,6.803573
21,36,-145.000000,-70.000000,6.780739
22,36,-140.000000,-70.000000,6.757725
23,36,-135.000000,-70.000000,6.734685
24,36,-130.000000,-70.000000,6.711600
25,36,-125.000000,-70.000000,6.688514
26,36,-120.000000,-70.000000,6.665429
27,36,-115.000000,-70.000000,6.642155
28,36,-110.000000,-70.000000,6.618781
29,36,-105.000000,-70.000000,6.595313
30,36,-100.000000,-70.000000,6.571822
31,36,-95.000000,-70.000000,6.548331
32,36,-90.000000,-70.000000,6.524898
33,36,-85.000000,-70.000000,6.502056
34,36,-80.000000,-70.000000,6.479292
35,36,-75.000000,-70.000000,6.456783
36,36,-70.000000,-70.000000,6.434273
37,36,-65.000000,-70.000000,6.411764
38,36,-60.000000,-70.000000,6.390045
39,36,-55.000000,-70.000000,6.369042
40,36,-50.000000,-70.000000,6.348684
41,36,-45.000000,-70.000000,6.328643
42,36,-40.000000,-70.000000,6.308603
43,36,-35.000000,-70.000000,6.288562
44,36,-30.000000,-70.000000,6.269843
45,36,-25.000000,-70.000000,6.251294
46,36,-20.000000,-70.000000,6.233714
47,36,-15.000000,-70.000000,6.216133
48,36,-10.000000,-70.000000,6.198553
49,36,-5.000000,-70.000000,6.181153
50,36,0.000000,-70.000000,6.164028
51,36,5.000000,-70.000000,6.147141
52,36,10.000000,-70.000000,6.130456
53,36,15.000000,-70.000000,6.113770
54,36,20.000000,-70.000000,6.097085
55,36,25.000000,-70.000000,6.080166
56,36,30.000000,-70.000000,6.063201
57,36,35.000000,-70.000000,6.045911
58,36,40.000000,-70.000000,6.028614
59,36,45.000000,-70.000000,6.011316
60,36,50.000000,-70.000000,5.993954
61,36,55.000000,-70.000000,5.976417
62,36,60.000000,-70.000000,5.958734
63,36,65.000000,-70.000000,5.940846
64,36,70.000000,-70.000000,5.922959
65,36,75.000000,-70.000000,5.905071
66,36,80.000000,-70.000000,5.887314
67,36,85.000000,-70.000000,5.869612
68,36,90.000000,-70.000000,5.852195
69,36,95.000000,-70.000000,5.834829
70,36,100.000000,-70.000000,5.817463
71,36,105.000000,-70.000000,5.800134
72,36,110.000000,-70.000000,5.783029
73,36,115.000000,-70.000000,5.766094
74,36,120.000000,-70.000000,5.749584
75,36,125.000000,-70.000000,5.733075
76,36,130.000000,-70.000000,5.716565
77,36,135.000000,-70.000000,5.699975
78,36,140.000000,-70.000000,5.683325
79,36,145.000000,-70.000000,5.666379
80,36,150.000000,-70.000000,5.649318
81,36,155.000000,-70.000000,5.632258
82,36,160.000000,-70.000000,5.615191
83,36,165.000000,-70.000000,5.597663
84,36,170.000000,-70.000000,5.579846
85,36,175.000000,-70.000000,5.560488
86,36,180.000000,-70.000000,5.541129
87,36,185.000000,-70.000000,5.521771
88,36,190.000000,-70.000000,5.502282
89,36,195.000000,-70.000000,5.482632
90,36,200.000000,-70.000000,5.462023
91,36,205.000000,-70.000000,5.440757
92,36,210.000000,-70.000000,5.419491
93,36,215.000000,-70.000000,5.398226
94,36,220.000000,-70.000000,5.377089
95,36,225.000000,-70.000000,5.356008
96,36,230.000000,-70.000000,5.336180
97,36,235.000000,-70.000000,5.316353
98,36,240.000000,-70.000000,5.296525
99,36,245.000000,-70.000000,5.276787
100,36,250.000000,-70.000000,5.257241
0,37,-250.000000,-65.000000,7.314585
1,37,-245.000000,-65.000000,7.286746
2,37,-240.000000,-65.000000,7.258907
3,37,-235.000000,-65.000000,7.231068
4,37,-230.000000,-65.000000,7.203230
5,37,-225.000000,-65.000000,7.176971
6,37,-220.000000,-65.000000,7.150879
7,37,-215.000000,-65.000000,7.124940
8,37,-210.000000,-65.000000,7.099000
9,37,-205.000000,-65.000000,7.073061
10,37,-200.000000,-65.000000,7.047785
11,37,-195.000000,-65.000000,7.023770
12,37,-190.000000,-65.000000,6.999904
13,37,-185.000000,-65.000000,6.976191
14,37,-180.000000,-65.000000,6.952478
15,37,-175.000000,-65.000000,6.928765
16,37,-170.000000,-65.000000,6.905711
17,37,-165.000000,-65.000000,6.882841
18,37,-160.000000,-65.000000,6.860150
19,37,-155.000000,-65.000000,6.837474
20,37,-150.000000,-65.000000,6.814797
21,37,-145.000000,-65.000000,6.792067
22,37,-140.000000,-65.000000,6.769139
23,37,-135.000000,-65.000000,6.746184
24,37,-130.000000,-65.000000,6.723178
25,37,-125.000000,-65.000000,6.700173
26,37,-120.000000,-65.000000,6.677167
27,37,-115.000000,-65.000000,6.653974
28,37,-110.000000,-65.000000,6.630680
29,37,-105.000000,-65.000000,6.607293
30,37,-100.000000,-65.000000,6.583883
31,37,-95.000000,-65.000000,6.560473
32,37,-90.000000,-65.000000,6.537119
33,37,-85.000000,-65.000000,6.514350
34,37,-80.000000,-65.000000,6.491659
35,37,-75.000000,-65.000000,6.469219
36,37,-70.000000,-65.000000,6.446779
37,37,-65.000000,-65.000000,6.424339
38,37,-60.000000,-65.000000,6.402675
39,37,-55.000000,-65.000000,6.381712
40,37,-50.000000,-65.000000,6.361382
41,37,-45.000000,-65.000000,6.341363
42,37,-40.000000,-65.000000,6.321345
43,37,-35.000000,-65.000000,6.301326
44,37,-30.000000,-65.000000,6.282592
45,37,-25.000000,-65.000000,6.264021
46,37,-20.000000,-65.000000,6.246393
47,37,-15.000000,-65.000000,6.228764
48,37,-10.000000,-65.000000,6.211135
49,37,-5.000000,-65.000000,6.193676
50,37,0.000000,-65.000000,6.176475
51,37,5.000000,-65.000000,6.159498
52,37,10.000000,-65.000000,6.142710
53,37,15.000000,-65.000000,6.125922
54,37,20.000000,-65.000000,6.109134
55,37,25.000000,-65.000000,6.092110
56,37,30.000000,-65.000000,6.075037
57,37,35.000000,-65.000000,6.057636
58,37,40.000000,-65.000000,6.040227
59,37,45.000000,-65.000000,6.022818
60,37,50.000000,-65.000000,6.005348
61,37,55.000000,-65.000000,5.987712
62,37,60.000000,-65.000000,5.969939
63,37,65.000000,-65.000000,5.951972
64,37,70.000000,-65.000000,5.934005
65,37,75.000000,-65.000000,5.916038
66,37,80.000000,-65.000000,5.898215
67,37,85.000000,-65.000000,5.880452
68,37,90.000000,-65.000000,5.863003
69,37,95.000000,-65.000000,5.845609
70,37,100.000000,-65.000000,5.828215
71,37,105.000000,-65.000000,5.810860
72,37,110.000000,-65.000000,5.793744
73,37,115.000000,-65.000000,5.776810
74,37,120.000000,-65.000000,5.760328
75,37,125.000000,-65.000000,5.743846
76,37,130.000000,-65.000000,5.727365
77,37,135.000000,-65.000000,5.710811
78,37,140.000000,-65.000000,5.694205
79,37,145.000000,-65.000000,5.677337
80,37,150.000000,-65.000000,5.660368
81,37,155.000000,-65.000000,5.643399
82,37,160.000000,-65.000000,5.626424
83,37,165.000000,-65.000000,5.609002
84,37,170.000000,-65.000000,5.591301
85,37,175.000000,-65.000000,5.572107
86,37,180.000000,-65.000000,5.552914
87,37,185.000000,-65.000000,5.533721
88,37,190.000000,-65.000000,5.514401
89,37,195.000000,-65.000000,5.494927
90,37,200.000000,-65.000000,5.474525
91,37,205.000000,-65.000000,5.453488
92,37,210.000000,-65.000000,5.432452
93,37,215.000000,-65.000000,5.411415
94,37,220.000000,-65.000000,5.390510
95,37,225.000000,-65.000000,5.369660
96,37,230.000000,-65.000000,5.350078
97,37,235.000000,-65.000000,5.330495
98,37,240.000000,-65.000000,5.310912
99,37,245.000000,-65.000000,5.291419
100,37,250.000000,-65.000000,5.272116
0,38,-250.000000,-60.000000,7.320295
1,38,-245.000000,-60.000000,7.292861
2,38,-240.000000,-60.000000,7.265428
3,38,-235.000000,-60.000000,7.237994
4,38,-230.000000,-60.000000,7.210561
5,38,-225.000000,-60.000000,7.184619
6,38,-220.000000,-60.000000,7.158835
7,38,-215.000000,-60.000000,7.133196
8,38,-210.000000,-60.000000,7.107556
9,38,-205.000000,-60.000000,7.081916
10,38,-200.000000,-60.000000,7.056905
11,38,-195.000000,-60.000000,7.033091
12,38,-190.000000,-60.000000,7.009417
13,38,-185.000000,-60.000000,6.985889
14,38,-180.000000,-60.000000,6.962361
15,38,-175.000000,-60.000000,6.938833
16,38,-170.000000,-60.000000,6.915914
17,38,-165.000000,-60.000000,6.893165
18,38,-160.000000,-60.000000,6.870581
19,38,-155.000000,-60.000000,6.848011
20,38,-150.000000,-60.000000,6.825440
21,38,-145.000000,-60.000000,6.802810
22,38,-140.000000,-60.000000,6.779963
23,38,-135.000000,-60.000000,6.757085
24,38,-130.000000,-60.000000,6.734152
25,38,-125.000000,-60.000000,6.711220
26,38,-120.000000,-60.000000,6.688287
27,38,-115.000000,-60.000000,6.665163
28,38,-110.000000,-60.000000,6.641937
29,38,-105.000000,-60.000000,6.618616
30,38,-100.000000,-60.000000,6.595272
31,38,-95.000000,-60.000000,6.571927
32,38,-90.000000,-60.000000,6.548639
33,38,-85.000000,-60.000000,6.525928
34,38,-80.000000,-60.000000,6.503294
35,38,-75.000000,-60.000000,6.480909
36,38,-70.000000,-60.000000,6.458523
37,38,-65.000000,-60.000000,6.436138
38,38,-60.000000,-60.000000,6.414516
39,38,-55.000000,-60.000000,6.393585
40,38,-50.000000,-60.000000,6.373276
41,38,-45.000000,-60.000000,6.353274
42,38,-40.000000,-60.000000,6.333272
43,38,-35.000000,-60.000000,6.313269
44,38,-30.000000,-60.000000,6.294519
45,38,-25.000000,-60.000000,6.275929
46,38,-20.000000,-60.000000,6.258256
47,38,-15.000000,-60.000000,6.240584
48,38,-10.000000,-60.000000,6.222912
49,38,-5.000000,-60.000000,6.205398
50,38,0.000000,-60.000000,6.188126
51,38,5.000000,-60.000000,6.171064
52,38,10.000000,-60.000000,6.154179
53,38,15.000000,-60.000000,6.137295
54,38,20.000000,-60.000000,6.120410
55,38,25.000000,-60.000000,6.103282
56,38,30.000000,-60.000000,6.086105
57,38,35.000000,-60.000000,6.068590
58,38,40.000000,-60.000000,6.051067
59,38,45.000000,-60.000000,6.033544
60,38,50.000000,-60.000000,6.015962
61,38,55.000000,-60.000000,5.998223
62,38,60.000000,-60.000000,5.980352
63,38,65.000000,-60.000000,5.962296
64,38,70.000000,-60.000000,5.944240
65,38,75.000000,-60.000000,5.926184
66,38,80.000000,-60.000000,5.908284
67,38,85.000000,-60.000000,5.890451
68,38,90.000000,-60.000000,5.872959
69,38,95.000000,-60.000000,5.855528
70,38,100.000000,-60.000000,5.838097
71,38,105.000000,-60.000000,5.820707
72,38,110.000000,-60.000000,5.803573
73,38,115.000000,-60.000000,5.786632
74,38,120.000000,-60.000000,5.770173
75,38,125.000000,-60.000000,5.753715
76,38,130.000000,-60.000000,5.737256
77,38,135.000000,-60.000000,5.720734
78,38,140.000000,-60.000000,5.704167
79,38,145.000000,-60.000000,5.687368
80,38,150.000000,-60.000000,5.670481
81,38,155.000000,-60.000000,5.653594
82,38,160.000000,-60.000000,5.636701
83,38,165.000000,-60.000000,5.619373
84,38,170.000000,-60.000000,5.601771
85,38,175.000000,-60.000000,5.582714
86,38,180.000000,-60.000000,5.563657
87,38,185.000000,-60.000000,5.544601
88,38,190.000000,-60.000000,5.525420
89,38,195.000000,-60.000000,5.506089
90,38,200.000000,-60.000000,5.485850
91,38,205.000000,-60.000000,5.464990
92,38,210.000000,-60.000000,5.444131
93,38,215.000000,-60.000000,5.423272
94,38,220.000000,-60.000000,5.402544
95,38,225.000000,-60.000000,5.381873
96,38,230.000000,-60.000000,5.362473
97,38,235.000000,-60.000000,5.343074
98,38,240.000000,-60.000000,5.323675
99,38,245.000000,-60.000000,5.304365
100,38,250.000000,-60.000000,5.285242
0,39,-250.000000,-55.000000,7.325697
1,39,-245.000000,-55.000000,7.298641
2,39,-240.000000,-55.000000,7.271586
3,39,-235.000000,-55.000000,7.244530
4,39,-230.000000,-55.000000,7.217474
5,39,-225.000000,-55.000000,7.191832
6,39,-220.000000,-55.000000,7.166340
7,39,-215.000000,-55.000000,7.140984
8,39,-210.000000,-55.000000,7.115628
9,39,-205.000000,-55.000000,7.090271
10,39,-200.000000,-55.000000,7.065514
11,39,-195.000000,-55.000000,7.041893
12,39,-190.000000,-55.000000,7.018407
13,39,-185.000000,-55.000000,6.995059
14,39,-180.000000,-55.000000,6.971711
15,39,-175.000000,-55.000000,6.948363
16,39,-170.000000,-55.000000,6.925575
17,39,-165.000000,-55.000000,6.902945
18,39,-160.000000,-55.000000,6.880467
19,39,-155.000000,-55.000000,6.858001
20,39,-150.000000,-55.000000,6.835535
21,39,-145.000000,-55.000000,6.813003
22,39,-140.000000,-55.000000,6.790231
23,39,-135.000000,-55.000000,6.767425
24,39,-130.000000,-55.000000,6.744558
25,39,-125.000000,-55.000000,6.721690
26,39,-120.000000,-55.000000,6.698823
27,39,-115.000000,-55.000000,6.675758
28,39,-110.000000,-55.000000,6.652588
29,39,-105.000000,-55.000000,6.629320
30,39,-100.000000,-55.000000,6.606027
31,39,-95.000000,-55.000000,6.582734
32,39,-90.000000,-55.000000,6.559497
33,39,-85.000000,-55.000000,6.536831
34,39,-80.000000,-55.000000,6.514240
35,39,-75.000000,-55.000000,6.491895
36,39,-70.000000,-55.000000,6.469550
37,39,-65.000000,-55.000000,6.447206
38,39,-60.000000,-55.000000,6.425615
39,39,-55.000000,-55.000000,6.404706
40,39,-50.000000,-55.000000,6.384413
41,39,-45.000000,-55.000000,6.364422
42,39,-40.000000,-55.000000,6.344431
43,39,-35.000000,-55.000000,6.324440
44,39,-30.000000,-55.000000,6.305673
45,39,-25.000000,-55.000000,6.287064
46,39,-20.000000,-55.000000,6.269352
47,39,-15.000000,-55.000000,6.251640
48,39,-10.000000,-55.000000,6.233928
49,39,-5.000000,-55.000000,6.216365
50,39,0.000000,-55.000000,6.199027
51,39,5.000000,-55.000000,6.181885
52,39,10.000000,-55.000000,6.164909
53,39,15.000000,-55.000000,6.147933
54,39,20.000000,-55.000000,6.130957
55,39,25.000000,-55.000000,6.113728
56,39,30.000000,-55.000000,6.096448
57,39,35.000000,-55.000000,6.078817
58,39,40.000000,-55.000000,6.061178
59,39,45.000000,-55.000000,6.043538
60,39,50.000000,-55.000000,6.025843
61,39,55.000000,-55.000000,6.007994
62,39,60.000000,-55.000000,5.990018
63,39,65.000000,-55.000000,5.971863
64,39,70.000000,-55.000000,5.953709
65,39,75.000000,-55.000000,5.935554
66,39,80.000000,-55.000000,5.917569
67,39,85.000000,-55.000000,5.899656
68,39,90.000000,-55.000000,5.882113
69,39,95.000000,-55.000000,5.864636
70,39,100.000000,-55.000000,5.847159
71,39,105.000000,-55.000000,5.829727
72,39,110.000000,-55.000000,5.812566
73,39,115.000000,-55.000000,5.795612
74,39,120.000000,-55.000000,5.779172
75,39,125.000000,-55.000000,5.762732
76,39,130.000000,-55.000000,5.746292
77,39,135.000000,-55.000000,5.729797
78,39,140.000000,-55.000000,5.713262
79,39,145.000000,-55.000000,5.696525
80,39,150.000000,-55.000000,5.679712
81,39,155.000000,-55.000000,5.662898
82,39,160.000000,-55.000000,5.646078
83,39,165.000000,-55.000000,5.628830
84,39,170.000000,-55.000000,5.611314
85,39,175.000000,-55.000000,5.592367
86,39,180.000000,-55.000000,5.573419
87,39,185.000000,-55.000000,5.554472
88,39,190.000000,-55.000000,5.535403
89,39,195.000000,-55.000000,5.516184
90,39,200.000000,-55.000000,5.496066
91,39,205.000000,-55.000000,5.475335
92,39,210.000000,-55.000000,5.454604
93,39,215.000000,-55.000000,5.433873
94,39,220.000000,-55.000000,5.413273
95,39,225.000000,-55.000000,5.392729
96,39,230.000000,-55.000000,5.373455
97,39,235.000000,-55.000000,5.354181
98,39,240.000000,-55.000000,5.334907
99,39,245.000000,-55.000000,5.315721
100,39,250.000000,-55.000000,5.296722
0,40,-250.000000,-50.000000,7.330790
1,40,-245.000000,-50.000000,7.304085
2,40,-240.000000,-50.000000,7.277381
3,40,-235.000000,-50.000000,7.250676
4,40,-230.000000,-50.000000,7.223971
5,40,-225.000000,-50.000000,7.198611
6,40,-220.000000,-50.000000,7.173392
7,40,-215.000000,-50.000000,7.148304
8,40,-210.000000,-50.000000,7.123215
9,40,-205.000000,-50.000000,7.098127
10,40,-200.000000,-50.000000,7.073609
11,40,-195.000000,-50.000000,7.050176
12,40,-190.000000,-50.000000,7.026871
13,40,-185.000000,-50.000000,7.003699
14,40,-180.000000,-50.000000,6.980526
15,40,-175.000000,-50.000000,6.957353
16,40,-170.000000,-50.000000,6.934695
17,40,-165.000000,-50.000000,6.912181
18,40,-160.000000,-50.000000,6.889807
19,40,-155.000000,-50.000000,6.867445
20,40,-150.000000,-50.000000,6.845082
21,40,-145.000000,-50.000000,6.822645
22,40,-140.000000,-50.000000,6.799943
23,40,-135.000000,-50.000000,6.777202
24,40,-130.000000,-50.000000,6.754393
25,40,-125.000000,-50.000000,6.731584
26,40,-120.000000,-50.000000,6.708776
27,40,-115.000000,-50.000000,6.685760
28,40,-110.000000,-50.000000,6.662633
29,40,-105.000000,-50.000000,6.639404
30,40,-100.000000,-50.000000,6.616149
31,40,-95.000000,-50.000000,6.592893
32,40,-90.000000,-50.000000,6.569693
33,40,-85.000000,-50.000000,6.547057
34,40,-80.000000,-50.000000,6.524496
35,40,-75.000000,-50.000000,6.502178
36,40,-70.000000,-50.000000,6.479860
37,40,-65.000000,-50.000000,6.457542
38,40,-60.000000,-50.000000,6.435970
39,40,-55.000000,-50.000000,6.415076
40,40,-50.000000,-50.000000,6.394791
41,40,-45.000000,-50.000000,6.374806
42,40,-40.000000,-50.000000,6.354821
43,40,-35.000000,-50.000000,6.334836
44,40,-30.000000,-50.000000,6.316054
45,40,-25.000000,-50.000000,6.297425
46,40,-20.000000,-50.000000,6.279679
47,40,-15.000000,-50.000000,6.261932
48,40,-10.000000,-50.000000,6.244185
49,40,-5.000000,-50.000000,6.226576
50,40,0.000000,-50.000000,6.209177
51,40,5.000000,-50.000000,6.191961
52,40,10.000000,-50.000000,6.174899
53,40,15.000000,-50.000000,6.157837
54,40,20.000000,-50.000000,6.140775
55,40,25.000000,-50.000000,6.123447
56,40,30.000000,-50.000000,6.106067
57,40,35.000000,-50.000000,6.088317
58,40,40.000000,-50.000000,6.070559
59,40,45.000000,-50.000000,6.052801
60,40,50.000000,-50.000000,6.034988
61,40,55.000000,-50.000000,6.017025
62,40,60.000000,-50.000000,5.998937
63,40,65.000000,-50.000000,5.980674
64,40,70.000000,-50.000000,5.962411
65,40,75.000000,-50.000000,5.944148
66,40,80.000000,-50.000000,5.926069
67,40,85.000000,-50.000000,5.908066
68,40,90.000000,-50.000000,5.890464
69,40,95.000000,-50.000000,5.872933
70,40,100.000000,-50.000000,5.855401
71,40,105.000000,-50.000000,5.837917
72,40,110.000000,-50.000000,5.820723
73,40,115.000000,-50.000000,5.803748
74,40,120.000000,-50.000000,5.787323
75,40,125.000000,-50.000000,5.770897
76,40,130.000000,-50.000000,5.754471
77,40,135.000000,-50.000000,5.737998
78,40,140.000000,-50.000000,5.721490
79,40,145.000000,-50.000000,5.704808
80,40,150.000000,-50.000000,5.688058
81,40,155.000000,-50.000000,5.671309
82,40,160.000000,-50.000000,5.654554
83,40,165.000000,-50.000000,5.637374
84,40,170.000000,-50.000000,5.619929
85,40,175.000000,-50.000000,5.601064
86,40,180.000000,-50.000000,5.582199
87,40,185.000000,-50.000000,5.563335
88,40,190.000000,-50.000000,5.544348
89,40,195.000000,-50.000000,5.525210
90,40,200.000000,-50.000000,5.505173
91,40,205.000000,-50.000000,5.484521
92,40,210.000000,-50.000000,5.463869
93,40,215.000000,-50.000000,5.443217
94,40,220.000000,-50.000000,5.422694
95,40,225.000000,-50.000000,5.402228
96,40,230.000000,-50.000000,5.383021
97,40,235.000000,-50.000000,5.363813
98,40,240.000000,-50.000000,5.344606
99,40,245.000000,-50.000000,5.325487
100,40,250.000000,-50.000000,5.306554
0,41,-250.000000,-45.000000,7.335814
1,41,-245.000000,-45.000000,7.309454
2,41,-240.000000,-45.000000,7.283094
3,41,-235.000000,-45.000000,7.256734
4,41,-230.000000,-45.000000,7.230374
5,41,-225.000000,-45.000000,7.205291
6,41,-220.000000,-45.000000,7.180343
7,41,-215.000000,-45.000000,7.155519
8,41,-210.000000,-45.000000,7.130694
9,41,-205.000000,-45.000000,7.105870
10,41,-200.000000,-45.000000,7.081589
11,41,-195.000000,-45.000000,7.058343
12,41,-190.000000,-45.000000,7.035218
13,41,-185.000000,-45.000000,7.012220
14,41,-180.000000,-45.000000,6.989221
15,41,-175.000000,-45.000000,6.966222
16,41,-170.000000,-45.000000,6.943693
17,41,-165.000000,-45.000000,6.921295
18,41,-160.000000,-45.000000,6.899025
19,41,-155.000000,-45.000000,6.876765
20,41,-150.000000,-45.000000,6.854505
21,41,-145.000000,-45.000000,6.832164
22,41,-140.000000,-45.000000,6.809529
23,41,-135.000000,-45.000000,6.786852
24,41,-130.000000,-45.000000,6.764100
25,41,-125.000000,-45.000000,6.741349
26,41,-120.000000,-45.000000,6.718597
27,41,-115.000000,-45.000000,6.695628
28,41,-110.000000,-45.000000,6.672542
29,41,-105.000000,-45.000000,6.649349
30,41,-100.000000,-45.000000,6.626128
31,41,-95.000000,-45.000000,6.602907
32,41,-90.000000,-45.000000,6.579741
33,41,-85.000000,-45.000000,6.557132
34,41,-80.000000,-45.000000,6.534597
35,41,-75.000000,-45.000000,6.512302
36,41,-70.000000,-45.000000,6.490008
37,41,-65.000000,-45.000000,6.467713
38,41,-60.000000,-45.000000,6.446159
39,41,-55.000000,-45.000000,6.425277
40,41,-50.000000,-45.000000,6.404999
41,41,-45.000000,-45.000000,6.385019
42,41,-40.000000,-45.000000,6.365039
43,41,-35.000000,-45.000000,6.345059
44,41,-30.000000,-45.000000,6.326261
45,41,-25.000000,-45.000000,6.307613
46,41,-20.000000,-45.000000,6.289832
47,41,-15.000000,-45.000000,6.272052
48,41,-10.000000,-45.000000,6.254271
49,41,-5.000000,-45.000000,6.236618
50,41,0.000000,-45.000000,6.219159
51,41,5.000000,-45.000000,6.201869
52,41,10.000000,-45.000000,6.184723
53,41,15.000000,-45.000000,6.167576
54,41,20.000000,-45.000000,6.150429
55,41,25.000000,-45.000000,6.133004
56,41,30.000000,-45.000000,6.115522
57,41,35.000000,-45.000000,6.097654
58,41,40.000000,-45.000000,6.079777
59,41,45.000000,-45.000000,6.061900
60,41,50.000000,-45.000000,6.043968
61,41,55.000000,-45.000000,6.025889
62,41,60.000000,-45.000000,6.007688
63,41,65.000000,-45.000000,5.989315
64,41,70.000000,-45.000000,5.970942
65,41,75.000000,-45.000000,5.952569
66,41,80.000000,-45.000000,5.934393
67,41,85.000000,-45.000000,5.916299
68,41,90.000000,-45.000000,5.898635
69,41,95.000000,-45.000000,5.881047
70,41,100.000000,-45.000000,5.863459
71,41,105.000000,-45.000000,5.845921
72,41,110.000000,-45.000000,5.828691
73,41,115.000000,-45.000000,5.811696
74,41,120.000000,-45.000000,5.795283
75,41,125.000000,-45.000000,5.778871
76,41,130.000000,-45.000000,5.762459
77,41,135.000000,-45.000000,5.746006
78,41,140.000000,-45.000000,5.729524
79,41,145.000000,-45.000000,5.712894
80,41,150.000000,-45.000000,5.696207
81,41,155.000000,-45.000000,5.679520
82,41,160.000000,-45.000000,5.662828
83,41,165.000000,-45.000000,5.645714
84,41,170.000000,-45.000000,5.628335
85,41,175.000000,-45.000000,5.609547
86,41,180.000000,-45.000000,5.590759
87,41,185.000000,-45.000000,5.571970
88,41,190.000000,-45.000000,5.553059
89,41,195.000000,-45.000000,5.533997
90,41,200.000000,-45.000000,5.514031
91,41,205.000000,-45.000000,5.493447
92,41,210.000000,-45.000000,5.472863
93,41,215.000000,-45.000000,5.452278
94,41,220.000000,-45.000000,5.431823
95,41,225.000000,-45.000000,5.411423
96,41,230.000000,-45.000000,5.392269
97,41,235.000000,-45.000000,5.373115
98,41,240.000000,-45.000000,5.353961
99,41,245.000000,-45.000000,5.334895
100,41,250.000000,-45.000000,5.316015
0,42,-250.000000,-40.000000,7.340837
1,42,-245.000000,-40.000000,7.314823
2,42,-240.000000,-40.000000,7.288807
3,42,-235.000000,-40.000000,7.262792
4,42,-230.000000,-40.000000,7.236777
5,42,-225.000000,-40.000000,7.211972
6,42,-220.000000,-40.000000,7.187294
7,42,-215.000000,-40.000000,7.162734
8,42,-210.000000,-40.000000,7.138173
9,42,-205.000000,-40.000000,7.113613
10,42,-200.000000,-40.000000,7.089569
11,42,-195.000000,-40.000000,7.066510
12,42,-190.000000,-40.000000,7.043565
13,42,-185.000000,-40.000000,7.020741
14,42,-180.000000,-40.000000,6.997916
15,42,-175.000000,-40.000000,6.975092
16,42,-170.000000,-40.000000,6.952691
17,42,-165.000000,-40.000000,6.930410
18,42,-160.000000,-40.000000,6.908243
19,42,-155.000000,-40.000000,6.886086
20,42,-150.000000,-40.000000,6.863929
21,42,-145.000000,-40.000000,6.841683
22,42,-140.000000,-40.000000,6.819116
23,42,-135.000000,-40.000000,6.796502
24,42,-130.000000,-40.000000,6.773808
25,42,-125.000000,-40.000000,6.751113
26,42,-120.000000,-40.000000,6.728419
27,42,-115.000000,-40.000000,6.705496
28,42,-110.000000,-40.000000,6.682451
29,42,-105.000000,-40.000000,6.659294
30,42,-100.000000,-40.000000,6.636107
31,42,-95.000000,-40.000000,6.612921
32,42,-90.000000,-40.000000,6.589789
33,42,-85.000000,-40.000000,6.567207
34,42,-80.000000,-40.000000,6.544698
35,42,-75.000000,-40.000000,6.522427
36,42,-70.000000,-40.000000,6.500156
37,42,-65.000000,-40.000000,6.477885
38,42,-60.000000,-40.000000,6.456348
39,42,-55.000000,-40.000000,6.435478
40,42,-50.000000,-40.000000,6.415208
41,42,-45.000000,-40.000000,6.395232
42,42,-40.000000,-40.000000,6.375257
43,42,-35.000000,-40.000000,6.355282
44,42,-30.000000,-40.000000,6.336467
45,42,-25.000000,-40.000000,6.317801
46,42,-20.000000,-40.000000,6.299986
47,42,-15.000000,-40.000000,6.282171
48,42,-10.000000,-40.000000,6.264356
49,42,-5.000000,-40.000000,6.246659
50,42,0.000000,-40.000000,6.229141
51,42,5.000000,-40.000000,6.211778
52,42,10.000000,-40.000000,6.194546
53,42,15.000000,-40.000000,6.177314
54,42,20.000000,-40.000000,6.160083
55,42,25.000000,-40.000000,6.142560
56,42,30.000000,-40.000000,6.124978
57,42,35.000000,-40.000000,6.106991
58,42,40.000000,-40.000000,6.088994
59,42,45.000000,-40.000000,6.070998
60,42,50.000000,-40.000000,6.052949
61,42,55.000000,-40.000000,6.034754
62,42,60.000000,-40.000000,6.016440
63,42,65.000000,-40.000000,5.997956
64,42,70.000000,-40.000000,5.979473
65,42,75.000000,-40.000000,5.960989
66,42,80.000000,-40.000000,5.942716
67,42,85.000000,-40.000000,5.924531
68,42,90.000000,-40.000000,5.906805
69,42,95.000000,-40.000000,5.889161
70,42,100.000000,-40.000000,5.871516
71,42,105.000000,-40.000000,5.853925
72,42,110.000000,-40.000000,5.836660
73,42,115.000000,-40.000000,5.819643
74,42,120.000000,-40.000000,5.803244
75,42,125.000000,-40.000000,5.786845
76,42,130.000000,-40.000000,5.770446
77,42,135.000000,-40.000000,5.754014
78,42,140.000000,-40.000000,5.737558
79,42,145.000000,-40.000000,5.720980
80,42,150.000000,-40.000000,5.704356
81,42,155.000000,-40.000000,5.687731
82,42,160.000000,-40.000000,5.671101
83,42,165.000000,-40.000000,5.654053
84,42,170.000000,-40.000000,5.636741
85,42,175.000000,-40.000000,5.618029
86,42,180.000000,-40.000000,5.599318
87,42,185.000000,-40.000000,5.580606
88,42,190.000000,-40.000000,5.561771
89,42,195.000000,-40.000000,5.542784
90,42,200.000000,-40.000000,5.522889
91,42,205.000000,-40.000000,5.502373
92,42,210.000000,-40.000000,5.481856
93,42,215.000000,-40.000000,5.461340
94,42,220.000000,-40.000000,5.440951
95,42,225.000000,-40.000000,5.420617
96,42,230.000000,-40.000000,5.401517
97,42,235.000000,-40.000000,5.382417
98,42,240.000000,-40.000000,5.363316
99,42,245.000000,-40.000000,5.344304
100,42,250.000000,-40.000000,5.325476
0,43,-250.000000,-35.000000,7.345766
1,43,-245.000000,-35.000000,7.320069
2,43,-240.000000,-35.000000,7.294371
3,43,-235.000000,-35.000000,7.268673
4,43,-230.000000,-35.000000,7.242975
5,43,-225.000000,-35.000000,7.218427
6,43,-220.000000,-35.000000,7.194001
7,43,-215.000000,-35.000000,7.169685
8,43,-210.000000,-35.000000,7.145370
9,43,-205.000000,-35.000000,7.121054
10,43,-200.000000,-35.000000,7.097232
11,43,-195.000000,-35.000000,7.074348
12,43,-190.000000,-35.000000,7.051574
13,43,-185.000000,-35.000000,7.028914
14,43,-180.000000,-35.000000,7.006254
15,43,-175.000000,-35.000000,6.983594
16,43,-170.000000,-35.000000,6.961316
17,43,-165.000000,-35.000000,6.939145
18,43,-160.000000,-35.000000,6.917078
19,43,-155.000000,-35.000000,6.895019
20,43,-150.000000,-35.000000,6.872961
21,43,-145.000000,-35.000000,6.850805
22,43,-140.000000,-35.000000,6.828302
23,43,-135.000000,-35.000000,6.805748
24,43,-130.000000,-35.000000,6.783106
25,43,-125.000000,-35.000000,6.760464
26,43,-120.000000,-35.000000,6.737822
27,43,-115.000000,-35.000000,6.714940
28,43,-110.000000,-35.000000,6.691930
29,43,-105.000000,-35.000000,6.668802
30,43,-100.000000,-35.000000,6.645643
31,43,-95.000000,-35.000000,6.622484
32,43,-90.000000,-35.000000,6.599378
33,43,-85.000000,-35.000000,6.576817
34,43,-80.000000,-35.000000,6.554327
35,43,-75.000000,-35.000000,6.532072
36,43,-70.000000,-35.000000,6.509817
37,43,-65.000000,-35.000000,6.487562
38,43,-60.000000,-35.000000,6.466038
39,43,-55.000000,-35.000000,6.445175
40,43,-50.000000,-35.000000,6.424909
41,43,-45.000000,-35.000000,6.404936
42,43,-40.000000,-35.000000,6.384962
43,43,-35.000000,-35.000000,6.364989
44,43,-30.000000,-35.000000,6.346159
45,43,-25.000000,-35.000000,6.327476
46,43,-20.000000,-35.000000,6.309630
47,43,-15.000000,-35.000000,6.291785
48,43,-10.000000,-35.000000,6.273940
49,43,-5.000000,-35.000000,6.256202
50,43,0.000000,-35.000000,6.238629
51,43,5.000000,-35.000000,6.221199
52,43,10.000000,-35.000000,6.203890
53,43,15.000000,-35.000000,6.186580
54,43,20.000000,-35.000000,6.169270
55,43,25.000000,-35.000000,6.151655
56,43,30.000000,-35.000000,6.133979
57,43,35.000000,-35.000000,6.115878
58,43,40.000000,-35.000000,6.097767
59,43,45.000000,-35.000000,6.079657
60,43,50.000000,-35.000000,6.061493
61,43,55.000000,-35.000000,6.043186
62,43,60.000000,-35.000000,6.024761
63,43,65.000000,-35.000000,6.006168
64,43,70.000000,-35.000000,5.987575
65,43,75.000000,-35.000000,5.968982
66,43,80.000000,-35.000000,5.950613
67,43,85.000000,-35.000000,5.932337
68,43,90.000000,-35.000000,5.914548
69,43,95.000000,-35.000000,5.896845
70,43,100.000000,-35.000000,5.879143
71,43,105.000000,-35.000000,5.861497
72,43,110.000000,-35.000000,5.844195
73,43,115.000000,-35.000000,5.827155
74,43,120.000000,-35.000000,5.810766
75,43,125.000000,-35.000000,5.794378
76,43,130.000000,-35.000000,5.777990
77,43,135.000000,-35.000000,5.761575
78,43,140.000000,-35.000000,5.745141
79,43,145.000000,-35.000000,5.728610
80,43,150.000000,-35.000000,5.712041
81,43,155.000000,-35.000000,5.695472
82,43,160.000000,-35.000000,5.678898
83,43,165.000000,-35.000000,5.661906
84,43,170.000000,-35.000000,5.644651
85,43,175.000000,-35.000000,5.625999
86,43,180.000000,-35.000000,5.607347
87,43,185.000000,-35.000000,5.588695
88,43,190.000000,-35.000000,5.569918
89,43,195.000000,-35.000000,5.550988
90,43,200.000000,-35.000000,5.531139
91,43,205.000000,-35.000000,5.510663
92,43,210.000000,-35.000000,5.490186
93,43,215.000000,-35.000000,5.469709
94,43,220.000000,-35.000000,5.449358
95,43,225.000000,-35.000000,5.429061
96,43,230.000000,-35.000000,5.409982
97,43,235.000000,-35.000000,5.390903
98,43,240.000000,-35.000000,5.371823
99,43,245.000000,-35.000000,5.352831
100,43,250.000000,-35.000000,5.334025
0,44,-250.000000,-30.000000,7.350563
1,44,-245.000000,-30.000000,7.325145
2,44,-240.000000,-30.000000,7.299727
3,44,-235.000000,-30.000000,7.274309
4,44,-230.000000,-30.000000,7.248890
5,44,-225.000000,-30.000000,7.224571
6,44,-220.000000,-30.000000,7.200369
7,44,-215.000000,-30.000000,7.176272
8,44,-210.000000,-30.000000,7.152176
9,44,-205.000000,-30.000000,7.128080
10,44,-200.000000,-30.000000,7.104456
11,44,-195.000000,-30.000000,7.081733
12,44,-190.000000,-30.000000,7.059115
13,44,-185.000000,-30.000000,7.036606
14,44,-180.000000,-30.000000,7.014098
15,44,-175.000000,-30.000000,6.991590
16,44,-170.000000,-30.000000,6.969426
17,44,-165.000000,-30.000000,6.947359
18,44,-160.000000,-30.000000,6.925385
19,44,-155.000000,-30.000000,6.903419
20,44,-150.000000,-30.000000,6.881452
21,44,-145.000000,-30.000000,6.859382
22,44,-140.000000,-30.000000,6.836936
23,44,-135.000000,-30.000000,6.814435
24,44,-130.000000,-30.000000,6.791840
25,44,-125.000000,-30.000000,6.769244
26,44,-120.000000,-30.000000,6.746649
27,44,-115.000000,-30.000000,6.723800
28,44,-110.000000,-30.000000,6.700816
29,44,-105.000000,-30.000000,6.677707
30,44,-100.000000,-30.000000,6.654566
31,44,-95.000000,-30.000000,6.631425
32,44,-90.000000,-30.000000,6.608337
33,44,-85.000000,-30.000000,6.585785
34,44,-80.000000,-30.000000,6.563305
35,44,-75.000000,-30.000000,6.541056
36,44,-70.000000,-30.000000,6.518808
37,44,-65.000000,-30.000000,6.496559
38,44,-60.000000,-30.000000,6.475038
39,44,-55.000000,-30.000000,6.454177
40,44,-50.000000,-30.000000,6.433910
41,44,-45.000000,-30.000000,6.413935
42,44,-40.000000,-30.000000,6.393960
43,44,-35.000000,-30.000000,6.373985
44,44,-30.000000,-30.000000,6.355141
45,44,-25.000000,-30.000000,6.336442
46,44,-20.000000,-30.000000,6.318571
47,44,-15.000000,-30.000000,6.300700
48,44,-10.000000,-30.000000,6.282830
49,44,-5.000000,-30.000000,6.265058
50,44,0.000000,-30.000000,6.247438
51,44,5.000000,-30.000000,6.229949
52,44,10.000000,-30.000000,6.212571
53,44,15.000000,-30.000000,6.195192
54,44,20.000000,-30.000000,6.177814
55,44,25.000000,-30.000000,6.160116
56,44,30.000000,-30.000000,6.142353
57,44,35.000000,-30.000000,6.124145
58,44,40.000000,-30.000000,6.105926
59,44,45.000000,-30.000000,6.087708
60,44,50.000000,-30.000000,6.069437
61,44,55.000000,-30.000000,6.051022
62,44,60.000000,-30.000000,6.032489
63,44,65.000000,-30.000000,6.013788
64,44,70.000000,-30.000000,5.995087
65,44,75.000000,-30.000000,5.976385
66,44,80.000000,-30.000000,5.957920
67,44,85.000000,-30.000000,5.939553
68,44,90.000000,-30.000000,5.921700
69,44,95.000000,-30.000000,5.903937
70,44,100.000000,-30.000000,5.886175
71,44,105.000000,-30.000000,5.868472
72,44,110.000000,-30.000000,5.851131
73,44,115.000000,-30.000000,5.834065
74,44,120.000000,-30.000000,5.817684
75,44,125.000000,-30.000000,5.801303
76,44,130.000000,-30.000000,5.784922
77,44,135.000000,-30.000000,5.768521
78,44,140.000000,-30.000000,5.752104
79,44,145.000000,-30.000000,5.735610
80,44,150.000000,-30.000000,5.719088
81,44,155.000000,-30.000000,5.702565
82,44,160.000000,-30.000000,5.686037
83,44,165.000000,-30.000000,5.669089
84,44,170.000000,-30.000000,5.651877
85,44,175.000000,-30.000000,5.633261
86,44,180.000000,-30.000000,5.614645
87,44,185.000000,-30.000000,5.596029
88,44,190.000000,-30.000000,5.577286
89,44,195.000000,-30.000000,5.558387
90,44,200.000000,-30.000000,5.538551
91,44,205.000000,-30.000000,5.518075
92,44,210.000000,-30.000000,5.497599
93,44,215.000000,-30.000000,5.477123
94,44,220.000000,-30.000000,5.456770
95,44,225.000000,-30.000000,5.436471
96,44,230.000000,-30.000000,5.417367
97,44,235.000000,-30.000000,5.398264
98,44,240.000000,-30.000000,5.379160
99,44,245.000000,-30.000000,5.360144
100,44,250.000000,-30.000000,5.341313
0,45,-250.000000,-25.000000,7.355239
1,45,-245.000000,-25.000000,7.330067
2,45,-240.000000,-25.000000,7.304894
3,45,-235.000000,-25.000000,7.279720
4,45,-230.000000,-25.000000,7.254546
5,45,-225.000000,-25.000000,7.230431
6,45,-220.000000,-25.000000,7.206428
7,45,-215.000000,-25.000000,7.182527
8,45,-210.000000,-25.000000,7.158625
9,45,-205.000000,-25.000000,7.134724
10,45,-200.000000,-25.000000,7.111279
11,45,-195.000000,-25.000000,7.088703
12,45,-190.000000,-25.000000,7.066228
13,45,-185.000000,-25.000000,7.043859
14,45,-180.000000,-25.000000,7.021491
15,45,-175.000000,-25.000000,6.999122
16,45,-170.000000,-25.000000,6.977064
17,45,-165.000000,-25.000000,6.955094
18,45,-160.000000,-25.000000,6.933208
19,45,-155.000000,-25.000000,6.911329
20,45,-150.000000,-25.000000,6.889449
21,45,-145.000000,-25.000000,6.867458
22,45,-140.000000,-25.000000,6.845064
23,45,-135.000000,-25.000000,6.822612
24,45,-130.000000,-25.000000,6.800057
25,45,-125.000000,-25.000000,6.777502
26,45,-120.000000,-25.000000,6.754947
27,45,-115.000000,-25.000000,6.732124
28,45,-110.000000,-25.000000,6.709159
29,45,-105.000000,-25.000000,6.686060
30,45,-100.000000,-25.000000,6.662928
31,45,-95.000000,-25.000000,6.639797
32,45,-90.000000,-25.000000,6.616716
33,45,-85.000000,-25.000000,6.594166
34,45,-80.000000,-25.000000,6.571686
35,45,-75.000000,-25.000000,6.549435
36,45,-70.000000,-25.000000,6.527183
37,45,-65.000000,-25.000000,6.504932
38,45,-60.000000,-25.000000,6.483407
39,45,-55.000000,-25.000000,6.462542
40,45,-50.000000,-25.000000,6.442270
41,45,-45.000000,-25.000000,6.422290
42,45,-40.000000,-25.000000,6.402310
43,45,-35.000000,-25.000000,6.382331
44,45,-30.000000,-25.000000,6.363473
45,45,-25.000000,-25.000000,6.344759
46,45,-20.000000,-25.000000,6.326867
47,45,-15.000000,-25.000000,6.308976
48,45,-10.000000,-25.000000,6.291085
49,45,-5.000000,-25.000000,6.273285
50,45,0.000000,-25.000000,6.255624
51,45,5.000000,-25.000000,6.238083
52,45,10.000000,-25.000000,6.220645
53,45,15.000000,-25.000000,6.203207
54,45,20.000000,-25.000000,6.185769
55,45,25.000000,-25.000000,6.167995
56,45,30.000000,-25.000000,6.150153
57,45,35.000000,-25.000000,6.131844
58,45,40.000000,-25.000000,6.113524
59,45,45.000000,-25.000000,6.095204
60,45,50.000000,-25.000000,6.076831
61,45,55.000000,-25.000000,6.058312
62,45,60.000000,-25.000000,6.039674
63,45,65.000000,-25.000000,6.020865
64,45,70.000000,-25.000000,6.002057
65,45,75.000000,-25.000000,5.983248
66,45,80.000000,-25.000000,5.964687
67,45,85.000000,-25.000000,5.946229
68,45,90.000000,-25.000000,5.928310
69,45,95.000000,-25.000000,5.910486
70,45,100.000000,-25.000000,5.892662
71,45,105.000000,-25.000000,5.874901
72,45,110.000000,-25.000000,5.857518
73,45,115.000000,-25.000000,5.840424
74,45,120.000000,-25.000000,5.824047
75,45,125.000000,-25.000000,5.807671
76,45,130.000000,-25.000000,5.791294
77,45,135.000000,-25.000000,5.774902
78,45,140.000000,-25.000000,5.758498
79,45,145.000000,-25.000000,5.742035
80,45,150.000000,-25.000000,5.725549
81,45,155.000000,-25.000000,5.709064
82,45,160.000000,-25.000000,5.692573
83,45,165.000000,-25.000000,5.675658
84,45,170.000000,-25.000000,5.658476
85,45,175.000000,-25.000000,5.639875
86,45,180.000000,-25.000000,5.621274
87,45,185.000000,-25.000000,5.602673
88,45,190.000000,-25.000000,5.583941
89,45,195.000000,-25.000000,5.565049
90,45,200.000000,-25.000000,5.545195
91,45,205.000000,-25.000000,5.524684
92,45,210.000000,-25.000000,5.504173
93,45,215.000000,-25.000000,5.483662
94,45,220.000000,-25.000000,5.463271
95,45,225.000000,-25.000000,5.442933
96,45,230.000000,-25.000000,5.423764
97,45,235.000000,-25.000000,5.404594
98,45,240.000000,-25.000000,5.385425
99,45,245.000000,-25.000000,5.366343
100,45,250.000000,-25.000000,5.347447
0,46,-250.000000,-20.000000,7.359870
1,46,-245.000000,-20.000000,7.334929
2,46,-240.000000,-20.000000,7.309987
3,46,-235.000000,-20.000000,7.285045
4,46,-230.000000,-20.000000,7.260103
5,46,-225.000000,-20.000000,7.236181
6,46,-220.000000,-20.000000,7.212368
7,46,-215.000000,-20.000000,7.188652
8,46,-210.000000,-20.000000,7.164937
9,46,-205.000000,-20.000000,7.141222
10,46,-200.000000,-20.000000,7.117948
11,46,-195.000000,-20.000000,7.095513
12,46,-190.000000,-20.000000,7.073177
13,46,-185.000000,-20.000000,7.050943
14,46,-180.000000,-20.000000,7.028709
15,46,-175.000000,-20.000000,7.006475
16,46,-170.000000,-20.000000,6.984521
17,46,-165.000000,-20.000000,6.962645
18,46,-160.000000,-20.000000,6.940844
19,46,-155.000000,-20.000000,6.919050
20,46,-150.000000,-20.000000,6.897256
21,46,-145.000000,-20.000000,6.875342
22,46,-140.000000,-20.000000,6.852998
23,46,-135.000000,-20.000000,6.830591
24,46,-130.000000,-20.000000,6.808075
25,46,-125.000000,-20.000000,6.785559
26,46,-120.000000,-20.000000,6.763043
27,46,-115.000000,-20.000000,6.740243
28,46,-110.000000,-20.000000,6.717292
29,46,-105.000000,-20.000000,6.694201
30,46,-100.000000,-20.000000,6.671075
31,46,-95.000000,-20.000000,6.647949
32,46,-90.000000,-20.000000,6.624873
33,46,-85.000000,-20.000000,6.602321
34,46,-80.000000,-20.000000,6.579837
35,46,-75.000000,-20.000000,6.557580
36,46,-70.000000,-20.000000,6.535322
37,46,-65.000000,-20.000000,6.513064
38,46,-60.000000,-20.000000,6.491533
39,46,-55.000000,-20.000000,6.470662
40,46,-50.000000,-20.000000,6.450383
41,46,-45.000000,-20.000000,6.430397
42,46,-40.000000,-20.000000,6.410411
43,46,-35.000000,-20.000000,6.390425
44,46,-30.000000,-20.000000,6.371554
45,46,-25.000000,-20.000000,6.352826
46,46,-20.000000,-20.000000,6.334916
47,46,-15.000000,-20.000000,6.317005
48,46,-10.000000,-20.000000,6.299095
49,46,-5.000000,-20.000000,6.281268
50,46,0.000000,-20.000000,6.263569
51,46,5.000000,-20.000000,6.245981
52,46,10.000000,-20.000000,6.228486
53,46,15.000000,-20.000000,6.210991
54,46,20.000000,-20.000000,6.193496
55,46,25.000000,-20.000000,6.175649
56,46,30.000000,-20.000000,6.157732
57,46,35.000000,-20.000000,6.139324
58,46,40.000000,-20.000000,6.120905
59,46,45.000000,-20.000000,6.102486
60,46,50.000000,-20.000000,6.084012
61,46,55.000000,-20.000000,6.065392
62,46,60.000000,-20.000000,6.046649
63,46,65.000000,-20.000000,6.027734
64,46,70.000000,-20.000000,6.008819
65,46,75.000000,-20.000000,5.989904
66,46,80.000000,-20.000000,5.971247
67,46,85.000000,-20.000000,5.952698
68,46,90.000000,-20.000000,5.934712
69,46,95.000000,-20.000000,5.916826
70,46,100.000000,-20.000000,5.898940
71,46,105.000000,-20.000000,5.881119
72,46,110.000000,-20.000000,5.863695
73,46,115.000000,-20.000000,5.846571
74,46,120.000000,-20.000000,5.830197
75,46,125.000000,-20.000000,5.813824
76,46,130.000000,-20.000000,5.797451
77,46,135.000000,-20.000000,5.781066
78,46,140.000000,-20.000000,5.764672
79,46,145.000000,-20.000000,5.748237
80,46,150.000000,-20.000000,5.731786
81,46,155.000000,-20.000000,5.715334
82,46,160.000000,-20.000000,5.698877
83,46,165.000000,-20.000000,5.681990
84,46,170.000000,-20.000000,5.664833
85,46,175.000000,-20.000000,5.646239
86,46,180.000000,-20.000000,5.627644
87,46,185.000000,-20.000000,5.609050
88,46,190.000000,-20.000000,5.590321
89,46,195.000000,-20.000000,5.571426
90,46,200.000000,-20.000000,5.551543
91,46,205.000000,-20.000000,5.530983
92,46,210.000000,-20.000000,5.510423
93,46,215.000000,-20.000000,5.489863
94,46,220.000000,-20.000000,5.469421
95,46,225.000000,-20.000000,5.449030
96,46,230.000000,-20.000000,5.429779
97,46,235.000000,-20.000000,5.410528
98,46,240.000000,-20.000000,5.391278
99,46,245.000000,-20.000000,5.372115
100,46,250.000000,-20.000000,5.353137
0,47,-250.000000,-15.000000,7.364500
1,47,-245.000000,-15.000000,7.339791
2,47,-240.000000,-15.000000,7.315081
3,47,-235.000000,-15.000000,7.290370
4,47,-230.000000,-15.000000,7.265660
5,47,-225.000000,-15.000000,7.241931
6,47,-220.000000,-15.000000,7.218307
7,47,-215.000000,-15.000000,7.194778
8,47,-210.000000,-15.000000,7.171249
9,47,-205.000000,-15.000000,7.147719
10,47,-200.000000,-15.000000,7.124616
11,47,-195.000000,-15.000000,7.102323
12,47,-190.000000,-15.000000,7.080126
13,47,-185.000000,-15.000000,7.058027
14,47,-180.000000,-15.000000,7.035928
15,47,-175.000000,-15.000000,7.013829
16,47,-170.000000,-15.000000,6.991977
17,47,-165.000000,-15.000000,6.970195
18,47,-160.000000,-15.000000,6.948481
19,47,-155.000000,-15.000000,6.926772
20,47,-150.000000,-15.000000,6.905063
21,47,-145.000000,-15.000000,6.883226
22,47,-140.000000,-15.000000,6.860931
23,47,-135.000000,-15.000000,6.838570
24,47,-130.000000,-15.000000,6.816093
25,47,-125.000000,-15.000000,6.793615
26,47,-120.000000,-15.000000,6.771138
27,47,-115.000000,-15.000000,6.748361
28,47,-110.000000,-15.000000,6.725426
29,47,-105.000000,-15.000000,6.702342
30,47,-100.000000,-15.000000,6.679221
31,47,-95.000000,-15.000000,6.656101
32,47,-90.000000,-15.000000,6.633030
33,47,-85.000000,-15.000000,6.610475
34,47,-80.000000,-15.000000,6.587989
35,47,-75.000000,-15.000000,6.565725
36,47,-70.000000,-15.000000,6.543461
37,47,-65.000000,-15.000000,6.521196
38,47,-60.000000,-15.000000,6.499660
39,47,-55.000000,-15.000000,6.478782
40,47,-50.000000,-15.000000,6.458497
41,47,-45.000000,-15.000000,6.438504
42,47,-40.000000,-15.000000,6.418512
43,47,-35.000000,-15.000000,6.398519
44,47,-30.000000,-15.000000,6.379635
45,47,-25.000000,-15.000000,6.360893
46,47,-20.000000,-15.000000,6.342964
47,47,-15.000000,-15.000000,6.325035
48,47,-10.000000,-15.000000,6.307105
49,47,-5.000000,-15.000000,6.289252
50,47,0.000000,-15.000000,6.271515
51,47,5.000000,-15.000000,6.253878
52,47,10.000000,-15.000000,6.236327
53,47,15.000000,-15.000000,6.218775
54,47,20.000000,-15.000000,6.201224
55,47,25.000000,-15.000000,6.183304
56,47,30.000000,-15.000000,6.165310
57,47,35.000000,-15.000000,6.146804
58,47,40.000000,-15.000000,6.128285
59,47,45.000000,-15.000000,6.109767
60,47,50.000000,-15.000000,6.091194
61,47,55.000000,-15.000000,6.072471
62,47,60.000000,-15.000000,6.053624
63,47,65.000000,-15.000000,6.034602
64,47,70.000000,-15.000000,6.015580
65,47,75.000000,-15.000000,5.996559
66,47,80.000000,-15.000000,5.977806
67,47,85.000000,-15.000000,5.959166
68,47,90.000000,-15.000000,5.941115
69,47,95.000000,-15.000000,5.923166
70,47,100.000000,-15.000000,5.905218
71,47,105.000000,-15.000000,5.887338
72,47,110.000000,-15.000000,5.869871
73,47,115.000000,-15.000000,5.852718
74,47,120.000000,-15.000000,5.836348
75,47,125.000000,-15.000000,5.819977
76,47,130.000000,-15.000000,5.803607
77,47,135.000000,-15.000000,5.787230
78,47,140.000000,-15.000000,5.770847
79,47,145.000000,-15.000000,5.754440
80,47,150.000000,-15.000000,5.738022
81,47,155.000000,-15.000000,5.721605
82,47,160.000000,-15.000000,5.705182
83,47,165.000000,-15.000000,5.688323
84,47,170.000000,-15.000000,5.671191
85,47,175.000000,-15.000000,5.652603
86,47,180.000000,-15.000000,5.634015
87,47,185.000000,-15.000000,5.615427
88,47,190.000000,-15.000000,5.596700
89,47,195.000000,-15.000000,5.577804
90,47,200.000000,-15.000000,5.557891
91,47,205.000000,-15.000000,5.537282
92,47,210.000000,-15.000000,5.516674
93,47,215.000000,-15.000000,5.496065
94,47,220.000000,-15.000000,5.475572
95,47,225.000000,-15.000000,5.455127
96,47,230.000000,-15.000000,5.435795
97,47,235.000000,-15.000000,5.416463
98,47,240.000000,-15.000000,5.397130
99,47,245.000000,-15.000000,5.377886
100,47,250.000000,-15.000000,5.358827
0,48,-250.000000,-10.000000,7.369116
1,48,-245.000000,-10.000000,7.344627
2,48,-240.000000,-10.000000,7.320136
3,48,-235.000000,-10.000000,7.295645
4,48,-230.000000,-10.000000,7.271154
5,48,-225.000000,-10.000000,7.247610
6,48,-220.000000,-10.000000,7.224166
7,48,-215.000000,-10.000000,7.200814
8,48,-210.000000,-10.000000,7.177461
9,48,-205.000000,-10.000000,7.154109
10,48,-200.000000,-10.000000,7.131169
11,48,-195.000000,-10.000000,7.109011
12,48,-190.000000,-10.000000,7.086946
13,48,-185.000000,-10.000000,7.064976
14,48,-180.000000,-10.000000,7.043006
15,48,-175.000000,-10.000000,7.021037
16,48,-170.000000,-10.000000,6.999285
17,48,-165.000000,-10.000000,6.977595
18,48,-160.000000,-10.000000,6.955964
19,48,-155.000000,-10.000000,6.934337
20,48,-150.000000,-10.000000,6.912711
21,48,-145.000000,-10.000000,6.890951
22,48,-140.000000,-10.000000,6.868706
23,48,-135.000000,-10.000000,6.846391
24,48,-130.000000,-10.000000,6.823954
25,48,-125.000000,-10.000000,6.801517
26,48,-120.000000,-10.000000,6.779079
27,48,-115.000000,-10.000000,6.756329
28,48,-110.000000,-10.000000,6.733411
29,48,-105.000000,-10.000000,6.710339
30,48,-100.000000,-10.000000,6.687227
31,48,-95.000000,-10.000000,6.664115
32,48,-90.000000,-10.000000,6.641053
33,48,-85.000000,-10.000000,6.618500
34,48,-80.000000,-10.000000,6.596013
35,48,-75.000000,-10.000000,6.573747
36,48,-70.000000,-10.000000,6.551480
37,48,-65.000000,-10.000000,6.529213
38,48,-60.000000,-10.000000,6.507673
39,48,-55.000000,-10.000000,6.486791
40,48,-50.000000,-10.000000,6.466502
41,48,-45.000000,-10.000000,6.446506
42,48,-40.000000,-10.000000,6.426509
43,48,-35.000000,-10.000000,6.406512
44,48,-30.000000,-10.000000,6.387617
45,48,-25.000000,-10.000000,6.368864
46,48,-20.000000,-10.000000,6.350918
47,48,-15.000000,-10.000000,6.332972
48,48,-10.000000,-10.000000,6.315026
49,48,-5.000000,-10.000000,6.297149
50,48,0.000000,-10.000000,6.279377
51,48,5.000000,-10.000000,6.261697
52,48,10.000000,-10.000000,6.244094
53,48,15.000000,-10.000000,6.226491
54,48,20.000000,-10.000000,6.208888
55,48,25.000000,-10.000000,6.190902
56,48,30.000000,-10.000000,6.172838
57,48,35.000000,-10.000000,6.154242
58,48,40.000000,-10.000000,6.135633
59,48,45.000000,-10.000000,6.117024
60,48,50.000000,-10.000000,6.098360
61,48,55.000000,-10.000000,6.079544
62,48,60.000000,-10.000000,6.060602
63,48,65.000000,-10.000000,6.041483
64,48,70.000000,-10.000000,6.022364
65,48,75.000000,-10.000000,6.003245
66,48,80.000000,-10.000000,5.984406
67,48,85.000000,-10.000000,5.965684
68,48,90.000000,-10.000000,5.947572
69,48,95.000000,-10.000000,5.929568
70,48,100.000000,-10.000000,5.911564
71,48,105.000000,-10.000000,5.893630
72,48,110.000000,-10.000000,5.876126
73,48,115.000000,-10.000000,5.858948
74,48,120.000000,-10.000000,5.842582
75,48,125.000000,-10.000000,5.826216
76,48,130.000000,-10.000000,5.809851
77,48,135.000000,-10.000000,5.793483
78,48,140.000000,-10.000000,5.777113
79,48,145.000000,-10.000000,5.760733
80,48,150.000000,-10.000000,5.744349
81,48,155.000000,-10.000000,5.727966
82,48,160.000000,-10.000000,5.711576
83,48,165.000000,-10.000000,5.694746
84,48,170.000000,-10.000000,5.677640
85,48,175.000000,-10.000000,5.659062
86,48,180.000000,-10.000000,5.640483
87,48,185.000000,-10.000000,5.621905
88,48,190.000000,-10.000000,5.603184
89,48,195.000000,-10.000000,5.584290
90,48,200.000000,-10.000000,5.564353
91,48,205.000000,-10.000000,5.543703
92,48,210.000000,-10.000000,5.523053
93,48,215.000000,-10.000000,5.502403
94,48,220.000000,-10.000000,5.481866
95,48,225.000000,-10.000000,5.461376
96,48,230.000000,-10.000000,5.441972
97,48,235.000000,-10.000000,5.422568
98,48,240.000000,-10.000000,5.403164
99,48,245.000000,-10.000000,5.383847
100,48,250.000000,-10.000000,5.364717
0,49,-250.000000,-5.000000,7.373702
1,49,-245.000000,-5.000000,7.349408
2,49,-240.000000,-5.000000,7.325111
3,49,-235.000000,-5.000000,7.300815
4,49,-230.000000,-5.000000,7.276519
5,49,-225.000000,-5.000000,7.253139
6,49,-220.000000,-5.000000,7.229857
7,49,-215.000000,-5.000000,7.206662
8,49,-210.000000,-5.000000,7.183468
9,49,-205.000000,-5.000000,7.160274
10,49,-200.000000,-5.000000,7.137480
11,49,-195.000000,-5.000000,7.115446
12,49,-190.000000,-5.000000,7.093500
13,49,-185.000000,-5.000000,7.071648
14,49,-180.000000,-5.000000,7.049796
15,49,-175.000000,-5.000000,7.027943
16,49,-170.000000,-5.000000,7.006284
17,49,-165.000000,-5.000000,6.984680
18,49,-160.000000,-5.000000,6.963128
19,49,-155.000000,-5.000000,6.941580
20,49,-150.000000,-5.000000,6.920032
21,49,-145.000000,-5.000000,6.898344
22,49,-140.000000,-5.000000,6.876151
23,49,-135.000000,-5.000000,6.853885
24,49,-130.000000,-5.000000,6.831491
25,49,-125.000000,-5.000000,6.809097
26,49,-120.000000,-5.000000,6.786703
27,49,-115.000000,-5.000000,6.763983
28,49,-110.000000,-5.000000,6.741090
29,49,-105.000000,-5.000000,6.718036
30,49,-100.000000,-5.000000,6.694940
31,49,-95.000000,-5.000000,6.671845
32,49,-90.000000,-5.000000,6.648799
33,49,-85.000000,-5.000000,6.626254
34,49,-80.000000,-5.000000,6.603776
35,49,-75.000000,-5.000000,6.581513
36,49,-70.000000,-5.000000,6.559251
37,49,-65.000000,-5.000000,6.536988
38,49,-60.000000,-5.000000,6.515451
39,49,-55.000000,-5.000000,6.494571
40,49,-50.000000,-5.000000,6.474284
41,49,-45.000000,-5.000000,6.454287
42,49,-40.000000,-5.000000,6.434291
43,49,-35.000000,-5.000000,6.414295
44,49,-30.000000,-5.000000,6.395394
45,49,-25.000000,-5.000000,6.376633
46,49,-20.000000,-5.000000,6.358675
47,49,-15.000000,-5.000000,6.340718
48,49,-10.000000,-5.000000,6.322760
49,49,-5.000000,-5.000000,6.304865
50,49,0.000000,-5.000000,6.287067
51,49,5.000000,-5.000000,6.269353
52,49,10.000000,-5.000000,6.251708
53,49,15.000000,-5.000000,6.234064
54,49,20.000000,-5.000000,6.216420
55,49,25.000000,-5.000000,6.198381
56,49,30.000000,-5.000000,6.180262
57,49,35.000000,-5.000000,6.161593
58,49,40.000000,-5.000000,6.142912
59,49,45.000000,-5.000000,6.124231
60,49,50.000000,-5.000000,6.105493
61,49,55.000000,-5.000000,6.086603
62,49,60.000000,-5.000000,6.067585
63,49,65.000000,-5.000000,6.048389
64,49,70.000000,-5.000000,6.029193
65,49,75.000000,-5.000000,6.009996
66,49,80.000000,-5.000000,5.991088
67,49,85.000000,-5.000000,5.972301
68,49,90.000000,-5.000000,5.954143
69,49,95.000000,-5.000000,5.936096
70,49,100.000000,-5.000000,5.918050
71,49,105.000000,-5.000000,5.900076
72,49,110.000000,-5.000000,5.882544
73,49,115.000000,-5.000000,5.865349
74,49,120.000000,-5.000000,5.848991
75,49,125.000000,-5.000000,5.832634
76,49,130.000000,-5.000000,5.816277
77,49,135.000000,-5.000000,5.799920
78,49,140.000000,-5.000000,5.783565
79,49,145.000000,-5.000000,5.767214
80,49,150.000000,-5.000000,5.750864
81,49,155.000000,-5.000000,5.734514
82,49,160.000000,-5.000000,5.718159
83,49,165.000000,-5.000000,5.701359
84,49,170.000000,-5.000000,5.684281
85,49,175.000000,-5.000000,5.665718
86,49,180.000000,-5.000000,5.647155
87,49,185.000000,-5.000000,5.628591
88,49,190.000000,-5.000000,5.609884
89,49,195.000000,-5.000000,5.590998
90,49,200.000000,-5.000000,5.571050
91,49,205.000000,-5.000000,5.550375
92,49,210.000000,-5.000000,5.529699
93,49,215.000000,-5.000000,5.509024
94,49,220.000000,-5.000000,5.488458
95,49,225.000000,-5.000000,5.467940
96,49,230.000000,-5.000000,5.448484
97,49,235.000000,-5.000000,5.429028
98,49,240.000000,-5.000000,5.409572
99,49,245.000000,-5.000000,5.390204
100,49,250.000000,-5.000000,5.371023
0,50,-250.000000,0.000000,7.378264
1,50,-245.000000,0.000000,7.354143
2,50,-240.000000,0.000000,7.330020
3,50,-235.000000,0.000000,7.305898
4,50,-230.000000,0.000000,7.281775
5,50,-225.000000,0.000000,7.258543
6,50,-220.000000,0.000000,7.235406
7,50,-215.000000,0.000000,7.212354
8,50,-210.000000,0.000000,7.189303
9,50,-205.000000,0.000000,7.166251
10,50,-200.000000,0.000000,7.143589
11,50,-195.000000,0.000000,7.121667
12,50,-190.000000,0.000000,7.099832
13,50,-185.000000,0.000000,7.078087
14,50,-180.000000,0.000000,7.056341
15,50,-175.000000,0.000000,7.034596
16,50,-170.000000,0.000000,7.013024
17,50,-165.000000,0.000000,6.991501
18,50,-160.000000,0.000000,6.970024
19,50,-155.000000,0.000000,6.948551
20,50,-150.000000,0.000000,6.927078
21,50,-145.000000,0.000000,6.905460
22,50,-140.000000,0.000000,6.883320
23,50,-135.000000,0.000000,6.861104
24,50,-130.000000,0.000000,6.838755
25,50,-125.000000,0.000000,6.816407
26,50,-120.000000,0.000000,6.794059
27,50,-115.000000,0.000000,6.771374
28,50,-110.000000,0.000000,6.748510
29,50,-105.000000,0.000000,6.725481
30,50,-100.000000,0.000000,6.702408
31,50,-95.000000,0.000000,6.679336
32,50,-90.000000,0.000000,6.656312
33,50,-85.000000,0.000000,6.633782
34,50,-80.000000,0.000000,6.611317
35,50,-75.000000,0.000000,6.589065
36,50,-70.000000,0.000000,6.566813
37,50,-65.000000,0.000000,6.544561
38,50,-60.000000,0.000000,6.523033
39,50,-55.000000,0.000000,6.502160
40,50,-50.000000,0.000000,6.481877
41,50,-45.000000,0.000000,6.461885
42,50,-40.000000,0.000000,6.441893
43,50,-35.000000,0.000000,6.421901
44,50,-30.000000,0.000000,6.402998
45,50,-25.000000,0.000000,6.384234
46,50,-20.000000,0.000000,6.366268
47,50,-15.000000,0.000000,6.348303
48,50,-10.000000,0.000000,6.330337
49,50,-5.000000,0.000000,6.312430
50,50,0.000000,0.000000,6.294612
51,50,5.000000,0.000000,6.276871
52,50,10.000000,0.000000,6.259194
53,50,15.000000,0.000000,6.241518
54,50,20.000000,0.000000,6.223842
55,50,25.000000,0.000000,6.205761
56,50,30.000000,0.000000,6.187599
57,50,35.000000,0.000000,6.168873
58,50,40.000000,0.000000,6.150134
59,50,45.000000,0.000000,6.131395
60,50,50.000000,0.000000,6.112600
61,50,55.000000,0.000000,6.093650
62,50,60.000000,0.000000,6.074573
63,50,65.000000,0.000000,6.055316
64,50,70.000000,0.000000,6.036059
65,50,75.000000,0.000000,6.016802
66,50,80.000000,0.000000,5.997840
67,50,85.000000,0.000000,5.979003
68,50,90.000000,0.000000,5.960810
69,50,95.000000,0.000000,5.942732
70,50,100.000000,0.000000,5.924654
71,50,105.000000,0.000000,5.906650
72,50,110.000000,0.000000,5.889100
73,50,115.000000,0.000000,5.871894
74,50,120.000000,0.000000,5.855548
75,50,125.000000,0.000000,5.839201
76,50,130.000000,0.000000,5.822855
77,50,135.000000,0.000000,5.806513
78,50,140.000000,0.000000,5.790175
79,50,145.000000,0.000000,5.773853
80,50,150.000000,0.000000,5.757537
81,50,155.000000,0.000000,5.741221
82,50,160.000000,0.000000,5.724900
83,50,165.000000,0.000000,5.708131
84,50,170.000000,0.000000,5.691082
85,50,175.000000,0.000000,5.672539
86,50,180.000000,0.000000,5.653996
87,50,185.000000,0.000000,5.635454
88,50,190.000000,0.000000,5.616764
89,50,195.000000,0.000000,5.597894
90,50,200.000000,0.000000,5.577945
91,50,205.000000,0.000000,5.557257
92,50,210.000000,0.000000,5.536569
93,50,215.000000,0.000000,5.515882
94,50,220.000000,0.000000,5.495302
95,50,225.000000,0.000000,5.474768
96,50,230.000000,0.000000,5.455278
97,50,235.000000,0.000000,5.435787
98,50,240.000000,0.000000,5.416296
99,50,245.000000,0.000000,5.396893
100,50,250.000000,0.000000,5.377677
0,51,-250.000000,5.000000,7.382810
1,51,-245.000000,5.000000,7.358851
2,51,-240.000000,5.000000,7.334889
3,51,-235.000000,5.000000,7.310928
4,51,-230.000000,5.000000,7.286967
5,51,-225.000000,5.000000,7.263873
6,51,-220.000000,5.000000,7.240871
7,51,-215.000000,5.000000,7.217953
8,51,-210.000000,5.000000,7.195035
9,51,-205.000000,5.000000,7.172117
10,51,-200.000000,5.000000,7.149578
11,51,-195.000000,5.000000,7.127762
12,51,-190.000000,5.000000,7.106030
13,51,-185.000000,5.000000,7.084386
14,51,-180.000000,5.000000,7.062743
15,51,-175.000000,5.000000,7.041099
16,51,-170.000000,5.000000,7.019610
17,51,-165.000000,5.000000,6.998164
18,51,-160.000000,5.000000,6.976761
19,51,-155.000000,5.000000,6.955361
20,51,-150.000000,5.000000,6.933960
21,51,-145.000000,5.000000,6.912411
22,51,-140.000000,5.000000,6.890324
23,51,-135.000000,5.000000,6.868159
24,51,-130.000000,5.000000,6.845858
25,51,-125.000000,5.000000,6.823557
26,51,-120.000000,5.000000,6.801256
27,51,-115.000000,5.000000,6.778609
28,51,-110.000000,5.000000,6.755778
29,51,-105.000000,5.000000,6.732776
30,51,-100.000000,5.000000,6.709731
31,51,-95.000000,5.000000,6.686685
32,51,-90.000000,5.000000,6.663687
33,51,-85.000000,5.000000,6.641176
34,51,-80.000000,5.000000,6.618728
35,51,-75.000000,5.000000,6.596490
36,51,-70.000000,5.000000,6.574252
37,51,-65.000000,5.000000,6.552014
38,51,-60.000000,5.000000,6.530497
39,51,-55.000000,5.000000,6.509634
40,51,-50.000000,5.000000,6.489359
41,51,-45.000000,5.000000,6.469373
42,51,-40.000000,5.000000,6.449387
43,51,-35.000000,5.000000,6.429402
44,51,-30.000000,5.000000,6.410499
45,51,-25.000000,5.000000,6.391734
46,51,-20.000000,5.000000,6.373764
47,51,-15.000000,5.000000,6.355793
48,51,-10.000000,5.000000,6.337822
49,51,-5.000000,5.000000,6.319905
50,51,0.000000,5.000000,6.302071
51,51,5.000000,5.000000,6.284307
52,51,10.000000,5.000000,6.266604
53,51,15.000000,5.000000,6.248901
54,51,20.000000,5.000000,6.231198
55,51,25.000000,5.000000,6.213082
56,51,30.000000,5.000000,6.194883
57,51,35.000000,5.000000,6.176108
58,51,40.000000,5.000000,6.157321
59,51,45.000000,5.000000,6.138534
60,51,50.000000,5.000000,6.119690
61,51,55.000000,5.000000,6.100691
62,51,60.000000,5.000000,6.081564
63,51,65.000000,5.000000,6.062256
64,51,70.000000,5.000000,6.042948
65,51,75.000000,5.000000,6.023639
66,51,80.000000,5.000000,6.004634
67,51,85.000000,5.000000,5.985754
68,51,90.000000,5.000000,5.967534
69,51,95.000000,5.000000,5.949431
70,51,100.000000,5.000000,5.931327
71,51,105.000000,5.000000,5.913300
72,51,110.000000,5.000000,5.895736
73,51,115.000000,5.000000,5.878525
74,51,120.000000,5.000000,5.862191
75,51,125.000000,5.000000,5.845858
76,51,130.000000,5.000000,5.829524
77,51,135.000000,5.000000,5.813199
78,51,140.000000,5.000000,5.796878
79,51,145.000000,5.000000,5.780586
80,51,150.000000,5.000000,5.764304
81,51,155.000000,5.000000,5.748021
82,51,160.000000,5.000000,5.731734
83,51,165.000000,5.000000,5.714997
84,51,170.000000,5.000000,5.697978
85,51,175.000000,5.000000,5.679459
86,51,180.000000,5.000000,5.660940
87,51,185.000000,5.000000,5.642420
88,51,190.000000,5.000000,5.623752
89,51,195.000000,5.000000,5.604902
90,51,200.000000,5.000000,5.584957
91,51,205.000000,5.000000,5.564265
92,51,210.000000,5.000000,5.543573
93,51,215.000000,5.000000,5.522881
94,51,220.000000,5.000000,5.502294
95,51,225.000000,5.000000,5.481754
96,51,230.000000,5.000000,5.462238
97,51,235.000000,5.000000,5.442723
98,51,240.000000,5.000000,5.423207
99,51,245.000000,5.000000,5.403780
100,51,250.000000,5.000000,5.384539
0,52,-250.000000,10.000000,7.387356
1,52,-245.000000,10.000000,7.363559
2,52,-240.000000,10.000000,7.339759
3,52,-235.000000,10.000000,7.315959
4,52,-230.000000,10.000000,7.292159
5,52,-225.000000,10.000000,7.269203
6,52,-220.000000,10.000000,7.246337
7,52,-215.000000,10.000000,7.223552
8,52,-210.000000,10.000000,7.200767
9,52,-205.000000,10.000000,7.177982
10,52,-200.000000,10.000000,7.155567
11,52,-195.000000,10.000000,7.133856
12,52,-190.000000,10.000000,7.112228
13,52,-185.000000,10.000000,7.090686
14,52,-180.000000,10.000000,7.069144
15,52,-175.000000,10.000000,7.047602
16,52,-170.000000,10.000000,7.026196
17,52,-165.000000,10.000000,7.004828
18,52,-160.000000,10.000000,6.983498
19,52,-155.000000,10.000000,6.962170
20,52,-150.000000,10.000000,6.940843
21,52,-145.000000,10.000000,6.919362
22,52,-140.000000,10.000000,6.897328
23,52,-135.000000,10.000000,6.875214
24,52,-130.000000,10.000000,6.852961
25,52,-125.000000,10.000000,6.830707
26,52,-120.000000,10.000000,6.808453
27,52,-115.000000,10.000000,6.785844
28,52,-110.000000,10.000000,6.763045
29,52,-105.000000,10.000000,6.740071
30,52,-100.000000,10.000000,6.717053
31,52,-95.000000,10.000000,6.694034
32,52,-90.000000,10.000000,6.671062
33,52,-85.000000,10.000000,6.648569
34,52,-80.000000,10.000000,6.626139
35,52,-75.000000,10.000000,6.603915
36,52,-70.000000,10.000000,6.581691
37,52,-65.000000,10.000000,6.559467
38,52,-60.000000,10.000000,6.537962
39,52,-55.000000,10.000000,6.517108
40,52,-50.000000,10.000000,6.496840
41,52,-45.000000,10.000000,6.476861
42,52,-40.000000,10.000000,6.456882
43,52,-35.000000,10.000000,6.436903
44,52,-30.000000,10.000000,6.418000
45,52,-25.000000,10.000000,6.399235
46,52,-20.000000,10.000000,6.381259
47,52,-15.000000,10.000000,6.363283
48,52,-10.000000,10.000000,6.345306
49,52,-5.000000,10.000000,6.327380
50,52,0.000000,10.000000,6.309529
51,52,5.000000,10.000000,6.291744
52,52,10.000000,10.000000,6.274014
53,52,15.000000,10.000000,6.256284
54,52,20.000000,10.000000,6.238554
55,52,25.000000,10.000000,6.220403
56,52,30.000000,10.000000,6.202167
57,52,35.000000,10.000000,6.183344
58,52,40.000000,10.000000,6.164508
59,52,45.000000,10.000000,6.145673
60,52,50.000000,10.000000,6.126780
61,52,55.000000,10.000000,6.107731
62,52,60.000000,10.000000,6.088554
63,52,65.000000,10.000000,6.069195
64,52,70.000000,10.000000,6.049836
65,52,75.000000,10.000000,6.030477
66,52,80.000000,10.000000,6.011427
67,52,85.000000,10.000000,5.992506
68,52,90.000000,10.000000,5.974258
69,52,95.000000,10.000000,5.956130
70,52,100.000000,10.000000,5.938001
71,52,105.000000,10.000000,5.919950
72,52,110.000000,10.000000,5.902373
73,52,115.000000,10.000000,5.885155
74,52,120.000000,10.000000,5.868835
75,52,125.000000,10.000000,5.852514
76,52,130.000000,10.000000,5.836194
77,52,135.000000,10.000000,5.819884
78,52,140.000000,10.000000,5.803582
79,52,145.000000,10.000000,5.787318
80,52,150.000000,10.000000,5.771070
81,52,155.000000,10.000000,5.754822
82,52,160.000000,10.000000,5.738568
83,52,165.000000,10.000000,5.721863
84,52,170.000000,10.000000,5.704874
85,52,175.000000,10.000000,5.686378
86,52,180.000000,10.000000,5.667883
87,52,185.000000,10.000000,5.649387
88,52,190.000000,10.000000,5.630741
89,52,195.000000,10.000000,5.611909
90,52,200.000000,10.000000,5.591970
91,52,205.000000,10.000000,5.571273
92,52,210.000000,10.000000,5.550576
93,52,215.000000,10.000000,5.529879
94,52,220.000000,10.000000,5.509287
95,52,225.000000,10.000000,5.488739
96,52,230.000000,10.000000,5.469199
97,52,235.000000,10.000000,5.449659
98,52,240.000000,10.000000,5.430118
99,52,245.000000,10.000000,5.410666
100,52,250.000000,10.000000,5.391400
0,53,-250.000000,15.000000,7.391902
1,53,-245.000000,15.000000,7.368262
2,53,-240.000000,15.000000,7.344621
3,53,-235.000000,15.000000,7.320979
4,53,-230.000000,15.000000,7.297337
5,53,-225.000000,15.000000,7.274516
6,53,-220.000000,15.000000,7.251783
7,53,-215.000000,15.000000,7.229129
8,53,-210.000000,15.000000,7.206474
9,53,-205.000000,15.000000,7.183820
10,53,-200.000000,15.000000,7.161527
11,53,-195.000000,15.000000,7.139920
12,53,-190.000000,15.000000,7.118393
13,53,-185.000000,15.000000,7.096950
14,53,-180.000000,15.000000,7.075507
15,53,-175.000000,15.000000,7.054064
16,53,-170.000000,15.000000,7.032741
17,53,-165.000000,15.000000,7.011450
18,53,-160.000000,15.000000,6.990192
19,53,-155.000000,15.000000,6.968937
20,53,-150.000000,15.000000,6.947681
21,53,-145.000000,15.000000,6.926269
22,53,-140.000000,15.000000,6.904290
23,53,-135.000000,15.000000,6.882229
24,53,-130.000000,15.000000,6.860025
25,53,-125.000000,15.000000,6.837821
26,53,-120.000000,15.000000,6.815616
27,53,-115.000000,15.000000,6.793048
28,53,-110.000000,15.000000,6.770287
29,53,-105.000000,15.000000,6.747345
30,53,-100.000000,15.000000,6.724358
31,53,-95.000000,15.000000,6.701371
32,53,-90.000000,15.000000,6.678430
33,53,-85.000000,15.000000,6.655959
34,53,-80.000000,15.000000,6.633551
35,53,-75.000000,15.000000,6.611346
36,53,-70.000000,15.000000,6.589141
37,53,-65.000000,15.000000,6.566936
38,53,-60.000000,15.000000,6.545447
39,53,-55.000000,15.000000,6.524606
40,53,-50.000000,15.000000,6.504348
41,53,-45.000000,15.000000,6.484379
42,53,-40.000000,15.000000,6.464409
43,53,-35.000000,15.000000,6.444439
44,53,-30.000000,15.000000,6.425538
45,53,-25.000000,15.000000,6.406774
46,53,-20.000000,15.000000,6.388794
47,53,-15.000000,15.000000,6.370814
48,53,-10.000000,15.000000,6.352834
49,53,-5.000000,15.000000,6.334900
50,53,0.000000,15.000000,6.317034
51,53,5.000000,15.000000,6.299230
52,53,10.000000,15.000000,6.281476
53,53,15.000000,15.000000,6.263722
54,53,20.000000,15.000000,6.245968
55,53,25.000000,15.000000,6.227786
56,53,30.000000,15.000000,6.209518
57,53,35.000000,15.000000,6.190653
58,53,40.000000,15.000000,6.171775
59,53,45.000000,15.000000,6.152897
60,53,50.000000,15.000000,6.133962
61,53,55.000000,15.000000,6.114871
62,53,60.000000,15.000000,6.095652
63,53,65.000000,15.000000,6.076250
64,53,70.000000,15.000000,6.056849
65,53,75.000000,15.000000,6.037447
66,53,80.000000,15.000000,6.018360
67,53,85.000000,15.000000,5.999405
68,53,90.000000,15.000000,5.981136
69,53,95.000000,15.000000,5.962989
70,53,100.000000,15.000000,5.944841
71,53,105.000000,15.000000,5.926773
72,53,110.000000,15.000000,5.909187
73,53,115.000000,15.000000,5.891968
74,53,120.000000,15.000000,5.875663
75,53,125.000000,15.000000,5.859359
76,53,130.000000,15.000000,5.843054
77,53,135.000000,15.000000,5.826762
78,53,140.000000,15.000000,5.810481
79,53,145.000000,15.000000,5.794251
80,53,150.000000,15.000000,5.778039
81,53,155.000000,15.000000,5.761828
82,53,160.000000,15.000000,5.745611
83,53,165.000000,15.000000,5.728941
84,53,170.000000,15.000000,5.711988
85,53,175.000000,15.000000,5.693524
86,53,180.000000,15.000000,5.675061
87,53,185.000000,15.000000,5.656597
88,53,190.000000,15.000000,5.637982
89,53,195.000000,15.000000,5.619179
90,53,200.000000,15.000000,5.599259
91,53,205.000000,15.000000,5.578574
92,53,210.000000,15.000000,5.557889
93,53,215.000000,15.000000,5.537204
94,53,220.000000,15.000000,5.516621
95,53,225.000000,15.000000,5.496083
96,53,230.000000,15.000000,5.476538
97,53,235.000000,15.000000,5.456992
98,53,240.000000,15.000000,5.437447
99,53,245.000000,15.000000,5.417989
100,53,250.000000,15.000000,5.398718
0,54,-250.000000,20.000000,7.396445
1,54,-245.000000,20.000000,7.372953
2,54,-240.000000,20.000000,7.349459
3,54,-235.000000,20.000000,7.325964
4,54,-230.000000,20.000000,7.302470
5,54,-225.000000,20.000000,7.279775
6,54,-220.000000,20.000000,7.257166
7,54,-215.000000,20.000000,7.234633
8,54,-210.000000,20.000000,7.212101
9,54,-205.000000,20.000000,7.189568
10,54,-200.000000,20.000000,7.167388
11,54,-195.000000,20.000000,7.145877
12,54,-190.000000,20.000000,7.124445
13,54,-185.000000,20.000000,7.103094
14,54,-180.000000,20.000000,7.081743
15,54,-175.000000,20.000000,7.060393
16,54,-170.000000,20.000000,7.039147
17,54,-165.000000,20.000000,7.017931
18,54,-160.000000,20.000000,6.996744
19,54,-155.000000,20.000000,6.975559
20,54,-150.000000,20.000000,6.954374
21,54,-145.000000,20.000000,6.933030
22,54,-140.000000,20.000000,6.911111
23,54,-135.000000,20.000000,6.889109
24,54,-130.000000,20.000000,6.866962
25,54,-125.000000,20.000000,6.844815
26,54,-120.000000,20.000000,6.822667
27,54,-115.000000,20.000000,6.800152
28,54,-110.000000,20.000000,6.777440
29,54,-105.000000,20.000000,6.754546
30,54,-100.000000,20.000000,6.731606
31,54,-95.000000,20.000000,6.708666
32,54,-90.000000,20.000000,6.685771
33,54,-85.000000,20.000000,6.663340
34,54,-80.000000,20.000000,6.640970
35,54,-75.000000,20.000000,6.618799
36,54,-70.000000,20.000000,6.596629
37,54,-65.000000,20.000000,6.574459
38,54,-60.000000,20.000000,6.552999
39,54,-55.000000,20.000000,6.532182
40,54,-50.000000,20.000000,6.511946
41,54,-45.000000,20.000000,6.491994
42,54,-40.000000,20.000000,6.472043
43,54,-35.000000,20.000000,6.452092
44,54,-30.000000,20.000000,6.433200
45,54,-25.000000,20.000000,6.414444
46,54,-20.000000,20.000000,6.396464
47,54,-15.000000,20.000000,6.378485
48,54,-10.000000,20.000000,6.360505
49,54,-5.000000,20.000000,6.342568
50,54,0.000000,20.000000,6.324696
51,54,5.000000,20.000000,6.306880
52,54,10.000000,20.000000,6.289112
53,54,15.000000,20.000000,6.271344
54,54,20.000000,20.000000,6.253575
55,54,25.000000,20.000000,6.235376
56,54,30.000000,20.000000,6.217091
57,54,35.000000,20.000000,6.198206
58,54,40.000000,20.000000,6.179307
59,54,45.000000,20.000000,6.160408
60,54,50.000000,20.000000,6.141453
61,54,55.000000,20.000000,6.122344
62,54,60.000000,20.000000,6.103107
63,54,65.000000,20.000000,6.083690
64,54,70.000000,20.000000,6.064274
65,54,75.000000,20.000000,6.044857
66,54,80.000000,20.000000,6.025759
67,54,85.000000,20.000000,6.006795
68,54,90.000000,20.000000,5.988527
69,54,95.000000,20.000000,5.970381
70,54,100.000000,20.000000,5.952236
71,54,105.000000,20.000000,5.934170
72,54,110.000000,20.000000,5.916594
73,54,115.000000,20.000000,5.899389
74,54,120.000000,20.000000,5.883109
75,54,125.000000,20.000000,5.866829
76,54,130.000000,20.000000,5.850550
77,54,135.000000,20.000000,5.834287
78,54,140.000000,20.000000,5.818036
79,54,145.000000,20.000000,5.801848
80,54,150.000000,20.000000,5.785683
81,54,155.000000,20.000000,5.769519
82,54,160.000000,20.000000,5.753348
83,54,165.000000,20.000000,5.736729
84,54,170.000000,20.000000,5.719827
85,54,175.000000,20.000000,5.701425
86,54,180.000000,20.000000,5.683023
87,54,185.000000,20.000000,5.664621
88,54,190.000000,20.000000,5.646067
89,54,195.000000,20.000000,5.627326
90,54,200.000000,20.000000,5.607470
91,54,205.000000,20.000000,5.586851
92,54,210.000000,20.000000,5.566232
93,54,215.000000,20.000000,5.545613
94,54,220.000000,20.000000,5.525097
95,54,225.000000,20.000000,5.504623
96,54,230.000000,20.000000,5.485138
97,54,235.000000,20.000000,5.465652
98,54,240.000000,20.000000,5.446166
99,54,245.000000,20.000000,5.426768
100,54,250.000000,20.000000,5.407555
0,55,-250.000000,25.000000,7.400986
1,55,-245.000000,25.000000,7.377634
2,55,-240.000000,25.000000,7.354278
3,55,-235.000000,25.000000,7.330923
4,55,-230.000000,25.000000,7.307568
5,55,-225.000000,25.000000,7.284992
6,55,-220.000000,25.000000,7.262500
7,55,-215.000000,25.000000,7.240082
8,55,-210.000000,25.000000,7.217665
9,55,-205.000000,25.000000,7.195247
10,55,-200.000000,25.000000,7.173174
11,55,-195.000000,25.000000,7.151753
12,55,-190.000000,25.000000,7.130410
13,55,-185.000000,25.000000,7.109146
14,55,-180.000000,25.000000,7.087882
15,55,-175.000000,25.000000,7.066618
16,55,-170.000000,25.000000,7.045448
17,55,-165.000000,25.000000,7.024305
18,55,-160.000000,25.000000,7.003186
19,55,-155.000000,25.000000,6.982070
20,55,-150.000000,25.000000,6.960954
21,55,-145.000000,25.000000,6.939678
22,55,-140.000000,25.000000,6.917823
23,55,-135.000000,25.000000,6.895886
24,55,-130.000000,25.000000,6.873801
25,55,-125.000000,25.000000,6.851717
26,55,-120.000000,25.000000,6.829633
27,55,-115.000000,25.000000,6.807178
28,55,-110.000000,25.000000,6.784527
29,55,-105.000000,25.000000,6.761692
30,55,-100.000000,25.000000,6.738811
31,55,-95.000000,25.000000,6.715930
32,55,-90.000000,25.000000,6.693093
33,55,-85.000000,25.000000,6.670713
34,55,-80.000000,25.000000,6.648392
35,55,-75.000000,25.000000,6.626269
36,55,-70.000000,25.000000,6.604145
37,55,-65.000000,25.000000,6.582022
38,55,-60.000000,25.000000,6.560602
39,55,-55.000000,25.000000,6.539820
40,55,-50.000000,25.000000,6.519611
41,55,-45.000000,25.000000,6.499686
42,55,-40.000000,25.000000,6.479760
43,55,-35.000000,25.000000,6.459834
44,55,-30.000000,25.000000,6.440956
45,55,-25.000000,25.000000,6.422213
46,55,-20.000000,25.000000,6.404237
47,55,-15.000000,25.000000,6.386262
48,55,-10.000000,25.000000,6.368286
49,55,-5.000000,25.000000,6.350351
50,55,0.000000,25.000000,6.332477
51,55,5.000000,25.000000,6.314657
52,55,10.000000,25.000000,6.296882
53,55,15.000000,25.000000,6.279106
54,55,20.000000,25.000000,6.261331
55,55,25.000000,25.000000,6.243126
56,55,30.000000,25.000000,6.224835
57,55,35.000000,25.000000,6.205945
58,55,40.000000,25.000000,6.187042
59,55,45.000000,25.000000,6.168139
60,55,50.000000,25.000000,6.149180
61,55,55.000000,25.000000,6.130071
62,55,60.000000,25.000000,6.110836
63,55,65.000000,25.000000,6.091426
64,55,70.000000,25.000000,6.072015
65,55,75.000000,25.000000,6.052604
66,55,80.000000,25.000000,6.033515
67,55,85.000000,25.000000,6.014561
68,55,90.000000,25.000000,5.996310
69,55,95.000000,25.000000,5.978183
70,55,100.000000,25.000000,5.960055
71,55,105.000000,25.000000,5.942009
72,55,110.000000,25.000000,5.924455
73,55,115.000000,25.000000,5.907275
74,55,120.000000,25.000000,5.891028
75,55,125.000000,25.000000,5.874780
76,55,130.000000,25.000000,5.858533
77,55,135.000000,25.000000,5.842306
78,55,140.000000,25.000000,5.826094
79,55,145.000000,25.000000,5.809955
80,55,150.000000,25.000000,5.793845
81,55,155.000000,25.000000,5.777735
82,55,160.000000,25.000000,5.761619
83,55,165.000000,25.000000,5.745060
84,55,170.000000,25.000000,5.728223
85,55,175.000000,25.000000,5.709904
86,55,180.000000,25.000000,5.691585
87,55,185.000000,25.000000,5.673267
88,55,190.000000,25.000000,5.654798
89,55,195.000000,25.000000,5.636145
90,55,200.000000,25.000000,5.616388
91,55,205.000000,25.000000,5.595877
92,55,210.000000,25.000000,5.575366
93,55,215.000000,25.000000,5.554855
94,55,220.000000,25.000000,5.534446
95,55,225.000000,25.000000,5.514081
96,55,230.000000,25.000000,5.494704
97,55,235.000000,25.000000,5.475328
98,55,240.000000,25.000000,5.455951
99,55,245.000000,25.000000,5.436662
100,55,250.000000,25.000000,5.417558
0,56,-250.000000,30.000000,7.405526
1,56,-245.000000,30.000000,7.382305
2,56,-240.000000,30.000000,7.359082
3,56,-235.000000,30.000000,7.335859
4,56,-230.000000,30.000000,7.312635
5,56,-225.000000,30.000000,7.290173
6,56,-220.000000,30.000000,7.267791
7,56,-215.000000,30.000000,7.245483
8,56,-210.000000,30.000000,7.223174
9,56,-205.000000,30.000000,7.200866
10,56,-200.000000,30.000000,7.178893
11,56,-195.000000,30.000000,7.157559
12,56,-190.000000,30.000000,7.136299
13,56,-185.000000,30.000000,7.115117
14,56,-180.000000,30.000000,7.093935
15,56,-175.000000,30.000000,7.072754
16,56,-170.000000,30.000000,7.051656
17,56,-165.000000,30.000000,7.030583
18,56,-160.000000,30.000000,7.009533
19,56,-155.000000,30.000000,6.988484
20,56,-150.000000,30.000000,6.967436
21,56,-145.000000,30.000000,6.946228
22,56,-140.000000,30.000000,6.924441
23,56,-135.000000,30.000000,6.902571
24,56,-130.000000,30.000000,6.880555
25,56,-125.000000,30.000000,6.858539
26,56,-120.000000,30.000000,6.836522
27,56,-115.000000,30.000000,6.814136
28,56,-110.000000,30.000000,6.791554
29,56,-105.000000,30.000000,6.768789
30,56,-100.000000,30.000000,6.745977
31,56,-95.000000,30.000000,6.723165
32,56,-90.000000,30.000000,6.700397
33,56,-85.000000,30.000000,6.678079
34,56,-80.000000,30.000000,6.655819
35,56,-75.000000,30.000000,6.633753
36,56,-70.000000,30.000000,6.611687
37,56,-65.000000,30.000000,6.589621
38,56,-60.000000,30.000000,6.568251
39,56,-55.000000,30.000000,6.547510
40,56,-50.000000,30.000000,6.527337
41,56,-45.000000,30.000000,6.507443
42,56,-40.000000,30.000000,6.487549
43,56,-35.000000,30.000000,6.467655
44,56,-30.000000,30.000000,6.448796
45,56,-25.000000,30.000000,6.430069
46,56,-20.000000,30.000000,6.412100
47,56,-15.000000,30.000000,6.394132
48,56,-10.000000,30.000000,6.376164
49,56,-5.000000,30.000000,6.358234
50,56,0.000000,30.000000,6.340363
51,56,5.000000,30.000000,6.322544
52,56,10.000000,30.000000,6.304769
53,56,15.000000,30.000000,6.286993
54,56,20.000000,30.000000,6.269217
55,56,25.000000,30.000000,6.251015
56,56,30.000000,30.000000,6.232728
57,56,35.000000,30.000000,6.213848
58,56,40.000000,30.000000,6.194955
59,56,45.000000,30.000000,6.176062
60,56,50.000000,30.000000,6.157115
61,56,55.000000,30.000000,6.138021
62,56,60.000000,30.000000,6.118806
63,56,65.000000,30.000000,6.099420
64,56,70.000000,30.000000,6.080034
65,56,75.000000,30.000000,6.060647
66,56,80.000000,30.000000,6.041585
67,56,85.000000,30.000000,6.022658
68,56,90.000000,30.000000,6.004438
69,56,95.000000,30.000000,5.986343
70,56,100.000000,30.000000,5.968248
71,56,105.000000,30.000000,5.950234
72,56,110.000000,30.000000,5.932714
73,56,115.000000,30.000000,5.915570
74,56,120.000000,30.000000,5.899361
75,56,125.000000,30.000000,5.883153
76,56,130.000000,30.000000,5.866945
77,56,135.000000,30.000000,5.850760
78,56,140.000000,30.000000,5.834592
79,56,145.000000,30.000000,5.818510
80,56,150.000000,30.000000,5.802461
81,56,155.000000,30.000000,5.786412
82,56,160.000000,30.000000,5.770358
83,56,165.000000,30.000000,5.753868
84,56,170.000000,30.000000,5.737106
85,56,175.000000,30.000000,5.718891
86,56,180.000000,30.000000,5.700675
87,56,185.000000,30.000000,5.682460
88,56,190.000000,30.000000,5.664098
89,56,195.000000,30.000000,5.645554
90,56,200.000000,30.000000,5.625927
91,56,205.000000,30.000000,5.605561
92,56,210.000000,30.000000,5.585194
93,56,215.000000,30.000000,5.564827
94,56,220.000000,30.000000,5.544563
95,56,225.000000,30.000000,5.524343
96,56,230.000000,30.000000,5.505120
97,56,235.000000,30.000000,5.485896
98,56,240.000000,30.000000,5.466673
99,56,245.000000,30.000000,5.447536
100,56,250.000000,30.000000,5.428583
0,57,-250.000000,35.000000,7.410066
1,57,-245.000000,35.000000,7.386977
2,57,-240.000000,35.000000,7.363886
3,57,-235.000000,35.000000,7.340794
4,57,-230.000000,35.000000,7.317703
5,57,-225.000000,35.000000,7.295353
6,57,-220.000000,35.000000,7.273082
7,57,-215.000000,35.000000,7.250883
8,57,-210.000000,35.000000,7.228684
9,57,-205.000000,35.000000,7.206484
10,57,-200.000000,35.000000,7.184613
11,57,-195.000000,35.000000,7.163364
12,57,-190.000000,35.000000,7.142188
13,57,-185.000000,35.000000,7.121088
14,57,-180.000000,35.000000,7.099989
15,57,-175.000000,35.000000,7.078889
16,57,-170.000000,35.000000,7.057865
17,57,-165.000000,35.000000,7.036862
18,57,-160.000000,35.000000,7.015879
19,57,-155.000000,35.000000,6.994899
20,57,-150.000000,35.000000,6.973918
21,57,-145.000000,35.000000,6.952777
22,57,-140.000000,35.000000,6.931059
23,57,-135.000000,35.000000,6.909257
24,57,-130.000000,35.000000,6.887309
25,57,-125.000000,35.000000,6.865360
26,57,-120.000000,35.000000,6.843412
27,57,-115.000000,35.000000,6.821095
28,57,-110.000000,35.000000,6.798581
29,57,-105.000000,35.000000,6.775885
30,57,-100.000000,35.000000,6.753143
31,57,-95.000000,35.000000,6.730401
32,57,-90.000000,35.000000,6.707702
33,57,-85.000000,35.000000,6.685445
34,57,-80.000000,35.000000,6.663246
35,57,-75.000000,35.000000,6.641237
36,57,-70.000000,35.000000,6.619229
37,57,-65.000000,35.000000,6.597221
38,57,-60.000000,35.000000,6.575899
39,57,-55.000000,35.000000,6.555201
40,57,-50.000000,35.000000,6.535062
41,57,-45.000000,35.000000,6.515200
42,57,-40.000000,35.000000,6.495338
43,57,-35.000000,35.000000,6.475476
44,57,-30.000000,35.000000,6.456635
45,57,-25.000000,35.000000,6.437925
46,57,-20.000000,35.000000,6.419964
47,57,-15.000000,35.000000,6.402002
48,57,-10.000000,35.000000,6.384041
49,57,-5.000000,35.000000,6.366117
50,57,0.000000,35.000000,6.348250
51,57,5.000000,35.000000,6.330432
52,57,10.000000,35.000000,6.312656
53,57,15.000000,35.000000,6.294879
54,57,20.000000,35.000000,6.277103
55,57,25.000000,35.000000,6.258905
56,57,30.000000,35.000000,6.240622
57,57,35.000000,35.000000,6.221752
58,57,40.000000,35.000000,6.202868
59,57,45.000000,35.000000,6.183985
60,57,50.000000,35.000000,6.165049
61,57,55.000000,35.000000,6.145971
62,57,60.000000,35.000000,6.126776
63,57,65.000000,35.000000,6.107414
64,57,70.000000,35.000000,6.088053
65,57,75.000000,35.000000,6.068691
66,57,80.000000,35.000000,6.049655
67,57,85.000000,35.000000,6.030755
68,57,90.000000,35.000000,6.012567
69,57,95.000000,35.000000,5.994504
70,57,100.000000,35.000000,5.976441
71,57,105.000000,35.000000,5.958459
72,57,110.000000,35.000000,5.940973
73,57,115.000000,35.000000,5.923864
74,57,120.000000,35.000000,5.907695
75,57,125.000000,35.000000,5.891525
76,57,130.000000,35.000000,5.875356
77,57,135.000000,35.000000,5.859213
78,57,140.000000,35.000000,5.843090
79,57,145.000000,35.000000,5.827065
80,57,150.000000,35.000000,5.811077
81,57,155.000000,35.000000,5.795089
82,57,160.000000,35.000000,5.779096
83,57,165.000000,35.000000,5.762677
84,57,170.000000,35.000000,5.745989
85,57,175.000000,35.000000,5.727877
86,57,180.000000,35.000000,5.709765
87,57,185.000000,35.000000,5.691653
88,57,190.000000,35.000000,5.673397
89,57,195.000000,35.000000,5.654963
90,57,200.000000,35.000000,5.635466
91,57,205.000000,35.000000,5.615244
92,57,210.000000,35.000000,5.595021
93,57,215.000000,35.000000,5.574799
94,57,220.000000,35.000000,5.554680
95,57,225.000000,35.000000,5.534605
96,57,230.000000,35.000000,5.515535
97,57,235.000000,35.000000,5.496465
98,57,240.000000,35.000000,5.477394
99,57,245.000000,35.000000,5.458410
100,57,250.000000,35.000000,5.439608
0,58,-250.000000,40.000000,7.414592
1,58,-245.000000,40.000000,7.391634
2,58,-240.000000,40.000000,7.368673
3,58,-235.000000,40.000000,7.345712
4,58,-230.000000,40.000000,7.322751
5,58,-225.000000,40.000000,7.300513
6,58,-220.000000,40.000000,7.278352
7,58,-215.000000,40.000000,7.256261
8,58,-210.000000,40.000000,7.234169
9,58,-205.000000,40.000000,7.212078
10,58,-200.000000,40.000000,7.190306
11,58,-195.000000,40.000000,7.169142
12,58,-190.000000,40.000000,7.148050
13,58,-185.000000,40.000000,7.127031
14,58,-180.000000,40.000000,7.106013
15,58,-175.000000,40.000000,7.084994
16,58,-170.000000,40.000000,7.064043
17,58,-165.000000,40.000000,7.043110
18,58,-160.000000,40.000000,7.022195
19,58,-155.000000,40.000000,7.001282
20,58,-150.000000,40.000000,6.980369
21,58,-145.000000,40.000000,6.959296
22,58,-140.000000,40.000000,6.937645
23,58,-135.000000,40.000000,6.915911
24,58,-130.000000,40.000000,6.894031
25,58,-125.000000,40.000000,6.872151
26,58,-120.000000,40.000000,6.850271
27,58,-115.000000,40.000000,6.828023
28,58,-110.000000,40.000000,6.805579
29,58,-105.000000,40.000000,6.782953
30,58,-100.000000,40.000000,6.760281
31,58,-95.000000,40.000000,6.737608
32,58,-90.000000,40.000000,6.714979
33,58,-85.000000,40.000000,6.692784
34,58,-80.000000,40.000000,6.670646
35,58,-75.000000,40.000000,6.648696
36,58,-70.000000,40.000000,6.626746
37,58,-65.000000,40.000000,6.604796
38,58,-60.000000,40.000000,6.583525
39,58,-55.000000,40.000000,6.562869
40,58,-50.000000,40.000000,6.542766
41,58,-45.000000,40.000000,6.522937
42,58,-40.000000,40.000000,6.503107
43,58,-35.000000,40.000000,6.483277
44,58,-30.000000,40.000000,6.464456
45,58,-25.000000,40.000000,6.445763
46,58,-20.000000,40.000000,6.427809
47,58,-15.000000,40.000000,6.409856
48,58,-10.000000,40.000000,6.391902
49,58,-5.000000,40.000000,6.373984
50,58,0.000000,40.000000,6.356121
51,58,5.000000,40.000000,6.338306
52,58,10.000000,40.000000,6.320530
53,58,15.000000,40.000000,6.302754
54,58,20.000000,40.000000,6.284978
55,58,25.000000,40.000000,6.266785
56,58,30.000000,40.000000,6.248508
57,58,35.000000,40.000000,6.229649
58,58,40.000000,40.000000,6.210777
59,58,45.000000,40.000000,6.191906
60,58,50.000000,40.000000,6.172983
61,58,55.000000,40.000000,6.153923
62,58,60.000000,40.000000,6.134749
63,58,65.000000,40.000000,6.115414
64,58,70.000000,40.000000,6.096079
65,58,75.000000,40.000000,6.076744
66,58,80.000000,40.000000,6.057736
67,58,85.000000,40.000000,6.038866
68,58,90.000000,40.000000,6.020711
69,58,95.000000,40.000000,6.002682
70,58,100.000000,40.000000,5.984653
71,58,105.000000,40.000000,5.966705
72,58,110.000000,40.000000,5.949256
73,58,115.000000,40.000000,5.932184
74,58,120.000000,40.000000,5.916054
75,58,125.000000,40.000000,5.899925
76,58,130.000000,40.000000,5.883796
77,58,135.000000,40.000000,5.867697
78,58,140.000000,40.000000,5.851620
79,58,145.000000,40.000000,5.835652
80,58,150.000000,40.000000,5.819728
81,58,155.000000,40.000000,5.803803
82,58,160.000000,40.000000,5.787873
83,58,165.000000,40.000000,5.771525
84,58,170.000000,40.000000,5.754915
85,58,175.000000,40.000000,5.736910
86,58,180.000000,40.000000,5.718904
87,58,185.000000,40.000000,5.700899
88,58,190.000000,40.000000,5.682752
89,58,195.000000,40.000000,5.664431
90,58,200.000000,40.000000,5.645070
91,58,205.000000,40.000000,5.624997
92,58,210.000000,40.000000,5.604924
93,58,215.000000,40.000000,5.584851
94,58,220.000000,40.000000,5.564882
95,58,225.000000,40.000000,5.544959
96,58,230.000000,40.000000,5.526048
97,58,235.000000,40.000000,5.507136
98,58,240.000000,40.000000,5.488225
99,58,245.000000,40.000000,5.469399
100,58,250.000000,40.000000,5.450754
0,59,-250.000000,45.000000,7.419032
1,59,-245.000000,45.000000,7.396195
2,59,-240.000000,45.000000,7.373356
3,59,-235.000000,45.000000,7.350516
4,59,-230.000000,45.000000,7.327676
5,59,-225.000000,45.000000,7.305543
6,59,-220.000000,45.000000,7.283484
7,59,-215.000000,45.000000,7.261494
8,59,-210.000000,45.000000,7.239504
9,59,-205.000000,45.000000,7.217513
10,59,-200.000000,45.000000,7.195836
11,59,-195.000000,45.000000,7.174752
12,59,-190.000000,45.000000,7.153737
13,59,-185.000000,45.000000,7.132796
14,59,-180.000000,45.000000,7.111854
15,59,-175.000000,45.000000,7.090912
16,59,-170.000000,45.000000,7.070030
17,59,-165.000000,45.000000,7.049165
18,59,-160.000000,45.000000,7.028316
19,59,-155.000000,45.000000,7.007468
20,59,-150.000000,45.000000,6.986620
21,59,-145.000000,45.000000,6.965613
22,59,-140.000000,45.000000,6.944031
23,59,-135.000000,45.000000,6.922366
24,59,-130.000000,45.000000,6.900555
25,59,-125.000000,45.000000,6.878744
26,59,-120.000000,45.000000,6.856933
27,59,-115.000000,45.000000,6.834757
28,59,-110.000000,45.000000,6.812385
29,59,-105.000000,45.000000,6.789833
30,59,-100.000000,45.000000,6.767235
31,59,-95.000000,45.000000,6.744636
32,59,-90.000000,45.000000,6.722080
33,59,-85.000000,45.000000,6.699952
34,59,-80.000000,45.000000,6.677880
35,59,-75.000000,45.000000,6.655994
36,59,-70.000000,45.000000,6.634107
37,59,-65.000000,45.000000,6.612220
38,59,-60.000000,45.000000,6.591004
39,59,-55.000000,45.000000,6.570394
40,59,-50.000000,45.000000,6.550332
41,59,-45.000000,45.000000,6.530539
42,59,-40.000000,45.000000,6.510746
43,59,-35.000000,45.000000,6.490953
44,59,-30.000000,45.000000,6.472155
45,59,-25.000000,45.000000,6.453484
46,59,-20.000000,45.000000,6.435542
47,59,-15.000000,45.000000,6.417601
48,59,-10.000000,45.000000,6.399659
49,59,-5.000000,45.000000,6.381752
50,59,0.000000,45.000000,6.363899
51,59,5.000000,45.000000,6.346092
52,59,10.000000,45.000000,6.328323
53,59,15.000000,45.000000,6.310555
54,59,20.000000,45.000000,6.292786
55,59,25.000000,45.000000,6.274606
56,59,30.000000,45.000000,6.256344
57,59,35.000000,45.000000,6.237508
58,59,40.000000,45.000000,6.218659
59,59,45.000000,45.000000,6.199810
60,59,50.000000,45.000000,6.180913
61,59,55.000000,45.000000,6.161883
62,59,60.000000,45.000000,6.142743
63,59,65.000000,45.000000,6.123448
64,59,70.000000,45.000000,6.104154
65,59,75.000000,45.000000,6.084859
66,59,80.000000,45.000000,6.065893
67,59,85.000000,45.000000,6.047065
68,59,90.000000,45.000000,6.028955
69,59,95.000000,45.000000,6.010972
70,59,100.000000,45.000000,5.992988
71,59,105.000000,45.000000,5.975087
72,59,110.000000,45.000000,5.957684
73,59,115.000000,45.000000,5.940659
74,59,120.000000,45.000000,5.924579
75,59,125.000000,45.000000,5.908498
76,59,130.000000,45.000000,5.892418
77,59,135.000000,45.000000,5.876371
78,59,140.000000,45.000000,5.860349
79,59,145.000000,45.000000,5.844450
80,59,150.000000,45.000000,5.828599
81,59,155.000000,45.000000,5.812748
82,59,160.000000,45.000000,5.796892
83,59,165.000000,45.000000,5.780629
84,59,170.000000,45.000000,5.764111
85,59,175.000000,45.000000,5.746233
86,59,180.000000,45.000000,5.728356
87,59,185.000000,45.000000,5.710478
88,59,190.000000,45.000000,5.692463
89,59,195.000000,45.000000,5.674279
90,59,200.000000,45.000000,5.655082
91,59,205.000000,45.000000,5.635192
92,59,210.000000,45.000000,5.615303
93,59,215.000000,45.000000,5.595413
94,59,220.000000,45.000000,5.575630
95,59,225.000000,45.000000,5.555892
96,59,230.000000,45.000000,5.537178
97,59,235.000000,45.000000,5.518464
98,59,240.000000,45.000000,5.499750
99,59,245.000000,45.000000,5.481121
100,59,250.000000,45.000000,5.462672
0,60,-250.000000,50.000000,7.423413
1,60,-245.000000,50.000000,7.400691
2,60,-240.000000,50.000000,7.377966
3,60,-235.000000,50.000000,7.355241
4,60,-230.000000,50.000000,7.332517
5,60,-225.000000,50.000000,7.310483
6,60,-220.000000,50.000000,7.288522
7,60,-215.000000,50.000000,7.266628
8,60,-210.000000,50.000000,7.244734
9,60,-205.000000,50.000000,7.222840
10,60,-200.000000,50.000000,7.201251
11,60,-195.000000,50.000000,7.180244
12,60,-190.000000,50.000000,7.159305
13,60,-185.000000,50.000000,7.138437
14,60,-180.000000,50.000000,7.117569
15,60,-175.000000,50.000000,7.096701
16,60,-170.000000,50.000000,7.075886
17,60,-165.000000,50.000000,7.055087
18,60,-160.000000,50.000000,7.034302
19,60,-155.000000,50.000000,7.013518
20,60,-150.000000,50.000000,6.992734
21,60,-145.000000,50.000000,6.971793
22,60,-140.000000,50.000000,6.950279
23,60,-135.000000,50.000000,6.928683
24,60,-130.000000,50.000000,6.906942
25,60,-125.000000,50.000000,6.885201
26,60,-120.000000,50.000000,6.863461
27,60,-115.000000,50.000000,6.841357
28,60,-110.000000,50.000000,6.819060
29,60,-105.000000,50.000000,6.796584
30,60,-100.000000,50.000000,6.774062
31,60,-95.000000,50.000000,6.751541
32,60,-90.000000,50.000000,6.729060
33,60,-85.000000,50.000000,6.707002
34,60,-80.000000,50.000000,6.685000
35,60,-75.000000,50.000000,6.663180
36,60,-70.000000,50.000000,6.641360
37,60,-65.000000,50.000000,6.619540
38,60,-60.000000,50.000000,6.598381
39,60,-55.000000,50.000000,6.577822
40,60,-50.000000,50.000000,6.557803
41,60,-45.000000,50.000000,6.538050
42,60,-40.000000,50.000000,6.518296
43,60,-35.000000,50.000000,6.498543
44,60,-30.000000,50.000000,6.479771
45,60,-25.000000,50.000000,6.461125
46,60,-20.000000,50.000000,6.443198
47,60,-15.000000,50.000000,6.425271
48,60,-10.000000,50.000000,6.407344
49,60,-5.000000,50.000000,6.389452
50,60,0.000000,50.000000,6.371612
51,60,5.000000,50.000000,6.353817
52,60,10.000000,50.000000,6.336061
53,60,15.000000,50.000000,6.318304
54,60,20.000000,50.000000,6.300548
55,60,25.000000,50.000000,6.282387
56,60,30.000000,50.000000,6.264145
57,60,35.000000,50.000000,6.245340
58,60,40.000000,50.000000,6.226522
59,60,45.000000,50.000000,6.207704
60,60,50.000000,50.000000,6.188839
61,60,55.000000,50.000000,6.169848
62,60,60.000000,50.000000,6.150751
63,60,65.000000,50.000000,6.131507
64,60,70.000000,50.000000,6.112262
65,60,75.000000,50.000000,6.093017
66,60,80.000000,50.000000,6.074102
67,60,85.000000,50.000000,6.055325
68,60,90.000000,50.000000,6.037269
69,60,95.000000,50.000000,6.019339
70,60,100.000000,50.000000,6.001409
71,60,105.000000,50.000000,5.983561
72,60,110.000000,50.000000,5.966213
73,60,115.000000,50.000000,5.949242
74,60,120.000000,50.000000,5.933216
75,60,125.000000,50.000000,5.917190
76,60,130.000000,50.000000,5.901165
77,60,135.000000,50.000000,5.885176
78,60,140.000000,50.000000,5.869215
79,60,145.000000,50.000000,5.853393
80,60,150.000000,50.000000,5.837623
81,60,155.000000,50.000000,5.821853
82,60,160.000000,50.000000,5.806078
83,60,165.000000,50.000000,5.789909
84,60,170.000000,50.000000,5.773492
85,60,175.000000,50.000000,5.755757
86,60,180.000000,50.000000,5.738022
87,60,185.000000,50.000000,5.720287
88,60,190.000000,50.000000,5.702419
89,60,195.000000,50.000000,5.684387
90,60,200.000000,50.000000,5.665375
91,60,205.000000,50.000000,5.645692
92,60,210.000000,50.000000,5.626010
93,60,215.000000,50.000000,5.606327
94,60,220.000000,50.000000,5.586752
95,60,225.000000,50.000000,5.567223
96,60,230.000000,50.000000,5.548734
97,60,235.000000,50.000000,5.530244
98,60,240.000000,50.000000,5.511755
99,60,245.000000,50.000000,5.493349
100,60,250.000000,50.000000,5.475121
0,61,-250.000000,55.000000,7.427717
1,61,-245.000000,55.000000,7.405102
2,61,-240.000000,55.000000,7.382484
3,61,-235.000000,55.000000,7.359866
4,61,-230.000000,55.000000,7.337248
5,61,-225.000000,55.000000,7.315307
6,61,-220.000000,55.000000,7.293438
7,61,-215.000000,55.000000,7.271634
8,61,-210.000000,55.000000,7.249830
9,61,-205.000000,55.000000,7.228026
10,61,-200.000000,55.000000,7.206521
11,61,-195.000000,55.000000,7.185587
12,61,-190.000000,55.000000,7.164719
13,61,-185.000000,55.000000,7.143920
14,61,-180.000000,55.000000,7.123122
15,61,-175.000000,55.000000,7.102323
16,61,-170.000000,55.000000,7.081574
17,61,-165.000000,55.000000,7.060838
18,61,-160.000000,55.000000,7.040115
19,61,-155.000000,55.000000,7.019394
20,61,-150.000000,55.000000,6.998673
21,61,-145.000000,55.000000,6.977794
22,61,-140.000000,55.000000,6.956350
23,61,-135.000000,55.000000,6.934823
24,61,-130.000000,55.000000,6.913154
25,61,-125.000000,55.000000,6.891484
26,61,-120.000000,55.000000,6.869814
27,61,-115.000000,55.000000,6.847786
28,61,-110.000000,55.000000,6.825566
29,61,-105.000000,55.000000,6.803170
30,61,-100.000000,55.000000,6.780728
31,61,-95.000000,55.000000,6.758286
32,61,-90.000000,55.000000,6.735885
33,61,-85.000000,55.000000,6.713901
34,61,-80.000000,55.000000,6.691972
35,61,-75.000000,55.000000,6.670223
36,61,-70.000000,55.000000,6.648474
37,61,-65.000000,55.000000,6.626725
38,61,-60.000000,55.000000,6.605629
39,61,-55.000000,55.000000,6.585124
40,61,-50.000000,55.000000,6.565152
41,61,-45.000000,55.000000,6.545442
42,61,-40.000000,55.000000,6.525732
43,61,-35.000000,55.000000,6.506022
44,61,-30.000000,55.000000,6.487280
45,61,-25.000000,55.000000,6.468662
46,61,-20.000000,55.000000,6.450754
47,61,-15.000000,55.000000,6.432846
48,61,-10.000000,55.000000,6.414937
49,61,-5.000000,55.000000,6.397063
50,61,0.000000,55.000000,6.379242
51,61,5.000000,55.000000,6.361465
52,61,10.000000,55.000000,6.343727
53,61,15.000000,55.000000,6.325989
54,61,20.000000,55.000000,6.308251
55,61,25.000000,55.000000,6.290116
56,61,30.000000,55.000000,6.271903
57,61,35.000000,55.000000,6.253138
58,61,40.000000,55.000000,6.234361
59,61,45.000000,55.000000,6.215584
60,61,50.000000,55.000000,6.196762
61,61,55.000000,55.000000,6.177820
62,61,60.000000,55.000000,6.158778
63,61,65.000000,55.000000,6.139595
64,61,70.000000,55.000000,6.120413
65,61,75.000000,55.000000,6.101230
66,61,80.000000,55.000000,6.082377
67,61,85.000000,55.000000,6.063664
68,61,90.000000,55.000000,6.045671
69,61,95.000000,55.000000,6.027805
70,61,100.000000,55.000000,6.009940
71,61,105.000000,55.000000,5.992156
72,61,110.000000,55.000000,5.974871
73,61,115.000000,55.000000,5.957963
74,61,120.000000,55.000000,5.942000
75,61,125.000000,55.000000,5.926036
76,61,130.000000,55.000000,5.910072
77,61,135.000000,55.000000,5.894150
78,61,140.000000,55.000000,5.878259
79,61,145.000000,55.000000,5.862521
80,61,150.000000,55.000000,5.846842
81,61,155.000000,55.000000,5.831163
82,61,160.000000,55.000000,5.815479
83,61,165.000000,55.000000,5.799415
84,61,170.000000,55.000000,5.783112
85,61,175.000000,55.000000,5.765539
86,61,180.000000,55.000000,5.747965
87,61,185.000000,55.000000,5.730392
88,61,190.000000,55.000000,5.712690
89,61,195.000000,55.000000,5.694831
90,61,200.000000,55.000000,5.676030
91,61,205.000000,55.000000,5.656584
92,61,210.000000,55.000000,5.637139
93,61,215.000000,55.000000,5.617693
94,61,220.000000,55.000000,5.598357
95,61,225.000000,55.000000,5.579067
96,61,230.000000,55.000000,5.560836
97,61,235.000000,55.000000,5.542605
98,61,240.000000,55.000000,5.524374
99,61,245.000000,55.000000,5.506226
100,61,250.000000,55.000000,5.488254
0,62,-250.000000,60.000000,7.432022
1,62,-245.000000,60.000000,7.409513
2,62,-240.000000,60.000000,7.387002
3,62,-235.000000,60.000000,7.364491
4,62,-230.000000,60.000000,7.341980
5,62,-225.000000,60.000000,7.320132
6,62,-220.000000,60.000000,7.298354
7,62,-215.000000,60.000000,7.276640
8,62,-210.000000,60.000000,7.254926
9,62,-205.000000,60.000000,7.233212
10,62,-200.000000,60.000000,7.211792
11,62,-195.000000,60.000000,7.190929
12,62,-190.000000,60.000000,7.170132
13,62,-185.000000,60.000000,7.149403
14,62,-180.000000,60.000000,7.128674
15,62,-175.000000,60.000000,7.107946
16,62,-170.000000,60.000000,7.087261
17,62,-165.000000,60.000000,7.066589
18,62,-160.000000,60.000000,7.045929
19,62,-155.000000,60.000000,7.025270
20,62,-150.000000,60.000000,7.004611
21,62,-145.000000,60.000000,6.983796
22,62,-140.000000,60.000000,6.962420
23,62,-135.000000,60.000000,6.940964
24,62,-130.000000,60.000000,6.919365
25,62,-125.000000,60.000000,6.897766
26,62,-120.000000,60.000000,6.876168
27,62,-115.000000,60.000000,6.854214
28,62,-110.000000,60.000000,6.832073
29,62,-105.000000,60.000000,6.809755
30,62,-100.000000,60.000000,6.787394
31,62,-95.000000,60.000000,6.765032
32,62,-90.000000,60.000000,6.742710
33,62,-85.000000,60.000000,6.720800
34,62,-80.000000,60.000000,6.698945
35,62,-75.000000,60.000000,6.677267
36,62,-70.000000,60.000000,6.655588
37,62,-65.000000,60.000000,6.633910
38,62,-60.000000,60.000000,6.612876
39,62,-55.000000,60.000000,6.592426
40,62,-50.000000,60.000000,6.572500
41,62,-45.000000,60.000000,6.552834
42,62,-40.000000,60.000000,6.533168
43,62,-35.000000,60.000000,6.513501
44,62,-30.000000,60.000000,6.494790
45,62,-25.000000,60.000000,6.476200
46,62,-20.000000,60.000000,6.458310
47,62,-15.000000,60.000000,6.440420
48,62,-10.000000,60.000000,6.422530
49,62,-5.000000,60.000000,6.404675
50,62,0.000000,60.000000,6.386871
51,62,5.000000,60.000000,6.369113
52,62,10.000000,60.000000,6.351393
53,62,15.000000,60.000000,6.333673
54,62,20.000000,60.000000,6.315953
55,62,25.000000,60.000000,6.297846
56,62,30.000000,60.000000,6.279660
57,62,35.000000,60.000000,6.260936
58,62,40.000000,60.000000,6.242200
59,62,45.000000,60.000000,6.223463
60,62,50.000000,60.000000,6.204685
61,62,55.000000,60.000000,6.185792
62,62,60.000000,60.000000,6.166805
63,62,65.000000,60.000000,6.147684
64,62,70.000000,60.000000,6.128564
65,62,75.000000,60.000000,6.109443
66,62,80.000000,60.000000,6.090653
67,62,85.000000,60.000000,6.072002
68,62,90.000000,60.000000,6.054073
69,62,95.000000,60.000000,6.036272
70,62,100.000000,60.000000,6.018470
71,62,105.000000,60.000000,6.000751
72,62,110.000000,60.000000,5.983529
73,62,115.000000,60.000000,5.966685
74,62,120.000000,60.000000,5.950783
75,62,125.000000,60.000000,5.934881
76,62,130.000000,60.000000,5.918980
77,62,135.000000,60.000000,5.903124
78,62,140.000000,60.000000,5.887302
79,62,145.000000,60.000000,5.871649
80,62,150.000000,60.000000,5.856061
81,62,155.000000,60.000000,5.840473
82,62,160.000000,60.000000,5.824880
83,62,165.000000,60.000000,5.808921
84,62,170.000000,60.000000,5.792732
85,62,175.000000,60.000000,5.775320
86,62,180.000000,60.000000,5.757908
87,62,185.000000,60.000000,5.740496
88,62,190.000000,60.000000,5.722961
89,62,195.000000,60.000000,5.705275
90,62,200.000000,60.000000,5.686685
91,62,205.000000,60.000000,5.667476
92,62,210.000000,60.000000,5.648267
93,62,215.000000,60.000000,5.629059
94,62,220.000000,60.000000,5.609961
95,62,225.000000,60.000000,5.590912
96,62,230.000000,60.000000,5.572939
97,62,235.000000,60.000000,5.554966
98,62,240.000000,60.000000,5.536993
99,62,245.000000,60.000000,5.519102
100,62,250.000000,60.000000,5.501386
0,63,-250.000000,65.000000,7.436316
1,63,-245.000000,65.000000,7.413914
2,63,-240.000000,65.000000,7.391509
3,63,-235.000000,65.000000,7.369105
4,63,-230.000000,65.000000,7.346700
5,63,-225.000000,65.000000,7.324944
6,63,-220.000000,65.000000,7.303257
7,63,-215.000000,65.000000,7.281633
8,63,-210.000000,65.000000,7.260009
9,63,-205.000000,65.000000,7.238384
10,63,-200.000000,65.000000,7.217048
11,63,-195.000000,65.000000,7.196257
12,63,-190.000000,65.000000,7.175531
13,63,-185.000000,65.000000,7.154871
14,63,-180.000000,65.000000,7.134212
15,63,-175.000000,65.000000,7.113553
16,63,-170.000000,65.000000,7.092933
17,63,-165.000000,65.000000,7.072324
18,63,-160.000000,65.000000,7.051726
19,63,-155.000000,65.000000,7.031129
20,63,-150.000000,65.000000,7.010533
21,63,-145.000000,65.000000,6.989782
22,63,-140.000000,65.000000,6.968475
23,63,-135.000000,65.000000,6.947087
24,63,-130.000000,65.000000,6.925559
25,63,-125.000000,65.000000,6.904031
26,63,-120.000000,65.000000,6.882503
27,63,-115.000000,65.000000,6.860624
28,63,-110.000000,65.000000,6.838559
29,63,-105.000000,65.000000,6.816321
30,63,-100.000000,65.000000,6.794039
31,63,-95.000000,65.000000,6.771756
32,63,-90.000000,65.000000,6.749514
33,63,-85.000000,65.000000,6.727677
34,63,-80.000000,65.000000,6.705894
35,63,-75.000000,65.000000,6.684287
36,63,-70.000000,65.000000,6.662679
37,63,-65.000000,65.000000,6.641071
38,63,-60.000000,65.000000,6.620099
39,63,-55.000000,65.000000,6.599702
40,63,-50.000000,65.000000,6.579824
41,63,-45.000000,65.000000,6.560201
42,63,-40.000000,65.000000,6.540578
43,63,-35.000000,65.000000,6.520954
44,63,-30.000000,65.000000,6.502273
45,63,-25.000000,65.000000,6.483711
46,63,-20.000000,65.000000,6.465840
47,63,-15.000000,65.000000,6.447969
48,63,-10.000000,65.000000,6.430098
49,63,-5.000000,65.000000,6.412261
50,63,0.000000,65.000000,6.394476
51,63,5.000000,65.000000,6.376736
52,63,10.000000,65.000000,6.359034
53,63,15.000000,65.000000,6.341332
54,63,20.000000,65.000000,6.323630
55,63,25.000000,65.000000,6.305550
56,63,30.000000,65.000000,6.287393
57,63,35.000000,65.000000,6.268709
58,63,40.000000,65.000000,6.250013
59,63,45.000000,65.000000,6.231317
60,63,50.000000,65.000000,6.212582
61,63,55.000000,65.000000,6.193738
62,63,60.000000,65.000000,6.174806
63,63,65.000000,65.000000,6.155746
64,63,70.000000,65.000000,6.136687
65,63,75.000000,65.000000,6.117628
66,63,80.000000,65.000000,6.098901
67,63,85.000000,65.000000,6.080312
68,63,90.000000,65.000000,6.062447
69,63,95.000000,65.000000,6.044709
70,63,100.000000,65.000000,6.026972
71,63,105.000000,65.000000,6.009316
72,63,110.000000,65.000000,5.992158
73,63,115.000000,65.000000,5.975377
74,63,120.000000,65.000000,5.959537
75,63,125.000000,65.000000,5.943698
76,63,130.000000,65.000000,5.927858
77,63,135.000000,65.000000,5.912069
78,63,140.000000,65.000000,5.896317
79,63,145.000000,65.000000,5.880749
80,63,150.000000,65.000000,5.865251
81,63,155.000000,65.000000,5.849754
82,63,160.000000,65.000000,5.834252
83,63,165.000000,65.000000,5.818398
84,63,170.000000,65.000000,5.802324
85,63,175.000000,65.000000,5.785073
86,63,180.000000,65.000000,5.767822
87,63,185.000000,65.000000,5.750571
88,63,190.000000,65.000000,5.733202
89,63,195.000000,65.000000,5.715689
90,63,200.000000,65.000000,5.697309
91,63,205.000000,65.000000,5.678336
92,63,210.000000,65.000000,5.659363
93,63,215.000000,65.000000,5.640391
94,63,220.000000,65.000000,5.621531
95,63,225.000000,65.000000,5.602721
96,63,230.000000,65.000000,5.585005
97,63,235.000000,65.000000,5.567289
98,63,240.000000,65.000000,5.549574
99,63,245.000000,65.000000,5.531939
100,63,250.000000,65.000000,5.514477
0,64,-250.000000,70.000000,7.440392
1,64,-245.000000,70.000000,7.418082
2,64,-240.000000,70.000000,7.395770
3,64,-235.000000,70.000000,7.373457
4,64,-230.000000,70.000000,7.351145
5,64,-225.000000,70.000000,7.329471
6,64,-220.000000,70.000000,7.307865
7,64,-215.000000,70.000000,7.286321
8,64,-210.000000,70.000000,7.264776
9,64,-205.000000,70.000000,7.243232
10,64,-200.000000,70.000000,7.221970
11,64,-195.000000,70.000000,7.201247
12,64,-190.000000,70.000000,7.180587
13,64,-185.000000,70.000000,7.159992
14,64,-180.000000,70.000000,7.139397
15,64,-175.000000,70.000000,7.118803
16,64,-170.000000,70.000000,7.098244
17,64,-165.000000,70.000000,7.077695
18,64,-160.000000,70.000000,7.057155
19,64,-155.000000,70.000000,7.036617
20,64,-150.000000,70.000000,7.016078
21,64,-145.000000,70.000000,6.995386
22,64,-140.000000,70.000000,6.974140
23,64,-135.000000,70.000000,6.952814
24,64,-130.000000,70.000000,6.931347
25,64,-125.000000,70.000000,6.909881
26,64,-120.000000,70.000000,6.888414
27,64,-115.000000,70.000000,6.866599
28,64,-110.000000,70.000000,6.844598
29,64,-105.000000,70.000000,6.822425
30,64,-100.000000,70.000000,6.800208
31,64,-95.000000,70.000000,6.777991
32,64,-90.000000,70.000000,6.755813
33,64,-85.000000,70.000000,6.734037
34,64,-80.000000,70.000000,6.712314
35,64,-75.000000,70.000000,6.690763
36,64,-70.000000,70.000000,6.669213
37,64,-65.000000,70.000000,6.647663
38,64,-60.000000,70.000000,6.626742
39,64,-55.000000,70.000000,6.606391
40,64,-50.000000,70.000000,6.586554
41,64,-45.000000,70.000000,6.566970
42,64,-40.000000,70.000000,6.547385
43,64,-35.000000,70.000000,6.527800
44,64,-30.000000,70.000000,6.509148
45,64,-25.000000,70.000000,6.490615
46,64,-20.000000,70.000000,6.472765
47,64,-15.000000,70.000000,6.454916
48,64,-10.000000,70.000000,6.437066
49,64,-5.000000,70.000000,6.419250
50,64,0.000000,70.000000,6.401487
51,64,5.000000,70.000000,6.383768
52,64,10.000000,70.000000,6.366087
53,64,15.000000,70.000000,6.348406
54,64,20.000000,70.000000,6.330726
55,64,25.000000,70.000000,6.312672
56,64,30.000000,70.000000,6.294544
57,64,35.000000,70.000000,6.275896
58,64,40.000000,70.000000,6.257237
59,64,45.000000,70.000000,6.238578
60,64,50.000000,70.000000,6.219880
61,64,55.000000,70.000000,6.201080
62,64,60.000000,70.000000,6.182194
63,64,65.000000,70.000000,6.163188
64,64,70.000000,70.000000,6.144182
65,64,75.000000,70.000000,6.125175
66,64,80.000000,70.000000,6.106502
67,64,85.000000,70.000000,6.087968
68,64,90.000000,70.000000,6.070160
69,64,95.000000,70.000000,6.052481
70,64,100.000000,70.000000,6.034802
71,64,105.000000,70.000000,6.017205
72,64,110.000000,70.000000,6.000106
73,64,115.000000,70.000000,5.983386
74,64,120.000000,70.000000,5.967610
75,64,125.000000,70.000000,5.951835
76,64,130.000000,70.000000,5.936059
77,64,135.000000,70.000000,5.920338
78,64,140.000000,70.000000,5.904657
79,64,145.000000,70.000000,5.889176
80,64,150.000000,70.000000,5.873772
81,64,155.000000,70.000000,5.858368
82,64,160.000000,70.000000,5.842960
83,64,165.000000,70.000000,5.827212
84,64,170.000000,70.000000,5.811251
85,64,175.000000,70.000000,5.794154
86,64,180.000000,70.000000,5.777057
87,64,185.000000,70.000000,5.759961
88,64,190.000000,70.000000,5.742750
89,64,195.000000,70.000000,5.725400
90,64,200.000000,70.000000,5.707215
91,64,205.000000,70.000000,5.688458
92,64,210.000000,70.000000,5.669701
93,64,215.000000,70.000000,5.650944
94,64,220.000000,70.000000,5.632301
95,64,225.000000,70.000000,5.613708
96,64,230.000000,70.000000,5.596223
97,64,235.000000,70.000000,5.578737
98,64,240.000000,70.000000,5.561252
99,64,245.000000,70.000000,5.543847
100,64,250.000000,70.000000,5.526612
0,65,-250.000000,75.000000,7.444336
1,65,-245.000000,75.000000,7.422110
2,65,-240.000000,75.000000,7.399882
3,65,-235.000000,75.000000,7.377654
4,65,-230.000000,75.000000,7.355425
5,65,-225.000000,75.000000,7.333827
6,65,-220.000000,75.000000,7.312296
7,65,-215.000000,75.000000,7.290825
8,65,-210.000000,75.000000,7.269355
9,65,-205.000000,75.000000,7.247884
10,65,-200.000000,75.000000,7.226693
11,65,-195.000000,75.000000,7.206033
12,65,-190.000000,75.000000,7.185436
13,65,-185.000000,75.000000,7.164904
14,65,-180.000000,75.000000,7.144371
15,65,-175.000000,75.000000,7.123839
16,65,-170.000000,75.000000,7.103338
17,65,-165.000000,75.000000,7.082846
18,65,-160.000000,75.000000,7.062362
19,65,-155.000000,75.000000,7.041880
20,65,-150.000000,75.000000,7.021397
21,65,-145.000000,75.000000,7.000761
22,65,-140.000000,75.000000,6.979571
23,65,-135.000000,75.000000,6.958301
24,65,-130.000000,75.000000,6.936891
25,65,-125.000000,75.000000,6.915481
26,65,-120.000000,75.000000,6.894071
27,65,-115.000000,75.000000,6.872312
28,65,-110.000000,75.000000,6.850368
29,65,-105.000000,75.000000,6.828252
30,65,-100.000000,75.000000,6.806091
31,65,-95.000000,75.000000,6.783931
32,65,-90.000000,75.000000,6.761809
33,65,-85.000000,75.000000,6.740085
34,65,-80.000000,75.000000,6.718414
35,65,-75.000000,75.000000,6.696913
36,65,-70.000000,75.000000,6.675413
37,65,-65.000000,75.000000,6.653913
38,65,-60.000000,75.000000,6.633037
39,65,-55.000000,75.000000,6.612728
40,65,-50.000000,75.000000,6.592928
41,65,-45.000000,75.000000,6.573379
42,65,-40.000000,75.000000,6.553830
43,65,-35.000000,75.000000,6.534281
44,65,-30.000000,75.000000,6.515658
45,65,-25.000000,75.000000,6.497153
46,65,-20.000000,75.000000,6.479327
47,65,-15.000000,75.000000,6.461500
48,65,-10.000000,75.000000,6.443674
49,65,-5.000000,75.000000,6.425882
50,65,0.000000,75.000000,6.408141
51,65,5.000000,75.000000,6.390445
52,65,10.000000,75.000000,6.372787
53,65,15.000000,75.000000,6.355129
54,65,20.000000,75.000000,6.337471
55,65,25.000000,75.000000,6.319444
56,65,30.000000,75.000000,6.301344
57,65,35.000000,75.000000,6.282730
58,65,40.000000,75.000000,6.264105
59,65,45.000000,75.000000,6.245480
60,65,50.000000,75.000000,6.226819
61,65,55.000000,75.000000,6.208058
62,65,60.000000,75.000000,6.189215
63,65,65.000000,75.000000,6.170256
64,65,70.000000,75.000000,6.151297
65,65,75.000000,75.000000,6.132338
66,65,80.000000,75.000000,6.113714
67,65,85.000000,75.000000,6.095230
68,65,90.000000,75.000000,6.077477
69,65,95.000000,75.000000,6.059852
70,65,100.000000,75.000000,6.042228
71,65,105.000000,75.000000,6.024686
72,65,110.000000,75.000000,6.007645
73,65,115.000000,75.000000,5.990985
74,65,120.000000,75.000000,5.975274
75,65,125.000000,75.000000,5.959563
76,65,130.000000,75.000000,5.943852
77,65,135.000000,75.000000,5.928200
78,65,140.000000,75.000000,5.912591
79,65,145.000000,75.000000,5.897199
80,65,150.000000,75.000000,5.881890
81,65,155.000000,75.000000,5.866582
82,65,160.000000,75.000000,5.851269
83,65,165.000000,75.000000,5.835627
84,65,170.000000,75.000000,5.819778
85,65,175.000000,75.000000,5.802832
86,65,180.000000,75.000000,5.785885
87,65,185.000000,75.000000,5.768938
88,65,190.000000,75.000000,5.751881
89,65,195.000000,75.000000,5.734689
90,65,200.000000,75.000000,5.716688
91,65,205.000000,75.000000,5.698135
92,65,210.000000,75.000000,5.679581
93,65,215.000000,75.000000,5.661028
94,65,220.000000,75.000000,5.642590
95,65,225.000000,75.000000,5.624201
96,65,230.000000,75.000000,5.606930
97,65,235.000000,75.000000,5.589659
98,65,240.000000,75.000000,5.572388
99,65,245.000000,75.000000,5.555196
100,65,250.000000,75.000000,5.538173
0,66,-250.000000,80.000000,7.448026
1,66,-245.000000,80.000000,7.425869
2,66,-240.000000,80.000000,7.403709
3,66,-235.000000,80.000000,7.381549
4,66,-230.000000,80.000000,7.359389
5,66,-225.000000,80.000000,7.337854
6,66,-220.000000,80.000000,7.316386
7,66,-215.000000,80.000000,7.294978
8,66,-210.000000,80.000000,7.273570
9,66,-205.000000,80.000000,7.252162
10,66,-200.000000,80.000000,7.231032
11,66,-195.000000,80.000000,7.210430
12,66,-190.000000,80.000000,7.189890
13,66,-185.000000,80.000000,7.169414
14,66,-180.000000,80.000000,7.148939
15,66,-175.000000,80.000000,7.128463
16,66,-170.000000,80.000000,7.108016
17,66,-165.000000,80.000000,7.087576
18,66,-160.000000,80.000000,7.067145
19,66,-155.000000,80.000000,7.046713
20,66,-150.000000,80.000000,7.026282
21,66,-145.000000,80.000000,7.005697
22,66,-140.000000,80.000000,6.984554
23,66,-135.000000,80.000000,6.963331
24,66,-130.000000,80.000000,6.941967
25,66,-125.000000,80.000000,6.920603
26,66,-120.000000,80.000000,6.899239
27,66,-115.000000,80.000000,6.877524
28,66,-110.000000,80.000000,6.855622
29,66,-105.000000,80.000000,6.833546
30,66,-100.000000,80.000000,6.811426
31,66,-95.000000,80.000000,6.789306
32,66,-90.000000,80.000000,6.767225
33,66,-85.000000,80.000000,6.745537
34,66,-80.000000,80.000000,6.723902
35,66,-75.000000,80.000000,6.702437
36,66,-70.000000,80.000000,6.680972
37,66,-65.000000,80.000000,6.659506
38,66,-60.000000,80.000000,6.638664
39,66,-55.000000,80.000000,6.618387
40,66,-50.000000,80.000000,6.598618
41,66,-45.000000,80.000000,6.579100
42,66,-40.000000,80.000000,6.559581
43,66,-35.000000,80.000000,6.540063
44,66,-30.000000,80.000000,6.521468
45,66,-25.000000,80.000000,6.502991
46,66,-20.000000,80.000000,6.485191
47,66,-15.000000,80.000000,6.467392
48,66,-10.000000,80.000000,6.449592
49,66,-5.000000,80.000000,6.431826
50,66,0.000000,80.000000,6.414112
51,66,5.000000,80.000000,6.396442
52,66,10.000000,80.000000,6.378810
53,66,15.000000,80.000000,6.361178
54,66,20.000000,80.000000,6.343546
55,66,25.000000,80.000000,6.325546
56,66,30.000000,80.000000,6.307473
57,66,35.000000,80.000000,6.288889
58,66,40.000000,80.000000,6.270294
59,66,45.000000,80.000000,6.251698
60,66,50.000000,80.000000,6.233067
61,66,55.000000,80.000000,6.214339
62,66,60.000000,80.000000,6.195530
63,66,65.000000,80.000000,6.176609
64,66,70.000000,80.000000,6.157687
65,66,75.000000,80.000000,6.138765
66,66,80.000000,80.000000,6.120181
67,66,85.000000,80.000000,6.101738
68,66,90.000000,80.000000,6.084032
69,66,95.000000,80.000000,6.066456
70,66,100.000000,80.000000,6.048880
71,66,105.000000,80.000000,6.031387
72,66,110.000000,80.000000,6.014401
73,66,115.000000,80.000000,5.997798
74,66,120.000000,80.000000,5.982153
75,66,125.000000,80.000000,5.966509
76,66,130.000000,80.000000,5.950864
77,66,135.000000,80.000000,5.935283
78,66,140.000000,80.000000,5.919749
79,66,145.000000,80.000000,5.904448
80,66,150.000000,80.000000,5.889237
81,66,155.000000,80.000000,5.874026
82,66,160.000000,80.000000,5.858811
83,66,165.000000,80.000000,5.843276
84,66,170.000000,80.000000,5.827540
85,66,175.000000,80.000000,5.810735
86,66,180.000000,80.000000,5.793930
87,66,185.000000,80.000000,5.777126
88,66,190.000000,80.000000,5.760213
89,66,195.000000,80.000000,5.743169
90,66,200.000000,80.000000,5.725335
91,66,205.000000,80.000000,5.706961
92,66,210.000000,80.000000,5.688587
93,66,215.000000,80.000000,5.670214
94,66,220.000000,80.000000,5.651956
95,66,225.000000,80.000000,5.633747
96,66,230.000000,80.000000,5.616659
97,66,235.000000,80.000000,5.599572
98,66,240.000000,80.000000,5.582484
99,66,245.000000,80.000000,5.565475
100,66,250.000000,80.000000,5.548633
0,67,-250.000000,85.000000,7.451717
1,67,-245.000000,85.000000,7.429628
2,67,-240.000000,85.000000,7.407536
3,67,-235.000000,85.000000,7.385445
4,67,-230.000000,85.000000,7.363353
5,67,-225.000000,85.000000,7.341882
6,67,-220.000000,85.000000,7.320476
7,67,-215.000000,85.000000,7.299131
8,67,-210.000000,85.000000,7.277785
9,67,-205.000000,85.000000,7.256440
10,67,-200.000000,85.000000,7.235371
11,67,-195.000000,85.000000,7.214827
12,67,-190.000000,85.000000,7.194344
13,67,-185.000000,85.000000,7.173925
14,67,-180.000000,85.000000,7.153507
15,67,-175.000000,85.000000,7.133088
16,67,-170.000000,85.000000,7.112694
17,67,-165.000000,85.000000,7.092307
18,67,-160.000000,85.000000,7.071927
19,67,-155.000000,85.000000,7.051547
20,67,-150.000000,85.000000,7.031168
21,67,-145.000000,85.000000,7.010633
22,67,-140.000000,85.000000,6.989537
23,67,-135.000000,85.000000,6.968361
24,67,-130.000000,85.000000,6.947043
25,67,-125.000000,85.000000,6.925725
26,67,-120.000000,85.000000,6.904407
27,67,-115.000000,85.000000,6.882735
28,67,-110.000000,85.000000,6.860875
29,67,-105.000000,85.000000,6.838840
30,67,-100.000000,85.000000,6.816761
31,67,-95.000000,85.000000,6.794681
32,67,-90.000000,85.000000,6.772640
33,67,-85.000000,85.000000,6.750990
34,67,-80.000000,85.000000,6.729391
35,67,-75.000000,85.000000,6.707961
36,67,-70.000000,85.000000,6.686530
37,67,-65.000000,85.000000,6.665100
38,67,-60.000000,85.000000,6.644292
39,67,-55.000000,85.000000,6.624047
40,67,-50.000000,85.000000,6.604308
41,67,-45.000000,85.000000,6.584820
42,67,-40.000000,85.000000,6.565332
43,67,-35.000000,85.000000,6.545844
44,67,-30.000000,85.000000,6.527277
45,67,-25.000000,85.000000,6.508829
46,67,-20.000000,85.000000,6.491056
47,67,-15.000000,85.000000,6.473283
48,67,-10.000000,85.000000,6.455510
49,67,-5.000000,85.000000,6.437771
50,67,0.000000,85.000000,6.420082
51,67,5.000000,85.000000,6.402439
52,67,10.000000,85.000000,6.384833
53,67,15.000000,85.000000,6.367227
54,67,20.000000,85.000000,6.349620
55,67,25.000000,85.000000,6.331648
56,67,30.000000,85.000000,6.313603
57,67,35.000000,85.000000,6.295048
58,67,40.000000,85.000000,6.276482
59,67,45.000000,85.000000,6.257916
60,67,50.000000,85.000000,6.239315
61,67,55.000000,85.000000,6.220620
62,67,60.000000,85.000000,6.201846
63,67,65.000000,85.000000,6.182961
64,67,70.000000,85.000000,6.164077
65,67,75.000000,85.000000,6.145192
66,67,80.000000,85.000000,6.126648
67,67,85.000000,85.000000,6.108246
68,67,90.000000,85.000000,6.090588
69,67,95.000000,85.000000,6.073060
70,67,100.000000,85.000000,6.055532
71,67,105.000000,85.000000,6.038089
72,67,110.000000,85.000000,6.021156
73,67,115.000000,85.000000,6.004610
74,67,120.000000,85.000000,5.989032
75,67,125.000000,85.000000,5.973454
76,67,130.000000,85.000000,5.957876
77,67,135.000000,85.000000,5.942366
78,67,140.000000,85.000000,5.926907
79,67,145.000000,85.000000,5.911697
80,67,150.000000,85.000000,5.896584
81,67,155.000000,85.000000,5.881471
82,67,160.000000,85.000000,5.866354
83,67,165.000000,85.000000,5.850926
84,67,170.000000,85.000000,5.835302
85,67,175.000000,85.000000,5.818639
86,67,180.000000,85.000000,5.801976
87,67,185.000000,85.000000,5.785313
88,67,190.000000,85.000000,5.768545
89,67,195.000000,85.000000,5.751649
90,67,200.000000,85.000000,5.733981
91,67,205.000000,85.000000,5.715787
92,67,210.000000,85.000000,5.697594
93,67,215.000000,85.000000,5.679400
94,67,220.000000,85.000000,5.661322
95,67,225.000000,85.000000,5.643294
96,67,230.000000,85.000000,5.626389
97,67,235.000000,85.000000,5.609484
98,67,240.000000,85.000000,5.592580
99,67,245.000000,85.000000,5.575753
100,67,250.000000,85.000000,5.559092
0,68,-250.000000,90.000000,7.455408
1,68,-245.000000,90.000000,7.433388
2,68,-240.000000,90.000000,7.411364
3,68,-235.000000,90.000000,7.389340
4,68,-230.000000,90.000000,7.367316
5,68,-225.000000,90.000000,7.345909
6,68,-220.000000,90.000000,7.324567
7,68,-215.000000,90.000000,7.303284
8,68,-210.000000,90.000000,7.282001
9,68,-205.000000,90.000000,7.260718
10,68,-200.000000,90.000000,7.239710
11,68,-195.000000,90.000000,7.219223
12,68,-190.000000,90.000000,7.198798
13,68,-185.000000,90.000000,7.178436
14,68,-180.000000,90.000000,7.158074
15,68,-175.000000,90.000000,7.137713
16,68,-170.000000,90.000000,7.117372
17,68,-165.000000,90.000000,7.097038
18,68,-160.000000,90.000000,7.076709
19,68,-155.000000,90.000000,7.056381
20,68,-150.000000,90.000000,7.036053
21,68,-145.000000,90.000000,7.015569
22,68,-140.000000,90.000000,6.994520
23,68,-135.000000,90.000000,6.973391
24,68,-130.000000,90.000000,6.952119
25,68,-125.000000,90.000000,6.930847
26,68,-120.000000,90.000000,6.909575
27,68,-115.000000,90.000000,6.887947
28,68,-110.000000,90.000000,6.866129
29,68,-105.000000,90.000000,6.844134
30,68,-100.000000,90.000000,6.822095
31,68,-95.000000,90.000000,6.800056
32,68,-90.000000,90.000000,6.778055
33,68,-85.000000,90.000000,6.756442
34,68,-80.000000,90.000000,6.734879
35,68,-75.000000,90.000000,6.713484
36,68,-70.000000,90.000000,6.692089
37,68,-65.000000,90.000000,6.670694
38,68,-60.000000,90.000000,6.649919
39,68,-55.000000,90.000000,6.629706
40,68,-50.000000,90.000000,6.609999
41,68,-45.000000,90.000000,6.590541
42,68,-40.000000,90.000000,6.571083
43,68,-35.000000,90.000000,6.551625
44,68,-30.000000,90.000000,6.533087
45,68,-25.000000,90.000000,6.514666
46,68,-20.000000,90.000000,6.496920
47,68,-15.000000,90.000000,6.479174
48,68,-10.000000,90.000000,6.461428
49,68,-5.000000,90.000000,6.443715
50,68,0.000000,90.000000,6.426053
51,68,5.000000,90.000000,6.408436
52,68,10.000000,90.000000,6.390855
53,68,15.000000,90.000000,6.373275
54,68,20.000000,90.000000,6.355695
55,68,25.000000,90.000000,6.337750
56,68,30.000000,90.000000,6.319733
57,68,35.000000,90.000000,6.301207
58,68,40.000000,90.000000,6.282671
59,68,45.000000,90.000000,6.264134
60,68,50.000000,90.000000,6.245564
61,68,55.000000,90.000000,6.226901
62,68,60.000000,90.000000,6.208161
63,68,65.000000,90.000000,6.189314
64,68,70.000000,90.000000,6.170467
65,68,75.000000,90.000000,6.151619
66,68,80.000000,90.000000,6.133115
67,68,85.000000,90.000000,6.114754
68,68,90.000000,90.000000,6.097143
69,68,95.000000,90.000000,6.079664
70,68,100.000000,90.000000,6.062185
71,68,105.000000,90.000000,6.044790
72,68,110.000000,90.000000,6.027911
73,68,115.000000,90.000000,6.011423
74,68,120.000000,90.000000,5.995911
75,68,125.000000,90.000000,5.980400
76,68,130.000000,90.000000,5.964888
77,68,135.000000,90.000000,5.949449
78,68,140.000000,90.000000,5.934064
79,68,145.000000,90.000000,5.918946
80,68,150.000000,90.000000,5.903931
81,68,155.000000,90.000000,5.888916
82,68,160.000000,90.000000,5.873897
83,68,165.000000,90.000000,5.858575
84,68,170.000000,90.000000,5.843064
85,68,175.000000,90.000000,5.826543
86,68,180.000000,90.000000,5.810022
87,68,185.000000,90.000000,5.793501
88,68,190.000000,90.000000,5.776877
89,68,195.000000,90.000000,5.760128
90,68,200.000000,90.000000,5.742628
91,68,205.000000,90.000000,5.724614
92,68,210.000000,90.000000,5.706600
93,68,215.000000,90.000000,5.688586
94,68,220.000000,90.000000,5.670688
95,68,225.000000,90.000000,5.652840
96,68,230.000000,90.000000,5.636118
97,68,235.000000,90.000000,5.619397
98,68,240.000000,90.000000,5.602675
99,68,245.000000,90.000000,5.586031
100,68,250.000000,90.000000,5.569552
0,69,-250.000000,95.000000,7.458865
1,69,-245.000000,95.000000,7.436902
2,69,-240.000000,95.000000,7.414936
3,69,-235.000000,95.000000,7.392971
4,69,-230.000000,95.000000,7.371005
5,69,-225.000000,95.000000,7.349653
6,69,-220.000000,95.000000,7.328366
7,69,-215.000000,95.000000,7.307138
8,69,-210.000000,95.000000,7.285911
9,69,-205.000000,95.000000,7.264683
10,69,-200.000000,95.000000,7.243729
11,69,-195.000000,95.000000,7.223297
12,69,-190.000000,95.000000,7.202925
13,69,-185.000000,95.000000,7.182617
14,69,-180.000000,95.000000,7.162309
15,69,-175.000000,95.000000,7.142001
16,69,-170.000000,95.000000,7.121710
17,69,-165.000000,95.000000,7.101425
18,69,-160.000000,95.000000,7.081144
19,69,-155.000000,95.000000,7.060864
20,69,-150.000000,95.000000,7.040583
21,69,-145.000000,95.000000,7.020145
22,69,-140.000000,95.000000,6.999136
23,69,-135.000000,95.000000,6.978045
24,69,-130.000000,95.000000,6.956809
25,69,-125.000000,95.000000,6.935574
26,69,-120.000000,95.000000,6.914338
27,69,-115.000000,95.000000,6.892740
28,69,-110.000000,95.000000,6.870950
29,69,-105.000000,95.000000,6.848981
30,69,-100.000000,95.000000,6.826967
31,69,-95.000000,95.000000,6.804952
32,69,-90.000000,95.000000,6.782976
33,69,-85.000000,95.000000,6.761384
34,69,-80.000000,95.000000,6.739843
35,69,-75.000000,95.000000,6.718467
36,69,-70.000000,95.000000,6.697092
37,69,-65.000000,95.000000,6.675717
38,69,-60.000000,95.000000,6.654963
39,69,-55.000000,95.000000,6.634772
40,69,-50.000000,95.000000,6.615088
41,69,-45.000000,95.000000,6.595653
42,69,-40.000000,95.000000,6.576219
43,69,-35.000000,95.000000,6.556784
44,69,-30.000000,95.000000,6.538272
45,69,-25.000000,95.000000,6.519877
46,69,-20.000000,95.000000,6.502158
47,69,-15.000000,95.000000,6.484440
48,69,-10.000000,95.000000,6.466721
49,69,-5.000000,95.000000,6.449035
50,69,0.000000,95.000000,6.431400
51,69,5.000000,95.000000,6.413808
52,69,10.000000,95.000000,6.396254
53,69,15.000000,95.000000,6.378699
54,69,20.000000,95.000000,6.361144
55,69,25.000000,95.000000,6.343223
56,69,30.000000,95.000000,6.325228
57,69,35.000000,95.000000,6.306723
58,69,40.000000,95.000000,6.288206
59,69,45.000000,95.000000,6.269690
60,69,50.000000,95.000000,6.251140
61,69,55.000000,95.000000,6.232497
62,69,60.000000,95.000000,6.213779
63,69,65.000000,95.000000,6.194953
64,69,70.000000,95.000000,6.176127
65,69,75.000000,95.000000,6.157301
66,69,80.000000,95.000000,6.138822
67,69,85.000000,95.000000,6.120488
68,69,90.000000,95.000000,6.102911
69,69,95.000000,95.000000,6.085469
70,69,100.000000,95.000000,6.068026
71,69,105.000000,95.000000,6.050668
72,69,110.000000,95.000000,6.033834
73,69,115.000000,95.000000,6.017395
74,69,120.000000,95.000000,6.001946
75,69,125.000000,95.000000,5.986496
76,69,130.000000,95.000000,5.971047
77,69,135.000000,95.000000,5.955675
78,69,140.000000,95.000000,5.940359
79,69,145.000000,95.000000,5.925327
80,69,150.000000,95.000000,5.910404
81,69,155.000000,95.000000,5.895481
82,69,160.000000,95.000000,5.880555
83,69,165.000000,95.000000,5.865331
84,69,170.000000,95.000000,5.849921
85,69,175.000000,95.000000,5.833520
86,69,180.000000,95.000000,5.817118
87,69,185.000000,95.000000,5.800716
88,69,190.000000,95.000000,5.784214
89,69,195.000000,95.000000,5.767587
90,69,200.000000,95.000000,5.750217
91,69,205.000000,95.000000,5.732340
92,69,210.000000,95.000000,5.714462
93,69,215.000000,95.000000,5.696584
94,69,220.000000,95.000000,5.678823
95,69,225.000000,95.000000,5.661111
96,69,230.000000,95.000000,5.644520
97,69,235.000000,95.000000,5.627929
98,69,240.000000,95.000000,5.611339
99,69,245.000000,95.000000,5.594825
100,69,250.000000,95.000000,5.578474
0,70,-250.000000,100.000000,7.462178
1,70,-245.000000,100.000000,7.440268
2,70,-240.000000,100.000000,7.418354
3,70,-235.000000,100.000000,7.396440
4,70,-230.000000,100.000000,7.374526
5,70,-225.000000,100.000000,7.353225
6,70,-220.000000,100.000000,7.331989
7,70,-215.000000,100.000000,7.310812
8,70,-210.000000,100.000000,7.289635
9,70,-205.000000,100.000000,7.268458
10,70,-200.000000,100.000000,7.247555
11,70,-195.000000,100.000000,7.227174
12,70,-190.000000,100.000000,7.206854
13,70,-185.000000,100.000000,7.186597
14,70,-180.000000,100.000000,7.166340
15,70,-175.000000,100.000000,7.146084
16,70,-170.000000,100.000000,7.125841
17,70,-165.000000,100.000000,7.105602
18,70,-160.000000,100.000000,7.085367
19,70,-155.000000,100.000000,7.065132
20,70,-150.000000,100.000000,7.044897
21,70,-145.000000,100.000000,7.024502
22,70,-140.000000,100.000000,7.003527
23,70,-135.000000,100.000000,6.982469
24,70,-130.000000,100.000000,6.961264
25,70,-125.000000,100.000000,6.940059
26,70,-120.000000,100.000000,6.918854
27,70,-115.000000,100.000000,6.897280
28,70,-110.000000,100.000000,6.875509
29,70,-105.000000,100.000000,6.853556
30,70,-100.000000,100.000000,6.831556
31,70,-95.000000,100.000000,6.809557
32,70,-90.000000,100.000000,6.787595
33,70,-85.000000,100.000000,6.766015
34,70,-80.000000,100.000000,6.744486
35,70,-75.000000,100.000000,6.723121
36,70,-70.000000,100.000000,6.701757
37,70,-65.000000,100.000000,6.680393
38,70,-60.000000,100.000000,6.659652
39,70,-55.000000,100.000000,6.639477
40,70,-50.000000,100.000000,6.619811
41,70,-45.000000,100.000000,6.600396
42,70,-40.000000,100.000000,6.580980
43,70,-35.000000,100.000000,6.561565
44,70,-30.000000,100.000000,6.543077
45,70,-25.000000,100.000000,6.524706
46,70,-20.000000,100.000000,6.507016
47,70,-15.000000,100.000000,6.489325
48,70,-10.000000,100.000000,6.471634
49,70,-5.000000,100.000000,6.453976
50,70,0.000000,100.000000,6.436367
51,70,5.000000,100.000000,6.418801
52,70,10.000000,100.000000,6.401272
53,70,15.000000,100.000000,6.383742
54,70,20.000000,100.000000,6.366212
55,70,25.000000,100.000000,6.348312
56,70,30.000000,100.000000,6.330337
57,70,35.000000,100.000000,6.311847
58,70,40.000000,100.000000,6.293344
59,70,45.000000,100.000000,6.274842
60,70,50.000000,100.000000,6.256306
61,70,55.000000,100.000000,6.237677
62,70,60.000000,100.000000,6.218971
63,70,65.000000,100.000000,6.200157
64,70,70.000000,100.000000,6.181343
65,70,75.000000,100.000000,6.162529
66,70,80.000000,100.000000,6.144066
67,70,85.000000,100.000000,6.125750
68,70,90.000000,100.000000,6.108201
69,70,95.000000,100.000000,6.090787
70,70,100.000000,100.000000,6.073373
71,70,105.000000,100.000000,6.056046
72,70,110.000000,100.000000,6.039250
73,70,115.000000,100.000000,6.022856
74,70,120.000000,100.000000,6.007466
75,70,125.000000,100.000000,5.992076
76,70,130.000000,100.000000,5.976686
77,70,135.000000,100.000000,5.961378
78,70,140.000000,100.000000,5.946130
79,70,145.000000,100.000000,5.931180
80,70,150.000000,100.000000,5.916346
81,70,155.000000,100.000000,5.901512
82,70,160.000000,100.000000,5.886674
83,70,165.000000,100.000000,5.871543
84,70,170.000000,100.000000,5.856227
85,70,175.000000,100.000000,5.839932
86,70,180.000000,100.000000,5.823636
87,70,185.000000,100.000000,5.807341
88,70,190.000000,100.000000,5.790945
89,70,195.000000,100.000000,5.774425
90,70,200.000000,100.000000,5.757163
91,70,205.000000,100.000000,5.739396
92,70,210.000000,100.000000,5.721628
93,70,215.000000,100.000000,5.703861
94,70,220.000000,100.000000,5.686208
95,70,225.000000,100.000000,5.668605
96,70,230.000000,100.000000,5.652113
97,70,235.000000,100.000000,5.635621
98,70,240.000000,100.000000,5.619130
99,70,245.000000,100.000000,5.602714
100,70,250.000000,100.000000,5.586461
0,71,-250.000000,105.000000,7.465100
1,71,-245.000000,105.000000,7.443224
2,71,-240.000000,105.000000,7.421345
3,71,-235.000000,105.000000,7.399466
4,71,-230.000000,105.000000,7.377587
5,71,-225.000000,105.000000,7.356324
6,71,-220.000000,105.000000,7.335126
7,71,-215.000000,105.000000,7.313987
8,71,-210.000000,105.000000,7.292848
9,71,-205.000000,105.000000,7.271709
10,71,-200.000000,105.000000,7.250847
11,71,-195.000000,105.000000,7.230511
12,71,-190.000000,105.000000,7.210236
13,71,-185.000000,105.000000,7.190025
14,71,-180.000000,105.000000,7.169814
15,71,-175.000000,105.000000,7.149604
16,71,-170.000000,105.000000,7.129403
17,71,-165.000000,105.000000,7.109205
18,71,-160.000000,105.000000,7.089009
19,71,-155.000000,105.000000,7.068814
20,71,-150.000000,105.000000,7.048618
21,71,-145.000000,105.000000,7.028259
22,71,-140.000000,105.000000,7.007304
23,71,-135.000000,105.000000,6.986264
24,71,-130.000000,105.000000,6.965073
25,71,-125.000000,105.000000,6.943882
26,71,-120.000000,105.000000,6.922692
27,71,-115.000000,105.000000,6.901120
28,71,-110.000000,105.000000,6.879345
29,71,-105.000000,105.000000,6.857382
30,71,-100.000000,105.000000,6.835371
31,71,-95.000000,105.000000,6.813360
32,71,-90.000000,105.000000,6.791386
33,71,-85.000000,105.000000,6.769793
34,71,-80.000000,105.000000,6.748250
35,71,-75.000000,105.000000,6.726871
36,71,-70.000000,105.000000,6.705492
37,71,-65.000000,105.000000,6.684114
38,71,-60.000000,105.000000,6.663366
39,71,-55.000000,105.000000,6.643190
40,71,-50.000000,105.000000,6.623529
41,71,-45.000000,105.000000,6.604121
42,71,-40.000000,105.000000,6.584714
43,71,-35.000000,105.000000,6.565306
44,71,-30.000000,105.000000,6.546837
45,71,-25.000000,105.000000,6.528487
46,71,-20.000000,105.000000,6.510826
47,71,-15.000000,105.000000,6.493164
48,71,-10.000000,105.000000,6.475503
49,71,-5.000000,105.000000,6.457873
50,71,0.000000,105.000000,6.440291
51,71,5.000000,105.000000,6.422750
52,71,10.000000,105.000000,6.405245
53,71,15.000000,105.000000,6.387739
54,71,20.000000,105.000000,6.370234
55,71,25.000000,105.000000,6.352348
56,71,30.000000,105.000000,6.334386
57,71,35.000000,105.000000,6.315894
58,71,40.000000,105.000000,6.297390
59,71,45.000000,105.000000,6.278887
60,71,50.000000,105.000000,6.260347
61,71,55.000000,105.000000,6.241711
62,71,60.000000,105.000000,6.222996
63,71,65.000000,105.000000,6.204167
64,71,70.000000,105.000000,6.185339
65,71,75.000000,105.000000,6.166510
66,71,80.000000,105.000000,6.148039
67,71,85.000000,105.000000,6.129717
68,71,90.000000,105.000000,6.112174
69,71,95.000000,105.000000,6.094769
70,71,100.000000,105.000000,6.077364
71,71,105.000000,105.000000,6.060048
72,71,110.000000,105.000000,6.043273
73,71,115.000000,105.000000,6.026910
74,71,120.000000,105.000000,6.011573
75,71,125.000000,105.000000,5.996236
76,71,130.000000,105.000000,5.980899
77,71,135.000000,105.000000,5.965647
78,71,140.000000,105.000000,5.950458
79,71,145.000000,105.000000,5.935583
80,71,150.000000,105.000000,5.920828
81,71,155.000000,105.000000,5.906073
82,71,160.000000,105.000000,5.891314
83,71,165.000000,105.000000,5.876259
84,71,170.000000,105.000000,5.861020
85,71,175.000000,105.000000,5.844793
86,71,180.000000,105.000000,5.828567
87,71,185.000000,105.000000,5.812340
88,71,190.000000,105.000000,5.796011
89,71,195.000000,105.000000,5.779555
90,71,200.000000,105.000000,5.762342
91,71,205.000000,105.000000,5.744612
92,71,210.000000,105.000000,5.726882
93,71,215.000000,105.000000,5.709152
94,71,220.000000,105.000000,5.691534
95,71,225.000000,105.000000,5.673965
96,71,230.000000,105.000000,5.657485
97,71,235.000000,105.000000,5.641005
98,71,240.000000,105.000000,5.624524
99,71,245.000000,105.000000,5.608121
100,71,250.000000,105.000000,5.591878
0,72,-250.000000,110.000000,7.468022
1,72,-245.000000,110.000000,7.446181
2,72,-240.000000,110.000000,7.424337
3,72,-235.000000,110.000000,7.402493
4,72,-230.000000,110.000000,7.380648
5,72,-225.000000,110.000000,7.359423
6,72,-220.000000,110.000000,7.338262
7,72,-215.000000,110.000000,7.317162
8,72,-210.000000,110.000000,7.296061
9,72,-205.000000,110.000000,7.274961
10,72,-200.000000,110.000000,7.254139
11,72,-195.000000,110.000000,7.233848
12,72,-190.000000,110.000000,7.213618
13,72,-185.000000,110.000000,7.193453
14,72,-180.000000,110.000000,7.173289
15,72,-175.000000,110.000000,7.153124
16,72,-170.000000,110.000000,7.132965
17,72,-165.000000,110.000000,7.112807
18,72,-160.000000,110.000000,7.092651
19,72,-155.000000,110.000000,7.072495
20,72,-150.000000,110.000000,7.052339
21,72,-145.000000,110.000000,7.032015
22,72,-140.000000,110.000000,7.011081
23,72,-135.000000,110.000000,6.990059
24,72,-130.000000,110.000000,6.968882
25,72,-125.000000,110.000000,6.947706
26,72,-120.000000,110.000000,6.926530
27,72,-115.000000,110.000000,6.904960
28,72,-110.000000,110.000000,6.883181
29,72,-105.000000,110.000000,6.861208
30,72,-100.000000,110.000000,6.839186
31,72,-95.000000,110.000000,6.817163
32,72,-90.000000,110.000000,6.795178
33,72,-85.000000,110.000000,6.773571
34,72,-80.000000,110.000000,6.752014
35,72,-75.000000,110.000000,6.730621
36,72,-70.000000,110.000000,6.709228
37,72,-65.000000,110.000000,6.687835
38,72,-60.000000,110.000000,6.667080
39,72,-55.000000,110.000000,6.646903
40,72,-50.000000,110.000000,6.627246
41,72,-45.000000,110.000000,6.607847
42,72,-40.000000,110.000000,6.588447
43,72,-35.000000,110.000000,6.569047
44,72,-30.000000,110.000000,6.550597
45,72,-25.000000,110.000000,6.532268
46,72,-20.000000,110.000000,6.514636
47,72,-15.000000,110.000000,6.497004
48,72,-10.000000,110.000000,6.479372
49,72,-5.000000,110.000000,6.461770
50,72,0.000000,110.000000,6.444215
51,72,5.000000,110.000000,6.426699
52,72,10.000000,110.000000,6.409218
53,72,15.000000,110.000000,6.391737
54,72,20.000000,110.000000,6.374256
55,72,25.000000,110.000000,6.356384
56,72,30.000000,110.000000,6.338435
57,72,35.000000,110.000000,6.319941
58,72,40.000000,110.000000,6.301436
59,72,45.000000,110.000000,6.282931
60,72,50.000000,110.000000,6.264389
61,72,55.000000,110.000000,6.245746
62,72,60.000000,110.000000,6.227021
63,72,65.000000,110.000000,6.208178
64,72,70.000000,110.000000,6.189335
65,72,75.000000,110.000000,6.170492
66,72,80.000000,110.000000,6.152012
67,72,85.000000,110.000000,6.133683
68,72,90.000000,110.000000,6.116147
69,72,95.000000,110.000000,6.098751
70,72,100.000000,110.000000,6.081355
71,72,105.000000,110.000000,6.064049
72,72,110.000000,110.000000,6.047297
73,72,115.000000,110.000000,6.030965
74,72,120.000000,110.000000,6.015680
75,72,125.000000,110.000000,6.000396
76,72,130.000000,110.000000,5.985112
77,72,135.000000,110.000000,5.969916
78,72,140.000000,110.000000,5.954787
79,72,145.000000,110.000000,5.939985
80,72,150.000000,110.000000,5.925309
81,72,155.000000,110.000000,5.910633
82,72,160.000000,110.000000,5.895953
83,72,165.000000,110.000000,5.880976
84,72,170.000000,110.000000,5.865812
85,72,175.000000,110.000000,5.849655
86,72,180.000000,110.000000,5.833497
87,72,185.000000,110.000000,5.817340
88,72,190.000000,110.000000,5.801077
89,72,195.000000,110.000000,5.784685
90,72,200.000000,110.000000,5.767521
91,72,205.000000,110.000000,5.749828
92,72,210.000000,110.000000,5.732136
93,72,215.000000,110.000000,5.714443
94,72,220.000000,110.000000,5.696861
95,72,225.000000,110.000000,5.679326
96,72,230.000000,110.000000,5.662857
97,72,235.000000,110.000000,5.646388
98,72,240.000000,110.000000,5.629919
99,72,245.000000,110.000000,5.613527
100,72,250.000000,110.000000,5.597295
0,73,-250.000000,115.000000,7.470944
1,73,-245.000000,115.000000,7.449138
2,73,-240.000000,115.000000,7.427328
3,73,-235.000000,115.000000,7.405519
4,73,-230.000000,115.000000,7.383709
5,73,-225.000000,115.000000,7.362521
6,73,-220.000000,115.000000,7.341399
7,73,-215.000000,115.000000,7.320337
8,73,-210.000000,115.000000,7.299275
9,73,-205.000000,115.000000,7.278213
10,73,-200.000000,115.000000,7.257431
11,73,-195.000000,115.000000,7.237185
12,73,-190.000000,115.000000,7.217000
13,73,-185.000000,115.000000,7.196882
14,73,-180.000000,115.000000,7.176763
15,73,-175.000000,115.000000,7.156644
16,73,-170.000000,115.000000,7.136526
17,73,-165.000000,115.000000,7.116410
18,73,-160.000000,115.000000,7.096293
19,73,-155.000000,115.000000,7.076177
20,73,-150.000000,115.000000,7.056060
21,73,-145.000000,115.000000,7.035771
22,73,-140.000000,115.000000,7.014857
23,73,-135.000000,115.000000,6.993853
24,73,-130.000000,115.000000,6.972691
25,73,-125.000000,115.000000,6.951529
26,73,-120.000000,115.000000,6.930367
27,73,-115.000000,115.000000,6.908800
28,73,-110.000000,115.000000,6.887018
29,73,-105.000000,115.000000,6.865034
30,73,-100.000000,115.000000,6.843000
31,73,-95.000000,115.000000,6.820966
32,73,-90.000000,115.000000,6.798969
33,73,-85.000000,115.000000,6.777349
34,73,-80.000000,115.000000,6.755779
35,73,-75.000000,115.000000,6.734371
36,73,-70.000000,115.000000,6.712963
37,73,-65.000000,115.000000,6.691556
38,73,-60.000000,115.000000,6.670793
39,73,-55.000000,115.000000,6.650616
40,73,-50.000000,115.000000,6.630964
41,73,-45.000000,115.000000,6.611572
42,73,-40.000000,115.000000,6.592180
43,73,-35.000000,115.000000,6.572788
44,73,-30.000000,115.000000,6.554357
45,73,-25.000000,115.000000,6.536049
46,73,-20.000000,115.000000,6.518446
47,73,-15.000000,115.000000,6.500843
48,73,-10.000000,115.000000,6.483241
49,73,-5.000000,115.000000,6.465667
50,73,0.000000,115.000000,6.448138
51,73,5.000000,115.000000,6.430649
52,73,10.000000,115.000000,6.413192
53,73,15.000000,115.000000,6.395735
54,73,20.000000,115.000000,6.378278
55,73,25.000000,115.000000,6.360421
56,73,30.000000,115.000000,6.342483
57,73,35.000000,115.000000,6.323989
58,73,40.000000,115.000000,6.305482
59,73,45.000000,115.000000,6.286975
60,73,50.000000,115.000000,6.268430
61,73,55.000000,115.000000,6.249781
62,73,60.000000,115.000000,6.231045
63,73,65.000000,115.000000,6.212188
64,73,70.000000,115.000000,6.193331
65,73,75.000000,115.000000,6.174473
66,73,80.000000,115.000000,6.155984
67,73,85.000000,115.000000,6.137650
68,73,90.000000,115.000000,6.120121
69,73,95.000000,115.000000,6.102733
70,73,100.000000,115.000000,6.085346
71,73,105.000000,115.000000,6.068051
72,73,110.000000,115.000000,6.051321
73,73,115.000000,115.000000,6.035020
74,73,120.000000,115.000000,6.019788
75,73,125.000000,115.000000,6.004556
76,73,130.000000,115.000000,5.989324
77,73,135.000000,115.000000,5.974186
78,73,140.000000,115.000000,5.959115
79,73,145.000000,115.000000,5.944387
80,73,150.000000,115.000000,5.929790
81,73,155.000000,115.000000,5.915194
82,73,160.000000,115.000000,5.900593
83,73,165.000000,115.000000,5.885693
84,73,170.000000,115.000000,5.870605
85,73,175.000000,115.000000,5.854516
86,73,180.000000,115.000000,5.838428
87,73,185.000000,115.000000,5.822339
88,73,190.000000,115.000000,5.806144
89,73,195.000000,115.000000,5.789816
90,73,200.000000,115.000000,5.772700
91,73,205.000000,115.000000,5.755045
92,73,210.000000,115.000000,5.737390
93,73,215.000000,115.000000,5.719735
94,73,220.000000,115.000000,5.702187
95,73,225.000000,115.000000,5.684686
96,73,230.000000,115.000000,5.668229
97,73,235.000000,115.000000,5.651772
98,73,240.000000,115.000000,5.635314
99,73,245.000000,115.000000,5.618933
100,73,250.000000,115.000000,5.602713
0,74,-250.000000,120.000000,7.473741
1,74,-245.000000,120.000000,7.451971
2,74,-240.000000,120.000000,7.430197
3,74,-235.000000,120.000000,7.408423
4,74,-230.000000,120.000000,7.386649
5,74,-225.000000,120.000000,7.365499
6,74,-220.000000,120.000000,7.344415
7,74,-215.000000,120.000000,7.323391
8,74,-210.000000,120.000000,7.302367
9,74,-205.000000,120.000000,7.281343
10,74,-200.000000,120.000000,7.260602
11,74,-195.000000,120.000000,7.240400
12,74,-190.000000,120.000000,7.220261
13,74,-185.000000,120.000000,7.200187
14,74,-180.000000,120.000000,7.180114
15,74,-175.000000,120.000000,7.160041
16,74,-170.000000,120.000000,7.139964
17,74,-165.000000,120.000000,7.119887
18,74,-160.000000,120.000000,7.099809
19,74,-155.000000,120.000000,7.079731
20,74,-150.000000,120.000000,7.059653
21,74,-145.000000,120.000000,7.039398
22,74,-140.000000,120.000000,7.018503
23,74,-135.000000,120.000000,6.997516
24,74,-130.000000,120.000000,6.976366
25,74,-125.000000,120.000000,6.955217
26,74,-120.000000,120.000000,6.934067
27,74,-115.000000,120.000000,6.912500
28,74,-110.000000,120.000000,6.890711
29,74,-105.000000,120.000000,6.868715
30,74,-100.000000,120.000000,6.846667
31,74,-95.000000,120.000000,6.824619
32,74,-90.000000,120.000000,6.802608
33,74,-85.000000,120.000000,6.780972
34,74,-80.000000,120.000000,6.759385
35,74,-75.000000,120.000000,6.737961
36,74,-70.000000,120.000000,6.716536
37,74,-65.000000,120.000000,6.695112
38,74,-60.000000,120.000000,6.674340
39,74,-55.000000,120.000000,6.654159
40,74,-50.000000,120.000000,6.634511
41,74,-45.000000,120.000000,6.615125
42,74,-40.000000,120.000000,6.595739
43,74,-35.000000,120.000000,6.576354
44,74,-30.000000,120.000000,6.557941
45,74,-25.000000,120.000000,6.539653
46,74,-20.000000,120.000000,6.522079
47,74,-15.000000,120.000000,6.504505
48,74,-10.000000,120.000000,6.486931
49,74,-5.000000,120.000000,6.469385
50,74,0.000000,120.000000,6.451882
51,74,5.000000,120.000000,6.434417
52,74,10.000000,120.000000,6.416983
53,74,15.000000,120.000000,6.399549
54,74,20.000000,120.000000,6.382116
55,74,25.000000,120.000000,6.364272
56,74,30.000000,120.000000,6.346345
57,74,35.000000,120.000000,6.327847
58,74,40.000000,120.000000,6.309336
59,74,45.000000,120.000000,6.290825
60,74,50.000000,120.000000,6.272274
61,74,55.000000,120.000000,6.253614
62,74,60.000000,120.000000,6.234865
63,74,65.000000,120.000000,6.215990
64,74,70.000000,120.000000,6.197114
65,74,75.000000,120.000000,6.178238
66,74,80.000000,120.000000,6.159737
67,74,85.000000,120.000000,6.141392
68,74,90.000000,120.000000,6.123865
69,74,95.000000,120.000000,6.106482
70,74,100.000000,120.000000,6.089100
71,74,105.000000,120.000000,6.071811
72,74,110.000000,120.000000,6.055099
73,74,115.000000,120.000000,6.038825
74,74,120.000000,120.000000,6.023642
75,74,125.000000,120.000000,6.008459
76,74,130.000000,120.000000,5.993276
77,74,135.000000,120.000000,5.978189
78,74,140.000000,120.000000,5.963174
79,74,145.000000,120.000000,5.948513
80,74,150.000000,120.000000,5.933989
81,74,155.000000,120.000000,5.919465
82,74,160.000000,120.000000,5.904937
83,74,165.000000,120.000000,5.890106
84,74,170.000000,120.000000,5.875086
85,74,175.000000,120.000000,5.859053
86,74,180.000000,120.000000,5.843021
87,74,185.000000,120.000000,5.826989
88,74,190.000000,120.000000,5.810847
89,74,195.000000,120.000000,5.794570
90,74,200.000000,120.000000,5.777485
91,74,205.000000,120.000000,5.759849
92,74,210.000000,120.000000,5.742212
93,74,215.000000,120.000000,5.724575
94,74,220.000000,120.000000,5.707044
95,74,225.000000,120.000000,5.689557
96,74,230.000000,120.000000,5.673090
97,74,235.000000,120.000000,5.656624
98,74,240.000000,120.000000,5.640157
99,74,245.000000,120.000000,5.623765
100,74,250.000000,120.000000,5.607535
0,75,-250.000000,125.000000,7.476458
1,75,-245.000000,125.000000,7.454724
2,75,-240.000000,125.000000,7.432985
3,75,-235.000000,125.000000,7.411247
4,75,-230.000000,125.000000,7.389509
5,75,-225.000000,125.000000,7.368397
6,75,-220.000000,125.000000,7.347351
7,75,-215.000000,125.000000,7.326365
8,75,-210.000000,125.000000,7.305380
9,75,-205.000000,125.000000,7.284394
10,75,-200.000000,125.000000,7.263694
11,75,-195.000000,125.000000,7.243536
12,75,-190.000000,125.000000,7.223441
13,75,-185.000000,125.000000,7.203413
14,75,-180.000000,125.000000,7.183385
15,75,-175.000000,125.000000,7.163356
16,75,-170.000000,125.000000,7.143320
17,75,-165.000000,125.000000,7.123283
18,75,-160.000000,125.000000,7.103243
19,75,-155.000000,125.000000,7.083202
20,75,-150.000000,125.000000,7.063162
21,75,-145.000000,125.000000,7.042941
22,75,-140.000000,125.000000,7.022063
23,75,-135.000000,125.000000,7.001091
24,75,-130.000000,125.000000,6.979953
25,75,-125.000000,125.000000,6.958815
26,75,-120.000000,125.000000,6.937677
27,75,-115.000000,125.000000,6.916108
28,75,-110.000000,125.000000,6.894311
29,75,-105.000000,125.000000,6.872301
30,75,-100.000000,125.000000,6.850237
31,75,-95.000000,125.000000,6.828173
32,75,-90.000000,125.000000,6.806146
33,75,-85.000000,125.000000,6.784492
34,75,-80.000000,125.000000,6.762888
35,75,-75.000000,125.000000,6.741445
36,75,-70.000000,125.000000,6.720002
37,75,-65.000000,125.000000,6.698559
38,75,-60.000000,125.000000,6.677776
39,75,-55.000000,125.000000,6.657591
40,75,-50.000000,125.000000,6.637945
41,75,-45.000000,125.000000,6.618565
42,75,-40.000000,125.000000,6.599184
43,75,-35.000000,125.000000,6.579804
44,75,-30.000000,125.000000,6.561409
45,75,-25.000000,125.000000,6.543141
46,75,-20.000000,125.000000,6.525595
47,75,-15.000000,125.000000,6.508049
48,75,-10.000000,125.000000,6.490503
49,75,-5.000000,125.000000,6.472984
50,75,0.000000,125.000000,6.455507
51,75,5.000000,125.000000,6.438066
52,75,10.000000,125.000000,6.420655
53,75,15.000000,125.000000,6.403244
54,75,20.000000,125.000000,6.385833
55,75,25.000000,125.000000,6.368000
56,75,30.000000,125.000000,6.350083
57,75,35.000000,125.000000,6.331580
58,75,40.000000,125.000000,6.313063
59,75,45.000000,125.000000,6.294546
60,75,50.000000,125.000000,6.275987
61,75,55.000000,125.000000,6.257316
62,75,60.000000,125.000000,6.238551
63,75,65.000000,125.000000,6.219654
64,75,70.000000,125.000000,6.200757
65,75,75.000000,125.000000,6.181860
66,75,80.000000,125.000000,6.163343
67,75,85.000000,125.000000,6.144986
68,75,90.000000,125.000000,6.127459
69,75,95.000000,125.000000,6.110078
70,75,100.000000,125.000000,6.092697
71,75,105.000000,125.000000,6.075413
72,75,110.000000,125.000000,6.058717
73,75,115.000000,125.000000,6.042466
74,75,120.000000,125.000000,6.027329
75,75,125.000000,125.000000,6.012192
76,75,130.000000,125.000000,5.997055
77,75,135.000000,125.000000,5.982018
78,75,140.000000,125.000000,5.967054
79,75,145.000000,125.000000,5.952457
80,75,150.000000,125.000000,5.938001
81,75,155.000000,125.000000,5.923546
82,75,160.000000,125.000000,5.909086
83,75,165.000000,125.000000,5.894320
84,75,170.000000,125.000000,5.879361
85,75,175.000000,125.000000,5.863377
86,75,180.000000,125.000000,5.847392
87,75,185.000000,125.000000,5.831408
88,75,190.000000,125.000000,5.815311
89,75,195.000000,125.000000,5.799076
90,75,200.000000,125.000000,5.782012
91,75,205.000000,125.000000,5.764381
92,75,210.000000,125.000000,5.746750
93,75,215.000000,125.000000,5.729119
94,75,220.000000,125.000000,5.711591
95,75,225.000000,125.000000,5.694106
96,75,230.000000,125.000000,5.677616
97,75,235.000000,125.000000,5.661125
98,75,240.000000,125.000000,5.644635
99,75,245.000000,125.000000,5.628220
100,75,250.000000,125.000000,5.611966
0,76,-250.000000,130.000000,7.478843
1,76,-245.000000,130.000000,7.457147
2,76,-240.000000,130.000000,7.435446
3,76,-235.000000,130.000000,7.413746
4,76,-230.000000,130.000000,7.392045
5,76,-225.000000,130.000000,7.370971
6,76,-220.000000,130.000000,7.349963
7,76,-215.000000,130.000000,7.329016
8,76,-210.000000,130.000000,7.308069
9,76,-205.000000,130.000000,7.287122
10,76,-200.000000,130.000000,7.266461
11,76,-195.000000,130.000000,7.246347
12,76,-190.000000,130.000000,7.226296
13,76,-185.000000,130.000000,7.206312
14,76,-180.000000,130.000000,7.186327
15,76,-175.000000,130.000000,7.166343
16,76,-170.000000,130.000000,7.146346
17,76,-165.000000,130.000000,7.126344
18,76,-160.000000,130.000000,7.106340
19,76,-155.000000,130.000000,7.086335
20,76,-150.000000,130.000000,7.066330
21,76,-145.000000,130.000000,7.046138
22,76,-140.000000,130.000000,7.025274
23,76,-135.000000,130.000000,7.004313
24,76,-130.000000,130.000000,6.983181
25,76,-125.000000,130.000000,6.962049
26,76,-120.000000,130.000000,6.940918
27,76,-115.000000,130.000000,6.919342
28,76,-110.000000,130.000000,6.897531
29,76,-105.000000,130.000000,6.875500
30,76,-100.000000,130.000000,6.853413
31,76,-95.000000,130.000000,6.831326
32,76,-90.000000,130.000000,6.809276
33,76,-85.000000,130.000000,6.787598
34,76,-80.000000,130.000000,6.765969
35,76,-75.000000,130.000000,6.744501
36,76,-70.000000,130.000000,6.723033
37,76,-65.000000,130.000000,6.701564
38,76,-60.000000,130.000000,6.680765
39,76,-55.000000,130.000000,6.660571
40,76,-50.000000,130.000000,6.640924
41,76,-45.000000,130.000000,6.621544
42,76,-40.000000,130.000000,6.602165
43,76,-35.000000,130.000000,6.582786
44,76,-30.000000,130.000000,6.564407
45,76,-25.000000,130.000000,6.546155
46,76,-20.000000,130.000000,6.528636
47,76,-15.000000,130.000000,6.511117
48,76,-10.000000,130.000000,6.493598
49,76,-5.000000,130.000000,6.476105
50,76,0.000000,130.000000,6.458651
51,76,5.000000,130.000000,6.441232
52,76,10.000000,130.000000,6.423841
53,76,15.000000,130.000000,6.406450
54,76,20.000000,130.000000,6.389059
55,76,25.000000,130.000000,6.371234
56,76,30.000000,130.000000,6.353322
57,76,35.000000,130.000000,6.334806
58,76,40.000000,130.000000,6.316276
59,76,45.000000,130.000000,6.297746
60,76,50.000000,130.000000,6.279173
61,76,55.000000,130.000000,6.260481
62,76,60.000000,130.000000,6.241690
63,76,65.000000,130.000000,6.222761
64,76,70.000000,130.000000,6.203832
65,76,75.000000,130.000000,6.184903
66,76,80.000000,130.000000,6.166361
67,76,85.000000,130.000000,6.147979
68,76,90.000000,130.000000,6.130441
69,76,95.000000,130.000000,6.113052
70,76,100.000000,130.000000,6.095662
71,76,105.000000,130.000000,6.078370
72,76,110.000000,130.000000,6.061679
73,76,115.000000,130.000000,6.045442
74,76,120.000000,130.000000,6.030340
75,76,125.000000,130.000000,6.015239
76,76,130.000000,130.000000,6.000137
77,76,135.000000,130.000000,5.985137
78,76,140.000000,130.000000,5.970213
79,76,145.000000,130.000000,5.955664
80,76,150.000000,130.000000,5.941259
81,76,155.000000,130.000000,5.926854
82,76,160.000000,130.000000,5.912445
83,76,165.000000,130.000000,5.897722
84,76,170.000000,130.000000,5.882802
85,76,175.000000,130.000000,5.866833
86,76,180.000000,130.000000,5.850863
87,76,185.000000,130.000000,5.834893
88,76,190.000000,130.000000,5.818807
89,76,195.000000,130.000000,5.802577
90,76,200.000000,130.000000,5.785487
91,76,205.000000,130.000000,5.767811
92,76,210.000000,130.000000,5.750135
93,76,215.000000,130.000000,5.732459
94,76,220.000000,130.000000,5.714882
95,76,225.000000,130.000000,5.697348
96,76,230.000000,130.000000,5.680778
97,76,235.000000,130.000000,5.664207
98,76,240.000000,130.000000,5.647637
99,76,245.000000,130.000000,5.631142
100,76,250.000000,130.000000,5.614809
0,77,-250.000000,135.000000,7.481228
1,77,-245.000000,135.000000,7.459570
2,77,-240.000000,135.000000,7.437907
3,77,-235.000000,135.000000,7.416244
4,77,-230.000000,135.000000,7.394581
5,77,-225.000000,135.000000,7.373545
6,77,-220.000000,135.000000,7.352576
7,77,-215.000000,135.000000,7.331667
8,77,-210.000000,135.000000,7.310758
9,77,-205.000000,135.000000,7.289849
10,77,-200.000000,135.000000,7.269229
11,77,-195.000000,135.000000,7.249158
12,77,-190.000000,135.000000,7.229150
13,77,-185.000000,135.000000,7.209210
14,77,-180.000000,135.000000,7.189270
15,77,-175.000000,135.000000,7.169330
16,77,-170.000000,135.000000,7.149371
17,77,-165.000000,135.000000,7.129406
18,77,-160.000000,135.000000,7.109437
19,77,-155.000000,135.000000,7.089467
20,77,-150.000000,135.000000,7.069497
21,77,-145.000000,135.000000,7.049336
22,77,-140.000000,135.000000,7.028485
23,77,-135.000000,135.000000,7.007535
24,77,-130.000000,135.000000,6.986409
25,77,-125.000000,135.000000,6.965284
26,77,-120.000000,135.000000,6.944158
27,77,-115.000000,135.000000,6.922576
28,77,-110.000000,135.000000,6.900750
29,77,-105.000000,135.000000,6.878698
30,77,-100.000000,135.000000,6.856589
31,77,-95.000000,135.000000,6.834480
32,77,-90.000000,135.000000,6.812406
33,77,-85.000000,135.000000,6.790704
34,77,-80.000000,135.000000,6.769051
35,77,-75.000000,135.000000,6.747557
36,77,-70.000000,135.000000,6.726064
37,77,-65.000000,135.000000,6.704570
38,77,-60.000000,135.000000,6.683754
39,77,-55.000000,135.000000,6.663551
40,77,-50.000000,135.000000,6.643902
41,77,-45.000000,135.000000,6.624524
42,77,-40.000000,135.000000,6.605146
43,77,-35.000000,135.000000,6.585768
44,77,-30.000000,135.000000,6.567404
45,77,-25.000000,135.000000,6.549169
46,77,-20.000000,135.000000,6.531677
47,77,-15.000000,135.000000,6.514185
48,77,-10.000000,135.000000,6.496693
49,77,-5.000000,135.000000,6.479226
50,77,0.000000,135.000000,6.461796
51,77,5.000000,135.000000,6.444398
52,77,10.000000,135.000000,6.427027
53,77,15.000000,135.000000,6.409656
54,77,20.000000,135.000000,6.392285
55,77,25.000000,135.000000,6.374468
56,77,30.000000,135.000000,6.356561
57,77,35.000000,135.000000,6.338032
58,77,40.000000,135.000000,6.319489
59,77,45.000000,135.000000,6.300946
60,77,50.000000,135.000000,6.282358
61,77,55.000000,135.000000,6.263645
62,77,60.000000,135.000000,6.244830
63,77,65.000000,135.000000,6.225869
64,77,70.000000,135.000000,6.206908
65,77,75.000000,135.000000,6.187947
66,77,80.000000,135.000000,6.169378
67,77,85.000000,135.000000,6.150973
68,77,90.000000,135.000000,6.133423
69,77,95.000000,135.000000,6.116025
70,77,100.000000,135.000000,6.098626
71,77,105.000000,135.000000,6.081328
72,77,110.000000,135.000000,6.064641
73,77,115.000000,135.000000,6.048418
74,77,120.000000,135.000000,6.033351
75,77,125.000000,135.000000,6.018285
76,77,130.000000,135.000000,6.003219
77,77,135.000000,135.000000,5.988257
78,77,140.000000,135.000000,5.973372
79,77,145.000000,135.000000,5.958870
80,77,150.000000,135.000000,5.944516
81,77,155.000000,135.000000,5.930163
82,77,160.000000,135.000000,5.915805
83,77,165.000000,135.000000,5.901125
84,77,170.000000,135.000000,5.886244
85,77,175.000000,135.000000,5.870289
86,77,180.000000,135.000000,5.854333
87,77,185.000000,135.000000,5.838378
88,77,190.000000,135.000000,5.822302
89,77,195.000000,135.000000,5.806077
90,77,200.000000,135.000000,5.788963
91,77,205.000000,135.000000,5.771242
92,77,210.000000,135.000000,5.753520
93,77,215.000000,135.000000,5.735799
94,77,220.000000,135.000000,5.718174
95,77,225.000000,135.000000,5.700590
96,77,230.000000,135.000000,5.683940
97,77,235.000000,135.000000,5.667289
98,77,240.000000,135.000000,5.650639
99,77,245.000000,135.000000,5.634065
100,77,250.000000,135.000000,5.617652
0,78,-250.000000,140.000000,7.483614
1,78,-245.000000,140.000000,7.461993
2,78,-240.000000,140.000000,7.440368
3,78,-235.000000,140.000000,7.418742
4,78,-230.000000,140.000000,7.397117
5,78,-225.000000,140.000000,7.376119
6,78,-220.000000,140.000000,7.355188
7,78,-215.000000,140.000000,7.334318
8,78,-210.000000,140.000000,7.313447
9,78,-205.000000,140.000000,7.292577
10,78,-200.000000,140.000000,7.271997
11,78,-195.000000,140.000000,7.251969
12,78,-190.000000,140.000000,7.232005
13,78,-185.000000,140.000000,7.212109
14,78,-180.000000,140.000000,7.192213
15,78,-175.000000,140.000000,7.172316
16,78,-170.000000,140.000000,7.152396
17,78,-165.000000,140.000000,7.132468
18,78,-160.000000,140.000000,7.112534
19,78,-155.000000,140.000000,7.092599
20,78,-150.000000,140.000000,7.072665
21,78,-145.000000,140.000000,7.052534
22,78,-140.000000,140.000000,7.031696
23,78,-135.000000,140.000000,7.010756
24,78,-130.000000,140.000000,6.989637
25,78,-125.000000,140.000000,6.968518
26,78,-120.000000,140.000000,6.947399
27,78,-115.000000,140.000000,6.925810
28,78,-110.000000,140.000000,6.903970
29,78,-105.000000,140.000000,6.881897
30,78,-100.000000,140.000000,6.859765
31,78,-95.000000,140.000000,6.837633
32,78,-90.000000,140.000000,6.815537
33,78,-85.000000,140.000000,6.793810
34,78,-80.000000,140.000000,6.772132
35,78,-75.000000,140.000000,6.750613
36,78,-70.000000,140.000000,6.729095
37,78,-65.000000,140.000000,6.707576
38,78,-60.000000,140.000000,6.686743
39,78,-55.000000,140.000000,6.666532
40,78,-50.000000,140.000000,6.646880
41,78,-45.000000,140.000000,6.627503
42,78,-40.000000,140.000000,6.608127
43,78,-35.000000,140.000000,6.588751
44,78,-30.000000,140.000000,6.570402
45,78,-25.000000,140.000000,6.552184
46,78,-20.000000,140.000000,6.534719
47,78,-15.000000,140.000000,6.517254
48,78,-10.000000,140.000000,6.499789
49,78,-5.000000,140.000000,6.482347
50,78,0.000000,140.000000,6.464940
51,78,5.000000,140.000000,6.447563
52,78,10.000000,140.000000,6.430213
53,78,15.000000,140.000000,6.412862
54,78,20.000000,140.000000,6.395512
55,78,25.000000,140.000000,6.377702
56,78,30.000000,140.000000,6.359800
57,78,35.000000,140.000000,6.341258
58,78,40.000000,140.000000,6.322703
59,78,45.000000,140.000000,6.304147
60,78,50.000000,140.000000,6.285543
61,78,55.000000,140.000000,6.266810
62,78,60.000000,140.000000,6.247969
63,78,65.000000,140.000000,6.228976
64,78,70.000000,140.000000,6.209983
65,78,75.000000,140.000000,6.190990
66,78,80.000000,140.000000,6.172395
67,78,85.000000,140.000000,6.153966
68,78,90.000000,140.000000,6.136406
69,78,95.000000,140.000000,6.118998
70,78,100.000000,140.000000,6.101591
71,78,105.000000,140.000000,6.084286
72,78,110.000000,140.000000,6.067603
73,78,115.000000,140.000000,6.051393
74,78,120.000000,140.000000,6.036362
75,78,125.000000,140.000000,6.021331
76,78,130.000000,140.000000,6.006301
77,78,135.000000,140.000000,5.991376
78,78,140.000000,140.000000,5.976531
79,78,145.000000,140.000000,5.962077
80,78,150.000000,140.000000,5.947774
81,78,155.000000,140.000000,5.933471
82,78,160.000000,140.000000,5.919164
83,78,165.000000,140.000000,5.904528
84,78,170.000000,140.000000,5.889686
85,78,175.000000,140.000000,5.873745
86,78,180.000000,140.000000,5.857804
87,78,185.000000,140.000000,5.841863
88,78,190.000000,140.000000,5.825797
89,78,195.000000,140.000000,5.809577
90,78,200.000000,140.000000,5.792439
91,78,205.000000,140.000000,5.774672
92,78,210.000000,140.000000,5.756905
93,78,215.000000,140.000000,5.739139
94,78,220.000000,140.000000,5.721465
95,78,225.000000,140.000000,5.703832
96,78,230.000000,140.000000,5.687101
97,78,235.000000,140.000000,5.670371
98,78,240.000000,140.000000,5.653641
99,78,245.000000,140.000000,5.636987
100,78,250.000000,140.000000,5.620495
0,79,-250.000000,145.000000,7.485966
1,79,-245.000000,145.000000,7.464391
2,79,-240.000000,145.000000,7.442810
3,79,-235.000000,145.000000,7.421229
4,79,-230.000000,145.000000,7.399648
5,79,-225.000000,145.000000,7.378694
6,79,-220.000000,145.000000,7.357807
7,79,-215.000000,145.000000,7.336980
8,79,-210.000000,145.000000,7.316153
9,79,-205.000000,145.000000,7.295325
10,79,-200.000000,145.000000,7.274789
11,79,-195.000000,145.000000,7.254806
12,79,-190.000000,145.000000,7.234888
13,79,-185.000000,145.000000,7.215038
14,79,-180.000000,145.000000,7.195187
15,79,-175.000000,145.000000,7.175337
16,79,-170.000000,145.000000,7.155456
17,79,-165.000000,145.000000,7.135566
18,79,-160.000000,145.000000,7.115668
19,79,-155.000000,145.000000,7.095770
20,79,-150.000000,145.000000,7.075871
21,79,-145.000000,145.000000,7.055773
22,79,-140.000000,145.000000,7.034951
23,79,-135.000000,145.000000,7.014026
24,79,-130.000000,145.000000,6.992917
25,79,-125.000000,145.000000,6.971808
26,79,-120.000000,145.000000,6.950699
27,79,-115.000000,145.000000,6.929107
28,79,-110.000000,145.000000,6.907259
29,79,-105.000000,145.000000,6.885171
30,79,-100.000000,145.000000,6.863023
31,79,-95.000000,145.000000,6.840876
32,79,-90.000000,145.000000,6.818763
33,79,-85.000000,145.000000,6.797019
34,79,-80.000000,145.000000,6.775323
35,79,-75.000000,145.000000,6.753786
36,79,-70.000000,145.000000,6.732249
37,79,-65.000000,145.000000,6.710711
38,79,-60.000000,145.000000,6.689867
39,79,-55.000000,145.000000,6.669651
40,79,-50.000000,145.000000,6.650001
41,79,-45.000000,145.000000,6.630629
42,79,-40.000000,145.000000,6.611257
43,79,-35.000000,145.000000,6.591885
44,79,-30.000000,145.000000,6.573552
45,79,-25.000000,145.000000,6.555352
46,79,-20.000000,145.000000,6.537914
47,79,-15.000000,145.000000,6.520475
48,79,-10.000000,145.000000,6.503037
49,79,-5.000000,145.000000,6.485621
50,79,0.000000,145.000000,6.468237
51,79,5.000000,145.000000,6.450883
52,79,10.000000,145.000000,6.433553
53,79,15.000000,145.000000,6.416223
54,79,20.000000,145.000000,6.398892
55,79,25.000000,145.000000,6.381092
56,79,30.000000,145.000000,6.363197
57,79,35.000000,145.000000,6.344647
58,79,40.000000,145.000000,6.326083
59,79,45.000000,145.000000,6.307519
60,79,50.000000,145.000000,6.288905
61,79,55.000000,145.000000,6.270156
62,79,60.000000,145.000000,6.251295
63,79,65.000000,145.000000,6.232277
64,79,70.000000,145.000000,6.213259
65,79,75.000000,145.000000,6.194241
66,79,80.000000,145.000000,6.175625
67,79,85.000000,145.000000,6.157179
68,79,90.000000,145.000000,6.139611
69,79,95.000000,145.000000,6.122199
70,79,100.000000,145.000000,6.104787
71,79,105.000000,145.000000,6.087478
72,79,110.000000,145.000000,6.070803
73,79,115.000000,145.000000,6.054608
74,79,120.000000,145.000000,6.039611
75,79,125.000000,145.000000,6.024615
76,79,130.000000,145.000000,6.009618
77,79,135.000000,145.000000,5.994730
78,79,140.000000,145.000000,5.979922
79,79,145.000000,145.000000,5.965513
80,79,150.000000,145.000000,5.951258
81,79,155.000000,145.000000,5.937003
82,79,160.000000,145.000000,5.922743
83,79,165.000000,145.000000,5.908149
84,79,170.000000,145.000000,5.893343
85,79,175.000000,145.000000,5.877418
86,79,180.000000,145.000000,5.861492
87,79,185.000000,145.000000,5.845567
88,79,190.000000,145.000000,5.829513
89,79,195.000000,145.000000,5.813301
90,79,200.000000,145.000000,5.796143
91,79,205.000000,145.000000,5.778338
92,79,210.000000,145.000000,5.760534
93,79,215.000000,145.000000,5.742730
94,79,220.000000,145.000000,5.725016
95,79,225.000000,145.000000,5.707342
96,79,230.000000,145.000000,5.690543
97,79,235.000000,145.000000,5.673745
98,79,240.000000,145.000000,5.656946
99,79,245.000000,145.000000,5.640224
100,79,250.000000,145.000000,5.623664
0,80,-250.000000,150.000000,7.488299
1,80,-245.000000,150.000000,7.466773
2,80,-240.000000,150.000000,7.445241
3,80,-235.000000,150.000000,7.423710
4,80,-230.000000,150.000000,7.402178
5,80,-225.000000,150.000000,7.381271
6,80,-220.000000,150.000000,7.360429
7,80,-215.000000,150.000000,7.339648
8,80,-210.000000,150.000000,7.318867
9,80,-205.000000,150.000000,7.298086
10,80,-200.000000,150.000000,7.277596
11,80,-195.000000,150.000000,7.257660
12,80,-190.000000,150.000000,7.237788
13,80,-185.000000,150.000000,7.217985
14,80,-180.000000,150.000000,7.198181
15,80,-175.000000,150.000000,7.178377
16,80,-170.000000,150.000000,7.158536
17,80,-165.000000,150.000000,7.138686
18,80,-160.000000,150.000000,7.118825
19,80,-155.000000,150.000000,7.098963
20,80,-150.000000,150.000000,7.079102
21,80,-145.000000,150.000000,7.059036
22,80,-140.000000,150.000000,7.038233
23,80,-135.000000,150.000000,7.017323
24,80,-130.000000,150.000000,6.996227
25,80,-125.000000,150.000000,6.975130
26,80,-120.000000,150.000000,6.954034
27,80,-115.000000,150.000000,6.932443
28,80,-110.000000,150.000000,6.910589
29,80,-105.000000,150.000000,6.888492
30,80,-100.000000,150.000000,6.866332
31,80,-95.000000,150.000000,6.844172
32,80,-90.000000,150.000000,6.822048
33,80,-85.000000,150.000000,6.800290
34,80,-80.000000,150.000000,6.778580
35,80,-75.000000,150.000000,6.757028
36,80,-70.000000,150.000000,6.735476
37,80,-65.000000,150.000000,6.713924
38,80,-60.000000,150.000000,6.693072
39,80,-55.000000,150.000000,6.672854
40,80,-50.000000,150.000000,6.653207
41,80,-45.000000,150.000000,6.633842
42,80,-40.000000,150.000000,6.614476
43,80,-35.000000,150.000000,6.595110
44,80,-30.000000,150.000000,6.576794
45,80,-25.000000,150.000000,6.558613
46,80,-20.000000,150.000000,6.541201
47,80,-15.000000,150.000000,6.523789
48,80,-10.000000,150.000000,6.506377
49,80,-5.000000,150.000000,6.488986
50,80,0.000000,150.000000,6.471626
51,80,5.000000,150.000000,6.454293
52,80,10.000000,150.000000,6.436984
53,80,15.000000,150.000000,6.419675
54,80,20.000000,150.000000,6.402365
55,80,25.000000,150.000000,6.384575
56,80,30.000000,150.000000,6.366689
57,80,35.000000,150.000000,6.348134
58,80,40.000000,150.000000,6.329563
59,80,45.000000,150.000000,6.310993
60,80,50.000000,150.000000,6.292371
61,80,55.000000,150.000000,6.273610
62,80,60.000000,150.000000,6.254733
63,80,65.000000,150.000000,6.235694
64,80,70.000000,150.000000,6.216654
65,80,75.000000,150.000000,6.197615
66,80,80.000000,150.000000,6.178983
67,80,85.000000,150.000000,6.160522
68,80,90.000000,150.000000,6.142950
69,80,95.000000,150.000000,6.125535
70,80,100.000000,150.000000,6.108121
71,80,105.000000,150.000000,6.090811
72,80,110.000000,150.000000,6.074144
73,80,115.000000,150.000000,6.057965
74,80,120.000000,150.000000,6.043002
75,80,125.000000,150.000000,6.028039
76,80,130.000000,150.000000,6.013076
77,80,135.000000,150.000000,5.998223
78,80,140.000000,150.000000,5.983452
79,80,145.000000,150.000000,5.969086
80,80,150.000000,150.000000,5.954877
81,80,155.000000,150.000000,5.940668
82,80,160.000000,150.000000,5.926454
83,80,165.000000,150.000000,5.911899
84,80,170.000000,150.000000,5.897130
85,80,175.000000,150.000000,5.881221
86,80,180.000000,150.000000,5.865311
87,80,185.000000,150.000000,5.849401
88,80,190.000000,150.000000,5.833360
89,80,195.000000,150.000000,5.817156
90,80,200.000000,150.000000,5.799982
91,80,205.000000,150.000000,5.782145
92,80,210.000000,150.000000,5.764308
93,80,215.000000,150.000000,5.746471
94,80,220.000000,150.000000,5.728722
95,80,225.000000,150.000000,5.711011
96,80,230.000000,150.000000,5.694151
97,80,235.000000,150.000000,5.677291
98,80,240.000000,150.000000,5.660431
99,80,245.000000,150.000000,5.643648
100,80,250.000000,150.000000,5.627027
0,81,-250.000000,155.000000,7.490487
1,81,-245.000000,155.000000,7.469042
2,81,-240.000000,155.000000,7.447591
3,81,-235.000000,155.000000,7.426141
4,81,-230.000000,155.000000,7.404690
5,81,-225.000000,155.000000,7.383852
6,81,-220.000000,155.000000,7.363079
7,81,-215.000000,155.000000,7.342365
8,81,-210.000000,155.000000,7.321651
9,81,-205.000000,155.000000,7.300937
10,81,-200.000000,155.000000,7.280510
11,81,-195.000000,155.000000,7.260630
12,81,-190.000000,155.000000,7.240814
13,81,-185.000000,155.000000,7.221064
14,81,-180.000000,155.000000,7.201314
15,81,-175.000000,155.000000,7.181565
16,81,-170.000000,155.000000,7.161771
17,81,-165.000000,155.000000,7.141964
18,81,-160.000000,155.000000,7.122146
19,81,-155.000000,155.000000,7.102326
20,81,-150.000000,155.000000,7.082506
21,81,-145.000000,155.000000,7.062480
22,81,-140.000000,155.000000,7.041709
23,81,-135.000000,155.000000,7.020830
24,81,-130.000000,155.000000,6.999762
25,81,-125.000000,155.000000,6.978694
26,81,-120.000000,155.000000,6.957627
27,81,-115.000000,155.000000,6.936060
28,81,-110.000000,155.000000,6.914227
29,81,-105.000000,155.000000,6.892148
30,81,-100.000000,155.000000,6.870006
31,81,-95.000000,155.000000,6.847864
32,81,-90.000000,155.000000,6.825757
33,81,-85.000000,155.000000,6.804015
34,81,-80.000000,155.000000,6.782320
35,81,-75.000000,155.000000,6.760783
36,81,-70.000000,155.000000,6.739245
37,81,-65.000000,155.000000,6.717708
38,81,-60.000000,155.000000,6.696872
39,81,-55.000000,155.000000,6.676672
40,81,-50.000000,155.000000,6.657044
41,81,-45.000000,155.000000,6.637697
42,81,-40.000000,155.000000,6.618351
43,81,-35.000000,155.000000,6.599005
44,81,-30.000000,155.000000,6.580711
45,81,-25.000000,155.000000,6.562553
46,81,-20.000000,155.000000,6.545166
47,81,-15.000000,155.000000,6.527779
48,81,-10.000000,155.000000,6.510391
49,81,-5.000000,155.000000,6.493025
50,81,0.000000,155.000000,6.475688
51,81,5.000000,155.000000,6.458379
52,81,10.000000,155.000000,6.441092
53,81,15.000000,155.000000,6.423805
54,81,20.000000,155.000000,6.406518
55,81,25.000000,155.000000,6.388747
56,81,30.000000,155.000000,6.370879
57,81,35.000000,155.000000,6.352336
58,81,40.000000,155.000000,6.333779
59,81,45.000000,155.000000,6.315221
60,81,50.000000,155.000000,6.296612
61,81,55.000000,155.000000,6.277862
62,81,60.000000,155.000000,6.258995
63,81,65.000000,155.000000,6.239964
64,81,70.000000,155.000000,6.220932
65,81,75.000000,155.000000,6.201901
66,81,80.000000,155.000000,6.183279
67,81,85.000000,155.000000,6.164828
68,81,90.000000,155.000000,6.147271
69,81,95.000000,155.000000,6.129872
70,81,100.000000,155.000000,6.112472
71,81,105.000000,155.000000,6.095179
72,81,110.000000,155.000000,6.078531
73,81,115.000000,155.000000,6.062374
74,81,120.000000,155.000000,6.047439
75,81,125.000000,155.000000,6.032504
76,81,130.000000,155.000000,6.017569
77,81,135.000000,155.000000,6.002746
78,81,140.000000,155.000000,5.988004
79,81,145.000000,155.000000,5.973670
80,81,150.000000,155.000000,5.959493
81,81,155.000000,155.000000,5.945316
82,81,160.000000,155.000000,5.931134
83,81,165.000000,155.000000,5.916609
84,81,170.000000,155.000000,5.901868
85,81,175.000000,155.000000,5.885979
86,81,180.000000,155.000000,5.870090
87,81,185.000000,155.000000,5.854201
88,81,190.000000,155.000000,5.838178
89,81,195.000000,155.000000,5.821992
90,81,200.000000,155.000000,5.804826
91,81,205.000000,155.000000,5.786991
92,81,210.000000,155.000000,5.769155
93,81,215.000000,155.000000,5.751320
94,81,220.000000,155.000000,5.733571
95,81,225.000000,155.000000,5.715860
96,81,230.000000,155.000000,5.698990
97,81,235.000000,155.000000,5.682120
98,81,240.000000,155.000000,5.665250
99,81,245.000000,155.000000,5.648456
100,81,250.000000,155.000000,5.631825
0,82,-250.000000,160.000000,7.492676
1,82,-245.000000,160.000000,7.471311
2,82,-240.000000,160.000000,7.449942
3,82,-235.000000,160.000000,7.428572
4,82,-230.000000,160.000000,7.407202
5,82,-225.000000,160.000000,7.386434
6,82,-220.000000,160.000000,7.365729
7,82,-215.000000,160.000000,7.345082
8,82,-210.000000,160.000000,7.324435
9,82,-205.000000,160.000000,7.303788
10,82,-200.000000,160.000000,7.283424
11,82,-195.000000,160.000000,7.263600
12,82,-190.000000,160.000000,7.243839
13,82,-185.000000,160.000000,7.224144
14,82,-180.000000,160.000000,7.204448
15,82,-175.000000,160.000000,7.184753
16,82,-170.000000,160.000000,7.165005
17,82,-165.000000,160.000000,7.145243
18,82,-160.000000,160.000000,7.125466
19,82,-155.000000,160.000000,7.105689
20,82,-150.000000,160.000000,7.085911
21,82,-145.000000,160.000000,7.065925
22,82,-140.000000,160.000000,7.045185
23,82,-135.000000,160.000000,7.024337
24,82,-130.000000,160.000000,7.003298
25,82,-125.000000,160.000000,6.982259
26,82,-120.000000,160.000000,6.961220
27,82,-115.000000,160.000000,6.939677
28,82,-110.000000,160.000000,6.917865
29,82,-105.000000,160.000000,6.895804
30,82,-100.000000,160.000000,6.873680
31,82,-95.000000,160.000000,6.851556
32,82,-90.000000,160.000000,6.829467
33,82,-85.000000,160.000000,6.807740
34,82,-80.000000,160.000000,6.786061
35,82,-75.000000,160.000000,6.764538
36,82,-70.000000,160.000000,6.743015
37,82,-65.000000,160.000000,6.721492
38,82,-60.000000,160.000000,6.700672
39,82,-55.000000,160.000000,6.680489
40,82,-50.000000,160.000000,6.660880
41,82,-45.000000,160.000000,6.641553
42,82,-40.000000,160.000000,6.622226
43,82,-35.000000,160.000000,6.602899
44,82,-30.000000,160.000000,6.584628
45,82,-25.000000,160.000000,6.566492
46,82,-20.000000,160.000000,6.549130
47,82,-15.000000,160.000000,6.531768
48,82,-10.000000,160.000000,6.514406
49,82,-5.000000,160.000000,6.497064
50,82,0.000000,160.000000,6.479751
51,82,5.000000,160.000000,6.462465
52,82,10.000000,160.000000,6.445200
53,82,15.000000,160.000000,6.427935
54,82,20.000000,160.000000,6.410671
55,82,25.000000,160.000000,6.392918
56,82,30.000000,160.000000,6.375068
57,82,35.000000,160.000000,6.356539
58,82,40.000000,160.000000,6.337995
59,82,45.000000,160.000000,6.319450
60,82,50.000000,160.000000,6.300854
61,82,55.000000,160.000000,6.282114
62,82,60.000000,160.000000,6.263257
63,82,65.000000,160.000000,6.244234
64,82,70.000000,160.000000,6.225211
65,82,75.000000,160.000000,6.206187
66,82,80.000000,160.000000,6.187575
67,82,85.000000,160.000000,6.169135
68,82,90.000000,160.000000,6.151592
69,82,95.000000,160.000000,6.134208
70,82,100.000000,160.000000,6.116824
71,82,105.000000,160.000000,6.099546
72,82,110.000000,160.000000,6.082918
73,82,115.000000,160.000000,6.066783
74,82,120.000000,160.000000,6.051876
75,82,125.000000,160.000000,6.036970
76,82,130.000000,160.000000,6.022063
77,82,135.000000,160.000000,6.007268
78,82,140.000000,160.000000,5.992556
79,82,145.000000,160.000000,5.978253
80,82,150.000000,160.000000,5.964108
81,82,155.000000,160.000000,5.949964
82,82,160.000000,160.000000,5.935815
83,82,165.000000,160.000000,5.921319
84,82,170.000000,160.000000,5.906607
85,82,175.000000,160.000000,5.890738
86,82,180.000000,160.000000,5.874869
87,82,185.000000,160.000000,5.859000
88,82,190.000000,160.000000,5.842996
89,82,195.000000,160.000000,5.826828
90,82,200.000000,160.000000,5.809670
91,82,205.000000,160.000000,5.791836
92,82,210.000000,160.000000,5.774002
93,82,215.000000,160.000000,5.756169
94,82,220.000000,160.000000,5.738421
95,82,225.000000,160.000000,5.720709
96,82,230.000000,160.000000,5.703829
97,82,235.000000,160.000000,5.686949
98,82,240.000000,160.000000,5.670068
99,82,245.000000,160.000000,5.653264
100,82,250.000000,160.000000,5.636623
0,83,-250.000000,165.000000,7.494864
1,83,-245.000000,165.000000,7.473581
2,83,-240.000000,165.000000,7.452292
3,83,-235.000000,165.000000,7.431003
4,83,-230.000000,165.000000,7.409714
5,83,-225.000000,165.000000,7.389015
6,83,-220.000000,165.000000,7.368378
7,83,-215.000000,165.000000,7.347798
8,83,-210.000000,165.000000,7.327219
9,83,-205.000000,165.000000,7.306639
10,83,-200.000000,165.000000,7.286338
11,83,-195.000000,165.000000,7.266570
12,83,-190.000000,165.000000,7.246864
13,83,-185.000000,165.000000,7.227223
14,83,-180.000000,165.000000,7.207582
15,83,-175.000000,165.000000,7.187941
16,83,-170.000000,165.000000,7.168240
17,83,-165.000000,165.000000,7.148522
18,83,-160.000000,165.000000,7.128787
19,83,-155.000000,165.000000,7.109051
20,83,-150.000000,165.000000,7.089315
21,83,-145.000000,165.000000,7.069369
22,83,-140.000000,165.000000,7.048661
23,83,-135.000000,165.000000,7.027844
24,83,-130.000000,165.000000,7.006833
25,83,-125.000000,165.000000,6.985823
26,83,-120.000000,165.000000,6.964813
27,83,-115.000000,165.000000,6.943293
28,83,-110.000000,165.000000,6.921503
29,83,-105.000000,165.000000,6.899460
30,83,-100.000000,165.000000,6.877354
31,83,-95.000000,165.000000,6.855247
32,83,-90.000000,165.000000,6.833176
33,83,-85.000000,165.000000,6.811465
34,83,-80.000000,165.000000,6.789801
35,83,-75.000000,165.000000,6.768293
36,83,-70.000000,165.000000,6.746784
37,83,-65.000000,165.000000,6.725276
38,83,-60.000000,165.000000,6.704472
39,83,-55.000000,165.000000,6.684306
40,83,-50.000000,165.000000,6.664716
41,83,-45.000000,165.000000,6.645409
42,83,-40.000000,165.000000,6.626101
43,83,-35.000000,165.000000,6.606794
44,83,-30.000000,165.000000,6.588545
45,83,-25.000000,165.000000,6.570432
46,83,-20.000000,165.000000,6.553095
47,83,-15.000000,165.000000,6.535758
48,83,-10.000000,165.000000,6.518421
49,83,-5.000000,165.000000,6.501103
50,83,0.000000,165.000000,6.483814
51,83,5.000000,165.000000,6.466550
52,83,10.000000,165.000000,6.449308
53,83,15.000000,165.000000,6.432066
54,83,20.000000,165.000000,6.414823
55,83,25.000000,165.000000,6.397090
56,83,30.000000,165.000000,6.379258
57,83,35.000000,165.000000,6.360742
58,83,40.000000,165.000000,6.342210
59,83,45.000000,165.000000,6.323679
60,83,50.000000,165.000000,6.305095
61,83,55.000000,165.000000,6.286367
62,83,60.000000,165.000000,6.267519
63,83,65.000000,165.000000,6.248504
64,83,70.000000,165.000000,6.229489
65,83,75.000000,165.000000,6.210473
66,83,80.000000,165.000000,6.191871
67,83,85.000000,165.000000,6.173442
68,83,90.000000,165.000000,6.155914
69,83,95.000000,165.000000,6.138545
70,83,100.000000,165.000000,6.121176
71,83,105.000000,165.000000,6.103914
72,83,110.000000,165.000000,6.087305
73,83,115.000000,165.000000,6.071191
74,83,120.000000,165.000000,6.056313
75,83,125.000000,165.000000,6.041435
76,83,130.000000,165.000000,6.026557
77,83,135.000000,165.000000,6.011791
78,83,140.000000,165.000000,5.997108
79,83,145.000000,165.000000,5.982837
80,83,150.000000,165.000000,5.968724
81,83,155.000000,165.000000,5.954612
82,83,160.000000,165.000000,5.940495
83,83,165.000000,165.000000,5.926029
84,83,170.000000,165.000000,5.911345
85,83,175.000000,165.000000,5.895496
86,83,180.000000,165.000000,5.879648
87,83,185.000000,165.000000,5.863799
88,83,190.000000,165.000000,5.847815
89,83,195.000000,165.000000,5.831664
90,83,200.000000,165.000000,5.814514
91,83,205.000000,165.000000,5.796682
92,83,210.000000,165.000000,5.778849
93,83,215.000000,165.000000,5.761017
94,83,220.000000,165.000000,5.743270
95,83,225.000000,165.000000,5.725559
96,83,230.000000,165.000000,5.708668
97,83,235.000000,165.000000,5.691777
98,83,240.000000,165.000000,5.674887
99,83,245.000000,165.000000,5.658073
100,83,250.000000,165.000000,5.641420
0,84,-250.000000,170.000000,7.497031
1,84,-245.000000,170.000000,7.475835
2,84,-240.000000,170.000000,7.454633
3,84,-235.000000,170.000000,7.433431
4,84,-230.000000,170.000000,7.412229
5,84,-225.000000,170.000000,7.391603
6,84,-220.000000,170.000000,7.371039
7,84,-215.000000,170.000000,7.350530
8,84,-210.000000,170.000000,7.330021
9,84,-205.000000,170.000000,7.309513
10,84,-200.000000,170.000000,7.289279
11,84,-195.000000,170.000000,7.269569
12,84,-190.000000,170.000000,7.249920
13,84,-185.000000,170.000000,7.230334
14,84,-180.000000,170.000000,7.210749
15,84,-175.000000,170.000000,7.191164
16,84,-170.000000,170.000000,7.171511
17,84,-165.000000,170.000000,7.151838
18,84,-160.000000,170.000000,7.132147
19,84,-155.000000,170.000000,7.112454
20,84,-150.000000,170.000000,7.092761
21,84,-145.000000,170.000000,7.072856
22,84,-140.000000,170.000000,7.052183
23,84,-135.000000,170.000000,7.031399
24,84,-130.000000,170.000000,7.010421
25,84,-125.000000,170.000000,6.989442
26,84,-120.000000,170.000000,6.968464
27,84,-115.000000,170.000000,6.946972
28,84,-110.000000,170.000000,6.925207
29,84,-105.000000,170.000000,6.903188
30,84,-100.000000,170.000000,6.881105
31,84,-95.000000,170.000000,6.859022
32,84,-90.000000,170.000000,6.836973
33,84,-85.000000,170.000000,6.815283
34,84,-80.000000,170.000000,6.793640
35,84,-75.000000,170.000000,6.772151
36,84,-70.000000,170.000000,6.750662
37,84,-65.000000,170.000000,6.729174
38,84,-60.000000,170.000000,6.708390
39,84,-55.000000,170.000000,6.688246
40,84,-50.000000,170.000000,6.668677
41,84,-45.000000,170.000000,6.649392
42,84,-40.000000,170.000000,6.630107
43,84,-35.000000,170.000000,6.610822
44,84,-30.000000,170.000000,6.592597
45,84,-25.000000,170.000000,6.574508
46,84,-20.000000,170.000000,6.557196
47,84,-15.000000,170.000000,6.539885
48,84,-10.000000,170.000000,6.522573
49,84,-5.000000,170.000000,6.505280
50,84,0.000000,170.000000,6.488016
51,84,5.000000,170.000000,6.470776
52,84,10.000000,170.000000,6.453558
53,84,15.000000,170.000000,6.436339
54,84,20.000000,170.000000,6.419120
55,84,25.000000,170.000000,6.401408
56,84,30.000000,170.000000,6.383597
57,84,35.000000,170.000000,6.365099
58,84,40.000000,170.000000,6.346585
59,84,45.000000,170.000000,6.328072
60,84,50.000000,170.000000,6.309505
61,84,55.000000,170.000000,6.290793
62,84,60.000000,170.000000,6.271962
63,84,65.000000,170.000000,6.252961
64,84,70.000000,170.000000,6.233960
65,84,75.000000,170.000000,6.214960
66,84,80.000000,170.000000,6.196373
67,84,85.000000,170.000000,6.177960
68,84,90.000000,170.000000,6.160452
69,84,95.000000,170.000000,6.143103
70,84,100.000000,170.000000,6.125754
71,84,105.000000,170.000000,6.108512
72,84,110.000000,170.000000,6.091926
73,84,115.000000,170.000000,6.075836
74,84,120.000000,170.000000,6.060987
75,84,125.000000,170.000000,6.046137
76,84,130.000000,170.000000,6.031288
77,84,135.000000,170.000000,6.016552
78,84,140.000000,170.000000,6.001898
79,84,145.000000,170.000000,5.987658
80,84,150.000000,170.000000,5.973577
81,84,155.000000,170.000000,5.959497
82,84,160.000000,170.000000,5.945411
83,84,165.000000,170.000000,5.930976
84,84,170.000000,170.000000,5.916322
85,84,175.000000,170.000000,5.900498
86,84,180.000000,170.000000,5.884674
87,84,185.000000,170.000000,5.868850
88,84,190.000000,170.000000,5.852890
89,84,195.000000,170.000000,5.836762
90,84,200.000000,170.000000,5.819629
91,84,205.000000,170.000000,5.801810
92,84,210.000000,170.000000,5.783991
93,84,215.000000,170.000000,5.766172
94,84,220.000000,170.000000,5.748437
95,84,225.000000,170.000000,5.730738
96,84,230.000000,170.000000,5.713852
97,84,235.000000,170.000000,5.696966
98,84,240.000000,170.000000,5.680081
99,84,245.000000,170.000000,5.663271
100,84,250.000000,170.000000,5.646624
0,85,-250.000000,175.000000,7.499188
1,85,-245.000000,175.000000,7.478081
2,85,-240.000000,175.000000,7.456969
3,85,-235.000000,175.000000,7.435857
4,85,-230.000000,175.000000,7.414745
5,85,-225.000000,175.000000,7.394195
6,85,-220.000000,175.000000,7.373705
7,85,-215.000000,175.000000,7.353270
8,85,-210.000000,175.000000,7.332834
9,85,-205.000000,175.000000,7.312398
10,85,-200.000000,175.000000,7.292233
11,85,-195.000000,175.000000,7.272581
12,85,-190.000000,175.000000,7.252990
13,85,-185.000000,175.000000,7.233462
14,85,-180.000000,175.000000,7.213934
15,85,-175.000000,175.000000,7.194406
16,85,-170.000000,175.000000,7.174801
17,85,-165.000000,175.000000,7.155174
18,85,-160.000000,175.000000,7.135527
19,85,-155.000000,175.000000,7.115878
20,85,-150.000000,175.000000,7.096229
21,85,-145.000000,175.000000,7.076366
22,85,-140.000000,175.000000,7.055728
23,85,-135.000000,175.000000,7.034979
24,85,-130.000000,175.000000,7.014035
25,85,-125.000000,175.000000,6.993090
26,85,-120.000000,175.000000,6.972145
27,85,-115.000000,175.000000,6.950683
28,85,-110.000000,175.000000,6.928946
29,85,-105.000000,175.000000,6.906953
30,85,-100.000000,175.000000,6.884896
31,85,-95.000000,175.000000,6.862838
32,85,-90.000000,175.000000,6.840815
33,85,-85.000000,175.000000,6.819148
34,85,-80.000000,175.000000,6.797529
35,85,-75.000000,175.000000,6.776062
36,85,-70.000000,175.000000,6.754596
37,85,-65.000000,175.000000,6.733130
38,85,-60.000000,175.000000,6.712369
39,85,-55.000000,175.000000,6.692248
40,85,-50.000000,175.000000,6.672703
41,85,-45.000000,175.000000,6.653441
42,85,-40.000000,175.000000,6.634179
43,85,-35.000000,175.000000,6.614918
44,85,-30.000000,175.000000,6.596718
45,85,-25.000000,175.000000,6.578653
46,85,-20.000000,175.000000,6.561367
47,85,-15.000000,175.000000,6.544081
48,85,-10.000000,175.000000,6.526795
49,85,-5.000000,175.000000,6.509528
50,85,0.000000,175.000000,6.492288
51,85,5.000000,175.000000,6.475073
52,85,10.000000,175.000000,6.457879
53,85,15.000000,175.000000,6.440685
54,85,20.000000,175.000000,6.423491
55,85,25.000000,175.000000,6.405802
56,85,30.000000,175.000000,6.388013
57,85,35.000000,175.000000,6.369535
58,85,40.000000,175.000000,6.351041
59,85,45.000000,175.000000,6.332548
60,85,50.000000,175.000000,6.314001
61,85,55.000000,175.000000,6.295308
62,85,60.000000,175.000000,6.276496
63,85,65.000000,175.000000,6.257513
64,85,70.000000,175.000000,6.238531
65,85,75.000000,175.000000,6.219548
66,85,80.000000,175.000000,6.200981
67,85,85.000000,175.000000,6.182587
68,85,90.000000,175.000000,6.165100
69,85,95.000000,175.000000,6.147774
70,85,100.000000,175.000000,6.130447
71,85,105.000000,175.000000,6.113227
72,85,110.000000,175.000000,6.096665
73,85,115.000000,175.000000,6.080601
74,85,120.000000,175.000000,6.065781
75,85,125.000000,175.000000,6.050961
76,85,130.000000,175.000000,6.036140
77,85,135.000000,175.000000,6.021433
78,85,140.000000,175.000000,6.006809
79,85,145.000000,175.000000,5.992600
80,85,150.000000,175.000000,5.978551
81,85,155.000000,175.000000,5.964502
82,85,160.000000,175.000000,5.950449
83,85,165.000000,175.000000,5.936044
84,85,170.000000,175.000000,5.921420
85,85,175.000000,175.000000,5.905623
86,85,180.000000,175.000000,5.889827
87,85,185.000000,175.000000,5.874030
88,85,190.000000,175.000000,5.858096
89,85,195.000000,175.000000,5.841994
90,85,200.000000,175.000000,5.824883
91,85,205.000000,175.000000,5.807083
92,85,210.000000,175.000000,5.789283
93,85,215.000000,175.000000,5.771483
94,85,220.000000,175.000000,5.753766
95,85,225.000000,175.000000,5.736086
96,85,230.000000,175.000000,5.719213
97,85,235.000000,175.000000,5.702339
98,85,240.000000,175.000000,5.685466
99,85,245.000000,175.000000,5.668669
100,85,250.000000,175.000000,5.652034
0,86,-250.000000,180.000000,7.501194
1,86,-245.000000,180.000000,7.480220
2,86,-240.000000,180.000000,7.459240
3,86,-235.000000,180.000000,7.438259
4,86,-230.000000,180.000000,7.417279
5,86,-225.000000,180.000000,7.396836
6,86,-220.000000,180.000000,7.376450
7,86,-215.000000,180.000000,7.356116
8,86,-210.000000,180.000000,7.335782
9,86,-205.000000,180.000000,7.315447
10,86,-200.000000,180.000000,7.295374
11,86,-195.000000,180.000000,7.275796
12,86,-190.000000,180.000000,7.256276
13,86,-185.000000,180.000000,7.236817
14,86,-180.000000,180.000000,7.217357
15,86,-175.000000,180.000000,7.197898
16,86,-170.000000,180.000000,7.178352
17,86,-165.000000,180.000000,7.158781
18,86,-160.000000,180.000000,7.139186
19,86,-155.000000,180.000000,7.119590
20,86,-150.000000,180.000000,7.099994
21,86,-145.000000,180.000000,7.080184
22,86,-140.000000,180.000000,7.059601
23,86,-135.000000,180.000000,7.038907
24,86,-130.000000,180.000000,7.018018
25,86,-125.000000,180.000000,6.997129
26,86,-120.000000,180.000000,6.976239
27,86,-115.000000,180.000000,6.954837
28,86,-110.000000,180.000000,6.933161
29,86,-105.000000,180.000000,6.911231
30,86,-100.000000,180.000000,6.889237
31,86,-95.000000,180.000000,6.867243
32,86,-90.000000,180.000000,6.845283
33,86,-85.000000,180.000000,6.823678
34,86,-80.000000,180.000000,6.802119
35,86,-75.000000,180.000000,6.780712
36,86,-70.000000,180.000000,6.759305
37,86,-65.000000,180.000000,6.737899
38,86,-60.000000,180.000000,6.717193
39,86,-55.000000,180.000000,6.697121
40,86,-50.000000,180.000000,6.677621
41,86,-45.000000,180.000000,6.658402
42,86,-40.000000,180.000000,6.639183
43,86,-35.000000,180.000000,6.619964
44,86,-30.000000,180.000000,6.601799
45,86,-25.000000,180.000000,6.583770
46,86,-20.000000,180.000000,6.566512
47,86,-15.000000,180.000000,6.549255
48,86,-10.000000,180.000000,6.531998
49,86,-5.000000,180.000000,6.514761
50,86,0.000000,180.000000,6.497553
51,86,5.000000,180.000000,6.480371
52,86,10.000000,180.000000,6.463211
53,86,15.000000,180.000000,6.446051
54,86,20.000000,180.000000,6.428890
55,86,25.000000,180.000000,6.411243
56,86,30.000000,180.000000,6.393497
57,86,35.000000,180.000000,6.375072
58,86,40.000000,180.000000,6.356632
59,86,45.000000,180.000000,6.338193
60,86,50.000000,180.000000,6.319701
61,86,55.000000,180.000000,6.301067
62,86,60.000000,180.000000,6.282315
63,86,65.000000,180.000000,6.263398
64,86,70.000000,180.000000,6.244481
65,86,75.000000,180.000000,6.225564
66,86,80.000000,180.000000,6.207059
67,86,85.000000,180.000000,6.188727
68,86,90.000000,180.000000,6.171296
69,86,95.000000,180.000000,6.154023
70,86,100.000000,180.000000,6.136750
71,86,105.000000,180.000000,6.119584
72,86,110.000000,180.000000,6.103070
73,86,115.000000,180.000000,6.087049
74,86,120.000000,180.000000,6.072261
75,86,125.000000,180.000000,6.057473
76,86,130.000000,180.000000,6.042685
77,86,135.000000,180.000000,6.028009
78,86,140.000000,180.000000,6.013417
79,86,145.000000,180.000000,5.999238
80,86,150.000000,180.000000,5.985218
81,86,155.000000,180.000000,5.971198
82,86,160.000000,180.000000,5.957174
83,86,165.000000,180.000000,5.942805
84,86,170.000000,180.000000,5.928220
85,86,175.000000,180.000000,5.912482
86,86,180.000000,180.000000,5.896744
87,86,185.000000,180.000000,5.881007
88,86,190.000000,180.000000,5.865135
89,86,195.000000,180.000000,5.849098
90,86,200.000000,180.000000,5.832074
91,86,205.000000,180.000000,5.814376
92,86,210.000000,180.000000,5.796677
93,86,215.000000,180.000000,5.778979
94,86,220.000000,180.000000,5.761366
95,86,225.000000,180.000000,5.743789
96,86,230.000000,180.000000,5.727036
97,86,235.000000,180.000000,5.710283
98,86,240.000000,180.000000,5.693531
99,86,245.000000,180.000000,5.676854
100,86,250.000000,180.000000,5.660338
0,87,-250.000000,185.000000,7.503196
1,87,-245.000000,185.000000,7.482355
2,87,-240.000000,185.000000,7.461508
3,87,-235.000000,185.000000,7.440661
4,87,-230.000000,185.000000,7.419814
5,87,-225.000000,185.000000,7.399479
6,87,-220.000000,185.000000,7.379198
7,87,-215.000000,185.000000,7.358966
8,87,-210.000000,185.000000,7.338734
9,87,-205.000000,185.000000,7.318503
10,87,-200.000000,185.000000,7.298522
11,87,-195.000000,185.000000,7.279018
12,87,-190.000000,185.000000,7.259570
13,87,-185.000000,185.000000,7.240180
14,87,-180.000000,185.000000,7.220790
15,87,-175.000000,185.000000,7.201400
16,87,-170.000000,185.000000,7.181913
17,87,-165.000000,185.000000,7.162398
18,87,-160.000000,185.000000,7.142857
19,87,-155.000000,185.000000,7.123313
20,87,-150.000000,185.000000,7.103770
21,87,-145.000000,185.000000,7.084013
22,87,-140.000000,185.000000,7.063486
23,87,-135.000000,185.000000,7.042848
24,87,-130.000000,185.000000,7.022015
25,87,-125.000000,185.000000,7.001182
26,87,-120.000000,185.000000,6.980349
27,87,-115.000000,185.000000,6.959007
28,87,-110.000000,185.000000,6.937394
29,87,-105.000000,185.000000,6.915528
30,87,-100.000000,185.000000,6.893599
31,87,-95.000000,185.000000,6.871670
32,87,-90.000000,185.000000,6.849775
33,87,-85.000000,185.000000,6.828232
34,87,-80.000000,185.000000,6.806735
35,87,-75.000000,185.000000,6.785389
36,87,-70.000000,185.000000,6.764044
37,87,-65.000000,185.000000,6.742698
38,87,-60.000000,185.000000,6.722048
39,87,-55.000000,185.000000,6.702026
40,87,-50.000000,185.000000,6.682572
41,87,-45.000000,185.000000,6.663397
42,87,-40.000000,185.000000,6.644222
43,87,-35.000000,185.000000,6.625046
44,87,-30.000000,185.000000,6.606917
45,87,-25.000000,185.000000,6.588922
46,87,-20.000000,185.000000,6.571694
47,87,-15.000000,185.000000,6.554466
48,87,-10.000000,185.000000,6.537238
49,87,-5.000000,185.000000,6.520030
50,87,0.000000,185.000000,6.502854
51,87,5.000000,185.000000,6.485706
52,87,10.000000,185.000000,6.468580
53,87,15.000000,185.000000,6.451454
54,87,20.000000,185.000000,6.434328
55,87,25.000000,185.000000,6.416723
56,87,30.000000,185.000000,6.399021
57,87,35.000000,185.000000,6.380651
58,87,40.000000,185.000000,6.362266
59,87,45.000000,185.000000,6.343881
60,87,50.000000,185.000000,6.325445
61,87,55.000000,185.000000,6.306871
62,87,60.000000,185.000000,6.288183
63,87,65.000000,185.000000,6.269333
64,87,70.000000,185.000000,6.250483
65,87,75.000000,185.000000,6.231633
66,87,80.000000,185.000000,6.213193
67,87,85.000000,185.000000,6.194924
68,87,90.000000,185.000000,6.177549
69,87,95.000000,185.000000,6.160332
70,87,100.000000,185.000000,6.143114
71,87,105.000000,185.000000,6.126003
72,87,110.000000,185.000000,6.109536
73,87,115.000000,185.000000,6.093559
74,87,120.000000,185.000000,6.078804
75,87,125.000000,185.000000,6.064048
76,87,130.000000,185.000000,6.049292
77,87,135.000000,185.000000,6.034649
78,87,140.000000,185.000000,6.020088
79,87,145.000000,185.000000,6.005939
80,87,150.000000,185.000000,5.991948
81,87,155.000000,185.000000,5.977957
82,87,160.000000,185.000000,5.963963
83,87,165.000000,185.000000,5.949629
84,87,170.000000,185.000000,5.935083
85,87,175.000000,185.000000,5.919406
86,87,180.000000,185.000000,5.903728
87,87,185.000000,185.000000,5.888051
88,87,190.000000,185.000000,5.872242
89,87,195.000000,185.000000,5.856272
90,87,200.000000,185.000000,5.839338
91,87,205.000000,185.000000,5.821744
92,87,210.000000,185.000000,5.804150
93,87,215.000000,185.000000,5.786556
94,87,220.000000,185.000000,5.769049
95,87,225.000000,185.000000,5.751580
96,87,230.000000,185.000000,5.734952
97,87,235.000000,185.000000,5.718323
98,87,240.000000,185.000000,5.701695
99,87,245.000000,185.000000,5.685142
100,87,250.000000,185.000000,5.668750
0,88,-250.000000,190.000000,7.505197
1,88,-245.000000,190.000000,7.484490
2,88,-240.000000,190.000000,7.463776
3,88,-235.000000,190.000000,7.443063
4,88,-230.000000,190.000000,7.422349
5,88,-225.000000,190.000000,7.402122
6,88,-220.000000,190.000000,7.381946
7,88,-215.000000,190.000000,7.361816
8,88,-210.000000,190.000000,7.341687
9,88,-205.000000,190.000000,7.321558
10,88,-200.000000,190.000000,7.301670
11,88,-195.000000,190.000000,7.282240
12,88,-190.000000,190.000000,7.262864
13,88,-185.000000,190.000000,7.243543
14,88,-180.000000,190.000000,7.224223
15,88,-175.000000,190.000000,7.204902
16,88,-170.000000,190.000000,7.185474
17,88,-165.000000,190.000000,7.166015
18,88,-160.000000,190.000000,7.146527
19,88,-155.000000,190.000000,7.127036
20,88,-150.000000,190.000000,7.107546
21,88,-145.000000,190.000000,7.087843
22,88,-140.000000,190.000000,7.067371
23,88,-135.000000,190.000000,7.046789
24,88,-130.000000,190.000000,7.026013
25,88,-125.000000,190.000000,7.005236
26,88,-120.000000,190.000000,6.984459
27,88,-115.000000,190.000000,6.963177
28,88,-110.000000,190.000000,6.941626
29,88,-105.000000,190.000000,6.919825
30,88,-100.000000,190.000000,6.897961
31,88,-95.000000,190.000000,6.876097
32,88,-90.000000,190.000000,6.854267
33,88,-85.000000,190.000000,6.832786
34,88,-80.000000,190.000000,6.811351
35,88,-75.000000,190.000000,6.790067
36,88,-70.000000,190.000000,6.768782
37,88,-65.000000,190.000000,6.747498
38,88,-60.000000,190.000000,6.726903
39,88,-55.000000,190.000000,6.706932
40,88,-50.000000,190.000000,6.687523
41,88,-45.000000,190.000000,6.668392
42,88,-40.000000,190.000000,6.649260
43,88,-35.000000,190.000000,6.630128
44,88,-30.000000,190.000000,6.612035
45,88,-25.000000,190.000000,6.594075
46,88,-20.000000,190.000000,6.576876
47,88,-15.000000,190.000000,6.559677
48,88,-10.000000,190.000000,6.542478
49,88,-5.000000,190.000000,6.525300
50,88,0.000000,190.000000,6.508156
51,88,5.000000,190.000000,6.491040
52,88,10.000000,190.000000,6.473949
53,88,15.000000,190.000000,6.456857
54,88,20.000000,190.000000,6.439766
55,88,25.000000,190.000000,6.422203
56,88,30.000000,190.000000,6.404544
57,88,35.000000,190.000000,6.386229
58,88,40.000000,190.000000,6.367899
59,88,45.000000,190.000000,6.349569
60,88,50.000000,190.000000,6.331190
61,88,55.000000,190.000000,6.312676
62,88,60.000000,190.000000,6.294050
63,88,65.000000,190.000000,6.275268
64,88,70.000000,190.000000,6.256485
65,88,75.000000,190.000000,6.237702
66,88,80.000000,190.000000,6.219326
67,88,85.000000,190.000000,6.201120
68,88,90.000000,190.000000,6.183802
69,88,95.000000,190.000000,6.166640
70,88,100.000000,190.000000,6.149478
71,88,105.000000,190.000000,6.132421
72,88,110.000000,190.000000,6.116003
73,88,115.000000,190.000000,6.100070
74,88,120.000000,190.000000,6.085346
75,88,125.000000,190.000000,6.070623
76,88,130.000000,190.000000,6.055900
77,88,135.000000,190.000000,6.041288
78,88,140.000000,190.000000,6.026759
79,88,145.000000,190.000000,6.012639
80,88,150.000000,190.000000,5.998678
81,88,155.000000,190.000000,5.984717
82,88,160.000000,190.000000,5.970751
83,88,165.000000,190.000000,5.956453
84,88,170.000000,190.000000,5.941946
85,88,175.000000,190.000000,5.926329
86,88,180.000000,190.000000,5.910712
87,88,185.000000,190.000000,5.895094
88,88,190.000000,190.000000,5.879349
89,88,195.000000,190.000000,5.863446
90,88,200.000000,190.000000,5.846601
91,88,205.000000,190.000000,5.829112
92,88,210.000000,190.000000,5.811623
93,88,215.000000,190.000000,5.794134
94,88,220.000000,190.000000,5.776733
95,88,225.000000,190.000000,5.759371
96,88,230.000000,190.000000,5.742867
97,88,235.000000,190.000000,5.726363
98,88,240.000000,190.000000,5.709859
99,88,245.000000,190.000000,5.693431
100,88,250.000000,190.000000,5.677162
0,89,-250.000000,195.000000,7.507162
1,89,-245.000000,195.000000,7.486589
2,89,-240.000000,195.000000,7.466011
3,89,-235.000000,195.000000,7.445432
4,89,-230.000000,195.000000,7.424854
5,89,-225.000000,195.000000,7.404735
6,89,-220.000000,195.000000,7.384665
7,89,-215.000000,195.000000,7.364639
8,89,-210.000000,195.000000,7.344614
9,89,-205.000000,195.000000,7.324588
10,89,-200.000000,195.000000,7.304793
11,89,-195.000000,195.000000,7.285438
12,89,-190.000000,195.000000,7.266134
13,89,-185.000000,195.000000,7.246883
14,89,-180.000000,195.000000,7.227633
15,89,-175.000000,195.000000,7.208382
16,89,-170.000000,195.000000,7.189013
17,89,-165.000000,195.000000,7.169611
18,89,-160.000000,195.000000,7.150176
19,89,-155.000000,195.000000,7.130739
20,89,-150.000000,195.000000,7.111302
21,89,-145.000000,195.000000,7.091653
22,89,-140.000000,195.000000,7.071237
23,89,-135.000000,195.000000,7.050711
24,89,-130.000000,195.000000,7.029990
25,89,-125.000000,195.000000,7.009270
26,89,-120.000000,195.000000,6.988550
27,89,-115.000000,195.000000,6.967328
28,89,-110.000000,195.000000,6.945840
29,89,-105.000000,195.000000,6.924103
30,89,-100.000000,195.000000,6.902304
31,89,-95.000000,195.000000,6.880505
32,89,-90.000000,195.000000,6.858739
33,89,-85.000000,195.000000,6.837321
34,89,-80.000000,195.000000,6.815948
35,89,-75.000000,195.000000,6.794725
36,89,-70.000000,195.000000,6.773502
37,89,-65.000000,195.000000,6.752279
38,89,-60.000000,195.000000,6.731739
39,89,-55.000000,195.000000,6.711819
40,89,-50.000000,195.000000,6.692457
41,89,-45.000000,195.000000,6.673369
42,89,-40.000000,195.000000,6.654281
43,89,-35.000000,195.000000,6.635193
44,89,-30.000000,195.000000,6.617136
45,89,-25.000000,195.000000,6.599211
46,89,-20.000000,195.000000,6.582042
47,89,-15.000000,195.000000,6.564873
48,89,-10.000000,195.000000,6.547703
49,89,-5.000000,195.000000,6.530557
50,89,0.000000,195.000000,6.513445
51,89,5.000000,195.000000,6.496364
52,89,10.000000,195.000000,6.479308
53,89,15.000000,195.000000,6.462252
54,89,20.000000,195.000000,6.445196
55,89,25.000000,195.000000,6.427676
56,89,30.000000,195.000000,6.410063
57,89,35.000000,195.000000,6.391803
58,89,40.000000,195.000000,6.373530
59,89,45.000000,195.000000,6.355256
60,89,50.000000,195.000000,6.336934
61,89,55.000000,195.000000,6.318481
62,89,60.000000,195.000000,6.299920
63,89,65.000000,195.000000,6.281206
64,89,70.000000,195.000000,6.262492
65,89,75.000000,195.000000,6.243778
66,89,80.000000,195.000000,6.225467
67,89,85.000000,195.000000,6.207325
68,89,90.000000,195.000000,6.190064
69,89,95.000000,195.000000,6.172958
70,89,100.000000,195.000000,6.155853
71,89,105.000000,195.000000,6.138851
72,89,110.000000,195.000000,6.122482
73,89,115.000000,195.000000,6.106593
74,89,120.000000,195.000000,6.091902
75,89,125.000000,195.000000,6.077212
76,89,130.000000,195.000000,6.062521
77,89,135.000000,195.000000,6.047942
78,89,140.000000,195.000000,6.033444
79,89,145.000000,195.000000,6.019355
80,89,150.000000,195.000000,6.005423
81,89,155.000000,195.000000,5.991491
82,89,160.000000,195.000000,5.977555
83,89,165.000000,195.000000,5.963292
84,89,170.000000,195.000000,5.948826
85,89,175.000000,195.000000,5.933269
86,89,180.000000,195.000000,5.917713
87,89,185.000000,195.000000,5.902157
88,89,190.000000,195.000000,5.886476
89,89,195.000000,195.000000,5.870641
90,89,200.000000,195.000000,5.853887
91,89,205.000000,195.000000,5.836504
92,89,210.000000,195.000000,5.819122
93,89,215.000000,195.000000,5.801739
94,89,220.000000,195.000000,5.784447
95,89,225.000000,195.000000,5.767194
96,89,230.000000,195.000000,5.750817
97,89,235.000000,195.000000,5.734440
98,89,240.000000,195.000000,5.718063
99,89,245.000000,195.000000,5.701761
100,89,250.000000,195.000000,5.685617
0,90,-250.000000,200.000000,7.509099
1,90,-245.000000,200.000000,7.488662
2,90,-240.000000,200.000000,7.468220
3,90,-235.000000,200.000000,7.447777
4,90,-230.000000,200.000000,7.427335
5,90,-225.000000,200.000000,7.407326
6,90,-220.000000,200.000000,7.387363
7,90,-215.000000,200.000000,7.367441
8,90,-210.000000,200.000000,7.347520
9,90,-205.000000,200.000000,7.327598
10,90,-200.000000,200.000000,7.307898
11,90,-195.000000,200.000000,7.288617
12,90,-190.000000,200.000000,7.269386
13,90,-185.000000,200.000000,7.250206
14,90,-180.000000,200.000000,7.231026
15,90,-175.000000,200.000000,7.211846
16,90,-170.000000,200.000000,7.192536
17,90,-165.000000,200.000000,7.173191
18,90,-160.000000,200.000000,7.153810
19,90,-155.000000,200.000000,7.134426
20,90,-150.000000,200.000000,7.115042
21,90,-145.000000,200.000000,7.095447
22,90,-140.000000,200.000000,7.075087
23,90,-135.000000,200.000000,7.054617
24,90,-130.000000,200.000000,7.033953
25,90,-125.000000,200.000000,7.013290
26,90,-120.000000,200.000000,6.992626
27,90,-115.000000,200.000000,6.971465
28,90,-110.000000,200.000000,6.950039
29,90,-105.000000,200.000000,6.928367
30,90,-100.000000,200.000000,6.906632
31,90,-95.000000,200.000000,6.884898
32,90,-90.000000,200.000000,6.863197
33,90,-85.000000,200.000000,6.841841
34,90,-80.000000,200.000000,6.820530
35,90,-75.000000,200.000000,6.799369
36,90,-70.000000,200.000000,6.778207
37,90,-65.000000,200.000000,6.757045
38,90,-60.000000,200.000000,6.736561
39,90,-55.000000,200.000000,6.716692
40,90,-50.000000,200.000000,6.697376
41,90,-45.000000,200.000000,6.678332
42,90,-40.000000,200.000000,6.659288
43,90,-35.000000,200.000000,6.640245
44,90,-30.000000,200.000000,6.622225
45,90,-25.000000,200.000000,6.604335
46,90,-20.000000,200.000000,6.587196
47,90,-15.000000,200.000000,6.570057
48,90,-10.000000,200.000000,6.552918
49,90,-5.000000,200.000000,6.535803
50,90,0.000000,200.000000,6.518725
51,90,5.000000,200.000000,6.501679
52,90,10.000000,200.000000,6.484659
53,90,15.000000,200.000000,6.467639
54,90,20.000000,200.000000,6.450620
55,90,25.000000,200.000000,6.433144
56,90,30.000000,200.000000,6.415576
57,90,35.000000,200.000000,6.397374
58,90,40.000000,200.000000,6.379158
59,90,45.000000,200.000000,6.360941
60,90,50.000000,200.000000,6.342678
61,90,55.000000,200.000000,6.324287
62,90,60.000000,200.000000,6.305791
63,90,65.000000,200.000000,6.287147
64,90,70.000000,200.000000,6.268502
65,90,75.000000,200.000000,6.249857
66,90,80.000000,200.000000,6.231613
67,90,85.000000,200.000000,6.213536
68,90,90.000000,200.000000,6.196333
69,90,95.000000,200.000000,6.179284
70,90,100.000000,200.000000,6.162235
71,90,105.000000,200.000000,6.145289
72,90,110.000000,200.000000,6.128970
73,90,115.000000,200.000000,6.113126
74,90,120.000000,200.000000,6.098468
75,90,125.000000,200.000000,6.083811
76,90,130.000000,200.000000,6.069153
77,90,135.000000,200.000000,6.054606
78,90,140.000000,200.000000,6.040141
79,90,145.000000,200.000000,6.026082
80,90,150.000000,200.000000,6.012179
81,90,155.000000,200.000000,5.998277
82,90,160.000000,200.000000,5.984370
83,90,165.000000,200.000000,5.970144
84,90,170.000000,200.000000,5.955717
85,90,175.000000,200.000000,5.940223
86,90,180.000000,200.000000,5.924728
87,90,185.000000,200.000000,5.909234
88,90,190.000000,200.000000,5.893617
89,90,195.000000,200.000000,5.877851
90,90,200.000000,200.000000,5.861189
91,90,205.000000,200.000000,5.843914
92,90,210.000000,200.000000,5.826640
93,90,215.000000,200.000000,5.809365
94,90,220.000000,200.000000,5.792183
95,90,225.000000,200.000000,5.775040
96,90,230.000000,200.000000,5.758792
97,90,235.000000,200.000000,5.742544
98,90,240.000000,200.000000,5.726296
99,90,245.000000,200.000000,5.710122
100,90,250.000000,200.000000,5.694106
0,91,-250.000000,205.000000,7.510620
1,91,-245.000000,205.000000,7.490337
2,91,-240.000000,205.000000,7.470047
3,91,-235.000000,205.000000,7.449758
4,91,-230.000000,205.000000,7.429469
5,91,-225.000000,205.000000,7.409581
6,91,-220.000000,205.000000,7.389736
7,91,-215.000000,205.000000,7.369930
8,91,-210.000000,205.000000,7.350124
9,91,-205.000000,205.000000,7.330318
10,91,-200.000000,205.000000,7.310721
11,91,-195.000000,205.000000,7.291523
12,91,-190.000000,205.000000,7.272371
13,91,-185.000000,205.000000,7.253268
14,91,-180.000000,205.000000,7.234164
15,91,-175.000000,205.000000,7.215061
16,91,-170.000000,205.000000,7.195816
17,91,-165.000000,205.000000,7.176531
18,91,-160.000000,205.000000,7.157207
19,91,-155.000000,205.000000,7.137880
20,91,-150.000000,205.000000,7.118554
21,91,-145.000000,205.000000,7.099016
22,91,-140.000000,205.000000,7.078713
23,91,-135.000000,205.000000,7.058301
24,91,-130.000000,205.000000,7.037695
25,91,-125.000000,205.000000,7.017089
26,91,-120.000000,205.000000,6.996483
27,91,-115.000000,205.000000,6.975383
28,91,-110.000000,205.000000,6.954019
29,91,-105.000000,205.000000,6.932412
30,91,-100.000000,205.000000,6.910742
31,91,-95.000000,205.000000,6.889072
32,91,-90.000000,205.000000,6.867436
33,91,-85.000000,205.000000,6.846143
34,91,-80.000000,205.000000,6.824895
35,91,-75.000000,205.000000,6.803796
36,91,-70.000000,205.000000,6.782696
37,91,-65.000000,205.000000,6.761596
38,91,-60.000000,205.000000,6.741170
39,91,-55.000000,205.000000,6.721354
40,91,-50.000000,205.000000,6.702088
41,91,-45.000000,205.000000,6.683092
42,91,-40.000000,205.000000,6.664096
43,91,-35.000000,205.000000,6.645100
44,91,-30.000000,205.000000,6.627123
45,91,-25.000000,205.000000,6.609276
46,91,-20.000000,205.000000,6.592175
47,91,-15.000000,205.000000,6.575075
48,91,-10.000000,205.000000,6.557974
49,91,-5.000000,205.000000,6.540900
50,91,0.000000,205.000000,6.523865
51,91,5.000000,205.000000,6.506865
52,91,10.000000,205.000000,6.489894
53,91,15.000000,205.000000,6.472923
54,91,20.000000,205.000000,6.455952
55,91,25.000000,205.000000,6.438534
56,91,30.000000,205.000000,6.421026
57,91,35.000000,205.000000,6.402896
58,91,40.000000,205.000000,6.384751
59,91,45.000000,205.000000,6.366607
60,91,50.000000,205.000000,6.348417
61,91,55.000000,205.000000,6.330104
62,91,60.000000,205.000000,6.311687
63,91,65.000000,205.000000,6.293126
64,91,70.000000,205.000000,6.274565
65,91,75.000000,205.000000,6.256004
66,91,80.000000,205.000000,6.237839
67,91,85.000000,205.000000,6.219840
68,91,90.000000,205.000000,6.202705
69,91,95.000000,205.000000,6.185723
70,91,100.000000,205.000000,6.168740
71,91,105.000000,205.000000,6.151859
72,91,110.000000,205.000000,6.135597
73,91,115.000000,205.000000,6.119804
74,91,120.000000,205.000000,6.105184
75,91,125.000000,205.000000,6.090563
76,91,130.000000,205.000000,6.075942
77,91,135.000000,205.000000,6.061431
78,91,140.000000,205.000000,6.047001
79,91,145.000000,205.000000,6.032975
80,91,150.000000,205.000000,6.019105
81,91,155.000000,205.000000,6.005235
82,91,160.000000,205.000000,5.991360
83,91,165.000000,205.000000,5.977174
84,91,170.000000,205.000000,5.962793
85,91,175.000000,205.000000,5.947369
86,91,180.000000,205.000000,5.931946
87,91,185.000000,205.000000,5.916523
88,91,190.000000,205.000000,5.900982
89,91,195.000000,205.000000,5.885296
90,91,200.000000,205.000000,5.868743
91,91,205.000000,205.000000,5.851597
92,91,210.000000,205.000000,5.834451
93,91,215.000000,205.000000,5.817306
94,91,220.000000,205.000000,5.800255
95,91,225.000000,205.000000,5.783245
96,91,230.000000,205.000000,5.767153
97,91,235.000000,205.000000,5.751062
98,91,240.000000,205.000000,5.734970
99,91,245.000000,205.000000,5.718953
100,91,250.000000,205.000000,5.703092
0,92,-250.000000,210.000000,7.512078
1,92,-245.000000,210.000000,7.491951
2,92,-240.000000,210.000000,7.471818
3,92,-235.000000,210.000000,7.451684
4,92,-230.000000,210.000000,7.431550
5,92,-225.000000,210.000000,7.411786
6,92,-220.000000,210.000000,7.392061
7,92,-215.000000,210.000000,7.372372
8,92,-210.000000,210.000000,7.352683
9,92,-205.000000,210.000000,7.332994
10,92,-200.000000,210.000000,7.313502
11,92,-195.000000,210.000000,7.294387
12,92,-190.000000,210.000000,7.275315
13,92,-185.000000,210.000000,7.256290
14,92,-180.000000,210.000000,7.237265
15,92,-175.000000,210.000000,7.218239
16,92,-170.000000,210.000000,7.199059
17,92,-165.000000,210.000000,7.179835
18,92,-160.000000,210.000000,7.160569
19,92,-155.000000,210.000000,7.141300
20,92,-150.000000,210.000000,7.122031
21,92,-145.000000,210.000000,7.102550
22,92,-140.000000,210.000000,7.082305
23,92,-135.000000,210.000000,7.061951
24,92,-130.000000,210.000000,7.041403
25,92,-125.000000,210.000000,7.020855
26,92,-120.000000,210.000000,7.000307
27,92,-115.000000,210.000000,6.979268
28,92,-110.000000,210.000000,6.957967
29,92,-105.000000,210.000000,6.936424
30,92,-100.000000,210.000000,6.914819
31,92,-95.000000,210.000000,6.893214
32,92,-90.000000,210.000000,6.871643
33,92,-85.000000,210.000000,6.850413
34,92,-80.000000,210.000000,6.829228
35,92,-75.000000,210.000000,6.808190
36,92,-70.000000,210.000000,6.787152
37,92,-65.000000,210.000000,6.766115
38,92,-60.000000,210.000000,6.745746
39,92,-55.000000,210.000000,6.725984
40,92,-50.000000,210.000000,6.706768
41,92,-45.000000,210.000000,6.687821
42,92,-40.000000,210.000000,6.668873
43,92,-35.000000,210.000000,6.649926
44,92,-30.000000,210.000000,6.631993
45,92,-25.000000,210.000000,6.614189
46,92,-20.000000,210.000000,6.597128
47,92,-15.000000,210.000000,6.580067
48,92,-10.000000,210.000000,6.563006
49,92,-5.000000,210.000000,6.545974
50,92,0.000000,210.000000,6.528984
51,92,5.000000,210.000000,6.512032
52,92,10.000000,210.000000,6.495112
53,92,15.000000,210.000000,6.478191
54,92,20.000000,210.000000,6.461271
55,92,25.000000,210.000000,6.443912
56,92,30.000000,210.000000,6.426466
57,92,35.000000,210.000000,6.408410
58,92,40.000000,210.000000,6.390340
59,92,45.000000,210.000000,6.372270
60,92,50.000000,210.000000,6.354156
61,92,55.000000,210.000000,6.335921
62,92,60.000000,210.000000,6.317587
63,92,65.000000,210.000000,6.299112
64,92,70.000000,210.000000,6.280637
65,92,75.000000,210.000000,6.262161
66,92,80.000000,210.000000,6.244078
67,92,85.000000,210.000000,6.226158
68,92,90.000000,210.000000,6.209092
69,92,95.000000,210.000000,6.192178
70,92,100.000000,210.000000,6.175263
71,92,105.000000,210.000000,6.158449
72,92,110.000000,210.000000,6.142245
73,92,115.000000,210.000000,6.126505
74,92,120.000000,210.000000,6.111921
75,92,125.000000,210.000000,6.097338
76,92,130.000000,210.000000,6.082754
77,92,135.000000,210.000000,6.068280
78,92,140.000000,210.000000,6.053886
79,92,145.000000,210.000000,6.039894
80,92,150.000000,210.000000,6.026056
81,92,155.000000,210.000000,6.012218
82,92,160.000000,210.000000,5.998377
83,92,165.000000,210.000000,5.984231
84,92,170.000000,210.000000,5.969896
85,92,175.000000,210.000000,5.954545
86,92,180.000000,210.000000,5.939195
87,92,185.000000,210.000000,5.923844
88,92,190.000000,210.000000,5.908380
89,92,195.000000,210.000000,5.892776
90,92,200.000000,210.000000,5.876334
91,92,205.000000,210.000000,5.859321
92,92,210.000000,210.000000,5.842307
93,92,215.000000,210.000000,5.825293
94,92,220.000000,210.000000,5.808377
95,92,225.000000,210.000000,5.791503
96,92,230.000000,210.000000,5.775572
97,92,235.000000,210.000000,5.759642
98,92,240.000000,210.000000,5.743711
99,92,245.000000,210.000000,5.727854
100,92,250.000000,210.000000,5.712153
0,93,-250.000000,215.000000,7.513536
1,93,-245.000000,215.000000,7.493566
2,93,-240.000000,215.000000,7.473588
3,93,-235.000000,215.000000,7.453610
4,93,-230.000000,215.000000,7.433632
5,93,-225.000000,215.000000,7.413991
6,93,-220.000000,215.000000,7.394387
7,93,-215.000000,215.000000,7.374814
8,93,-210.000000,215.000000,7.355242
9,93,-205.000000,215.000000,7.335669
10,93,-200.000000,215.000000,7.316283
11,93,-195.000000,215.000000,7.297251
12,93,-190.000000,215.000000,7.278260
13,93,-185.000000,215.000000,7.259312
14,93,-180.000000,215.000000,7.240365
15,93,-175.000000,215.000000,7.221417
16,93,-170.000000,215.000000,7.202302
17,93,-165.000000,215.000000,7.183139
18,93,-160.000000,215.000000,7.163931
19,93,-155.000000,215.000000,7.144719
20,93,-150.000000,215.000000,7.125507
21,93,-145.000000,215.000000,7.106084
22,93,-140.000000,215.000000,7.085898
23,93,-135.000000,215.000000,7.065601
24,93,-130.000000,215.000000,7.045111
25,93,-125.000000,215.000000,7.024621
26,93,-120.000000,215.000000,7.004130
27,93,-115.000000,215.000000,6.983153
28,93,-110.000000,215.000000,6.961915
29,93,-105.000000,215.000000,6.940436
30,93,-100.000000,215.000000,6.918896
31,93,-95.000000,215.000000,6.897356
32,93,-90.000000,215.000000,6.875849
33,93,-85.000000,215.000000,6.854682
34,93,-80.000000,215.000000,6.833560
35,93,-75.000000,215.000000,6.812584
36,93,-70.000000,215.000000,6.791609
37,93,-65.000000,215.000000,6.770633
38,93,-60.000000,215.000000,6.750323
39,93,-55.000000,215.000000,6.730614
40,93,-50.000000,215.000000,6.711448
41,93,-45.000000,215.000000,6.692550
42,93,-40.000000,215.000000,6.673651
43,93,-35.000000,215.000000,6.654752
44,93,-30.000000,215.000000,6.636862
45,93,-25.000000,215.000000,6.619102
46,93,-20.000000,215.000000,6.602081
47,93,-15.000000,215.000000,6.585059
48,93,-10.000000,215.000000,6.568038
49,93,-5.000000,215.000000,6.551048
50,93,0.000000,215.000000,6.534104
51,93,5.000000,215.000000,6.517200
52,93,10.000000,215.000000,6.500330
53,93,15.000000,215.000000,6.483460
54,93,20.000000,215.000000,6.466590
55,93,25.000000,215.000000,6.449291
56,93,30.000000,215.000000,6.431906
57,93,35.000000,215.000000,6.413924
58,93,40.000000,215.000000,6.395929
59,93,45.000000,215.000000,6.377933
60,93,50.000000,215.000000,6.359895
61,93,55.000000,215.000000,6.341739
62,93,60.000000,215.000000,6.323487
63,93,65.000000,215.000000,6.305097
64,93,70.000000,215.000000,6.286708
65,93,75.000000,215.000000,6.268318
66,93,80.000000,215.000000,6.250316
67,93,85.000000,215.000000,6.232476
68,93,90.000000,215.000000,6.215480
69,93,95.000000,215.000000,6.198633
70,93,100.000000,215.000000,6.181786
71,93,105.000000,215.000000,6.165038
72,93,110.000000,215.000000,6.148893
73,93,115.000000,215.000000,6.133205
74,93,120.000000,215.000000,6.118659
75,93,125.000000,215.000000,6.104113
76,93,130.000000,215.000000,6.089567
77,93,135.000000,215.000000,6.075129
78,93,140.000000,215.000000,6.060771
79,93,145.000000,215.000000,6.046812
80,93,150.000000,215.000000,6.033007
81,93,155.000000,215.000000,6.019202
82,93,160.000000,215.000000,6.005393
83,93,165.000000,215.000000,5.991289
84,93,170.000000,215.000000,5.976999
85,93,175.000000,215.000000,5.961721
86,93,180.000000,215.000000,5.946443
87,93,185.000000,215.000000,5.931165
88,93,190.000000,215.000000,5.915778
89,93,195.000000,215.000000,5.900255
90,93,200.000000,215.000000,5.883926
91,93,205.000000,215.000000,5.867044
92,93,210.000000,215.000000,5.850163
93,93,215.000000,215.000000,5.833281
94,93,220.000000,215.000000,5.816500
95,93,225.000000,215.000000,5.799761
96,93,230.000000,215.000000,5.783992
97,93,235.000000,215.000000,5.768222
98,93,240.000000,215.000000,5.752452
99,93,245.000000,215.000000,5.736756
100,93,250.000000,215.000000,5.721214
0,94,-250.000000,220.000000,7.514971
1,94,-245.000000,220.000000,7.495155
2,94,-240.000000,220.000000,7.475332
3,94,-235.000000,220.000000,7.455510
4,94,-230.000000,220.000000,7.435687
5,94,-225.000000,220.000000,7.416169
6,94,-220.000000,220.000000,7.396684
7,94,-215.000000,220.000000,7.377228
8,94,-210.000000,220.000000,7.357772
9,94,-205.000000,220.000000,7.338316
10,94,-200.000000,220.000000,7.319034
11,94,-195.000000,220.000000,7.300085
12,94,-190.000000,220.000000,7.281175
13,94,-185.000000,220.000000,7.262305
14,94,-180.000000,220.000000,7.243435
15,94,-175.000000,220.000000,7.224565
16,94,-170.000000,220.000000,7.205514
17,94,-165.000000,220.000000,7.186412
18,94,-160.000000,220.000000,7.167262
19,94,-155.000000,220.000000,7.148107
20,94,-150.000000,220.000000,7.128953
21,94,-145.000000,220.000000,7.109587
22,94,-140.000000,220.000000,7.089457
23,94,-135.000000,220.000000,7.069218
24,94,-130.000000,220.000000,7.048785
25,94,-125.000000,220.000000,7.028352
26,94,-120.000000,220.000000,7.007919
27,94,-115.000000,220.000000,6.987001
28,94,-110.000000,220.000000,6.965824
29,94,-105.000000,220.000000,6.944408
30,94,-100.000000,220.000000,6.922932
31,94,-95.000000,220.000000,6.901455
32,94,-90.000000,220.000000,6.880011
33,94,-85.000000,220.000000,6.858905
34,94,-80.000000,220.000000,6.837845
35,94,-75.000000,220.000000,6.816929
36,94,-70.000000,220.000000,6.796014
37,94,-65.000000,220.000000,6.775099
38,94,-60.000000,220.000000,6.754845
39,94,-55.000000,220.000000,6.735190
40,94,-50.000000,220.000000,6.716073
41,94,-45.000000,220.000000,6.697222
42,94,-40.000000,220.000000,6.678372
43,94,-35.000000,220.000000,6.659521
44,94,-30.000000,220.000000,6.641675
45,94,-25.000000,220.000000,6.623957
46,94,-20.000000,220.000000,6.606976
47,94,-15.000000,220.000000,6.589995
48,94,-10.000000,220.000000,6.573014
49,94,-5.000000,220.000000,6.556066
50,94,0.000000,220.000000,6.539167
51,94,5.000000,220.000000,6.522311
52,94,10.000000,220.000000,6.505492
53,94,15.000000,220.000000,6.488673
54,94,20.000000,220.000000,6.471854
55,94,25.000000,220.000000,6.454615
56,94,30.000000,220.000000,6.437291
57,94,35.000000,220.000000,6.419383
58,94,40.000000,220.000000,6.401461
59,94,45.000000,220.000000,6.383540
60,94,50.000000,220.000000,6.365576
61,94,55.000000,220.000000,6.347499
62,94,60.000000,220.000000,6.329327
63,94,65.000000,220.000000,6.311022
64,94,70.000000,220.000000,6.292717
65,94,75.000000,220.000000,6.274413
66,94,80.000000,220.000000,6.256490
67,94,85.000000,220.000000,6.238728
68,94,90.000000,220.000000,6.221801
69,94,95.000000,220.000000,6.205021
70,94,100.000000,220.000000,6.188241
71,94,105.000000,220.000000,6.171559
72,94,110.000000,220.000000,6.155471
73,94,115.000000,220.000000,6.139836
74,94,120.000000,220.000000,6.125326
75,94,125.000000,220.000000,6.110817
76,94,130.000000,220.000000,6.096308
77,94,135.000000,220.000000,6.081907
78,94,140.000000,220.000000,6.067585
79,94,145.000000,220.000000,6.053660
80,94,150.000000,220.000000,6.039887
81,94,155.000000,220.000000,6.026114
82,94,160.000000,220.000000,6.012338
83,94,165.000000,220.000000,5.998274
84,94,170.000000,220.000000,5.984029
85,94,175.000000,220.000000,5.968823
86,94,180.000000,220.000000,5.953616
87,94,185.000000,220.000000,5.938410
88,94,190.000000,220.000000,5.923098
89,94,195.000000,220.000000,5.907655
90,94,200.000000,220.000000,5.891435
91,94,205.000000,220.000000,5.874683
92,94,210.000000,220.000000,5.857930
93,94,215.000000,220.000000,5.841178
94,94,220.000000,220.000000,5.824528
95,94,225.000000,220.000000,5.807922
96,94,230.000000,220.000000,5.792310
97,94,235.000000,220.000000,5.776697
98,94,240.000000,220.000000,5.761085
99,94,245.000000,220.000000,5.745545
100,94,250.000000,220.000000,5.730160
0,95,-250.000000,225.000000,7.516378
1,95,-245.000000,225.000000,7.496717
2,95,-240.000000,225.000000,7.477049
3,95,-235.000000,225.000000,7.457380
4,95,-230.000000,225.000000,7.437712
5,95,-225.000000,225.000000,7.418317
6,95,-220.000000,225.000000,7.398950
7,95,-215.000000,225.000000,7.379610
8,95,-210.000000,225.000000,7.360270
9,95,-205.000000,225.000000,7.340930
10,95,-200.000000,225.000000,7.321753
11,95,-195.000000,225.000000,7.302886
12,95,-190.000000,225.000000,7.284056
13,95,-185.000000,225.000000,7.265263
14,95,-180.000000,225.000000,7.246471
15,95,-175.000000,225.000000,7.227678
16,95,-170.000000,225.000000,7.208692
17,95,-165.000000,225.000000,7.189651
18,95,-160.000000,225.000000,7.170558
19,95,-155.000000,225.000000,7.151461
20,95,-150.000000,225.000000,7.132363
21,95,-145.000000,225.000000,7.113054
22,95,-140.000000,225.000000,7.092981
23,95,-135.000000,225.000000,7.072798
24,95,-130.000000,225.000000,7.052421
25,95,-125.000000,225.000000,7.032044
26,95,-120.000000,225.000000,7.011667
27,95,-115.000000,225.000000,6.990807
28,95,-110.000000,225.000000,6.969691
29,95,-105.000000,225.000000,6.948336
30,95,-100.000000,225.000000,6.926921
31,95,-95.000000,225.000000,6.905505
32,95,-90.000000,225.000000,6.884123
33,95,-85.000000,225.000000,6.863077
34,95,-80.000000,225.000000,6.842075
35,95,-75.000000,225.000000,6.821219
36,95,-70.000000,225.000000,6.800363
37,95,-65.000000,225.000000,6.779507
38,95,-60.000000,225.000000,6.759308
39,95,-55.000000,225.000000,6.739704
40,95,-50.000000,225.000000,6.720636
41,95,-45.000000,225.000000,6.701833
42,95,-40.000000,225.000000,6.683029
43,95,-35.000000,225.000000,6.664226
44,95,-30.000000,225.000000,6.646423
45,95,-25.000000,225.000000,6.628748
46,95,-20.000000,225.000000,6.611808
47,95,-15.000000,225.000000,6.594867
48,95,-10.000000,225.000000,6.577927
49,95,-5.000000,225.000000,6.561021
50,95,0.000000,225.000000,6.544168
51,95,5.000000,225.000000,6.527361
52,95,10.000000,225.000000,6.510593
53,95,15.000000,225.000000,6.493825
54,95,20.000000,225.000000,6.477057
55,95,25.000000,225.000000,6.459878
56,95,30.000000,225.000000,6.442615
57,95,35.000000,225.000000,6.424780
58,95,40.000000,225.000000,6.406932
59,95,45.000000,225.000000,6.389083
60,95,50.000000,225.000000,6.371194
61,95,55.000000,225.000000,6.353194
62,95,60.000000,225.000000,6.335102
63,95,65.000000,225.000000,6.316880
64,95,70.000000,225.000000,6.298658
65,95,75.000000,225.000000,6.280436
66,95,80.000000,225.000000,6.262593
67,95,85.000000,225.000000,6.244908
68,95,90.000000,225.000000,6.228048
69,95,95.000000,225.000000,6.211334
70,95,100.000000,225.000000,6.194620
71,95,105.000000,225.000000,6.178002
72,95,110.000000,225.000000,6.161972
73,95,115.000000,225.000000,6.146387
74,95,120.000000,225.000000,6.131915
75,95,125.000000,225.000000,6.117443
76,95,130.000000,225.000000,6.102971
77,95,135.000000,225.000000,6.088606
78,95,140.000000,225.000000,6.074320
79,95,145.000000,225.000000,6.060428
80,95,150.000000,225.000000,6.046687
81,95,155.000000,225.000000,6.032947
82,95,160.000000,225.000000,6.019203
83,95,165.000000,225.000000,6.005179
84,95,170.000000,225.000000,5.990979
85,95,175.000000,225.000000,5.975842
86,95,180.000000,225.000000,5.960706
87,95,185.000000,225.000000,5.945569
88,95,190.000000,225.000000,5.930331
89,95,195.000000,225.000000,5.914967
90,95,200.000000,225.000000,5.898853
91,95,205.000000,225.000000,5.882226
92,95,210.000000,225.000000,5.865599
93,95,215.000000,225.000000,5.848973
94,95,220.000000,225.000000,5.832451
95,95,225.000000,225.000000,5.815975
96,95,230.000000,225.000000,5.800515
97,95,235.000000,225.000000,5.785056
98,95,240.000000,225.000000,5.769597
99,95,245.000000,225.000000,5.754210
100,95,250.000000,225.000000,5.738976
0,96,-250.000000,230.000000,7.517237
1,96,-245.000000,230.000000,7.497717
2,96,-240.000000,230.000000,7.478189
3,96,-235.000000,230.000000,7.458661
4,96,-230.000000,230.000000,7.439133
5,96,-225.000000,230.000000,7.419848
6,96,-220.000000,230.000000,7.400589
7,96,-215.000000,230.000000,7.381354
8,96,-210.000000,230.000000,7.362118
9,96,-205.000000,230.000000,7.342883
10,96,-200.000000,230.000000,7.323802
11,96,-195.000000,230.000000,7.305014
12,96,-190.000000,230.000000,7.286260
13,96,-185.000000,230.000000,7.267542
14,96,-180.000000,230.000000,7.248824
15,96,-175.000000,230.000000,7.230106
16,96,-170.000000,230.000000,7.211180
17,96,-165.000000,230.000000,7.192196
18,96,-160.000000,230.000000,7.173156
19,96,-155.000000,230.000000,7.154112
20,96,-150.000000,230.000000,7.135067
21,96,-145.000000,230.000000,7.115808
22,96,-140.000000,230.000000,7.095775
23,96,-135.000000,230.000000,7.075631
24,96,-130.000000,230.000000,7.055290
25,96,-125.000000,230.000000,7.034949
26,96,-120.000000,230.000000,7.014609
27,96,-115.000000,230.000000,6.993780
28,96,-110.000000,230.000000,6.972692
29,96,-105.000000,230.000000,6.951363
30,96,-100.000000,230.000000,6.929973
31,96,-95.000000,230.000000,6.908583
32,96,-90.000000,230.000000,6.887225
33,96,-85.000000,230.000000,6.866204
34,96,-80.000000,230.000000,6.845226
35,96,-75.000000,230.000000,6.824394
36,96,-70.000000,230.000000,6.803562
37,96,-65.000000,230.000000,6.782729
38,96,-60.000000,230.000000,6.762557
39,96,-55.000000,230.000000,6.742983
40,96,-50.000000,230.000000,6.723948
41,96,-45.000000,230.000000,6.705178
42,96,-40.000000,230.000000,6.686409
43,96,-35.000000,230.000000,6.667639
44,96,-30.000000,230.000000,6.649878
45,96,-25.000000,230.000000,6.632246
46,96,-20.000000,230.000000,6.615353
47,96,-15.000000,230.000000,6.598461
48,96,-10.000000,230.000000,6.581569
49,96,-5.000000,230.000000,6.564713
50,96,0.000000,230.000000,6.547914
51,96,5.000000,230.000000,6.531163
52,96,10.000000,230.000000,6.514453
53,96,15.000000,230.000000,6.497743
54,96,20.000000,230.000000,6.481033
55,96,25.000000,230.000000,6.463912
56,96,30.000000,230.000000,6.446708
57,96,35.000000,230.000000,6.428932
58,96,40.000000,230.000000,6.411144
59,96,45.000000,230.000000,6.393355
60,96,50.000000,230.000000,6.375525
61,96,55.000000,230.000000,6.357582
62,96,60.000000,230.000000,6.339546
63,96,65.000000,230.000000,6.321378
64,96,70.000000,230.000000,6.303210
65,96,75.000000,230.000000,6.285042
66,96,80.000000,230.000000,6.267250
67,96,85.000000,230.000000,6.249616
68,96,90.000000,230.000000,6.232801
69,96,95.000000,230.000000,6.216131
70,96,100.000000,230.000000,6.199461
71,96,105.000000,230.000000,6.182887
72,96,110.000000,230.000000,6.166898
73,96,115.000000,230.000000,6.151353
74,96,120.000000,230.000000,6.136915
75,96,125.000000,230.000000,6.122476
76,96,130.000000,230.000000,6.108038
77,96,135.000000,230.000000,6.093706
78,96,140.000000,230.000000,6.079453
79,96,145.000000,230.000000,6.065592
80,96,150.000000,230.000000,6.051881
81,96,155.000000,230.000000,6.038171
82,96,160.000000,230.000000,6.024456
83,96,165.000000,230.000000,6.010464
84,96,170.000000,230.000000,5.996296
85,96,175.000000,230.000000,5.981199
86,96,180.000000,230.000000,5.966101
87,96,185.000000,230.000000,5.951003
88,96,190.000000,230.000000,5.935805
89,96,195.000000,230.000000,5.920482
90,96,200.000000,230.000000,5.904420
91,96,205.000000,230.000000,5.887851
92,96,210.000000,230.000000,5.871282
93,96,215.000000,230.000000,5.854713
94,96,220.000000,230.000000,5.838250
95,96,225.000000,230.000000,5.821833
96,96,230.000000,230.000000,5.806444
97,96,235.000000,230.000000,5.791055
98,96,240.000000,230.000000,5.775666
99,96,245.000000,230.000000,5.760349
100,96,250.000000,230.000000,5.745185
0,97,-250.000000,235.000000,7.517938
1,97,-245.000000,235.000000,7.498554
2,97,-240.000000,235.000000,7.479162
3,97,-235.000000,235.000000,7.459770
4,97,-230.000000,235.000000,7.440378
5,97,-225.000000,235.000000,7.421200
6,97,-220.000000,235.000000,7.402046
7,97,-215.000000,235.000000,7.382912
8,97,-210.000000,235.000000,7.363778
9,97,-205.000000,235.000000,7.344644
10,97,-200.000000,235.000000,7.325656
11,97,-195.000000,235.000000,7.306945
12,97,-190.000000,235.000000,7.288267
13,97,-185.000000,235.000000,7.269622
14,97,-180.000000,235.000000,7.250978
15,97,-175.000000,235.000000,7.232333
16,97,-170.000000,235.000000,7.213468
17,97,-165.000000,235.000000,7.194539
18,97,-160.000000,235.000000,7.175551
19,97,-155.000000,235.000000,7.156558
20,97,-150.000000,235.000000,7.137565
21,97,-145.000000,235.000000,7.118354
22,97,-140.000000,235.000000,7.098357
23,97,-135.000000,235.000000,7.078246
24,97,-130.000000,235.000000,7.057936
25,97,-125.000000,235.000000,7.037626
26,97,-120.000000,235.000000,7.017316
27,97,-115.000000,235.000000,6.996510
28,97,-110.000000,235.000000,6.975442
29,97,-105.000000,235.000000,6.954128
30,97,-100.000000,235.000000,6.932752
31,97,-95.000000,235.000000,6.911376
32,97,-90.000000,235.000000,6.890033
33,97,-85.000000,235.000000,6.869026
34,97,-80.000000,235.000000,6.848063
35,97,-75.000000,235.000000,6.827244
36,97,-70.000000,235.000000,6.806425
37,97,-65.000000,235.000000,6.785607
38,97,-60.000000,235.000000,6.765453
39,97,-55.000000,235.000000,6.745903
40,97,-50.000000,235.000000,6.726896
41,97,-45.000000,235.000000,6.708156
42,97,-40.000000,235.000000,6.689416
43,97,-35.000000,235.000000,6.670676
44,97,-30.000000,235.000000,6.652956
45,97,-25.000000,235.000000,6.635366
46,97,-20.000000,235.000000,6.618525
47,97,-15.000000,235.000000,6.601683
48,97,-10.000000,235.000000,6.584841
49,97,-5.000000,235.000000,6.568038
50,97,0.000000,235.000000,6.551293
51,97,5.000000,235.000000,6.534600
52,97,10.000000,235.000000,6.517950
53,97,15.000000,235.000000,6.501301
54,97,20.000000,235.000000,6.484651
55,97,25.000000,235.000000,6.467588
56,97,30.000000,235.000000,6.450443
57,97,35.000000,235.000000,6.432722
58,97,40.000000,235.000000,6.414989
59,97,45.000000,235.000000,6.397256
60,97,50.000000,235.000000,6.379480
61,97,55.000000,235.000000,6.361589
62,97,60.000000,235.000000,6.343602
63,97,65.000000,235.000000,6.325479
64,97,70.000000,235.000000,6.307357
65,97,75.000000,235.000000,6.289235
66,97,80.000000,235.000000,6.271487
67,97,85.000000,235.000000,6.253895
68,97,90.000000,235.000000,6.237119
69,97,95.000000,235.000000,6.220487
70,97,100.000000,235.000000,6.203856
71,97,105.000000,235.000000,6.187319
72,97,110.000000,235.000000,6.171367
73,97,115.000000,235.000000,6.155857
74,97,120.000000,235.000000,6.141451
75,97,125.000000,235.000000,6.127046
76,97,130.000000,235.000000,6.112641
77,97,135.000000,235.000000,6.098341
78,97,140.000000,235.000000,6.084120
79,97,145.000000,235.000000,6.070289
80,97,150.000000,235.000000,6.056607
81,97,155.000000,235.000000,6.042926
82,97,160.000000,235.000000,6.029241
83,97,165.000000,235.000000,6.015277
84,97,170.000000,235.000000,6.001139
85,97,175.000000,235.000000,5.986071
86,97,180.000000,235.000000,5.971003
87,97,185.000000,235.000000,5.955935
88,97,190.000000,235.000000,5.940767
89,97,195.000000,235.000000,5.925476
90,97,200.000000,235.000000,5.909448
91,97,205.000000,235.000000,5.892917
92,97,210.000000,235.000000,5.876386
93,97,215.000000,235.000000,5.859855
94,97,220.000000,235.000000,5.843431
95,97,225.000000,235.000000,5.827053
96,97,230.000000,235.000000,5.811710
97,97,235.000000,235.000000,5.796367
98,97,240.000000,235.000000,5.781025
99,97,245.000000,235.000000,5.765754
100,97,250.000000,235.000000,5.750636
0,98,-250.000000,240.000000,7.518638
1,98,-245.000000,240.000000,7.499391
2,98,-240.000000,240.000000,7.480135
3,98,-235.000000,240.000000,7.460879
4,98,-230.000000,240.000000,7.441623
5,98,-225.000000,240.000000,7.422553
6,98,-220.000000,240.000000,7.403502
7,98,-215.000000,240.000000,7.384470
8,98,-210.000000,240.000000,7.365438
9,98,-205.000000,240.000000,7.346405
10,98,-200.000000,240.000000,7.327511
11,98,-195.000000,240.000000,7.308877
12,98,-190.000000,240.000000,7.290274
13,98,-185.000000,240.000000,7.271703
14,98,-180.000000,240.000000,7.253132
15,98,-175.000000,240.000000,7.234561
16,98,-170.000000,240.000000,7.215755
17,98,-165.000000,240.000000,7.196883
18,98,-160.000000,240.000000,7.177946
19,98,-155.000000,240.000000,7.159005
20,98,-150.000000,240.000000,7.140063
21,98,-145.000000,240.000000,7.120900
22,98,-140.000000,240.000000,7.100938
23,98,-135.000000,240.000000,7.080861
24,98,-130.000000,240.000000,7.060582
25,98,-125.000000,240.000000,7.040302
26,98,-120.000000,240.000000,7.020023
27,98,-115.000000,240.000000,6.999240
28,98,-110.000000,240.000000,6.978191
29,98,-105.000000,240.000000,6.956893
30,98,-100.000000,240.000000,6.935532
31,98,-95.000000,240.000000,6.914170
32,98,-90.000000,240.000000,6.892842
33,98,-85.000000,240.000000,6.871848
34,98,-80.000000,240.000000,6.850899
35,98,-75.000000,240.000000,6.830094
36,98,-70.000000,240.000000,6.809289
37,98,-65.000000,240.000000,6.788484
38,98,-60.000000,240.000000,6.768350
39,98,-55.000000,240.000000,6.748823
40,98,-50.000000,240.000000,6.729844
41,98,-45.000000,240.000000,6.711134
42,98,-40.000000,240.000000,6.692423
43,98,-35.000000,240.000000,6.673713
44,98,-30.000000,240.000000,6.656034
45,98,-25.000000,240.000000,6.638487
46,98,-20.000000,240.000000,6.621696
47,98,-15.000000,240.000000,6.604904
48,98,-10.000000,240.000000,6.588113
49,98,-5.000000,240.000000,6.571362
50,98,0.000000,240.000000,6.554673
51,98,5.000000,240.000000,6.538038
52,98,10.000000,240.000000,6.521448
53,98,15.000000,240.000000,6.504859
54,98,20.000000,240.000000,6.488269
55,98,25.000000,240.000000,6.471265
56,98,30.000000,240.000000,6.454177
57,98,35.000000,240.000000,6.436512
58,98,40.000000,240.000000,6.418835
59,98,45.000000,240.000000,6.401157
60,98,50.000000,240.000000,6.383436
61,98,55.000000,240.000000,6.365596
62,98,60.000000,240.000000,6.347658
63,98,65.000000,240.000000,6.329581
64,98,70.000000,240.000000,6.311504
65,98,75.000000,240.000000,6.293428
66,98,80.000000,240.000000,6.275723
67,98,85.000000,240.000000,6.258174
68,98,90.000000,240.000000,6.241437
69,98,95.000000,240.000000,6.224844
70,98,100.000000,240.000000,6.208250
71,98,105.000000,240.000000,6.191751
72,98,110.000000,240.000000,6.175835
73,98,115.000000,240.000000,6.160361
74,98,120.000000,240.000000,6.145988
75,98,125.000000,240.000000,6.131616
76,98,130.000000,240.000000,6.117243
77,98,135.000000,240.000000,6.102977
78,98,140.000000,240.000000,6.088787
79,98,145.000000,240.000000,6.074986
80,98,150.000000,240.000000,6.061333
81,98,155.000000,240.000000,6.047681
82,98,160.000000,240.000000,6.034025
83,98,165.000000,240.000000,6.020090
84,98,170.000000,240.000000,6.005981
85,98,175.000000,240.000000,5.990943
86,98,180.000000,240.000000,5.975905
87,98,185.000000,240.000000,5.960867
88,98,190.000000,240.000000,5.945729
89,98,195.000000,240.000000,5.930469
90,98,200.000000,240.000000,5.914476
91,98,205.000000,240.000000,5.897983
92,98,210.000000,240.000000,5.881490
93,98,215.000000,240.000000,5.864997
94,98,220.000000,240.000000,5.848612
95,98,225.000000,240.000000,5.832272
96,98,230.000000,240.000000,5.816976
97,98,235.000000,240.000000,5.801680
98,98,240.000000,240.000000,5.786383
99,98,245.000000,240.000000,5.771159
100,98,250.000000,240.000000,5.756087
0,99,-250.000000,245.000000,7.519337
1,99,-245.000000,245.000000,7.500225
2,99,-240.000000,245.000000,7.481105
3,99,-235.000000,245.000000,7.461985
4,99,-230.000000,245.000000,7.442864
5,99,-225.000000,245.000000,7.423902
6,99,-220.000000,245.000000,7.404955
7,99,-215.000000,245.000000,7.386025
8,99,-210.000000,245.000000,7.367094
9,99,-205.000000,245.000000,7.348163
10,99,-200.000000,245.000000,7.329361
11,99,-195.000000,245.000000,7.310805
12,99,-190.000000,245.000000,7.292277
13,99,-185.000000,245.000000,7.273780
14,99,-180.000000,245.000000,7.255282
15,99,-175.000000,245.000000,7.236785
16,99,-170.000000,245.000000,7.218038
17,99,-165.000000,245.000000,7.199221
18,99,-160.000000,245.000000,7.180336
19,99,-155.000000,245.000000,7.161446
20,99,-150.000000,245.000000,7.142556
21,99,-145.000000,245.000000,7.123442
22,99,-140.000000,245.000000,7.103515
23,99,-135.000000,245.000000,7.083472
24,99,-130.000000,245.000000,7.063222
25,99,-125.000000,245.000000,7.042973
26,99,-120.000000,245.000000,7.022724
27,99,-115.000000,245.000000,7.001965
28,99,-110.000000,245.000000,6.980934
29,99,-105.000000,245.000000,6.959651
30,99,-100.000000,245.000000,6.938304
31,99,-95.000000,245.000000,6.916957
32,99,-90.000000,245.000000,6.895643
33,99,-85.000000,245.000000,6.874663
34,99,-80.000000,245.000000,6.853728
35,99,-75.000000,245.000000,6.832936
36,99,-70.000000,245.000000,6.812144
37,99,-65.000000,245.000000,6.791353
38,99,-60.000000,245.000000,6.771237
39,99,-55.000000,245.000000,6.751734
40,99,-50.000000,245.000000,6.732782
41,99,-45.000000,245.000000,6.714102
42,99,-40.000000,245.000000,6.695421
43,99,-35.000000,245.000000,6.676741
44,99,-30.000000,245.000000,6.659103
45,99,-25.000000,245.000000,6.641598
46,99,-20.000000,245.000000,6.624857
47,99,-15.000000,245.000000,6.608116
48,99,-10.000000,245.000000,6.591375
49,99,-5.000000,245.000000,6.574677
50,99,0.000000,245.000000,6.558043
51,99,5.000000,245.000000,6.541466
52,99,10.000000,245.000000,6.524936
53,99,15.000000,245.000000,6.508407
54,99,20.000000,245.000000,6.491877
55,99,25.000000,245.000000,6.474931
56,99,30.000000,245.000000,6.457901
57,99,35.000000,245.000000,6.440292
58,99,40.000000,245.000000,6.422670
59,99,45.000000,245.000000,6.405047
60,99,50.000000,245.000000,6.387380
61,99,55.000000,245.000000,6.369591
62,99,60.000000,245.000000,6.351702
63,99,65.000000,245.000000,6.333671
64,99,70.000000,245.000000,6.315640
65,99,75.000000,245.000000,6.297608
66,99,80.000000,245.000000,6.279947
67,99,85.000000,245.000000,6.262441
68,99,90.000000,245.000000,6.245742
69,99,95.000000,245.000000,6.229186
70,99,100.000000,245.000000,6.212630
71,99,105.000000,245.000000,6.196169
72,99,110.000000,245.000000,6.180289
73,99,115.000000,245.000000,6.164850
74,99,120.000000,245.000000,6.150510
75,99,125.000000,245.000000,6.136171
76,99,130.000000,245.000000,6.121831
77,99,135.000000,245.000000,6.107597
78,99,140.000000,245.000000,6.093439
79,99,145.000000,245.000000,6.079667
80,99,150.000000,245.000000,6.066044
81,99,155.000000,245.000000,6.052420
82,99,160.000000,245.000000,6.038793
83,99,165.000000,245.000000,6.024888
84,99,170.000000,245.000000,6.010808
85,99,175.000000,245.000000,5.995799
86,99,180.000000,245.000000,5.980790
87,99,185.000000,245.000000,5.965781
88,99,190.000000,245.000000,5.950673
89,99,195.000000,245.000000,5.935444
90,99,200.000000,245.000000,5.919486
91,99,205.000000,245.000000,5.903030
92,99,210.000000,245.000000,5.886574
93,99,215.000000,245.000000,5.870118
94,99,220.000000,245.000000,5.853770
95,99,225.000000,245.000000,5.837469
96,99,230.000000,245.000000,5.822218
97,99,235.000000,245.000000,5.806967
98,99,240.000000,245.000000,5.791716
99,99,245.000000,245.000000,5.776536
100,99,250.000000,245.000000,5.761509
0,100,-250.000000,250.000000,7.520032
1,100,-245.000000,250.000000,7.501056
2,100,-240.000000,250.000000,7.482071
3,100,-235.000000,250.000000,7.463086
4,100,-230.000000,250.000000,7.444101
5,100,-225.000000,250.000000,7.425245
6,100,-220.000000,250.000000,7.406403
7,100,-215.000000,250.000000,7.387573
8,100,-210.000000,250.000000,7.368743
9,100,-205.000000,250.000000,7.349913
10,100,-200.000000,250.000000,7.331204
11,100,-195.000000,250.000000,7.312725
12,100,-190.000000,250.000000,7.294273
13,100,-185.000000,250.000000,7.275849
14,100,-180.000000,250.000000,7.257425
15,100,-175.000000,250.000000,7.239001
16,100,-170.000000,250.000000,7.220313
17,100,-165.000000,250.000000,7.201552
18,100,-160.000000,250.000000,7.182719
19,100,-155.000000,250.000000,7.163880
20,100,-150.000000,250.000000,7.145042
21,100,-145.000000,250.000000,7.125975
22,100,-140.000000,250.000000,7.106083
23,100,-135.000000,250.000000,7.086073
24,100,-130.000000,250.000000,7.065854
25,100,-125.000000,250.000000,7.045635
26,100,-120.000000,250.000000,7.025416
27,100,-115.000000,250.000000,7.004680
28,100,-110.000000,250.000000,6.983667
29,100,-105.000000,250.000000,6.962399
30,100,-100.000000,250.000000,6.941066
31,100,-95.000000,250.000000,6.919733
32,100,-90.000000,250.000000,6.898432
33,100,-85.000000,250.000000,6.877466
34,100,-80.000000,250.000000,6.856543
35,100,-75.000000,250.000000,6.835765
36,100,-70.000000,250.000000,6.814986
37,100,-65.000000,250.000000,6.794207
38,100,-60.000000,250.000000,6.774110
39,100,-55.000000,250.000000,6.754630
40,100,-50.000000,250.000000,6.735705
41,100,-45.000000,250.000000,6.717055
42,100,-40.000000,250.000000,6.698404
43,100,-35.000000,250.000000,6.679753
44,100,-30.000000,250.000000,6.662156
45,100,-25.000000,250.000000,6.644693
46,100,-20.000000,250.000000,6.628003
47,100,-15.000000,250.000000,6.611312
48,100,-10.000000,250.000000,6.594622
49,100,-5.000000,250.000000,6.577976
50,100,0.000000,250.000000,6.561398
51,100,5.000000,250.000000,6.544878
52,100,10.000000,250.000000,6.528409
53,100,15.000000,250.000000,6.511939
54,100,20.000000,250.000000,6.495469
55,100,25.000000,250.000000,6.478581
56,100,30.000000,250.000000,6.461609
57,100,35.000000,250.000000,6.444055
58,100,40.000000,250.000000,6.426488
59,100,45.000000,250.000000,6.408920
60,100,50.000000,250.000000,6.391307
61,100,55.000000,250.000000,6.373569
62,100,60.000000,250.000000,6.355728
63,100,65.000000,250.000000,6.337741
64,100,70.000000,250.000000,6.319754
65,100,75.000000,250.000000,6.301768
66,100,80.000000,250.000000,6.284149
67,100,85.000000,250.000000,6.266685
68,100,90.000000,250.000000,6.250024
69,100,95.000000,250.000000,6.233506
70,100,100.000000,250.000000,6.216987
71,100,105.000000,250.000000,6.200563
72,100,110.000000,250.000000,6.184719
73,100,115.000000,250.000000,6.169315
74,100,120.000000,250.000000,6.155008
75,100,125.000000,250.000000,6.140701
76,100,130.000000,250.000000,6.126394
77,100,135.000000,250.000000,6.112192
78,100,140.000000,250.000000,6.098066
79,100,145.000000,250.000000,6.084324
80,100,150.000000,250.000000,6.070729
81,100,155.000000,250.000000,6.057134
82,100,160.000000,250.000000,6.043536
83,100,165.000000,250.000000,6.029659
84,100,170.000000,250.000000,6.015608
85,100,175.000000,250.000000,6.000628
86,100,180.000000,250.000000,5.985648
87,100,185.000000,250.000000,5.970668
88,100,190.000000,250.000000,5.955589
89,100,195.000000,250.000000,5.940389
90,100,200.000000,250.000000,5.924464
91,100,205.000000,250.000000,5.908044
92,100,210.000000,250.000000,5.891624
93,100,215.000000,250.000000,5.875203
94,100,220.000000,250.000000,5.858892
95,100,225.000000,250.000000,5.842628
96,100,230.000000,250.000000,5.827421
97,100,235.000000,250.000000,5.812213
98,100,240.000000,250.000000,5.797006
99,100,245.000000,250.000000,5.781870
100,100,250.000000,250.000000,5.766887
