ix,iy,x_m,y_m,depth_m
0,0,-250.000000,-250.000000,9.341297
1,0,-245.000000,-250.000000,9.294162
2,0,-240.000000,-250.000000,9.245299
3,0,-235.000000,-250.000000,9.196411
4,0,-230.000000,-250.000000,9.147416
5,0,-225.000000,-250.000000,9.098421
6,0,-220.000000,-250.000000,9.049426
7,0,-215.000000,-250.000000,8.999763
8,0,-210.000000,-250.000000,8.949375
9,0,-205.000000,-250.000000,8.898871
10,0,-200.000000,-250.000000,8.848295
11,0,-195.000000,-250.000000,8.797720
12,0,-190.000000,-250.000000,8.747145
13,0,-185.000000,-250.000000,8.695408
14,0,-180.000000,-250.000000,8.643548
15,0,-175.000000,-250.000000,8.591445
16,0,-170.000000,-250.000000,8.539342
17,0,-165.000000,-250.000000,8.487239
18,0,-160.000000,-250.000000,8.434682
19,0,-155.000000,-250.000000,8.381290
20,0,-150.000000,-250.000000,8.327716
21,0,-145.000000,-250.000000,8.273958
22,0,-140.000000,-250.000000,8.220201
23,0,-135.000000,-250.000000,8.166443
24,0,-130.000000,-250.000000,8.111626
25,0,-125.000000,-250.000000,8.056522
26,0,-120.000000,-250.000000,8.000950
27,0,-115.000000,-250.000000,7.945345
28,0,-110.000000,-250.000000,7.889740
29,0,-105.000000,-250.000000,7.833836
30,0,-100.000000,-250.000000,7.776894
31,0,-95.000000,-250.000000,7.719717
32,0,-90.000000,-250.000000,7.662140
33,0,-85.000000,-250.000000,7.604562
34,0,-80.000000,-250.000000,7.546985
35,0,-75.000000,-250.000000,7.488638
36,0,-70.000000,-250.000000,7.429894
37,0,-65.000000,-250.000000,7.370592
38,0,-60.000000,-250.000000,7.311155
39,0,-55.000000,-250.000000,7.251717
40,0,-50.000000,-250.000000,7.192205
41,0,-45.000000,-250.000000,7.131980
42,0,-40.000000,-250.000000,7.071615
43,0,-35.000000,-250.000000,7.010811
44,0,-30.000000,-250.000000,6.950007
45,0,-25.000000,-250.000000,6.889202
46,0,-20.000000,-250.000000,6.828239
47,0,-15.000000,-250.000000,6.767136
48,0,-10.000000,-250.000000,6.705850
49,0,-5.000000,-250.000000,6.644477
50,0,0.000000,-250.000000,6.583104
51,0,5.000000,-250.000000,6.521731
52,0,10.000000,-250.000000,6.460350
53,0,15.000000,-250.000000,6.398967
54,0,20.000000,-250.000000,6.337576
55,0,25.000000,-250.000000,6.276184
56,0,30.000000,-250.000000,6.214793
57,0,35.000000,-250.000000,6.153277
58,0,40.000000,-250.000000,6.091579
59,0,45.000000,-250.000000,6.029650
60,0,50.000000,-250.000000,5.967534
61,0,55.000000,-250.000000,5.905417
62,0,60.000000,-250.000000,5.843300
63,0,65.000000,-250.000000,5.780139
64,0,70.000000,-250.000000,5.716778
65,0,75.000000,-250.000000,5.651357
66,0,80.000000,-250.000000,5.585904
67,0,85.000000,-250.000000,5.520451
68,0,90.000000,-250.000000,5.454416
69,0,95.000000,-250.000000,5.386849
70,0,100.000000,-250.000000,5.317409
71,0,105.000000,-250.000000,5.245390
72,0,110.000000,-250.000000,5.173371
73,0,115.000000,-250.000000,5.101352
74,0,120.000000,-250.000000,5.028093
75,0,125.000000,-250.000000,4.954330
76,0,130.000000,-250.000000,4.876552
77,0,135.000000,-250.000000,4.798102
78,0,140.000000,-250.000000,4.719652
79,0,145.000000,-250.000000,4.641245
80,0,150.000000,-250.000000,4.563085
81,0,155.000000,-250.000000,4.485225
82,0,160.000000,-250.000000,4.408091
83,0,165.000000,-250.000000,4.330957
84,0,170.000000,-250.000000,4.253823
85,0,175.000000,-250.000000,4.178242
86,0,180.000000,-250.000000,4.103769
87,0,185.000000,-250.000000,4.038800
88,0,190.000000,-250.000000,3.977368
89,0,195.000000,-250.000000,3.915937
90,0,200.000000,-250.000000,3.854569
91,0,205.000000,-250.000000,3.796434
92,0,210.000000,-250.000000,3.742333
93,0,215.000000,-250.000000,3.708686
94,0,220.000000,-250.000000,3.675039
95,0,225.000000,-250.000000,3.641393
96,0,230.000000,-250.000000,3.608582
97,0,235.000000,-250.000000,3.576770
98,0,240.000000,-250.000000,3.560117
99,0,245.000000,-250.000000,3.553538
100,0,250.000000,-250.000000,3.546959
0,1,-250.000000,-245.000000,9.342541
1,1,-245.000000,-245.000000,9.295225
2,1,-240.000000,-245.000000,9.246189
3,1,-235.000000,-245.000000,9.197129
4,1,-230.000000,-245.000000,9.147963
5,1,-225.000000,-245.000000,9.098796
6,1,-220.000000,-245.000000,9.049630
7,1,-215.000000,-245.000000,8.999794
8,1,-210.000000,-245.000000,8.949232
9,1,-205.000000,-245.000000,8.898552
10,1,-200.000000,-245.000000,8.847801
11,1,-195.000000,-245.000000,8.797051
12,1,-190.000000,-245.000000,8.746300
13,1,-185.000000,-245.000000,8.694372
14,1,-180.000000,-245.000000,8.642320
15,1,-175.000000,-245.000000,8.590021
16,1,-170.000000,-245.000000,8.537722
17,1,-165.000000,-245.000000,8.485423
18,1,-160.000000,-245.000000,8.432658
19,1,-155.000000,-245.000000,8.379035
20,1,-150.000000,-245.000000,8.325226
21,1,-145.000000,-245.000000,8.271229
22,1,-140.000000,-245.000000,8.217232
23,1,-135.000000,-245.000000,8.163235
24,1,-130.000000,-245.000000,8.108134
25,1,-125.000000,-245.000000,8.052736
26,1,-120.000000,-245.000000,7.996852
27,1,-115.000000,-245.000000,7.940933
28,1,-110.000000,-245.000000,7.885013
29,1,-105.000000,-245.000000,7.828779
30,1,-100.000000,-245.000000,7.771448
31,1,-95.000000,-245.000000,7.713871
32,1,-90.000000,-245.000000,7.655870
33,1,-85.000000,-245.000000,7.597870
34,1,-80.000000,-245.000000,7.539869
35,1,-75.000000,-245.000000,7.481046
36,1,-70.000000,-245.000000,7.421798
37,1,-65.000000,-245.000000,7.361954
38,1,-60.000000,-245.000000,7.301965
39,1,-55.000000,-245.000000,7.241975
40,1,-50.000000,-245.000000,7.181905
41,1,-45.000000,-245.000000,7.121071
42,1,-40.000000,-245.000000,7.060087
43,1,-35.000000,-245.000000,6.998631
44,1,-30.000000,-245.000000,6.937175
45,1,-25.000000,-245.000000,6.875719
46,1,-20.000000,-245.000000,6.814110
47,1,-15.000000,-245.000000,6.752367
48,1,-10.000000,-245.000000,6.690448
49,1,-5.000000,-245.000000,6.628445
50,1,0.000000,-245.000000,6.566442
51,1,5.000000,-245.000000,6.504439
52,1,10.000000,-245.000000,6.442541
53,1,15.000000,-245.000000,6.380660
54,1,20.000000,-245.000000,6.318884
55,1,25.000000,-245.000000,6.257109
56,1,30.000000,-245.000000,6.195333
57,1,35.000000,-245.000000,6.133521
58,1,40.000000,-245.000000,6.071654
59,1,45.000000,-245.000000,6.009718
60,1,50.000000,-245.000000,5.947726
61,1,55.000000,-245.000000,5.885734
62,1,60.000000,-245.000000,5.823742
63,1,65.000000,-245.000000,5.760921
64,1,70.000000,-245.000000,5.697942
65,1,75.000000,-245.000000,5.633326
66,1,80.000000,-245.000000,5.568685
67,1,85.000000,-245.000000,5.504044
68,1,90.000000,-245.000000,5.438881
69,1,95.000000,-245.000000,5.372342
70,1,100.000000,-245.000000,5.304121
71,1,105.000000,-245.000000,5.233585
72,1,110.000000,-245.000000,5.163050
73,1,115.000000,-245.000000,5.092514
74,1,120.000000,-245.000000,5.020820
75,1,125.000000,-245.000000,4.948657
76,1,130.000000,-245.000000,4.872745
77,1,135.000000,-245.000000,4.796207
78,1,140.000000,-245.000000,4.719669
79,1,145.000000,-245.000000,4.643173
80,1,150.000000,-245.000000,4.566926
81,1,155.000000,-245.000000,4.490982
82,1,160.000000,-245.000000,4.415766
83,1,165.000000,-245.000000,4.340551
84,1,170.000000,-245.000000,4.265335
85,1,175.000000,-245.000000,4.191626
86,1,180.000000,-245.000000,4.118993
87,1,185.000000,-245.000000,4.055580
88,1,190.000000,-245.000000,3.995599
89,1,195.000000,-245.000000,3.935618
90,1,200.000000,-245.000000,3.875699
91,1,205.000000,-245.000000,3.818922
92,1,210.000000,-245.000000,3.766066
93,1,215.000000,-245.000000,3.733089
94,1,220.000000,-245.000000,3.700112
95,1,225.000000,-245.000000,3.667135
96,1,230.000000,-245.000000,3.634971
97,1,235.000000,-245.000000,3.603780
98,1,240.000000,-245.000000,3.587336
99,1,245.000000,-245.000000,3.580693
100,1,250.000000,-245.000000,3.574051
0,2,-250.000000,-240.000000,9.343786
1,2,-245.000000,-240.000000,9.296288
2,2,-240.000000,-240.000000,9.247080
3,2,-235.000000,-240.000000,9.197847
4,2,-230.000000,-240.000000,9.148510
5,2,-225.000000,-240.000000,9.099172
6,2,-220.000000,-240.000000,9.049834
7,2,-215.000000,-240.000000,8.999825
8,2,-210.000000,-240.000000,8.949088
9,2,-205.000000,-240.000000,8.898233
10,2,-200.000000,-240.000000,8.847307
11,2,-195.000000,-240.000000,8.796381
12,2,-190.000000,-240.000000,8.745456
13,2,-185.000000,-240.000000,8.693337
14,2,-180.000000,-240.000000,8.641092
15,2,-175.000000,-240.000000,8.588597
16,2,-170.000000,-240.000000,8.536102
17,2,-165.000000,-240.000000,8.483607
18,2,-160.000000,-240.000000,8.430634
19,2,-155.000000,-240.000000,8.376781
20,2,-150.000000,-240.000000,8.322737
21,2,-145.000000,-240.000000,8.268500
22,2,-140.000000,-240.000000,8.214263
23,2,-135.000000,-240.000000,8.160026
24,2,-130.000000,-240.000000,8.104643
25,2,-125.000000,-240.000000,8.048951
26,2,-120.000000,-240.000000,7.992754
27,2,-115.000000,-240.000000,7.936520
28,2,-110.000000,-240.000000,7.880286
29,2,-105.000000,-240.000000,7.823721
30,2,-100.000000,-240.000000,7.766003
31,2,-95.000000,-240.000000,7.708024
32,2,-90.000000,-240.000000,7.649601
33,2,-85.000000,-240.000000,7.591177
34,2,-80.000000,-240.000000,7.532754
35,2,-75.000000,-240.000000,7.473455
36,2,-70.000000,-240.000000,7.413703
37,2,-65.000000,-240.000000,7.353316
38,2,-60.000000,-240.000000,7.292775
39,2,-55.000000,-240.000000,7.232233
40,2,-50.000000,-240.000000,7.171606
41,2,-45.000000,-240.000000,7.110162
42,2,-40.000000,-240.000000,7.048558
43,2,-35.000000,-240.000000,6.986451
44,2,-30.000000,-240.000000,6.924343
45,2,-25.000000,-240.000000,6.862235
46,2,-20.000000,-240.000000,6.799981
47,2,-15.000000,-240.000000,6.737598
48,2,-10.000000,-240.000000,6.675046
49,2,-5.000000,-240.000000,6.612413
50,2,0.000000,-240.000000,6.549780
51,2,5.000000,-240.000000,6.487148
52,2,10.000000,-240.000000,6.424732
53,2,15.000000,-240.000000,6.362352
54,2,20.000000,-240.000000,6.300193
55,2,25.000000,-240.000000,6.238033
56,2,30.000000,-240.000000,6.175874
57,2,35.000000,-240.000000,6.113765
58,2,40.000000,-240.000000,6.051729
59,2,45.000000,-240.000000,5.989786
60,2,50.000000,-240.000000,5.927919
61,2,55.000000,-240.000000,5.866052
62,2,60.000000,-240.000000,5.804185
63,2,65.000000,-240.000000,5.741704
64,2,70.000000,-240.000000,5.679105
65,2,75.000000,-240.000000,5.615295
66,2,80.000000,-240.000000,5.551466
67,2,85.000000,-240.000000,5.487638
68,2,90.000000,-240.000000,5.423346
69,2,95.000000,-240.000000,5.357835
70,2,100.000000,-240.000000,5.290834
71,2,105.000000,-240.000000,5.221781
72,2,110.000000,-240.000000,5.152728
73,2,115.000000,-240.000000,5.083676
74,2,120.000000,-240.000000,5.013548
75,2,125.000000,-240.000000,4.942983
76,2,130.000000,-240.000000,4.868939
77,2,135.000000,-240.000000,4.794312
78,2,140.000000,-240.000000,4.719685
79,2,145.000000,-240.000000,4.645102
80,2,150.000000,-240.000000,4.570768
81,2,155.000000,-240.000000,4.496738
82,2,160.000000,-240.000000,4.423441
83,2,165.000000,-240.000000,4.350144
84,2,170.000000,-240.000000,4.276847
85,2,175.000000,-240.000000,4.205010
86,2,180.000000,-240.000000,4.134216
87,2,185.000000,-240.000000,4.072359
88,2,190.000000,-240.000000,4.013829
89,2,195.000000,-240.000000,3.955299
90,2,200.000000,-240.000000,3.896829
91,2,205.000000,-240.000000,3.841411
92,2,210.000000,-240.000000,3.789799
93,2,215.000000,-240.000000,3.757492
94,2,220.000000,-240.000000,3.725185
95,2,225.000000,-240.000000,3.692878
96,2,230.000000,-240.000000,3.661361
97,2,235.000000,-240.000000,3.630789
98,2,240.000000,-240.000000,3.614555
99,2,245.000000,-240.000000,3.607848
100,2,250.000000,-240.000000,3.601142
0,3,-250.000000,-235.000000,9.345030
1,3,-245.000000,-235.000000,9.297350
2,3,-240.000000,-235.000000,9.247970
3,3,-235.000000,-235.000000,9.198566
4,3,-230.000000,-235.000000,9.149057
5,3,-225.000000,-235.000000,9.099547
6,3,-220.000000,-235.000000,9.050038
7,3,-215.000000,-235.000000,8.999856
8,3,-210.000000,-235.000000,8.948944
9,3,-205.000000,-235.000000,8.897914
10,3,-200.000000,-235.000000,8.846813
11,3,-195.000000,-235.000000,8.795712
12,3,-190.000000,-235.000000,8.744611
13,3,-185.000000,-235.000000,8.692301
14,3,-180.000000,-235.000000,8.639863
15,3,-175.000000,-235.000000,8.587172
16,3,-170.000000,-235.000000,8.534481
17,3,-165.000000,-235.000000,8.481791
18,3,-160.000000,-235.000000,8.428610
19,3,-155.000000,-235.000000,8.374527
20,3,-150.000000,-235.000000,8.320248
21,3,-145.000000,-235.000000,8.265771
22,3,-140.000000,-235.000000,8.211294
23,3,-135.000000,-235.000000,8.156818
24,3,-130.000000,-235.000000,8.101152
25,3,-125.000000,-235.000000,8.045166
26,3,-120.000000,-235.000000,7.988656
27,3,-115.000000,-235.000000,7.932108
28,3,-110.000000,-235.000000,7.875560
29,3,-105.000000,-235.000000,7.818664
30,3,-100.000000,-235.000000,7.760557
31,3,-95.000000,-235.000000,7.702178
32,3,-90.000000,-235.000000,7.643332
33,3,-85.000000,-235.000000,7.584485
34,3,-80.000000,-235.000000,7.525639
35,3,-75.000000,-235.000000,7.465863
36,3,-70.000000,-235.000000,7.405607
37,3,-65.000000,-235.000000,7.344678
38,3,-60.000000,-235.000000,7.283584
39,3,-55.000000,-235.000000,7.222491
40,3,-50.000000,-235.000000,7.161306
41,3,-45.000000,-235.000000,7.099253
42,3,-40.000000,-235.000000,7.037030
43,3,-35.000000,-235.000000,6.974270
44,3,-30.000000,-235.000000,6.911511
45,3,-25.000000,-235.000000,6.848752
46,3,-20.000000,-235.000000,6.785852
47,3,-15.000000,-235.000000,6.722829
48,3,-10.000000,-235.000000,6.659643
49,3,-5.000000,-235.000000,6.596381
50,3,0.000000,-235.000000,6.533118
51,3,5.000000,-235.000000,6.469856
52,3,10.000000,-235.000000,6.406924
53,3,15.000000,-235.000000,6.344045
54,3,20.000000,-235.000000,6.281501
55,3,25.000000,-235.000000,6.218958
56,3,30.000000,-235.000000,6.156415
57,3,35.000000,-235.000000,6.094008
58,3,40.000000,-235.000000,6.031804
59,3,45.000000,-235.000000,5.969854
60,3,50.000000,-235.000000,5.908112
61,3,55.000000,-235.000000,5.846369
62,3,60.000000,-235.000000,5.784627
63,3,65.000000,-235.000000,5.722486
64,3,70.000000,-235.000000,5.660269
65,3,75.000000,-235.000000,5.597264
66,3,80.000000,-235.000000,5.534248
67,3,85.000000,-235.000000,5.471231
68,3,90.000000,-235.000000,5.407810
69,3,95.000000,-235.000000,5.343328
70,3,100.000000,-235.000000,5.277546
71,3,105.000000,-235.000000,5.209976
72,3,110.000000,-235.000000,5.142407
73,3,115.000000,-235.000000,5.074837
74,3,120.000000,-235.000000,5.006275
75,3,125.000000,-235.000000,4.937310
76,3,130.000000,-235.000000,4.865132
77,3,135.000000,-235.000000,4.792417
78,3,140.000000,-235.000000,4.719702
79,3,145.000000,-235.000000,4.647030
80,3,150.000000,-235.000000,4.574609
81,3,155.000000,-235.000000,4.502494
82,3,160.000000,-235.000000,4.431115
83,3,165.000000,-235.000000,4.359737
84,3,170.000000,-235.000000,4.288359
85,3,175.000000,-235.000000,4.218394
86,3,180.000000,-235.000000,4.149440
87,3,185.000000,-235.000000,4.089139
88,3,190.000000,-235.000000,4.032060
89,3,195.000000,-235.000000,3.974980
90,3,200.000000,-235.000000,3.917960
91,3,205.000000,-235.000000,3.863899
92,3,210.000000,-235.000000,3.813532
93,3,215.000000,-235.000000,3.781895
94,3,220.000000,-235.000000,3.750257
95,3,225.000000,-235.000000,3.718620
96,3,230.000000,-235.000000,3.687750
97,3,235.000000,-235.000000,3.657799
98,3,240.000000,-235.000000,3.641773
99,3,245.000000,-235.000000,3.635004
100,3,250.000000,-235.000000,3.628234
0,4,-250.000000,-230.000000,9.346542
1,4,-245.000000,-230.000000,9.298624
2,4,-240.000000,-230.000000,9.249022
3,4,-235.000000,-230.000000,9.199395
4,4,-230.000000,-230.000000,9.149664
5,4,-225.000000,-230.000000,9.099933
6,4,-220.000000,-230.000000,9.050202
7,4,-215.000000,-230.000000,8.999798
8,4,-210.000000,-230.000000,8.948663
9,4,-205.000000,-230.000000,8.897410
10,4,-200.000000,-230.000000,8.846085
11,4,-195.000000,-230.000000,8.794761
12,4,-190.000000,-230.000000,8.743437
13,4,-185.000000,-230.000000,8.690885
14,4,-180.000000,-230.000000,8.638203
15,4,-175.000000,-230.000000,8.585264
16,4,-170.000000,-230.000000,8.532325
17,4,-165.000000,-230.000000,8.479386
18,4,-160.000000,-230.000000,8.425942
19,4,-155.000000,-230.000000,8.371567
20,4,-150.000000,-230.000000,8.316989
21,4,-145.000000,-230.000000,8.262208
22,4,-140.000000,-230.000000,8.207426
23,4,-135.000000,-230.000000,8.152644
24,4,-130.000000,-230.000000,8.096616
25,4,-125.000000,-230.000000,8.040250
26,4,-120.000000,-230.000000,7.983335
27,4,-115.000000,-230.000000,7.926381
28,4,-110.000000,-230.000000,7.869426
29,4,-105.000000,-230.000000,7.812099
30,4,-100.000000,-230.000000,7.753480
31,4,-95.000000,-230.000000,7.694569
32,4,-90.000000,-230.000000,7.635159
33,4,-85.000000,-230.000000,7.575749
34,4,-80.000000,-230.000000,7.516339
35,4,-75.000000,-230.000000,7.455918
36,4,-70.000000,-230.000000,7.394974
37,4,-65.000000,-230.000000,7.333296
38,4,-60.000000,-230.000000,7.271440
39,4,-55.000000,-230.000000,7.209584
40,4,-50.000000,-230.000000,7.147627
41,4,-45.000000,-230.000000,7.084711
42,4,-40.000000,-230.000000,7.021607
43,4,-35.000000,-230.000000,6.957911
44,4,-30.000000,-230.000000,6.894215
45,4,-25.000000,-230.000000,6.830519
46,4,-20.000000,-230.000000,6.766679
47,4,-15.000000,-230.000000,6.702713
48,4,-10.000000,-230.000000,6.638582
49,4,-5.000000,-230.000000,6.574372
50,4,0.000000,-230.000000,6.510162
51,4,5.000000,-230.000000,6.445952
52,4,10.000000,-230.000000,6.382217
53,4,15.000000,-230.000000,6.318560
54,4,20.000000,-230.000000,6.255385
55,4,25.000000,-230.000000,6.192211
56,4,30.000000,-230.000000,6.129036
57,4,35.000000,-230.000000,6.066120
58,4,40.000000,-230.000000,6.003588
59,4,45.000000,-230.000000,5.941534
60,4,50.000000,-230.000000,5.879874
61,4,55.000000,-230.000000,5.818214
62,4,60.000000,-230.000000,5.756554
63,4,65.000000,-230.000000,5.694802
64,4,70.000000,-230.000000,5.633033
65,4,75.000000,-230.000000,5.571081
66,4,80.000000,-230.000000,5.509126
67,4,85.000000,-230.000000,5.447172
68,4,90.000000,-230.000000,5.384897
69,4,95.000000,-230.000000,5.321779
70,4,100.000000,-230.000000,5.257632
71,4,105.000000,-230.000000,5.192067
72,4,110.000000,-230.000000,5.126502
73,4,115.000000,-230.000000,5.060937
74,4,120.000000,-230.000000,4.994490
75,4,125.000000,-230.000000,4.927685
76,4,130.000000,-230.000000,4.858026
77,4,135.000000,-230.000000,4.787889
78,4,140.000000,-230.000000,4.717753
79,4,145.000000,-230.000000,4.647659
80,4,150.000000,-230.000000,4.577813
81,4,155.000000,-230.000000,4.508268
82,4,160.000000,-230.000000,4.439452
83,4,165.000000,-230.000000,4.370636
84,4,170.000000,-230.000000,4.301819
85,4,175.000000,-230.000000,4.234354
86,4,180.000000,-230.000000,4.167853
87,4,185.000000,-230.000000,4.109623
88,4,190.000000,-230.000000,4.054471
89,4,195.000000,-230.000000,3.999319
90,4,200.000000,-230.000000,3.944224
91,4,205.000000,-230.000000,3.891970
92,4,210.000000,-230.000000,3.843262
93,4,215.000000,-230.000000,3.812537
94,4,220.000000,-230.000000,3.781811
95,4,225.000000,-230.000000,3.751086
96,4,230.000000,-230.000000,3.721099
97,4,235.000000,-230.000000,3.691996
98,4,240.000000,-230.000000,3.676293
99,4,245.000000,-230.000000,3.669497
100,4,250.000000,-230.000000,3.662700
0,5,-250.000000,-225.000000,9.348182
1,5,-245.000000,-225.000000,9.299999
2,5,-240.000000,-225.000000,9.250150
3,5,-235.000000,-225.000000,9.200276
4,5,-230.000000,-225.000000,9.150300
5,5,-225.000000,-225.000000,9.100324
6,5,-220.000000,-225.000000,9.050348
7,5,-215.000000,-225.000000,8.999698
8,5,-210.000000,-225.000000,8.948316
9,5,-205.000000,-225.000000,8.896817
10,5,-200.000000,-225.000000,8.845246
11,5,-195.000000,-225.000000,8.793676
12,5,-190.000000,-225.000000,8.742105
13,5,-185.000000,-225.000000,8.689287
14,5,-180.000000,-225.000000,8.636336
15,5,-175.000000,-225.000000,8.583124
16,5,-170.000000,-225.000000,8.529913
17,5,-165.000000,-225.000000,8.476701
18,5,-160.000000,-225.000000,8.422967
19,5,-155.000000,-225.000000,8.368269
20,5,-150.000000,-225.000000,8.313363
21,5,-145.000000,-225.000000,8.258245
22,5,-140.000000,-225.000000,8.203128
23,5,-135.000000,-225.000000,8.148010
24,5,-130.000000,-225.000000,8.091580
25,5,-125.000000,-225.000000,8.034795
26,5,-120.000000,-225.000000,7.977431
27,5,-115.000000,-225.000000,7.920025
28,5,-110.000000,-225.000000,7.862620
29,5,-105.000000,-225.000000,7.804815
30,5,-100.000000,-225.000000,7.745623
31,5,-95.000000,-225.000000,7.686118
32,5,-90.000000,-225.000000,7.626077
33,5,-85.000000,-225.000000,7.566037
34,5,-80.000000,-225.000000,7.505996
35,5,-75.000000,-225.000000,7.444847
36,5,-70.000000,-225.000000,7.383127
37,5,-65.000000,-225.000000,7.320603
38,5,-60.000000,-225.000000,7.257884
39,5,-55.000000,-225.000000,7.195165
40,5,-50.000000,-225.000000,7.132333
41,5,-45.000000,-225.000000,7.068432
42,5,-40.000000,-225.000000,7.004323
43,5,-35.000000,-225.000000,6.939553
44,5,-30.000000,-225.000000,6.874784
45,5,-25.000000,-225.000000,6.810015
46,5,-20.000000,-225.000000,6.745095
47,5,-15.000000,-225.000000,6.680042
48,5,-10.000000,-225.000000,6.614815
49,5,-5.000000,-225.000000,6.549506
50,5,0.000000,-225.000000,6.484196
51,5,5.000000,-225.000000,6.418886
52,5,10.000000,-225.000000,6.354213
53,5,15.000000,-225.000000,6.289643
54,5,20.000000,-225.000000,6.225719
55,5,25.000000,-225.000000,6.161795
56,5,30.000000,-225.000000,6.097872
57,5,35.000000,-225.000000,6.034345
58,5,40.000000,-225.000000,5.971407
59,5,45.000000,-225.000000,5.909204
60,5,50.000000,-225.000000,5.847606
61,5,55.000000,-225.000000,5.786008
62,5,60.000000,-225.000000,5.724410
63,5,65.000000,-225.000000,5.663071
64,5,70.000000,-225.000000,5.601780
65,5,75.000000,-225.000000,5.541000
66,5,80.000000,-225.000000,5.480227
67,5,85.000000,-225.000000,5.419454
68,5,90.000000,-225.000000,5.358456
69,5,95.000000,-225.000000,5.296865
70,5,100.000000,-225.000000,5.234551
71,5,105.000000,-225.000000,5.171240
72,5,110.000000,-225.000000,5.107929
73,5,115.000000,-225.000000,5.044617
74,5,120.000000,-225.000000,4.980548
75,5,125.000000,-225.000000,4.916172
76,5,130.000000,-225.000000,4.849343
77,5,135.000000,-225.000000,4.782103
78,5,140.000000,-225.000000,4.714864
79,5,145.000000,-225.000000,4.647666
80,5,150.000000,-225.000000,4.580712
81,5,155.000000,-225.000000,4.514052
82,5,160.000000,-225.000000,4.448105
83,5,165.000000,-225.000000,4.382158
84,5,170.000000,-225.000000,4.316211
85,5,175.000000,-225.000000,4.251544
86,5,180.000000,-225.000000,4.187792
87,5,185.000000,-225.000000,4.131878
88,5,190.000000,-225.000000,4.078882
89,5,195.000000,-225.000000,4.025885
90,5,200.000000,-225.000000,3.972942
91,5,205.000000,-225.000000,3.922710
92,5,210.000000,-225.000000,3.875860
93,5,215.000000,-225.000000,3.846162
94,5,220.000000,-225.000000,3.816464
95,5,225.000000,-225.000000,3.786766
96,5,230.000000,-225.000000,3.757775
97,5,235.000000,-225.000000,3.729629
98,5,240.000000,-225.000000,3.714303
99,5,245.000000,-225.000000,3.707497
100,5,250.000000,-225.000000,3.700692
0,6,-250.000000,-220.000000,9.349843
1,6,-245.000000,-220.000000,9.301391
2,6,-240.000000,-220.000000,9.251290
3,6,-235.000000,-220.000000,9.201167
4,6,-230.000000,-220.000000,9.150941
5,6,-225.000000,-220.000000,9.100715
6,6,-220.000000,-220.000000,9.050490
7,6,-215.000000,-220.000000,8.999590
8,6,-210.000000,-220.000000,8.947959
9,6,-205.000000,-220.000000,8.896209
10,6,-200.000000,-220.000000,8.844389
11,6,-195.000000,-220.000000,8.792568
12,6,-190.000000,-220.000000,8.740748
13,6,-185.000000,-220.000000,8.687659
14,6,-180.000000,-220.000000,8.634436
15,6,-175.000000,-220.000000,8.580947
16,6,-170.000000,-220.000000,8.527458
17,6,-165.000000,-220.000000,8.473970
18,6,-160.000000,-220.000000,8.419941
19,6,-155.000000,-220.000000,8.364917
20,6,-150.000000,-220.000000,8.309677
21,6,-145.000000,-220.000000,8.254218
22,6,-140.000000,-220.000000,8.198760
23,6,-135.000000,-220.000000,8.143301
24,6,-130.000000,-220.000000,8.086463
25,6,-125.000000,-220.000000,8.029252
26,6,-120.000000,-220.000000,7.971432
27,6,-115.000000,-220.000000,7.913568
28,6,-110.000000,-220.000000,7.855705
29,6,-105.000000,-220.000000,7.797414
30,6,-100.000000,-220.000000,7.737640
31,6,-95.000000,-220.000000,7.677530
32,6,-90.000000,-220.000000,7.616848
33,6,-85.000000,-220.000000,7.556166
34,6,-80.000000,-220.000000,7.495483
35,6,-75.000000,-220.000000,7.433595
36,6,-70.000000,-220.000000,7.371084
37,6,-65.000000,-220.000000,7.307697
38,6,-60.000000,-220.000000,7.244098
39,6,-55.000000,-220.000000,7.180500
40,6,-50.000000,-220.000000,7.116776
41,6,-45.000000,-220.000000,7.051872
42,6,-40.000000,-220.000000,6.986736
43,6,-35.000000,-220.000000,6.920872
44,6,-30.000000,-220.000000,6.855008
45,6,-25.000000,-220.000000,6.789144
46,6,-20.000000,-220.000000,6.723120
47,6,-15.000000,-220.000000,6.656957
48,6,-10.000000,-220.000000,6.590610
49,6,-5.000000,-220.000000,6.524176
50,6,0.000000,-220.000000,6.457743
51,6,5.000000,-220.000000,6.391309
52,6,10.000000,-220.000000,6.325674
53,6,15.000000,-220.000000,6.260170
54,6,20.000000,-220.000000,6.195478
55,6,25.000000,-220.000000,6.130786
56,6,30.000000,-220.000000,6.066094
57,6,35.000000,-220.000000,6.001940
58,6,40.000000,-220.000000,5.938584
59,6,45.000000,-220.000000,5.876225
60,6,50.000000,-220.000000,5.814685
61,6,55.000000,-220.000000,5.753146
62,6,60.000000,-220.000000,5.691607
63,6,65.000000,-220.000000,5.630683
64,6,70.000000,-220.000000,5.569878
65,6,75.000000,-220.000000,5.510287
66,6,80.000000,-220.000000,5.450715
67,6,85.000000,-220.000000,5.391143
68,6,90.000000,-220.000000,5.331443
69,6,95.000000,-220.000000,5.271405
70,6,100.000000,-220.000000,5.210956
71,6,105.000000,-220.000000,5.149939
72,6,110.000000,-220.000000,5.088922
73,6,115.000000,-220.000000,5.027906
74,6,120.000000,-220.000000,4.966257
75,6,125.000000,-220.000000,4.904353
76,6,130.000000,-220.000000,4.840404
77,6,135.000000,-220.000000,4.776113
78,6,140.000000,-220.000000,4.711823
79,6,145.000000,-220.000000,4.647573
80,6,150.000000,-220.000000,4.583561
81,6,155.000000,-220.000000,4.519837
82,6,160.000000,-220.000000,4.456809
83,6,165.000000,-220.000000,4.393781
84,6,170.000000,-220.000000,4.330754
85,6,175.000000,-220.000000,4.268934
86,6,180.000000,-220.000000,4.207978
87,6,185.000000,-220.000000,4.154420
88,6,190.000000,-220.000000,4.103616
89,6,195.000000,-220.000000,4.052812
90,6,200.000000,-220.000000,4.002058
91,6,205.000000,-220.000000,3.953882
92,6,210.000000,-220.000000,3.908922
93,6,215.000000,-220.000000,3.880271
94,6,220.000000,-220.000000,3.851619
95,6,225.000000,-220.000000,3.822967
96,6,230.000000,-220.000000,3.794989
97,6,235.000000,-220.000000,3.767818
98,6,240.000000,-220.000000,3.752878
99,6,245.000000,-220.000000,3.746067
100,6,250.000000,-220.000000,3.739256
0,7,-250.000000,-215.000000,9.351504
1,7,-245.000000,-215.000000,9.302783
2,7,-240.000000,-215.000000,9.252431
3,7,-235.000000,-215.000000,9.202057
4,7,-230.000000,-215.000000,9.151582
5,7,-225.000000,-215.000000,9.101107
6,7,-220.000000,-215.000000,9.050632
7,7,-215.000000,-215.000000,8.999482
8,7,-210.000000,-215.000000,8.947601
9,7,-205.000000,-215.000000,8.895602
10,7,-200.000000,-215.000000,8.843531
11,7,-195.000000,-215.000000,8.791460
12,7,-190.000000,-215.000000,8.739390
13,7,-185.000000,-215.000000,8.686030
14,7,-180.000000,-215.000000,8.632535
15,7,-175.000000,-215.000000,8.578769
16,7,-170.000000,-215.000000,8.525003
17,7,-165.000000,-215.000000,8.471238
18,7,-160.000000,-215.000000,8.416915
19,7,-155.000000,-215.000000,8.361563
20,7,-150.000000,-215.000000,8.305989
21,7,-145.000000,-215.000000,8.250190
22,7,-140.000000,-215.000000,8.194390
23,7,-135.000000,-215.000000,8.138591
24,7,-130.000000,-215.000000,8.081344
25,7,-125.000000,-215.000000,8.023706
26,7,-120.000000,-215.000000,7.965431
27,7,-115.000000,-215.000000,7.907109
28,7,-110.000000,-215.000000,7.848787
29,7,-105.000000,-215.000000,7.790011
30,7,-100.000000,-215.000000,7.729654
31,7,-95.000000,-215.000000,7.668940
32,7,-90.000000,-215.000000,7.607615
33,7,-85.000000,-215.000000,7.546291
34,7,-80.000000,-215.000000,7.484967
35,7,-75.000000,-215.000000,7.422338
36,7,-70.000000,-215.000000,7.359036
37,7,-65.000000,-215.000000,7.294787
38,7,-60.000000,-215.000000,7.230308
39,7,-55.000000,-215.000000,7.165829
40,7,-50.000000,-215.000000,7.101214
41,7,-45.000000,-215.000000,7.035305
42,7,-40.000000,-215.000000,6.969144
43,7,-35.000000,-215.000000,6.902184
44,7,-30.000000,-215.000000,6.835224
45,7,-25.000000,-215.000000,6.768264
46,7,-20.000000,-215.000000,6.701137
47,7,-15.000000,-215.000000,6.633862
48,7,-10.000000,-215.000000,6.566395
49,7,-5.000000,-215.000000,6.498837
50,7,0.000000,-215.000000,6.431278
51,7,5.000000,-215.000000,6.363720
52,7,10.000000,-215.000000,6.297124
53,7,15.000000,-215.000000,6.230685
54,7,20.000000,-215.000000,6.165224
55,7,25.000000,-215.000000,6.099763
56,7,30.000000,-215.000000,6.034302
57,7,35.000000,-215.000000,5.969521
58,7,40.000000,-215.000000,5.905747
59,7,45.000000,-215.000000,5.843231
60,7,50.000000,-215.000000,5.781750
61,7,55.000000,-215.000000,5.720269
62,7,60.000000,-215.000000,5.658789
63,7,65.000000,-215.000000,5.598281
64,7,70.000000,-215.000000,5.537960
65,7,75.000000,-215.000000,5.479560
66,7,80.000000,-215.000000,5.421189
67,7,85.000000,-215.000000,5.362819
68,7,90.000000,-215.000000,5.304417
69,7,95.000000,-215.000000,5.245934
70,7,100.000000,-215.000000,5.187350
71,7,105.000000,-215.000000,5.128628
72,7,110.000000,-215.000000,5.069907
73,7,115.000000,-215.000000,5.011185
74,7,120.000000,-215.000000,4.951958
75,7,125.000000,-215.000000,4.892526
76,7,130.000000,-215.000000,4.831459
77,7,135.000000,-215.000000,4.770119
78,7,140.000000,-215.000000,4.708779
79,7,145.000000,-215.000000,4.647478
80,7,150.000000,-215.000000,4.586409
81,7,155.000000,-215.000000,4.525622
82,7,160.000000,-215.000000,4.465515
83,7,165.000000,-215.000000,4.405407
84,7,170.000000,-215.000000,4.345300
85,7,175.000000,-215.000000,4.286329
86,7,180.000000,-215.000000,4.228170
87,7,185.000000,-215.000000,4.176969
88,7,190.000000,-215.000000,4.128357
89,7,195.000000,-215.000000,4.079746
90,7,200.000000,-215.000000,4.031183
91,7,205.000000,-215.000000,3.985064
92,7,210.000000,-215.000000,3.941995
93,7,215.000000,-215.000000,3.914390
94,7,220.000000,-215.000000,3.886785
95,7,225.000000,-215.000000,3.859179
96,7,230.000000,-215.000000,3.832216
97,7,235.000000,-215.000000,3.806020
98,7,240.000000,-215.000000,3.791465
99,7,245.000000,-215.000000,3.784648
100,7,250.000000,-215.000000,3.777831
0,8,-250.000000,-210.000000,9.353165
1,8,-245.000000,-210.000000,9.304174
2,8,-240.000000,-210.000000,9.253572
3,8,-235.000000,-210.000000,9.202947
4,8,-230.000000,-210.000000,9.152223
5,8,-225.000000,-210.000000,9.101498
6,8,-220.000000,-210.000000,9.050774
7,8,-215.000000,-210.000000,8.999375
8,8,-210.000000,-210.000000,8.947243
9,8,-205.000000,-210.000000,8.894994
10,8,-200.000000,-210.000000,8.842673
11,8,-195.000000,-210.000000,8.790352
12,8,-190.000000,-210.000000,8.738032
13,8,-185.000000,-210.000000,8.684402
14,8,-180.000000,-210.000000,8.630633
15,8,-175.000000,-210.000000,8.576591
16,8,-170.000000,-210.000000,8.522548
17,8,-165.000000,-210.000000,8.468506
18,8,-160.000000,-210.000000,8.413888
19,8,-155.000000,-210.000000,8.358210
20,8,-150.000000,-210.000000,8.302302
21,8,-145.000000,-210.000000,8.246162
22,8,-140.000000,-210.000000,8.190021
23,8,-135.000000,-210.000000,8.133881
24,8,-130.000000,-210.000000,8.076225
25,8,-125.000000,-210.000000,8.018161
26,8,-120.000000,-210.000000,7.959430
27,8,-115.000000,-210.000000,7.900650
28,8,-110.000000,-210.000000,7.841870
29,8,-105.000000,-210.000000,7.782607
30,8,-100.000000,-210.000000,7.721667
31,8,-95.000000,-210.000000,7.660349
32,8,-90.000000,-210.000000,7.598383
33,8,-85.000000,-210.000000,7.536417
34,8,-80.000000,-210.000000,7.474451
35,8,-75.000000,-210.000000,7.411081
36,8,-70.000000,-210.000000,7.346988
37,8,-65.000000,-210.000000,7.281876
38,8,-60.000000,-210.000000,7.216517
39,8,-55.000000,-210.000000,7.151159
40,8,-50.000000,-210.000000,7.085652
41,8,-45.000000,-210.000000,7.018739
42,8,-40.000000,-210.000000,6.951551
43,8,-35.000000,-210.000000,6.883495
44,8,-30.000000,-210.000000,6.815440
45,8,-25.000000,-210.000000,6.747384
46,8,-20.000000,-210.000000,6.679153
47,8,-15.000000,-210.000000,6.610768
48,8,-10.000000,-210.000000,6.542181
49,8,-5.000000,-210.000000,6.473497
50,8,0.000000,-210.000000,6.404814
51,8,5.000000,-210.000000,6.336131
52,8,10.000000,-210.000000,6.268574
53,8,15.000000,-210.000000,6.201200
54,8,20.000000,-210.000000,6.134970
55,8,25.000000,-210.000000,6.068740
56,8,30.000000,-210.000000,6.002510
57,8,35.000000,-210.000000,5.937102
58,8,40.000000,-210.000000,5.872910
59,8,45.000000,-210.000000,5.810237
60,8,50.000000,-210.000000,5.748815
61,8,55.000000,-210.000000,5.687393
62,8,60.000000,-210.000000,5.625970
63,8,65.000000,-210.000000,5.565879
64,8,70.000000,-210.000000,5.506043
65,8,75.000000,-210.000000,5.448833
66,8,80.000000,-210.000000,5.391664
67,8,85.000000,-210.000000,5.334495
68,8,90.000000,-210.000000,5.277392
69,8,95.000000,-210.000000,5.220462
70,8,100.000000,-210.000000,5.163744
71,8,105.000000,-210.000000,5.107317
72,8,110.000000,-210.000000,5.050891
73,8,115.000000,-210.000000,4.994464
74,8,120.000000,-210.000000,4.937659
75,8,125.000000,-210.000000,4.880700
76,8,130.000000,-210.000000,4.822515
77,8,135.000000,-210.000000,4.764125
78,8,140.000000,-210.000000,4.705734
79,8,145.000000,-210.000000,4.647383
80,8,150.000000,-210.000000,4.589258
81,8,155.000000,-210.000000,4.531407
82,8,160.000000,-210.000000,4.474220
83,8,165.000000,-210.000000,4.417033
84,8,170.000000,-210.000000,4.359846
85,8,175.000000,-210.000000,4.303723
86,8,180.000000,-210.000000,4.248361
87,8,185.000000,-210.000000,4.199517
88,8,190.000000,-210.000000,4.153099
89,8,195.000000,-210.000000,4.106681
90,8,200.000000,-210.000000,4.060308
91,8,205.000000,-210.000000,4.016246
92,8,210.000000,-210.000000,3.975068
93,8,215.000000,-210.000000,3.948509
94,8,220.000000,-210.000000,3.921950
95,8,225.000000,-210.000000,3.895392
96,8,230.000000,-210.000000,3.869442
97,8,235.000000,-210.000000,3.844222
98,8,240.000000,-210.000000,3.830053
99,8,245.000000,-210.000000,3.823230
100,8,250.000000,-210.000000,3.816407
0,9,-250.000000,-205.000000,9.354806
1,9,-245.000000,-205.000000,9.305515
2,9,-240.000000,-205.000000,9.254636
3,9,-235.000000,-205.000000,9.203735
4,9,-230.000000,-205.000000,9.152736
5,9,-225.000000,-205.000000,9.101737
6,9,-220.000000,-205.000000,9.050738
7,9,-215.000000,-205.000000,8.999066
8,9,-210.000000,-205.000000,8.946665
9,9,-205.000000,-205.000000,8.894145
10,9,-200.000000,-205.000000,8.841555
11,9,-195.000000,-205.000000,8.788964
12,9,-190.000000,-205.000000,8.736374
13,9,-185.000000,-205.000000,8.682455
14,9,-180.000000,-205.000000,8.628396
15,9,-175.000000,-205.000000,8.574059
16,9,-170.000000,-205.000000,8.519721
17,9,-165.000000,-205.000000,8.465384
18,9,-160.000000,-205.000000,8.410454
19,9,-155.000000,-205.000000,8.354428
20,9,-150.000000,-205.000000,8.298165
21,9,-145.000000,-205.000000,8.241663
22,9,-140.000000,-205.000000,8.185160
23,9,-135.000000,-205.000000,8.128657
24,9,-130.000000,-205.000000,8.070564
25,9,-125.000000,-205.000000,8.012042
26,9,-120.000000,-205.000000,7.952820
27,9,-115.000000,-205.000000,7.893547
28,9,-110.000000,-205.000000,7.834273
29,9,-105.000000,-205.000000,7.774485
30,9,-100.000000,-205.000000,7.712905
31,9,-95.000000,-205.000000,7.650921
32,9,-90.000000,-205.000000,7.588245
33,9,-85.000000,-205.000000,7.525569
34,9,-80.000000,-205.000000,7.462893
35,9,-75.000000,-205.000000,7.398691
36,9,-70.000000,-205.000000,7.333702
37,9,-65.000000,-205.000000,7.267605
38,9,-60.000000,-205.000000,7.201239
39,9,-55.000000,-205.000000,7.134873
40,9,-50.000000,-205.000000,7.068343
41,9,-45.000000,-205.000000,7.000255
42,9,-40.000000,-205.000000,6.931861
43,9,-35.000000,-205.000000,6.862505
44,9,-30.000000,-205.000000,6.793150
45,9,-25.000000,-205.000000,6.723794
46,9,-20.000000,-205.000000,6.654239
47,9,-15.000000,-205.000000,6.584507
48,9,-10.000000,-205.000000,6.514546
49,9,-5.000000,-205.000000,6.444475
50,9,0.000000,-205.000000,6.374405
51,9,5.000000,-205.000000,6.304334
52,9,10.000000,-205.000000,6.235563
53,9,15.000000,-205.000000,6.167002
54,9,20.000000,-205.000000,6.099761
55,9,25.000000,-205.000000,6.032520
56,9,30.000000,-205.000000,5.965279
57,9,35.000000,-205.000000,5.899024
58,9,40.000000,-205.000000,5.834227
59,9,45.000000,-205.000000,5.771255
60,9,50.000000,-205.000000,5.709782
61,9,55.000000,-205.000000,5.648309
62,9,60.000000,-205.000000,5.586837
63,9,65.000000,-205.000000,5.527117
64,9,70.000000,-205.000000,5.467733
65,9,75.000000,-205.000000,5.411809
66,9,80.000000,-205.000000,5.355938
67,9,85.000000,-205.000000,5.300067
68,9,90.000000,-205.000000,5.244375
69,9,95.000000,-205.000000,5.189152
70,9,100.000000,-205.000000,5.134503
71,9,105.000000,-205.000000,5.080644
72,9,110.000000,-205.000000,5.026785
73,9,115.000000,-205.000000,4.972926
74,9,120.000000,-205.000000,4.918827
75,9,125.000000,-205.000000,4.864631
76,9,130.000000,-205.000000,4.809657
77,9,135.000000,-205.000000,4.754552
78,9,140.000000,-205.000000,4.699448
79,9,145.000000,-205.000000,4.644380
80,9,150.000000,-205.000000,4.589524
81,9,155.000000,-205.000000,4.534926
82,9,160.000000,-205.000000,4.480949
83,9,165.000000,-205.000000,4.426971
84,9,170.000000,-205.000000,4.372994
85,9,175.000000,-205.000000,4.320001
86,9,180.000000,-205.000000,4.267711
87,9,185.000000,-205.000000,4.221443
88,9,190.000000,-205.000000,4.177418
89,9,195.000000,-205.000000,4.133393
90,9,200.000000,-205.000000,4.089411
91,9,205.000000,-205.000000,4.047597
92,9,210.000000,-205.000000,4.008489
93,9,215.000000,-205.000000,3.983104
94,9,220.000000,-205.000000,3.957718
95,9,225.000000,-205.000000,3.932333
96,9,230.000000,-205.000000,3.907523
97,9,235.000000,-205.000000,3.883401
98,9,240.000000,-205.000000,3.869717
99,9,245.000000,-205.000000,3.862971
100,9,250.000000,-205.000000,3.856225
0,10,-250.000000,-200.000000,9.356434
1,10,-245.000000,-200.000000,9.306818
2,10,-240.000000,-200.000000,9.255645
3,10,-235.000000,-200.000000,9.204449
4,10,-230.000000,-200.000000,9.153158
5,10,-225.000000,-200.000000,9.101866
6,10,-220.000000,-200.000000,9.050574
7,10,-215.000000,-200.000000,8.998614
8,10,-210.000000,-200.000000,8.945927
9,10,-205.000000,-200.000000,8.893123
10,10,-200.000000,-200.000000,8.840249
11,10,-195.000000,-200.000000,8.787374
12,10,-190.000000,-200.000000,8.734500
13,10,-185.000000,-200.000000,8.680280
14,10,-180.000000,-200.000000,8.625917
15,10,-175.000000,-200.000000,8.571272
16,10,-170.000000,-200.000000,8.516628
17,10,-165.000000,-200.000000,8.461983
18,10,-160.000000,-200.000000,8.406726
19,10,-155.000000,-200.000000,8.350338
20,10,-150.000000,-200.000000,8.293706
21,10,-145.000000,-200.000000,8.236825
22,10,-140.000000,-200.000000,8.179945
23,10,-135.000000,-200.000000,8.123065
24,10,-130.000000,-200.000000,8.064514
25,10,-125.000000,-200.000000,8.005511
26,10,-120.000000,-200.000000,7.945773
27,10,-115.000000,-200.000000,7.885981
28,10,-110.000000,-200.000000,7.826189
29,10,-105.000000,-200.000000,7.765846
30,10,-100.000000,-200.000000,7.703584
31,10,-95.000000,-200.000000,7.640890
32,10,-90.000000,-200.000000,7.577456
33,10,-85.000000,-200.000000,7.514022
34,10,-80.000000,-200.000000,7.450587
35,10,-75.000000,-200.000000,7.385486
36,10,-70.000000,-200.000000,7.319525
37,10,-65.000000,-200.000000,7.252355
38,10,-60.000000,-200.000000,7.184891
39,10,-55.000000,-200.000000,7.117428
40,10,-50.000000,-200.000000,7.049780
41,10,-45.000000,-200.000000,6.980392
42,10,-40.000000,-200.000000,6.910664
43,10,-35.000000,-200.000000,6.839861
44,10,-30.000000,-200.000000,6.769059
45,10,-25.000000,-200.000000,6.698256
46,10,-20.000000,-200.000000,6.627217
47,10,-15.000000,-200.000000,6.555971
48,10,-10.000000,-200.000000,6.484454
49,10,-5.000000,-200.000000,6.412807
50,10,0.000000,-200.000000,6.341160
51,10,5.000000,-200.000000,6.269513
52,10,10.000000,-200.000000,6.199345
53,10,15.000000,-200.000000,6.129417
54,10,20.000000,-200.000000,6.060991
55,10,25.000000,-200.000000,5.992565
56,10,30.000000,-200.000000,5.924138
57,10,35.000000,-200.000000,5.856879
58,10,40.000000,-200.000000,5.791344
59,10,45.000000,-200.000000,5.727968
60,10,50.000000,-200.000000,5.666366
61,10,55.000000,-200.000000,5.604765
62,10,60.000000,-200.000000,5.543164
63,10,65.000000,-200.000000,5.483784
64,10,70.000000,-200.000000,5.424829
65,10,75.000000,-200.000000,5.370258
66,10,80.000000,-200.000000,5.315755
67,10,85.000000,-200.000000,5.261252
68,10,90.000000,-200.000000,5.207051
69,10,95.000000,-200.000000,5.153645
70,10,100.000000,-200.000000,5.101211
71,10,105.000000,-200.000000,5.050116
72,10,110.000000,-200.000000,4.999021
73,10,115.000000,-200.000000,4.947926
74,10,120.000000,-200.000000,4.896737
75,10,125.000000,-200.000000,4.845512
76,10,130.000000,-200.000000,4.793985
77,10,135.000000,-200.000000,4.742408
78,10,140.000000,-200.000000,4.690832
79,10,145.000000,-200.000000,4.639288
80,10,150.000000,-200.000000,4.587936
81,10,155.000000,-200.000000,4.536815
82,10,160.000000,-200.000000,4.486256
83,10,165.000000,-200.000000,4.435697
84,10,170.000000,-200.000000,4.385138
85,10,175.000000,-200.000000,4.335476
86,10,180.000000,-200.000000,4.286455
87,10,185.000000,-200.000000,4.242923
88,10,190.000000,-200.000000,4.201434
89,10,195.000000,-200.000000,4.159946
90,10,200.000000,-200.000000,4.118497
91,10,205.000000,-200.000000,4.079069
92,10,210.000000,-200.000000,4.042162
93,10,215.000000,-200.000000,4.018041
94,10,220.000000,-200.000000,3.993919
95,10,225.000000,-200.000000,3.969797
96,10,230.000000,-200.000000,3.946216
97,10,235.000000,-200.000000,3.923282
98,10,240.000000,-200.000000,3.910154
99,10,245.000000,-200.000000,3.903544
100,10,250.000000,-200.000000,3.896934
0,11,-250.000000,-195.000000,9.358058
1,11,-245.000000,-195.000000,9.308113
2,11,-240.000000,-195.000000,9.256640
3,11,-235.000000,-195.000000,9.205146
4,11,-230.000000,-195.000000,9.153557
5,11,-225.000000,-195.000000,9.101968
6,11,-220.000000,-195.000000,9.050380
7,11,-215.000000,-195.000000,8.998126
8,11,-210.000000,-195.000000,8.945151
9,11,-205.000000,-195.000000,8.892060
10,11,-200.000000,-195.000000,8.838898
11,11,-195.000000,-195.000000,8.785736
12,11,-190.000000,-195.000000,8.732574
13,11,-185.000000,-195.000000,8.678049
14,11,-180.000000,-195.000000,8.623380
15,11,-175.000000,-195.000000,8.568425
16,11,-170.000000,-195.000000,8.513470
17,11,-165.000000,-195.000000,8.458515
18,11,-160.000000,-195.000000,8.402928
19,11,-155.000000,-195.000000,8.346174
20,11,-150.000000,-195.000000,8.289169
21,11,-145.000000,-195.000000,8.231907
22,11,-140.000000,-195.000000,8.174646
23,11,-135.000000,-195.000000,8.117384
24,11,-130.000000,-195.000000,8.058369
25,11,-125.000000,-195.000000,7.998882
26,11,-120.000000,-195.000000,7.938621
27,11,-115.000000,-195.000000,7.878305
28,11,-110.000000,-195.000000,7.817988
29,11,-105.000000,-195.000000,7.757083
30,11,-100.000000,-195.000000,7.694130
31,11,-95.000000,-195.000000,7.630716
32,11,-90.000000,-195.000000,7.566511
33,11,-85.000000,-195.000000,7.502307
34,11,-80.000000,-195.000000,7.438102
35,11,-75.000000,-195.000000,7.372087
36,11,-70.000000,-195.000000,7.305136
37,11,-65.000000,-195.000000,7.236871
38,11,-60.000000,-195.000000,7.168288
39,11,-55.000000,-195.000000,7.099704
40,11,-50.000000,-195.000000,7.030917
41,11,-45.000000,-195.000000,6.960200
42,11,-40.000000,-195.000000,6.889106
43,11,-35.000000,-195.000000,6.816822
44,11,-30.000000,-195.000000,6.744537
45,11,-25.000000,-195.000000,6.672252
46,11,-20.000000,-195.000000,6.599692
47,11,-15.000000,-195.000000,6.526891
48,11,-10.000000,-195.000000,6.453774
49,11,-5.000000,-195.000000,6.380505
50,11,0.000000,-195.000000,6.307237
51,11,5.000000,-195.000000,6.233969
52,11,10.000000,-195.000000,6.162360
53,11,15.000000,-195.000000,6.091022
54,11,20.000000,-195.000000,6.021369
55,11,25.000000,-195.000000,5.951715
56,11,30.000000,-195.000000,5.882062
57,11,35.000000,-195.000000,5.813760
58,11,40.000000,-195.000000,5.747456
59,11,45.000000,-195.000000,5.683652
60,11,50.000000,-195.000000,5.621903
61,11,55.000000,-195.000000,5.560154
62,11,60.000000,-195.000000,5.498405
63,11,65.000000,-195.000000,5.439357
64,11,70.000000,-195.000000,5.380826
65,11,75.000000,-195.000000,5.327625
66,11,80.000000,-195.000000,5.274506
67,11,85.000000,-195.000000,5.221387
68,11,90.000000,-195.000000,5.168697
69,11,95.000000,-195.000000,5.117135
70,11,100.000000,-195.000000,5.066951
71,11,105.000000,-195.000000,5.018666
72,11,110.000000,-195.000000,4.970382
73,11,115.000000,-195.000000,4.922097
74,11,120.000000,-195.000000,4.873868
75,11,125.000000,-195.000000,4.825663
76,11,130.000000,-195.000000,4.777641
77,11,135.000000,-195.000000,4.729650
78,11,140.000000,-195.000000,4.681658
79,11,145.000000,-195.000000,4.633696
80,11,150.000000,-195.000000,4.585903
81,11,155.000000,-195.000000,4.538315
82,11,160.000000,-195.000000,4.491224
83,11,165.000000,-195.000000,4.444133
84,11,170.000000,-195.000000,4.397042
85,11,175.000000,-195.000000,4.350759
86,11,180.000000,-195.000000,4.305054
87,11,185.000000,-195.000000,4.264295
88,11,190.000000,-195.000000,4.225377
89,11,195.000000,-195.000000,4.186460
90,11,200.000000,-195.000000,4.147579
91,11,205.000000,-195.000000,4.110570
92,11,210.000000,-195.000000,4.075895
93,11,215.000000,-195.000000,4.053059
94,11,220.000000,-195.000000,4.030223
95,11,225.000000,-195.000000,4.007387
96,11,230.000000,-195.000000,3.985057
97,11,235.000000,-195.000000,3.963331
98,11,240.000000,-195.000000,3.950776
99,11,245.000000,-195.000000,3.944316
100,11,250.000000,-195.000000,3.937857
0,12,-250.000000,-190.000000,9.359682
1,12,-245.000000,-190.000000,9.309406
2,12,-240.000000,-190.000000,9.257634
3,12,-235.000000,-190.000000,9.205840
4,12,-230.000000,-190.000000,9.153954
5,12,-225.000000,-190.000000,9.102068
6,12,-220.000000,-190.000000,9.050181
7,12,-215.000000,-190.000000,8.997635
8,12,-210.000000,-190.000000,8.944371
9,12,-205.000000,-190.000000,8.890991
10,12,-200.000000,-190.000000,8.837541
11,12,-195.000000,-190.000000,8.784092
12,12,-190.000000,-190.000000,8.730642
13,12,-185.000000,-190.000000,8.675812
14,12,-180.000000,-190.000000,8.620835
15,12,-175.000000,-190.000000,8.565569
16,12,-170.000000,-190.000000,8.510303
17,12,-165.000000,-190.000000,8.455038
18,12,-160.000000,-190.000000,8.399120
19,12,-155.000000,-190.000000,8.342001
20,12,-150.000000,-190.000000,8.284621
21,12,-145.000000,-190.000000,8.226978
22,12,-140.000000,-190.000000,8.169335
23,12,-135.000000,-190.000000,8.111692
24,12,-130.000000,-190.000000,8.052213
25,12,-125.000000,-190.000000,7.992239
26,12,-120.000000,-190.000000,7.931455
27,12,-115.000000,-190.000000,7.870614
28,12,-110.000000,-190.000000,7.809772
29,12,-105.000000,-190.000000,7.748304
30,12,-100.000000,-190.000000,7.684659
31,12,-95.000000,-190.000000,7.620523
32,12,-90.000000,-190.000000,7.555547
33,12,-85.000000,-190.000000,7.490570
34,12,-80.000000,-190.000000,7.425594
35,12,-75.000000,-190.000000,7.358661
36,12,-70.000000,-190.000000,7.290719
37,12,-65.000000,-190.000000,7.221357
38,12,-60.000000,-190.000000,7.151650
39,12,-55.000000,-190.000000,7.081944
40,12,-50.000000,-190.000000,7.012014
41,12,-45.000000,-190.000000,6.939965
42,12,-40.000000,-190.000000,6.867501
43,12,-35.000000,-190.000000,6.793730
44,12,-30.000000,-190.000000,6.719958
45,12,-25.000000,-190.000000,6.646187
46,12,-20.000000,-190.000000,6.572101
47,12,-15.000000,-190.000000,6.497739
48,12,-10.000000,-190.000000,6.423016
49,12,-5.000000,-190.000000,6.348120
50,12,0.000000,-190.000000,6.273225
51,12,5.000000,-190.000000,6.198329
52,12,10.000000,-190.000000,6.125275
53,12,15.000000,-190.000000,6.052520
54,12,20.000000,-190.000000,5.981634
55,12,25.000000,-190.000000,5.910748
56,12,30.000000,-190.000000,5.839863
57,12,35.000000,-190.000000,5.770513
58,12,40.000000,-190.000000,5.703435
59,12,45.000000,-190.000000,5.639200
60,12,50.000000,-190.000000,5.577301
61,12,55.000000,-190.000000,5.515402
62,12,60.000000,-190.000000,5.453503
63,12,65.000000,-190.000000,5.394786
64,12,70.000000,-190.000000,5.336678
65,12,75.000000,-190.000000,5.284849
66,12,80.000000,-190.000000,5.233116
67,12,85.000000,-190.000000,5.181384
68,12,90.000000,-190.000000,5.130207
69,12,95.000000,-190.000000,5.080492
70,12,100.000000,-190.000000,5.032564
71,12,105.000000,-190.000000,4.987095
72,12,110.000000,-190.000000,4.941627
73,12,115.000000,-190.000000,4.896159
74,12,120.000000,-190.000000,4.850897
75,12,125.000000,-190.000000,4.805718
76,12,130.000000,-190.000000,4.761208
77,12,135.000000,-190.000000,4.716810
78,12,140.000000,-190.000000,4.672411
79,12,145.000000,-190.000000,4.628038
80,12,150.000000,-190.000000,4.583812
81,12,155.000000,-190.000000,4.539764
82,12,160.000000,-190.000000,4.496147
83,12,165.000000,-190.000000,4.452531
84,12,170.000000,-190.000000,4.408914
85,12,175.000000,-190.000000,4.366017
86,12,180.000000,-190.000000,4.323633
87,12,185.000000,-190.000000,4.285653
88,12,190.000000,-190.000000,4.249311
89,12,195.000000,-190.000000,4.212969
90,12,200.000000,-190.000000,4.176661
91,12,205.000000,-190.000000,4.142075
92,12,210.000000,-190.000000,4.109636
93,12,215.000000,-190.000000,4.088089
94,12,220.000000,-190.000000,4.066541
95,12,225.000000,-190.000000,4.044994
96,12,230.000000,-190.000000,4.023917
97,12,235.000000,-190.000000,4.003402
98,12,240.000000,-190.000000,3.991422
99,12,245.000000,-190.000000,3.985115
100,12,250.000000,-190.000000,3.978808
0,13,-250.000000,-185.000000,9.361306
1,13,-245.000000,-185.000000,9.310700
2,13,-240.000000,-185.000000,9.258627
3,13,-235.000000,-185.000000,9.206534
4,13,-230.000000,-185.000000,9.154351
5,13,-225.000000,-185.000000,9.102167
6,13,-220.000000,-185.000000,9.049983
7,13,-215.000000,-185.000000,8.997143
8,13,-210.000000,-185.000000,8.943590
9,13,-205.000000,-185.000000,8.889922
10,13,-200.000000,-185.000000,8.836185
11,13,-195.000000,-185.000000,8.782447
12,13,-190.000000,-185.000000,8.728710
13,13,-185.000000,-185.000000,8.673574
14,13,-180.000000,-185.000000,8.618290
15,13,-175.000000,-185.000000,8.562714
16,13,-170.000000,-185.000000,8.507137
17,13,-165.000000,-185.000000,8.451561
18,13,-160.000000,-185.000000,8.395313
19,13,-155.000000,-185.000000,8.337828
20,13,-150.000000,-185.000000,8.280074
21,13,-145.000000,-185.000000,8.222049
22,13,-140.000000,-185.000000,8.164025
23,13,-135.000000,-185.000000,8.106000
24,13,-130.000000,-185.000000,8.046057
25,13,-125.000000,-185.000000,7.985596
26,13,-120.000000,-185.000000,7.924290
27,13,-115.000000,-185.000000,7.862923
28,13,-110.000000,-185.000000,7.801556
29,13,-105.000000,-185.000000,7.739525
30,13,-100.000000,-185.000000,7.675187
31,13,-95.000000,-185.000000,7.610330
32,13,-90.000000,-185.000000,7.544582
33,13,-85.000000,-185.000000,7.478833
34,13,-80.000000,-185.000000,7.413085
35,13,-75.000000,-185.000000,7.345236
36,13,-70.000000,-185.000000,7.276301
37,13,-65.000000,-185.000000,7.205842
38,13,-60.000000,-185.000000,7.135013
39,13,-55.000000,-185.000000,7.064184
40,13,-50.000000,-185.000000,6.993111
41,13,-45.000000,-185.000000,6.919730
42,13,-40.000000,-185.000000,6.845896
43,13,-35.000000,-185.000000,6.770638
44,13,-30.000000,-185.000000,6.695380
45,13,-25.000000,-185.000000,6.620121
46,13,-20.000000,-185.000000,6.544510
47,13,-15.000000,-185.000000,6.468587
48,13,-10.000000,-185.000000,6.392258
49,13,-5.000000,-185.000000,6.315735
50,13,0.000000,-185.000000,6.239212
51,13,5.000000,-185.000000,6.162689
52,13,10.000000,-185.000000,6.088189
53,13,15.000000,-185.000000,6.014017
54,13,20.000000,-185.000000,5.941899
55,13,25.000000,-185.000000,5.869781
56,13,30.000000,-185.000000,5.797663
57,13,35.000000,-185.000000,5.727266
58,13,40.000000,-185.000000,5.659415
59,13,45.000000,-185.000000,5.594747
60,13,50.000000,-185.000000,5.532699
61,13,55.000000,-185.000000,5.470650
62,13,60.000000,-185.000000,5.408601
63,13,65.000000,-185.000000,5.350215
64,13,70.000000,-185.000000,5.292530
65,13,75.000000,-185.000000,5.242073
66,13,80.000000,-185.000000,5.191727
67,13,85.000000,-185.000000,5.141381
68,13,90.000000,-185.000000,5.091717
69,13,95.000000,-185.000000,5.043849
70,13,100.000000,-185.000000,4.998176
71,13,105.000000,-185.000000,4.955524
72,13,110.000000,-185.000000,4.912872
73,13,115.000000,-185.000000,4.870220
74,13,120.000000,-185.000000,4.827925
75,13,125.000000,-185.000000,4.785774
76,13,130.000000,-185.000000,4.744775
77,13,135.000000,-185.000000,4.703970
78,13,140.000000,-185.000000,4.663164
79,13,145.000000,-185.000000,4.622380
80,13,150.000000,-185.000000,4.581720
81,13,155.000000,-185.000000,4.541212
82,13,160.000000,-185.000000,4.501070
83,13,165.000000,-185.000000,4.460928
84,13,170.000000,-185.000000,4.420786
85,13,175.000000,-185.000000,4.381275
86,13,180.000000,-185.000000,4.342213
87,13,185.000000,-185.000000,4.307011
88,13,190.000000,-185.000000,4.273245
89,13,195.000000,-185.000000,4.239478
90,13,200.000000,-185.000000,4.205743
91,13,205.000000,-185.000000,4.173580
92,13,210.000000,-185.000000,4.143377
93,13,215.000000,-185.000000,4.123118
94,13,220.000000,-185.000000,4.102859
95,13,225.000000,-185.000000,4.082600
96,13,230.000000,-185.000000,4.062776
97,13,235.000000,-185.000000,4.043474
98,13,240.000000,-185.000000,4.032069
99,13,245.000000,-185.000000,4.025914
100,13,250.000000,-185.000000,4.019758
0,14,-250.000000,-180.000000,9.362680
1,14,-245.000000,-180.000000,9.311725
2,14,-240.000000,-180.000000,9.259343
3,14,-235.000000,-180.000000,9.206940
4,14,-230.000000,-180.000000,9.154450
5,14,-225.000000,-180.000000,9.101959
6,14,-220.000000,-180.000000,9.049468
7,14,-215.000000,-180.000000,8.996328
8,14,-210.000000,-180.000000,8.942484
9,14,-205.000000,-180.000000,8.888526
10,14,-200.000000,-180.000000,8.834499
11,14,-195.000000,-180.000000,8.780473
12,14,-190.000000,-180.000000,8.726446
13,14,-185.000000,-180.000000,8.671009
14,14,-180.000000,-180.000000,8.615422
15,14,-175.000000,-180.000000,8.559540
16,14,-170.000000,-180.000000,8.503658
17,14,-165.000000,-180.000000,8.447776
18,14,-160.000000,-180.000000,8.391205
19,14,-155.000000,-180.000000,8.333364
20,14,-150.000000,-180.000000,8.275247
21,14,-145.000000,-180.000000,8.216852
22,14,-140.000000,-180.000000,8.158457
23,14,-135.000000,-180.000000,8.100062
24,14,-130.000000,-180.000000,8.039668
25,14,-125.000000,-180.000000,7.978736
26,14,-120.000000,-180.000000,7.916922
27,14,-115.000000,-180.000000,7.855045
28,14,-110.000000,-180.000000,7.793168
29,14,-105.000000,-180.000000,7.730589
30,14,-100.000000,-180.000000,7.665573
31,14,-95.000000,-180.000000,7.600006
32,14,-90.000000,-180.000000,7.533498
33,14,-85.000000,-180.000000,7.466990
34,14,-80.000000,-180.000000,7.400482
35,14,-75.000000,-180.000000,7.331719
36,14,-70.000000,-180.000000,7.261791
37,14,-65.000000,-180.000000,7.190227
38,14,-60.000000,-180.000000,7.118266
39,14,-55.000000,-180.000000,7.046304
40,14,-50.000000,-180.000000,6.974077
41,14,-45.000000,-180.000000,6.899329
42,14,-40.000000,-180.000000,6.824087
43,14,-35.000000,-180.000000,6.747290
44,14,-30.000000,-180.000000,6.670492
45,14,-25.000000,-180.000000,6.593695
46,14,-20.000000,-180.000000,6.516491
47,14,-15.000000,-180.000000,6.438929
48,14,-10.000000,-180.000000,6.360900
49,14,-5.000000,-180.000000,6.282647
50,14,0.000000,-180.000000,6.204395
51,14,5.000000,-180.000000,6.126142
52,14,10.000000,-180.000000,6.050083
53,14,15.000000,-180.000000,5.974381
54,14,20.000000,-180.000000,5.900906
55,14,25.000000,-180.000000,5.827431
56,14,30.000000,-180.000000,5.753957
57,14,35.000000,-180.000000,5.682393
58,14,40.000000,-180.000000,5.613656
59,14,45.000000,-180.000000,5.548455
60,14,50.000000,-180.000000,5.486163
61,14,55.000000,-180.000000,5.423870
62,14,60.000000,-180.000000,5.361577
63,14,65.000000,-180.000000,5.303448
64,14,70.000000,-180.000000,5.246115
65,14,75.000000,-180.000000,5.196998
66,14,80.000000,-180.000000,5.148008
67,14,85.000000,-180.000000,5.099018
68,14,90.000000,-180.000000,5.050840
69,14,95.000000,-180.000000,5.004802
70,14,100.000000,-180.000000,4.961377
71,14,105.000000,-180.000000,4.921552
72,14,110.000000,-180.000000,4.881726
73,14,115.000000,-180.000000,4.841901
74,14,120.000000,-180.000000,4.802578
75,14,125.000000,-180.000000,4.763460
76,14,130.000000,-180.000000,4.725967
77,14,135.000000,-180.000000,4.688747
78,14,140.000000,-180.000000,4.651528
79,14,145.000000,-180.000000,4.614324
80,14,150.000000,-180.000000,4.577214
81,14,155.000000,-180.000000,4.540219
82,14,160.000000,-180.000000,4.503499
83,14,165.000000,-180.000000,4.466780
84,14,170.000000,-180.000000,4.430061
85,14,175.000000,-180.000000,4.393882
86,14,180.000000,-180.000000,4.358090
87,14,185.000000,-180.000000,4.325609
88,14,190.000000,-180.000000,4.294361
89,14,195.000000,-180.000000,4.263113
90,14,200.000000,-180.000000,4.231892
91,14,205.000000,-180.000000,4.202101
92,14,210.000000,-180.000000,4.174092
93,14,215.000000,-180.000000,4.155122
94,14,220.000000,-180.000000,4.136153
95,14,225.000000,-180.000000,4.117183
96,14,230.000000,-180.000000,4.098616
97,14,235.000000,-180.000000,4.080531
98,14,240.000000,-180.000000,4.069750
99,14,245.000000,-180.000000,4.063824
100,14,250.000000,-180.000000,4.057898
0,15,-250.000000,-175.000000,9.363789
1,15,-245.000000,-175.000000,9.312469
2,15,-240.000000,-175.000000,9.259766
3,15,-235.000000,-175.000000,9.207043
4,15,-230.000000,-175.000000,9.154235
5,15,-225.000000,-175.000000,9.101427
6,15,-220.000000,-175.000000,9.048619
7,15,-215.000000,-175.000000,8.995174
8,15,-210.000000,-175.000000,8.941035
9,15,-205.000000,-175.000000,8.886785
10,15,-200.000000,-175.000000,8.832468
11,15,-195.000000,-175.000000,8.778150
12,15,-190.000000,-175.000000,8.723833
13,15,-185.000000,-175.000000,8.668098
14,15,-180.000000,-175.000000,8.612213
15,15,-175.000000,-175.000000,8.556031
16,15,-170.000000,-175.000000,8.499849
17,15,-165.000000,-175.000000,8.443667
18,15,-160.000000,-175.000000,8.386781
19,15,-155.000000,-175.000000,8.328594
20,15,-150.000000,-175.000000,8.270125
21,15,-145.000000,-175.000000,8.211372
22,15,-140.000000,-175.000000,8.152618
23,15,-135.000000,-175.000000,8.093865
24,15,-130.000000,-175.000000,8.033035
25,15,-125.000000,-175.000000,7.971646
26,15,-120.000000,-175.000000,7.909341
27,15,-115.000000,-175.000000,7.846970
28,15,-110.000000,-175.000000,7.784600
29,15,-105.000000,-175.000000,7.721489
30,15,-100.000000,-175.000000,7.655807
31,15,-95.000000,-175.000000,7.589545
32,15,-90.000000,-175.000000,7.522289
33,15,-85.000000,-175.000000,7.455034
34,15,-80.000000,-175.000000,7.387779
35,15,-75.000000,-175.000000,7.318105
36,15,-70.000000,-175.000000,7.247183
37,15,-65.000000,-175.000000,7.174505
38,15,-60.000000,-175.000000,7.101402
39,15,-55.000000,-175.000000,7.028299
40,15,-50.000000,-175.000000,6.954905
41,15,-45.000000,-175.000000,6.878754
42,15,-40.000000,-175.000000,6.802064
43,15,-35.000000,-175.000000,6.723672
44,15,-30.000000,-175.000000,6.645280
45,15,-25.000000,-175.000000,6.566888
46,15,-20.000000,-175.000000,6.488022
47,15,-15.000000,-175.000000,6.408738
48,15,-10.000000,-175.000000,6.328908
49,15,-5.000000,-175.000000,6.248819
50,15,0.000000,-175.000000,6.168729
51,15,5.000000,-175.000000,6.088640
52,15,10.000000,-175.000000,6.010904
53,15,15.000000,-175.000000,5.933551
54,15,20.000000,-175.000000,5.858588
55,15,25.000000,-175.000000,5.783626
56,15,30.000000,-175.000000,5.708663
57,15,35.000000,-175.000000,5.635807
58,15,40.000000,-175.000000,5.566067
59,15,45.000000,-175.000000,5.500226
60,15,50.000000,-175.000000,5.437589
61,15,55.000000,-175.000000,5.374953
62,15,60.000000,-175.000000,5.312317
63,15,65.000000,-175.000000,5.254366
64,15,70.000000,-175.000000,5.197312
65,15,75.000000,-175.000000,5.149502
66,15,80.000000,-175.000000,5.101835
67,15,85.000000,-175.000000,5.054168
68,15,90.000000,-175.000000,5.007449
69,15,95.000000,-175.000000,4.963221
70,15,100.000000,-175.000000,4.922039
71,15,105.000000,-175.000000,4.885051
72,15,110.000000,-175.000000,4.848062
73,15,115.000000,-175.000000,4.811074
74,15,120.000000,-175.000000,4.774731
75,15,125.000000,-175.000000,4.738650
76,15,130.000000,-175.000000,4.704659
77,15,135.000000,-175.000000,4.671017
78,15,140.000000,-175.000000,4.637375
79,15,145.000000,-175.000000,4.603742
80,15,150.000000,-175.000000,4.570164
81,15,155.000000,-175.000000,4.536653
82,15,160.000000,-175.000000,4.503302
83,15,165.000000,-175.000000,4.469950
84,15,170.000000,-175.000000,4.436599
85,15,175.000000,-175.000000,4.403699
86,15,180.000000,-175.000000,4.371120
87,15,185.000000,-175.000000,4.341301
88,15,190.000000,-175.000000,4.312510
89,15,195.000000,-175.000000,4.283719
90,15,200.000000,-175.000000,4.254953
91,15,205.000000,-175.000000,4.227480
92,15,210.000000,-175.000000,4.201621
93,15,215.000000,-175.000000,4.183941
94,15,220.000000,-175.000000,4.166262
95,15,225.000000,-175.000000,4.148583
96,15,230.000000,-175.000000,4.131276
97,15,235.000000,-175.000000,4.114415
98,15,240.000000,-175.000000,4.104309
99,15,245.000000,-175.000000,4.098694
100,15,250.000000,-175.000000,4.093078
0,16,-250.000000,-170.000000,9.364826
1,16,-245.000000,-170.000000,9.313135
2,16,-240.000000,-170.000000,9.260108
3,16,-235.000000,-170.000000,9.207062
4,16,-230.000000,-170.000000,9.153935
5,16,-225.000000,-170.000000,9.100807
6,16,-220.000000,-170.000000,9.047679
7,16,-215.000000,-170.000000,8.993925
8,16,-210.000000,-170.000000,8.939492
9,16,-205.000000,-170.000000,8.884949
10,16,-200.000000,-170.000000,8.830340
11,16,-195.000000,-170.000000,8.775732
12,16,-190.000000,-170.000000,8.721123
13,16,-185.000000,-170.000000,8.665092
14,16,-180.000000,-170.000000,8.608909
15,16,-175.000000,-170.000000,8.552429
16,16,-170.000000,-170.000000,8.495949
17,16,-165.000000,-170.000000,8.439469
18,16,-160.000000,-170.000000,8.382269
19,16,-155.000000,-170.000000,8.323739
20,16,-150.000000,-170.000000,8.264922
21,16,-145.000000,-170.000000,8.205813
22,16,-140.000000,-170.000000,8.146705
23,16,-135.000000,-170.000000,8.087596
24,16,-130.000000,-170.000000,8.026335
25,16,-125.000000,-170.000000,7.964492
26,16,-120.000000,-170.000000,7.901701
27,16,-115.000000,-170.000000,7.838841
28,16,-110.000000,-170.000000,7.775982
29,16,-105.000000,-170.000000,7.712343
30,16,-100.000000,-170.000000,7.645999
31,16,-95.000000,-170.000000,7.579045
32,16,-90.000000,-170.000000,7.511046
33,16,-85.000000,-170.000000,7.443047
34,16,-80.000000,-170.000000,7.375048
35,16,-75.000000,-170.000000,7.304465
36,16,-70.000000,-170.000000,7.232547
37,16,-65.000000,-170.000000,7.158754
38,16,-60.000000,-170.000000,7.084507
39,16,-55.000000,-170.000000,7.010259
40,16,-50.000000,-170.000000,6.935695
41,16,-45.000000,-170.000000,6.858131
42,16,-40.000000,-170.000000,6.779981
43,16,-35.000000,-170.000000,6.699979
44,16,-30.000000,-170.000000,6.619977
45,16,-25.000000,-170.000000,6.539975
46,16,-20.000000,-170.000000,6.459428
47,16,-15.000000,-170.000000,6.378399
48,16,-10.000000,-170.000000,6.296742
49,16,-5.000000,-170.000000,6.214786
50,16,0.000000,-170.000000,6.132829
51,16,5.000000,-170.000000,6.050873
52,16,10.000000,-170.000000,5.971427
53,16,15.000000,-170.000000,5.892391
54,16,20.000000,-170.000000,5.815904
55,16,25.000000,-170.000000,5.739417
56,16,30.000000,-170.000000,5.662930
57,16,35.000000,-170.000000,5.588747
58,16,40.000000,-170.000000,5.517972
59,16,45.000000,-170.000000,5.451460
60,16,50.000000,-170.000000,5.388452
61,16,55.000000,-170.000000,5.325445
62,16,60.000000,-170.000000,5.262438
63,16,65.000000,-170.000000,5.204644
64,16,70.000000,-170.000000,5.147847
65,16,75.000000,-170.000000,5.101336
66,16,80.000000,-170.000000,5.054983
67,16,85.000000,-170.000000,5.008631
68,16,90.000000,-170.000000,4.963361
69,16,95.000000,-170.000000,4.920939
70,16,100.000000,-170.000000,4.881998
71,16,105.000000,-170.000000,4.847849
72,16,110.000000,-170.000000,4.813701
73,16,115.000000,-170.000000,4.779552
74,16,120.000000,-170.000000,4.746191
75,16,125.000000,-170.000000,4.713150
76,16,130.000000,-170.000000,4.682658
77,16,135.000000,-170.000000,4.652592
78,16,140.000000,-170.000000,4.622526
79,16,145.000000,-170.000000,4.592462
80,16,150.000000,-170.000000,4.562411
81,16,155.000000,-170.000000,4.532375
82,16,160.000000,-170.000000,4.502377
83,16,165.000000,-170.000000,4.472378
84,16,170.000000,-170.000000,4.442380
85,16,175.000000,-170.000000,4.412742
86,16,180.000000,-170.000000,4.383362
87,16,185.000000,-170.000000,4.356189
88,16,190.000000,-170.000000,4.329838
89,16,195.000000,-170.000000,4.303487
90,16,200.000000,-170.000000,4.277159
91,16,205.000000,-170.000000,4.251990
92,16,210.000000,-170.000000,4.228267
93,16,215.000000,-170.000000,4.211878
94,16,220.000000,-170.000000,4.195490
95,16,225.000000,-170.000000,4.179101
96,16,230.000000,-170.000000,4.163055
97,16,235.000000,-170.000000,4.147419
98,16,240.000000,-170.000000,4.138003
99,16,245.000000,-170.000000,4.132721
100,16,250.000000,-170.000000,4.127439
0,17,-250.000000,-165.000000,9.365843
1,17,-245.000000,-165.000000,9.313779
2,17,-240.000000,-165.000000,9.260428
3,17,-235.000000,-165.000000,9.207059
4,17,-230.000000,-165.000000,9.153610
5,17,-225.000000,-165.000000,9.100162
6,17,-220.000000,-165.000000,9.046713
7,17,-215.000000,-165.000000,8.992651
8,17,-210.000000,-165.000000,8.937923
9,17,-205.000000,-165.000000,8.883088
10,17,-200.000000,-165.000000,8.828188
11,17,-195.000000,-165.000000,8.773287
12,17,-190.000000,-165.000000,8.718387
13,17,-185.000000,-165.000000,8.662060
14,17,-180.000000,-165.000000,8.605581
15,17,-175.000000,-165.000000,8.548803
16,17,-170.000000,-165.000000,8.492025
17,17,-165.000000,-165.000000,8.435247
18,17,-160.000000,-165.000000,8.377733
19,17,-155.000000,-165.000000,8.318862
20,17,-150.000000,-165.000000,8.259697
21,17,-145.000000,-165.000000,8.200234
22,17,-140.000000,-165.000000,8.140771
23,17,-135.000000,-165.000000,8.081308
24,17,-130.000000,-165.000000,8.019616
25,17,-125.000000,-165.000000,7.957322
26,17,-120.000000,-165.000000,7.894045
27,17,-115.000000,-165.000000,7.830698
28,17,-110.000000,-165.000000,7.767350
29,17,-105.000000,-165.000000,7.703186
30,17,-100.000000,-165.000000,7.636181
31,17,-95.000000,-165.000000,7.568535
32,17,-90.000000,-165.000000,7.499794
33,17,-85.000000,-165.000000,7.431052
34,17,-80.000000,-165.000000,7.362310
35,17,-75.000000,-165.000000,7.290817
36,17,-70.000000,-165.000000,7.217905
37,17,-65.000000,-165.000000,7.142996
38,17,-60.000000,-165.000000,7.067603
39,17,-55.000000,-165.000000,6.992210
40,17,-50.000000,-165.000000,6.916475
41,17,-45.000000,-165.000000,6.837496
42,17,-40.000000,-165.000000,6.757882
43,17,-35.000000,-165.000000,6.676266
44,17,-30.000000,-165.000000,6.594651
45,17,-25.000000,-165.000000,6.513035
46,17,-20.000000,-165.000000,6.430801
47,17,-15.000000,-165.000000,6.348021
48,17,-10.000000,-165.000000,6.264529
49,17,-5.000000,-165.000000,6.180698
50,17,0.000000,-165.000000,6.096866
51,17,5.000000,-165.000000,6.013035
52,17,10.000000,-165.000000,5.931871
53,17,15.000000,-165.000000,5.851142
54,17,20.000000,-165.000000,5.773121
55,17,25.000000,-165.000000,5.695100
56,17,30.000000,-165.000000,5.617079
57,17,35.000000,-165.000000,5.541560
58,17,40.000000,-165.000000,5.469741
59,17,45.000000,-165.000000,5.402550
60,17,50.000000,-165.000000,5.339165
61,17,55.000000,-165.000000,5.275779
62,17,60.000000,-165.000000,5.212394
63,17,65.000000,-165.000000,5.154751
64,17,70.000000,-165.000000,5.098206
65,17,75.000000,-165.000000,5.052990
66,17,80.000000,-165.000000,5.007950
67,17,85.000000,-165.000000,4.962910
68,17,90.000000,-165.000000,4.919088
69,17,95.000000,-165.000000,4.878470
70,17,100.000000,-165.000000,4.841769
71,17,105.000000,-165.000000,4.810461
72,17,110.000000,-165.000000,4.779153
73,17,115.000000,-165.000000,4.747845
74,17,120.000000,-165.000000,4.717466
75,17,125.000000,-165.000000,4.687465
76,17,130.000000,-165.000000,4.660471
77,17,135.000000,-165.000000,4.633980
78,17,140.000000,-165.000000,4.607490
79,17,145.000000,-165.000000,4.580994
80,17,150.000000,-165.000000,4.554469
81,17,155.000000,-165.000000,4.527907
82,17,160.000000,-165.000000,4.501257
83,17,165.000000,-165.000000,4.474608
84,17,170.000000,-165.000000,4.447958
85,17,175.000000,-165.000000,4.421579
86,17,180.000000,-165.000000,4.395393
87,17,185.000000,-165.000000,4.370862
88,17,190.000000,-165.000000,4.346946
89,17,195.000000,-165.000000,4.323031
90,17,200.000000,-165.000000,4.299136
91,17,205.000000,-165.000000,4.276266
92,17,210.000000,-165.000000,4.254677
93,17,215.000000,-165.000000,4.239579
94,17,220.000000,-165.000000,4.224481
95,17,225.000000,-165.000000,4.209383
96,17,230.000000,-165.000000,4.194599
97,17,235.000000,-165.000000,4.180189
98,17,240.000000,-165.000000,4.171466
99,17,245.000000,-165.000000,4.166523
100,17,250.000000,-165.000000,4.161580
0,18,-250.000000,-160.000000,9.366860
1,18,-245.000000,-160.000000,9.314424
2,18,-240.000000,-160.000000,9.260749
3,18,-235.000000,-160.000000,9.207056
4,18,-230.000000,-160.000000,9.153286
5,18,-225.000000,-160.000000,9.099517
6,18,-220.000000,-160.000000,9.045747
7,18,-215.000000,-160.000000,8.991377
8,18,-210.000000,-160.000000,8.936354
9,18,-205.000000,-160.000000,8.881226
10,18,-200.000000,-160.000000,8.826035
11,18,-195.000000,-160.000000,8.770843
12,18,-190.000000,-160.000000,8.715652
13,18,-185.000000,-160.000000,8.659028
14,18,-180.000000,-160.000000,8.602252
15,18,-175.000000,-160.000000,8.545176
16,18,-170.000000,-160.000000,8.488100
17,18,-165.000000,-160.000000,8.431025
18,18,-160.000000,-160.000000,8.373198
19,18,-155.000000,-160.000000,8.313985
20,18,-150.000000,-160.000000,8.254471
21,18,-145.000000,-160.000000,8.194654
22,18,-140.000000,-160.000000,8.134837
23,18,-135.000000,-160.000000,8.075020
24,18,-130.000000,-160.000000,8.012897
25,18,-125.000000,-160.000000,7.950151
26,18,-120.000000,-160.000000,7.886389
27,18,-115.000000,-160.000000,7.822554
28,18,-110.000000,-160.000000,7.758719
29,18,-105.000000,-160.000000,7.694028
30,18,-100.000000,-160.000000,7.626362
31,18,-95.000000,-160.000000,7.558026
32,18,-90.000000,-160.000000,7.488541
33,18,-85.000000,-160.000000,7.419056
34,18,-80.000000,-160.000000,7.349572
35,18,-75.000000,-160.000000,7.277170
36,18,-70.000000,-160.000000,7.203262
37,18,-65.000000,-160.000000,7.127237
38,18,-60.000000,-160.000000,7.050699
39,18,-55.000000,-160.000000,6.974160
40,18,-50.000000,-160.000000,6.897254
41,18,-45.000000,-160.000000,6.816860
42,18,-40.000000,-160.000000,6.735783
43,18,-35.000000,-160.000000,6.652554
44,18,-30.000000,-160.000000,6.569324
45,18,-25.000000,-160.000000,6.486095
46,18,-20.000000,-160.000000,6.402173
47,18,-15.000000,-160.000000,6.317642
48,18,-10.000000,-160.000000,6.232316
49,18,-5.000000,-160.000000,6.146610
50,18,0.000000,-160.000000,6.060903
51,18,5.000000,-160.000000,5.975197
52,18,10.000000,-160.000000,5.892315
53,18,15.000000,-160.000000,5.809892
54,18,20.000000,-160.000000,5.730338
55,18,25.000000,-160.000000,5.650783
56,18,30.000000,-160.000000,5.571229
57,18,35.000000,-160.000000,5.494373
58,18,40.000000,-160.000000,5.421510
59,18,45.000000,-160.000000,5.353640
60,18,50.000000,-160.000000,5.289877
61,18,55.000000,-160.000000,5.226113
62,18,60.000000,-160.000000,5.162350
63,18,65.000000,-160.000000,5.104857
64,18,70.000000,-160.000000,5.048565
65,18,75.000000,-160.000000,5.004645
66,18,80.000000,-160.000000,4.960917
67,18,85.000000,-160.000000,4.917188
68,18,90.000000,-160.000000,4.874814
69,18,95.000000,-160.000000,4.836000
70,18,100.000000,-160.000000,4.801539
71,18,105.000000,-160.000000,4.773072
72,18,110.000000,-160.000000,4.744605
73,18,115.000000,-160.000000,4.716137
74,18,120.000000,-160.000000,4.688741
75,18,125.000000,-160.000000,4.661779
76,18,130.000000,-160.000000,4.638285
77,18,135.000000,-160.000000,4.615369
78,18,140.000000,-160.000000,4.592454
79,18,145.000000,-160.000000,4.569526
80,18,150.000000,-160.000000,4.546526
81,18,155.000000,-160.000000,4.523438
82,18,160.000000,-160.000000,4.500138
83,18,165.000000,-160.000000,4.476837
84,18,170.000000,-160.000000,4.453537
85,18,175.000000,-160.000000,4.430416
86,18,180.000000,-160.000000,4.407424
87,18,185.000000,-160.000000,4.385534
88,18,190.000000,-160.000000,4.364054
89,18,195.000000,-160.000000,4.342575
90,18,200.000000,-160.000000,4.321113
91,18,205.000000,-160.000000,4.300543
92,18,210.000000,-160.000000,4.281088
93,18,215.000000,-160.000000,4.267280
94,18,220.000000,-160.000000,4.253473
95,18,225.000000,-160.000000,4.239666
96,18,230.000000,-160.000000,4.226142
97,18,235.000000,-160.000000,4.212959
98,18,240.000000,-160.000000,4.204929
99,18,245.000000,-160.000000,4.200325
100,18,250.000000,-160.000000,4.195721
0,19,-250.000000,-155.000000,9.367477
1,19,-245.000000,-155.000000,9.314654
2,19,-240.000000,-155.000000,9.260648
3,19,-235.000000,-155.000000,9.206626
4,19,-230.000000,-155.000000,9.152530
5,19,-225.000000,-155.000000,9.098434
6,19,-220.000000,-155.000000,9.044339
7,19,-215.000000,-155.000000,8.989659
8,19,-210.000000,-155.000000,8.934344
9,19,-205.000000,-155.000000,8.878927
10,19,-200.000000,-155.000000,8.823448
11,19,-195.000000,-155.000000,8.767970
12,19,-190.000000,-155.000000,8.712491
13,19,-185.000000,-155.000000,8.655581
14,19,-180.000000,-155.000000,8.598520
15,19,-175.000000,-155.000000,8.541159
16,19,-170.000000,-155.000000,8.483798
17,19,-165.000000,-155.000000,8.426437
18,19,-160.000000,-155.000000,8.368313
19,19,-155.000000,-155.000000,8.308779
20,19,-150.000000,-155.000000,8.248941
21,19,-145.000000,-155.000000,8.188793
22,19,-140.000000,-155.000000,8.128646
23,19,-135.000000,-155.000000,8.068498
24,19,-130.000000,-155.000000,8.005979
25,19,-125.000000,-155.000000,7.942820
26,19,-120.000000,-155.000000,7.878615
27,19,-115.000000,-155.000000,7.814335
28,19,-110.000000,-155.000000,7.750056
29,19,-105.000000,-155.000000,7.684886
30,19,-100.000000,-155.000000,7.616622
31,19,-95.000000,-155.000000,7.547660
32,19,-90.000000,-155.000000,7.477504
33,19,-85.000000,-155.000000,7.407348
34,19,-80.000000,-155.000000,7.337192
35,19,-75.000000,-155.000000,7.263965
36,19,-70.000000,-155.000000,7.189151
37,19,-65.000000,-155.000000,7.112109
38,19,-60.000000,-155.000000,7.034526
39,19,-55.000000,-155.000000,6.956943
40,19,-50.000000,-155.000000,6.878967
41,19,-45.000000,-155.000000,6.797268
42,19,-40.000000,-155.000000,6.714839
43,19,-35.000000,-155.000000,6.630113
44,19,-30.000000,-155.000000,6.545386
45,19,-25.000000,-155.000000,6.460660
46,19,-20.000000,-155.000000,6.375166
47,19,-15.000000,-155.000000,6.288996
48,19,-10.000000,-155.000000,6.201944
49,19,-5.000000,-155.000000,6.114470
50,19,0.000000,-155.000000,6.026996
51,19,5.000000,-155.000000,5.939522
52,19,10.000000,-155.000000,5.855010
53,19,15.000000,-155.000000,5.770981
54,19,20.000000,-155.000000,5.689960
55,19,25.000000,-155.000000,5.608938
56,19,30.000000,-155.000000,5.527917
57,19,35.000000,-155.000000,5.449781
58,19,40.000000,-155.000000,5.375913
59,19,45.000000,-155.000000,5.307382
60,19,50.000000,-155.000000,5.243241
61,19,55.000000,-155.000000,5.179101
62,19,60.000000,-155.000000,5.114960
63,19,65.000000,-155.000000,5.057594
64,19,70.000000,-155.000000,5.001524
65,19,75.000000,-155.000000,4.958820
66,19,80.000000,-155.000000,4.916324
67,19,85.000000,-155.000000,4.873827
68,19,90.000000,-155.000000,4.832813
69,19,95.000000,-155.000000,4.795697
70,19,100.000000,-155.000000,4.763347
71,19,105.000000,-155.000000,4.737559
72,19,110.000000,-155.000000,4.711771
73,19,115.000000,-155.000000,4.685983
74,19,120.000000,-155.000000,4.661396
75,19,125.000000,-155.000000,4.637297
76,19,130.000000,-155.000000,4.617085
77,19,135.000000,-155.000000,4.597523
78,19,140.000000,-155.000000,4.577961
79,19,145.000000,-155.000000,4.558379
80,19,150.000000,-155.000000,4.538679
81,19,155.000000,-155.000000,4.518836
82,19,160.000000,-155.000000,4.498649
83,19,165.000000,-155.000000,4.478461
84,19,170.000000,-155.000000,4.458273
85,19,175.000000,-155.000000,4.438181
86,19,180.000000,-155.000000,4.418156
87,19,185.000000,-155.000000,4.398712
88,19,190.000000,-155.000000,4.379485
89,19,195.000000,-155.000000,4.360258
90,19,200.000000,-155.000000,4.341046
91,19,205.000000,-155.000000,4.322606
92,19,210.000000,-155.000000,4.305128
93,19,215.000000,-155.000000,4.292533
94,19,220.000000,-155.000000,4.279938
95,19,225.000000,-155.000000,4.267343
96,19,230.000000,-155.000000,4.255006
97,19,235.000000,-155.000000,4.242977
98,19,240.000000,-155.000000,4.235626
99,19,245.000000,-155.000000,4.231385
100,19,250.000000,-155.000000,4.227143
0,20,-250.000000,-150.000000,9.367475
1,20,-245.000000,-150.000000,9.314242
2,20,-240.000000,-150.000000,9.259897
3,20,-235.000000,-150.000000,9.205535
4,20,-230.000000,-150.000000,9.151105
5,20,-225.000000,-150.000000,9.096674
6,20,-220.000000,-150.000000,9.042244
7,20,-215.000000,-150.000000,8.987252
8,20,-210.000000,-150.000000,8.931651
9,20,-205.000000,-150.000000,8.875950
10,20,-200.000000,-150.000000,8.820191
11,20,-195.000000,-150.000000,8.764431
12,20,-190.000000,-150.000000,8.708672
13,20,-185.000000,-150.000000,8.651493
14,20,-180.000000,-150.000000,8.594164
15,20,-175.000000,-150.000000,8.536537
16,20,-170.000000,-150.000000,8.478910
17,20,-165.000000,-150.000000,8.421284
18,20,-160.000000,-150.000000,8.362886
19,20,-155.000000,-150.000000,8.303065
20,20,-150.000000,-150.000000,8.242936
21,20,-145.000000,-150.000000,8.182495
22,20,-140.000000,-150.000000,8.122054
23,20,-135.000000,-150.000000,8.061613
24,20,-130.000000,-150.000000,7.998753
25,20,-125.000000,-150.000000,7.935239
26,20,-120.000000,-150.000000,7.870658
27,20,-115.000000,-150.000000,7.806001
28,20,-110.000000,-150.000000,7.741344
29,20,-105.000000,-150.000000,7.675768
30,20,-100.000000,-150.000000,7.607003
31,20,-95.000000,-150.000000,7.537518
32,20,-90.000000,-150.000000,7.466802
33,20,-85.000000,-150.000000,7.396085
34,20,-80.000000,-150.000000,7.325368
35,20,-75.000000,-150.000000,7.251445
36,20,-70.000000,-150.000000,7.175865
37,20,-65.000000,-150.000000,7.097958
38,20,-60.000000,-150.000000,7.019486
39,20,-55.000000,-150.000000,6.941014
40,20,-50.000000,-150.000000,6.862126
41,20,-45.000000,-150.000000,6.779291
42,20,-40.000000,-150.000000,6.695685
43,20,-35.000000,-150.000000,6.609642
44,20,-30.000000,-150.000000,6.523600
45,20,-25.000000,-150.000000,6.437557
46,20,-20.000000,-150.000000,6.350668
47,20,-15.000000,-150.000000,6.263032
48,20,-10.000000,-150.000000,6.174422
49,20,-5.000000,-150.000000,6.085347
50,20,0.000000,-150.000000,5.996272
51,20,5.000000,-150.000000,5.907197
52,20,10.000000,-150.000000,5.821194
53,20,15.000000,-150.000000,5.735691
54,20,20.000000,-150.000000,5.653307
55,20,25.000000,-150.000000,5.570922
56,20,30.000000,-150.000000,5.488538
57,20,35.000000,-150.000000,5.409208
58,20,40.000000,-150.000000,5.334395
59,20,45.000000,-150.000000,5.265232
60,20,50.000000,-150.000000,5.200715
61,20,55.000000,-150.000000,5.136198
62,20,60.000000,-150.000000,5.071681
63,20,65.000000,-150.000000,5.014403
64,20,70.000000,-150.000000,4.958511
65,20,75.000000,-150.000000,4.916900
66,20,80.000000,-150.000000,4.875511
67,20,85.000000,-150.000000,4.834122
68,20,90.000000,-150.000000,4.794332
69,20,95.000000,-150.000000,4.758750
70,20,100.000000,-150.000000,4.728311
71,20,105.000000,-150.000000,4.704952
72,20,110.000000,-150.000000,4.681594
73,20,115.000000,-150.000000,4.658235
74,20,120.000000,-150.000000,4.636190
75,20,125.000000,-150.000000,4.614677
76,20,130.000000,-150.000000,4.597414
77,20,135.000000,-150.000000,4.580861
78,20,140.000000,-150.000000,4.564308
79,20,145.000000,-150.000000,4.547727
80,20,150.000000,-150.000000,4.530978
81,20,155.000000,-150.000000,4.514027
82,20,160.000000,-150.000000,4.496587
83,20,165.000000,-150.000000,4.479147
84,20,170.000000,-150.000000,4.461707
85,20,175.000000,-150.000000,4.444284
86,20,180.000000,-150.000000,4.426875
87,20,185.000000,-150.000000,4.409576
88,20,190.000000,-150.000000,4.392318
89,20,195.000000,-150.000000,4.375059
90,20,200.000000,-150.000000,4.357814
91,20,205.000000,-150.000000,4.341239
92,20,210.000000,-150.000000,4.325499
93,20,215.000000,-150.000000,4.313995
94,20,220.000000,-150.000000,4.302491
95,20,225.000000,-150.000000,4.290987
96,20,230.000000,-150.000000,4.279719
97,20,235.000000,-150.000000,4.268734
98,20,240.000000,-150.000000,4.262040
99,20,245.000000,-150.000000,4.258197
100,20,250.000000,-150.000000,4.254354
0,21,-250.000000,-145.000000,9.367292
1,21,-245.000000,-145.000000,9.313643
2,21,-240.000000,-145.000000,9.258955
3,21,-235.000000,-145.000000,9.204252
4,21,-230.000000,-145.000000,9.149484
5,21,-225.000000,-145.000000,9.094717
6,21,-220.000000,-145.000000,9.039950
7,21,-215.000000,-145.000000,8.984645
8,21,-210.000000,-145.000000,8.928758
9,21,-205.000000,-145.000000,8.872776
10,21,-200.000000,-145.000000,8.816738
11,21,-195.000000,-145.000000,8.760699
12,21,-190.000000,-145.000000,8.704661
13,21,-185.000000,-145.000000,8.647218
14,21,-180.000000,-145.000000,8.589625
15,21,-175.000000,-145.000000,8.531739
16,21,-170.000000,-145.000000,8.473852
17,21,-165.000000,-145.000000,8.415966
18,21,-160.000000,-145.000000,8.357302
19,21,-155.000000,-145.000000,8.297203
20,21,-150.000000,-145.000000,8.236794
21,21,-145.000000,-145.000000,8.176071
22,21,-140.000000,-145.000000,8.115347
23,21,-135.000000,-145.000000,8.054623
24,21,-130.000000,-145.000000,7.991437
25,21,-125.000000,-145.000000,7.927585
26,21,-120.000000,-145.000000,7.862648
27,21,-115.000000,-145.000000,7.797633
28,21,-110.000000,-145.000000,7.732617
29,21,-105.000000,-145.000000,7.666658
30,21,-100.000000,-145.000000,7.597420
31,21,-95.000000,-145.000000,7.527441
32,21,-90.000000,-145.000000,7.456196
33,21,-85.000000,-145.000000,7.384951
34,21,-80.000000,-145.000000,7.313706
35,21,-75.000000,-145.000000,7.239124
36,21,-70.000000,-145.000000,7.162818
37,21,-65.000000,-145.000000,7.084091
38,21,-60.000000,-145.000000,7.004776
39,21,-55.000000,-145.000000,6.925461
40,21,-50.000000,-145.000000,6.845706
41,21,-45.000000,-145.000000,6.761786
42,21,-40.000000,-145.000000,6.677052
43,21,-35.000000,-145.000000,6.589746
44,21,-30.000000,-145.000000,6.502440
45,21,-25.000000,-145.000000,6.415135
46,21,-20.000000,-145.000000,6.326902
47,21,-15.000000,-145.000000,6.237851
48,21,-10.000000,-145.000000,6.147733
49,21,-5.000000,-145.000000,6.057105
50,21,0.000000,-145.000000,5.966477
51,21,5.000000,-145.000000,5.875849
52,21,10.000000,-145.000000,5.788395
53,21,15.000000,-145.000000,5.701456
54,21,20.000000,-145.000000,5.617740
55,21,25.000000,-145.000000,5.534023
56,21,30.000000,-145.000000,5.450307
57,21,35.000000,-145.000000,5.369808
58,21,40.000000,-145.000000,5.294067
59,21,45.000000,-145.000000,5.224280
60,21,50.000000,-145.000000,5.159387
61,21,55.000000,-145.000000,5.094494
62,21,60.000000,-145.000000,5.029602
63,21,65.000000,-145.000000,4.972401
64,21,70.000000,-145.000000,4.916672
65,21,75.000000,-145.000000,4.876119
66,21,80.000000,-145.000000,4.835801
67,21,85.000000,-145.000000,4.795483
68,21,90.000000,-145.000000,4.756879
69,21,95.000000,-145.000000,4.722782
70,21,100.000000,-145.000000,4.694194
71,21,105.000000,-145.000000,4.673192
72,21,110.000000,-145.000000,4.652191
73,21,115.000000,-145.000000,4.631189
74,21,120.000000,-145.000000,4.611607
75,21,125.000000,-145.000000,4.592601
76,21,130.000000,-145.000000,4.578188
77,21,135.000000,-145.000000,4.564544
78,21,140.000000,-145.000000,4.550900
79,21,145.000000,-145.000000,4.537219
80,21,150.000000,-145.000000,4.523320
81,21,155.000000,-145.000000,4.509158
82,21,160.000000,-145.000000,4.494359
83,21,165.000000,-145.000000,4.479559
84,21,170.000000,-145.000000,4.464760
85,21,175.000000,-145.000000,4.449904
86,21,180.000000,-145.000000,4.435007
87,21,185.000000,-145.000000,4.419764
88,21,190.000000,-145.000000,4.404392
89,21,195.000000,-145.000000,4.389020
90,21,200.000000,-145.000000,4.373660
91,21,205.000000,-145.000000,4.358872
92,21,210.000000,-145.000000,4.344799
93,21,215.000000,-145.000000,4.334350
94,21,220.000000,-145.000000,4.323902
95,21,225.000000,-145.000000,4.313453
96,21,230.000000,-145.000000,4.303222
97,21,235.000000,-145.000000,4.293249
98,21,240.000000,-145.000000,4.287204
99,21,245.000000,-145.000000,4.283771
100,21,250.000000,-145.000000,4.280338
0,22,-250.000000,-140.000000,9.367029
1,22,-245.000000,-140.000000,9.312962
2,22,-240.000000,-140.000000,9.257930
3,22,-235.000000,-140.000000,9.202883
4,22,-230.000000,-140.000000,9.147778
5,22,-225.000000,-140.000000,9.092672
6,22,-220.000000,-140.000000,9.037567
7,22,-215.000000,-140.000000,8.981950
8,22,-210.000000,-140.000000,8.925777
9,22,-205.000000,-140.000000,8.869514
10,22,-200.000000,-140.000000,8.813198
11,22,-195.000000,-140.000000,8.756882
12,22,-190.000000,-140.000000,8.700565
13,22,-185.000000,-140.000000,8.642859
14,22,-180.000000,-140.000000,8.585006
15,22,-175.000000,-140.000000,8.526863
16,22,-170.000000,-140.000000,8.468719
17,22,-165.000000,-140.000000,8.410575
18,22,-160.000000,-140.000000,8.351648
19,22,-155.000000,-140.000000,8.291276
20,22,-150.000000,-140.000000,8.230591
21,22,-145.000000,-140.000000,8.169590
22,22,-140.000000,-140.000000,8.108588
23,22,-135.000000,-140.000000,8.047586
24,22,-130.000000,-140.000000,7.984081
25,22,-125.000000,-140.000000,7.919899
26,22,-120.000000,-140.000000,7.854614
27,22,-115.000000,-140.000000,7.789250
28,22,-110.000000,-140.000000,7.723885
29,22,-105.000000,-140.000000,7.657552
30,22,-100.000000,-140.000000,7.587852
31,22,-95.000000,-140.000000,7.517393
32,22,-90.000000,-140.000000,7.445634
33,22,-85.000000,-140.000000,7.373875
34,22,-80.000000,-140.000000,7.302116
35,22,-75.000000,-140.000000,7.226892
36,22,-70.000000,-140.000000,7.149878
37,22,-65.000000,-140.000000,7.070350
38,22,-60.000000,-140.000000,6.990211
39,22,-55.000000,-140.000000,6.910073
40,22,-50.000000,-140.000000,6.829472
41,22,-45.000000,-140.000000,6.744489
42,22,-40.000000,-140.000000,6.658648
43,22,-35.000000,-140.000000,6.570103
44,22,-30.000000,-140.000000,6.481558
45,22,-25.000000,-140.000000,6.393012
46,22,-20.000000,-140.000000,6.303458
47,22,-15.000000,-140.000000,6.213014
48,22,-10.000000,-140.000000,6.121409
49,22,-5.000000,-140.000000,6.029250
50,22,0.000000,-140.000000,5.937091
51,22,5.000000,-140.000000,5.844932
52,22,10.000000,-140.000000,5.756043
53,22,15.000000,-140.000000,5.667687
54,22,20.000000,-140.000000,5.582651
55,22,25.000000,-140.000000,5.497616
56,22,30.000000,-140.000000,5.412580
57,22,35.000000,-140.000000,5.330924
58,22,40.000000,-140.000000,5.254264
59,22,45.000000,-140.000000,5.183855
60,22,50.000000,-140.000000,5.118587
61,22,55.000000,-140.000000,5.053319
62,22,60.000000,-140.000000,4.988050
63,22,65.000000,-140.000000,4.930922
64,22,70.000000,-140.000000,4.875351
65,22,75.000000,-140.000000,4.835839
66,22,80.000000,-140.000000,4.796577
67,22,85.000000,-140.000000,4.757314
68,22,90.000000,-140.000000,4.719878
69,22,95.000000,-140.000000,4.687244
70,22,100.000000,-140.000000,4.660483
71,22,105.000000,-140.000000,4.641806
72,22,110.000000,-140.000000,4.623129
73,22,115.000000,-140.000000,4.604452
74,22,120.000000,-140.000000,4.587299
75,22,125.000000,-140.000000,4.570763
76,22,130.000000,-140.000000,4.559159
77,22,135.000000,-140.000000,4.548380
78,22,140.000000,-140.000000,4.537601
79,22,145.000000,-140.000000,4.526775
80,22,150.000000,-140.000000,4.515681
81,22,155.000000,-140.000000,4.504262
82,22,160.000000,-140.000000,4.492057
83,22,165.000000,-140.000000,4.479851
84,22,170.000000,-140.000000,4.467645
85,22,175.000000,-140.000000,4.455310
86,22,180.000000,-140.000000,4.442881
87,22,185.000000,-140.000000,4.429655
88,22,190.000000,-140.000000,4.416133
89,22,195.000000,-140.000000,4.402611
90,22,200.000000,-140.000000,4.389098
91,22,205.000000,-140.000000,4.376064
92,22,210.000000,-140.000000,4.363627
93,22,215.000000,-140.000000,4.354219
94,22,220.000000,-140.000000,4.344810
95,22,225.000000,-140.000000,4.335402
96,22,230.000000,-140.000000,4.326191
97,22,235.000000,-140.000000,4.317215
98,22,240.000000,-140.000000,4.311818
99,22,245.000000,-140.000000,4.308799
100,22,250.000000,-140.000000,4.305780
0,23,-250.000000,-135.000000,9.366766
1,23,-245.000000,-135.000000,9.312280
2,23,-240.000000,-135.000000,9.256904
3,23,-235.000000,-135.000000,9.201515
4,23,-230.000000,-135.000000,9.146072
5,23,-225.000000,-135.000000,9.090628
6,23,-220.000000,-135.000000,9.035184
7,23,-215.000000,-135.000000,8.979254
8,23,-210.000000,-135.000000,8.922796
9,23,-205.000000,-135.000000,8.866253
10,23,-200.000000,-135.000000,8.809659
11,23,-195.000000,-135.000000,8.753064
12,23,-190.000000,-135.000000,8.696470
13,23,-185.000000,-135.000000,8.638501
14,23,-180.000000,-135.000000,8.580388
15,23,-175.000000,-135.000000,8.521986
16,23,-170.000000,-135.000000,8.463585
17,23,-165.000000,-135.000000,8.405184
18,23,-160.000000,-135.000000,8.345994
19,23,-155.000000,-135.000000,8.285348
20,23,-150.000000,-135.000000,8.224388
21,23,-145.000000,-135.000000,8.163109
22,23,-140.000000,-135.000000,8.101829
23,23,-135.000000,-135.000000,8.040550
24,23,-130.000000,-135.000000,7.976725
25,23,-125.000000,-135.000000,7.912214
26,23,-120.000000,-135.000000,7.846580
27,23,-115.000000,-135.000000,7.780866
28,23,-110.000000,-135.000000,7.715152
29,23,-105.000000,-135.000000,7.648445
30,23,-100.000000,-135.000000,7.578284
31,23,-95.000000,-135.000000,7.507344
32,23,-90.000000,-135.000000,7.435071
33,23,-85.000000,-135.000000,7.362798
34,23,-80.000000,-135.000000,7.290526
35,23,-75.000000,-135.000000,7.214660
36,23,-70.000000,-135.000000,7.136938
37,23,-65.000000,-135.000000,7.056609
38,23,-60.000000,-135.000000,6.975647
39,23,-55.000000,-135.000000,6.894685
40,23,-50.000000,-135.000000,6.813238
41,23,-45.000000,-135.000000,6.727192
42,23,-40.000000,-135.000000,6.640245
43,23,-35.000000,-135.000000,6.550460
44,23,-30.000000,-135.000000,6.460675
45,23,-25.000000,-135.000000,6.370890
46,23,-20.000000,-135.000000,6.280014
47,23,-15.000000,-135.000000,6.188177
48,23,-10.000000,-135.000000,6.095086
49,23,-5.000000,-135.000000,6.001395
50,23,0.000000,-135.000000,5.907705
51,23,5.000000,-135.000000,5.814015
52,23,10.000000,-135.000000,5.723692
53,23,15.000000,-135.000000,5.633918
54,23,20.000000,-135.000000,5.547563
55,23,25.000000,-135.000000,5.461209
56,23,30.000000,-135.000000,5.374854
57,23,35.000000,-135.000000,5.292040
58,23,40.000000,-135.000000,5.214461
59,23,45.000000,-135.000000,5.143431
60,23,50.000000,-135.000000,5.077787
61,23,55.000000,-135.000000,5.012143
62,23,60.000000,-135.000000,4.946499
63,23,65.000000,-135.000000,4.889443
64,23,70.000000,-135.000000,4.834030
65,23,75.000000,-135.000000,4.795560
66,23,80.000000,-135.000000,4.757353
67,23,85.000000,-135.000000,4.719145
68,23,90.000000,-135.000000,4.682877
69,23,95.000000,-135.000000,4.651707
70,23,100.000000,-135.000000,4.626772
71,23,105.000000,-135.000000,4.610420
72,23,110.000000,-135.000000,4.594067
73,23,115.000000,-135.000000,4.577715
74,23,120.000000,-135.000000,4.562990
75,23,125.000000,-135.000000,4.548926
76,23,130.000000,-135.000000,4.540130
77,23,135.000000,-135.000000,4.532216
78,23,140.000000,-135.000000,4.524301
79,23,145.000000,-135.000000,4.516331
80,23,150.000000,-135.000000,4.508042
81,23,155.000000,-135.000000,4.499366
82,23,160.000000,-135.000000,4.489755
83,23,165.000000,-135.000000,4.480143
84,23,170.000000,-135.000000,4.470531
85,23,175.000000,-135.000000,4.460716
86,23,180.000000,-135.000000,4.450755
87,23,185.000000,-135.000000,4.439546
88,23,190.000000,-135.000000,4.427874
89,23,195.000000,-135.000000,4.416202
90,23,200.000000,-135.000000,4.404537
91,23,205.000000,-135.000000,4.393256
92,23,210.000000,-135.000000,4.382456
93,23,215.000000,-135.000000,4.374087
94,23,220.000000,-135.000000,4.365719
95,23,225.000000,-135.000000,4.357350
96,23,230.000000,-135.000000,4.349160
97,23,235.000000,-135.000000,4.341182
98,23,240.000000,-135.000000,4.336432
99,23,245.000000,-135.000000,4.333827
100,23,250.000000,-135.000000,4.331222
0,24,-250.000000,-130.000000,9.366025
1,24,-245.000000,-130.000000,9.311102
2,24,-240.000000,-130.000000,9.255375
3,24,-235.000000,-130.000000,9.199636
4,24,-230.000000,-130.000000,9.143848
5,24,-225.000000,-130.000000,9.088059
6,24,-220.000000,-130.000000,9.032271
7,24,-215.000000,-130.000000,8.976025
8,24,-210.000000,-130.000000,8.919284
9,24,-205.000000,-130.000000,8.862463
10,24,-200.000000,-130.000000,8.805593
11,24,-195.000000,-130.000000,8.748724
12,24,-190.000000,-130.000000,8.691855
13,24,-185.000000,-130.000000,8.633632
14,24,-180.000000,-130.000000,8.575266
15,24,-175.000000,-130.000000,8.516617
16,24,-170.000000,-130.000000,8.457967
17,24,-165.000000,-130.000000,8.399318
18,24,-160.000000,-130.000000,8.339877
19,24,-155.000000,-130.000000,8.278975
20,24,-150.000000,-130.000000,8.217757
21,24,-145.000000,-130.000000,8.156219
22,24,-140.000000,-130.000000,8.094681
23,24,-135.000000,-130.000000,8.033142
24,24,-130.000000,-130.000000,7.969032
25,24,-125.000000,-130.000000,7.904228
26,24,-120.000000,-130.000000,7.838289
27,24,-115.000000,-130.000000,7.772269
28,24,-110.000000,-130.000000,7.706249
29,24,-105.000000,-130.000000,7.639218
30,24,-100.000000,-130.000000,7.568671
31,24,-95.000000,-130.000000,7.497331
32,24,-90.000000,-130.000000,7.424633
33,24,-85.000000,-130.000000,7.351936
34,24,-80.000000,-130.000000,7.279238
35,24,-75.000000,-130.000000,7.202845
36,24,-70.000000,-130.000000,7.124544
37,24,-65.000000,-130.000000,7.043562
38,24,-60.000000,-130.000000,6.961929
39,24,-55.000000,-130.000000,6.880296
40,24,-50.000000,-130.000000,6.798159
41,24,-45.000000,-130.000000,6.711236
42,24,-40.000000,-130.000000,6.623377
43,24,-35.000000,-130.000000,6.532565
44,24,-30.000000,-130.000000,6.441753
45,24,-25.000000,-130.000000,6.350941
46,24,-20.000000,-130.000000,6.258965
47,24,-15.000000,-130.000000,6.165963
48,24,-10.000000,-130.000000,6.071622
49,24,-5.000000,-130.000000,5.976642
50,24,0.000000,-130.000000,5.881662
51,24,5.000000,-130.000000,5.786682
52,24,10.000000,-130.000000,5.695150
53,24,15.000000,-130.000000,5.604180
54,24,20.000000,-130.000000,5.516711
55,24,25.000000,-130.000000,5.429242
56,24,30.000000,-130.000000,5.341773
57,24,35.000000,-130.000000,5.257986
58,24,40.000000,-130.000000,5.179645
59,24,45.000000,-130.000000,5.108115
60,24,50.000000,-130.000000,5.042187
61,24,55.000000,-130.000000,4.976259
62,24,60.000000,-130.000000,4.910332
63,24,65.000000,-130.000000,4.853390
64,24,70.000000,-130.000000,4.798167
65,24,75.000000,-130.000000,4.760675
66,24,80.000000,-130.000000,4.723457
67,24,85.000000,-130.000000,4.686239
68,24,90.000000,-130.000000,4.651060
69,24,95.000000,-130.000000,4.621244
70,24,100.000000,-130.000000,4.597986
71,24,105.000000,-130.000000,4.583754
72,24,110.000000,-130.000000,4.569523
73,24,115.000000,-130.000000,4.555292
74,24,120.000000,-130.000000,4.542780
75,24,125.000000,-130.000000,4.530966
76,24,130.000000,-130.000000,4.524718
77,24,135.000000,-130.000000,4.519400
78,24,140.000000,-130.000000,4.514082
79,24,145.000000,-130.000000,4.508701
80,24,150.000000,-130.000000,4.502954
81,24,155.000000,-130.000000,4.496762
82,24,160.000000,-130.000000,4.489495
83,24,165.000000,-130.000000,4.482228
84,24,170.000000,-130.000000,4.474961
85,24,175.000000,-130.000000,4.467423
86,24,180.000000,-130.000000,4.459693
87,24,185.000000,-130.000000,4.450308
88,24,190.000000,-130.000000,4.440307
89,24,195.000000,-130.000000,4.430307
90,24,200.000000,-130.000000,4.420312
91,24,205.000000,-130.000000,4.410617
92,24,210.000000,-130.000000,4.401297
93,24,215.000000,-130.000000,4.393875
94,24,220.000000,-130.000000,4.386452
95,24,225.000000,-130.000000,4.379030
96,24,230.000000,-130.000000,4.371768
97,24,235.000000,-130.000000,4.364699
98,24,240.000000,-130.000000,4.360544
99,24,245.000000,-130.000000,4.358326
100,24,250.000000,-130.000000,4.356108
0,25,-250.000000,-125.000000,9.364153
1,25,-245.000000,-125.000000,9.308754
2,25,-240.000000,-125.000000,9.252657
3,25,-235.000000,-125.000000,9.196551
4,25,-230.000000,-125.000000,9.140402
5,25,-225.000000,-125.000000,9.084253
6,25,-220.000000,-125.000000,9.028104
7,25,-215.000000,-125.000000,8.971538
8,25,-210.000000,-125.000000,8.914518
9,25,-205.000000,-125.000000,8.857425
10,25,-200.000000,-125.000000,8.800287
11,25,-195.000000,-125.000000,8.743150
12,25,-190.000000,-125.000000,8.686013
13,25,-185.000000,-125.000000,8.627555
14,25,-180.000000,-125.000000,8.568957
15,25,-175.000000,-125.000000,8.510082
16,25,-170.000000,-125.000000,8.451207
17,25,-165.000000,-125.000000,8.392332
18,25,-160.000000,-125.000000,8.332668
19,25,-155.000000,-125.000000,8.271550
20,25,-150.000000,-125.000000,8.210117
21,25,-145.000000,-125.000000,8.148365
22,25,-140.000000,-125.000000,8.086613
23,25,-135.000000,-125.000000,8.024861
24,25,-130.000000,-125.000000,7.960543
25,25,-125.000000,-125.000000,7.895533
26,25,-120.000000,-125.000000,7.829391
27,25,-115.000000,-125.000000,7.763168
28,25,-110.000000,-125.000000,7.696944
29,25,-105.000000,-125.000000,7.629708
30,25,-100.000000,-125.000000,7.558951
31,25,-95.000000,-125.000000,7.487399
32,25,-90.000000,-125.000000,7.414488
33,25,-85.000000,-125.000000,7.341577
34,25,-80.000000,-125.000000,7.268665
35,25,-75.000000,-125.000000,7.192019
36,25,-70.000000,-125.000000,7.113442
37,25,-65.000000,-125.000000,7.032155
38,25,-60.000000,-125.000000,6.950210
39,25,-55.000000,-125.000000,6.868265
40,25,-50.000000,-125.000000,6.785804
41,25,-45.000000,-125.000000,6.698447
42,25,-40.000000,-125.000000,6.610132
43,25,-35.000000,-125.000000,6.518796
44,25,-30.000000,-125.000000,6.427460
45,25,-25.000000,-125.000000,6.336124
46,25,-20.000000,-125.000000,6.243569
47,25,-15.000000,-125.000000,6.149940
48,25,-10.000000,-125.000000,6.054909
49,25,-5.000000,-125.000000,5.959209
50,25,0.000000,-125.000000,5.863509
51,25,5.000000,-125.000000,5.767809
52,25,10.000000,-125.000000,5.675599
53,25,15.000000,-125.000000,5.583956
54,25,20.000000,-125.000000,5.495856
55,25,25.000000,-125.000000,5.407756
56,25,30.000000,-125.000000,5.319656
57,25,35.000000,-125.000000,5.235335
58,25,40.000000,-125.000000,5.156601
59,25,45.000000,-125.000000,5.084858
60,25,50.000000,-125.000000,5.018862
61,25,55.000000,-125.000000,4.952867
62,25,60.000000,-125.000000,4.886872
63,25,65.000000,-125.000000,4.830144
64,25,70.000000,-125.000000,4.775190
65,25,75.000000,-125.000000,4.738523
66,25,80.000000,-125.000000,4.702138
67,25,85.000000,-125.000000,4.665754
68,25,90.000000,-125.000000,4.631480
69,25,95.000000,-125.000000,4.602758
70,25,100.000000,-125.000000,4.580823
71,25,105.000000,-125.000000,4.568232
72,25,110.000000,-125.000000,4.555642
73,25,115.000000,-125.000000,4.543051
74,25,120.000000,-125.000000,4.532242
75,25,125.000000,-125.000000,4.522157
76,25,130.000000,-125.000000,4.517840
77,25,135.000000,-125.000000,4.514488
78,25,140.000000,-125.000000,4.511136
79,25,145.000000,-125.000000,4.507714
80,25,150.000000,-125.000000,4.503886
81,25,155.000000,-125.000000,4.499566
82,25,160.000000,-125.000000,4.494055
83,25,165.000000,-125.000000,4.488545
84,25,170.000000,-125.000000,4.483034
85,25,175.000000,-125.000000,4.477204
86,25,180.000000,-125.000000,4.471144
87,25,185.000000,-125.000000,4.463125
88,25,190.000000,-125.000000,4.454376
89,25,195.000000,-125.000000,4.445627
90,25,200.000000,-125.000000,4.436882
91,25,205.000000,-125.000000,4.428376
92,25,210.000000,-125.000000,4.420169
93,25,215.000000,-125.000000,4.413471
94,25,220.000000,-125.000000,4.406773
95,25,225.000000,-125.000000,4.400076
96,25,230.000000,-125.000000,4.393527
97,25,235.000000,-125.000000,4.387155
98,25,240.000000,-125.000000,4.383471
99,25,245.000000,-125.000000,4.381575
100,25,250.000000,-125.000000,4.379679
0,26,-250.000000,-120.000000,9.361952
1,26,-245.000000,-120.000000,9.306064
2,26,-240.000000,-120.000000,9.249594
3,26,-235.000000,-120.000000,9.193116
4,26,-230.000000,-120.000000,9.136602
5,26,-225.000000,-120.000000,9.080087
6,26,-220.000000,-120.000000,9.023573
7,26,-215.000000,-120.000000,8.966684
8,26,-210.000000,-120.000000,8.909386
9,26,-205.000000,-120.000000,8.852023
10,26,-200.000000,-120.000000,8.794621
11,26,-195.000000,-120.000000,8.737218
12,26,-190.000000,-120.000000,8.679815
13,26,-185.000000,-120.000000,8.621127
14,26,-180.000000,-120.000000,8.562302
15,26,-175.000000,-120.000000,8.503208
16,26,-170.000000,-120.000000,8.444114
17,26,-165.000000,-120.000000,8.385020
18,26,-160.000000,-120.000000,8.325142
19,26,-155.000000,-120.000000,8.263819
20,26,-150.000000,-120.000000,8.202184
21,26,-145.000000,-120.000000,8.140231
22,26,-140.000000,-120.000000,8.078279
23,26,-135.000000,-120.000000,8.016326
24,26,-130.000000,-120.000000,7.951823
25,26,-125.000000,-120.000000,7.886632
26,26,-120.000000,-120.000000,7.820316
27,26,-115.000000,-120.000000,7.753919
28,26,-110.000000,-120.000000,7.687522
29,26,-105.000000,-120.000000,7.620116
30,26,-100.000000,-120.000000,7.549199
31,26,-95.000000,-120.000000,7.477491
32,26,-90.000000,-120.000000,7.404428
33,26,-85.000000,-120.000000,7.331364
34,26,-80.000000,-120.000000,7.258301
35,26,-75.000000,-120.000000,7.181479
36,26,-70.000000,-120.000000,7.102715
37,26,-65.000000,-120.000000,7.021225
38,26,-60.000000,-120.000000,6.939072
39,26,-55.000000,-120.000000,6.856920
40,26,-50.000000,-120.000000,6.774241
41,26,-45.000000,-120.000000,6.686579
42,26,-40.000000,-120.000000,6.597941
43,26,-35.000000,-120.000000,6.506227
44,26,-30.000000,-120.000000,6.414513
45,26,-25.000000,-120.000000,6.322799
46,26,-20.000000,-120.000000,6.229817
47,26,-15.000000,-120.000000,6.135718
48,26,-10.000000,-120.000000,6.040160
49,26,-5.000000,-120.000000,5.943906
50,26,0.000000,-120.000000,5.847652
51,26,5.000000,-120.000000,5.751398
52,26,10.000000,-120.000000,5.658662
53,26,15.000000,-120.000000,5.566499
54,26,20.000000,-120.000000,5.477909
55,26,25.000000,-120.000000,5.389319
56,26,30.000000,-120.000000,5.300729
57,26,35.000000,-120.000000,5.216000
58,26,40.000000,-120.000000,5.136983
59,26,45.000000,-120.000000,5.065108
60,26,50.000000,-120.000000,4.999108
61,26,55.000000,-120.000000,4.933108
62,26,60.000000,-120.000000,4.867108
63,26,65.000000,-120.000000,4.810625
64,26,70.000000,-120.000000,4.755962
65,26,75.000000,-120.000000,4.720075
66,26,80.000000,-120.000000,4.684479
67,26,85.000000,-120.000000,4.648883
68,26,90.000000,-120.000000,4.615460
69,26,95.000000,-120.000000,4.587756
70,26,100.000000,-120.000000,4.567042
71,26,105.000000,-120.000000,4.555952
72,26,110.000000,-120.000000,4.544862
73,26,115.000000,-120.000000,4.533772
74,26,120.000000,-120.000000,4.524518
75,26,125.000000,-120.000000,4.516010
76,26,130.000000,-120.000000,4.513446
77,26,135.000000,-120.000000,4.511876
78,26,140.000000,-120.000000,4.510305
79,26,145.000000,-120.000000,4.508659
80,26,150.000000,-120.000000,4.506569
81,26,155.000000,-120.000000,4.503943
82,26,160.000000,-120.000000,4.500018
83,26,165.000000,-120.000000,4.496093
84,26,170.000000,-120.000000,4.492168
85,26,175.000000,-120.000000,4.487878
86,26,180.000000,-120.000000,4.483327
87,26,185.000000,-120.000000,4.476539
88,26,190.000000,-120.000000,4.468919
89,26,195.000000,-120.000000,4.461300
90,26,200.000000,-120.000000,4.453684
91,26,205.000000,-120.000000,4.446251
92,26,210.000000,-120.000000,4.439049
93,26,215.000000,-120.000000,4.433012
94,26,220.000000,-120.000000,4.426975
95,26,225.000000,-120.000000,4.420937
96,26,230.000000,-120.000000,4.415037
97,26,235.000000,-120.000000,4.409301
98,26,240.000000,-120.000000,4.406054
99,26,245.000000,-120.000000,4.404462
100,26,250.000000,-120.000000,4.402869
0,27,-250.000000,-115.000000,9.359531
1,27,-245.000000,-115.000000,9.303147
2,27,-240.000000,-115.000000,9.246300
3,27,-235.000000,-115.000000,9.189446
4,27,-230.000000,-115.000000,9.132563
5,27,-225.000000,-115.000000,9.075681
6,27,-220.000000,-115.000000,9.018799
7,27,-215.000000,-115.000000,8.961585
8,27,-210.000000,-115.000000,8.904011
9,27,-205.000000,-115.000000,8.846379
10,27,-200.000000,-115.000000,8.788713
11,27,-195.000000,-115.000000,8.731046
12,27,-190.000000,-115.000000,8.673379
13,27,-185.000000,-115.000000,8.614464
14,27,-180.000000,-115.000000,8.555416
15,27,-175.000000,-115.000000,8.496107
16,27,-170.000000,-115.000000,8.436798
17,27,-165.000000,-115.000000,8.377489
18,27,-160.000000,-115.000000,8.317404
19,27,-155.000000,-115.000000,8.255884
20,27,-150.000000,-115.000000,8.194054
21,27,-145.000000,-115.000000,8.131910
22,27,-140.000000,-115.000000,8.069765
23,27,-135.000000,-115.000000,8.007621
24,27,-130.000000,-115.000000,7.942948
25,27,-125.000000,-115.000000,7.877593
26,27,-120.000000,-115.000000,7.811123
27,27,-115.000000,-115.000000,7.744572
28,27,-110.000000,-115.000000,7.678022
29,27,-105.000000,-115.000000,7.610468
30,27,-100.000000,-115.000000,7.539427
31,27,-95.000000,-115.000000,7.467599
32,27,-90.000000,-115.000000,7.394425
33,27,-85.000000,-115.000000,7.321250
34,27,-80.000000,-115.000000,7.248075
35,27,-75.000000,-115.000000,7.171131
36,27,-70.000000,-115.000000,7.092240
37,27,-65.000000,-115.000000,7.010613
38,27,-60.000000,-115.000000,6.928323
39,27,-55.000000,-115.000000,6.846032
40,27,-50.000000,-115.000000,6.763209
41,27,-45.000000,-115.000000,6.675326
42,27,-40.000000,-115.000000,6.586454
43,27,-35.000000,-115.000000,6.494460
44,27,-30.000000,-115.000000,6.402466
45,27,-25.000000,-115.000000,6.310472
46,27,-20.000000,-115.000000,6.217165
47,27,-15.000000,-115.000000,6.122700
48,27,-10.000000,-115.000000,6.026724
49,27,-5.000000,-115.000000,5.930026
50,27,0.000000,-115.000000,5.833329
51,27,5.000000,-115.000000,5.736631
52,27,10.000000,-115.000000,5.643474
53,27,15.000000,-115.000000,5.550893
54,27,20.000000,-115.000000,5.461907
55,27,25.000000,-115.000000,5.372920
56,27,30.000000,-115.000000,5.283934
57,27,35.000000,-115.000000,5.198883
58,27,40.000000,-115.000000,5.119653
59,27,45.000000,-115.000000,5.047703
60,27,50.000000,-115.000000,4.981741
61,27,55.000000,-115.000000,4.915778
62,27,60.000000,-115.000000,4.849816
63,27,65.000000,-115.000000,4.793595
64,27,70.000000,-115.000000,4.739239
65,27,75.000000,-115.000000,4.704103
66,27,80.000000,-115.000000,4.669265
67,27,85.000000,-115.000000,4.634427
68,27,90.000000,-115.000000,4.601820
69,27,95.000000,-115.000000,4.575083
70,27,100.000000,-115.000000,4.555521
71,27,105.000000,-115.000000,4.545838
72,27,110.000000,-115.000000,4.536156
73,27,115.000000,-115.000000,4.526473
74,27,120.000000,-115.000000,4.518675
75,27,125.000000,-115.000000,4.511643
76,27,130.000000,-115.000000,4.510711
77,27,135.000000,-115.000000,4.510800
78,27,140.000000,-115.000000,4.510889
79,27,145.000000,-115.000000,4.510895
80,27,150.000000,-115.000000,4.510424
81,27,155.000000,-115.000000,4.509372
82,27,160.000000,-115.000000,4.506918
83,27,165.000000,-115.000000,4.504464
84,27,170.000000,-115.000000,4.502010
85,27,175.000000,-115.000000,4.499149
86,27,180.000000,-115.000000,4.495998
87,27,185.000000,-115.000000,4.490353
88,27,190.000000,-115.000000,4.483781
89,27,195.000000,-115.000000,4.477209
90,27,200.000000,-115.000000,4.470639
91,27,205.000000,-115.000000,4.464204
92,27,210.000000,-115.000000,4.457936
93,27,215.000000,-115.000000,4.452516
94,27,220.000000,-115.000000,4.447096
95,27,225.000000,-115.000000,4.441676
96,27,230.000000,-115.000000,4.436383
97,27,235.000000,-115.000000,4.431242
98,27,240.000000,-115.000000,4.428407
99,27,245.000000,-115.000000,4.427105
100,27,250.000000,-115.000000,4.425803
0,28,-250.000000,-110.000000,9.357110
1,28,-245.000000,-110.000000,9.300230
2,28,-240.000000,-110.000000,9.243005
3,28,-235.000000,-110.000000,9.185776
4,28,-230.000000,-110.000000,9.128525
5,28,-225.000000,-110.000000,9.071275
6,28,-220.000000,-110.000000,9.014024
7,28,-215.000000,-110.000000,8.956486
8,28,-210.000000,-110.000000,8.898636
9,28,-205.000000,-110.000000,8.840735
10,28,-200.000000,-110.000000,8.782804
11,28,-195.000000,-110.000000,8.724874
12,28,-190.000000,-110.000000,8.666943
13,28,-185.000000,-110.000000,8.607801
14,28,-180.000000,-110.000000,8.548531
15,28,-175.000000,-110.000000,8.489007
16,28,-170.000000,-110.000000,8.429483
17,28,-165.000000,-110.000000,8.369959
18,28,-160.000000,-110.000000,8.309665
19,28,-155.000000,-110.000000,8.247949
20,28,-150.000000,-110.000000,8.185924
21,28,-145.000000,-110.000000,8.123588
22,28,-140.000000,-110.000000,8.061252
23,28,-135.000000,-110.000000,7.998916
24,28,-130.000000,-110.000000,7.934073
25,28,-125.000000,-110.000000,7.868554
26,28,-120.000000,-110.000000,7.801929
27,28,-115.000000,-110.000000,7.735226
28,28,-110.000000,-110.000000,7.668522
29,28,-105.000000,-110.000000,7.600821
30,28,-100.000000,-110.000000,7.529655
31,28,-95.000000,-110.000000,7.457707
32,28,-90.000000,-110.000000,7.384421
33,28,-85.000000,-110.000000,7.311136
34,28,-80.000000,-110.000000,7.237850
35,28,-75.000000,-110.000000,7.160783
36,28,-70.000000,-110.000000,7.081764
37,28,-65.000000,-110.000000,7.000002
38,28,-60.000000,-110.000000,6.917574
39,28,-55.000000,-110.000000,6.835145
40,28,-50.000000,-110.000000,6.752176
41,28,-45.000000,-110.000000,6.664074
42,28,-40.000000,-110.000000,6.574967
43,28,-35.000000,-110.000000,6.482693
44,28,-30.000000,-110.000000,6.390419
45,28,-25.000000,-110.000000,6.298145
46,28,-20.000000,-110.000000,6.204512
47,28,-15.000000,-110.000000,6.109681
48,28,-10.000000,-110.000000,6.013287
49,28,-5.000000,-110.000000,5.916146
50,28,0.000000,-110.000000,5.819006
51,28,5.000000,-110.000000,5.721865
52,28,10.000000,-110.000000,5.628286
53,28,15.000000,-110.000000,5.535287
54,28,20.000000,-110.000000,5.445904
55,28,25.000000,-110.000000,5.356521
56,28,30.000000,-110.000000,5.267139
57,28,35.000000,-110.000000,5.181766
58,28,40.000000,-110.000000,5.102323
59,28,45.000000,-110.000000,5.030298
60,28,50.000000,-110.000000,4.964373
61,28,55.000000,-110.000000,4.898448
62,28,60.000000,-110.000000,4.832523
63,28,65.000000,-110.000000,4.776566
64,28,70.000000,-110.000000,4.722515
65,28,75.000000,-110.000000,4.688131
66,28,80.000000,-110.000000,4.654051
67,28,85.000000,-110.000000,4.619971
68,28,90.000000,-110.000000,4.588179
69,28,95.000000,-110.000000,4.562409
70,28,100.000000,-110.000000,4.544000
71,28,105.000000,-110.000000,4.535725
72,28,110.000000,-110.000000,4.527449
73,28,115.000000,-110.000000,4.519174
74,28,120.000000,-110.000000,4.512832
75,28,125.000000,-110.000000,4.507275
76,28,130.000000,-110.000000,4.507977
77,28,135.000000,-110.000000,4.509724
78,28,140.000000,-110.000000,4.511472
79,28,145.000000,-110.000000,4.513132
80,28,150.000000,-110.000000,4.514278
81,28,155.000000,-110.000000,4.514801
82,28,160.000000,-110.000000,4.513818
83,28,165.000000,-110.000000,4.512835
84,28,170.000000,-110.000000,4.511853
85,28,175.000000,-110.000000,4.510421
86,28,180.000000,-110.000000,4.508669
87,28,185.000000,-110.000000,4.504167
88,28,190.000000,-110.000000,4.498643
89,28,195.000000,-110.000000,4.493118
90,28,200.000000,-110.000000,4.487595
91,28,205.000000,-110.000000,4.482157
92,28,210.000000,-110.000000,4.476822
93,28,215.000000,-110.000000,4.472020
94,28,220.000000,-110.000000,4.467217
95,28,225.000000,-110.000000,4.462414
96,28,230.000000,-110.000000,4.457728
97,28,235.000000,-110.000000,4.453182
98,28,240.000000,-110.000000,4.450760
99,28,245.000000,-110.000000,4.449748
100,28,250.000000,-110.000000,4.448737
0,29,-250.000000,-105.000000,9.354234
1,29,-245.000000,-105.000000,9.296839
2,29,-240.000000,-105.000000,9.239229
3,29,-235.000000,-105.000000,9.181616
4,29,-230.000000,-105.000000,9.123989
5,29,-225.000000,-105.000000,9.066363
6,29,-220.000000,-105.000000,9.008737
7,29,-215.000000,-105.000000,8.950870
8,29,-210.000000,-105.000000,8.892744
9,29,-205.000000,-105.000000,8.834575
10,29,-200.000000,-105.000000,8.776380
11,29,-195.000000,-105.000000,8.718186
12,29,-190.000000,-105.000000,8.659992
13,29,-185.000000,-105.000000,8.600625
14,29,-180.000000,-105.000000,8.541135
15,29,-175.000000,-105.000000,8.481399
16,29,-170.000000,-105.000000,8.421663
17,29,-165.000000,-105.000000,8.361928
18,29,-160.000000,-105.000000,8.301428
19,29,-155.000000,-105.000000,8.239520
20,29,-150.000000,-105.000000,8.177307
21,29,-145.000000,-105.000000,8.114784
22,29,-140.000000,-105.000000,8.052262
23,29,-135.000000,-105.000000,7.989740
24,29,-130.000000,-105.000000,7.924743
25,29,-125.000000,-105.000000,7.859078
26,29,-120.000000,-105.000000,7.792322
27,29,-115.000000,-105.000000,7.725488
28,29,-110.000000,-105.000000,7.658654
29,29,-105.000000,-105.000000,7.590835
30,29,-100.000000,-105.000000,7.519595
31,29,-95.000000,-105.000000,7.447583
32,29,-90.000000,-105.000000,7.374249
33,29,-85.000000,-105.000000,7.300916
34,29,-80.000000,-105.000000,7.227583
35,29,-75.000000,-105.000000,7.150482
36,29,-70.000000,-105.000000,7.071437
37,29,-65.000000,-105.000000,6.989657
38,29,-60.000000,-105.000000,6.907214
39,29,-55.000000,-105.000000,6.824772
40,29,-50.000000,-105.000000,6.741783
41,29,-45.000000,-105.000000,6.653620
42,29,-40.000000,-105.000000,6.564444
43,29,-35.000000,-105.000000,6.472074
44,29,-30.000000,-105.000000,6.379705
45,29,-25.000000,-105.000000,6.287335
46,29,-20.000000,-105.000000,6.193571
47,29,-15.000000,-105.000000,6.098576
48,29,-10.000000,-105.000000,6.001977
49,29,-5.000000,-105.000000,5.904611
50,29,0.000000,-105.000000,5.807245
51,29,5.000000,-105.000000,5.709879
52,29,10.000000,-105.000000,5.616086
53,29,15.000000,-105.000000,5.522874
54,29,20.000000,-105.000000,5.433290
55,29,25.000000,-105.000000,5.343706
56,29,30.000000,-105.000000,5.254121
57,29,35.000000,-105.000000,5.168605
58,29,40.000000,-105.000000,5.089105
59,29,45.000000,-105.000000,5.017131
60,29,50.000000,-105.000000,4.951345
61,29,55.000000,-105.000000,4.885560
62,29,60.000000,-105.000000,4.819774
63,29,65.000000,-105.000000,4.764140
64,29,70.000000,-105.000000,4.710449
65,29,75.000000,-105.000000,4.676786
66,29,80.000000,-105.000000,4.643434
67,29,85.000000,-105.000000,4.610082
68,29,90.000000,-105.000000,4.579067
69,29,95.000000,-105.000000,4.554198
70,29,100.000000,-105.000000,4.536844
71,29,105.000000,-105.000000,4.529836
72,29,110.000000,-105.000000,4.522828
73,29,115.000000,-105.000000,4.515820
74,29,120.000000,-105.000000,4.510786
75,29,125.000000,-105.000000,4.506553
76,29,130.000000,-105.000000,4.508709
77,29,135.000000,-105.000000,4.511934
78,29,140.000000,-105.000000,4.515159
79,29,145.000000,-105.000000,4.518291
80,29,150.000000,-105.000000,4.520878
81,29,155.000000,-105.000000,4.522805
82,29,160.000000,-105.000000,4.523136
83,29,165.000000,-105.000000,4.523466
84,29,170.000000,-105.000000,4.523797
85,29,175.000000,-105.000000,4.523642
86,29,180.000000,-105.000000,4.523140
87,29,185.000000,-105.000000,4.519664
88,29,190.000000,-105.000000,4.515081
89,29,195.000000,-105.000000,4.510498
90,29,200.000000,-105.000000,4.505915
91,29,205.000000,-105.000000,4.501372
92,29,210.000000,-105.000000,4.496877
93,29,215.000000,-105.000000,4.492628
94,29,220.000000,-105.000000,4.488380
95,29,225.000000,-105.000000,4.484131
96,29,230.000000,-105.000000,4.479990
97,29,235.000000,-105.000000,4.475978
98,29,240.000000,-105.000000,4.473921
99,29,245.000000,-105.000000,4.473164
100,29,250.000000,-105.000000,4.472406
0,30,-250.000000,-100.000000,9.349567
1,30,-245.000000,-100.000000,9.291585
2,30,-240.000000,-100.000000,9.233557
3,30,-235.000000,-100.000000,9.175528
4,30,-230.000000,-100.000000,9.117497
5,30,-225.000000,-100.000000,9.059465
6,30,-220.000000,-100.000000,9.001433
7,30,-215.000000,-100.000000,8.943223
8,30,-210.000000,-100.000000,8.884818
9,30,-205.000000,-100.000000,8.826382
10,30,-200.000000,-100.000000,8.767928
11,30,-195.000000,-100.000000,8.709473
12,30,-190.000000,-100.000000,8.651018
13,30,-185.000000,-100.000000,8.591436
14,30,-180.000000,-100.000000,8.531735
15,30,-175.000000,-100.000000,8.471798
16,30,-170.000000,-100.000000,8.411861
17,30,-165.000000,-100.000000,8.351924
18,30,-160.000000,-100.000000,8.291234
19,30,-155.000000,-100.000000,8.229154
20,30,-150.000000,-100.000000,8.166773
21,30,-145.000000,-100.000000,8.104087
22,30,-140.000000,-100.000000,8.041401
23,30,-135.000000,-100.000000,7.978715
24,30,-130.000000,-100.000000,7.913625
25,30,-125.000000,-100.000000,7.847887
26,30,-120.000000,-100.000000,7.781089
27,30,-115.000000,-100.000000,7.714215
28,30,-110.000000,-100.000000,7.647341
29,30,-105.000000,-100.000000,7.579520
30,30,-100.000000,-100.000000,7.508404
31,30,-95.000000,-100.000000,7.436545
32,30,-90.000000,-100.000000,7.363414
33,30,-85.000000,-100.000000,7.290283
34,30,-80.000000,-100.000000,7.217152
35,30,-75.000000,-100.000000,7.140365
36,30,-70.000000,-100.000000,7.061690
37,30,-65.000000,-100.000000,6.980361
38,30,-60.000000,-100.000000,6.898389
39,30,-55.000000,-100.000000,6.816416
40,30,-50.000000,-100.000000,6.733907
41,30,-45.000000,-100.000000,6.646306
42,30,-40.000000,-100.000000,6.557708
43,30,-35.000000,-100.000000,6.465967
44,30,-30.000000,-100.000000,6.374227
45,30,-25.000000,-100.000000,6.282486
46,30,-20.000000,-100.000000,6.189352
47,30,-15.000000,-100.000000,6.094988
48,30,-10.000000,-100.000000,5.999022
49,30,-5.000000,-100.000000,5.902289
50,30,0.000000,-100.000000,5.805556
51,30,5.000000,-100.000000,5.708823
52,30,10.000000,-100.000000,5.615631
53,30,15.000000,-100.000000,5.523014
54,30,20.000000,-100.000000,5.433993
55,30,25.000000,-100.000000,5.344971
56,30,30.000000,-100.000000,5.255950
57,30,35.000000,-100.000000,5.170992
58,30,40.000000,-100.000000,5.092045
59,30,45.000000,-100.000000,5.020617
60,30,50.000000,-100.000000,4.955371
61,30,55.000000,-100.000000,4.890125
62,30,60.000000,-100.000000,4.824880
63,30,65.000000,-100.000000,4.769808
64,30,70.000000,-100.000000,4.716682
65,30,75.000000,-100.000000,4.683629
66,30,80.000000,-100.000000,4.650887
67,30,85.000000,-100.000000,4.618145
68,30,90.000000,-100.000000,4.587749
69,30,95.000000,-100.000000,4.563525
70,30,100.000000,-100.000000,4.546846
71,30,105.000000,-100.000000,4.540554
72,30,110.000000,-100.000000,4.534262
73,30,115.000000,-100.000000,4.527970
74,30,120.000000,-100.000000,4.523661
75,30,125.000000,-100.000000,4.520156
76,30,130.000000,-100.000000,4.523070
77,30,135.000000,-100.000000,4.527057
78,30,140.000000,-100.000000,4.531045
79,30,145.000000,-100.000000,4.534936
80,30,150.000000,-100.000000,4.538270
81,30,155.000000,-100.000000,4.540929
82,30,160.000000,-100.000000,4.541954
83,30,165.000000,-100.000000,4.542979
84,30,170.000000,-100.000000,4.544004
85,30,175.000000,-100.000000,4.544526
86,30,180.000000,-100.000000,4.544689
87,30,185.000000,-100.000000,4.541775
88,30,190.000000,-100.000000,4.537715
89,30,195.000000,-100.000000,4.533656
90,30,200.000000,-100.000000,4.529596
91,30,205.000000,-100.000000,4.525550
92,30,210.000000,-100.000000,4.521522
93,30,215.000000,-100.000000,4.517579
94,30,220.000000,-100.000000,4.513637
95,30,225.000000,-100.000000,4.509694
96,30,230.000000,-100.000000,4.505853
97,30,235.000000,-100.000000,4.502134
98,30,240.000000,-100.000000,4.500260
99,30,245.000000,-100.000000,4.499613
100,30,250.000000,-100.000000,4.498965
0,31,-250.000000,-95.000000,9.344403
1,31,-245.000000,-95.000000,9.285815
2,31,-240.000000,-95.000000,9.227359
3,31,-235.000000,-95.000000,9.168906
4,31,-230.000000,-95.000000,9.110461
5,31,-225.000000,-95.000000,9.052015
6,31,-220.000000,-95.000000,8.993570
7,31,-215.000000,-95.000000,8.935011
8,31,-210.000000,-95.000000,8.876328
9,31,-205.000000,-95.000000,8.817626
10,31,-200.000000,-95.000000,8.758911
11,31,-195.000000,-95.000000,8.700197
12,31,-190.000000,-95.000000,8.641482
13,31,-185.000000,-95.000000,8.581687
14,31,-180.000000,-95.000000,8.521778
15,31,-175.000000,-95.000000,8.461643
16,31,-170.000000,-95.000000,8.401508
17,31,-165.000000,-95.000000,8.341373
18,31,-160.000000,-95.000000,8.280495
19,31,-155.000000,-95.000000,8.218249
20,31,-150.000000,-95.000000,8.155706
21,31,-145.000000,-95.000000,8.092862
22,31,-140.000000,-95.000000,8.030019
23,31,-135.000000,-95.000000,7.967176
24,31,-130.000000,-95.000000,7.902011
25,31,-125.000000,-95.000000,7.836219
26,31,-120.000000,-95.000000,7.769405
27,31,-115.000000,-95.000000,7.702516
28,31,-110.000000,-95.000000,7.635627
29,31,-105.000000,-95.000000,7.567835
30,31,-100.000000,-95.000000,7.496898
31,31,-95.000000,-95.000000,7.425253
32,31,-90.000000,-95.000000,7.352394
33,31,-85.000000,-95.000000,7.279535
34,31,-80.000000,-95.000000,7.206677
35,31,-75.000000,-95.000000,7.130299
36,31,-70.000000,-95.000000,7.052104
37,31,-65.000000,-95.000000,6.971357
38,31,-60.000000,-95.000000,6.889989
39,31,-55.000000,-95.000000,6.808622
40,31,-50.000000,-95.000000,6.726730
41,31,-45.000000,-95.000000,6.639864
42,31,-40.000000,-95.000000,6.552024
43,31,-35.000000,-95.000000,6.461114
44,31,-30.000000,-95.000000,6.370204
45,31,-25.000000,-95.000000,6.279294
46,31,-20.000000,-95.000000,6.187002
47,31,-15.000000,-95.000000,6.093490
48,31,-10.000000,-95.000000,5.998388
49,31,-5.000000,-95.000000,5.902527
50,31,0.000000,-95.000000,5.806666
51,31,5.000000,-95.000000,5.710804
52,31,10.000000,-95.000000,5.618439
53,31,15.000000,-95.000000,5.526643
54,31,20.000000,-95.000000,5.438396
55,31,25.000000,-95.000000,5.350150
56,31,30.000000,-95.000000,5.261904
57,31,35.000000,-95.000000,5.177701
58,31,40.000000,-95.000000,5.099476
59,31,45.000000,-95.000000,5.028731
60,31,50.000000,-95.000000,4.964136
61,31,55.000000,-95.000000,4.899542
62,31,60.000000,-95.000000,4.834947
63,31,65.000000,-95.000000,4.780503
64,31,70.000000,-95.000000,4.728001
65,31,75.000000,-95.000000,4.695526
66,31,80.000000,-95.000000,4.663362
67,31,85.000000,-95.000000,4.631197
68,31,90.000000,-95.000000,4.601377
69,31,95.000000,-95.000000,4.577726
70,31,100.000000,-95.000000,4.561615
71,31,105.000000,-95.000000,4.555886
72,31,110.000000,-95.000000,4.550157
73,31,115.000000,-95.000000,4.544428
74,31,120.000000,-95.000000,4.540682
75,31,125.000000,-95.000000,4.537741
76,31,130.000000,-95.000000,4.541218
77,31,135.000000,-95.000000,4.545769
78,31,140.000000,-95.000000,4.550319
79,31,145.000000,-95.000000,4.554773
80,31,150.000000,-95.000000,4.558662
81,31,155.000000,-95.000000,4.561865
82,31,160.000000,-95.000000,4.563412
83,31,165.000000,-95.000000,4.564959
84,31,170.000000,-95.000000,4.566506
85,31,175.000000,-95.000000,4.567539
86,31,180.000000,-95.000000,4.568204
87,31,185.000000,-95.000000,4.565724
88,31,190.000000,-95.000000,4.562071
89,31,195.000000,-95.000000,4.558419
90,31,200.000000,-95.000000,4.554767
91,31,205.000000,-95.000000,4.551108
92,31,210.000000,-95.000000,4.547442
93,31,215.000000,-95.000000,4.543737
94,31,220.000000,-95.000000,4.540032
95,31,225.000000,-95.000000,4.536327
96,31,230.000000,-95.000000,4.532718
97,31,235.000000,-95.000000,4.529225
98,31,240.000000,-95.000000,4.527483
99,31,245.000000,-95.000000,4.526905
100,31,250.000000,-95.000000,4.526328
0,32,-250.000000,-90.000000,9.338750
1,32,-245.000000,-90.000000,9.279536
2,32,-240.000000,-90.000000,9.220644
3,32,-235.000000,-90.000000,9.161757
4,32,-230.000000,-90.000000,9.102890
5,32,-225.000000,-90.000000,9.044024
6,32,-220.000000,-90.000000,8.985157
7,32,-215.000000,-90.000000,8.926245
8,32,-210.000000,-90.000000,8.867284
9,32,-205.000000,-90.000000,8.808315
10,32,-200.000000,-90.000000,8.749341
11,32,-195.000000,-90.000000,8.690368
12,32,-190.000000,-90.000000,8.631394
13,32,-185.000000,-90.000000,8.571389
14,32,-180.000000,-90.000000,8.511275
15,32,-175.000000,-90.000000,8.450944
16,32,-170.000000,-90.000000,8.390614
17,32,-165.000000,-90.000000,8.330283
18,32,-160.000000,-90.000000,8.269223
19,32,-155.000000,-90.000000,8.206815
20,32,-150.000000,-90.000000,8.144116
21,32,-145.000000,-90.000000,8.081121
22,32,-140.000000,-90.000000,8.018127
23,32,-135.000000,-90.000000,7.955132
24,32,-130.000000,-90.000000,7.889909
25,32,-125.000000,-90.000000,7.824084
26,32,-120.000000,-90.000000,7.757276
27,32,-115.000000,-90.000000,7.690398
28,32,-110.000000,-90.000000,7.623519
29,32,-105.000000,-90.000000,7.555786
30,32,-100.000000,-90.000000,7.485084
31,32,-95.000000,-90.000000,7.413712
32,32,-90.000000,-90.000000,7.341193
33,32,-85.000000,-90.000000,7.268675
34,32,-80.000000,-90.000000,7.196156
35,32,-75.000000,-90.000000,7.120283
36,32,-70.000000,-90.000000,7.042678
37,32,-65.000000,-90.000000,6.962638
38,32,-60.000000,-90.000000,6.882008
39,32,-55.000000,-90.000000,6.801378
40,32,-50.000000,-90.000000,6.720239
41,32,-45.000000,-90.000000,6.634278
42,32,-40.000000,-90.000000,6.547373
43,32,-35.000000,-90.000000,6.457491
44,32,-30.000000,-90.000000,6.367610
45,32,-25.000000,-90.000000,6.277728
46,32,-20.000000,-90.000000,6.186486
47,32,-15.000000,-90.000000,6.094043
48,32,-10.000000,-90.000000,6.000035
49,32,-5.000000,-90.000000,5.905279
50,32,0.000000,-90.000000,5.810523
51,32,5.000000,-90.000000,5.715767
52,32,10.000000,-90.000000,5.624452
53,32,15.000000,-90.000000,5.533696
54,32,20.000000,-90.000000,5.446433
55,32,25.000000,-90.000000,5.359171
56,32,30.000000,-90.000000,5.271909
57,32,35.000000,-90.000000,5.188651
58,32,40.000000,-90.000000,5.111316
59,32,45.000000,-90.000000,5.041389
60,32,50.000000,-90.000000,4.977555
61,32,55.000000,-90.000000,4.913720
62,32,60.000000,-90.000000,4.849886
63,32,65.000000,-90.000000,4.796135
64,32,70.000000,-90.000000,4.744313
65,32,75.000000,-90.000000,4.712385
66,32,80.000000,-90.000000,4.680766
67,32,85.000000,-90.000000,4.649147
68,32,90.000000,-90.000000,4.619861
69,32,95.000000,-90.000000,4.596712
70,32,100.000000,-90.000000,4.581066
71,32,105.000000,-90.000000,4.575749
72,32,110.000000,-90.000000,4.570433
73,32,115.000000,-90.000000,4.565116
74,32,120.000000,-90.000000,4.561774
75,32,125.000000,-90.000000,4.559234
76,32,130.000000,-90.000000,4.563084
77,32,135.000000,-90.000000,4.568003
78,32,140.000000,-90.000000,4.572922
79,32,145.000000,-90.000000,4.577743
80,32,150.000000,-90.000000,4.581997
81,32,155.000000,-90.000000,4.585562
82,32,160.000000,-90.000000,4.587462
83,32,165.000000,-90.000000,4.589362
84,32,170.000000,-90.000000,4.591262
85,32,175.000000,-90.000000,4.592642
86,32,180.000000,-90.000000,4.593651
87,32,185.000000,-90.000000,4.591477
88,32,190.000000,-90.000000,4.588118
89,32,195.000000,-90.000000,4.584759
90,32,200.000000,-90.000000,4.581400
91,32,205.000000,-90.000000,4.578020
92,32,210.000000,-90.000000,4.574615
93,32,215.000000,-90.000000,4.571079
94,32,220.000000,-90.000000,4.567544
95,32,225.000000,-90.000000,4.564008
96,32,230.000000,-90.000000,4.560565
97,32,235.000000,-90.000000,4.557232
98,32,240.000000,-90.000000,4.555573
99,32,245.000000,-90.000000,4.555026
100,32,250.000000,-90.000000,4.554479
0,33,-250.000000,-85.000000,9.333097
1,33,-245.000000,-85.000000,9.273257
2,33,-240.000000,-85.000000,9.213929
3,33,-235.000000,-85.000000,9.154609
4,33,-230.000000,-85.000000,9.095320
5,33,-225.000000,-85.000000,9.036032
6,33,-220.000000,-85.000000,8.976743
7,33,-215.000000,-85.000000,8.917478
8,33,-210.000000,-85.000000,8.858239
9,33,-205.000000,-85.000000,8.799004
10,33,-200.000000,-85.000000,8.739772
11,33,-195.000000,-85.000000,8.680539
12,33,-190.000000,-85.000000,8.621306
13,33,-185.000000,-85.000000,8.561091
14,33,-180.000000,-85.000000,8.500771
15,33,-175.000000,-85.000000,8.440245
16,33,-170.000000,-85.000000,8.379719
17,33,-165.000000,-85.000000,8.319194
18,33,-160.000000,-85.000000,8.257950
19,33,-155.000000,-85.000000,8.195382
20,33,-150.000000,-85.000000,8.132526
21,33,-145.000000,-85.000000,8.069380
22,33,-140.000000,-85.000000,8.006234
23,33,-135.000000,-85.000000,7.943089
24,33,-130.000000,-85.000000,7.877807
25,33,-125.000000,-85.000000,7.811948
26,33,-120.000000,-85.000000,7.745147
27,33,-115.000000,-85.000000,7.678279
28,33,-110.000000,-85.000000,7.611411
29,33,-105.000000,-85.000000,7.543738
30,33,-100.000000,-85.000000,7.473270
31,33,-95.000000,-85.000000,7.402171
32,33,-90.000000,-85.000000,7.329993
33,33,-85.000000,-85.000000,7.257814
34,33,-80.000000,-85.000000,7.185636
35,33,-75.000000,-85.000000,7.110267
36,33,-70.000000,-85.000000,7.033251
37,33,-65.000000,-85.000000,6.953920
38,33,-60.000000,-85.000000,6.874027
39,33,-55.000000,-85.000000,6.794134
40,33,-50.000000,-85.000000,6.713749
41,33,-45.000000,-85.000000,6.628693
42,33,-40.000000,-85.000000,6.542722
43,33,-35.000000,-85.000000,6.453869
44,33,-30.000000,-85.000000,6.365016
45,33,-25.000000,-85.000000,6.276162
46,33,-20.000000,-85.000000,6.185970
47,33,-15.000000,-85.000000,6.094596
48,33,-10.000000,-85.000000,6.001681
49,33,-5.000000,-85.000000,5.908031
50,33,0.000000,-85.000000,5.814381
51,33,5.000000,-85.000000,5.720730
52,33,10.000000,-85.000000,5.630464
53,33,15.000000,-85.000000,5.540749
54,33,20.000000,-85.000000,5.454470
55,33,25.000000,-85.000000,5.368192
56,33,30.000000,-85.000000,5.281914
57,33,35.000000,-85.000000,5.199602
58,33,40.000000,-85.000000,5.123155
59,33,45.000000,-85.000000,5.054047
60,33,50.000000,-85.000000,4.990973
61,33,55.000000,-85.000000,4.927899
62,33,60.000000,-85.000000,4.864825
63,33,65.000000,-85.000000,4.811767
64,33,70.000000,-85.000000,4.760625
65,33,75.000000,-85.000000,4.729245
66,33,80.000000,-85.000000,4.698171
67,33,85.000000,-85.000000,4.667097
68,33,90.000000,-85.000000,4.638344
69,33,95.000000,-85.000000,4.615697
70,33,100.000000,-85.000000,4.600516
71,33,105.000000,-85.000000,4.595612
72,33,110.000000,-85.000000,4.590708
73,33,115.000000,-85.000000,4.585804
74,33,120.000000,-85.000000,4.582867
75,33,125.000000,-85.000000,4.580727
76,33,130.000000,-85.000000,4.584950
77,33,135.000000,-85.000000,4.590238
78,33,140.000000,-85.000000,4.595525
79,33,145.000000,-85.000000,4.600714
80,33,150.000000,-85.000000,4.605333
81,33,155.000000,-85.000000,4.609260
82,33,160.000000,-85.000000,4.611513
83,33,165.000000,-85.000000,4.613765
84,33,170.000000,-85.000000,4.616018
85,33,175.000000,-85.000000,4.617745
86,33,180.000000,-85.000000,4.619097
87,33,185.000000,-85.000000,4.617230
88,33,190.000000,-85.000000,4.614165
89,33,195.000000,-85.000000,4.611099
90,33,200.000000,-85.000000,4.608033
91,33,205.000000,-85.000000,4.604932
92,33,210.000000,-85.000000,4.601788
93,33,215.000000,-85.000000,4.598422
94,33,220.000000,-85.000000,4.595056
95,33,225.000000,-85.000000,4.591690
96,33,230.000000,-85.000000,4.588412
97,33,235.000000,-85.000000,4.585239
98,33,240.000000,-85.000000,4.583662
99,33,245.000000,-85.000000,4.583146
100,33,250.000000,-85.000000,4.582630
0,34,-250.000000,-80.000000,9.327162
1,34,-245.000000,-80.000000,9.266684
2,34,-240.000000,-80.000000,9.206915
3,34,-235.000000,-80.000000,9.147156
4,34,-230.000000,-80.000000,9.087440
5,34,-225.000000,-80.000000,9.027725
6,34,-220.000000,-80.000000,8.968010
7,34,-215.000000,-80.000000,8.908389
8,34,-210.000000,-80.000000,8.848871
9,34,-205.000000,-80.000000,8.789369
10,34,-200.000000,-80.000000,8.729878
11,34,-195.000000,-80.000000,8.670386
12,34,-190.000000,-80.000000,8.610894
13,34,-185.000000,-80.000000,8.550467
14,34,-180.000000,-80.000000,8.489941
15,34,-175.000000,-80.000000,8.429219
16,34,-170.000000,-80.000000,8.368496
17,34,-165.000000,-80.000000,8.307774
18,34,-160.000000,-80.000000,8.246346
19,34,-155.000000,-80.000000,8.183613
20,34,-150.000000,-80.000000,8.120598
21,34,-145.000000,-80.000000,8.057297
22,34,-140.000000,-80.000000,7.993997
23,34,-135.000000,-80.000000,7.930696
24,34,-130.000000,-80.000000,7.865355
25,34,-125.000000,-80.000000,7.799464
26,34,-120.000000,-80.000000,7.732673
27,34,-115.000000,-80.000000,7.665817
28,34,-110.000000,-80.000000,7.598961
29,34,-105.000000,-80.000000,7.531354
30,34,-100.000000,-80.000000,7.461136
31,34,-95.000000,-80.000000,7.390328
32,34,-90.000000,-80.000000,7.318512
33,34,-85.000000,-80.000000,7.246696
34,34,-80.000000,-80.000000,7.174880
35,34,-75.000000,-80.000000,7.100051
36,34,-70.000000,-80.000000,7.023666
37,34,-65.000000,-80.000000,6.945093
38,34,-60.000000,-80.000000,6.865990
39,34,-55.000000,-80.000000,6.786888
40,34,-50.000000,-80.000000,6.707310
41,34,-45.000000,-80.000000,6.623228
42,34,-40.000000,-80.000000,6.538264
43,34,-35.000000,-80.000000,6.450521
44,34,-30.000000,-80.000000,6.362778
45,34,-25.000000,-80.000000,6.275035
46,34,-20.000000,-80.000000,6.185978
47,34,-15.000000,-80.000000,6.095762
48,34,-10.000000,-80.000000,6.004035
49,34,-5.000000,-80.000000,5.911586
50,34,0.000000,-80.000000,5.819137
51,34,5.000000,-80.000000,5.726688
52,34,10.000000,-80.000000,5.637563
53,34,15.000000,-80.000000,5.548979
54,34,20.000000,-80.000000,5.463769
55,34,25.000000,-80.000000,5.378559
56,34,30.000000,-80.000000,5.293350
57,34,35.000000,-80.000000,5.212062
58,34,40.000000,-80.000000,5.136574
59,34,45.000000,-80.000000,5.068341
60,34,50.000000,-80.000000,5.006074
61,34,55.000000,-80.000000,4.943807
62,34,60.000000,-80.000000,4.881540
63,34,65.000000,-80.000000,4.829205
64,34,70.000000,-80.000000,4.778771
65,34,75.000000,-80.000000,4.747933
66,34,80.000000,-80.000000,4.717398
67,34,85.000000,-80.000000,4.686864
68,34,90.000000,-80.000000,4.658635
69,34,95.000000,-80.000000,4.636472
70,34,100.000000,-80.000000,4.621724
71,34,105.000000,-80.000000,4.617185
72,34,110.000000,-80.000000,4.612645
73,34,115.000000,-80.000000,4.608106
74,34,120.000000,-80.000000,4.605521
75,34,125.000000,-80.000000,4.603729
76,34,130.000000,-80.000000,4.608264
77,34,135.000000,-80.000000,4.613856
78,34,140.000000,-80.000000,4.619448
79,34,145.000000,-80.000000,4.624942
80,34,150.000000,-80.000000,4.629864
81,34,155.000000,-80.000000,4.634093
82,34,160.000000,-80.000000,4.636645
83,34,165.000000,-80.000000,4.639196
84,34,170.000000,-80.000000,4.641748
85,34,175.000000,-80.000000,4.643770
86,34,180.000000,-80.000000,4.645414
87,34,185.000000,-80.000000,4.643813
88,34,190.000000,-80.000000,4.641005
89,34,195.000000,-80.000000,4.638198
90,34,200.000000,-80.000000,4.635389
91,34,205.000000,-80.000000,4.632532
92,34,210.000000,-80.000000,4.629616
93,34,215.000000,-80.000000,4.626397
94,34,220.000000,-80.000000,4.623178
95,34,225.000000,-80.000000,4.619959
96,34,230.000000,-80.000000,4.616824
97,34,235.000000,-80.000000,4.613790
98,34,240.000000,-80.000000,4.612277
99,34,245.000000,-80.000000,4.611775
100,34,250.000000,-80.000000,4.611274
0,35,-250.000000,-75.000000,9.318902
1,35,-245.000000,-75.000000,9.257684
2,35,-240.000000,-75.000000,9.197428
3,35,-235.000000,-75.000000,9.137185
4,35,-230.000000,-75.000000,9.077002
5,35,-225.000000,-75.000000,9.016819
6,35,-220.000000,-75.000000,8.956636
7,35,-215.000000,-75.000000,8.896635
8,35,-210.000000,-75.000000,8.836832
9,35,-205.000000,-75.000000,8.777061
10,35,-200.000000,-75.000000,8.717309
11,35,-195.000000,-75.000000,8.657557
12,35,-190.000000,-75.000000,8.597805
13,35,-185.000000,-75.000000,8.537159
14,35,-180.000000,-75.000000,8.476417
15,35,-175.000000,-75.000000,8.415488
16,35,-170.000000,-75.000000,8.354560
17,35,-165.000000,-75.000000,8.293631
18,35,-160.000000,-75.000000,8.232002
19,35,-155.000000,-75.000000,8.169080
20,35,-150.000000,-75.000000,8.105878
21,35,-145.000000,-75.000000,8.042393
22,35,-140.000000,-75.000000,7.978908
23,35,-135.000000,-75.000000,7.915423
24,35,-130.000000,-75.000000,7.850022
25,35,-125.000000,-75.000000,7.784104
26,35,-120.000000,-75.000000,7.717341
27,35,-115.000000,-75.000000,7.650517
28,35,-110.000000,-75.000000,7.583693
29,35,-105.000000,-75.000000,7.516196
30,35,-100.000000,-75.000000,7.446359
31,35,-95.000000,-75.000000,7.375994
32,35,-90.000000,-75.000000,7.304725
33,35,-85.000000,-75.000000,7.233456
34,35,-80.000000,-75.000000,7.162187
35,35,-75.000000,-75.000000,7.088185
36,35,-70.000000,-75.000000,7.012771
37,35,-65.000000,-75.000000,6.935374
38,35,-60.000000,-75.000000,6.857496
39,35,-55.000000,-75.000000,6.779617
40,35,-50.000000,-75.000000,6.701294
41,35,-45.000000,-75.000000,6.618759
42,35,-40.000000,-75.000000,6.535400
43,35,-35.000000,-75.000000,6.449441
44,35,-30.000000,-75.000000,6.363482
45,35,-25.000000,-75.000000,6.277524
46,35,-20.000000,-75.000000,6.190309
47,35,-15.000000,-75.000000,6.101988
48,35,-10.000000,-75.000000,6.012223
49,35,-5.000000,-75.000000,5.921769
50,35,0.000000,-75.000000,5.831314
51,35,5.000000,-75.000000,5.740859
52,35,10.000000,-75.000000,5.653625
53,35,15.000000,-75.000000,5.566916
54,35,20.000000,-75.000000,5.483477
55,35,25.000000,-75.000000,5.400038
56,35,30.000000,-75.000000,5.316599
57,35,35.000000,-75.000000,5.236983
58,35,40.000000,-75.000000,5.163021
59,35,45.000000,-75.000000,5.096131
60,35,50.000000,-75.000000,5.035057
61,35,55.000000,-75.000000,4.973984
62,35,60.000000,-75.000000,4.912911
63,35,65.000000,-75.000000,4.861550
64,35,70.000000,-75.000000,4.812049
65,35,75.000000,-75.000000,4.781712
66,35,80.000000,-75.000000,4.751672
67,35,85.000000,-75.000000,4.721632
68,35,90.000000,-75.000000,4.693851
69,35,95.000000,-75.000000,4.672012
70,35,100.000000,-75.000000,4.657438
71,35,105.000000,-75.000000,4.652865
72,35,110.000000,-75.000000,4.648292
73,35,115.000000,-75.000000,4.643720
74,35,120.000000,-75.000000,4.641066
75,35,125.000000,-75.000000,4.639190
76,35,130.000000,-75.000000,4.643523
77,35,135.000000,-75.000000,4.648895
78,35,140.000000,-75.000000,4.654266
79,35,145.000000,-75.000000,4.659542
80,35,150.000000,-75.000000,4.664259
81,35,155.000000,-75.000000,4.668300
82,35,160.000000,-75.000000,4.670704
83,35,165.000000,-75.000000,4.673108
84,35,170.000000,-75.000000,4.675512
85,35,175.000000,-75.000000,4.677397
86,35,180.000000,-75.000000,4.678911
87,35,185.000000,-75.000000,4.677247
88,35,190.000000,-75.000000,4.674400
89,35,195.000000,-75.000000,4.671554
90,35,200.000000,-75.000000,4.668706
91,35,205.000000,-75.000000,4.665810
92,35,210.000000,-75.000000,4.662855
93,35,215.000000,-75.000000,4.659596
94,35,220.000000,-75.000000,4.656336
95,35,225.000000,-75.000000,4.653077
96,35,230.000000,-75.000000,4.649900
97,35,235.000000,-75.000000,4.646820
98,35,240.000000,-75.000000,4.645220
99,35,245.000000,-75.000000,4.644604
100,35,250.000000,-75.000000,4.643988
0,36,-250.000000,-70.000000,9.310051
1,36,-245.000000,-70.000000,9.248068
2,36,-240.000000,-70.000000,9.187313
3,36,-235.000000,-70.000000,9.126576
4,36,-230.000000,-70.000000,9.065914
5,36,-225.000000,-70.000000,9.005253
6,36,-220.000000,-70.000000,8.944591
7,36,-215.000000,-70.000000,8.884204
8,36,-210.000000,-70.000000,8.824115
9,36,-205.000000,-70.000000,8.764074
10,36,-200.000000,-70.000000,8.704061
11,36,-195.000000,-70.000000,8.644049
12,36,-190.000000,-70.000000,8.584037
13,36,-185.000000,-70.000000,8.523168
14,36,-180.000000,-70.000000,8.462210
15,36,-175.000000,-70.000000,8.401072
16,36,-170.000000,-70.000000,8.339934
17,36,-165.000000,-70.000000,8.278796
18,36,-160.000000,-70.000000,8.216962
19,36,-155.000000,-70.000000,8.153845
20,36,-150.000000,-70.000000,8.090449
21,36,-145.000000,-70.000000,8.026773
22,36,-140.000000,-70.000000,7.963096
23,36,-135.000000,-70.000000,7.899419
24,36,-130.000000,-70.000000,7.833957
25,36,-125.000000,-70.000000,7.768013
26,36,-120.000000,-70.000000,7.701283
27,36,-115.000000,-70.000000,7.634497
28,36,-110.000000,-70.000000,7.567710
29,36,-105.000000,-70.000000,7.500334
30,36,-100.000000,-70.000000,7.430911
31,36,-95.000000,-70.000000,7.361027
32,36,-90.000000,-70.000000,7.290352
33,36,-85.000000,-70.000000,7.219677
34,36,-80.000000,-70.000000,7.149002
35,36,-75.000000,-70.000000,7.075900
36,36,-70.000000,-70.000000,7.001545
37,36,-65.000000,-70.000000,6.925428
38,36,-60.000000,-70.000000,6.848884
39,36,-55.000000,-70.000000,6.772340
40,36,-50.000000,-70.000000,6.695386
41,36,-45.000000,-70.000000,6.614544
42,36,-40.000000,-70.000000,6.532940
43,36,-35.000000,-70.000000,6.448937
44,36,-30.000000,-70.000000,6.364934
45,36,-25.000000,-70.000000,6.280931
46,36,-20.000000,-70.000000,6.195739
47,36,-15.000000,-70.000000,6.109500
48,36,-10.000000,-70.000000,6.021893
49,36,-5.000000,-70.000000,5.933634
50,36,0.000000,-70.000000,5.845375
51,36,5.000000,-70.000000,5.757116
52,36,10.000000,-70.000000,5.671964
53,36,15.000000,-70.000000,5.587318
54,36,20.000000,-70.000000,5.505828
55,36,25.000000,-70.000000,5.424337
56,36,30.000000,-70.000000,5.342847
57,36,35.000000,-70.000000,5.265067
58,36,40.000000,-70.000000,5.192776
59,36,45.000000,-70.000000,5.127348
60,36,50.000000,-70.000000,5.067567
61,36,55.000000,-70.000000,5.007785
62,36,60.000000,-70.000000,4.948003
63,36,65.000000,-70.000000,4.897681
64,36,70.000000,-70.000000,4.849170
65,36,75.000000,-70.000000,4.819323
66,36,80.000000,-70.000000,4.789766
67,36,85.000000,-70.000000,4.760209
68,36,90.000000,-70.000000,4.732855
69,36,95.000000,-70.000000,4.711301
70,36,100.000000,-70.000000,4.696835
71,36,105.000000,-70.000000,4.692128
72,36,110.000000,-70.000000,4.687421
73,36,115.000000,-70.000000,4.682714
74,36,120.000000,-70.000000,4.679884
75,36,125.000000,-70.000000,4.677814
76,36,130.000000,-70.000000,4.681816
77,36,135.000000,-70.000000,4.686833
78,36,140.000000,-70.000000,4.691851
79,36,145.000000,-70.000000,4.696775
80,36,150.000000,-70.000000,4.701159
81,36,155.000000,-70.000000,4.704887
82,36,160.000000,-70.000000,4.707030
83,36,165.000000,-70.000000,4.709173
84,36,170.000000,-70.000000,4.711316
85,36,175.000000,-70.000000,4.712954
86,36,180.000000,-70.000000,4.714232
87,36,185.000000,-70.000000,4.712421
88,36,190.000000,-70.000000,4.709460
89,36,195.000000,-70.000000,4.706499
90,36,200.000000,-70.000000,4.703537
91,36,205.000000,-70.000000,4.700530
92,36,210.000000,-70.000000,4.697467
93,36,215.000000,-70.000000,4.694120
94,36,220.000000,-70.000000,4.690773
95,36,225.000000,-70.000000,4.687427
96,36,230.000000,-70.000000,4.684159
97,36,235.000000,-70.000000,4.680988
98,36,240.000000,-70.000000,4.679262
99,36,245.000000,-70.000000,4.678499
100,36,250.000000,-70.000000,4.677735
0,37,-250.000000,-65.000000,9.300349
1,37,-245.000000,-65.000000,9.237564
2,37,-240.000000,-65.000000,9.176294
3,37,-235.000000,-65.000000,9.115046
4,37,-230.000000,-65.000000,9.053891
5,37,-225.000000,-65.000000,8.992736
6,37,-220.000000,-65.000000,8.931581
7,37,-215.000000,-65.000000,8.870799
8,37,-210.000000,-65.000000,8.810421
9,37,-205.000000,-65.000000,8.750109
10,37,-200.000000,-65.000000,8.689835
11,37,-195.000000,-65.000000,8.629562
12,37,-190.000000,-65.000000,8.569289
13,37,-185.000000,-65.000000,8.508197
14,37,-180.000000,-65.000000,8.447017
15,37,-175.000000,-65.000000,8.385667
16,37,-170.000000,-65.000000,8.324316
17,37,-165.000000,-65.000000,8.262965
18,37,-160.000000,-65.000000,8.200922
19,37,-155.000000,-65.000000,8.137599
20,37,-150.000000,-65.000000,8.074000
21,37,-145.000000,-65.000000,8.010120
22,37,-140.000000,-65.000000,7.946240
23,37,-135.000000,-65.000000,7.882361
24,37,-130.000000,-65.000000,7.816838
25,37,-125.000000,-65.000000,7.750872
26,37,-120.000000,-65.000000,7.684181
27,37,-115.000000,-65.000000,7.617439
28,37,-110.000000,-65.000000,7.550696
29,37,-105.000000,-65.000000,7.483458
30,37,-100.000000,-65.000000,7.414498
31,37,-95.000000,-65.000000,7.345149
32,37,-90.000000,-65.000000,7.275135
33,37,-85.000000,-65.000000,7.205122
34,37,-80.000000,-65.000000,7.135109
35,37,-75.000000,-65.000000,7.063012
36,37,-70.000000,-65.000000,6.989840
37,37,-65.000000,-65.000000,6.915156
38,37,-60.000000,-65.000000,6.840105
39,37,-55.000000,-65.000000,6.765055
40,37,-50.000000,-65.000000,6.689633
41,37,-45.000000,-65.000000,6.610693
42,37,-40.000000,-65.000000,6.531063
43,37,-35.000000,-65.000000,6.449262
44,37,-30.000000,-65.000000,6.367461
45,37,-25.000000,-65.000000,6.285660
46,37,-20.000000,-65.000000,6.202750
47,37,-15.000000,-65.000000,6.118861
48,37,-10.000000,-65.000000,6.033697
49,37,-5.000000,-65.000000,5.947923
50,37,0.000000,-65.000000,5.862149
51,37,5.000000,-65.000000,5.776375
52,37,10.000000,-65.000000,5.693580
53,37,15.000000,-65.000000,5.611270
54,37,20.000000,-65.000000,5.531985
55,37,25.000000,-65.000000,5.452700
56,37,30.000000,-65.000000,5.373415
57,37,35.000000,-65.000000,5.297709
58,37,40.000000,-65.000000,5.227295
59,37,45.000000,-65.000000,5.163501
60,37,50.000000,-65.000000,5.105152
61,37,55.000000,-65.000000,5.046803
62,37,60.000000,-65.000000,4.988454
63,37,65.000000,-65.000000,4.939263
64,37,70.000000,-65.000000,4.891824
65,37,75.000000,-65.000000,4.862453
66,37,80.000000,-65.000000,4.833361
67,37,85.000000,-65.000000,4.804270
68,37,90.000000,-65.000000,4.777317
69,37,95.000000,-65.000000,4.755989
70,37,100.000000,-65.000000,4.741536
71,37,105.000000,-65.000000,4.736549
72,37,110.000000,-65.000000,4.731563
73,37,115.000000,-65.000000,4.726577
74,37,120.000000,-65.000000,4.723415
75,37,125.000000,-65.000000,4.720993
76,37,130.000000,-65.000000,4.724477
77,37,135.000000,-65.000000,4.728948
78,37,140.000000,-65.000000,4.733419
79,37,145.000000,-65.000000,4.737801
80,37,150.000000,-65.000000,4.741666
81,37,155.000000,-65.000000,4.744902
82,37,160.000000,-65.000000,4.746621
83,37,165.000000,-65.000000,4.748339
84,37,170.000000,-65.000000,4.750058
85,37,175.000000,-65.000000,4.751291
86,37,180.000000,-65.000000,4.752179
87,37,185.000000,-65.000000,4.750100
88,37,190.000000,-65.000000,4.746916
89,37,195.000000,-65.000000,4.743732
90,37,200.000000,-65.000000,4.740548
91,37,205.000000,-65.000000,4.737326
92,37,210.000000,-65.000000,4.734058
93,37,215.000000,-65.000000,4.730555
94,37,220.000000,-65.000000,4.727052
95,37,225.000000,-65.000000,4.723549
96,37,230.000000,-65.000000,4.720124
97,37,235.000000,-65.000000,4.716794
98,37,240.000000,-65.000000,4.714888
99,37,245.000000,-65.000000,4.713929
100,37,250.000000,-65.000000,4.712971
0,38,-250.000000,-60.000000,9.290647
1,38,-245.000000,-60.000000,9.227060
2,38,-240.000000,-60.000000,9.165275
3,38,-235.000000,-60.000000,9.103516
4,38,-230.000000,-60.000000,9.041868
5,38,-225.000000,-60.000000,8.980219
6,38,-220.000000,-60.000000,8.918571
7,38,-215.000000,-60.000000,8.857394
8,38,-210.000000,-60.000000,8.796727
9,38,-205.000000,-60.000000,8.736144
10,38,-200.000000,-60.000000,8.675610
11,38,-195.000000,-60.000000,8.615076
12,38,-190.000000,-60.000000,8.554541
13,38,-185.000000,-60.000000,8.493225
14,38,-180.000000,-60.000000,8.431825
15,38,-175.000000,-60.000000,8.370261
16,38,-170.000000,-60.000000,8.308698
17,38,-165.000000,-60.000000,8.247134
18,38,-160.000000,-60.000000,8.184881
19,38,-155.000000,-60.000000,8.121353
20,38,-150.000000,-60.000000,8.057550
21,38,-145.000000,-60.000000,7.993468
22,38,-140.000000,-60.000000,7.929385
23,38,-135.000000,-60.000000,7.865303
24,38,-130.000000,-60.000000,7.799719
25,38,-125.000000,-60.000000,7.733730
26,38,-120.000000,-60.000000,7.667079
27,38,-115.000000,-60.000000,7.600380
28,38,-110.000000,-60.000000,7.533682
29,38,-105.000000,-60.000000,7.466581
30,38,-100.000000,-60.000000,7.398084
31,38,-95.000000,-60.000000,7.329271
32,38,-90.000000,-60.000000,7.259919
33,38,-85.000000,-60.000000,7.190567
34,38,-80.000000,-60.000000,7.121215
35,38,-75.000000,-60.000000,7.050124
36,38,-70.000000,-60.000000,6.978135
37,38,-65.000000,-60.000000,6.904884
38,38,-60.000000,-60.000000,6.831327
39,38,-55.000000,-60.000000,6.757770
40,38,-50.000000,-60.000000,6.683880
41,38,-45.000000,-60.000000,6.606841
42,38,-40.000000,-60.000000,6.529186
43,38,-35.000000,-60.000000,6.449587
44,38,-30.000000,-60.000000,6.369988
45,38,-25.000000,-60.000000,6.290389
46,38,-20.000000,-60.000000,6.209760
47,38,-15.000000,-60.000000,6.128223
48,38,-10.000000,-60.000000,6.045500
49,38,-5.000000,-60.000000,5.962212
50,38,0.000000,-60.000000,5.878923
51,38,5.000000,-60.000000,5.795635
52,38,10.000000,-60.000000,5.715197
53,38,15.000000,-60.000000,5.635223
54,38,20.000000,-60.000000,5.558143
55,38,25.000000,-60.000000,5.481063
56,38,30.000000,-60.000000,5.403983
57,38,35.000000,-60.000000,5.330350
58,38,40.000000,-60.000000,5.261814
59,38,45.000000,-60.000000,5.199654
60,38,50.000000,-60.000000,5.142738
61,38,55.000000,-60.000000,5.085822
62,38,60.000000,-60.000000,5.028906
63,38,65.000000,-60.000000,4.980845
64,38,70.000000,-60.000000,4.934478
65,38,75.000000,-60.000000,4.905582
66,38,80.000000,-60.000000,4.876957
67,38,85.000000,-60.000000,4.848332
68,38,90.000000,-60.000000,4.821779
69,38,95.000000,-60.000000,4.800676
70,38,100.000000,-60.000000,4.786237
71,38,105.000000,-60.000000,4.780971
72,38,110.000000,-60.000000,4.775705
73,38,115.000000,-60.000000,4.770439
74,38,120.000000,-60.000000,4.766946
75,38,125.000000,-60.000000,4.764173
76,38,130.000000,-60.000000,4.767138
77,38,135.000000,-60.000000,4.771063
78,38,140.000000,-60.000000,4.774988
79,38,145.000000,-60.000000,4.778827
80,38,150.000000,-60.000000,4.782172
81,38,155.000000,-60.000000,4.784917
82,38,160.000000,-60.000000,4.786211
83,38,165.000000,-60.000000,4.787505
84,38,170.000000,-60.000000,4.788799
85,38,175.000000,-60.000000,4.789628
86,38,180.000000,-60.000000,4.790126
87,38,185.000000,-60.000000,4.787778
88,38,190.000000,-60.000000,4.784372
89,38,195.000000,-60.000000,4.780966
90,38,200.000000,-60.000000,4.777559
91,38,205.000000,-60.000000,4.774122
92,38,210.000000,-60.000000,4.770649
93,38,215.000000,-60.000000,4.766990
94,38,220.000000,-60.000000,4.763330
95,38,225.000000,-60.000000,4.759671
96,38,230.000000,-60.000000,4.756089
97,38,235.000000,-60.000000,4.752600
98,38,240.000000,-60.000000,4.750513
99,38,245.000000,-60.000000,4.749360
100,38,250.000000,-60.000000,4.748207
0,39,-250.000000,-55.000000,9.280918
1,39,-245.000000,-55.000000,9.216528
2,39,-240.000000,-55.000000,9.154228
3,39,-235.000000,-55.000000,9.091957
4,39,-230.000000,-55.000000,9.029815
5,39,-225.000000,-55.000000,8.967673
6,39,-220.000000,-55.000000,8.905531
7,39,-215.000000,-55.000000,8.843958
8,39,-210.000000,-55.000000,8.783003
9,39,-205.000000,-55.000000,8.722148
10,39,-200.000000,-55.000000,8.661353
11,39,-195.000000,-55.000000,8.600558
12,39,-190.000000,-55.000000,8.539763
13,39,-185.000000,-55.000000,8.478222
14,39,-180.000000,-55.000000,8.416601
15,39,-175.000000,-55.000000,8.354825
16,39,-170.000000,-55.000000,8.293048
17,39,-165.000000,-55.000000,8.231271
18,39,-160.000000,-55.000000,8.168807
19,39,-155.000000,-55.000000,8.105074
20,39,-150.000000,-55.000000,8.041066
21,39,-145.000000,-55.000000,7.976780
22,39,-140.000000,-55.000000,7.912494
23,39,-135.000000,-55.000000,7.848208
24,39,-130.000000,-55.000000,7.782562
25,39,-125.000000,-55.000000,7.716549
26,39,-120.000000,-55.000000,7.649937
27,39,-115.000000,-55.000000,7.583281
28,39,-110.000000,-55.000000,7.516625
29,39,-105.000000,-55.000000,7.449662
30,39,-100.000000,-55.000000,7.381627
31,39,-95.000000,-55.000000,7.313350
32,39,-90.000000,-55.000000,7.244660
33,39,-85.000000,-55.000000,7.175970
34,39,-80.000000,-55.000000,7.107280
35,39,-75.000000,-55.000000,7.037196
36,39,-70.000000,-55.000000,6.966393
37,39,-65.000000,-55.000000,6.894577
38,39,-60.000000,-55.000000,6.822517
39,39,-55.000000,-55.000000,6.750456
40,39,-50.000000,-55.000000,6.678102
41,39,-45.000000,-55.000000,6.602969
42,39,-40.000000,-55.000000,6.527292
43,39,-35.000000,-55.000000,6.449900
44,39,-30.000000,-55.000000,6.372508
45,39,-25.000000,-55.000000,6.295116
46,39,-20.000000,-55.000000,6.216773
47,39,-15.000000,-55.000000,6.137592
48,39,-10.000000,-55.000000,6.057316
49,39,-5.000000,-55.000000,5.976519
50,39,0.000000,-55.000000,5.895721
51,39,5.000000,-55.000000,5.814923
52,39,10.000000,-55.000000,5.736846
53,39,15.000000,-55.000000,5.659212
54,39,20.000000,-55.000000,5.584342
55,39,25.000000,-55.000000,5.509471
56,39,30.000000,-55.000000,5.434601
57,39,35.000000,-55.000000,5.363045
58,39,40.000000,-55.000000,5.296390
59,39,45.000000,-55.000000,5.235867
60,39,50.000000,-55.000000,5.180386
61,39,55.000000,-55.000000,5.124905
62,39,60.000000,-55.000000,5.069424
63,39,65.000000,-55.000000,5.022495
64,39,70.000000,-55.000000,4.977201
65,39,75.000000,-55.000000,4.948781
66,39,80.000000,-55.000000,4.920623
67,39,85.000000,-55.000000,4.892464
68,39,90.000000,-55.000000,4.866311
69,39,95.000000,-55.000000,4.845434
70,39,100.000000,-55.000000,4.831006
71,39,105.000000,-55.000000,4.825459
72,39,110.000000,-55.000000,4.819912
73,39,115.000000,-55.000000,4.814365
74,39,120.000000,-55.000000,4.810539
75,39,125.000000,-55.000000,4.807412
76,39,130.000000,-55.000000,4.809857
77,39,135.000000,-55.000000,4.813233
78,39,140.000000,-55.000000,4.816609
79,39,145.000000,-55.000000,4.819903
80,39,150.000000,-55.000000,4.822727
81,39,155.000000,-55.000000,4.824978
82,39,160.000000,-55.000000,4.825845
83,39,165.000000,-55.000000,4.826712
84,39,170.000000,-55.000000,4.827579
85,39,175.000000,-55.000000,4.828002
86,39,180.000000,-55.000000,4.828107
87,39,185.000000,-55.000000,4.825489
88,39,190.000000,-55.000000,4.821858
89,39,195.000000,-55.000000,4.818227
90,39,200.000000,-55.000000,4.814596
91,39,205.000000,-55.000000,4.810943
92,39,210.000000,-55.000000,4.807263
93,39,215.000000,-55.000000,4.803446
94,39,220.000000,-55.000000,4.799630
95,39,225.000000,-55.000000,4.795813
96,39,230.000000,-55.000000,4.792073
97,39,235.000000,-55.000000,4.788423
98,39,240.000000,-55.000000,4.786156
99,39,245.000000,-55.000000,4.784807
100,39,250.000000,-55.000000,4.783459
0,40,-250.000000,-50.000000,9.269190
1,40,-245.000000,-50.000000,9.203902
2,40,-240.000000,-50.000000,9.141048
3,40,-235.000000,-50.000000,9.078229
4,40,-230.000000,-50.000000,9.015560
5,40,-225.000000,-50.000000,8.952891
6,40,-220.000000,-50.000000,8.890222
7,40,-215.000000,-50.000000,8.828236
8,40,-210.000000,-50.000000,8.766992
9,40,-205.000000,-50.000000,8.705868
10,40,-200.000000,-50.000000,8.644816
11,40,-195.000000,-50.000000,8.583764
12,40,-190.000000,-50.000000,8.522713
13,40,-185.000000,-50.000000,8.460930
14,40,-180.000000,-50.000000,8.399069
15,40,-175.000000,-50.000000,8.337056
16,40,-170.000000,-50.000000,8.275043
17,40,-165.000000,-50.000000,8.213030
18,40,-160.000000,-50.000000,8.150317
19,40,-155.000000,-50.000000,8.086313
20,40,-150.000000,-50.000000,8.022030
21,40,-145.000000,-50.000000,7.957464
22,40,-140.000000,-50.000000,7.892897
23,40,-135.000000,-50.000000,7.828331
24,40,-130.000000,-50.000000,7.762551
25,40,-125.000000,-50.000000,7.696443
26,40,-120.000000,-50.000000,7.629799
27,40,-115.000000,-50.000000,7.563118
28,40,-110.000000,-50.000000,7.496436
29,40,-105.000000,-50.000000,7.429557
30,40,-100.000000,-50.000000,7.361994
31,40,-95.000000,-50.000000,7.294275
32,40,-90.000000,-50.000000,7.226293
33,40,-85.000000,-50.000000,7.158310
34,40,-80.000000,-50.000000,7.090327
35,40,-75.000000,-50.000000,7.021369
36,40,-70.000000,-50.000000,6.951906
37,40,-65.000000,-50.000000,6.881734
38,40,-60.000000,-50.000000,6.811391
39,40,-55.000000,-50.000000,6.741048
40,40,-50.000000,-50.000000,6.670458
41,40,-45.000000,-50.000000,6.597531
42,40,-40.000000,-50.000000,6.524146
43,40,-35.000000,-50.000000,6.449319
44,40,-30.000000,-50.000000,6.374491
45,40,-25.000000,-50.000000,6.299664
46,40,-20.000000,-50.000000,6.223972
47,40,-15.000000,-50.000000,6.147519
48,40,-10.000000,-50.000000,6.070072
49,40,-5.000000,-50.000000,5.992150
50,40,0.000000,-50.000000,5.914229
51,40,5.000000,-50.000000,5.836307
52,40,10.000000,-50.000000,5.760941
53,40,15.000000,-50.000000,5.685991
54,40,20.000000,-50.000000,5.613636
55,40,25.000000,-50.000000,5.541281
56,40,30.000000,-50.000000,5.468926
57,40,35.000000,-50.000000,5.399729
58,40,40.000000,-50.000000,5.335201
59,40,45.000000,-50.000000,5.276515
60,40,50.000000,-50.000000,5.222632
61,40,55.000000,-50.000000,5.168749
62,40,60.000000,-50.000000,5.114865
63,40,65.000000,-50.000000,5.069182
64,40,70.000000,-50.000000,5.025068
65,40,75.000000,-50.000000,4.997132
66,40,80.000000,-50.000000,4.969447
67,40,85.000000,-50.000000,4.941761
68,40,90.000000,-50.000000,4.916004
69,40,95.000000,-50.000000,4.895320
70,40,100.000000,-50.000000,4.880837
71,40,105.000000,-50.000000,4.874892
72,40,110.000000,-50.000000,4.868947
73,40,115.000000,-50.000000,4.863002
74,40,120.000000,-50.000000,4.858715
75,40,125.000000,-50.000000,4.855101
76,40,130.000000,-50.000000,4.856852
77,40,135.000000,-50.000000,4.859501
78,40,140.000000,-50.000000,4.862149
79,40,145.000000,-50.000000,4.864720
80,40,150.000000,-50.000000,4.866843
81,40,155.000000,-50.000000,4.868422
82,40,160.000000,-50.000000,4.868686
83,40,165.000000,-50.000000,4.868949
84,40,170.000000,-50.000000,4.869213
85,40,175.000000,-50.000000,4.869056
86,40,180.000000,-50.000000,4.868598
87,40,185.000000,-50.000000,4.865567
88,40,190.000000,-50.000000,4.861577
89,40,195.000000,-50.000000,4.857587
90,40,200.000000,-50.000000,4.853597
91,40,205.000000,-50.000000,4.849600
92,40,210.000000,-50.000000,4.845593
93,40,215.000000,-50.000000,4.841538
94,40,220.000000,-50.000000,4.837482
95,40,225.000000,-50.000000,4.833427
96,40,230.000000,-50.000000,4.829448
97,40,235.000000,-50.000000,4.825561
98,40,240.000000,-50.000000,4.823060
99,40,245.000000,-50.000000,4.821480
100,40,250.000000,-50.000000,4.819900
0,41,-250.000000,-45.000000,9.257024
1,41,-245.000000,-45.000000,9.190816
2,41,-240.000000,-45.000000,9.127401
3,41,-235.000000,-45.000000,9.064025
4,41,-230.000000,-45.000000,9.000822
5,41,-225.000000,-45.000000,8.937619
6,41,-220.000000,-45.000000,8.874416
7,41,-215.000000,-45.000000,8.812014
8,41,-210.000000,-45.000000,8.750481
9,41,-205.000000,-45.000000,8.689088
10,41,-200.000000,-45.000000,8.627780
11,41,-195.000000,-45.000000,8.566472
12,41,-190.000000,-45.000000,8.505164
13,41,-185.000000,-45.000000,8.443136
14,41,-180.000000,-45.000000,8.381032
15,41,-175.000000,-45.000000,8.318777
16,41,-170.000000,-45.000000,8.256522
17,41,-165.000000,-45.000000,8.194267
18,41,-160.000000,-45.000000,8.131298
19,41,-155.000000,-45.000000,8.067009
20,41,-150.000000,-45.000000,8.002435
21,41,-145.000000,-45.000000,7.937572
22,41,-140.000000,-45.000000,7.872708
23,41,-135.000000,-45.000000,7.807845
24,41,-130.000000,-45.000000,7.741914
25,41,-125.000000,-45.000000,7.675696
26,41,-120.000000,-45.000000,7.609007
27,41,-115.000000,-45.000000,7.542284
28,41,-110.000000,-45.000000,7.475560
29,41,-105.000000,-45.000000,7.408755
30,41,-100.000000,-45.000000,7.341665
31,41,-95.000000,-45.000000,7.274510
32,41,-90.000000,-45.000000,7.207244
33,41,-85.000000,-45.000000,7.139979
34,41,-80.000000,-45.000000,7.072714
35,41,-75.000000,-45.000000,7.004906
36,41,-70.000000,-45.000000,6.936818
37,41,-65.000000,-45.000000,6.868336
38,41,-60.000000,-45.000000,6.799759
39,41,-55.000000,-45.000000,6.731182
40,41,-50.000000,-45.000000,6.662406
41,41,-45.000000,-45.000000,6.591750
42,41,-40.000000,-45.000000,6.520726
43,41,-35.000000,-45.000000,6.448541
44,41,-30.000000,-45.000000,6.376356
45,41,-25.000000,-45.000000,6.304172
46,41,-20.000000,-45.000000,6.231212
47,41,-15.000000,-45.000000,6.157568
48,41,-10.000000,-45.000000,6.083033
49,41,-5.000000,-45.000000,6.008072
50,41,0.000000,-45.000000,5.933111
51,41,5.000000,-45.000000,5.858151
52,41,10.000000,-45.000000,5.785572
53,41,15.000000,-45.000000,5.713381
54,41,20.000000,-45.000000,5.643608
55,41,25.000000,-45.000000,5.573836
56,41,30.000000,-45.000000,5.504064
57,41,35.000000,-45.000000,5.437287
58,41,40.000000,-45.000000,5.374940
59,41,45.000000,-45.000000,5.318133
60,41,50.000000,-45.000000,5.265884
61,41,55.000000,-45.000000,5.213635
62,41,60.000000,-45.000000,5.161385
63,41,65.000000,-45.000000,5.116973
64,41,70.000000,-45.000000,5.074061
65,41,75.000000,-45.000000,5.046610
66,41,80.000000,-45.000000,5.019400
67,41,85.000000,-45.000000,4.992190
68,41,90.000000,-45.000000,4.966828
69,41,95.000000,-45.000000,4.946329
70,41,100.000000,-45.000000,4.931776
71,41,105.000000,-45.000000,4.925408
72,41,110.000000,-45.000000,4.919039
73,41,115.000000,-45.000000,4.912671
74,41,120.000000,-45.000000,4.907894
75,41,125.000000,-45.000000,4.903764
76,41,130.000000,-45.000000,4.904784
77,41,135.000000,-45.000000,4.906666
78,41,140.000000,-45.000000,4.908548
79,41,145.000000,-45.000000,4.910356
80,41,150.000000,-45.000000,4.911740
81,41,155.000000,-45.000000,4.912607
82,41,160.000000,-45.000000,4.912229
83,41,165.000000,-45.000000,4.911850
84,41,170.000000,-45.000000,4.911471
85,41,175.000000,-45.000000,4.910696
86,41,180.000000,-45.000000,4.909640
87,41,185.000000,-45.000000,4.906163
88,41,190.000000,-45.000000,4.901785
89,41,195.000000,-45.000000,4.897407
90,41,200.000000,-45.000000,4.893029
91,41,205.000000,-45.000000,4.888659
92,41,210.000000,-45.000000,4.884298
93,41,215.000000,-45.000000,4.879987
94,41,220.000000,-45.000000,4.875675
95,41,225.000000,-45.000000,4.871363
96,41,230.000000,-45.000000,4.867129
97,41,235.000000,-45.000000,4.862986
98,41,240.000000,-45.000000,4.860240
99,41,245.000000,-45.000000,4.858421
100,41,250.000000,-45.000000,4.856603
0,42,-250.000000,-40.000000,9.243907
1,42,-245.000000,-40.000000,9.176734
2,42,-240.000000,-40.000000,9.112739
3,42,-235.000000,-40.000000,9.048790
4,42,-230.000000,-40.000000,8.985037
5,42,-225.000000,-40.000000,8.921284
6,42,-220.000000,-40.000000,8.857531
7,42,-215.000000,-40.000000,8.794703
8,42,-210.000000,-40.000000,8.732881
9,42,-205.000000,-40.000000,8.671221
10,42,-200.000000,-40.000000,8.609659
11,42,-195.000000,-40.000000,8.548097
12,42,-190.000000,-40.000000,8.486534
13,42,-185.000000,-40.000000,8.424253
14,42,-180.000000,-40.000000,8.361896
15,42,-175.000000,-40.000000,8.299388
16,42,-170.000000,-40.000000,8.236880
17,42,-165.000000,-40.000000,8.174373
18,42,-160.000000,-40.000000,8.111128
19,42,-155.000000,-40.000000,8.046524
20,42,-150.000000,-40.000000,7.981625
21,42,-145.000000,-40.000000,7.916429
22,42,-140.000000,-40.000000,7.851232
23,42,-135.000000,-40.000000,7.786035
24,42,-130.000000,-40.000000,7.719920
25,42,-125.000000,-40.000000,7.653557
26,42,-120.000000,-40.000000,7.586788
27,42,-115.000000,-40.000000,7.519991
28,42,-110.000000,-40.000000,7.453194
29,42,-105.000000,-40.000000,7.386437
30,42,-100.000000,-40.000000,7.319824
31,42,-95.000000,-40.000000,7.253242
32,42,-90.000000,-40.000000,7.186716
33,42,-85.000000,-40.000000,7.120190
34,42,-80.000000,-40.000000,7.053663
35,42,-75.000000,-40.000000,6.987062
36,42,-70.000000,-40.000000,6.920423
37,42,-65.000000,-40.000000,6.853730
38,42,-60.000000,-40.000000,6.787024
39,42,-55.000000,-40.000000,6.720318
40,42,-50.000000,-40.000000,6.653466
41,42,-45.000000,-40.000000,6.585224
42,42,-40.000000,-40.000000,6.516709
43,42,-35.000000,-40.000000,6.447338
44,42,-30.000000,-40.000000,6.377966
45,42,-25.000000,-40.000000,6.308594
46,42,-20.000000,-40.000000,6.238540
47,42,-15.000000,-40.000000,6.167883
48,42,-10.000000,-40.000000,6.096442
49,42,-5.000000,-40.000000,6.024625
50,42,0.000000,-40.000000,5.952809
51,42,5.000000,-40.000000,5.880992
52,42,10.000000,-40.000000,5.811366
53,42,15.000000,-40.000000,5.742098
54,42,20.000000,-40.000000,5.675054
55,42,25.000000,-40.000000,5.608010
56,42,30.000000,-40.000000,5.540966
57,42,35.000000,-40.000000,5.476743
58,42,40.000000,-40.000000,5.416694
59,42,45.000000,-40.000000,5.361863
60,42,50.000000,-40.000000,5.311325
61,42,55.000000,-40.000000,5.260787
62,42,60.000000,-40.000000,5.210249
63,42,65.000000,-40.000000,5.167162
64,42,70.000000,-40.000000,5.125501
65,42,75.000000,-40.000000,5.098541
66,42,80.000000,-40.000000,5.071809
67,42,85.000000,-40.000000,5.045077
68,42,90.000000,-40.000000,5.020109
69,42,95.000000,-40.000000,4.999780
70,42,100.000000,-40.000000,4.985124
71,42,105.000000,-40.000000,4.978277
72,42,110.000000,-40.000000,4.971430
73,42,115.000000,-40.000000,4.964582
74,42,120.000000,-40.000000,4.959255
75,42,125.000000,-40.000000,4.954544
76,42,130.000000,-40.000000,4.954752
77,42,135.000000,-40.000000,4.955782
78,42,140.000000,-40.000000,4.956812
79,42,145.000000,-40.000000,4.957772
80,42,150.000000,-40.000000,4.958332
81,42,155.000000,-40.000000,4.958404
82,42,160.000000,-40.000000,4.957298
83,42,165.000000,-40.000000,4.956192
84,42,170.000000,-40.000000,4.955087
85,42,175.000000,-40.000000,4.953613
86,42,180.000000,-40.000000,4.951876
87,42,185.000000,-40.000000,4.947885
88,42,190.000000,-40.000000,4.943055
89,42,195.000000,-40.000000,4.938225
90,42,200.000000,-40.000000,4.933395
91,42,205.000000,-40.000000,4.928592
92,42,210.000000,-40.000000,4.923820
93,42,215.000000,-40.000000,4.919214
94,42,220.000000,-40.000000,4.914607
95,42,225.000000,-40.000000,4.910000
96,42,230.000000,-40.000000,4.905472
97,42,235.000000,-40.000000,4.901037
98,42,240.000000,-40.000000,4.898020
99,42,245.000000,-40.000000,4.895946
100,42,250.000000,-40.000000,4.893871
0,43,-250.000000,-35.000000,9.230789
1,43,-245.000000,-35.000000,9.162651
2,43,-240.000000,-35.000000,9.098077
3,43,-235.000000,-35.000000,9.033555
4,43,-230.000000,-35.000000,8.969251
5,43,-225.000000,-35.000000,8.904948
6,43,-220.000000,-35.000000,8.840645
7,43,-215.000000,-35.000000,8.777393
8,43,-210.000000,-35.000000,8.715281
9,43,-205.000000,-35.000000,8.653354
10,43,-200.000000,-35.000000,8.591538
11,43,-195.000000,-35.000000,8.529721
12,43,-190.000000,-35.000000,8.467905
13,43,-185.000000,-35.000000,8.405370
14,43,-180.000000,-35.000000,8.342760
15,43,-175.000000,-35.000000,8.279999
16,43,-170.000000,-35.000000,8.217239
17,43,-165.000000,-35.000000,8.154478
18,43,-160.000000,-35.000000,8.090959
19,43,-155.000000,-35.000000,8.026039
20,43,-150.000000,-35.000000,7.960816
21,43,-145.000000,-35.000000,7.895286
22,43,-140.000000,-35.000000,7.829756
23,43,-135.000000,-35.000000,7.764225
24,43,-130.000000,-35.000000,7.697925
25,43,-125.000000,-35.000000,7.631417
26,43,-120.000000,-35.000000,7.564570
27,43,-115.000000,-35.000000,7.497699
28,43,-110.000000,-35.000000,7.430827
29,43,-105.000000,-35.000000,7.364119
30,43,-100.000000,-35.000000,7.297983
31,43,-95.000000,-35.000000,7.231975
32,43,-90.000000,-35.000000,7.166188
33,43,-85.000000,-35.000000,7.100400
34,43,-80.000000,-35.000000,7.034613
35,43,-75.000000,-35.000000,6.969219
36,43,-70.000000,-35.000000,6.904029
37,43,-65.000000,-35.000000,6.839125
38,43,-60.000000,-35.000000,6.774290
39,43,-55.000000,-35.000000,6.709455
40,43,-50.000000,-35.000000,6.644526
41,43,-45.000000,-35.000000,6.578697
42,43,-40.000000,-35.000000,6.512693
43,43,-35.000000,-35.000000,6.446134
44,43,-30.000000,-35.000000,6.379576
45,43,-25.000000,-35.000000,6.313017
46,43,-20.000000,-35.000000,6.245868
47,43,-15.000000,-35.000000,6.178199
48,43,-10.000000,-35.000000,6.109850
49,43,-5.000000,-35.000000,6.041178
50,43,0.000000,-35.000000,5.972506
51,43,5.000000,-35.000000,5.903833
52,43,10.000000,-35.000000,5.837161
53,43,15.000000,-35.000000,5.770814
54,43,20.000000,-35.000000,5.706499
55,43,25.000000,-35.000000,5.642184
56,43,30.000000,-35.000000,5.577868
57,43,35.000000,-35.000000,5.516200
58,43,40.000000,-35.000000,5.458448
59,43,45.000000,-35.000000,5.405593
60,43,50.000000,-35.000000,5.356766
61,43,55.000000,-35.000000,5.307940
62,43,60.000000,-35.000000,5.259113
63,43,65.000000,-35.000000,5.217351
64,43,70.000000,-35.000000,5.176942
65,43,75.000000,-35.000000,5.150472
66,43,80.000000,-35.000000,5.124218
67,43,85.000000,-35.000000,5.097964
68,43,90.000000,-35.000000,5.073389
69,43,95.000000,-35.000000,5.053231
70,43,100.000000,-35.000000,5.038472
71,43,105.000000,-35.000000,5.031146
72,43,110.000000,-35.000000,5.023820
73,43,115.000000,-35.000000,5.016494
74,43,120.000000,-35.000000,5.010616
75,43,125.000000,-35.000000,5.005325
76,43,130.000000,-35.000000,5.004719
77,43,135.000000,-35.000000,5.004897
78,43,140.000000,-35.000000,5.005075
79,43,145.000000,-35.000000,5.005188
80,43,150.000000,-35.000000,5.004923
81,43,155.000000,-35.000000,5.004200
82,43,160.000000,-35.000000,5.002368
83,43,165.000000,-35.000000,5.000535
84,43,170.000000,-35.000000,4.998703
85,43,175.000000,-35.000000,4.996530
86,43,180.000000,-35.000000,4.994113
87,43,185.000000,-35.000000,4.989608
88,43,190.000000,-35.000000,4.984325
89,43,195.000000,-35.000000,4.979043
90,43,200.000000,-35.000000,4.973762
91,43,205.000000,-35.000000,4.968525
92,43,210.000000,-35.000000,4.963343
93,43,215.000000,-35.000000,4.958441
94,43,220.000000,-35.000000,4.953539
95,43,225.000000,-35.000000,4.948637
96,43,230.000000,-35.000000,4.943815
97,43,235.000000,-35.000000,4.939087
98,43,240.000000,-35.000000,4.935800
99,43,245.000000,-35.000000,4.933470
100,43,250.000000,-35.000000,4.931140
0,44,-250.000000,-30.000000,9.217672
1,44,-245.000000,-30.000000,9.148569
2,44,-240.000000,-30.000000,9.083416
3,44,-235.000000,-30.000000,9.018319
4,44,-230.000000,-30.000000,8.953466
5,44,-225.000000,-30.000000,8.888613
6,44,-220.000000,-30.000000,8.823760
7,44,-215.000000,-30.000000,8.760082
8,44,-210.000000,-30.000000,8.697682
9,44,-205.000000,-30.000000,8.635487
10,44,-200.000000,-30.000000,8.573416
11,44,-195.000000,-30.000000,8.511346
12,44,-190.000000,-30.000000,8.449275
13,44,-185.000000,-30.000000,8.386487
14,44,-180.000000,-30.000000,8.323624
15,44,-175.000000,-30.000000,8.260611
16,44,-170.000000,-30.000000,8.197597
17,44,-165.000000,-30.000000,8.134584
18,44,-160.000000,-30.000000,8.070789
19,44,-155.000000,-30.000000,8.005554
20,44,-150.000000,-30.000000,7.940006
21,44,-145.000000,-30.000000,7.874143
22,44,-140.000000,-30.000000,7.808279
23,44,-135.000000,-30.000000,7.742416
24,44,-130.000000,-30.000000,7.675931
25,44,-125.000000,-30.000000,7.609278
26,44,-120.000000,-30.000000,7.542352
27,44,-115.000000,-30.000000,7.475406
28,44,-110.000000,-30.000000,7.408460
29,44,-105.000000,-30.000000,7.341801
30,44,-100.000000,-30.000000,7.276142
31,44,-95.000000,-30.000000,7.210708
32,44,-90.000000,-30.000000,7.145659
33,44,-85.000000,-30.000000,7.080611
34,44,-80.000000,-30.000000,7.015562
35,44,-75.000000,-30.000000,6.951376
36,44,-70.000000,-30.000000,6.887635
37,44,-65.000000,-30.000000,6.824519
38,44,-60.000000,-30.000000,6.761556
39,44,-55.000000,-30.000000,6.698592
40,44,-50.000000,-30.000000,6.635585
41,44,-45.000000,-30.000000,6.572171
42,44,-40.000000,-30.000000,6.508677
43,44,-35.000000,-30.000000,6.444931
44,44,-30.000000,-30.000000,6.381185
45,44,-25.000000,-30.000000,6.317439
46,44,-20.000000,-30.000000,6.253196
47,44,-15.000000,-30.000000,6.188514
48,44,-10.000000,-30.000000,6.123259
49,44,-5.000000,-30.000000,6.057731
50,44,0.000000,-30.000000,5.992203
51,44,5.000000,-30.000000,5.926675
52,44,10.000000,-30.000000,5.862956
53,44,15.000000,-30.000000,5.799531
54,44,20.000000,-30.000000,5.737944
55,44,25.000000,-30.000000,5.676357
56,44,30.000000,-30.000000,5.614770
57,44,35.000000,-30.000000,5.555657
58,44,40.000000,-30.000000,5.500202
59,44,45.000000,-30.000000,5.449323
60,44,50.000000,-30.000000,5.402207
61,44,55.000000,-30.000000,5.355092
62,44,60.000000,-30.000000,5.307977
63,44,65.000000,-30.000000,5.267541
64,44,70.000000,-30.000000,5.228382
65,44,75.000000,-30.000000,5.202403
66,44,80.000000,-30.000000,5.176627
67,44,85.000000,-30.000000,5.150852
68,44,90.000000,-30.000000,5.126670
69,44,95.000000,-30.000000,5.106682
70,44,100.000000,-30.000000,5.091820
71,44,105.000000,-30.000000,5.084015
72,44,110.000000,-30.000000,5.076210
73,44,115.000000,-30.000000,5.068405
74,44,120.000000,-30.000000,5.061976
75,44,125.000000,-30.000000,5.056105
76,44,130.000000,-30.000000,5.054687
77,44,135.000000,-30.000000,5.054013
78,44,140.000000,-30.000000,5.053339
79,44,145.000000,-30.000000,5.052604
80,44,150.000000,-30.000000,5.051515
81,44,155.000000,-30.000000,5.049996
82,44,160.000000,-30.000000,5.047437
83,44,165.000000,-30.000000,5.044878
84,44,170.000000,-30.000000,5.042319
85,44,175.000000,-30.000000,5.039446
86,44,180.000000,-30.000000,5.036349
87,44,185.000000,-30.000000,5.031330
88,44,190.000000,-30.000000,5.025596
89,44,195.000000,-30.000000,5.019861
90,44,200.000000,-30.000000,5.014128
91,44,205.000000,-30.000000,5.008458
92,44,210.000000,-30.000000,5.002865
93,44,215.000000,-30.000000,4.997668
94,44,220.000000,-30.000000,4.992471
95,44,225.000000,-30.000000,4.987274
96,44,230.000000,-30.000000,4.982158
97,44,235.000000,-30.000000,4.977138
98,44,240.000000,-30.000000,4.973580
99,44,245.000000,-30.000000,4.970994
100,44,250.000000,-30.000000,4.968409
0,45,-250.000000,-25.000000,9.204655
1,45,-245.000000,-25.000000,9.134574
2,45,-240.000000,-25.000000,9.068850
3,45,-235.000000,-25.000000,9.003188
4,45,-230.000000,-25.000000,8.937795
5,45,-225.000000,-25.000000,8.872402
6,45,-220.000000,-25.000000,8.807009
7,45,-215.000000,-25.000000,8.742921
8,45,-210.000000,-25.000000,8.680250
9,45,-205.000000,-25.000000,8.617808
10,45,-200.000000,-25.000000,8.555504
11,45,-195.000000,-25.000000,8.493200
12,45,-190.000000,-25.000000,8.430895
13,45,-185.000000,-25.000000,8.367856
14,45,-180.000000,-25.000000,8.304739
15,45,-175.000000,-25.000000,8.241468
16,45,-170.000000,-25.000000,8.178197
17,45,-165.000000,-25.000000,8.114926
18,45,-160.000000,-25.000000,8.050839
19,45,-155.000000,-25.000000,7.985247
20,45,-150.000000,-25.000000,7.919329
21,45,-145.000000,-25.000000,7.853081
22,45,-140.000000,-25.000000,7.786834
23,45,-135.000000,-25.000000,7.720586
24,45,-130.000000,-25.000000,7.653851
25,45,-125.000000,-25.000000,7.586984
26,45,-120.000000,-25.000000,7.519902
27,45,-115.000000,-25.000000,7.452805
28,45,-110.000000,-25.000000,7.385708
29,45,-105.000000,-25.000000,7.319024
30,45,-100.000000,-25.000000,7.253775
31,45,-95.000000,-25.000000,7.188849
32,45,-90.000000,-25.000000,7.124478
33,45,-85.000000,-25.000000,7.060106
34,45,-80.000000,-25.000000,6.995734
35,45,-75.000000,-25.000000,6.932704
36,45,-70.000000,-25.000000,6.870366
37,45,-65.000000,-25.000000,6.809002
38,45,-60.000000,-25.000000,6.747873
39,45,-55.000000,-25.000000,6.686745
40,45,-50.000000,-25.000000,6.625625
41,45,-45.000000,-25.000000,6.564582
42,45,-40.000000,-25.000000,6.503554
43,45,-35.000000,-25.000000,6.442574
44,45,-30.000000,-25.000000,6.381594
45,45,-25.000000,-25.000000,6.320614
46,45,-20.000000,-25.000000,6.259214
47,45,-15.000000,-25.000000,6.197444
48,45,-10.000000,-25.000000,6.135192
49,45,-5.000000,-25.000000,6.072708
50,45,0.000000,-25.000000,6.010225
51,45,5.000000,-25.000000,5.947742
52,45,10.000000,-25.000000,5.886860
53,45,15.000000,-25.000000,5.826239
54,45,20.000000,-25.000000,5.767245
55,45,25.000000,-25.000000,5.708251
56,45,30.000000,-25.000000,5.649256
57,45,35.000000,-25.000000,5.592568
58,45,40.000000,-25.000000,5.539291
59,45,45.000000,-25.000000,5.490281
60,45,50.000000,-25.000000,5.444779
61,45,55.000000,-25.000000,5.399277
62,45,60.000000,-25.000000,5.353775
63,45,65.000000,-25.000000,5.314597
64,45,70.000000,-25.000000,5.276629
65,45,75.000000,-25.000000,5.251138
66,45,80.000000,-25.000000,5.225841
67,45,85.000000,-25.000000,5.200543
68,45,90.000000,-25.000000,5.176762
69,45,95.000000,-25.000000,5.156968
70,45,100.000000,-25.000000,5.142050
71,45,105.000000,-25.000000,5.133844
72,45,110.000000,-25.000000,5.125639
73,45,115.000000,-25.000000,5.117433
74,45,120.000000,-25.000000,5.110531
75,45,125.000000,-25.000000,5.104158
76,45,130.000000,-25.000000,5.102006
77,45,135.000000,-25.000000,5.100559
78,45,140.000000,-25.000000,5.099113
79,45,145.000000,-25.000000,5.097607
80,45,150.000000,-25.000000,5.095761
81,45,155.000000,-25.000000,5.093501
82,45,160.000000,-25.000000,5.090240
83,45,165.000000,-25.000000,5.086980
84,45,170.000000,-25.000000,5.083720
85,45,175.000000,-25.000000,5.080169
86,45,180.000000,-25.000000,5.076410
87,45,185.000000,-25.000000,5.070873
88,45,190.000000,-25.000000,5.064674
89,45,195.000000,-25.000000,5.058474
90,45,200.000000,-25.000000,5.052277
91,45,205.000000,-25.000000,5.046161
92,45,210.000000,-25.000000,5.040149
93,45,215.000000,-25.000000,5.034658
94,45,220.000000,-25.000000,5.029167
95,45,225.000000,-25.000000,5.023676
96,45,230.000000,-25.000000,5.018268
97,45,235.000000,-25.000000,5.012959
98,45,240.000000,-25.000000,5.009156
99,45,245.000000,-25.000000,5.006355
100,45,250.000000,-25.000000,5.003554
0,46,-250.000000,-20.000000,9.191668
1,46,-245.000000,-20.000000,9.120604
2,46,-240.000000,-20.000000,9.054312
3,46,-235.000000,-20.000000,8.988087
4,46,-230.000000,-20.000000,8.922158
5,46,-225.000000,-20.000000,8.856228
6,46,-220.000000,-20.000000,8.790298
7,46,-215.000000,-20.000000,8.725803
8,46,-210.000000,-20.000000,8.662868
9,46,-205.000000,-20.000000,8.600185
10,46,-200.000000,-20.000000,8.537653
11,46,-195.000000,-20.000000,8.475121
12,46,-190.000000,-20.000000,8.412588
13,46,-185.000000,-20.000000,8.349298
14,46,-180.000000,-20.000000,8.285926
15,46,-175.000000,-20.000000,8.222396
16,46,-170.000000,-20.000000,8.158866
17,46,-165.000000,-20.000000,8.095336
18,46,-160.000000,-20.000000,8.030952
19,46,-155.000000,-20.000000,7.964992
20,46,-150.000000,-20.000000,7.898691
21,46,-145.000000,-20.000000,7.832044
22,46,-140.000000,-20.000000,7.765397
23,46,-135.000000,-20.000000,7.698750
24,46,-130.000000,-20.000000,7.631746
25,46,-125.000000,-20.000000,7.564644
26,46,-120.000000,-20.000000,7.497385
27,46,-115.000000,-20.000000,7.430115
28,46,-110.000000,-20.000000,7.362844
29,46,-105.000000,-20.000000,7.296113
30,46,-100.000000,-20.000000,7.231254
31,46,-95.000000,-20.000000,7.166818
32,46,-90.000000,-20.000000,7.103106
33,46,-85.000000,-20.000000,7.039393
34,46,-80.000000,-20.000000,6.975681
35,46,-75.000000,-20.000000,6.913791
36,46,-70.000000,-20.000000,6.852844
37,46,-65.000000,-20.000000,6.793219
38,46,-60.000000,-20.000000,6.733915
39,46,-55.000000,-20.000000,6.674611
40,46,-50.000000,-20.000000,6.615367
41,46,-45.000000,-20.000000,6.556683
42,46,-40.000000,-20.000000,6.498109
43,46,-35.000000,-20.000000,6.439881
44,46,-30.000000,-20.000000,6.381653
45,46,-25.000000,-20.000000,6.323425
46,46,-20.000000,-20.000000,6.264851
47,46,-15.000000,-20.000000,6.205972
48,46,-10.000000,-20.000000,6.146695
49,46,-5.000000,-20.000000,6.087227
50,46,0.000000,-20.000000,6.027760
51,46,5.000000,-20.000000,5.968292
52,46,10.000000,-20.000000,5.910214
53,46,15.000000,-20.000000,5.852362
54,46,20.000000,-20.000000,5.795922
55,46,25.000000,-20.000000,5.739481
56,46,30.000000,-20.000000,5.683040
57,46,35.000000,-20.000000,5.628740
58,46,40.000000,-20.000000,5.577606
59,46,45.000000,-20.000000,5.530432
60,46,50.000000,-20.000000,5.486515
61,46,55.000000,-20.000000,5.442598
62,46,60.000000,-20.000000,5.398681
63,46,65.000000,-20.000000,5.360742
64,46,70.000000,-20.000000,5.323946
65,46,75.000000,-20.000000,5.298944
66,46,80.000000,-20.000000,5.274124
67,46,85.000000,-20.000000,5.249305
68,46,90.000000,-20.000000,5.225925
69,46,95.000000,-20.000000,5.206334
70,46,100.000000,-20.000000,5.191374
71,46,105.000000,-20.000000,5.182790
72,46,110.000000,-20.000000,5.174206
73,46,115.000000,-20.000000,5.165622
74,46,120.000000,-20.000000,5.158270
75,46,125.000000,-20.000000,5.151418
76,46,130.000000,-20.000000,5.148554
77,46,135.000000,-20.000000,5.146358
78,46,140.000000,-20.000000,5.144161
79,46,145.000000,-20.000000,5.141907
80,46,150.000000,-20.000000,5.139323
81,46,155.000000,-20.000000,5.136338
82,46,160.000000,-20.000000,5.132384
83,46,165.000000,-20.000000,5.128430
84,46,170.000000,-20.000000,5.124475
85,46,175.000000,-20.000000,5.120253
86,46,180.000000,-20.000000,5.115839
87,46,185.000000,-20.000000,5.109782
88,46,190.000000,-20.000000,5.103114
89,46,195.000000,-20.000000,5.096446
90,46,200.000000,-20.000000,5.089779
91,46,205.000000,-20.000000,5.083216
92,46,210.000000,-20.000000,5.076781
93,46,215.000000,-20.000000,5.070996
94,46,220.000000,-20.000000,5.065212
95,46,225.000000,-20.000000,5.059427
96,46,230.000000,-20.000000,5.053728
97,46,235.000000,-20.000000,5.048131
98,46,240.000000,-20.000000,5.044091
99,46,245.000000,-20.000000,5.041086
100,46,250.000000,-20.000000,5.038080
0,47,-250.000000,-15.000000,9.178752
1,47,-245.000000,-15.000000,9.106697
2,47,-240.000000,-15.000000,9.039842
3,47,-235.000000,-15.000000,8.973062
4,47,-230.000000,-15.000000,8.906602
5,47,-225.000000,-15.000000,8.840142
6,47,-220.000000,-15.000000,8.773683
7,47,-215.000000,-15.000000,8.708793
8,47,-210.000000,-15.000000,8.645607
9,47,-205.000000,-15.000000,8.582696
10,47,-200.000000,-15.000000,8.519951
11,47,-195.000000,-15.000000,8.457206
12,47,-190.000000,-15.000000,8.394461
13,47,-185.000000,-15.000000,8.330919
14,47,-180.000000,-15.000000,8.267294
15,47,-175.000000,-15.000000,8.203501
16,47,-170.000000,-15.000000,8.139709
17,47,-165.000000,-15.000000,8.075916
18,47,-160.000000,-15.000000,8.011223
19,47,-155.000000,-15.000000,7.944865
20,47,-150.000000,-15.000000,7.878148
21,47,-145.000000,-15.000000,7.811065
22,47,-140.000000,-15.000000,7.743983
23,47,-135.000000,-15.000000,7.676901
24,47,-130.000000,-15.000000,7.609579
25,47,-125.000000,-15.000000,7.542193
26,47,-120.000000,-15.000000,7.474702
27,47,-115.000000,-15.000000,7.407203
28,47,-110.000000,-15.000000,7.339704
29,47,-105.000000,-15.000000,7.272872
30,47,-100.000000,-15.000000,7.208357
31,47,-95.000000,-15.000000,7.144364
32,47,-90.000000,-15.000000,7.081266
33,47,-85.000000,-15.000000,7.018168
34,47,-80.000000,-15.000000,6.955070
35,47,-75.000000,-15.000000,6.894285
36,47,-70.000000,-15.000000,6.834695
37,47,-65.000000,-15.000000,6.776783
38,47,-60.000000,-15.000000,6.719278
39,47,-55.000000,-15.000000,6.661773
40,47,-50.000000,-15.000000,6.604378
41,47,-45.000000,-15.000000,6.548023
42,47,-40.000000,-15.000000,6.491872
43,47,-35.000000,-15.000000,6.436362
44,47,-30.000000,-15.000000,6.380853
45,47,-25.000000,-15.000000,6.325343
46,47,-20.000000,-15.000000,6.269551
47,47,-15.000000,-15.000000,6.213508
48,47,-10.000000,-15.000000,6.157141
49,47,-5.000000,-15.000000,6.100618
50,47,0.000000,-15.000000,6.044095
51,47,5.000000,-15.000000,5.987572
52,47,10.000000,-15.000000,5.932215
53,47,15.000000,-15.000000,5.877047
54,47,20.000000,-15.000000,5.823062
55,47,25.000000,-15.000000,5.769078
56,47,30.000000,-15.000000,5.715093
57,47,35.000000,-15.000000,5.663088
58,47,40.000000,-15.000000,5.614012
59,47,45.000000,-15.000000,5.568598
60,47,50.000000,-15.000000,5.526196
61,47,55.000000,-15.000000,5.483794
62,47,60.000000,-15.000000,5.441393
63,47,65.000000,-15.000000,5.404644
64,47,70.000000,-15.000000,5.368976
65,47,75.000000,-15.000000,5.344461
66,47,80.000000,-15.000000,5.320119
67,47,85.000000,-15.000000,5.295777
68,47,90.000000,-15.000000,5.272804
69,47,95.000000,-15.000000,5.253433
70,47,100.000000,-15.000000,5.238465
71,47,105.000000,-15.000000,5.229558
72,47,110.000000,-15.000000,5.220652
73,47,115.000000,-15.000000,5.211745
74,47,120.000000,-15.000000,5.204000
75,47,125.000000,-15.000000,5.196725
76,47,130.000000,-15.000000,5.193206
77,47,135.000000,-15.000000,5.190316
78,47,140.000000,-15.000000,5.187426
79,47,145.000000,-15.000000,5.184479
80,47,150.000000,-15.000000,5.181205
81,47,155.000000,-15.000000,5.177535
82,47,160.000000,-15.000000,5.172905
83,47,165.000000,-15.000000,5.168275
84,47,170.000000,-15.000000,5.163644
85,47,175.000000,-15.000000,5.158766
86,47,180.000000,-15.000000,5.153709
87,47,185.000000,-15.000000,5.147130
88,47,190.000000,-15.000000,5.139984
89,47,195.000000,-15.000000,5.132838
90,47,200.000000,-15.000000,5.125694
91,47,205.000000,-15.000000,5.118675
92,47,210.000000,-15.000000,5.111810
93,47,215.000000,-15.000000,5.105733
94,47,220.000000,-15.000000,5.099655
95,47,225.000000,-15.000000,5.093577
96,47,230.000000,-15.000000,5.087589
97,47,235.000000,-15.000000,5.081708
98,47,240.000000,-15.000000,5.077448
99,47,245.000000,-15.000000,5.074267
100,47,250.000000,-15.000000,5.071086
0,48,-250.000000,-10.000000,9.165837
1,48,-245.000000,-10.000000,9.092790
2,48,-240.000000,-10.000000,9.025372
3,48,-235.000000,-10.000000,8.958036
4,48,-230.000000,-10.000000,8.891046
5,48,-225.000000,-10.000000,8.824057
6,48,-220.000000,-10.000000,8.757068
7,48,-215.000000,-10.000000,8.691782
8,48,-210.000000,-10.000000,8.628345
9,48,-205.000000,-10.000000,8.565208
10,48,-200.000000,-10.000000,8.502249
11,48,-195.000000,-10.000000,8.439291
12,48,-190.000000,-10.000000,8.376333
13,48,-185.000000,-10.000000,8.312541
14,48,-180.000000,-10.000000,8.248661
15,48,-175.000000,-10.000000,8.184606
16,48,-170.000000,-10.000000,8.120551
17,48,-165.000000,-10.000000,8.056496
18,48,-160.000000,-10.000000,7.991493
19,48,-155.000000,-10.000000,7.924738
20,48,-150.000000,-10.000000,7.857604
21,48,-145.000000,-10.000000,7.790086
22,48,-140.000000,-10.000000,7.722569
23,48,-135.000000,-10.000000,7.655051
24,48,-130.000000,-10.000000,7.587413
25,48,-125.000000,-10.000000,7.519742
26,48,-120.000000,-10.000000,7.452019
27,48,-115.000000,-10.000000,7.384292
28,48,-110.000000,-10.000000,7.316565
29,48,-105.000000,-10.000000,7.249632
30,48,-100.000000,-10.000000,7.185460
31,48,-95.000000,-10.000000,7.121910
32,48,-90.000000,-10.000000,7.059427
33,48,-85.000000,-10.000000,6.996943
34,48,-80.000000,-10.000000,6.934460
35,48,-75.000000,-10.000000,6.874779
36,48,-70.000000,-10.000000,6.816546
37,48,-65.000000,-10.000000,6.760347
38,48,-60.000000,-10.000000,6.704641
39,48,-55.000000,-10.000000,6.648935
40,48,-50.000000,-10.000000,6.593390
41,48,-45.000000,-10.000000,6.539364
42,48,-40.000000,-10.000000,6.485635
43,48,-35.000000,-10.000000,6.432843
44,48,-30.000000,-10.000000,6.380052
45,48,-25.000000,-10.000000,6.327261
46,48,-20.000000,-10.000000,6.274250
47,48,-15.000000,-10.000000,6.221045
48,48,-10.000000,-10.000000,6.167587
49,48,-5.000000,-10.000000,6.114009
50,48,0.000000,-10.000000,6.060431
51,48,5.000000,-10.000000,6.006852
52,48,10.000000,-10.000000,5.954215
53,48,15.000000,-10.000000,5.901731
54,48,20.000000,-10.000000,5.850203
55,48,25.000000,-10.000000,5.798674
56,48,30.000000,-10.000000,5.747146
57,48,35.000000,-10.000000,5.697437
58,48,40.000000,-10.000000,5.650418
59,48,45.000000,-10.000000,5.606764
60,48,50.000000,-10.000000,5.565877
61,48,55.000000,-10.000000,5.524991
62,48,60.000000,-10.000000,5.484104
63,48,65.000000,-10.000000,5.448545
64,48,70.000000,-10.000000,5.414006
65,48,75.000000,-10.000000,5.389979
66,48,80.000000,-10.000000,5.366114
67,48,85.000000,-10.000000,5.342250
68,48,90.000000,-10.000000,5.319684
69,48,95.000000,-10.000000,5.300533
70,48,100.000000,-10.000000,5.285556
71,48,105.000000,-10.000000,5.276327
72,48,110.000000,-10.000000,5.267098
73,48,115.000000,-10.000000,5.257869
74,48,120.000000,-10.000000,5.249729
75,48,125.000000,-10.000000,5.242031
76,48,130.000000,-10.000000,5.237858
77,48,135.000000,-10.000000,5.234274
78,48,140.000000,-10.000000,5.230690
79,48,145.000000,-10.000000,5.227051
80,48,150.000000,-10.000000,5.223087
81,48,155.000000,-10.000000,5.218731
82,48,160.000000,-10.000000,5.213425
83,48,165.000000,-10.000000,5.208119
84,48,170.000000,-10.000000,5.202813
85,48,175.000000,-10.000000,5.197278
86,48,180.000000,-10.000000,5.191580
87,48,185.000000,-10.000000,5.184478
88,48,190.000000,-10.000000,5.176854
89,48,195.000000,-10.000000,5.169230
90,48,200.000000,-10.000000,5.161609
91,48,205.000000,-10.000000,5.154133
92,48,210.000000,-10.000000,5.146840
93,48,215.000000,-10.000000,5.140469
94,48,220.000000,-10.000000,5.134098
95,48,225.000000,-10.000000,5.127728
96,48,230.000000,-10.000000,5.121450
97,48,235.000000,-10.000000,5.115284
98,48,240.000000,-10.000000,5.110805
99,48,245.000000,-10.000000,5.107448
100,48,250.000000,-10.000000,5.104091
0,49,-250.000000,-5.000000,9.152922
1,49,-245.000000,-5.000000,9.078883
2,49,-240.000000,-5.000000,9.010903
3,49,-235.000000,-5.000000,8.943010
4,49,-230.000000,-5.000000,8.875491
5,49,-225.000000,-5.000000,8.807972
6,49,-220.000000,-5.000000,8.740453
7,49,-215.000000,-5.000000,8.674771
8,49,-210.000000,-5.000000,8.611084
9,49,-205.000000,-5.000000,8.547719
10,49,-200.000000,-5.000000,8.484548
11,49,-195.000000,-5.000000,8.421377
12,49,-190.000000,-5.000000,8.358206
13,49,-185.000000,-5.000000,8.294163
14,49,-180.000000,-5.000000,8.230028
15,49,-175.000000,-5.000000,8.165711
16,49,-170.000000,-5.000000,8.101394
17,49,-165.000000,-5.000000,8.037077
18,49,-160.000000,-5.000000,7.971763
19,49,-155.000000,-5.000000,7.904611
20,49,-150.000000,-5.000000,7.837061
21,49,-145.000000,-5.000000,7.769108
22,49,-140.000000,-5.000000,7.701154
23,49,-135.000000,-5.000000,7.633201
24,49,-130.000000,-5.000000,7.565246
25,49,-125.000000,-5.000000,7.497291
26,49,-120.000000,-5.000000,7.429336
27,49,-115.000000,-5.000000,7.361380
28,49,-110.000000,-5.000000,7.293425
29,49,-105.000000,-5.000000,7.226391
30,49,-100.000000,-5.000000,7.162562
31,49,-95.000000,-5.000000,7.099456
32,49,-90.000000,-5.000000,7.037587
33,49,-85.000000,-5.000000,6.975718
34,49,-80.000000,-5.000000,6.913850
35,49,-75.000000,-5.000000,6.855273
36,49,-70.000000,-5.000000,6.798398
37,49,-65.000000,-5.000000,6.743911
38,49,-60.000000,-5.000000,6.690004
39,49,-55.000000,-5.000000,6.636097
40,49,-50.000000,-5.000000,6.582401
41,49,-45.000000,-5.000000,6.530704
42,49,-40.000000,-5.000000,6.479398
43,49,-35.000000,-5.000000,6.429325
44,49,-30.000000,-5.000000,6.379252
45,49,-25.000000,-5.000000,6.329178
46,49,-20.000000,-5.000000,6.278949
47,49,-15.000000,-5.000000,6.228581
48,49,-10.000000,-5.000000,6.178034
49,49,-5.000000,-5.000000,6.127400
50,49,0.000000,-5.000000,6.076766
51,49,5.000000,-5.000000,6.026132
52,49,10.000000,-5.000000,5.976215
53,49,15.000000,-5.000000,5.926415
54,49,20.000000,-5.000000,5.877343
55,49,25.000000,-5.000000,5.828271
56,49,30.000000,-5.000000,5.779199
57,49,35.000000,-5.000000,5.731786
58,49,40.000000,-5.000000,5.686824
59,49,45.000000,-5.000000,5.644930
60,49,50.000000,-5.000000,5.605558
61,49,55.000000,-5.000000,5.566187
62,49,60.000000,-5.000000,5.526815
63,49,65.000000,-5.000000,5.492447
64,49,70.000000,-5.000000,5.459036
65,49,75.000000,-5.000000,5.435496
66,49,80.000000,-5.000000,5.412110
67,49,85.000000,-5.000000,5.388723
68,49,90.000000,-5.000000,5.366563
69,49,95.000000,-5.000000,5.347632
70,49,100.000000,-5.000000,5.332647
71,49,105.000000,-5.000000,5.323096
72,49,110.000000,-5.000000,5.313544
73,49,115.000000,-5.000000,5.303993
74,49,120.000000,-5.000000,5.295459
75,49,125.000000,-5.000000,5.287338
76,49,130.000000,-5.000000,5.282510
77,49,135.000000,-5.000000,5.278232
78,49,140.000000,-5.000000,5.273955
79,49,145.000000,-5.000000,5.269622
80,49,150.000000,-5.000000,5.264970
81,49,155.000000,-5.000000,5.259928
82,49,160.000000,-5.000000,5.253946
83,49,165.000000,-5.000000,5.247964
84,49,170.000000,-5.000000,5.241982
85,49,175.000000,-5.000000,5.235791
86,49,180.000000,-5.000000,5.229450
87,49,185.000000,-5.000000,5.221826
88,49,190.000000,-5.000000,5.213724
89,49,195.000000,-5.000000,5.205622
90,49,200.000000,-5.000000,5.197523
91,49,205.000000,-5.000000,5.189592
92,49,210.000000,-5.000000,5.181869
93,49,215.000000,-5.000000,5.175205
94,49,220.000000,-5.000000,5.168542
95,49,225.000000,-5.000000,5.161878
96,49,230.000000,-5.000000,5.155311
97,49,235.000000,-5.000000,5.148860
98,49,240.000000,-5.000000,5.144162
99,49,245.000000,-5.000000,5.140629
100,49,250.000000,-5.000000,5.137097
0,50,-250.000000,0.000000,9.142877
1,50,-245.000000,0.000000,9.067939
2,50,-240.000000,0.000000,8.999462
3,50,-235.000000,0.000000,8.931077
4,50,-230.000000,0.000000,8.863091
5,50,-225.000000,0.000000,8.795105
6,50,-220.000000,0.000000,8.727119
7,50,-215.000000,0.000000,8.661094
8,50,-210.000000,0.000000,8.597200
9,50,-205.000000,0.000000,8.533649
10,50,-200.000000,0.000000,8.470305
11,50,-195.000000,0.000000,8.406961
12,50,-190.000000,0.000000,8.343617
13,50,-185.000000,0.000000,8.279362
14,50,-180.000000,0.000000,8.215009
15,50,-175.000000,0.000000,8.150466
16,50,-170.000000,0.000000,8.085923
17,50,-165.000000,0.000000,8.021380
18,50,-160.000000,0.000000,7.955793
19,50,-155.000000,0.000000,7.888279
20,50,-150.000000,0.000000,7.820348
21,50,-145.000000,0.000000,7.751995
22,50,-140.000000,0.000000,7.683642
23,50,-135.000000,0.000000,7.615289
24,50,-130.000000,0.000000,7.547037
25,50,-125.000000,0.000000,7.478812
26,50,-120.000000,0.000000,7.410632
27,50,-115.000000,0.000000,7.342455
28,50,-110.000000,0.000000,7.274278
29,50,-105.000000,0.000000,7.207140
30,50,-100.000000,0.000000,7.143613
31,50,-95.000000,0.000000,7.080899
32,50,-90.000000,0.000000,7.019580
33,50,-85.000000,0.000000,6.958261
34,50,-80.000000,0.000000,6.896941
35,50,-75.000000,0.000000,6.839361
36,50,-70.000000,0.000000,6.783712
37,50,-65.000000,0.000000,6.730777
38,50,-60.000000,0.000000,6.678500
39,50,-55.000000,0.000000,6.626224
40,50,-50.000000,0.000000,6.574203
41,50,-45.000000,0.000000,6.524606
42,50,-40.000000,0.000000,6.475483
43,50,-35.000000,0.000000,6.427857
44,50,-30.000000,0.000000,6.380231
45,50,-25.000000,0.000000,6.332605
46,50,-20.000000,0.000000,6.284869
47,50,-15.000000,0.000000,6.237036
48,50,-10.000000,0.000000,6.189077
49,50,-5.000000,0.000000,6.141057
50,50,0.000000,0.000000,6.093037
51,50,5.000000,0.000000,6.045017
52,50,10.000000,0.000000,5.997500
53,50,15.000000,0.000000,5.950064
54,50,20.000000,0.000000,5.903138
55,50,25.000000,0.000000,5.856213
56,50,30.000000,0.000000,5.809287
57,50,35.000000,0.000000,5.763877
58,50,40.000000,0.000000,5.720710
59,50,45.000000,0.000000,5.680347
60,50,50.000000,0.000000,5.642290
61,50,55.000000,0.000000,5.604233
62,50,60.000000,0.000000,5.566176
63,50,65.000000,0.000000,5.532846
64,50,70.000000,0.000000,5.500421
65,50,75.000000,0.000000,5.477321
66,50,80.000000,0.000000,5.454366
67,50,85.000000,0.000000,5.431411
68,50,90.000000,0.000000,5.409623
69,50,95.000000,0.000000,5.390904
70,50,100.000000,0.000000,5.375937
71,50,105.000000,0.000000,5.366135
72,50,110.000000,0.000000,5.356334
73,50,115.000000,0.000000,5.346532
74,50,120.000000,0.000000,5.337682
75,50,125.000000,0.000000,5.329218
76,50,130.000000,0.000000,5.323834
77,50,135.000000,0.000000,5.318964
78,50,140.000000,0.000000,5.314095
79,50,145.000000,0.000000,5.309169
80,50,150.000000,0.000000,5.303919
81,50,155.000000,0.000000,5.298275
82,50,160.000000,0.000000,5.291679
83,50,165.000000,0.000000,5.285082
84,50,170.000000,0.000000,5.278486
85,50,175.000000,0.000000,5.271696
86,50,180.000000,0.000000,5.264767
87,50,185.000000,0.000000,5.256648
88,50,190.000000,0.000000,5.248087
89,50,195.000000,0.000000,5.239526
90,50,200.000000,0.000000,5.230969
91,50,205.000000,0.000000,5.222600
92,50,210.000000,0.000000,5.214466
93,50,215.000000,0.000000,5.207524
94,50,220.000000,0.000000,5.200582
95,50,225.000000,0.000000,5.193639
96,50,230.000000,0.000000,5.186798
97,50,235.000000,0.000000,5.180077
98,50,240.000000,0.000000,5.175185
99,50,245.000000,0.000000,5.171509
100,50,250.000000,0.000000,5.167832
0,51,-250.000000,5.000000,9.133899
1,51,-245.000000,5.000000,9.058096
2,51,-240.000000,5.000000,8.989145
3,51,-235.000000,5.000000,8.920293
4,51,-230.000000,5.000000,8.851863
5,51,-225.000000,5.000000,8.783434
6,51,-220.000000,5.000000,8.715004
7,51,-215.000000,5.000000,8.648657
8,51,-210.000000,5.000000,8.584570
9,51,-205.000000,5.000000,8.520849
10,51,-200.000000,5.000000,8.457347
11,51,-195.000000,5.000000,8.393846
12,51,-190.000000,5.000000,8.330344
13,51,-185.000000,5.000000,8.265889
14,51,-180.000000,5.000000,8.201333
15,51,-175.000000,5.000000,8.136578
16,51,-170.000000,5.000000,8.071822
17,51,-165.000000,5.000000,8.007067
18,51,-160.000000,5.000000,7.941220
19,51,-155.000000,5.000000,7.873358
20,51,-150.000000,5.000000,7.805059
21,51,-145.000000,5.000000,7.736319
22,51,-140.000000,5.000000,7.667579
23,51,-135.000000,5.000000,7.598839
24,51,-130.000000,5.000000,7.530297
25,51,-125.000000,5.000000,7.461808
26,51,-120.000000,5.000000,7.393407
27,51,-115.000000,5.000000,7.325011
28,51,-110.000000,5.000000,7.256616
29,51,-105.000000,5.000000,7.189372
30,51,-100.000000,5.000000,7.126130
31,51,-95.000000,5.000000,7.063790
32,51,-90.000000,5.000000,7.002996
33,51,-85.000000,5.000000,6.942202
34,51,-80.000000,5.000000,6.881408
35,51,-75.000000,5.000000,6.824784
36,51,-70.000000,5.000000,6.770314
37,51,-65.000000,5.000000,6.718870
38,51,-60.000000,5.000000,6.668161
39,51,-55.000000,5.000000,6.617451
40,51,-50.000000,5.000000,6.567040
41,51,-45.000000,5.000000,6.519459
42,51,-40.000000,5.000000,6.472432
43,51,-35.000000,5.000000,6.427152
44,51,-30.000000,5.000000,6.381873
45,51,-25.000000,5.000000,6.336593
46,51,-20.000000,5.000000,6.291243
47,51,-15.000000,5.000000,6.245832
48,51,-10.000000,5.000000,6.200342
49,51,-5.000000,5.000000,6.154813
50,51,0.000000,5.000000,6.109284
51,51,5.000000,5.000000,6.063756
52,51,10.000000,5.000000,6.018518
53,51,15.000000,5.000000,5.973328
54,51,20.000000,5.000000,5.928433
55,51,25.000000,5.000000,5.883539
56,51,30.000000,5.000000,5.838644
57,51,35.000000,5.000000,5.795131
58,51,40.000000,5.000000,5.753659
59,51,45.000000,5.000000,5.714742
60,51,50.000000,5.000000,5.677926
61,51,55.000000,5.000000,5.641109
62,51,60.000000,5.000000,5.604293
63,51,65.000000,5.000000,5.571945
64,51,70.000000,5.000000,5.540451
65,51,75.000000,5.000000,5.517774
66,51,80.000000,5.000000,5.495234
67,51,85.000000,5.000000,5.472694
68,51,90.000000,5.000000,5.451263
69,51,95.000000,5.000000,5.432754
70,51,100.000000,5.000000,5.417814
71,51,105.000000,5.000000,5.407789
72,51,110.000000,5.000000,5.397765
73,51,115.000000,5.000000,5.387740
74,51,120.000000,5.000000,5.378603
75,51,125.000000,5.000000,5.369826
76,51,130.000000,5.000000,5.363922
77,51,135.000000,5.000000,5.358497
78,51,140.000000,5.000000,5.353073
79,51,145.000000,5.000000,5.347591
80,51,150.000000,5.000000,5.341778
81,51,155.000000,5.000000,5.335563
82,51,160.000000,5.000000,5.328375
83,51,165.000000,5.000000,5.321188
84,51,170.000000,5.000000,5.314000
85,51,175.000000,5.000000,5.306631
86,51,180.000000,5.000000,5.299134
87,51,185.000000,5.000000,5.290533
88,51,190.000000,5.000000,5.281520
89,51,195.000000,5.000000,5.272507
90,51,200.000000,5.000000,5.263498
91,51,205.000000,5.000000,5.254698
92,51,210.000000,5.000000,5.246159
93,51,215.000000,5.000000,5.238944
94,51,220.000000,5.000000,5.231728
95,51,225.000000,5.000000,5.224513
96,51,230.000000,5.000000,5.217403
97,51,235.000000,5.000000,5.210418
98,51,240.000000,5.000000,5.205342
99,51,245.000000,5.000000,5.201533
100,51,250.000000,5.000000,5.197724
0,52,-250.000000,10.000000,9.128072
1,52,-245.000000,10.000000,9.051507
2,52,-240.000000,10.000000,8.982154
3,52,-235.000000,10.000000,8.912905
4,52,-230.000000,10.000000,8.844101
5,52,-225.000000,10.000000,8.775296
6,52,-220.000000,10.000000,8.706492
7,52,-215.000000,10.000000,8.639880
8,52,-210.000000,10.000000,8.575649
9,52,-205.000000,10.000000,8.511803
10,52,-200.000000,10.000000,8.448187
11,52,-195.000000,10.000000,8.384572
12,52,-190.000000,10.000000,8.320956
13,52,-185.000000,10.000000,8.256343
14,52,-180.000000,10.000000,8.191624
15,52,-175.000000,10.000000,8.126697
16,52,-170.000000,10.000000,8.061769
17,52,-165.000000,10.000000,7.996842
18,52,-160.000000,10.000000,7.930774
19,52,-155.000000,10.000000,7.862603
20,52,-150.000000,10.000000,7.793977
21,52,-145.000000,10.000000,7.724889
22,52,-140.000000,10.000000,7.655801
23,52,-135.000000,10.000000,7.586713
24,52,-130.000000,10.000000,7.517902
25,52,-125.000000,10.000000,7.449165
26,52,-120.000000,10.000000,7.380550
27,52,-115.000000,10.000000,7.311944
28,52,-110.000000,10.000000,7.243337
29,52,-105.000000,10.000000,7.175983
30,52,-100.000000,10.000000,7.112981
31,52,-95.000000,10.000000,7.050960
32,52,-90.000000,10.000000,6.990620
33,52,-85.000000,10.000000,6.930280
34,52,-80.000000,10.000000,6.869940
35,52,-75.000000,10.000000,6.814153
36,52,-70.000000,10.000000,6.760719
37,52,-65.000000,10.000000,6.710589
38,52,-60.000000,10.000000,6.661261
39,52,-55.000000,10.000000,6.611933
40,52,-50.000000,10.000000,6.562940
41,52,-45.000000,10.000000,6.517125
42,52,-40.000000,10.000000,6.471932
43,52,-35.000000,10.000000,6.428700
44,52,-30.000000,10.000000,6.385469
45,52,-25.000000,10.000000,6.342237
46,52,-20.000000,10.000000,6.298958
47,52,-15.000000,10.000000,6.255637
48,52,-10.000000,10.000000,6.212262
49,52,-5.000000,10.000000,6.168862
50,52,0.000000,10.000000,6.125461
51,52,5.000000,10.000000,6.082060
52,52,10.000000,10.000000,6.038750
53,52,15.000000,10.000000,5.995455
54,52,20.000000,10.000000,5.952251
55,52,25.000000,10.000000,5.909047
56,52,30.000000,10.000000,5.865844
57,52,35.000000,10.000000,5.823906
58,52,40.000000,10.000000,5.783841
59,52,45.000000,10.000000,5.746119
60,52,50.000000,10.000000,5.710323
61,52,55.000000,10.000000,5.674527
62,52,60.000000,10.000000,5.638730
63,52,65.000000,10.000000,5.607197
64,52,70.000000,10.000000,5.576480
65,52,75.000000,10.000000,5.554173
66,52,80.000000,10.000000,5.531997
67,52,85.000000,10.000000,5.509821
68,52,90.000000,10.000000,5.488710
69,52,95.000000,10.000000,5.470401
70,52,100.000000,10.000000,5.455517
71,52,105.000000,10.000000,5.445349
72,52,110.000000,10.000000,5.435181
73,52,115.000000,10.000000,5.425013
74,52,120.000000,10.000000,5.415674
75,52,125.000000,10.000000,5.406672
76,52,130.000000,10.000000,5.400356
77,52,135.000000,10.000000,5.394488
78,52,140.000000,10.000000,5.388620
79,52,145.000000,10.000000,5.382692
80,52,150.000000,10.000000,5.376418
81,52,155.000000,10.000000,5.369723
82,52,160.000000,10.000000,5.362011
83,52,165.000000,10.000000,5.354299
84,52,170.000000,10.000000,5.346587
85,52,175.000000,10.000000,5.338704
86,52,180.000000,10.000000,5.330698
87,52,185.000000,10.000000,5.321644
88,52,190.000000,10.000000,5.312200
89,52,195.000000,10.000000,5.302756
90,52,200.000000,10.000000,5.293316
91,52,205.000000,10.000000,5.284106
92,52,210.000000,10.000000,5.275182
93,52,215.000000,10.000000,5.267709
94,52,220.000000,10.000000,5.260236
95,52,225.000000,10.000000,5.252763
96,52,230.000000,10.000000,5.245401
97,52,235.000000,10.000000,5.238170
98,52,240.000000,10.000000,5.232936
99,52,245.000000,10.000000,5.229029
100,52,250.000000,10.000000,5.225123
0,53,-250.000000,15.000000,9.122245
1,53,-245.000000,15.000000,9.044918
2,53,-240.000000,15.000000,8.975163
3,53,-235.000000,15.000000,8.905517
4,53,-230.000000,15.000000,8.836338
5,53,-225.000000,15.000000,8.767159
6,53,-220.000000,15.000000,8.697980
7,53,-215.000000,15.000000,8.631104
8,53,-210.000000,15.000000,8.566728
9,53,-205.000000,15.000000,8.502756
10,53,-200.000000,15.000000,8.439027
11,53,-195.000000,15.000000,8.375298
12,53,-190.000000,15.000000,8.311569
13,53,-185.000000,15.000000,8.246797
14,53,-180.000000,15.000000,8.181916
15,53,-175.000000,15.000000,8.116816
16,53,-170.000000,15.000000,8.051716
17,53,-165.000000,15.000000,7.986617
18,53,-160.000000,15.000000,7.920329
19,53,-155.000000,15.000000,7.851849
20,53,-150.000000,15.000000,7.782894
21,53,-145.000000,15.000000,7.713458
22,53,-140.000000,15.000000,7.644023
23,53,-135.000000,15.000000,7.574587
24,53,-130.000000,15.000000,7.505507
25,53,-125.000000,15.000000,7.436522
26,53,-120.000000,15.000000,7.367693
27,53,-115.000000,15.000000,7.298876
28,53,-110.000000,15.000000,7.230059
29,53,-105.000000,15.000000,7.162595
30,53,-100.000000,15.000000,7.099832
31,53,-95.000000,15.000000,7.038130
32,53,-90.000000,15.000000,6.978244
33,53,-85.000000,15.000000,6.918358
34,53,-80.000000,15.000000,6.858471
35,53,-75.000000,15.000000,6.803523
36,53,-70.000000,15.000000,6.751124
37,53,-65.000000,15.000000,6.702308
38,53,-60.000000,15.000000,6.654362
39,53,-55.000000,15.000000,6.606415
40,53,-50.000000,15.000000,6.558840
41,53,-45.000000,15.000000,6.514791
42,53,-40.000000,15.000000,6.471432
43,53,-35.000000,15.000000,6.430248
44,53,-30.000000,15.000000,6.389065
45,53,-25.000000,15.000000,6.347881
46,53,-20.000000,15.000000,6.306672
47,53,-15.000000,15.000000,6.265442
48,53,-10.000000,15.000000,6.224183
49,53,-5.000000,15.000000,6.182910
50,53,0.000000,15.000000,6.141638
51,53,5.000000,15.000000,6.100365
52,53,10.000000,15.000000,6.058982
53,53,15.000000,15.000000,6.017581
54,53,20.000000,15.000000,5.976069
55,53,25.000000,15.000000,5.934556
56,53,30.000000,15.000000,5.893043
57,53,35.000000,15.000000,5.852682
58,53,40.000000,15.000000,5.814024
59,53,45.000000,15.000000,5.777496
60,53,50.000000,15.000000,5.742720
61,53,55.000000,15.000000,5.707944
62,53,60.000000,15.000000,5.673168
63,53,65.000000,15.000000,5.642450
64,53,70.000000,15.000000,5.612508
65,53,75.000000,15.000000,5.590572
66,53,80.000000,15.000000,5.568760
67,53,85.000000,15.000000,5.546949
68,53,90.000000,15.000000,5.526157
69,53,95.000000,15.000000,5.508048
70,53,100.000000,15.000000,5.493220
71,53,105.000000,15.000000,5.482909
72,53,110.000000,15.000000,5.472597
73,53,115.000000,15.000000,5.462285
74,53,120.000000,15.000000,5.452745
75,53,125.000000,15.000000,5.443519
76,53,130.000000,15.000000,5.436790
77,53,135.000000,15.000000,5.430478
78,53,140.000000,15.000000,5.424167
79,53,145.000000,15.000000,5.417793
80,53,150.000000,15.000000,5.411058
81,53,155.000000,15.000000,5.403883
82,53,160.000000,15.000000,5.395647
83,53,165.000000,15.000000,5.387410
84,53,170.000000,15.000000,5.379174
85,53,175.000000,15.000000,5.370776
86,53,180.000000,15.000000,5.362262
87,53,185.000000,15.000000,5.352756
88,53,190.000000,15.000000,5.342880
89,53,195.000000,15.000000,5.333005
90,53,200.000000,15.000000,5.323134
91,53,205.000000,15.000000,5.313514
92,53,210.000000,15.000000,5.304204
93,53,215.000000,15.000000,5.296474
94,53,220.000000,15.000000,5.288744
95,53,225.000000,15.000000,5.281014
96,53,230.000000,15.000000,5.273399
97,53,235.000000,15.000000,5.265921
98,53,240.000000,15.000000,5.260530
99,53,245.000000,15.000000,5.256526
100,53,250.000000,15.000000,5.252522
0,54,-250.000000,20.000000,9.116418
1,54,-245.000000,20.000000,9.038329
2,54,-240.000000,20.000000,8.968172
3,54,-235.000000,20.000000,8.898129
4,54,-230.000000,20.000000,8.828575
5,54,-225.000000,20.000000,8.759022
6,54,-220.000000,20.000000,8.689468
7,54,-215.000000,20.000000,8.622328
8,54,-210.000000,20.000000,8.557807
9,54,-205.000000,20.000000,8.493710
10,54,-200.000000,20.000000,8.429867
11,54,-195.000000,20.000000,8.366024
12,54,-190.000000,20.000000,8.302181
13,54,-185.000000,20.000000,8.237252
14,54,-180.000000,20.000000,8.172207
15,54,-175.000000,20.000000,8.106935
16,54,-170.000000,20.000000,8.041663
17,54,-165.000000,20.000000,7.976391
18,54,-160.000000,20.000000,7.909884
19,54,-155.000000,20.000000,7.841094
20,54,-150.000000,20.000000,7.771811
21,54,-145.000000,20.000000,7.702028
22,54,-140.000000,20.000000,7.632245
23,54,-135.000000,20.000000,7.562461
24,54,-130.000000,20.000000,7.493111
25,54,-125.000000,20.000000,7.423879
26,54,-120.000000,20.000000,7.354837
27,54,-115.000000,20.000000,7.285809
28,54,-110.000000,20.000000,7.216781
29,54,-105.000000,20.000000,7.149206
30,54,-100.000000,20.000000,7.086684
31,54,-95.000000,20.000000,7.025301
32,54,-90.000000,20.000000,6.965868
33,54,-85.000000,20.000000,6.906436
34,54,-80.000000,20.000000,6.847003
35,54,-75.000000,20.000000,6.792892
36,54,-70.000000,20.000000,6.741529
37,54,-65.000000,20.000000,6.694027
38,54,-60.000000,20.000000,6.647462
39,54,-55.000000,20.000000,6.600897
40,54,-50.000000,20.000000,6.554741
41,54,-45.000000,20.000000,6.512457
42,54,-40.000000,20.000000,6.470931
43,54,-35.000000,20.000000,6.431796
44,54,-30.000000,20.000000,6.392661
45,54,-25.000000,20.000000,6.353525
46,54,-20.000000,20.000000,6.314387
47,54,-15.000000,20.000000,6.275247
48,54,-10.000000,20.000000,6.236104
49,54,-5.000000,20.000000,6.196959
50,54,0.000000,20.000000,6.157814
51,54,5.000000,20.000000,6.118670
52,54,10.000000,20.000000,6.079214
53,54,15.000000,20.000000,6.039708
54,54,20.000000,20.000000,5.999886
55,54,25.000000,20.000000,5.960064
56,54,30.000000,20.000000,5.920242
57,54,35.000000,20.000000,5.881457
58,54,40.000000,20.000000,5.844206
59,54,45.000000,20.000000,5.808873
60,54,50.000000,20.000000,5.775117
61,54,55.000000,20.000000,5.741362
62,54,60.000000,20.000000,5.707606
63,54,65.000000,20.000000,5.677703
64,54,70.000000,20.000000,5.648537
65,54,75.000000,20.000000,5.626971
66,54,80.000000,20.000000,5.605524
67,54,85.000000,20.000000,5.584076
68,54,90.000000,20.000000,5.563603
69,54,95.000000,20.000000,5.545696
70,54,100.000000,20.000000,5.530924
71,54,105.000000,20.000000,5.520468
72,54,110.000000,20.000000,5.510013
73,54,115.000000,20.000000,5.499558
74,54,120.000000,20.000000,5.489816
75,54,125.000000,20.000000,5.480365
76,54,130.000000,20.000000,5.473223
77,54,135.000000,20.000000,5.466469
78,54,140.000000,20.000000,5.459714
79,54,145.000000,20.000000,5.452894
80,54,150.000000,20.000000,5.445697
81,54,155.000000,20.000000,5.438043
82,54,160.000000,20.000000,5.429282
83,54,165.000000,20.000000,5.420522
84,54,170.000000,20.000000,5.411761
85,54,175.000000,20.000000,5.402848
86,54,180.000000,20.000000,5.393825
87,54,185.000000,20.000000,5.383867
88,54,190.000000,20.000000,5.373561
89,54,195.000000,20.000000,5.363254
90,54,200.000000,20.000000,5.352953
91,54,205.000000,20.000000,5.342921
92,54,210.000000,20.000000,5.333227
93,54,215.000000,20.000000,5.325239
94,54,220.000000,20.000000,5.317252
95,54,225.000000,20.000000,5.309264
96,54,230.000000,20.000000,5.301397
97,54,235.000000,20.000000,5.293673
98,54,240.000000,20.000000,5.288125
99,54,245.000000,20.000000,5.284023
100,54,250.000000,20.000000,5.279921
0,55,-250.000000,25.000000,9.115292
1,55,-245.000000,25.000000,9.036595
2,55,-240.000000,25.000000,8.966132
3,55,-235.000000,25.000000,8.895788
4,55,-230.000000,25.000000,8.825951
5,55,-225.000000,25.000000,8.756115
6,55,-220.000000,25.000000,8.686278
7,55,-215.000000,25.000000,8.618948
8,55,-210.000000,25.000000,8.554339
9,55,-205.000000,25.000000,8.490169
10,55,-200.000000,25.000000,8.426263
11,55,-195.000000,25.000000,8.362358
12,55,-190.000000,25.000000,8.298452
13,55,-185.000000,25.000000,8.233431
14,55,-180.000000,25.000000,8.168292
15,55,-175.000000,25.000000,8.102918
16,55,-170.000000,25.000000,8.037545
17,55,-165.000000,25.000000,7.972172
18,55,-160.000000,25.000000,7.905527
19,55,-155.000000,25.000000,7.836534
20,55,-150.000000,25.000000,7.767034
21,55,-145.000000,25.000000,7.697018
22,55,-140.000000,25.000000,7.627002
23,55,-135.000000,25.000000,7.556986
24,55,-130.000000,25.000000,7.487474
25,55,-125.000000,25.000000,7.418099
26,55,-120.000000,25.000000,7.348945
27,55,-115.000000,25.000000,7.279808
28,55,-110.000000,25.000000,7.210670
29,55,-105.000000,25.000000,7.143069
30,55,-100.000000,25.000000,7.080809
31,55,-95.000000,25.000000,7.019754
32,55,-90.000000,25.000000,6.960761
33,55,-85.000000,25.000000,6.901767
34,55,-80.000000,25.000000,6.842774
35,55,-75.000000,25.000000,6.789416
36,55,-70.000000,25.000000,6.738967
37,55,-65.000000,25.000000,6.692607
38,55,-60.000000,25.000000,6.647239
39,55,-55.000000,25.000000,6.601871
40,55,-50.000000,25.000000,6.556941
41,55,-45.000000,25.000000,6.516165
42,55,-40.000000,25.000000,6.476201
43,55,-35.000000,25.000000,6.438801
44,55,-30.000000,25.000000,6.401400
45,55,-25.000000,25.000000,6.364000
46,55,-20.000000,25.000000,6.326612
47,55,-15.000000,25.000000,6.289235
48,55,-10.000000,25.000000,6.251872
49,55,-5.000000,25.000000,6.214516
50,55,0.000000,25.000000,6.177159
51,55,5.000000,25.000000,6.139803
52,55,10.000000,25.000000,6.101964
53,55,15.000000,25.000000,6.064046
54,55,20.000000,25.000000,6.025638
55,55,25.000000,25.000000,5.987230
56,55,30.000000,25.000000,5.948822
57,55,35.000000,25.000000,5.911353
58,55,40.000000,25.000000,5.875274
59,55,45.000000,25.000000,5.840933
60,55,50.000000,25.000000,5.808022
61,55,55.000000,25.000000,5.775111
62,55,60.000000,25.000000,5.742199
63,55,65.000000,25.000000,5.712965
64,55,70.000000,25.000000,5.684434
65,55,75.000000,25.000000,5.663158
66,55,80.000000,25.000000,5.641994
67,55,85.000000,25.000000,5.620829
68,55,90.000000,25.000000,5.600601
69,55,95.000000,25.000000,5.582835
70,55,100.000000,25.000000,5.568078
71,55,105.000000,25.000000,5.557465
72,55,110.000000,25.000000,5.546852
73,55,115.000000,25.000000,5.536239
74,55,120.000000,25.000000,5.526288
75,55,125.000000,25.000000,5.516605
76,55,130.000000,25.000000,5.509066
77,55,135.000000,25.000000,5.501885
78,55,140.000000,25.000000,5.494704
79,55,145.000000,25.000000,5.487455
80,55,150.000000,25.000000,5.479815
81,55,155.000000,25.000000,5.471699
82,55,160.000000,25.000000,5.462435
83,55,165.000000,25.000000,5.453171
84,55,170.000000,25.000000,5.443906
85,55,175.000000,25.000000,5.434497
86,55,180.000000,25.000000,5.424985
87,55,185.000000,25.000000,5.414586
88,55,190.000000,25.000000,5.403857
89,55,195.000000,25.000000,5.393129
90,55,200.000000,25.000000,5.382406
91,55,205.000000,25.000000,5.371971
92,55,210.000000,25.000000,5.361897
93,55,215.000000,25.000000,5.353648
94,55,220.000000,25.000000,5.345398
95,55,225.000000,25.000000,5.337149
96,55,230.000000,25.000000,5.329025
97,55,235.000000,25.000000,5.321049
98,55,240.000000,25.000000,5.315333
99,55,245.000000,25.000000,5.311119
100,55,250.000000,25.000000,5.306904
0,56,-250.000000,30.000000,9.116166
1,56,-245.000000,30.000000,9.036926
2,56,-240.000000,30.000000,8.966198
3,56,-235.000000,30.000000,8.895593
4,56,-230.000000,30.000000,8.825513
5,56,-225.000000,30.000000,8.755432
6,56,-220.000000,30.000000,8.685352
7,56,-215.000000,30.000000,8.617863
8,56,-210.000000,30.000000,8.553189
9,56,-205.000000,30.000000,8.488970
10,56,-200.000000,30.000000,8.425023
11,56,-195.000000,30.000000,8.361076
12,56,-190.000000,30.000000,8.297130
13,56,-185.000000,30.000000,8.232045
14,56,-180.000000,30.000000,8.166839
15,56,-175.000000,30.000000,8.101395
16,56,-170.000000,30.000000,8.035951
17,56,-165.000000,30.000000,7.970507
18,56,-160.000000,30.000000,7.903761
19,56,-155.000000,30.000000,7.834609
20,56,-150.000000,30.000000,7.764937
21,56,-145.000000,30.000000,7.694738
22,56,-140.000000,30.000000,7.624539
23,56,-135.000000,30.000000,7.554340
24,56,-130.000000,30.000000,7.484711
25,56,-125.000000,30.000000,7.415238
26,56,-120.000000,30.000000,7.346015
27,56,-115.000000,30.000000,7.276811
28,56,-110.000000,30.000000,7.207607
29,56,-105.000000,30.000000,7.140015
30,56,-100.000000,30.000000,7.078028
31,56,-95.000000,30.000000,7.017304
32,56,-90.000000,30.000000,6.958744
33,56,-85.000000,30.000000,6.900184
34,56,-80.000000,30.000000,6.841624
35,56,-75.000000,30.000000,6.788982
36,56,-70.000000,30.000000,6.739397
37,56,-65.000000,30.000000,6.694105
38,56,-60.000000,30.000000,6.649855
39,56,-55.000000,30.000000,6.605606
40,56,-50.000000,30.000000,6.561821
41,56,-45.000000,30.000000,6.522441
42,56,-40.000000,30.000000,6.483924
43,56,-35.000000,30.000000,6.448126
44,56,-30.000000,30.000000,6.412328
45,56,-25.000000,30.000000,6.376529
46,56,-20.000000,30.000000,6.340755
47,56,-15.000000,30.000000,6.305002
48,56,-10.000000,30.000000,6.269276
49,56,-5.000000,30.000000,6.233564
50,56,0.000000,30.000000,6.197852
51,56,5.000000,30.000000,6.162139
52,56,10.000000,30.000000,6.125784
53,56,15.000000,30.000000,6.089325
54,56,20.000000,30.000000,6.052212
55,56,25.000000,30.000000,6.015100
56,56,30.000000,30.000000,5.977988
57,56,35.000000,30.000000,5.941725
58,56,40.000000,30.000000,5.906719
59,56,45.000000,30.000000,5.873284
60,56,50.000000,30.000000,5.841143
61,56,55.000000,30.000000,5.809001
62,56,60.000000,30.000000,5.776859
63,56,65.000000,30.000000,5.748231
64,56,70.000000,30.000000,5.720276
65,56,75.000000,30.000000,5.699253
66,56,80.000000,30.000000,5.678339
67,56,85.000000,30.000000,5.657424
68,56,90.000000,30.000000,5.637408
69,56,95.000000,30.000000,5.619758
70,56,100.000000,30.000000,5.604999
71,56,105.000000,30.000000,5.594222
72,56,110.000000,30.000000,5.583445
73,56,115.000000,30.000000,5.572668
74,56,120.000000,30.000000,5.562504
75,56,125.000000,30.000000,5.552588
76,56,130.000000,30.000000,5.544657
77,56,135.000000,30.000000,5.537057
78,56,140.000000,30.000000,5.529457
79,56,145.000000,30.000000,5.521786
80,56,150.000000,30.000000,5.513711
81,56,155.000000,30.000000,5.505142
82,56,160.000000,30.000000,5.495382
83,56,165.000000,30.000000,5.485623
84,56,170.000000,30.000000,5.475863
85,56,175.000000,30.000000,5.465967
86,56,180.000000,30.000000,5.455972
87,56,185.000000,30.000000,5.445138
88,56,190.000000,30.000000,5.433991
89,56,195.000000,30.000000,5.422844
90,56,200.000000,30.000000,5.411703
91,56,205.000000,30.000000,5.400869
92,56,210.000000,30.000000,5.390417
93,56,215.000000,30.000000,5.381904
94,56,220.000000,30.000000,5.373392
95,56,225.000000,30.000000,5.364879
96,56,230.000000,30.000000,5.356495
97,56,235.000000,30.000000,5.348266
98,56,240.000000,30.000000,5.342377
99,56,245.000000,30.000000,5.338044
100,56,250.000000,30.000000,5.333711
0,57,-250.000000,35.000000,9.124973
1,57,-245.000000,35.000000,9.045449
2,57,-240.000000,35.000000,8.974618
3,57,-235.000000,35.000000,8.903913
4,57,-230.000000,35.000000,8.833743
5,57,-225.000000,35.000000,8.763574
6,57,-220.000000,35.000000,8.693405
7,57,-215.000000,35.000000,8.625884
8,57,-210.000000,35.000000,8.561239
9,57,-205.000000,35.000000,8.497059
10,57,-200.000000,35.000000,8.433157
11,57,-195.000000,35.000000,8.369256
12,57,-190.000000,35.000000,8.305355
13,57,-185.000000,35.000000,8.240318
14,57,-180.000000,35.000000,8.175160
15,57,-175.000000,35.000000,8.109765
16,57,-170.000000,35.000000,8.044370
17,57,-165.000000,35.000000,7.978975
18,57,-160.000000,35.000000,7.912267
19,57,-155.000000,35.000000,7.843135
20,57,-150.000000,35.000000,7.773478
21,57,-145.000000,35.000000,7.703290
22,57,-140.000000,35.000000,7.633102
23,57,-135.000000,35.000000,7.562914
24,57,-130.000000,35.000000,7.493350
25,57,-125.000000,35.000000,7.423956
26,57,-120.000000,35.000000,7.354836
27,57,-115.000000,35.000000,7.285736
28,57,-110.000000,35.000000,7.216637
29,57,-105.000000,35.000000,7.149195
30,57,-100.000000,35.000000,7.087518
31,57,-95.000000,35.000000,7.027142
32,57,-90.000000,35.000000,6.968991
33,57,-85.000000,35.000000,6.910839
34,57,-80.000000,35.000000,6.852688
35,57,-75.000000,35.000000,6.800620
36,57,-70.000000,35.000000,6.751692
37,57,-65.000000,35.000000,6.707179
38,57,-60.000000,35.000000,6.663736
39,57,-55.000000,35.000000,6.620293
40,57,-50.000000,35.000000,6.577329
41,57,-45.000000,35.000000,6.538911
42,57,-40.000000,35.000000,6.501382
43,57,-35.000000,35.000000,6.466657
44,57,-30.000000,35.000000,6.431933
45,57,-25.000000,35.000000,6.397209
46,57,-20.000000,35.000000,6.362508
47,57,-15.000000,35.000000,6.327827
48,57,-10.000000,35.000000,6.293173
49,57,-5.000000,35.000000,6.258531
50,57,0.000000,35.000000,6.223890
51,57,5.000000,35.000000,6.189248
52,57,10.000000,35.000000,6.153852
53,57,15.000000,35.000000,6.118334
54,57,20.000000,35.000000,6.082050
55,57,25.000000,35.000000,6.045766
56,57,30.000000,35.000000,6.009482
57,57,35.000000,35.000000,5.973987
58,57,40.000000,35.000000,5.939658
59,57,45.000000,35.000000,5.906789
60,57,50.000000,35.000000,5.875120
61,57,55.000000,35.000000,5.843450
62,57,60.000000,35.000000,5.811781
63,57,65.000000,35.000000,5.783513
64,57,70.000000,35.000000,5.755896
65,57,75.000000,35.000000,5.734990
66,57,80.000000,35.000000,5.714189
67,57,85.000000,35.000000,5.693387
68,57,90.000000,35.000000,5.673457
69,57,95.000000,35.000000,5.655823
70,57,100.000000,35.000000,5.640995
71,57,105.000000,35.000000,5.630030
72,57,110.000000,35.000000,5.619065
73,57,115.000000,35.000000,5.608099
74,57,120.000000,35.000000,5.597708
75,57,125.000000,35.000000,5.587550
76,57,130.000000,35.000000,5.579249
77,57,135.000000,35.000000,5.571259
78,57,140.000000,35.000000,5.563269
79,57,145.000000,35.000000,5.555207
80,57,150.000000,35.000000,5.546726
81,57,155.000000,35.000000,5.537735
82,57,160.000000,35.000000,5.527515
83,57,165.000000,35.000000,5.517295
84,57,170.000000,35.000000,5.507075
85,57,175.000000,35.000000,5.496723
86,57,180.000000,35.000000,5.486277
87,57,185.000000,35.000000,5.475027
88,57,190.000000,35.000000,5.463477
89,57,195.000000,35.000000,5.451927
90,57,200.000000,35.000000,5.440383
91,57,205.000000,35.000000,5.429162
92,57,210.000000,35.000000,5.418342
93,57,215.000000,35.000000,5.409559
94,57,220.000000,35.000000,5.400775
95,57,225.000000,35.000000,5.391992
96,57,230.000000,35.000000,5.383342
97,57,235.000000,35.000000,5.374851
98,57,240.000000,35.000000,5.368771
99,57,245.000000,35.000000,5.364294
100,57,250.000000,35.000000,5.359817
0,58,-250.000000,40.000000,9.133779
1,58,-245.000000,40.000000,9.053971
2,58,-240.000000,40.000000,8.983038
3,58,-235.000000,40.000000,8.912233
4,58,-230.000000,40.000000,8.841974
5,58,-225.000000,40.000000,8.771716
6,58,-220.000000,40.000000,8.701457
7,58,-215.000000,40.000000,8.633904
8,58,-210.000000,40.000000,8.569289
9,58,-205.000000,40.000000,8.505148
10,58,-200.000000,40.000000,8.441292
11,58,-195.000000,40.000000,8.377436
12,58,-190.000000,40.000000,8.313579
13,58,-185.000000,40.000000,8.248590
14,58,-180.000000,40.000000,8.183482
15,58,-175.000000,40.000000,8.118135
16,58,-170.000000,40.000000,8.052789
17,58,-165.000000,40.000000,7.987443
18,58,-160.000000,40.000000,7.920773
19,58,-155.000000,40.000000,7.851661
20,58,-150.000000,40.000000,7.782019
21,58,-145.000000,40.000000,7.711842
22,58,-140.000000,40.000000,7.641665
23,58,-135.000000,40.000000,7.571488
24,58,-130.000000,40.000000,7.501989
25,58,-125.000000,40.000000,7.432674
26,58,-120.000000,40.000000,7.363657
27,58,-115.000000,40.000000,7.294661
28,58,-110.000000,40.000000,7.225666
29,58,-105.000000,40.000000,7.158375
30,58,-100.000000,40.000000,7.097009
31,58,-95.000000,40.000000,7.036979
32,58,-90.000000,40.000000,6.979237
33,58,-85.000000,40.000000,6.921495
34,58,-80.000000,40.000000,6.863752
35,58,-75.000000,40.000000,6.812257
36,58,-70.000000,40.000000,6.763988
37,58,-65.000000,40.000000,6.720252
38,58,-60.000000,40.000000,6.677616
39,58,-55.000000,40.000000,6.634980
40,58,-50.000000,40.000000,6.592838
41,58,-45.000000,40.000000,6.555380
42,58,-40.000000,40.000000,6.518839
43,58,-35.000000,40.000000,6.485189
44,58,-30.000000,40.000000,6.451539
45,58,-25.000000,40.000000,6.417888
46,58,-20.000000,40.000000,6.384260
47,58,-15.000000,40.000000,6.350652
48,58,-10.000000,40.000000,6.317069
49,58,-5.000000,40.000000,6.283498
50,58,0.000000,40.000000,6.249927
51,58,5.000000,40.000000,6.216356
52,58,10.000000,40.000000,6.181920
53,58,15.000000,40.000000,6.147343
54,58,20.000000,40.000000,6.111888
55,58,25.000000,40.000000,6.076432
56,58,30.000000,40.000000,6.040977
57,58,35.000000,40.000000,6.006249
58,58,40.000000,40.000000,5.972598
59,58,45.000000,40.000000,5.940294
60,58,50.000000,40.000000,5.909097
61,58,55.000000,40.000000,5.877900
62,58,60.000000,40.000000,5.846703
63,58,65.000000,40.000000,5.818795
64,58,70.000000,40.000000,5.791517
65,58,75.000000,40.000000,5.770728
66,58,80.000000,40.000000,5.750039
67,58,85.000000,40.000000,5.729350
68,58,90.000000,40.000000,5.709507
69,58,95.000000,40.000000,5.691889
70,58,100.000000,40.000000,5.676991
71,58,105.000000,40.000000,5.665837
72,58,110.000000,40.000000,5.654684
73,58,115.000000,40.000000,5.643531
74,58,120.000000,40.000000,5.632912
75,58,125.000000,40.000000,5.622511
76,58,130.000000,40.000000,5.613842
77,58,135.000000,40.000000,5.605462
78,58,140.000000,40.000000,5.597082
79,58,145.000000,40.000000,5.588628
80,58,150.000000,40.000000,5.579741
81,58,155.000000,40.000000,5.570329
82,58,160.000000,40.000000,5.559648
83,58,165.000000,40.000000,5.548967
84,58,170.000000,40.000000,5.538286
85,58,175.000000,40.000000,5.527479
86,58,180.000000,40.000000,5.516582
87,58,185.000000,40.000000,5.504916
88,58,190.000000,40.000000,5.492963
89,58,195.000000,40.000000,5.481010
90,58,200.000000,40.000000,5.469064
91,58,205.000000,40.000000,5.457455
92,58,210.000000,40.000000,5.446267
93,58,215.000000,40.000000,5.437213
94,58,220.000000,40.000000,5.428159
95,58,225.000000,40.000000,5.419105
96,58,230.000000,40.000000,5.410188
97,58,235.000000,40.000000,5.401435
98,58,240.000000,40.000000,5.395164
99,58,245.000000,40.000000,5.390543
100,58,250.000000,40.000000,5.385922
0,59,-250.000000,45.000000,9.142586
1,59,-245.000000,45.000000,9.062494
2,59,-240.000000,45.000000,8.991458
3,59,-235.000000,45.000000,8.920552
4,59,-230.000000,45.000000,8.850205
5,59,-225.000000,45.000000,8.779858
6,59,-220.000000,45.000000,8.709510
7,59,-215.000000,45.000000,8.641925
8,59,-210.000000,45.000000,8.577339
9,59,-205.000000,45.000000,8.513237
10,59,-200.000000,45.000000,8.449426
11,59,-195.000000,45.000000,8.385615
12,59,-190.000000,45.000000,8.321804
13,59,-185.000000,45.000000,8.256863
14,59,-180.000000,45.000000,8.191803
15,59,-175.000000,45.000000,8.126505
16,59,-170.000000,45.000000,8.061208
17,59,-165.000000,45.000000,7.995911
18,59,-160.000000,45.000000,7.929279
19,59,-155.000000,45.000000,7.860186
20,59,-150.000000,45.000000,7.790560
21,59,-145.000000,45.000000,7.720394
22,59,-140.000000,45.000000,7.650228
23,59,-135.000000,45.000000,7.580062
24,59,-130.000000,45.000000,7.510628
25,59,-125.000000,45.000000,7.441392
26,59,-120.000000,45.000000,7.372477
27,59,-115.000000,45.000000,7.303586
28,59,-110.000000,45.000000,7.234695
29,59,-105.000000,45.000000,7.167555
30,59,-100.000000,45.000000,7.106500
31,59,-95.000000,45.000000,7.046817
32,59,-90.000000,45.000000,6.989483
33,59,-85.000000,45.000000,6.932150
34,59,-80.000000,45.000000,6.874816
35,59,-75.000000,45.000000,6.823894
36,59,-70.000000,45.000000,6.776284
37,59,-65.000000,45.000000,6.733326
38,59,-60.000000,45.000000,6.691497
39,59,-55.000000,45.000000,6.649667
40,59,-50.000000,45.000000,6.608347
41,59,-45.000000,45.000000,6.571850
42,59,-40.000000,45.000000,6.536297
43,59,-35.000000,45.000000,6.503720
44,59,-30.000000,45.000000,6.471144
45,59,-25.000000,45.000000,6.438568
46,59,-20.000000,45.000000,6.406013
47,59,-15.000000,45.000000,6.373477
48,59,-10.000000,45.000000,6.340965
49,59,-5.000000,45.000000,6.308465
50,59,0.000000,45.000000,6.275965
51,59,5.000000,45.000000,6.243465
52,59,10.000000,45.000000,6.209988
53,59,15.000000,45.000000,6.176353
54,59,20.000000,45.000000,6.141726
55,59,25.000000,45.000000,6.107098
56,59,30.000000,45.000000,6.072471
57,59,35.000000,45.000000,6.038511
58,59,40.000000,45.000000,6.005538
59,59,45.000000,45.000000,5.973798
60,59,50.000000,45.000000,5.943074
61,59,55.000000,45.000000,5.912350
62,59,60.000000,45.000000,5.881625
63,59,65.000000,45.000000,5.854078
64,59,70.000000,45.000000,5.827138
65,59,75.000000,45.000000,5.806465
66,59,80.000000,45.000000,5.785889
67,59,85.000000,45.000000,5.765313
68,59,90.000000,45.000000,5.745556
69,59,95.000000,45.000000,5.727954
70,59,100.000000,45.000000,5.712986
71,59,105.000000,45.000000,5.701645
72,59,110.000000,45.000000,5.690303
73,59,115.000000,45.000000,5.678962
74,59,120.000000,45.000000,5.668117
75,59,125.000000,45.000000,5.657473
76,59,130.000000,45.000000,5.648435
77,59,135.000000,45.000000,5.639665
78,59,140.000000,45.000000,5.630895
79,59,145.000000,45.000000,5.622049
80,59,150.000000,45.000000,5.612756
81,59,155.000000,45.000000,5.602923
82,59,160.000000,45.000000,5.591781
83,59,165.000000,45.000000,5.580639
84,59,170.000000,45.000000,5.569497
85,59,175.000000,45.000000,5.558235
86,59,180.000000,45.000000,5.546888
87,59,185.000000,45.000000,5.534805
88,59,190.000000,45.000000,5.522449
89,59,195.000000,45.000000,5.510093
90,59,200.000000,45.000000,5.497744
91,59,205.000000,45.000000,5.485748
92,59,210.000000,45.000000,5.474192
93,59,215.000000,45.000000,5.464867
94,59,220.000000,45.000000,5.455543
95,59,225.000000,45.000000,5.446219
96,59,230.000000,45.000000,5.437035
97,59,235.000000,45.000000,5.428020
98,59,240.000000,45.000000,5.421558
99,59,245.000000,45.000000,5.416793
100,59,250.000000,45.000000,5.412028
0,60,-250.000000,50.000000,9.155905
1,60,-245.000000,50.000000,9.075660
2,60,-240.000000,50.000000,9.004604
3,60,-235.000000,50.000000,8.933680
4,60,-230.000000,50.000000,8.863323
5,60,-225.000000,50.000000,8.792966
6,60,-220.000000,50.000000,8.722609
7,60,-215.000000,50.000000,8.655057
8,60,-210.000000,50.000000,8.590550
9,60,-205.000000,50.000000,8.526535
10,60,-200.000000,50.000000,8.462815
11,60,-195.000000,50.000000,8.399096
12,60,-190.000000,50.000000,8.335377
13,60,-185.000000,50.000000,8.270551
14,60,-180.000000,50.000000,8.205608
15,60,-175.000000,50.000000,8.140434
16,60,-170.000000,50.000000,8.075259
17,60,-165.000000,50.000000,8.010085
18,60,-160.000000,50.000000,7.943581
19,60,-155.000000,50.000000,7.874624
20,60,-150.000000,50.000000,7.805136
21,60,-145.000000,50.000000,7.735110
22,60,-140.000000,50.000000,7.665085
23,60,-135.000000,50.000000,7.595059
24,60,-130.000000,50.000000,7.525817
25,60,-125.000000,50.000000,7.456787
26,60,-120.000000,50.000000,7.388103
27,60,-115.000000,50.000000,7.319443
28,60,-110.000000,50.000000,7.250783
29,60,-105.000000,50.000000,7.183905
30,60,-100.000000,50.000000,7.123216
31,60,-95.000000,50.000000,7.063923
32,60,-90.000000,50.000000,7.007021
33,60,-85.000000,50.000000,6.950118
34,60,-80.000000,50.000000,6.893216
35,60,-75.000000,50.000000,6.842825
36,60,-70.000000,50.000000,6.795797
37,60,-65.000000,50.000000,6.753494
38,60,-60.000000,50.000000,6.712337
39,60,-55.000000,50.000000,6.671181
40,60,-50.000000,50.000000,6.630542
41,60,-45.000000,50.000000,6.594811
42,60,-40.000000,50.000000,6.560041
43,60,-35.000000,50.000000,6.528299
44,60,-30.000000,50.000000,6.496558
45,60,-25.000000,50.000000,6.464816
46,60,-20.000000,50.000000,6.433094
47,60,-15.000000,50.000000,6.401390
48,60,-10.000000,50.000000,6.369709
49,60,-5.000000,50.000000,6.338039
50,60,0.000000,50.000000,6.306369
51,60,5.000000,50.000000,6.274699
52,60,10.000000,50.000000,6.241971
53,60,15.000000,50.000000,6.209072
54,60,20.000000,50.000000,6.175098
55,60,25.000000,50.000000,6.141125
56,60,30.000000,50.000000,6.107151
57,60,35.000000,50.000000,6.073795
58,60,40.000000,50.000000,6.041352
59,60,45.000000,50.000000,6.010052
60,60,50.000000,50.000000,5.979690
61,60,55.000000,50.000000,5.949329
62,60,60.000000,50.000000,5.918967
63,60,65.000000,50.000000,5.891680
64,60,70.000000,50.000000,5.864980
65,60,75.000000,50.000000,5.844345
66,60,80.000000,50.000000,5.823805
67,60,85.000000,50.000000,5.803264
68,60,90.000000,50.000000,5.783516
69,60,95.000000,50.000000,5.765857
70,60,100.000000,50.000000,5.750750
71,60,105.000000,50.000000,5.739158
72,60,110.000000,50.000000,5.727565
73,60,115.000000,50.000000,5.715972
74,60,120.000000,50.000000,5.704841
75,60,125.000000,50.000000,5.693897
76,60,130.000000,50.000000,5.684447
77,60,135.000000,50.000000,5.675246
78,60,140.000000,50.000000,5.666046
79,60,145.000000,50.000000,5.656767
80,60,150.000000,50.000000,5.647034
81,60,155.000000,50.000000,5.636750
82,60,160.000000,50.000000,5.625133
83,60,165.000000,50.000000,5.613516
84,60,170.000000,50.000000,5.601899
85,60,175.000000,50.000000,5.590168
86,60,180.000000,50.000000,5.578357
87,60,185.000000,50.000000,5.565853
88,60,190.000000,50.000000,5.553090
89,60,195.000000,50.000000,5.540328
90,60,200.000000,50.000000,5.527572
91,60,205.000000,50.000000,5.515183
92,60,210.000000,50.000000,5.503252
93,60,215.000000,50.000000,5.493640
94,60,220.000000,50.000000,5.484028
95,60,225.000000,50.000000,5.474416
96,60,230.000000,50.000000,5.464948
97,60,235.000000,50.000000,5.455652
98,60,240.000000,50.000000,5.448968
99,60,245.000000,50.000000,5.444019
100,60,250.000000,50.000000,5.439071
0,61,-250.000000,55.000000,9.171826
1,61,-245.000000,55.000000,9.091502
2,61,-240.000000,55.000000,9.020474
3,61,-235.000000,55.000000,8.949580
4,61,-230.000000,55.000000,8.879259
5,61,-225.000000,55.000000,8.808937
6,61,-220.000000,55.000000,8.738616
7,61,-215.000000,55.000000,8.671134
8,61,-210.000000,55.000000,8.606736
9,61,-205.000000,55.000000,8.542835
10,61,-200.000000,55.000000,8.479234
11,61,-195.000000,55.000000,8.415633
12,61,-190.000000,55.000000,8.352031
13,61,-185.000000,55.000000,8.287360
14,61,-180.000000,55.000000,8.222575
15,61,-175.000000,55.000000,8.157566
16,61,-170.000000,55.000000,8.092557
17,61,-165.000000,55.000000,8.027548
18,61,-160.000000,55.000000,7.961223
19,61,-155.000000,55.000000,7.892470
20,61,-150.000000,55.000000,7.823191
21,61,-145.000000,55.000000,7.753380
22,61,-140.000000,55.000000,7.683568
23,61,-135.000000,55.000000,7.613757
24,61,-130.000000,55.000000,7.544781
25,61,-125.000000,55.000000,7.476031
26,61,-120.000000,55.000000,7.407650
27,61,-115.000000,55.000000,7.339295
28,61,-110.000000,55.000000,7.270940
29,61,-105.000000,55.000000,7.204386
30,61,-100.000000,55.000000,7.144097
31,61,-95.000000,55.000000,7.085220
32,61,-90.000000,55.000000,7.028761
33,61,-85.000000,55.000000,6.972302
34,61,-80.000000,55.000000,6.915843
35,61,-75.000000,55.000000,6.865958
36,61,-70.000000,55.000000,6.819470
37,61,-65.000000,55.000000,6.777751
38,61,-60.000000,55.000000,6.737190
39,61,-55.000000,55.000000,6.696629
40,61,-50.000000,55.000000,6.656592
41,61,-45.000000,55.000000,6.621515
42,61,-40.000000,55.000000,6.587409
43,61,-35.000000,55.000000,6.556364
44,61,-30.000000,55.000000,6.525319
45,61,-25.000000,55.000000,6.494274
46,61,-20.000000,55.000000,6.463248
47,61,-15.000000,55.000000,6.432237
48,61,-10.000000,55.000000,6.401248
49,61,-5.000000,55.000000,6.370269
50,61,0.000000,55.000000,6.339290
51,61,5.000000,55.000000,6.308311
52,61,10.000000,55.000000,6.276211
53,61,15.000000,55.000000,6.243928
54,61,20.000000,55.000000,6.210508
55,61,25.000000,55.000000,6.177088
56,61,30.000000,55.000000,6.143668
57,61,35.000000,55.000000,6.110822
58,61,40.000000,55.000000,6.078825
59,61,45.000000,55.000000,6.047889
60,61,50.000000,55.000000,6.017828
61,61,55.000000,55.000000,5.987766
62,61,60.000000,55.000000,5.957704
63,61,65.000000,55.000000,5.930619
64,61,70.000000,55.000000,5.904104
65,61,75.000000,55.000000,5.883462
66,61,80.000000,55.000000,5.862911
67,61,85.000000,55.000000,5.842360
68,61,90.000000,55.000000,5.822578
69,61,95.000000,55.000000,5.804819
70,61,100.000000,55.000000,5.789534
71,61,105.000000,55.000000,5.777653
72,61,110.000000,55.000000,5.765773
73,61,115.000000,55.000000,5.753892
74,61,120.000000,55.000000,5.742441
75,61,125.000000,55.000000,5.731164
76,61,130.000000,55.000000,5.721277
77,61,135.000000,55.000000,5.711622
78,61,140.000000,55.000000,5.701967
79,61,145.000000,55.000000,5.692233
80,61,150.000000,55.000000,5.682039
81,61,155.000000,55.000000,5.671287
82,61,160.000000,55.000000,5.659187
83,61,165.000000,55.000000,5.647087
84,61,170.000000,55.000000,5.634986
85,61,175.000000,55.000000,5.622780
86,61,180.000000,55.000000,5.610498
87,61,185.000000,55.000000,5.597568
88,61,190.000000,55.000000,5.584397
89,61,195.000000,55.000000,5.571225
90,61,200.000000,55.000000,5.558061
91,61,205.000000,55.000000,5.545277
92,61,210.000000,55.000000,5.532966
93,61,215.000000,55.000000,5.523057
94,61,220.000000,55.000000,5.513147
95,61,225.000000,55.000000,5.503238
96,61,230.000000,55.000000,5.493475
97,61,235.000000,55.000000,5.483888
98,61,240.000000,55.000000,5.476964
99,61,245.000000,55.000000,5.471809
100,61,250.000000,55.000000,5.466654
0,62,-250.000000,60.000000,9.198170
1,62,-245.000000,60.000000,9.118070
2,62,-240.000000,60.000000,9.047261
3,62,-235.000000,60.000000,8.976586
4,62,-230.000000,60.000000,8.906483
5,62,-225.000000,60.000000,8.836381
6,62,-220.000000,60.000000,8.766279
7,62,-215.000000,60.000000,8.699018
8,62,-210.000000,60.000000,8.634844
9,62,-205.000000,60.000000,8.571168
10,62,-200.000000,60.000000,8.507791
11,62,-195.000000,60.000000,8.444415
12,62,-190.000000,60.000000,8.381038
13,62,-185.000000,60.000000,8.316676
14,62,-180.000000,60.000000,8.252209
15,62,-175.000000,60.000000,8.187537
16,62,-170.000000,60.000000,8.122864
17,62,-165.000000,60.000000,8.058191
18,62,-160.000000,60.000000,7.992250
19,62,-155.000000,60.000000,7.923971
20,62,-150.000000,60.000000,7.855185
21,62,-145.000000,60.000000,7.785886
22,62,-140.000000,60.000000,7.716588
23,62,-135.000000,60.000000,7.647289
24,62,-130.000000,60.000000,7.578875
25,62,-125.000000,60.000000,7.510699
26,62,-120.000000,60.000000,7.442914
27,62,-115.000000,60.000000,7.375157
28,62,-110.000000,60.000000,7.307399
29,62,-105.000000,60.000000,7.241428
30,62,-100.000000,60.000000,7.181666
31,62,-95.000000,60.000000,7.123305
32,62,-90.000000,60.000000,7.067341
33,62,-85.000000,60.000000,7.011377
34,62,-80.000000,60.000000,6.955413
35,62,-75.000000,60.000000,6.905937
36,62,-70.000000,60.000000,6.859812
37,62,-65.000000,60.000000,6.818395
38,62,-60.000000,60.000000,6.778120
39,62,-55.000000,60.000000,6.737846
40,62,-50.000000,60.000000,6.698086
41,62,-45.000000,60.000000,6.663214
42,62,-40.000000,60.000000,6.629297
43,62,-35.000000,60.000000,6.598396
44,62,-30.000000,60.000000,6.567496
45,62,-25.000000,60.000000,6.536595
46,62,-20.000000,60.000000,6.505710
47,62,-15.000000,60.000000,6.474839
48,62,-10.000000,60.000000,6.443985
49,62,-5.000000,60.000000,6.413141
50,62,0.000000,60.000000,6.382296
51,62,5.000000,60.000000,6.351451
52,62,10.000000,60.000000,6.319493
53,62,15.000000,60.000000,6.287353
54,62,20.000000,60.000000,6.254083
55,62,25.000000,60.000000,6.220813
56,62,30.000000,60.000000,6.187543
57,62,35.000000,60.000000,6.154829
58,62,40.000000,60.000000,6.122938
59,62,45.000000,60.000000,6.092076
60,62,50.000000,60.000000,6.062061
61,62,55.000000,60.000000,6.032046
62,62,60.000000,60.000000,6.002030
63,62,65.000000,60.000000,5.974918
64,62,70.000000,60.000000,5.948361
65,62,75.000000,60.000000,5.927530
66,62,80.000000,60.000000,5.906789
67,62,85.000000,60.000000,5.886047
68,62,90.000000,60.000000,5.866053
69,62,95.000000,60.000000,5.848025
70,62,100.000000,60.000000,5.832402
71,62,105.000000,60.000000,5.820088
72,62,110.000000,60.000000,5.807773
73,62,115.000000,60.000000,5.795459
74,62,120.000000,60.000000,5.783552
75,62,125.000000,60.000000,5.771810
76,62,130.000000,60.000000,5.761386
77,62,135.000000,60.000000,5.751182
78,62,140.000000,60.000000,5.740978
79,62,145.000000,60.000000,5.730695
80,62,150.000000,60.000000,5.719960
81,62,155.000000,60.000000,5.708673
82,62,160.000000,60.000000,5.696056
83,62,165.000000,60.000000,5.683440
84,62,170.000000,60.000000,5.670823
85,62,175.000000,60.000000,5.658110
86,62,180.000000,60.000000,5.645328
87,62,185.000000,60.000000,5.631959
88,62,190.000000,60.000000,5.618370
89,62,195.000000,60.000000,5.604782
90,62,200.000000,60.000000,5.591201
91,62,205.000000,60.000000,5.578009
92,62,210.000000,60.000000,5.565302
93,62,215.000000,60.000000,5.555056
94,62,220.000000,60.000000,5.544810
95,62,225.000000,60.000000,5.534564
96,62,230.000000,60.000000,5.524466
97,62,235.000000,60.000000,5.514545
98,62,240.000000,60.000000,5.507308
99,62,245.000000,60.000000,5.501856
100,62,250.000000,60.000000,5.496404
0,63,-250.000000,65.000000,9.225226
1,63,-245.000000,65.000000,9.145369
2,63,-240.000000,65.000000,9.074793
3,63,-235.000000,65.000000,9.004349
4,63,-230.000000,65.000000,8.934478
5,63,-225.000000,65.000000,8.864607
6,63,-220.000000,65.000000,8.794736
7,63,-215.000000,65.000000,8.727708
8,63,-210.000000,65.000000,8.663765
9,63,-205.000000,65.000000,8.600321
10,63,-200.000000,65.000000,8.537177
11,63,-195.000000,65.000000,8.474032
12,63,-190.000000,65.000000,8.410888
13,63,-185.000000,65.000000,8.346846
14,63,-180.000000,65.000000,8.282709
15,63,-175.000000,65.000000,8.218384
16,63,-170.000000,65.000000,8.154059
17,63,-165.000000,65.000000,8.089733
18,63,-160.000000,65.000000,8.024192
19,63,-155.000000,65.000000,7.956404
20,63,-150.000000,65.000000,7.888131
21,63,-145.000000,65.000000,7.819365
22,63,-140.000000,65.000000,7.750599
23,63,-135.000000,65.000000,7.681833
24,63,-130.000000,65.000000,7.614001
25,63,-125.000000,65.000000,7.546420
26,63,-120.000000,65.000000,7.479251
27,63,-115.000000,65.000000,7.412111
28,63,-110.000000,65.000000,7.344972
29,63,-105.000000,65.000000,7.279600
30,63,-100.000000,65.000000,7.220375
31,63,-95.000000,65.000000,7.162536
32,63,-90.000000,65.000000,7.107071
33,63,-85.000000,65.000000,7.051605
34,63,-80.000000,65.000000,6.996139
35,63,-75.000000,65.000000,6.947065
36,63,-70.000000,65.000000,6.901292
37,63,-65.000000,65.000000,6.860157
38,63,-60.000000,65.000000,6.820148
39,63,-55.000000,65.000000,6.780138
40,63,-50.000000,65.000000,6.740635
41,63,-45.000000,65.000000,6.705936
42,63,-40.000000,65.000000,6.672177
43,63,-35.000000,65.000000,6.641382
44,63,-30.000000,65.000000,6.610588
45,63,-25.000000,65.000000,6.579794
46,63,-20.000000,65.000000,6.549012
47,63,-15.000000,65.000000,6.518242
48,63,-10.000000,65.000000,6.487487
49,63,-5.000000,65.000000,6.456738
50,63,0.000000,65.000000,6.425990
51,63,5.000000,65.000000,6.395242
52,63,10.000000,65.000000,6.363392
53,63,15.000000,65.000000,6.331363
54,63,20.000000,65.000000,6.298215
55,63,25.000000,65.000000,6.265067
56,63,30.000000,65.000000,6.231920
57,63,35.000000,65.000000,6.199312
58,63,40.000000,65.000000,6.167504
59,63,45.000000,65.000000,6.136696
60,63,50.000000,65.000000,6.106710
61,63,55.000000,65.000000,6.076724
62,63,60.000000,65.000000,6.046738
63,63,65.000000,65.000000,6.019582
64,63,70.000000,65.000000,5.992967
65,63,75.000000,65.000000,5.971936
66,63,80.000000,65.000000,5.950992
67,63,85.000000,65.000000,5.930048
68,63,90.000000,65.000000,5.909829
69,63,95.000000,65.000000,5.891521
70,63,100.000000,65.000000,5.875548
71,63,105.000000,65.000000,5.862791
72,63,110.000000,65.000000,5.850033
73,63,115.000000,65.000000,5.837275
74,63,120.000000,65.000000,5.824903
75,63,125.000000,65.000000,5.812687
76,63,130.000000,65.000000,5.801719
77,63,135.000000,65.000000,5.790959
78,63,140.000000,65.000000,5.780199
79,63,145.000000,65.000000,5.769363
80,63,150.000000,65.000000,5.758079
81,63,155.000000,65.000000,5.746254
82,63,160.000000,65.000000,5.733118
83,63,165.000000,65.000000,5.719982
84,63,170.000000,65.000000,5.706847
85,63,175.000000,65.000000,5.693625
86,63,180.000000,65.000000,5.680342
87,63,185.000000,65.000000,5.666532
88,63,190.000000,65.000000,5.652526
89,63,195.000000,65.000000,5.638519
90,63,200.000000,65.000000,5.624521
91,63,205.000000,65.000000,5.610921
92,63,210.000000,65.000000,5.597817
93,63,215.000000,65.000000,5.587232
94,63,220.000000,65.000000,5.576646
95,63,225.000000,65.000000,5.566061
96,63,230.000000,65.000000,5.555624
97,63,235.000000,65.000000,5.545366
98,63,240.000000,65.000000,5.537813
99,63,245.000000,65.000000,5.532057
100,63,250.000000,65.000000,5.526301
0,64,-250.000000,70.000000,9.252282
1,64,-245.000000,70.000000,9.172668
2,64,-240.000000,70.000000,9.102324
3,64,-235.000000,70.000000,9.032113
4,64,-230.000000,70.000000,8.962473
5,64,-225.000000,70.000000,8.892834
6,64,-220.000000,70.000000,8.823194
7,64,-215.000000,70.000000,8.756397
8,64,-210.000000,70.000000,8.692686
9,64,-205.000000,70.000000,8.629475
10,64,-200.000000,70.000000,8.566562
11,64,-195.000000,70.000000,8.503650
12,64,-190.000000,70.000000,8.440737
13,64,-185.000000,70.000000,8.377015
14,64,-180.000000,70.000000,8.313208
15,64,-175.000000,70.000000,8.249231
16,64,-170.000000,70.000000,8.185253
17,64,-165.000000,70.000000,8.121276
18,64,-160.000000,70.000000,8.056133
19,64,-155.000000,70.000000,7.988838
20,64,-150.000000,70.000000,7.921076
21,64,-145.000000,70.000000,7.852843
22,64,-140.000000,70.000000,7.784610
23,64,-135.000000,70.000000,7.716377
24,64,-130.000000,70.000000,7.649126
25,64,-125.000000,70.000000,7.582141
26,64,-120.000000,70.000000,7.515588
27,64,-115.000000,70.000000,7.449066
28,64,-110.000000,70.000000,7.382544
29,64,-105.000000,70.000000,7.317772
30,64,-100.000000,70.000000,7.259084
31,64,-95.000000,70.000000,7.201768
32,64,-90.000000,70.000000,7.146801
33,64,-85.000000,70.000000,7.091833
34,64,-80.000000,70.000000,7.036866
35,64,-75.000000,70.000000,6.988194
36,64,-70.000000,70.000000,6.942773
37,64,-65.000000,70.000000,6.901920
38,64,-60.000000,70.000000,6.862175
39,64,-55.000000,70.000000,6.822430
40,64,-50.000000,70.000000,6.783184
41,64,-45.000000,70.000000,6.748658
42,64,-40.000000,70.000000,6.715056
43,64,-35.000000,70.000000,6.684368
44,64,-30.000000,70.000000,6.653680
45,64,-25.000000,70.000000,6.622992
46,64,-20.000000,70.000000,6.592314
47,64,-15.000000,70.000000,6.561645
48,64,-10.000000,70.000000,6.530988
49,64,-5.000000,70.000000,6.500336
50,64,0.000000,70.000000,6.469684
51,64,5.000000,70.000000,6.439033
52,64,10.000000,70.000000,6.407291
53,64,15.000000,70.000000,6.375372
54,64,20.000000,70.000000,6.342347
55,64,25.000000,70.000000,6.309322
56,64,30.000000,70.000000,6.276297
57,64,35.000000,70.000000,6.243796
58,64,40.000000,70.000000,6.212071
59,64,45.000000,70.000000,6.181316
60,64,50.000000,70.000000,6.151359
61,64,55.000000,70.000000,6.121403
62,64,60.000000,70.000000,6.091446
63,64,65.000000,70.000000,6.064246
64,64,70.000000,70.000000,6.037574
65,64,75.000000,70.000000,6.016343
66,64,80.000000,70.000000,5.995195
67,64,85.000000,70.000000,5.974048
68,64,90.000000,70.000000,5.953606
69,64,95.000000,70.000000,5.935017
70,64,100.000000,70.000000,5.918695
71,64,105.000000,70.000000,5.905494
72,64,110.000000,70.000000,5.892293
73,64,115.000000,70.000000,5.879091
74,64,120.000000,70.000000,5.866254
75,64,125.000000,70.000000,5.853564
76,64,130.000000,70.000000,5.842052
77,64,135.000000,70.000000,5.830736
78,64,140.000000,70.000000,5.819421
79,64,145.000000,70.000000,5.808030
80,64,150.000000,70.000000,5.796199
81,64,155.000000,70.000000,5.783834
82,64,160.000000,70.000000,5.770180
83,64,165.000000,70.000000,5.756525
84,64,170.000000,70.000000,5.742871
85,64,175.000000,70.000000,5.729140
86,64,180.000000,70.000000,5.715355
87,64,185.000000,70.000000,5.701105
88,64,190.000000,70.000000,5.686681
89,64,195.000000,70.000000,5.672257
90,64,200.000000,70.000000,5.657842
91,64,205.000000,70.000000,5.643833
92,64,210.000000,70.000000,5.630332
93,64,215.000000,70.000000,5.619407
94,64,220.000000,70.000000,5.608483
95,64,225.000000,70.000000,5.597558
96,64,230.000000,70.000000,5.586783
97,64,235.000000,70.000000,5.576188
98,64,240.000000,70.000000,5.568317
99,64,245.000000,70.000000,5.562258
100,64,250.000000,70.000000,5.556198
0,65,-250.000000,75.000000,9.282093
1,65,-245.000000,75.000000,9.202780
2,65,-240.000000,75.000000,9.132710
3,65,-235.000000,75.000000,9.062773
4,65,-230.000000,75.000000,8.993405
5,65,-225.000000,75.000000,8.924038
6,65,-220.000000,75.000000,8.854671
7,65,-215.000000,75.000000,8.788142
8,65,-210.000000,75.000000,8.724694
9,65,-205.000000,75.000000,8.661744
10,65,-200.000000,75.000000,8.599093
11,65,-195.000000,75.000000,8.536442
12,65,-190.000000,75.000000,8.473791
13,65,-185.000000,75.000000,8.410433
14,65,-180.000000,75.000000,8.346999
15,65,-175.000000,75.000000,8.283418
16,65,-170.000000,75.000000,8.219836
17,65,-165.000000,75.000000,8.156255
18,65,-160.000000,75.000000,8.091567
19,65,-155.000000,75.000000,8.024837
20,65,-150.000000,75.000000,7.957666
21,65,-145.000000,75.000000,7.890047
22,65,-140.000000,75.000000,7.822428
23,65,-135.000000,75.000000,7.754809
24,65,-130.000000,75.000000,7.688221
25,65,-125.000000,75.000000,7.621911
26,65,-120.000000,75.000000,7.556056
27,65,-115.000000,75.000000,7.490233
28,65,-110.000000,75.000000,7.424411
29,65,-105.000000,75.000000,7.360311
30,65,-100.000000,75.000000,7.302201
31,65,-95.000000,75.000000,7.245442
32,65,-90.000000,75.000000,7.190995
33,65,-85.000000,75.000000,7.136548
34,65,-80.000000,75.000000,7.082101
35,65,-75.000000,75.000000,7.033815
36,65,-70.000000,75.000000,6.988711
37,65,-65.000000,75.000000,6.948079
38,65,-60.000000,75.000000,6.908531
39,65,-55.000000,75.000000,6.868983
40,65,-50.000000,75.000000,6.829921
41,65,-45.000000,75.000000,6.795466
42,65,-40.000000,75.000000,6.761913
43,65,-35.000000,75.000000,6.731202
44,65,-30.000000,75.000000,6.700492
45,65,-25.000000,75.000000,6.669782
46,65,-20.000000,75.000000,6.639080
47,65,-15.000000,75.000000,6.608384
48,65,-10.000000,75.000000,6.577698
49,65,-5.000000,75.000000,6.547015
50,65,0.000000,75.000000,6.516333
51,65,5.000000,75.000000,6.485651
52,65,10.000000,75.000000,6.453909
53,65,15.000000,75.000000,6.421995
54,65,20.000000,75.000000,6.389004
55,65,25.000000,75.000000,6.356014
56,65,30.000000,75.000000,6.323024
57,65,35.000000,75.000000,6.290548
58,65,40.000000,75.000000,6.258832
59,65,45.000000,75.000000,6.228068
60,65,50.000000,75.000000,6.198085
61,65,55.000000,75.000000,6.168103
62,65,60.000000,75.000000,6.138121
63,65,65.000000,75.000000,6.110825
64,65,70.000000,75.000000,6.084044
65,65,75.000000,75.000000,6.062564
66,65,80.000000,75.000000,6.041167
67,65,85.000000,75.000000,6.019769
68,65,90.000000,75.000000,5.999055
69,65,95.000000,75.000000,5.980138
70,65,100.000000,75.000000,5.963419
71,65,105.000000,75.000000,5.949725
72,65,110.000000,75.000000,5.936031
73,65,115.000000,75.000000,5.922337
74,65,120.000000,75.000000,5.908987
75,65,125.000000,75.000000,5.895777
76,65,130.000000,75.000000,5.883681
77,65,135.000000,75.000000,5.871771
78,65,140.000000,75.000000,5.859861
79,65,145.000000,75.000000,5.847876
80,65,150.000000,75.000000,5.835463
81,65,155.000000,75.000000,5.822529
82,65,160.000000,75.000000,5.808337
83,65,165.000000,75.000000,5.794144
84,65,170.000000,75.000000,5.779951
85,65,175.000000,75.000000,5.765694
86,65,180.000000,75.000000,5.751390
87,65,185.000000,75.000000,5.736688
88,65,190.000000,75.000000,5.721839
89,65,195.000000,75.000000,5.706990
90,65,200.000000,75.000000,5.692149
91,65,205.000000,75.000000,5.677724
92,65,210.000000,75.000000,5.663817
93,65,215.000000,75.000000,5.652540
94,65,220.000000,75.000000,5.641262
95,65,225.000000,75.000000,5.629984
96,65,230.000000,75.000000,5.618858
97,65,235.000000,75.000000,5.607911
98,65,240.000000,75.000000,5.599701
99,65,245.000000,75.000000,5.593310
100,65,250.000000,75.000000,5.586918
0,66,-250.000000,80.000000,9.314255
1,66,-245.000000,80.000000,9.235292
2,66,-240.000000,80.000000,9.165532
3,66,-235.000000,80.000000,9.095904
4,66,-230.000000,80.000000,9.026844
5,66,-225.000000,80.000000,8.957784
6,66,-220.000000,80.000000,8.888724
7,66,-215.000000,80.000000,8.822493
8,66,-210.000000,80.000000,8.759334
9,66,-205.000000,80.000000,8.696671
10,66,-200.000000,80.000000,8.634307
11,66,-195.000000,80.000000,8.571943
12,66,-190.000000,80.000000,8.509578
13,66,-185.000000,80.000000,8.446620
14,66,-180.000000,80.000000,8.383600
15,66,-175.000000,80.000000,8.320455
16,66,-170.000000,80.000000,8.257310
17,66,-165.000000,80.000000,8.194165
18,66,-160.000000,80.000000,8.129981
19,66,-155.000000,80.000000,8.063880
20,66,-150.000000,80.000000,7.997364
21,66,-145.000000,80.000000,7.930428
22,66,-140.000000,80.000000,7.863492
23,66,-135.000000,80.000000,7.796556
24,66,-130.000000,80.000000,7.730700
25,66,-125.000000,80.000000,7.665136
26,66,-120.000000,80.000000,7.600048
27,66,-115.000000,80.000000,7.534995
28,66,-110.000000,80.000000,7.469941
29,66,-105.000000,80.000000,7.406576
30,66,-100.000000,80.000000,7.349079
31,66,-95.000000,80.000000,7.292905
32,66,-90.000000,80.000000,7.238998
33,66,-85.000000,80.000000,7.185090
34,66,-80.000000,80.000000,7.131182
35,66,-75.000000,80.000000,7.083270
36,66,-70.000000,80.000000,7.038454
37,66,-65.000000,80.000000,6.997989
38,66,-60.000000,80.000000,6.958580
39,66,-55.000000,80.000000,6.919170
40,66,-50.000000,80.000000,6.880232
41,66,-45.000000,80.000000,6.845760
42,66,-40.000000,80.000000,6.812162
43,66,-35.000000,80.000000,6.781320
44,66,-30.000000,80.000000,6.750478
45,66,-25.000000,80.000000,6.719636
46,66,-20.000000,80.000000,6.688800
47,66,-15.000000,80.000000,6.657969
48,66,-10.000000,80.000000,6.627145
49,66,-5.000000,80.000000,6.596323
50,66,0.000000,80.000000,6.565502
51,66,5.000000,80.000000,6.534681
52,66,10.000000,80.000000,6.502846
53,66,15.000000,80.000000,6.470846
54,66,20.000000,80.000000,6.437816
55,66,25.000000,80.000000,6.404786
56,66,30.000000,80.000000,6.371757
57,66,35.000000,80.000000,6.339236
58,66,40.000000,80.000000,6.307467
59,66,45.000000,80.000000,6.276638
60,66,50.000000,80.000000,6.246583
61,66,55.000000,80.000000,6.216529
62,66,60.000000,80.000000,6.186474
63,66,65.000000,80.000000,6.159038
64,66,70.000000,80.000000,6.132103
65,66,75.000000,80.000000,6.110335
66,66,80.000000,80.000000,6.088646
67,66,85.000000,80.000000,6.066958
68,66,90.000000,80.000000,6.045932
69,66,95.000000,80.000000,6.026646
70,66,100.000000,80.000000,6.009488
71,66,105.000000,80.000000,5.995260
72,66,110.000000,80.000000,5.981031
73,66,115.000000,80.000000,5.966803
74,66,120.000000,80.000000,5.952901
75,66,125.000000,80.000000,5.939131
76,66,130.000000,80.000000,5.926416
77,66,135.000000,80.000000,5.913878
78,66,140.000000,80.000000,5.901340
79,66,145.000000,80.000000,5.888730
80,66,150.000000,80.000000,5.875705
81,66,155.000000,80.000000,5.862176
82,66,160.000000,80.000000,5.847428
83,66,165.000000,80.000000,5.832681
84,66,170.000000,80.000000,5.817933
85,66,175.000000,80.000000,5.803133
86,66,180.000000,80.000000,5.788295
87,66,185.000000,80.000000,5.773134
88,66,190.000000,80.000000,5.757853
89,66,195.000000,80.000000,5.742572
90,66,200.000000,80.000000,5.727300
91,66,205.000000,80.000000,5.712451
92,66,210.000000,80.000000,5.698130
93,66,215.000000,80.000000,5.686488
94,66,220.000000,80.000000,5.674846
95,66,225.000000,80.000000,5.663204
96,66,230.000000,80.000000,5.651713
97,66,235.000000,80.000000,5.640403
98,66,240.000000,80.000000,5.631835
99,66,245.000000,80.000000,5.625088
100,66,250.000000,80.000000,5.618342
0,67,-250.000000,85.000000,9.354794
1,67,-245.000000,85.000000,9.276354
2,67,-240.000000,85.000000,9.207032
3,67,-235.000000,85.000000,9.137841
4,67,-230.000000,85.000000,9.069213
5,67,-225.000000,85.000000,9.000584
6,67,-220.000000,85.000000,8.931956
7,67,-215.000000,85.000000,8.866133
8,67,-210.000000,85.000000,8.803357
9,67,-205.000000,85.000000,8.741072
10,67,-200.000000,85.000000,8.679084
11,67,-195.000000,85.000000,8.617095
12,67,-190.000000,85.000000,8.555107
13,67,-185.000000,85.000000,8.492681
14,67,-180.000000,85.000000,8.430210
15,67,-175.000000,85.000000,8.367647
16,67,-170.000000,85.000000,8.305084
17,67,-165.000000,85.000000,8.242521
18,67,-160.000000,85.000000,8.179015
19,67,-155.000000,85.000000,8.113767
20,67,-150.000000,85.000000,8.048142
21,67,-145.000000,85.000000,7.982135
22,67,-140.000000,85.000000,7.916128
23,67,-135.000000,85.000000,7.850121
24,67,-130.000000,85.000000,7.785245
25,67,-125.000000,85.000000,7.720674
26,67,-120.000000,85.000000,7.656602
27,67,-115.000000,85.000000,7.592565
28,67,-110.000000,85.000000,7.528529
29,67,-105.000000,85.000000,7.466118
30,67,-100.000000,85.000000,7.409360
31,67,-95.000000,85.000000,7.353876
32,67,-90.000000,85.000000,7.300574
33,67,-85.000000,85.000000,7.247273
34,67,-80.000000,85.000000,7.193971
35,67,-75.000000,85.000000,7.146386
36,67,-70.000000,85.000000,7.101753
37,67,-65.000000,85.000000,7.061268
38,67,-60.000000,85.000000,7.021790
39,67,-55.000000,85.000000,6.982311
40,67,-50.000000,85.000000,6.943279
41,67,-45.000000,85.000000,6.908476
42,67,-40.000000,85.000000,6.874502
43,67,-35.000000,85.000000,6.843137
44,67,-30.000000,85.000000,6.811773
45,67,-25.000000,85.000000,6.780409
46,67,-20.000000,85.000000,6.749050
47,67,-15.000000,85.000000,6.717695
48,67,-10.000000,85.000000,6.686346
49,67,-5.000000,85.000000,6.655000
50,67,0.000000,85.000000,6.623654
51,67,5.000000,85.000000,6.592308
52,67,10.000000,85.000000,6.560048
53,67,15.000000,85.000000,6.527641
54,67,20.000000,85.000000,6.494305
55,67,25.000000,85.000000,6.460970
56,67,30.000000,85.000000,6.427635
57,67,35.000000,85.000000,6.394820
58,67,40.000000,85.000000,6.362774
59,67,45.000000,85.000000,6.331689
60,67,50.000000,85.000000,6.301396
61,67,55.000000,85.000000,6.271102
62,67,60.000000,85.000000,6.240808
63,67,65.000000,85.000000,6.213072
64,67,70.000000,85.000000,6.185825
65,67,75.000000,85.000000,6.163624
66,67,80.000000,85.000000,6.141502
67,67,85.000000,85.000000,6.119379
68,67,90.000000,85.000000,6.097896
69,67,95.000000,85.000000,6.078095
70,67,100.000000,85.000000,6.060351
71,67,105.000000,85.000000,6.045440
72,67,110.000000,85.000000,6.030528
73,67,115.000000,85.000000,6.015617
74,67,120.000000,85.000000,6.001019
75,67,125.000000,85.000000,5.986549
76,67,130.000000,85.000000,5.973093
77,67,135.000000,85.000000,5.959808
78,67,140.000000,85.000000,5.946523
79,67,145.000000,85.000000,5.933170
80,67,150.000000,85.000000,5.919428
81,67,155.000000,85.000000,5.905211
82,67,160.000000,85.000000,5.889850
83,67,165.000000,85.000000,5.874488
84,67,170.000000,85.000000,5.859127
85,67,175.000000,85.000000,5.843729
86,67,180.000000,85.000000,5.828304
87,67,185.000000,85.000000,5.812652
88,67,190.000000,85.000000,5.796916
89,67,195.000000,85.000000,5.781180
90,67,200.000000,85.000000,5.765453
91,67,205.000000,85.000000,5.750155
92,67,210.000000,85.000000,5.735392
93,67,215.000000,85.000000,5.723345
94,67,220.000000,85.000000,5.711298
95,67,225.000000,85.000000,5.699251
96,67,230.000000,85.000000,5.687354
97,67,235.000000,85.000000,5.675636
98,67,240.000000,85.000000,5.666641
99,67,245.000000,85.000000,5.659455
100,67,250.000000,85.000000,5.652269
0,68,-250.000000,90.000000,9.396912
1,68,-245.000000,90.000000,9.319029
2,68,-240.000000,90.000000,9.250169
3,68,-235.000000,90.000000,9.181439
4,68,-230.000000,90.000000,9.113266
5,68,-225.000000,90.000000,9.045092
6,68,-220.000000,90.000000,8.976919
7,68,-215.000000,90.000000,8.911524
8,68,-210.000000,90.000000,8.849148
9,68,-205.000000,90.000000,8.787259
10,68,-200.000000,90.000000,8.725664
11,68,-195.000000,90.000000,8.664068
12,68,-190.000000,90.000000,8.602472
13,68,-185.000000,90.000000,8.540604
14,68,-180.000000,90.000000,8.478708
15,68,-175.000000,90.000000,8.416754
16,68,-170.000000,90.000000,8.354801
17,68,-165.000000,90.000000,8.292847
18,68,-160.000000,90.000000,8.230051
19,68,-155.000000,90.000000,8.165698
20,68,-150.000000,90.000000,8.101008
21,68,-145.000000,90.000000,8.035977
22,68,-140.000000,90.000000,7.970946
23,68,-135.000000,90.000000,7.905915
24,68,-130.000000,90.000000,7.842065
25,68,-125.000000,90.000000,7.778534
26,68,-120.000000,90.000000,7.715524
27,68,-115.000000,90.000000,7.652551
28,68,-110.000000,90.000000,7.589578
29,68,-105.000000,90.000000,7.528164
30,68,-100.000000,90.000000,7.472167
31,68,-95.000000,90.000000,7.417393
32,68,-90.000000,90.000000,7.364710
33,68,-85.000000,90.000000,7.312028
34,68,-80.000000,90.000000,7.259345
35,68,-75.000000,90.000000,7.212078
36,68,-70.000000,90.000000,7.167608
37,68,-65.000000,90.000000,7.127068
38,68,-60.000000,90.000000,7.087481
39,68,-55.000000,90.000000,7.047894
40,68,-50.000000,90.000000,7.008727
41,68,-45.000000,90.000000,6.973535
42,68,-40.000000,90.000000,6.939121
43,68,-35.000000,90.000000,6.907161
44,68,-30.000000,90.000000,6.875201
45,68,-25.000000,90.000000,6.843241
46,68,-20.000000,90.000000,6.811285
47,68,-15.000000,90.000000,6.779333
48,68,-10.000000,90.000000,6.747387
49,68,-5.000000,90.000000,6.715443
50,68,0.000000,90.000000,6.683499
51,68,5.000000,90.000000,6.651555
52,68,10.000000,90.000000,6.618809
53,68,15.000000,90.000000,6.585933
54,68,20.000000,90.000000,6.552242
55,68,25.000000,90.000000,6.518552
56,68,30.000000,90.000000,6.484861
57,68,35.000000,90.000000,6.451705
58,68,40.000000,90.000000,6.419339
59,68,45.000000,90.000000,6.387962
60,68,50.000000,90.000000,6.357398
61,68,55.000000,90.000000,6.326835
62,68,60.000000,90.000000,6.296271
63,68,65.000000,90.000000,6.268204
64,68,70.000000,90.000000,6.240616
65,68,75.000000,90.000000,6.217955
66,68,80.000000,90.000000,6.195370
67,68,85.000000,90.000000,6.172786
68,68,90.000000,90.000000,6.150818
69,68,95.000000,90.000000,6.130476
70,68,100.000000,90.000000,6.112119
71,68,105.000000,90.000000,6.096496
72,68,110.000000,90.000000,6.080873
73,68,115.000000,90.000000,6.065250
74,68,120.000000,90.000000,6.049930
75,68,125.000000,90.000000,6.034732
76,68,130.000000,90.000000,6.020514
77,68,135.000000,90.000000,6.006459
78,68,140.000000,90.000000,5.992404
79,68,145.000000,90.000000,5.978287
80,68,150.000000,90.000000,5.963807
81,68,155.000000,90.000000,5.948885
82,68,160.000000,90.000000,5.932899
83,68,165.000000,90.000000,5.916913
84,68,170.000000,90.000000,5.900926
85,68,175.000000,90.000000,5.884919
86,68,180.000000,90.000000,5.868898
87,68,185.000000,90.000000,5.852749
88,68,190.000000,90.000000,5.836554
89,68,195.000000,90.000000,5.820359
90,68,200.000000,90.000000,5.804172
91,68,205.000000,90.000000,5.788420
92,68,210.000000,90.000000,5.773210
93,68,215.000000,90.000000,5.760750
94,68,220.000000,90.000000,5.748290
95,68,225.000000,90.000000,5.735830
96,68,230.000000,90.000000,5.723519
97,68,235.000000,90.000000,5.711386
98,68,240.000000,90.000000,5.701951
99,68,245.000000,90.000000,5.694309
100,68,250.000000,90.000000,5.686668
0,69,-250.000000,95.000000,9.439031
1,69,-245.000000,95.000000,9.361703
2,69,-240.000000,95.000000,9.293306
3,69,-235.000000,95.000000,9.225037
4,69,-230.000000,95.000000,9.157318
5,69,-225.000000,95.000000,9.089600
6,69,-220.000000,95.000000,9.021881
7,69,-215.000000,95.000000,8.956916
8,69,-210.000000,95.000000,8.894940
9,69,-205.000000,95.000000,8.833447
10,69,-200.000000,95.000000,8.772243
11,69,-195.000000,95.000000,8.711040
12,69,-190.000000,95.000000,8.649837
13,69,-185.000000,95.000000,8.588527
14,69,-180.000000,95.000000,8.527205
15,69,-175.000000,95.000000,8.465861
16,69,-170.000000,95.000000,8.404518
17,69,-165.000000,95.000000,8.343174
18,69,-160.000000,95.000000,8.281087
19,69,-155.000000,95.000000,8.217629
20,69,-150.000000,95.000000,8.153874
21,69,-145.000000,95.000000,8.089819
22,69,-140.000000,95.000000,8.025764
23,69,-135.000000,95.000000,7.961708
24,69,-130.000000,95.000000,7.898885
25,69,-125.000000,95.000000,7.836394
26,69,-120.000000,95.000000,7.774445
27,69,-115.000000,95.000000,7.712536
28,69,-110.000000,95.000000,7.650627
29,69,-105.000000,95.000000,7.590209
30,69,-100.000000,95.000000,7.534975
31,69,-95.000000,95.000000,7.480910
32,69,-90.000000,95.000000,7.428846
33,69,-85.000000,95.000000,7.376783
34,69,-80.000000,95.000000,7.324719
35,69,-75.000000,95.000000,7.277770
36,69,-70.000000,95.000000,7.233463
37,69,-65.000000,95.000000,7.192868
38,69,-60.000000,95.000000,7.153173
39,69,-55.000000,95.000000,7.113478
40,69,-50.000000,95.000000,7.074175
41,69,-45.000000,95.000000,7.038594
42,69,-40.000000,95.000000,7.003741
43,69,-35.000000,95.000000,6.971185
44,69,-30.000000,95.000000,6.938629
45,69,-25.000000,95.000000,6.906072
46,69,-20.000000,95.000000,6.873520
47,69,-15.000000,95.000000,6.840971
48,69,-10.000000,95.000000,6.808428
49,69,-5.000000,95.000000,6.775886
50,69,0.000000,95.000000,6.743344
51,69,5.000000,95.000000,6.710803
52,69,10.000000,95.000000,6.677570
53,69,15.000000,95.000000,6.644225
54,69,20.000000,95.000000,6.610179
55,69,25.000000,95.000000,6.576133
56,69,30.000000,95.000000,6.542087
57,69,35.000000,95.000000,6.508590
58,69,40.000000,95.000000,6.475905
59,69,45.000000,95.000000,6.444235
60,69,50.000000,95.000000,6.413401
61,69,55.000000,95.000000,6.382567
62,69,60.000000,95.000000,6.351733
63,69,65.000000,95.000000,6.323337
64,69,70.000000,95.000000,6.295406
65,69,75.000000,95.000000,6.272285
66,69,80.000000,95.000000,6.249239
67,69,85.000000,95.000000,6.226193
68,69,90.000000,95.000000,6.203741
69,69,95.000000,95.000000,6.182856
70,69,100.000000,95.000000,6.163886
71,69,105.000000,95.000000,6.147552
72,69,110.000000,95.000000,6.131218
73,69,115.000000,95.000000,6.114884
74,69,120.000000,95.000000,6.098841
75,69,125.000000,95.000000,6.082916
76,69,130.000000,95.000000,6.067934
77,69,135.000000,95.000000,6.053110
78,69,140.000000,95.000000,6.038286
79,69,145.000000,95.000000,6.023404
80,69,150.000000,95.000000,6.008186
81,69,155.000000,95.000000,5.992560
82,69,160.000000,95.000000,5.975948
83,69,165.000000,95.000000,5.959337
84,69,170.000000,95.000000,5.942726
85,69,175.000000,95.000000,5.926110
86,69,180.000000,95.000000,5.909492
87,69,185.000000,95.000000,5.892847
88,69,190.000000,95.000000,5.876192
89,69,195.000000,95.000000,5.859537
90,69,200.000000,95.000000,5.842892
91,69,205.000000,95.000000,5.826686
92,69,210.000000,95.000000,5.811029
93,69,215.000000,95.000000,5.798156
94,69,220.000000,95.000000,5.785283
95,69,225.000000,95.000000,5.772410
96,69,230.000000,95.000000,5.759685
97,69,235.000000,95.000000,5.747136
98,69,240.000000,95.000000,5.737261
99,69,245.000000,95.000000,5.729164
100,69,250.000000,95.000000,5.721067
0,70,-250.000000,100.000000,9.481984
1,70,-245.000000,100.000000,9.405214
2,70,-240.000000,100.000000,9.337286
3,70,-235.000000,100.000000,9.269486
4,70,-230.000000,100.000000,9.202231
5,70,-225.000000,100.000000,9.134976
6,70,-220.000000,100.000000,9.067721
7,70,-215.000000,100.000000,9.003194
8,70,-210.000000,100.000000,8.941629
9,70,-205.000000,100.000000,8.880543
10,70,-200.000000,100.000000,8.819744
11,70,-195.000000,100.000000,8.758946
12,70,-190.000000,100.000000,8.698147
13,70,-185.000000,100.000000,8.637410
14,70,-180.000000,100.000000,8.576679
15,70,-175.000000,100.000000,8.515961
16,70,-170.000000,100.000000,8.455243
17,70,-165.000000,100.000000,8.394525
18,70,-160.000000,100.000000,8.333166
19,70,-155.000000,100.000000,8.270625
20,70,-150.000000,100.000000,8.207827
21,70,-145.000000,100.000000,8.144770
22,70,-140.000000,100.000000,8.081713
23,70,-135.000000,100.000000,8.018656
24,70,-130.000000,100.000000,7.956881
25,70,-125.000000,100.000000,7.895451
26,70,-120.000000,100.000000,7.834586
27,70,-115.000000,100.000000,7.773762
28,70,-110.000000,100.000000,7.712938
29,70,-105.000000,100.000000,7.653536
30,70,-100.000000,100.000000,7.599074
31,70,-95.000000,100.000000,7.545727
32,70,-90.000000,100.000000,7.494287
33,70,-85.000000,100.000000,7.442848
34,70,-80.000000,100.000000,7.391408
35,70,-75.000000,100.000000,7.344772
36,70,-70.000000,100.000000,7.300617
37,70,-65.000000,100.000000,7.259948
38,70,-60.000000,100.000000,7.220124
39,70,-55.000000,100.000000,7.180300
40,70,-50.000000,100.000000,7.140841
41,70,-45.000000,100.000000,7.104838
42,70,-40.000000,100.000000,7.069512
43,70,-35.000000,100.000000,7.036319
44,70,-30.000000,100.000000,7.003126
45,70,-25.000000,100.000000,6.969933
46,70,-20.000000,100.000000,6.936742
47,70,-15.000000,100.000000,6.903554
48,70,-10.000000,100.000000,6.870369
49,70,-5.000000,100.000000,6.837185
50,70,0.000000,100.000000,6.804001
51,70,5.000000,100.000000,6.770817
52,70,10.000000,100.000000,6.737059
53,70,15.000000,100.000000,6.703206
54,70,20.000000,100.000000,6.668770
55,70,25.000000,100.000000,6.634334
56,70,30.000000,100.000000,6.599898
57,70,35.000000,100.000000,6.566027
58,70,40.000000,100.000000,6.532994
59,70,45.000000,100.000000,6.501007
60,70,50.000000,100.000000,6.469880
61,70,55.000000,100.000000,6.438754
62,70,60.000000,100.000000,6.407628
63,70,65.000000,100.000000,6.378882
64,70,70.000000,100.000000,6.350591
65,70,75.000000,100.000000,6.326995
66,70,80.000000,100.000000,6.303472
67,70,85.000000,100.000000,6.279949
68,70,90.000000,100.000000,6.257000
69,70,95.000000,100.000000,6.235559
70,70,100.000000,100.000000,6.215962
71,70,105.000000,100.000000,6.198904
72,70,110.000000,100.000000,6.181845
73,70,115.000000,100.000000,6.164787
74,70,120.000000,100.000000,6.148009
75,70,125.000000,100.000000,6.131345
76,70,130.000000,100.000000,6.115588
77,70,135.000000,100.000000,6.099982
78,70,140.000000,100.000000,6.084377
79,70,145.000000,100.000000,6.068718
80,70,150.000000,100.000000,6.052752
81,70,155.000000,100.000000,6.036411
82,70,160.000000,100.000000,6.019166
83,70,165.000000,100.000000,6.001921
84,70,170.000000,100.000000,5.984675
85,70,175.000000,100.000000,5.967443
86,70,180.000000,100.000000,5.950219
87,70,185.000000,100.000000,5.933071
88,70,190.000000,100.000000,5.915952
89,70,195.000000,100.000000,5.898833
90,70,200.000000,100.000000,5.881723
91,70,205.000000,100.000000,5.865058
92,70,210.000000,100.000000,5.848949
93,70,215.000000,100.000000,5.835660
94,70,220.000000,100.000000,5.822370
95,70,225.000000,100.000000,5.809081
96,70,230.000000,100.000000,5.795938
97,70,235.000000,100.000000,5.782970
98,70,240.000000,100.000000,5.772651
99,70,245.000000,100.000000,5.764095
100,70,250.000000,100.000000,5.755538
0,71,-250.000000,105.000000,9.525980
1,71,-245.000000,105.000000,9.449766
2,71,-240.000000,105.000000,9.382319
3,71,-235.000000,105.000000,9.314997
4,71,-230.000000,105.000000,9.248216
5,71,-225.000000,105.000000,9.181435
6,71,-220.000000,105.000000,9.114654
7,71,-215.000000,105.000000,9.050578
8,71,-210.000000,105.000000,8.989439
9,71,-205.000000,105.000000,8.928774
10,71,-200.000000,105.000000,8.868395
11,71,-195.000000,105.000000,8.808015
12,71,-190.000000,105.000000,8.747636
13,71,-185.000000,105.000000,8.687491
14,71,-180.000000,105.000000,8.627370
15,71,-175.000000,105.000000,8.567299
16,71,-170.000000,105.000000,8.507227
17,71,-165.000000,105.000000,8.447156
18,71,-160.000000,105.000000,8.386548
19,71,-155.000000,105.000000,8.324949
20,71,-150.000000,105.000000,8.263136
21,71,-145.000000,105.000000,8.201106
22,71,-140.000000,105.000000,8.139075
23,71,-135.000000,105.000000,8.077045
24,71,-130.000000,105.000000,8.016345
25,71,-125.000000,105.000000,7.956004
26,71,-120.000000,105.000000,7.896249
27,71,-115.000000,105.000000,7.836537
28,71,-110.000000,105.000000,7.776825
29,71,-105.000000,105.000000,7.718461
30,71,-100.000000,105.000000,7.664785
31,71,-95.000000,105.000000,7.612166
32,71,-90.000000,105.000000,7.561357
33,71,-85.000000,105.000000,7.510548
34,71,-80.000000,105.000000,7.459739
35,71,-75.000000,105.000000,7.413409
36,71,-70.000000,105.000000,7.369392
37,71,-65.000000,105.000000,7.328626
38,71,-60.000000,105.000000,7.288647
39,71,-55.000000,105.000000,7.248669
40,71,-50.000000,105.000000,7.209027
41,71,-45.000000,105.000000,7.172562
42,71,-40.000000,105.000000,7.136720
43,71,-35.000000,105.000000,7.102839
44,71,-30.000000,105.000000,7.068959
45,71,-25.000000,105.000000,7.035078
46,71,-20.000000,105.000000,7.001197
47,71,-15.000000,105.000000,6.967316
48,71,-10.000000,105.000000,6.933434
49,71,-5.000000,105.000000,6.899553
50,71,0.000000,105.000000,6.865671
51,71,5.000000,105.000000,6.831790
52,71,10.000000,105.000000,6.797454
53,71,15.000000,105.000000,6.763046
54,71,20.000000,105.000000,6.728176
55,71,25.000000,105.000000,6.693307
56,71,30.000000,105.000000,6.658438
57,71,35.000000,105.000000,6.624154
58,71,40.000000,105.000000,6.590735
59,71,45.000000,105.000000,6.558399
60,71,50.000000,105.000000,6.526954
61,71,55.000000,105.000000,6.495508
62,71,60.000000,105.000000,6.464063
63,71,65.000000,105.000000,6.434942
64,71,70.000000,105.000000,6.406267
65,71,75.000000,105.000000,6.382178
66,71,80.000000,105.000000,6.358161
67,71,85.000000,105.000000,6.334143
68,71,90.000000,105.000000,6.310677
69,71,95.000000,105.000000,6.288662
70,71,100.000000,105.000000,6.268422
71,71,105.000000,105.000000,6.250624
72,71,110.000000,105.000000,6.232825
73,71,115.000000,105.000000,6.215027
74,71,120.000000,105.000000,6.197499
75,71,125.000000,105.000000,6.180079
76,71,130.000000,105.000000,6.163532
77,71,135.000000,105.000000,6.147131
78,71,140.000000,105.000000,6.130730
79,71,145.000000,105.000000,6.114281
80,71,150.000000,105.000000,6.097551
81,71,155.000000,105.000000,6.080482
82,71,160.000000,105.000000,6.062592
83,71,165.000000,105.000000,6.044702
84,71,170.000000,105.000000,6.026812
85,71,175.000000,105.000000,6.008952
86,71,180.000000,105.000000,5.991113
87,71,185.000000,105.000000,5.973455
88,71,190.000000,105.000000,5.955865
89,71,195.000000,105.000000,5.938274
90,71,200.000000,105.000000,5.920693
91,71,205.000000,105.000000,5.903563
92,71,210.000000,105.000000,5.886996
93,71,215.000000,105.000000,5.873286
94,71,220.000000,105.000000,5.859576
95,71,225.000000,105.000000,5.845867
96,71,230.000000,105.000000,5.832301
97,71,235.000000,105.000000,5.818909
98,71,240.000000,105.000000,5.808142
99,71,245.000000,105.000000,5.799120
100,71,250.000000,105.000000,5.790097
0,72,-250.000000,110.000000,9.573437
1,72,-245.000000,110.000000,9.497783
2,72,-240.000000,110.000000,9.430848
3,72,-235.000000,110.000000,9.364038
4,72,-230.000000,110.000000,9.297766
5,72,-225.000000,110.000000,9.231494
6,72,-220.000000,110.000000,9.165222
7,72,-215.000000,110.000000,9.101638
8,72,-210.000000,110.000000,9.040971
9,72,-205.000000,110.000000,8.980777
10,72,-200.000000,110.000000,8.920865
11,72,-195.000000,110.000000,8.860954
12,72,-190.000000,110.000000,8.801042
13,72,-185.000000,110.000000,8.741552
14,72,-180.000000,110.000000,8.682108
15,72,-175.000000,110.000000,8.622751
16,72,-170.000000,110.000000,8.563394
17,72,-165.000000,110.000000,8.504038
18,72,-160.000000,110.000000,8.444256
19,72,-155.000000,110.000000,8.383688
20,72,-150.000000,110.000000,8.322950
21,72,-145.000000,110.000000,8.262040
22,72,-140.000000,110.000000,8.201130
23,72,-135.000000,110.000000,8.140220
24,72,-130.000000,110.000000,8.080686
25,72,-125.000000,110.000000,8.021524
26,72,-120.000000,110.000000,7.962968
27,72,-115.000000,110.000000,7.904456
28,72,-110.000000,110.000000,7.845944
29,72,-105.000000,110.000000,7.788697
30,72,-100.000000,110.000000,7.735850
31,72,-95.000000,110.000000,7.683995
32,72,-90.000000,110.000000,7.633838
33,72,-85.000000,110.000000,7.583681
34,72,-80.000000,110.000000,7.533524
35,72,-75.000000,110.000000,7.487478
36,72,-70.000000,110.000000,7.443554
37,72,-65.000000,110.000000,7.402613
38,72,-60.000000,110.000000,7.362395
39,72,-55.000000,110.000000,7.322177
40,72,-50.000000,110.000000,7.282261
41,72,-45.000000,110.000000,7.245202
42,72,-40.000000,110.000000,7.208701
43,72,-35.000000,110.000000,7.173964
44,72,-30.000000,110.000000,7.139227
45,72,-25.000000,110.000000,7.104490
46,72,-20.000000,110.000000,7.069745
47,72,-15.000000,110.000000,7.034994
48,72,-10.000000,110.000000,7.000234
49,72,-5.000000,110.000000,6.965471
50,72,0.000000,110.000000,6.930707
51,72,5.000000,110.000000,6.895943
52,72,10.000000,110.000000,6.860866
53,72,15.000000,110.000000,6.825739
54,72,20.000000,110.000000,6.790293
55,72,25.000000,110.000000,6.754848
56,72,30.000000,110.000000,6.719402
57,72,35.000000,110.000000,6.684571
58,72,40.000000,110.000000,6.650646
59,72,45.000000,110.000000,6.617858
60,72,50.000000,110.000000,6.586002
61,72,55.000000,110.000000,6.554147
62,72,60.000000,110.000000,6.522292
63,72,65.000000,110.000000,6.492716
64,72,70.000000,110.000000,6.463576
65,72,75.000000,110.000000,6.438933
66,72,80.000000,110.000000,6.414361
67,72,85.000000,110.000000,6.389788
68,72,90.000000,110.000000,6.365746
69,72,95.000000,110.000000,6.343099
70,72,100.000000,110.000000,6.322159
71,72,105.000000,110.000000,6.303568
72,72,110.000000,110.000000,6.284978
73,72,115.000000,110.000000,6.266387
74,72,120.000000,110.000000,6.248055
75,72,125.000000,110.000000,6.229829
76,72,130.000000,110.000000,6.212443
77,72,135.000000,110.000000,6.195198
78,72,140.000000,110.000000,6.177953
79,72,145.000000,110.000000,6.160664
80,72,150.000000,110.000000,6.143127
81,72,155.000000,110.000000,6.125286
82,72,160.000000,110.000000,6.106715
83,72,165.000000,110.000000,6.088143
84,72,170.000000,110.000000,6.069572
85,72,175.000000,110.000000,6.051049
86,72,180.000000,110.000000,6.032560
87,72,185.000000,110.000000,6.014367
88,72,190.000000,110.000000,5.996284
89,72,195.000000,110.000000,5.978201
90,72,200.000000,110.000000,5.960127
91,72,205.000000,110.000000,5.942511
92,72,210.000000,110.000000,5.925466
93,72,215.000000,110.000000,5.911321
94,72,220.000000,110.000000,5.897176
95,72,225.000000,110.000000,5.883031
96,72,230.000000,110.000000,5.869029
97,72,235.000000,110.000000,5.855199
98,72,240.000000,110.000000,5.843965
99,72,245.000000,110.000000,5.834459
100,72,250.000000,110.000000,5.824952
0,73,-250.000000,115.000000,9.622070
1,73,-245.000000,115.000000,9.546976
2,73,-240.000000,115.000000,9.480564
3,73,-235.000000,115.000000,9.414277
4,73,-230.000000,115.000000,9.348526
5,73,-225.000000,115.000000,9.282775
6,73,-220.000000,115.000000,9.217024
7,73,-215.000000,115.000000,9.153945
8,73,-210.000000,115.000000,9.093767
9,73,-205.000000,115.000000,9.034059
10,73,-200.000000,115.000000,8.974632
11,73,-195.000000,115.000000,8.915205
12,73,-190.000000,115.000000,8.855778
13,73,-185.000000,115.000000,8.796965
14,73,-180.000000,115.000000,8.738218
15,73,-175.000000,115.000000,8.679599
16,73,-170.000000,115.000000,8.620981
17,73,-165.000000,115.000000,8.562362
18,73,-160.000000,115.000000,8.503431
19,73,-155.000000,115.000000,8.443925
20,73,-150.000000,115.000000,8.384293
21,73,-145.000000,115.000000,8.324535
22,73,-140.000000,115.000000,8.264778
23,73,-135.000000,115.000000,8.205020
24,73,-130.000000,115.000000,8.146683
25,73,-125.000000,115.000000,8.088730
26,73,-120.000000,115.000000,8.031403
27,73,-115.000000,115.000000,7.974121
28,73,-110.000000,115.000000,7.916839
29,73,-105.000000,115.000000,7.860736
30,73,-100.000000,115.000000,7.808732
31,73,-95.000000,115.000000,7.757653
32,73,-90.000000,115.000000,7.708155
33,73,-85.000000,115.000000,7.658658
34,73,-80.000000,115.000000,7.609161
35,73,-75.000000,115.000000,7.563390
36,73,-70.000000,115.000000,7.519544
37,73,-65.000000,115.000000,7.478402
38,73,-60.000000,115.000000,7.437916
39,73,-55.000000,115.000000,7.397430
40,73,-50.000000,115.000000,7.357209
41,73,-45.000000,115.000000,7.319509
42,73,-40.000000,115.000000,7.282303
43,73,-35.000000,115.000000,7.246652
44,73,-30.000000,115.000000,7.211001
45,73,-25.000000,115.000000,7.175350
46,73,-20.000000,115.000000,7.139683
47,73,-15.000000,115.000000,7.104002
48,73,-10.000000,115.000000,7.068302
49,73,-5.000000,115.000000,7.032593
50,73,0.000000,115.000000,6.996885
51,73,5.000000,115.000000,6.961176
52,73,10.000000,115.000000,6.925302
53,73,15.000000,115.000000,6.889400
54,73,20.000000,115.000000,6.853330
55,73,25.000000,115.000000,6.817260
56,73,30.000000,115.000000,6.781190
57,73,35.000000,115.000000,6.745765
58,73,40.000000,115.000000,6.711294
59,73,45.000000,115.000000,6.678017
60,73,50.000000,115.000000,6.645721
61,73,55.000000,115.000000,6.613425
62,73,60.000000,115.000000,6.581129
63,73,65.000000,115.000000,6.551070
64,73,70.000000,115.000000,6.521439
65,73,75.000000,115.000000,6.496222
66,73,80.000000,115.000000,6.471074
67,73,85.000000,115.000000,6.445925
68,73,90.000000,115.000000,6.421287
69,73,95.000000,115.000000,6.397989
70,73,100.000000,115.000000,6.376330
71,73,105.000000,115.000000,6.356929
72,73,110.000000,115.000000,6.337527
73,73,115.000000,115.000000,6.318126
74,73,120.000000,115.000000,6.298974
75,73,125.000000,115.000000,6.279924
76,73,130.000000,115.000000,6.261683
77,73,135.000000,115.000000,6.243577
78,73,140.000000,115.000000,6.225470
79,73,145.000000,115.000000,6.207327
80,73,150.000000,115.000000,6.188965
81,73,155.000000,115.000000,6.170339
82,73,160.000000,115.000000,6.151074
83,73,165.000000,115.000000,6.131808
84,73,170.000000,115.000000,6.112543
85,73,175.000000,115.000000,6.093345
86,73,180.000000,115.000000,6.074195
87,73,185.000000,115.000000,6.055458
88,73,190.000000,115.000000,6.036875
89,73,195.000000,115.000000,6.018292
90,73,200.000000,115.000000,5.999717
91,73,205.000000,115.000000,5.981608
92,73,210.000000,115.000000,5.964080
93,73,215.000000,115.000000,5.949495
94,73,220.000000,115.000000,5.934910
95,73,225.000000,115.000000,5.920324
96,73,230.000000,115.000000,5.905881
97,73,235.000000,115.000000,5.891607
98,73,240.000000,115.000000,5.879902
99,73,245.000000,115.000000,5.869905
100,73,250.000000,115.000000,5.859907
0,74,-250.000000,120.000000,9.670703
1,74,-245.000000,120.000000,9.596168
2,74,-240.000000,120.000000,9.530280
3,74,-235.000000,120.000000,9.464516
4,74,-230.000000,120.000000,9.399286
5,74,-225.000000,120.000000,9.334055
6,74,-220.000000,120.000000,9.268825
7,74,-215.000000,120.000000,9.206251
8,74,-210.000000,120.000000,9.146563
9,74,-205.000000,120.000000,9.087341
10,74,-200.000000,120.000000,9.028398
11,74,-195.000000,120.000000,8.969456
12,74,-190.000000,120.000000,8.910514
13,74,-185.000000,120.000000,8.852378
14,74,-180.000000,120.000000,8.794329
15,74,-175.000000,120.000000,8.736448
16,74,-170.000000,120.000000,8.678567
17,74,-165.000000,120.000000,8.620687
18,74,-160.000000,120.000000,8.562607
19,74,-155.000000,120.000000,8.504162
20,74,-150.000000,120.000000,8.445636
21,74,-145.000000,120.000000,8.387031
22,74,-140.000000,120.000000,8.328425
23,74,-135.000000,120.000000,8.269820
24,74,-130.000000,120.000000,8.212680
25,74,-125.000000,120.000000,8.155936
26,74,-120.000000,120.000000,8.099837
27,74,-115.000000,120.000000,8.043786
28,74,-110.000000,120.000000,7.987734
29,74,-105.000000,120.000000,7.932776
30,74,-100.000000,120.000000,7.881615
31,74,-95.000000,120.000000,7.831311
32,74,-90.000000,120.000000,7.782473
33,74,-85.000000,120.000000,7.733635
34,74,-80.000000,120.000000,7.684798
35,74,-75.000000,120.000000,7.639302
36,74,-70.000000,120.000000,7.595534
37,74,-65.000000,120.000000,7.554191
38,74,-60.000000,120.000000,7.513436
39,74,-55.000000,120.000000,7.472682
40,74,-50.000000,120.000000,7.432157
41,74,-45.000000,120.000000,7.393817
42,74,-40.000000,120.000000,7.355905
43,74,-35.000000,120.000000,7.319340
44,74,-30.000000,120.000000,7.282775
45,74,-25.000000,120.000000,7.246210
46,74,-20.000000,120.000000,7.209621
47,74,-15.000000,120.000000,7.173009
48,74,-10.000000,120.000000,7.136370
49,74,-5.000000,120.000000,7.099716
50,74,0.000000,120.000000,7.063063
51,74,5.000000,120.000000,7.026409
52,74,10.000000,120.000000,6.989737
53,74,15.000000,120.000000,6.953061
54,74,20.000000,120.000000,6.916367
55,74,25.000000,120.000000,6.879672
56,74,30.000000,120.000000,6.842977
57,74,35.000000,120.000000,6.806959
58,74,40.000000,120.000000,6.771942
59,74,45.000000,120.000000,6.738176
60,74,50.000000,120.000000,6.705439
61,74,55.000000,120.000000,6.672703
62,74,60.000000,120.000000,6.639966
63,74,65.000000,120.000000,6.609425
64,74,70.000000,120.000000,6.579303
65,74,75.000000,120.000000,6.553512
66,74,80.000000,120.000000,6.527787
67,74,85.000000,120.000000,6.502063
68,74,90.000000,120.000000,6.476828
69,74,95.000000,120.000000,6.452878
70,74,100.000000,120.000000,6.430502
71,74,105.000000,120.000000,6.410289
72,74,110.000000,120.000000,6.390077
73,74,115.000000,120.000000,6.369865
74,74,120.000000,120.000000,6.349893
75,74,125.000000,120.000000,6.330019
76,74,130.000000,120.000000,6.310922
77,74,135.000000,120.000000,6.291955
78,74,140.000000,120.000000,6.272988
79,74,145.000000,120.000000,6.253989
80,74,150.000000,120.000000,6.234804
81,74,155.000000,120.000000,6.215392
82,74,160.000000,120.000000,6.195432
83,74,165.000000,120.000000,6.175473
84,74,170.000000,120.000000,6.155514
85,74,175.000000,120.000000,6.135641
86,74,180.000000,120.000000,6.115830
87,74,185.000000,120.000000,6.096550
88,74,190.000000,120.000000,6.077466
89,74,195.000000,120.000000,6.058382
90,74,200.000000,120.000000,6.039308
91,74,205.000000,120.000000,6.020706
92,74,210.000000,120.000000,6.002693
93,74,215.000000,120.000000,5.987668
94,74,220.000000,120.000000,5.972643
95,74,225.000000,120.000000,5.957618
96,74,230.000000,120.000000,5.942733
97,74,235.000000,120.000000,5.928015
98,74,240.000000,120.000000,5.915838
99,74,245.000000,120.000000,5.905350
100,74,250.000000,120.000000,5.894863
0,75,-250.000000,125.000000,9.719079
1,75,-245.000000,125.000000,9.645092
2,75,-240.000000,125.000000,9.579725
3,75,-235.000000,125.000000,9.514481
4,75,-230.000000,125.000000,9.449768
5,75,-225.000000,125.000000,9.385056
6,75,-220.000000,125.000000,9.320343
7,75,-215.000000,125.000000,9.258274
8,75,-210.000000,125.000000,9.199076
9,75,-205.000000,125.000000,9.140341
10,75,-200.000000,125.000000,9.081885
11,75,-195.000000,125.000000,9.023429
12,75,-190.000000,125.000000,8.964973
13,75,-185.000000,125.000000,8.907514
14,75,-180.000000,125.000000,8.850161
15,75,-175.000000,125.000000,8.793016
16,75,-170.000000,125.000000,8.735872
17,75,-165.000000,125.000000,8.678727
18,75,-160.000000,125.000000,8.621496
19,75,-155.000000,125.000000,8.564104
20,75,-150.000000,125.000000,8.506677
21,75,-145.000000,125.000000,8.449216
22,75,-140.000000,125.000000,8.391754
23,75,-135.000000,125.000000,8.334292
24,75,-130.000000,125.000000,8.278339
25,75,-125.000000,125.000000,8.222794
26,75,-120.000000,125.000000,8.167914
27,75,-115.000000,125.000000,8.113082
28,75,-110.000000,125.000000,8.058250
29,75,-105.000000,125.000000,8.004424
30,75,-100.000000,125.000000,7.954100
31,75,-95.000000,125.000000,7.904564
32,75,-90.000000,125.000000,7.856380
33,75,-85.000000,125.000000,7.808197
34,75,-80.000000,125.000000,7.760013
35,75,-75.000000,125.000000,7.714791
36,75,-70.000000,125.000000,7.671098
37,75,-65.000000,125.000000,7.629556
38,75,-60.000000,125.000000,7.588534
39,75,-55.000000,125.000000,7.547513
40,75,-50.000000,125.000000,7.506686
41,75,-45.000000,125.000000,7.467708
42,75,-40.000000,125.000000,7.429092
43,75,-35.000000,125.000000,7.391617
44,75,-30.000000,125.000000,7.354143
45,75,-25.000000,125.000000,7.316668
46,75,-20.000000,125.000000,7.279158
47,75,-15.000000,125.000000,7.241618
48,75,-10.000000,125.000000,7.204038
49,75,-5.000000,125.000000,7.166439
50,75,0.000000,125.000000,7.128840
51,75,5.000000,125.000000,7.091240
52,75,10.000000,125.000000,7.053767
53,75,15.000000,125.000000,7.016315
54,75,20.000000,125.000000,6.978990
55,75,25.000000,125.000000,6.941665
56,75,30.000000,125.000000,6.904341
57,75,35.000000,125.000000,6.867724
58,75,40.000000,125.000000,6.832156
59,75,45.000000,125.000000,6.797898
60,75,50.000000,125.000000,6.764717
61,75,55.000000,125.000000,6.731537
62,75,60.000000,125.000000,6.698357
63,75,65.000000,125.000000,6.667331
64,75,70.000000,125.000000,6.636717
65,75,75.000000,125.000000,6.610355
66,75,80.000000,125.000000,6.584059
67,75,85.000000,125.000000,6.557763
68,75,90.000000,125.000000,6.531935
69,75,95.000000,125.000000,6.507339
70,75,100.000000,125.000000,6.484251
71,75,105.000000,125.000000,6.463237
72,75,110.000000,125.000000,6.442223
73,75,115.000000,125.000000,6.421209
74,75,120.000000,125.000000,6.400425
75,75,125.000000,125.000000,6.379735
76,75,130.000000,125.000000,6.359789
77,75,135.000000,125.000000,6.339969
78,75,140.000000,125.000000,6.320148
79,75,145.000000,125.000000,6.300300
80,75,150.000000,125.000000,6.280297
81,75,155.000000,125.000000,6.260103
82,75,160.000000,125.000000,6.239452
83,75,165.000000,125.000000,6.218801
84,75,170.000000,125.000000,6.198149
85,75,175.000000,125.000000,6.177603
86,75,180.000000,125.000000,6.157133
87,75,185.000000,125.000000,6.137308
88,75,190.000000,125.000000,6.117724
89,75,195.000000,125.000000,6.098140
90,75,200.000000,125.000000,6.078566
91,75,205.000000,125.000000,6.059471
92,75,210.000000,125.000000,6.040974
93,75,215.000000,125.000000,6.025511
94,75,220.000000,125.000000,6.010048
95,75,225.000000,125.000000,5.994586
96,75,230.000000,125.000000,5.979262
97,75,235.000000,125.000000,5.964104
98,75,240.000000,125.000000,5.951460
99,75,245.000000,125.000000,5.940488
100,75,250.000000,125.000000,5.929516
0,76,-250.000000,130.000000,9.766980
1,76,-245.000000,130.000000,9.693519
2,76,-240.000000,130.000000,9.628665
3,76,-235.000000,130.000000,9.563935
4,76,-230.000000,130.000000,9.499735
5,76,-225.000000,130.000000,9.435535
6,76,-220.000000,130.000000,9.371335
7,76,-215.000000,130.000000,9.309769
8,76,-210.000000,130.000000,9.251063
9,76,-205.000000,130.000000,9.192819
10,76,-200.000000,130.000000,9.134852
11,76,-195.000000,130.000000,9.076885
12,76,-190.000000,130.000000,9.018918
13,76,-185.000000,130.000000,8.962134
14,76,-180.000000,130.000000,8.905475
15,76,-175.000000,130.000000,8.849064
16,76,-170.000000,130.000000,8.792652
17,76,-165.000000,130.000000,8.736241
18,76,-160.000000,130.000000,8.679851
19,76,-155.000000,130.000000,8.623500
20,76,-150.000000,130.000000,8.567158
21,76,-145.000000,130.000000,8.510824
22,76,-140.000000,130.000000,8.454490
23,76,-135.000000,130.000000,8.398156
24,76,-130.000000,130.000000,8.343372
25,76,-125.000000,130.000000,8.289007
26,76,-120.000000,130.000000,8.235325
27,76,-115.000000,130.000000,8.181692
28,76,-110.000000,130.000000,8.128059
29,76,-105.000000,130.000000,8.075349
30,76,-100.000000,130.000000,8.025847
31,76,-95.000000,130.000000,7.977067
32,76,-90.000000,130.000000,7.929527
33,76,-85.000000,130.000000,7.881986
34,76,-80.000000,130.000000,7.834445
35,76,-75.000000,130.000000,7.789491
36,76,-70.000000,130.000000,7.745874
37,76,-65.000000,130.000000,7.704133
38,76,-60.000000,130.000000,7.662847
39,76,-55.000000,130.000000,7.621562
40,76,-50.000000,130.000000,7.580436
41,76,-45.000000,130.000000,7.540826
42,76,-40.000000,130.000000,7.501512
43,76,-35.000000,130.000000,7.463134
44,76,-30.000000,130.000000,7.424755
45,76,-25.000000,130.000000,7.386377
46,76,-20.000000,130.000000,7.347952
47,76,-15.000000,130.000000,7.309485
48,76,-10.000000,130.000000,7.270964
49,76,-5.000000,130.000000,7.232418
50,76,0.000000,130.000000,7.193872
51,76,5.000000,130.000000,7.155325
52,76,10.000000,130.000000,7.117046
53,76,15.000000,130.000000,7.078810
54,76,20.000000,130.000000,7.040846
55,76,25.000000,130.000000,7.002882
56,76,30.000000,130.000000,6.964917
57,76,35.000000,130.000000,6.927694
58,76,40.000000,130.000000,6.891566
59,76,45.000000,130.000000,6.856808
60,76,50.000000,130.000000,6.823178
61,76,55.000000,130.000000,6.789547
62,76,60.000000,130.000000,6.755917
63,76,65.000000,130.000000,6.724405
64,76,70.000000,130.000000,6.693299
65,76,75.000000,130.000000,6.666372
66,76,80.000000,130.000000,6.639511
67,76,85.000000,130.000000,6.612649
68,76,90.000000,130.000000,6.586237
69,76,95.000000,130.000000,6.561005
70,76,100.000000,130.000000,6.537218
71,76,105.000000,130.000000,6.515418
72,76,110.000000,130.000000,6.493618
73,76,115.000000,130.000000,6.471818
74,76,120.000000,130.000000,6.450238
75,76,125.000000,130.000000,6.428746
76,76,130.000000,130.000000,6.407966
77,76,135.000000,130.000000,6.387304
78,76,140.000000,130.000000,6.366643
79,76,145.000000,130.000000,6.345959
80,76,150.000000,130.000000,6.325148
81,76,155.000000,130.000000,6.304182
82,76,160.000000,130.000000,6.282842
83,76,165.000000,130.000000,6.261502
84,76,170.000000,130.000000,6.240162
85,76,175.000000,130.000000,6.218946
86,76,180.000000,130.000000,6.197818
87,76,185.000000,130.000000,6.177450
88,76,190.000000,130.000000,6.157365
89,76,195.000000,130.000000,6.137280
90,76,200.000000,130.000000,6.117204
91,76,205.000000,130.000000,6.097616
92,76,210.000000,130.000000,6.078636
93,76,215.000000,130.000000,6.062741
94,76,220.000000,130.000000,6.046845
95,76,225.000000,130.000000,6.030950
96,76,230.000000,130.000000,6.015192
97,76,235.000000,130.000000,5.999599
98,76,240.000000,130.000000,5.986498
99,76,245.000000,130.000000,5.975054
100,76,250.000000,130.000000,5.963610
0,77,-250.000000,135.000000,9.813348
1,77,-245.000000,135.000000,9.740342
2,77,-240.000000,135.000000,9.675981
3,77,-235.000000,135.000000,9.611744
4,77,-230.000000,135.000000,9.548040
5,77,-225.000000,135.000000,9.484336
6,77,-220.000000,135.000000,9.420632
7,77,-215.000000,135.000000,9.359564
8,77,-210.000000,135.000000,9.301356
9,77,-205.000000,135.000000,9.243611
10,77,-200.000000,135.000000,9.186144
11,77,-195.000000,135.000000,9.128676
12,77,-190.000000,135.000000,9.071209
13,77,-185.000000,135.000000,9.015094
14,77,-180.000000,135.000000,8.959122
15,77,-175.000000,135.000000,8.903433
16,77,-170.000000,135.000000,8.847745
17,77,-165.000000,135.000000,8.792056
18,77,-160.000000,135.000000,8.736486
19,77,-155.000000,135.000000,8.681134
20,77,-150.000000,135.000000,8.625829
21,77,-145.000000,135.000000,8.570573
22,77,-140.000000,135.000000,8.515316
23,77,-135.000000,135.000000,8.460059
24,77,-130.000000,135.000000,8.406386
25,77,-125.000000,135.000000,8.353139
26,77,-120.000000,135.000000,8.300591
27,77,-115.000000,135.000000,8.248092
28,77,-110.000000,135.000000,8.195594
29,77,-105.000000,135.000000,8.143939
30,77,-100.000000,135.000000,8.095215
31,77,-95.000000,135.000000,8.047151
32,77,-90.000000,135.000000,8.000219
33,77,-85.000000,135.000000,7.953287
34,77,-80.000000,135.000000,7.906356
35,77,-75.000000,135.000000,7.861654
36,77,-70.000000,135.000000,7.818103
37,77,-65.000000,135.000000,7.776171
38,77,-60.000000,135.000000,7.734631
39,77,-55.000000,135.000000,7.693091
40,77,-50.000000,135.000000,7.651676
41,77,-45.000000,135.000000,7.611450
42,77,-40.000000,135.000000,7.571456
43,77,-35.000000,135.000000,7.532196
44,77,-30.000000,135.000000,7.492935
45,77,-25.000000,135.000000,7.453675
46,77,-20.000000,135.000000,7.414348
47,77,-15.000000,135.000000,7.374962
48,77,-10.000000,135.000000,7.335500
49,77,-5.000000,135.000000,7.296001
50,77,0.000000,135.000000,7.256502
51,77,5.000000,135.000000,7.217004
52,77,10.000000,135.000000,7.177901
53,77,15.000000,135.000000,7.138863
54,77,20.000000,135.000000,7.100227
55,77,25.000000,135.000000,7.061592
56,77,30.000000,135.000000,7.022956
57,77,35.000000,135.000000,6.985096
58,77,40.000000,135.000000,6.948382
59,77,45.000000,135.000000,6.913102
60,77,50.000000,135.000000,6.879002
61,77,55.000000,135.000000,6.844901
62,77,60.000000,135.000000,6.810801
63,77,65.000000,135.000000,6.778796
64,77,70.000000,135.000000,6.747193
65,77,75.000000,135.000000,6.719724
66,77,80.000000,135.000000,6.692320
67,77,85.000000,135.000000,6.664916
68,77,90.000000,135.000000,6.637943
69,77,95.000000,135.000000,6.612107
70,77,100.000000,135.000000,6.587661
71,77,105.000000,135.000000,6.565127
72,77,110.000000,135.000000,6.542593
73,77,115.000000,135.000000,6.520059
74,77,120.000000,135.000000,6.497732
75,77,125.000000,135.000000,6.475489
76,77,130.000000,135.000000,6.453916
77,77,135.000000,135.000000,6.432455
78,77,140.000000,135.000000,6.410994
79,77,145.000000,135.000000,6.389516
80,77,150.000000,135.000000,6.367932
81,77,155.000000,135.000000,6.346221
82,77,160.000000,135.000000,6.324203
83,77,165.000000,135.000000,6.302184
84,77,170.000000,135.000000,6.280166
85,77,175.000000,135.000000,6.258289
86,77,180.000000,135.000000,6.236513
87,77,185.000000,135.000000,6.215603
88,77,190.000000,135.000000,6.195014
89,77,195.000000,135.000000,6.174425
90,77,200.000000,135.000000,6.153846
91,77,205.000000,135.000000,6.133765
92,77,210.000000,135.000000,6.114304
93,77,215.000000,135.000000,6.097992
94,77,220.000000,135.000000,6.081680
95,77,225.000000,135.000000,6.065368
96,77,230.000000,135.000000,6.049193
97,77,235.000000,135.000000,6.033182
98,77,240.000000,135.000000,6.019654
99,77,245.000000,135.000000,6.007777
100,77,250.000000,135.000000,5.995899
0,78,-250.000000,140.000000,9.858897
1,78,-245.000000,140.000000,9.786309
2,78,-240.000000,140.000000,9.722430
3,78,-235.000000,140.000000,9.658675
4,78,-230.000000,140.000000,9.595458
5,78,-225.000000,140.000000,9.532241
6,78,-220.000000,140.000000,9.469024
7,78,-215.000000,140.000000,9.408450
8,78,-210.000000,140.000000,9.350745
9,78,-205.000000,140.000000,9.293503
10,78,-200.000000,140.000000,9.236541
11,78,-195.000000,140.000000,9.179578
12,78,-190.000000,140.000000,9.122615
13,78,-185.000000,140.000000,9.067166
14,78,-180.000000,140.000000,9.011878
15,78,-175.000000,140.000000,8.956907
16,78,-170.000000,140.000000,8.901935
17,78,-165.000000,140.000000,8.846964
18,78,-160.000000,140.000000,8.792202
19,78,-155.000000,140.000000,8.737827
20,78,-150.000000,140.000000,8.683536
21,78,-145.000000,140.000000,8.629329
22,78,-140.000000,140.000000,8.575122
23,78,-135.000000,140.000000,8.520916
24,78,-130.000000,140.000000,8.468321
25,78,-125.000000,140.000000,8.416161
26,78,-120.000000,140.000000,8.364711
27,78,-115.000000,140.000000,8.313313
28,78,-110.000000,140.000000,8.261914
29,78,-105.000000,140.000000,8.211282
30,78,-100.000000,140.000000,8.163312
31,78,-95.000000,140.000000,8.115943
32,78,-90.000000,140.000000,8.069601
33,78,-85.000000,140.000000,8.023260
34,78,-80.000000,140.000000,7.976919
35,78,-75.000000,140.000000,7.932460
36,78,-70.000000,140.000000,7.888973
37,78,-65.000000,140.000000,7.846853
38,78,-60.000000,140.000000,7.805063
39,78,-55.000000,140.000000,7.763274
40,78,-50.000000,140.000000,7.721576
41,78,-45.000000,140.000000,7.680742
42,78,-40.000000,140.000000,7.640078
43,78,-35.000000,140.000000,7.599947
44,78,-30.000000,140.000000,7.559816
45,78,-25.000000,140.000000,7.519685
46,78,-20.000000,140.000000,7.479464
47,78,-15.000000,140.000000,7.439163
48,78,-10.000000,140.000000,7.398759
49,78,-5.000000,140.000000,7.358305
50,78,0.000000,140.000000,7.317851
51,78,5.000000,140.000000,7.277397
52,78,10.000000,140.000000,7.237462
53,78,15.000000,140.000000,7.197611
54,78,20.000000,140.000000,7.158287
55,78,25.000000,140.000000,7.118964
56,78,30.000000,140.000000,7.079640
57,78,35.000000,140.000000,7.041127
58,78,40.000000,140.000000,7.003813
59,78,45.000000,140.000000,6.967999
60,78,50.000000,140.000000,6.933418
61,78,55.000000,140.000000,6.898837
62,78,60.000000,140.000000,6.864256
63,78,65.000000,140.000000,6.831755
64,78,70.000000,140.000000,6.799652
65,78,75.000000,140.000000,6.771653
66,78,80.000000,140.000000,6.743718
67,78,85.000000,140.000000,6.715783
68,78,90.000000,140.000000,6.688264
69,78,95.000000,140.000000,6.661840
70,78,100.000000,140.000000,6.636756
71,78,105.000000,140.000000,6.613516
72,78,110.000000,140.000000,6.590275
73,78,115.000000,140.000000,6.567035
74,78,120.000000,140.000000,6.543988
75,78,125.000000,140.000000,6.521019
76,78,130.000000,140.000000,6.498677
77,78,135.000000,140.000000,6.476439
78,78,140.000000,140.000000,6.454201
79,78,145.000000,140.000000,6.431949
80,78,150.000000,140.000000,6.409611
81,78,155.000000,140.000000,6.387170
82,78,160.000000,140.000000,6.364480
83,78,165.000000,140.000000,6.341789
84,78,170.000000,140.000000,6.319098
85,78,175.000000,140.000000,6.296565
86,78,180.000000,140.000000,6.274146
87,78,185.000000,140.000000,6.252692
88,78,190.000000,140.000000,6.231599
89,78,195.000000,140.000000,6.210506
90,78,200.000000,140.000000,6.189423
91,78,205.000000,140.000000,6.168848
92,78,210.000000,140.000000,6.148909
93,78,215.000000,140.000000,6.132188
94,78,220.000000,140.000000,6.115468
95,78,225.000000,140.000000,6.098747
96,78,230.000000,140.000000,6.082163
97,78,235.000000,140.000000,6.065743
98,78,240.000000,140.000000,6.051805
99,78,245.000000,140.000000,6.039515
100,78,250.000000,140.000000,6.027225
0,79,-250.000000,145.000000,9.904446
1,79,-245.000000,145.000000,9.832275
2,79,-240.000000,145.000000,9.768878
3,79,-235.000000,145.000000,9.705606
4,79,-230.000000,145.000000,9.642876
5,79,-225.000000,145.000000,9.580146
6,79,-220.000000,145.000000,9.517416
7,79,-215.000000,145.000000,9.457336
8,79,-210.000000,145.000000,9.400133
9,79,-205.000000,145.000000,9.343396
10,79,-200.000000,145.000000,9.286938
11,79,-195.000000,145.000000,9.230479
12,79,-190.000000,145.000000,9.174021
13,79,-185.000000,145.000000,9.119239
14,79,-180.000000,145.000000,9.064634
15,79,-175.000000,145.000000,9.010380
16,79,-170.000000,145.000000,8.956126
17,79,-165.000000,145.000000,8.901872
18,79,-160.000000,145.000000,8.847919
19,79,-155.000000,145.000000,8.794520
20,79,-150.000000,145.000000,8.741242
21,79,-145.000000,145.000000,8.688085
22,79,-140.000000,145.000000,8.634929
23,79,-135.000000,145.000000,8.581772
24,79,-130.000000,145.000000,8.530256
25,79,-125.000000,145.000000,8.479182
26,79,-120.000000,145.000000,8.428831
27,79,-115.000000,145.000000,8.378533
28,79,-110.000000,145.000000,8.328234
29,79,-105.000000,145.000000,8.278625
30,79,-100.000000,145.000000,8.231410
31,79,-95.000000,145.000000,8.184734
32,79,-90.000000,145.000000,8.138984
33,79,-85.000000,145.000000,8.093233
34,79,-80.000000,145.000000,8.047482
35,79,-75.000000,145.000000,8.003266
36,79,-70.000000,145.000000,7.959844
37,79,-65.000000,145.000000,7.917535
38,79,-60.000000,145.000000,7.875496
39,79,-55.000000,145.000000,7.833457
40,79,-50.000000,145.000000,7.791476
41,79,-45.000000,145.000000,7.750035
42,79,-40.000000,145.000000,7.708700
43,79,-35.000000,145.000000,7.667698
44,79,-30.000000,145.000000,7.626696
45,79,-25.000000,145.000000,7.585695
46,79,-20.000000,145.000000,7.544580
47,79,-15.000000,145.000000,7.503364
48,79,-10.000000,145.000000,7.462017
49,79,-5.000000,145.000000,7.420608
50,79,0.000000,145.000000,7.379199
51,79,5.000000,145.000000,7.337790
52,79,10.000000,145.000000,7.297023
53,79,15.000000,145.000000,7.256359
54,79,20.000000,145.000000,7.216348
55,79,25.000000,145.000000,7.176336
56,79,30.000000,145.000000,7.136324
57,79,35.000000,145.000000,7.097158
58,79,40.000000,145.000000,7.059244
59,79,45.000000,145.000000,7.022895
60,79,50.000000,145.000000,6.987834
61,79,55.000000,145.000000,6.952772
62,79,60.000000,145.000000,6.917711
63,79,65.000000,145.000000,6.884714
64,79,70.000000,145.000000,6.852112
65,79,75.000000,145.000000,6.823582
66,79,80.000000,145.000000,6.795116
67,79,85.000000,145.000000,6.766650
68,79,90.000000,145.000000,6.738584
69,79,95.000000,145.000000,6.711573
70,79,100.000000,145.000000,6.685852
71,79,105.000000,145.000000,6.661905
72,79,110.000000,145.000000,6.637958
73,79,115.000000,145.000000,6.614011
74,79,120.000000,145.000000,6.590244
75,79,125.000000,145.000000,6.566550
76,79,130.000000,145.000000,6.543438
77,79,135.000000,145.000000,6.520423
78,79,140.000000,145.000000,6.497408
79,79,145.000000,145.000000,6.474382
80,79,150.000000,145.000000,6.451291
81,79,155.000000,145.000000,6.428120
82,79,160.000000,145.000000,6.404757
83,79,165.000000,145.000000,6.381393
84,79,170.000000,145.000000,6.358030
85,79,175.000000,145.000000,6.334842
86,79,180.000000,145.000000,6.311778
87,79,185.000000,145.000000,6.289782
88,79,190.000000,145.000000,6.268184
89,79,195.000000,145.000000,6.246587
90,79,200.000000,145.000000,6.224999
91,79,205.000000,145.000000,6.203931
92,79,210.000000,145.000000,6.183513
93,79,215.000000,145.000000,6.166384
94,79,220.000000,145.000000,6.149255
95,79,225.000000,145.000000,6.132126
96,79,230.000000,145.000000,6.115134
97,79,235.000000,145.000000,6.098305
98,79,240.000000,145.000000,6.083955
99,79,245.000000,145.000000,6.071253
100,79,250.000000,145.000000,6.058551
0,80,-250.000000,150.000000,9.949530
1,80,-245.000000,150.000000,9.877775
2,80,-240.000000,150.000000,9.814859
3,80,-235.000000,150.000000,9.752069
4,80,-230.000000,150.000000,9.689825
5,80,-225.000000,150.000000,9.627581
6,80,-220.000000,150.000000,9.565336
7,80,-215.000000,150.000000,9.505750
8,80,-210.000000,150.000000,9.449049
9,80,-205.000000,150.000000,9.392814
10,80,-200.000000,150.000000,9.336860
11,80,-195.000000,150.000000,9.280905
12,80,-190.000000,150.000000,9.224950
13,80,-185.000000,150.000000,9.170829
14,80,-180.000000,150.000000,9.116903
15,80,-175.000000,150.000000,9.063361
16,80,-170.000000,150.000000,9.009818
17,80,-165.000000,150.000000,8.956276
18,80,-160.000000,150.000000,8.903124
19,80,-155.000000,150.000000,8.850691
20,80,-150.000000,150.000000,8.798414
21,80,-145.000000,150.000000,8.746294
22,80,-140.000000,150.000000,8.694175
23,80,-135.000000,150.000000,8.642056
24,80,-130.000000,150.000000,8.591604
25,80,-125.000000,150.000000,8.541603
26,80,-120.000000,150.000000,8.492337
27,80,-115.000000,150.000000,8.443124
28,80,-110.000000,150.000000,8.393911
29,80,-105.000000,150.000000,8.345311
30,80,-100.000000,150.000000,8.298842
31,80,-95.000000,150.000000,8.252852
32,80,-90.000000,150.000000,8.207686
33,80,-85.000000,150.000000,8.162519
34,80,-80.000000,150.000000,8.117352
35,80,-75.000000,150.000000,8.073379
36,80,-70.000000,150.000000,8.030021
37,80,-65.000000,150.000000,7.987530
38,80,-60.000000,150.000000,7.945248
39,80,-55.000000,150.000000,7.902967
40,80,-50.000000,150.000000,7.860709
41,80,-45.000000,150.000000,7.818672
42,80,-40.000000,150.000000,7.776678
43,80,-35.000000,150.000000,7.734820
44,80,-30.000000,150.000000,7.692963
45,80,-25.000000,150.000000,7.651106
46,80,-20.000000,150.000000,7.609111
47,80,-15.000000,150.000000,7.566994
48,80,-10.000000,150.000000,7.524720
49,80,-5.000000,150.000000,7.482369
50,80,0.000000,150.000000,7.440019
51,80,5.000000,150.000000,7.397668
52,80,10.000000,150.000000,7.356080
53,80,15.000000,150.000000,7.314615
54,80,20.000000,150.000000,7.273923
55,80,25.000000,150.000000,7.233231
56,80,30.000000,150.000000,7.192539
57,80,35.000000,150.000000,7.152729
58,80,40.000000,150.000000,7.114221
59,80,45.000000,150.000000,7.077344
60,80,50.000000,150.000000,7.041808
61,80,55.000000,150.000000,7.006271
62,80,60.000000,150.000000,6.970735
63,80,65.000000,150.000000,6.937248
64,80,70.000000,150.000000,6.904153
65,80,75.000000,150.000000,6.875100
66,80,80.000000,150.000000,6.846111
67,80,85.000000,150.000000,6.817121
68,80,90.000000,150.000000,6.788517
69,80,95.000000,150.000000,6.760928
70,80,100.000000,150.000000,6.734578
71,80,105.000000,150.000000,6.709935
72,80,110.000000,150.000000,6.685293
73,80,115.000000,150.000000,6.660650
74,80,120.000000,150.000000,6.636174
75,80,125.000000,150.000000,6.611765
76,80,130.000000,150.000000,6.587894
77,80,135.000000,150.000000,6.564112
78,80,140.000000,150.000000,6.540331
79,80,145.000000,150.000000,6.516541
80,80,150.000000,150.000000,6.492705
81,80,155.000000,150.000000,6.468812
82,80,160.000000,150.000000,6.444783
83,80,165.000000,150.000000,6.420754
84,80,170.000000,150.000000,6.396725
85,80,175.000000,150.000000,6.372886
86,80,180.000000,150.000000,6.349184
87,80,185.000000,150.000000,6.326650
88,80,190.000000,150.000000,6.304551
89,80,195.000000,150.000000,6.282452
90,80,200.000000,150.000000,6.260364
91,80,205.000000,150.000000,6.238806
92,80,210.000000,150.000000,6.217912
93,80,215.000000,150.000000,6.200378
94,80,220.000000,150.000000,6.182844
95,80,225.000000,150.000000,6.165309
96,80,230.000000,150.000000,6.147912
97,80,235.000000,150.000000,6.130678
98,80,240.000000,150.000000,6.115921
99,80,245.000000,150.000000,6.102811
100,80,250.000000,150.000000,6.089700
0,81,-250.000000,155.000000,9.993256
1,81,-245.000000,155.000000,9.921915
2,81,-240.000000,155.000000,9.859477
3,81,-235.000000,155.000000,9.797167
4,81,-230.000000,155.000000,9.735406
5,81,-225.000000,155.000000,9.673645
6,81,-220.000000,155.000000,9.611885
7,81,-215.000000,155.000000,9.552789
8,81,-210.000000,155.000000,9.496586
9,81,-205.000000,155.000000,9.440851
10,81,-200.000000,155.000000,9.385397
11,81,-195.000000,155.000000,9.329942
12,81,-190.000000,155.000000,9.274488
13,81,-185.000000,155.000000,9.221015
14,81,-180.000000,155.000000,9.167753
15,81,-175.000000,155.000000,9.114905
16,81,-170.000000,155.000000,9.062058
17,81,-165.000000,155.000000,9.009210
18,81,-160.000000,155.000000,8.956836
19,81,-155.000000,155.000000,8.905337
20,81,-150.000000,155.000000,8.854026
21,81,-145.000000,155.000000,8.802907
22,81,-140.000000,155.000000,8.751788
23,81,-135.000000,155.000000,8.700669
24,81,-130.000000,155.000000,8.651243
25,81,-125.000000,155.000000,8.602274
26,81,-120.000000,155.000000,8.554051
27,81,-115.000000,155.000000,8.505882
28,81,-110.000000,155.000000,8.457712
29,81,-105.000000,155.000000,8.410083
30,81,-100.000000,155.000000,8.364333
31,81,-95.000000,155.000000,8.319006
32,81,-90.000000,155.000000,8.274405
33,81,-85.000000,155.000000,8.229804
34,81,-80.000000,155.000000,8.185203
35,81,-75.000000,155.000000,8.141468
36,81,-70.000000,155.000000,8.098181
37,81,-65.000000,155.000000,8.055523
38,81,-60.000000,155.000000,8.013018
39,81,-55.000000,155.000000,7.970512
40,81,-50.000000,155.000000,7.927998
41,81,-45.000000,155.000000,7.885397
42,81,-40.000000,155.000000,7.842780
43,81,-35.000000,155.000000,7.800110
44,81,-30.000000,155.000000,7.757440
45,81,-25.000000,155.000000,7.714770
46,81,-20.000000,155.000000,7.671937
47,81,-15.000000,155.000000,7.628962
48,81,-10.000000,155.000000,7.585799
49,81,-5.000000,155.000000,7.542548
50,81,0.000000,155.000000,7.499297
51,81,5.000000,155.000000,7.456045
52,81,10.000000,155.000000,7.413668
53,81,15.000000,155.000000,7.371432
54,81,20.000000,155.000000,7.330085
55,81,25.000000,155.000000,7.288737
56,81,30.000000,155.000000,7.247389
57,81,35.000000,155.000000,7.206957
58,81,40.000000,155.000000,7.167877
59,81,45.000000,155.000000,7.130489
60,81,50.000000,155.000000,7.094494
61,81,55.000000,155.000000,7.058498
62,81,60.000000,155.000000,7.022503
63,81,65.000000,155.000000,6.988544
64,81,70.000000,155.000000,6.954974
65,81,75.000000,155.000000,6.925421
66,81,80.000000,155.000000,6.895931
67,81,85.000000,155.000000,6.866441
68,81,90.000000,155.000000,6.837321
69,81,95.000000,155.000000,6.809178
70,81,100.000000,155.000000,6.782229
71,81,105.000000,155.000000,6.756922
72,81,110.000000,155.000000,6.731615
73,81,115.000000,155.000000,6.706308
74,81,120.000000,155.000000,6.681153
75,81,125.000000,155.000000,6.656060
76,81,130.000000,155.000000,6.631459
77,81,135.000000,155.000000,6.606941
78,81,140.000000,155.000000,6.582422
79,81,145.000000,155.000000,6.557898
80,81,150.000000,155.000000,6.533345
81,81,155.000000,155.000000,6.508756
82,81,160.000000,155.000000,6.484079
83,81,165.000000,155.000000,6.459403
84,81,170.000000,155.000000,6.434726
85,81,175.000000,155.000000,6.410256
86,81,180.000000,155.000000,6.385933
87,81,185.000000,155.000000,6.362872
88,81,190.000000,155.000000,6.340282
89,81,195.000000,155.000000,6.317691
90,81,200.000000,155.000000,6.295112
91,81,205.000000,155.000000,6.273074
92,81,210.000000,155.000000,6.251713
93,81,215.000000,155.000000,6.233783
94,81,220.000000,155.000000,6.215853
95,81,225.000000,155.000000,6.197923
96,81,230.000000,155.000000,6.180130
97,81,235.000000,155.000000,6.162500
98,81,240.000000,155.000000,6.147348
99,81,245.000000,155.000000,6.133842
100,81,250.000000,155.000000,6.120337
0,82,-250.000000,160.000000,10.032549
1,82,-245.000000,160.000000,9.961613
2,82,-240.000000,160.000000,9.899645
3,82,-235.000000,160.000000,9.837807
4,82,-230.000000,160.000000,9.776522
5,82,-225.000000,160.000000,9.715236
6,82,-220.000000,160.000000,9.653951
7,82,-215.000000,160.000000,9.595337
8,82,-210.000000,160.000000,9.539622
9,82,-205.000000,160.000000,9.484377
10,82,-200.000000,160.000000,9.429412
11,82,-195.000000,160.000000,9.374448
12,82,-190.000000,160.000000,9.319483
13,82,-185.000000,160.000000,9.266615
14,82,-180.000000,160.000000,9.213969
15,82,-175.000000,160.000000,9.161761
16,82,-170.000000,160.000000,9.109554
17,82,-165.000000,160.000000,9.057346
18,82,-160.000000,160.000000,9.005678
19,82,-155.000000,160.000000,8.955005
20,82,-150.000000,160.000000,8.904548
21,82,-145.000000,160.000000,8.854309
22,82,-140.000000,160.000000,8.804070
23,82,-135.000000,160.000000,8.753831
24,82,-130.000000,160.000000,8.705300
25,82,-125.000000,160.000000,8.657231
26,82,-120.000000,160.000000,8.609914
27,82,-115.000000,160.000000,8.562651
28,82,-110.000000,160.000000,8.515389
29,82,-105.000000,160.000000,8.468606
30,82,-100.000000,160.000000,8.423489
31,82,-95.000000,160.000000,8.378749
32,82,-90.000000,160.000000,8.334652
33,82,-85.000000,160.000000,8.290554
34,82,-80.000000,160.000000,8.246457
35,82,-75.000000,160.000000,8.202951
36,82,-70.000000,160.000000,8.159751
37,82,-65.000000,160.000000,8.116979
38,82,-60.000000,160.000000,8.074311
39,82,-55.000000,160.000000,8.031644
40,82,-50.000000,160.000000,7.988939
41,82,-45.000000,160.000000,7.945883
42,82,-40.000000,160.000000,7.902757
43,82,-35.000000,160.000000,7.859415
44,82,-30.000000,160.000000,7.816072
45,82,-25.000000,160.000000,7.772730
46,82,-20.000000,160.000000,7.729198
47,82,-15.000000,160.000000,7.685499
48,82,-10.000000,160.000000,7.641582
49,82,-5.000000,160.000000,7.597561
50,82,0.000000,160.000000,7.553540
51,82,5.000000,160.000000,7.509519
52,82,10.000000,160.000000,7.466460
53,82,15.000000,160.000000,7.423558
54,82,20.000000,160.000000,7.381632
55,82,25.000000,160.000000,7.339707
56,82,30.000000,160.000000,7.297781
57,82,35.000000,160.000000,7.256800
58,82,40.000000,160.000000,7.217215
59,82,45.000000,160.000000,7.179376
60,82,50.000000,160.000000,7.142974
61,82,55.000000,160.000000,7.106572
62,82,60.000000,160.000000,7.070169
63,82,65.000000,160.000000,7.035797
64,82,70.000000,160.000000,7.001812
65,82,75.000000,160.000000,6.971833
66,82,80.000000,160.000000,6.941915
67,82,85.000000,160.000000,6.911998
68,82,90.000000,160.000000,6.882440
69,82,95.000000,160.000000,6.853826
70,82,100.000000,160.000000,6.826367
71,82,105.000000,160.000000,6.800498
72,82,110.000000,160.000000,6.774630
73,82,115.000000,160.000000,6.748761
74,82,120.000000,160.000000,6.723029
75,82,125.000000,160.000000,6.697353
76,82,130.000000,160.000000,6.672120
77,82,135.000000,160.000000,6.646961
78,82,140.000000,160.000000,6.621802
79,82,145.000000,160.000000,6.596640
80,82,150.000000,160.000000,6.571458
81,82,155.000000,160.000000,6.546253
82,82,160.000000,160.000000,6.520990
83,82,165.000000,160.000000,6.495728
84,82,170.000000,160.000000,6.470465
85,82,175.000000,160.000000,6.445421
86,82,180.000000,160.000000,6.420533
87,82,185.000000,160.000000,6.396985
88,82,190.000000,160.000000,6.373935
89,82,195.000000,160.000000,6.350884
90,82,200.000000,160.000000,6.327845
91,82,205.000000,160.000000,6.305359
92,82,210.000000,160.000000,6.283563
93,82,215.000000,160.000000,6.265268
94,82,220.000000,160.000000,6.246972
95,82,225.000000,160.000000,6.228677
96,82,230.000000,160.000000,6.210519
97,82,235.000000,160.000000,6.192524
98,82,240.000000,160.000000,6.177015
99,82,245.000000,160.000000,6.163158
100,82,250.000000,160.000000,6.149300
0,83,-250.000000,165.000000,10.068320
1,83,-245.000000,165.000000,9.997780
2,83,-240.000000,165.000000,9.936277
3,83,-235.000000,165.000000,9.874903
4,83,-230.000000,165.000000,9.814087
5,83,-225.000000,165.000000,9.753271
6,83,-220.000000,165.000000,9.692455
7,83,-215.000000,165.000000,9.634315
8,83,-210.000000,165.000000,9.579081
9,83,-205.000000,165.000000,9.524316
10,83,-200.000000,165.000000,9.469834
11,83,-195.000000,165.000000,9.415351
12,83,-190.000000,165.000000,9.360868
13,83,-185.000000,165.000000,9.308569
14,83,-180.000000,165.000000,9.256501
15,83,-175.000000,165.000000,9.204890
16,83,-170.000000,165.000000,9.153279
17,83,-165.000000,165.000000,9.101668
18,83,-160.000000,165.000000,9.050648
19,83,-155.000000,165.000000,9.000718
20,83,-150.000000,165.000000,8.951024
21,83,-145.000000,165.000000,8.901569
22,83,-140.000000,165.000000,8.852114
23,83,-135.000000,165.000000,8.802659
24,83,-130.000000,165.000000,8.754920
25,83,-125.000000,165.000000,8.707645
26,83,-120.000000,165.000000,8.661126
27,83,-115.000000,165.000000,8.614661
28,83,-110.000000,165.000000,8.568197
29,83,-105.000000,165.000000,8.522160
30,83,-100.000000,165.000000,8.477609
31,83,-95.000000,165.000000,8.433394
32,83,-90.000000,165.000000,8.389752
33,83,-85.000000,165.000000,8.346111
34,83,-80.000000,165.000000,8.302469
35,83,-75.000000,165.000000,8.259184
36,83,-70.000000,165.000000,8.216082
37,83,-65.000000,165.000000,8.173239
38,83,-60.000000,165.000000,8.130458
39,83,-55.000000,165.000000,8.087677
40,83,-50.000000,165.000000,8.044835
41,83,-45.000000,165.000000,8.001408
42,83,-40.000000,165.000000,7.957866
43,83,-35.000000,165.000000,7.913962
44,83,-30.000000,165.000000,7.870059
45,83,-25.000000,165.000000,7.826156
46,83,-20.000000,165.000000,7.782034
47,83,-15.000000,165.000000,7.737720
48,83,-10.000000,165.000000,7.693154
49,83,-5.000000,165.000000,7.648468
50,83,0.000000,165.000000,7.603781
51,83,5.000000,165.000000,7.559095
52,83,10.000000,165.000000,7.515440
53,83,15.000000,165.000000,7.471952
54,83,20.000000,165.000000,7.429511
55,83,25.000000,165.000000,7.387071
56,83,30.000000,165.000000,7.344630
57,83,35.000000,165.000000,7.303159
58,83,40.000000,165.000000,7.263122
59,83,45.000000,165.000000,7.224879
60,83,50.000000,165.000000,7.188111
61,83,55.000000,165.000000,7.151343
62,83,60.000000,165.000000,7.114575
63,83,65.000000,165.000000,7.079836
64,83,70.000000,165.000000,7.045485
65,83,75.000000,165.000000,7.015137
66,83,80.000000,165.000000,6.984851
67,83,85.000000,165.000000,6.954565
68,83,90.000000,165.000000,6.924627
69,83,95.000000,165.000000,6.895609
70,83,100.000000,165.000000,6.867714
71,83,105.000000,165.000000,6.841364
72,83,110.000000,165.000000,6.815015
73,83,115.000000,165.000000,6.788666
74,83,120.000000,165.000000,6.762438
75,83,125.000000,165.000000,6.736258
76,83,130.000000,165.000000,6.710471
77,83,135.000000,165.000000,6.684749
78,83,140.000000,165.000000,6.659027
79,83,145.000000,165.000000,6.633302
80,83,150.000000,165.000000,6.607563
81,83,155.000000,165.000000,6.581806
82,83,160.000000,165.000000,6.556006
83,83,165.000000,165.000000,6.530206
84,83,170.000000,165.000000,6.504405
85,83,175.000000,165.000000,6.478834
86,83,180.000000,165.000000,6.453426
87,83,185.000000,165.000000,6.429420
88,83,190.000000,165.000000,6.405935
89,83,195.000000,165.000000,6.382451
90,83,200.000000,165.000000,6.358977
91,83,205.000000,165.000000,6.336068
92,83,210.000000,165.000000,6.313862
93,83,215.000000,165.000000,6.295226
94,83,220.000000,165.000000,6.276589
95,83,225.000000,165.000000,6.257952
96,83,230.000000,165.000000,6.239454
97,83,235.000000,165.000000,6.221119
98,83,240.000000,165.000000,6.205283
99,83,245.000000,165.000000,6.191108
100,83,250.000000,165.000000,6.176932
0,84,-250.000000,170.000000,10.104090
1,84,-245.000000,170.000000,10.033947
2,84,-240.000000,170.000000,9.972908
3,84,-235.000000,170.000000,9.912000
4,84,-230.000000,170.000000,9.851653
5,84,-225.000000,170.000000,9.791306
6,84,-220.000000,170.000000,9.730959
7,84,-215.000000,170.000000,9.673294
8,84,-210.000000,170.000000,9.618540
9,84,-205.000000,170.000000,9.564256
10,84,-200.000000,170.000000,9.510255
11,84,-195.000000,170.000000,9.456254
12,84,-190.000000,170.000000,9.402253
13,84,-185.000000,170.000000,9.350522
14,84,-180.000000,170.000000,9.299033
15,84,-175.000000,170.000000,9.248018
16,84,-170.000000,170.000000,9.197004
17,84,-165.000000,170.000000,9.145990
18,84,-160.000000,170.000000,9.095617
19,84,-155.000000,170.000000,9.046430
20,84,-150.000000,170.000000,8.997499
21,84,-145.000000,170.000000,8.948828
22,84,-140.000000,170.000000,8.900158
23,84,-135.000000,170.000000,8.851487
24,84,-130.000000,170.000000,8.804540
25,84,-125.000000,170.000000,8.758059
26,84,-120.000000,170.000000,8.712338
27,84,-115.000000,170.000000,8.666671
28,84,-110.000000,170.000000,8.621005
29,84,-105.000000,170.000000,8.575714
30,84,-100.000000,170.000000,8.531729
31,84,-95.000000,170.000000,8.488039
32,84,-90.000000,170.000000,8.444853
33,84,-85.000000,170.000000,8.401667
34,84,-80.000000,170.000000,8.358481
35,84,-75.000000,170.000000,8.315416
36,84,-70.000000,170.000000,8.272413
37,84,-65.000000,170.000000,8.229498
38,84,-60.000000,170.000000,8.186605
39,84,-55.000000,170.000000,8.143711
40,84,-50.000000,170.000000,8.100731
41,84,-45.000000,170.000000,8.056933
42,84,-40.000000,170.000000,8.012974
43,84,-35.000000,170.000000,7.968510
44,84,-30.000000,170.000000,7.924046
45,84,-25.000000,170.000000,7.879582
46,84,-20.000000,170.000000,7.834871
47,84,-15.000000,170.000000,7.789941
48,84,-10.000000,170.000000,7.744725
49,84,-5.000000,170.000000,7.699374
50,84,0.000000,170.000000,7.654023
51,84,5.000000,170.000000,7.608671
52,84,10.000000,170.000000,7.564420
53,84,15.000000,170.000000,7.520347
54,84,20.000000,170.000000,7.477391
55,84,25.000000,170.000000,7.434434
56,84,30.000000,170.000000,7.391478
57,84,35.000000,170.000000,7.349517
58,84,40.000000,170.000000,7.309028
59,84,45.000000,170.000000,7.270381
60,84,50.000000,170.000000,7.233248
61,84,55.000000,170.000000,7.196115
62,84,60.000000,170.000000,7.158981
63,84,65.000000,170.000000,7.123876
64,84,70.000000,170.000000,7.089158
65,84,75.000000,170.000000,7.058441
66,84,80.000000,170.000000,7.027786
67,84,85.000000,170.000000,6.997131
68,84,90.000000,170.000000,6.966815
69,84,95.000000,170.000000,6.937392
70,84,100.000000,170.000000,6.909060
71,84,105.000000,170.000000,6.882230
72,84,110.000000,170.000000,6.855401
73,84,115.000000,170.000000,6.828571
74,84,120.000000,170.000000,6.801846
75,84,125.000000,170.000000,6.775164
76,84,130.000000,170.000000,6.748822
77,84,135.000000,170.000000,6.722537
78,84,140.000000,170.000000,6.696252
79,84,145.000000,170.000000,6.669965
80,84,150.000000,170.000000,6.643668
81,84,155.000000,170.000000,6.617359
82,84,160.000000,170.000000,6.591021
83,84,165.000000,170.000000,6.564684
84,84,170.000000,170.000000,6.538346
85,84,175.000000,170.000000,6.512247
86,84,180.000000,170.000000,6.486319
87,84,185.000000,170.000000,6.461855
88,84,190.000000,170.000000,6.437936
89,84,195.000000,170.000000,6.414017
90,84,200.000000,170.000000,6.390109
91,84,205.000000,170.000000,6.366777
92,84,210.000000,170.000000,6.344161
93,84,215.000000,170.000000,6.325183
94,84,220.000000,170.000000,6.306206
95,84,225.000000,170.000000,6.287228
96,84,230.000000,170.000000,6.268389
97,84,235.000000,170.000000,6.249715
98,84,240.000000,170.000000,6.233552
99,84,245.000000,170.000000,6.219058
100,84,250.000000,170.000000,6.204564
0,85,-250.000000,175.000000,10.139608
1,85,-245.000000,175.000000,10.069867
2,85,-240.000000,175.000000,10.009294
3,85,-235.000000,175.000000,9.948852
4,85,-230.000000,175.000000,9.888976
5,85,-225.000000,175.000000,9.829099
6,85,-220.000000,175.000000,9.769223
7,85,-215.000000,175.000000,9.712032
8,85,-210.000000,175.000000,9.657758
9,85,-205.000000,175.000000,9.603955
10,85,-200.000000,175.000000,9.550434
11,85,-195.000000,175.000000,9.496914
12,85,-190.000000,175.000000,9.443394
13,85,-185.000000,175.000000,9.392230
14,85,-180.000000,175.000000,9.341315
15,85,-175.000000,175.000000,9.290893
16,85,-170.000000,175.000000,9.240472
17,85,-165.000000,175.000000,9.190051
18,85,-160.000000,175.000000,9.140322
19,85,-155.000000,175.000000,9.091871
20,85,-150.000000,175.000000,9.043698
21,85,-145.000000,175.000000,8.995804
22,85,-140.000000,175.000000,8.947911
23,85,-135.000000,175.000000,8.900017
24,85,-130.000000,175.000000,8.853856
25,85,-125.000000,175.000000,8.808162
26,85,-120.000000,175.000000,8.763231
27,85,-115.000000,175.000000,8.718356
28,85,-110.000000,175.000000,8.673480
29,85,-105.000000,175.000000,8.628929
30,85,-100.000000,175.000000,8.585505
31,85,-95.000000,175.000000,8.542336
32,85,-90.000000,175.000000,8.499603
33,85,-85.000000,175.000000,8.456869
34,85,-80.000000,175.000000,8.414136
35,85,-75.000000,175.000000,8.371291
36,85,-70.000000,175.000000,8.328389
37,85,-65.000000,175.000000,8.285406
38,85,-60.000000,175.000000,8.242403
39,85,-55.000000,175.000000,8.199401
40,85,-50.000000,175.000000,8.156288
41,85,-45.000000,175.000000,8.112126
42,85,-40.000000,175.000000,8.067759
43,85,-35.000000,175.000000,8.022744
44,85,-30.000000,175.000000,7.977729
45,85,-25.000000,175.000000,7.932715
46,85,-20.000000,175.000000,7.887423
47,85,-15.000000,175.000000,7.841888
48,85,-10.000000,175.000000,7.796035
49,85,-5.000000,175.000000,7.750029
50,85,0.000000,175.000000,7.704024
51,85,5.000000,175.000000,7.658019
52,85,10.000000,175.000000,7.613180
53,85,15.000000,175.000000,7.568532
54,85,20.000000,175.000000,7.525069
55,85,25.000000,175.000000,7.481606
56,85,30.000000,175.000000,7.438142
57,85,35.000000,175.000000,7.395700
58,85,40.000000,175.000000,7.354766
59,85,45.000000,175.000000,7.315721
60,85,50.000000,175.000000,7.278228
61,85,55.000000,175.000000,7.240735
62,85,60.000000,175.000000,7.203243
63,85,65.000000,175.000000,7.167776
64,85,70.000000,175.000000,7.132697
65,85,75.000000,175.000000,7.101616
66,85,80.000000,175.000000,7.070597
67,85,85.000000,175.000000,7.039578
68,85,90.000000,175.000000,7.008888
69,85,95.000000,175.000000,6.979066
70,85,100.000000,175.000000,6.950302
71,85,105.000000,175.000000,6.922997
72,85,110.000000,175.000000,6.895692
73,85,115.000000,175.000000,6.868387
74,85,120.000000,175.000000,6.841171
75,85,125.000000,175.000000,6.813992
76,85,130.000000,175.000000,6.787101
77,85,135.000000,175.000000,6.760258
78,85,140.000000,175.000000,6.733416
79,85,145.000000,175.000000,6.706573
80,85,150.000000,175.000000,6.679724
81,85,155.000000,175.000000,6.652869
82,85,160.000000,175.000000,6.625999
83,85,165.000000,175.000000,6.599128
84,85,170.000000,175.000000,6.572258
85,85,175.000000,175.000000,6.545637
86,85,180.000000,175.000000,6.519194
87,85,185.000000,175.000000,6.494276
88,85,190.000000,175.000000,6.469926
89,85,195.000000,175.000000,6.445576
90,85,200.000000,175.000000,6.421238
91,85,205.000000,175.000000,6.397485
92,85,210.000000,175.000000,6.374462
93,85,215.000000,175.000000,6.355145
94,85,220.000000,175.000000,6.335827
95,85,225.000000,175.000000,6.316510
96,85,230.000000,175.000000,6.297332
97,85,235.000000,175.000000,6.278320
98,85,240.000000,175.000000,6.261831
99,85,245.000000,175.000000,6.247019
100,85,250.000000,175.000000,6.232208
0,86,-250.000000,180.000000,10.173806
1,86,-245.000000,180.000000,10.104492
2,86,-240.000000,180.000000,10.044393
3,86,-235.000000,180.000000,9.984427
4,86,-230.000000,180.000000,9.925028
5,86,-225.000000,180.000000,9.865630
6,86,-220.000000,180.000000,9.806232
7,86,-215.000000,180.000000,9.749518
8,86,-210.000000,180.000000,9.695720
9,86,-205.000000,180.000000,9.642394
10,86,-200.000000,180.000000,9.589350
11,86,-195.000000,180.000000,9.536306
12,86,-190.000000,180.000000,9.483262
13,86,-185.000000,180.000000,9.432648
14,86,-180.000000,180.000000,9.382292
15,86,-175.000000,180.000000,9.332444
16,86,-170.000000,180.000000,9.282597
17,86,-165.000000,180.000000,9.232750
18,86,-160.000000,180.000000,9.183641
19,86,-155.000000,180.000000,9.135896
20,86,-150.000000,180.000000,9.088446
21,86,-145.000000,180.000000,9.041296
22,86,-140.000000,180.000000,8.994145
23,86,-135.000000,180.000000,8.946994
24,86,-130.000000,180.000000,8.901581
25,86,-125.000000,180.000000,8.856637
26,86,-120.000000,180.000000,8.812460
27,86,-115.000000,180.000000,8.768337
28,86,-110.000000,180.000000,8.724215
29,86,-105.000000,180.000000,8.680369
30,86,-100.000000,180.000000,8.637484
31,86,-95.000000,180.000000,8.594816
32,86,-90.000000,180.000000,8.552519
33,86,-85.000000,180.000000,8.510222
34,86,-80.000000,180.000000,8.467925
35,86,-75.000000,180.000000,8.425300
36,86,-70.000000,180.000000,8.382507
37,86,-65.000000,180.000000,8.339475
38,86,-60.000000,180.000000,8.296385
39,86,-55.000000,180.000000,8.253296
40,86,-50.000000,180.000000,8.210073
41,86,-45.000000,180.000000,8.165587
42,86,-40.000000,180.000000,8.120853
43,86,-35.000000,180.000000,8.075339
44,86,-30.000000,180.000000,8.029825
45,86,-25.000000,180.000000,7.984312
46,86,-20.000000,180.000000,7.938494
47,86,-15.000000,180.000000,7.892409
48,86,-10.000000,180.000000,7.845974
49,86,-5.000000,180.000000,7.799372
50,86,0.000000,180.000000,7.752770
51,86,5.000000,180.000000,7.706168
52,86,10.000000,180.000000,7.660794
53,86,15.000000,180.000000,7.615621
54,86,20.000000,180.000000,7.571696
55,86,25.000000,180.000000,7.527770
56,86,30.000000,180.000000,7.483845
57,86,35.000000,180.000000,7.440963
58,86,40.000000,180.000000,7.399623
59,86,45.000000,180.000000,7.360214
60,86,50.000000,180.000000,7.322392
61,86,55.000000,180.000000,7.284569
62,86,60.000000,180.000000,7.246747
63,86,65.000000,180.000000,7.210948
64,86,70.000000,180.000000,7.175536
65,86,75.000000,180.000000,7.144116
66,86,80.000000,180.000000,7.112758
67,86,85.000000,180.000000,7.081400
68,86,90.000000,180.000000,7.050361
69,86,95.000000,180.000000,7.020165
70,86,100.000000,180.000000,6.990996
71,86,105.000000,180.000000,6.963244
72,86,110.000000,180.000000,6.935492
73,86,115.000000,180.000000,6.907739
74,86,120.000000,180.000000,6.880061
75,86,125.000000,180.000000,6.852412
76,86,130.000000,180.000000,6.825003
77,86,135.000000,180.000000,6.797634
78,86,140.000000,180.000000,6.770264
79,86,145.000000,180.000000,6.742895
80,86,150.000000,180.000000,6.715524
81,86,155.000000,180.000000,6.688152
82,86,160.000000,180.000000,6.660776
83,86,165.000000,180.000000,6.633400
84,86,170.000000,180.000000,6.606025
85,86,175.000000,180.000000,6.578907
86,86,180.000000,180.000000,6.551974
87,86,185.000000,180.000000,6.526623
88,86,190.000000,180.000000,6.501859
89,86,195.000000,180.000000,6.477096
90,86,200.000000,180.000000,6.452345
91,86,205.000000,180.000000,6.428188
92,86,210.000000,180.000000,6.404775
93,86,215.000000,180.000000,6.385126
94,86,220.000000,180.000000,6.365477
95,86,225.000000,180.000000,6.345828
96,86,230.000000,180.000000,6.326318
97,86,235.000000,180.000000,6.306976
98,86,240.000000,180.000000,6.290165
99,86,245.000000,180.000000,6.275037
100,86,250.000000,180.000000,6.259910
0,87,-250.000000,185.000000,10.203367
1,87,-245.000000,185.000000,10.134572
2,87,-240.000000,185.000000,10.074978
3,87,-235.000000,185.000000,10.015516
4,87,-230.000000,185.000000,9.956622
5,87,-225.000000,185.000000,9.897727
6,87,-220.000000,185.000000,9.838833
7,87,-215.000000,185.000000,9.782605
8,87,-210.000000,185.000000,9.729273
9,87,-205.000000,185.000000,9.676409
10,87,-200.000000,185.000000,9.623825
11,87,-195.000000,185.000000,9.571241
12,87,-190.000000,185.000000,9.518658
13,87,-185.000000,185.000000,9.468541
14,87,-180.000000,185.000000,9.418685
15,87,-175.000000,185.000000,9.369346
16,87,-170.000000,185.000000,9.320006
17,87,-165.000000,185.000000,9.270667
18,87,-160.000000,185.000000,9.222097
19,87,-155.000000,185.000000,9.174948
20,87,-150.000000,185.000000,9.128106
21,87,-145.000000,185.000000,9.081575
22,87,-140.000000,185.000000,9.035044
23,87,-135.000000,185.000000,8.988514
24,87,-130.000000,185.000000,8.943721
25,87,-125.000000,185.000000,8.899398
26,87,-120.000000,185.000000,8.855841
27,87,-115.000000,185.000000,8.812339
28,87,-110.000000,185.000000,8.768838
29,87,-105.000000,185.000000,8.725576
30,87,-100.000000,185.000000,8.683149
31,87,-95.000000,185.000000,8.640911
32,87,-90.000000,185.000000,8.598995
33,87,-85.000000,185.000000,8.557079
34,87,-80.000000,185.000000,8.515163
35,87,-75.000000,185.000000,8.472758
36,87,-70.000000,185.000000,8.430100
37,87,-65.000000,185.000000,8.387086
38,87,-60.000000,185.000000,8.343987
39,87,-55.000000,185.000000,8.300887
40,87,-50.000000,185.000000,8.257637
41,87,-45.000000,185.000000,8.212963
42,87,-40.000000,185.000000,8.168011
43,87,-35.000000,185.000000,8.122179
44,87,-30.000000,185.000000,8.076348
45,87,-25.000000,185.000000,8.030516
46,87,-20.000000,185.000000,7.984360
47,87,-15.000000,185.000000,7.937916
48,87,-10.000000,185.000000,7.891098
49,87,-5.000000,185.000000,7.844102
50,87,0.000000,185.000000,7.797106
51,87,5.000000,185.000000,7.750109
52,87,10.000000,185.000000,7.704383
53,87,15.000000,185.000000,7.658863
54,87,20.000000,185.000000,7.614632
55,87,25.000000,185.000000,7.570401
56,87,30.000000,185.000000,7.526171
57,87,35.000000,185.000000,7.482997
58,87,40.000000,185.000000,7.441387
59,87,45.000000,185.000000,7.401732
60,87,50.000000,185.000000,7.363686
61,87,55.000000,185.000000,7.325640
62,87,60.000000,185.000000,7.287593
63,87,65.000000,185.000000,7.251562
64,87,70.000000,185.000000,7.215915
65,87,75.000000,185.000000,7.184244
66,87,80.000000,185.000000,7.152635
67,87,85.000000,185.000000,7.121025
68,87,90.000000,185.000000,7.089727
69,87,95.000000,185.000000,7.059247
70,87,100.000000,185.000000,7.029768
71,87,105.000000,185.000000,7.001666
72,87,110.000000,185.000000,6.973564
73,87,115.000000,185.000000,6.945463
74,87,120.000000,185.000000,6.917421
75,87,125.000000,185.000000,6.889404
76,87,130.000000,185.000000,6.861582
77,87,135.000000,185.000000,6.833793
78,87,140.000000,185.000000,6.806004
79,87,145.000000,185.000000,6.778215
80,87,150.000000,185.000000,6.750426
81,87,155.000000,185.000000,6.722638
82,87,160.000000,185.000000,6.694852
83,87,165.000000,185.000000,6.667065
84,87,170.000000,185.000000,6.639279
85,87,175.000000,185.000000,6.611756
86,87,180.000000,185.000000,6.584423
87,87,185.000000,185.000000,6.558707
88,87,190.000000,185.000000,6.533594
89,87,195.000000,185.000000,6.508480
90,87,200.000000,185.000000,6.483379
91,87,205.000000,185.000000,6.458878
92,87,210.000000,185.000000,6.435126
93,87,215.000000,185.000000,6.415173
94,87,220.000000,185.000000,6.395221
95,87,225.000000,185.000000,6.375269
96,87,230.000000,185.000000,6.355456
97,87,235.000000,185.000000,6.335810
98,87,240.000000,185.000000,6.318692
99,87,245.000000,185.000000,6.303254
100,87,250.000000,185.000000,6.287817
0,88,-250.000000,190.000000,10.227539
1,88,-245.000000,190.000000,10.159365
2,88,-240.000000,190.000000,10.100312
3,88,-235.000000,190.000000,10.041390
4,88,-230.000000,190.000000,9.983030
5,88,-225.000000,190.000000,9.924670
6,88,-220.000000,190.000000,9.866310
7,88,-215.000000,190.000000,9.810578
8,88,-210.000000,190.000000,9.757698
9,88,-205.000000,190.000000,9.705280
10,88,-200.000000,190.000000,9.653138
11,88,-195.000000,190.000000,9.600997
12,88,-190.000000,190.000000,9.548855
13,88,-185.000000,190.000000,9.499172
14,88,-180.000000,190.000000,9.449749
15,88,-175.000000,190.000000,9.400840
16,88,-170.000000,190.000000,9.351932
17,88,-165.000000,190.000000,9.303024
18,88,-160.000000,190.000000,9.254898
19,88,-155.000000,190.000000,9.208216
20,88,-150.000000,190.000000,9.161847
21,88,-145.000000,190.000000,9.115794
22,88,-140.000000,190.000000,9.069741
23,88,-135.000000,190.000000,9.023689
24,88,-130.000000,190.000000,8.979368
25,88,-125.000000,190.000000,8.935514
26,88,-120.000000,190.000000,8.892424
27,88,-115.000000,190.000000,8.849389
28,88,-110.000000,190.000000,8.806354
29,88,-105.000000,190.000000,8.763537
30,88,-100.000000,190.000000,8.721475
31,88,-95.000000,190.000000,8.679583
32,88,-90.000000,190.000000,8.637984
33,88,-85.000000,190.000000,8.596384
34,88,-80.000000,190.000000,8.554784
35,88,-75.000000,190.000000,8.512597
36,88,-70.000000,190.000000,8.470106
37,88,-65.000000,190.000000,8.427189
38,88,-60.000000,190.000000,8.384169
39,88,-55.000000,190.000000,8.341149
40,88,-50.000000,190.000000,8.297968
41,88,-45.000000,190.000000,8.253266
42,88,-40.000000,190.000000,8.208266
43,88,-35.000000,190.000000,8.162328
44,88,-30.000000,190.000000,8.116390
45,88,-25.000000,190.000000,8.070451
46,88,-20.000000,190.000000,8.024173
47,88,-15.000000,190.000000,7.977595
48,88,-10.000000,190.000000,7.930626
49,88,-5.000000,190.000000,7.883471
50,88,0.000000,190.000000,7.836315
51,88,5.000000,190.000000,7.789159
52,88,10.000000,190.000000,7.743290
53,88,15.000000,190.000000,7.697630
54,88,20.000000,190.000000,7.653277
55,88,25.000000,190.000000,7.608924
56,88,30.000000,190.000000,7.564570
57,88,35.000000,190.000000,7.521278
58,88,40.000000,190.000000,7.479554
59,88,45.000000,190.000000,7.439792
60,88,50.000000,190.000000,7.401645
61,88,55.000000,190.000000,7.363497
62,88,60.000000,190.000000,7.325349
63,88,65.000000,190.000000,7.289201
64,88,70.000000,190.000000,7.253436
65,88,75.000000,190.000000,7.221616
66,88,80.000000,190.000000,7.189857
67,88,85.000000,190.000000,7.158098
68,88,90.000000,190.000000,7.126642
69,88,95.000000,190.000000,7.095985
70,88,100.000000,190.000000,7.066304
71,88,105.000000,190.000000,7.037967
72,88,110.000000,190.000000,7.009629
73,88,115.000000,190.000000,6.981292
74,88,120.000000,190.000000,6.953004
75,88,125.000000,190.000000,6.924735
76,88,130.000000,190.000000,6.896624
77,88,135.000000,190.000000,6.868539
78,88,140.000000,190.000000,6.840454
79,88,145.000000,190.000000,6.812370
80,88,150.000000,190.000000,6.784284
81,88,155.000000,190.000000,6.756198
82,88,160.000000,190.000000,6.728111
83,88,165.000000,190.000000,6.700024
84,88,170.000000,190.000000,6.671936
85,88,175.000000,190.000000,6.644116
86,88,180.000000,190.000000,6.616485
87,88,185.000000,190.000000,6.590487
88,88,190.000000,190.000000,6.565097
89,88,195.000000,190.000000,6.539706
90,88,200.000000,190.000000,6.514327
91,88,205.000000,190.000000,6.489550
92,88,210.000000,190.000000,6.465522
93,88,215.000000,190.000000,6.445300
94,88,220.000000,190.000000,6.425077
95,88,225.000000,190.000000,6.404854
96,88,230.000000,190.000000,6.384770
97,88,235.000000,190.000000,6.364851
98,88,240.000000,190.000000,6.347443
99,88,245.000000,190.000000,6.331703
100,88,250.000000,190.000000,6.315963
0,89,-250.000000,195.000000,10.251710
1,89,-245.000000,195.000000,10.184159
2,89,-240.000000,195.000000,10.125647
3,89,-235.000000,195.000000,10.067264
4,89,-230.000000,195.000000,10.009438
5,89,-225.000000,195.000000,9.951613
6,89,-220.000000,195.000000,9.893787
7,89,-215.000000,195.000000,9.838550
8,89,-210.000000,195.000000,9.786124
9,89,-205.000000,195.000000,9.734151
10,89,-200.000000,195.000000,9.682452
11,89,-195.000000,195.000000,9.630752
12,89,-190.000000,195.000000,9.579052
13,89,-185.000000,195.000000,9.529803
14,89,-180.000000,195.000000,9.480812
15,89,-175.000000,195.000000,9.432335
16,89,-170.000000,195.000000,9.383858
17,89,-165.000000,195.000000,9.335380
18,89,-160.000000,195.000000,9.287698
19,89,-155.000000,195.000000,9.241484
20,89,-150.000000,195.000000,9.195588
21,89,-145.000000,195.000000,9.150013
22,89,-140.000000,195.000000,9.104438
23,89,-135.000000,195.000000,9.058864
24,89,-130.000000,195.000000,9.015014
25,89,-125.000000,195.000000,8.971631
26,89,-120.000000,195.000000,8.929008
27,89,-115.000000,195.000000,8.886440
28,89,-110.000000,195.000000,8.843871
29,89,-105.000000,195.000000,8.801498
30,89,-100.000000,195.000000,8.759800
31,89,-95.000000,195.000000,8.718256
32,89,-90.000000,195.000000,8.676972
33,89,-85.000000,195.000000,8.635689
34,89,-80.000000,195.000000,8.594405
35,89,-75.000000,195.000000,8.552436
36,89,-70.000000,195.000000,8.510113
37,89,-65.000000,195.000000,8.467293
38,89,-60.000000,195.000000,8.424351
39,89,-55.000000,195.000000,8.381410
40,89,-50.000000,195.000000,8.338298
41,89,-45.000000,195.000000,8.293568
42,89,-40.000000,195.000000,8.248522
43,89,-35.000000,195.000000,8.202477
44,89,-30.000000,195.000000,8.156432
45,89,-25.000000,195.000000,8.110387
46,89,-20.000000,195.000000,8.063987
47,89,-15.000000,195.000000,8.017274
48,89,-10.000000,195.000000,7.970154
49,89,-5.000000,195.000000,7.922839
50,89,0.000000,195.000000,7.875524
51,89,5.000000,195.000000,7.828209
52,89,10.000000,195.000000,7.782197
53,89,15.000000,195.000000,7.736398
54,89,20.000000,195.000000,7.691922
55,89,25.000000,195.000000,7.647446
56,89,30.000000,195.000000,7.602970
57,89,35.000000,195.000000,7.559558
58,89,40.000000,195.000000,7.517720
59,89,45.000000,195.000000,7.477852
60,89,50.000000,195.000000,7.439603
61,89,55.000000,195.000000,7.401354
62,89,60.000000,195.000000,7.363105
63,89,65.000000,195.000000,7.326841
64,89,70.000000,195.000000,7.290956
65,89,75.000000,195.000000,7.258987
66,89,80.000000,195.000000,7.227078
67,89,85.000000,195.000000,7.195170
68,89,90.000000,195.000000,7.163557
69,89,95.000000,195.000000,7.132723
70,89,100.000000,195.000000,7.102840
71,89,105.000000,195.000000,7.074267
72,89,110.000000,195.000000,7.045694
73,89,115.000000,195.000000,7.017121
74,89,120.000000,195.000000,6.988586
75,89,125.000000,195.000000,6.960065
76,89,130.000000,195.000000,6.931665
77,89,135.000000,195.000000,6.903285
78,89,140.000000,195.000000,6.874905
79,89,145.000000,195.000000,6.846524
80,89,150.000000,195.000000,6.818142
81,89,155.000000,195.000000,6.789759
82,89,160.000000,195.000000,6.761370
83,89,165.000000,195.000000,6.732982
84,89,170.000000,195.000000,6.704594
85,89,175.000000,195.000000,6.676475
86,89,180.000000,195.000000,6.648548
87,89,185.000000,195.000000,6.622267
88,89,190.000000,195.000000,6.596599
89,89,195.000000,195.000000,6.570932
90,89,200.000000,195.000000,6.545276
91,89,205.000000,195.000000,6.520222
92,89,210.000000,195.000000,6.495919
93,89,215.000000,195.000000,6.475426
94,89,220.000000,195.000000,6.454933
95,89,225.000000,195.000000,6.434440
96,89,230.000000,195.000000,6.414084
97,89,235.000000,195.000000,6.393893
98,89,240.000000,195.000000,6.376194
99,89,245.000000,195.000000,6.360152
100,89,250.000000,195.000000,6.344110
0,90,-250.000000,200.000000,10.275833
1,90,-245.000000,200.000000,10.208906
2,90,-240.000000,200.000000,10.150935
3,90,-235.000000,200.000000,10.093092
4,90,-230.000000,200.000000,10.035802
5,90,-225.000000,200.000000,9.978511
6,90,-220.000000,200.000000,9.921221
7,90,-215.000000,200.000000,9.866479
8,90,-210.000000,200.000000,9.814506
9,90,-205.000000,200.000000,9.762979
10,90,-200.000000,200.000000,9.711721
11,90,-195.000000,200.000000,9.660463
12,90,-190.000000,200.000000,9.609205
13,90,-185.000000,200.000000,9.560388
14,90,-180.000000,200.000000,9.511830
15,90,-175.000000,200.000000,9.463782
16,90,-170.000000,200.000000,9.415735
17,90,-165.000000,200.000000,9.367688
18,90,-160.000000,200.000000,9.320449
19,90,-155.000000,200.000000,9.274701
20,90,-150.000000,200.000000,9.229275
21,90,-145.000000,200.000000,9.184177
22,90,-140.000000,200.000000,9.139079
23,90,-135.000000,200.000000,9.093981
24,90,-130.000000,200.000000,9.050601
25,90,-125.000000,200.000000,9.007686
26,90,-120.000000,200.000000,8.965528
27,90,-115.000000,200.000000,8.923425
28,90,-110.000000,200.000000,8.881322
29,90,-105.000000,200.000000,8.839391
30,90,-100.000000,200.000000,8.798058
31,90,-95.000000,200.000000,8.756859
32,90,-90.000000,200.000000,8.715892
33,90,-85.000000,200.000000,8.674924
34,90,-80.000000,200.000000,8.633956
35,90,-75.000000,200.000000,8.592205
36,90,-70.000000,200.000000,8.550050
37,90,-65.000000,200.000000,8.507327
38,90,-60.000000,200.000000,8.464466
39,90,-55.000000,200.000000,8.421605
40,90,-50.000000,200.000000,8.378563
41,90,-45.000000,200.000000,8.333807
42,90,-40.000000,200.000000,8.288715
43,90,-35.000000,200.000000,8.242566
44,90,-30.000000,200.000000,8.196417
45,90,-25.000000,200.000000,8.150267
46,90,-20.000000,200.000000,8.103749
47,90,-15.000000,200.000000,8.056905
48,90,-10.000000,200.000000,8.009636
49,90,-5.000000,200.000000,7.962165
50,90,0.000000,200.000000,7.914693
51,90,5.000000,200.000000,7.867222
52,90,10.000000,200.000000,7.821071
53,90,15.000000,200.000000,7.775134
54,90,20.000000,200.000000,7.730538
55,90,25.000000,200.000000,7.685942
56,90,30.000000,200.000000,7.641346
57,90,35.000000,200.000000,7.597818
58,90,40.000000,200.000000,7.555869
59,90,45.000000,200.000000,7.515896
60,90,50.000000,200.000000,7.477548
61,90,55.000000,200.000000,7.439199
62,90,60.000000,200.000000,7.400851
63,90,65.000000,200.000000,7.364472
64,90,70.000000,200.000000,7.328469
65,90,75.000000,200.000000,7.296352
66,90,80.000000,200.000000,7.264296
67,90,85.000000,200.000000,7.232239
68,90,90.000000,200.000000,7.200470
69,90,95.000000,200.000000,7.169460
70,90,100.000000,200.000000,7.139376
71,90,105.000000,200.000000,7.110569
72,90,110.000000,200.000000,7.081762
73,90,115.000000,200.000000,7.052954
74,90,120.000000,200.000000,7.024173
75,90,125.000000,200.000000,6.995401
76,90,130.000000,200.000000,6.966713
77,90,135.000000,200.000000,6.938039
78,90,140.000000,200.000000,6.909365
79,90,145.000000,200.000000,6.880690
80,90,150.000000,200.000000,6.852013
81,90,155.000000,200.000000,6.823333
82,90,160.000000,200.000000,6.794646
83,90,165.000000,200.000000,6.765958
84,90,170.000000,200.000000,6.737271
85,90,175.000000,200.000000,6.708855
86,90,180.000000,200.000000,6.680632
87,90,185.000000,200.000000,6.654070
88,90,190.000000,200.000000,6.628127
89,90,195.000000,200.000000,6.602183
90,90,200.000000,200.000000,6.576251
91,90,205.000000,200.000000,6.550921
92,90,210.000000,200.000000,6.526344
93,90,215.000000,200.000000,6.505581
94,90,220.000000,200.000000,6.484818
95,90,225.000000,200.000000,6.464055
96,90,230.000000,200.000000,6.443428
97,90,235.000000,200.000000,6.422964
98,90,240.000000,200.000000,6.404975
99,90,245.000000,200.000000,6.388630
100,90,250.000000,200.000000,6.372285
0,91,-250.000000,205.000000,10.299263
1,91,-245.000000,205.000000,10.232990
2,91,-240.000000,205.000000,10.175571
3,91,-235.000000,205.000000,10.118279
4,91,-230.000000,205.000000,10.061532
5,91,-225.000000,205.000000,10.004786
6,91,-220.000000,205.000000,9.948040
7,91,-215.000000,205.000000,9.893798
8,91,-210.000000,205.000000,9.842274
9,91,-205.000000,205.000000,9.791189
10,91,-200.000000,205.000000,9.740368
11,91,-195.000000,205.000000,9.689548
12,91,-190.000000,205.000000,9.638727
13,91,-185.000000,205.000000,9.590331
14,91,-180.000000,205.000000,9.542191
15,91,-175.000000,205.000000,9.494559
16,91,-170.000000,205.000000,9.446927
17,91,-165.000000,205.000000,9.399295
18,91,-160.000000,205.000000,9.352482
19,91,-155.000000,205.000000,9.307180
20,91,-150.000000,205.000000,9.262205
21,91,-145.000000,205.000000,9.217561
22,91,-140.000000,205.000000,9.172918
23,91,-135.000000,205.000000,9.128274
24,91,-130.000000,205.000000,9.085343
25,91,-125.000000,205.000000,9.042874
26,91,-120.000000,205.000000,9.001160
27,91,-115.000000,205.000000,8.959501
28,91,-110.000000,205.000000,8.917842
29,91,-105.000000,205.000000,8.876334
30,91,-100.000000,205.000000,8.835352
31,91,-95.000000,205.000000,8.794489
32,91,-90.000000,205.000000,8.753828
33,91,-85.000000,205.000000,8.713168
34,91,-80.000000,205.000000,8.672508
35,91,-75.000000,205.000000,8.630977
36,91,-70.000000,205.000000,8.588996
37,91,-65.000000,205.000000,8.546383
38,91,-60.000000,205.000000,8.503617
39,91,-55.000000,205.000000,8.460851
40,91,-50.000000,205.000000,8.417895
41,91,-45.000000,205.000000,8.373139
42,91,-40.000000,205.000000,8.328031
43,91,-35.000000,205.000000,8.281813
44,91,-30.000000,205.000000,8.235595
45,91,-25.000000,205.000000,8.189376
46,91,-20.000000,205.000000,8.142777
47,91,-15.000000,205.000000,8.095841
48,91,-10.000000,205.000000,8.048466
49,91,-5.000000,205.000000,8.000882
50,91,0.000000,205.000000,7.953298
51,91,5.000000,205.000000,7.905714
52,91,10.000000,205.000000,7.859464
53,91,15.000000,205.000000,7.813431
54,91,20.000000,205.000000,7.768754
55,91,25.000000,205.000000,7.724076
56,91,30.000000,205.000000,7.679398
57,91,35.000000,205.000000,7.635789
58,91,40.000000,205.000000,7.593763
59,91,45.000000,205.000000,7.553714
60,91,50.000000,205.000000,7.515293
61,91,55.000000,205.000000,7.476871
62,91,60.000000,205.000000,7.438450
63,91,65.000000,205.000000,7.401979
64,91,70.000000,205.000000,7.365882
65,91,75.000000,205.000000,7.333635
66,91,80.000000,205.000000,7.301447
67,91,85.000000,205.000000,7.269259
68,91,90.000000,205.000000,7.237352
69,91,95.000000,205.000000,7.206182
70,91,100.000000,205.000000,7.175914
71,91,105.000000,205.000000,7.146888
72,91,110.000000,205.000000,7.117862
73,91,115.000000,205.000000,7.088836
74,91,120.000000,205.000000,7.059825
75,91,125.000000,205.000000,7.030820
76,91,130.000000,205.000000,7.001863
77,91,135.000000,205.000000,6.972915
78,91,140.000000,205.000000,6.943966
79,91,145.000000,205.000000,6.915017
80,91,150.000000,205.000000,6.886065
81,91,155.000000,205.000000,6.857110
82,91,160.000000,205.000000,6.828145
83,91,165.000000,205.000000,6.799181
84,91,170.000000,205.000000,6.770216
85,91,175.000000,205.000000,6.741524
86,91,180.000000,205.000000,6.713028
87,91,185.000000,205.000000,6.686202
88,91,190.000000,205.000000,6.659998
89,91,195.000000,205.000000,6.633795
90,91,200.000000,205.000000,6.607603
91,91,205.000000,205.000000,6.582014
92,91,210.000000,205.000000,6.557175
93,91,215.000000,205.000000,6.536146
94,91,220.000000,205.000000,6.515117
95,91,225.000000,205.000000,6.494088
96,91,230.000000,205.000000,6.473194
97,91,235.000000,205.000000,6.452461
98,91,240.000000,205.000000,6.434179
99,91,245.000000,205.000000,6.417525
100,91,250.000000,205.000000,6.400872
0,92,-250.000000,210.000000,10.319753
1,92,-245.000000,210.000000,10.254254
2,92,-240.000000,210.000000,10.197432
3,92,-235.000000,210.000000,10.140735
4,92,-230.000000,210.000000,10.084572
5,92,-225.000000,210.000000,10.028410
6,92,-220.000000,210.000000,9.972247
7,92,-215.000000,210.000000,9.918519
8,92,-210.000000,210.000000,9.867433
9,92,-205.000000,210.000000,9.816774
10,92,-200.000000,210.000000,9.766372
11,92,-195.000000,210.000000,9.715969
12,92,-190.000000,210.000000,9.665567
13,92,-185.000000,210.000000,9.617539
14,92,-180.000000,210.000000,9.569764
15,92,-175.000000,210.000000,9.522485
16,92,-170.000000,210.000000,9.475207
17,92,-165.000000,210.000000,9.427929
18,92,-160.000000,210.000000,9.381471
19,92,-155.000000,210.000000,9.336528
20,92,-150.000000,210.000000,9.291913
21,92,-145.000000,210.000000,9.247631
22,92,-140.000000,210.000000,9.203348
23,92,-135.000000,210.000000,9.159065
24,92,-130.000000,210.000000,9.116490
25,92,-125.000000,210.000000,9.074377
26,92,-120.000000,210.000000,9.033015
27,92,-115.000000,210.000000,8.991708
28,92,-110.000000,210.000000,8.950401
29,92,-105.000000,210.000000,8.909234
30,92,-100.000000,210.000000,8.868551
31,92,-95.000000,210.000000,8.827977
32,92,-90.000000,210.000000,8.787590
33,92,-85.000000,210.000000,8.747203
34,92,-80.000000,210.000000,8.706816
35,92,-75.000000,210.000000,8.665510
36,92,-70.000000,210.000000,8.623730
37,92,-65.000000,210.000000,8.581283
38,92,-60.000000,210.000000,8.538674
39,92,-55.000000,210.000000,8.496065
40,92,-50.000000,210.000000,8.453263
41,92,-45.000000,210.000000,8.408621
42,92,-40.000000,210.000000,8.363619
43,92,-35.000000,210.000000,8.317481
44,92,-30.000000,210.000000,8.271344
45,92,-25.000000,210.000000,8.225207
46,92,-20.000000,210.000000,8.178686
47,92,-15.000000,210.000000,8.131827
48,92,-10.000000,210.000000,8.084526
49,92,-5.000000,210.000000,8.037014
50,92,0.000000,210.000000,7.989502
51,92,5.000000,210.000000,7.941991
52,92,10.000000,210.000000,7.895817
53,92,15.000000,210.000000,7.849861
54,92,20.000000,210.000000,7.805264
55,92,25.000000,210.000000,7.760667
56,92,30.000000,210.000000,7.716070
57,92,35.000000,210.000000,7.672535
58,92,40.000000,210.000000,7.630571
59,92,45.000000,210.000000,7.590572
60,92,50.000000,210.000000,7.552190
61,92,55.000000,210.000000,7.513808
62,92,60.000000,210.000000,7.475426
63,92,65.000000,210.000000,7.438964
64,92,70.000000,210.000000,7.402870
65,92,75.000000,210.000000,7.370566
66,92,80.000000,210.000000,7.338320
67,92,85.000000,210.000000,7.306074
68,92,90.000000,210.000000,7.274101
69,92,95.000000,210.000000,7.242843
70,92,100.000000,210.000000,7.212460
71,92,105.000000,210.000000,7.183282
72,92,110.000000,210.000000,7.154104
73,92,115.000000,210.000000,7.124926
74,92,120.000000,210.000000,7.095755
75,92,125.000000,210.000000,7.066588
76,92,130.000000,210.000000,7.037445
77,92,135.000000,210.000000,7.008307
78,92,140.000000,210.000000,6.979168
79,92,145.000000,210.000000,6.950029
80,92,150.000000,210.000000,6.920889
81,92,155.000000,210.000000,6.891746
82,92,160.000000,210.000000,6.862597
83,92,165.000000,210.000000,6.833449
84,92,170.000000,210.000000,6.804301
85,92,175.000000,210.000000,6.775425
86,92,180.000000,210.000000,6.746744
87,92,185.000000,210.000000,6.719729
88,92,190.000000,210.000000,6.693336
89,92,195.000000,210.000000,6.666942
90,92,200.000000,210.000000,6.640560
91,92,205.000000,210.000000,6.614774
92,92,210.000000,210.000000,6.589730
93,92,215.000000,210.000000,6.568453
94,92,220.000000,210.000000,6.547176
95,92,225.000000,210.000000,6.525900
96,92,230.000000,210.000000,6.504755
97,92,235.000000,210.000000,6.483769
98,92,240.000000,210.000000,6.465184
99,92,245.000000,210.000000,6.448195
100,92,250.000000,210.000000,6.431206
0,93,-250.000000,215.000000,10.335183
1,93,-245.000000,215.000000,10.270668
2,93,-240.000000,215.000000,10.214521
3,93,-235.000000,215.000000,10.158494
4,93,-230.000000,215.000000,10.102984
5,93,-225.000000,215.000000,10.047473
6,93,-220.000000,215.000000,9.991962
7,93,-215.000000,215.000000,9.938773
8,93,-210.000000,215.000000,9.888104
9,93,-205.000000,215.000000,9.837843
10,93,-200.000000,215.000000,9.787826
11,93,-195.000000,215.000000,9.737810
12,93,-190.000000,215.000000,9.687793
13,93,-185.000000,215.000000,9.640046
14,93,-180.000000,215.000000,9.592540
15,93,-175.000000,215.000000,9.545508
16,93,-170.000000,215.000000,9.498477
17,93,-165.000000,215.000000,9.451445
18,93,-160.000000,215.000000,9.405222
19,93,-155.000000,215.000000,9.360490
20,93,-150.000000,215.000000,9.316081
21,93,-145.000000,215.000000,9.271999
22,93,-140.000000,215.000000,9.227916
23,93,-135.000000,215.000000,9.183834
24,93,-130.000000,215.000000,9.141456
25,93,-125.000000,215.000000,9.099539
26,93,-120.000000,215.000000,9.058373
27,93,-115.000000,215.000000,9.017262
28,93,-110.000000,215.000000,8.976150
29,93,-105.000000,215.000000,8.935180
30,93,-100.000000,215.000000,8.894705
31,93,-95.000000,215.000000,8.854341
32,93,-90.000000,215.000000,8.814169
33,93,-85.000000,215.000000,8.773996
34,93,-80.000000,215.000000,8.733823
35,93,-75.000000,215.000000,8.692752
36,93,-70.000000,215.000000,8.651218
37,93,-65.000000,215.000000,8.609032
38,93,-60.000000,215.000000,8.566689
39,93,-55.000000,215.000000,8.524345
40,93,-50.000000,215.000000,8.481812
41,93,-45.000000,215.000000,8.437478
42,93,-40.000000,215.000000,8.392791
43,93,-35.000000,215.000000,8.346994
44,93,-30.000000,215.000000,8.301196
45,93,-25.000000,215.000000,8.255398
46,93,-20.000000,215.000000,8.209231
47,93,-15.000000,215.000000,8.162738
48,93,-10.000000,215.000000,8.115820
49,93,-5.000000,215.000000,8.068699
50,93,0.000000,215.000000,8.021578
51,93,5.000000,215.000000,7.974457
52,93,10.000000,215.000000,7.928660
53,93,15.000000,215.000000,7.883079
54,93,20.000000,215.000000,7.838841
55,93,25.000000,215.000000,7.794604
56,93,30.000000,215.000000,7.750367
57,93,35.000000,215.000000,7.707171
58,93,40.000000,215.000000,7.665513
59,93,45.000000,215.000000,7.625780
60,93,50.000000,215.000000,7.587630
61,93,55.000000,215.000000,7.549480
62,93,60.000000,215.000000,7.511330
63,93,65.000000,215.000000,7.475049
64,93,70.000000,215.000000,7.439126
65,93,75.000000,215.000000,7.406891
66,93,80.000000,215.000000,7.374713
67,93,85.000000,215.000000,7.342536
68,93,90.000000,215.000000,7.310621
69,93,95.000000,215.000000,7.279397
70,93,100.000000,215.000000,7.249018
71,93,105.000000,215.000000,7.219803
72,93,110.000000,215.000000,7.190588
73,93,115.000000,215.000000,7.161373
74,93,120.000000,215.000000,7.132164
75,93,125.000000,215.000000,7.102957
76,93,130.000000,215.000000,7.073770
77,93,135.000000,215.000000,7.044586
78,93,140.000000,215.000000,7.015402
79,93,145.000000,215.000000,6.986219
80,93,150.000000,215.000000,6.957038
81,93,155.000000,215.000000,6.927860
82,93,160.000000,215.000000,6.898689
83,93,165.000000,215.000000,6.869518
84,93,170.000000,215.000000,6.840347
85,93,175.000000,215.000000,6.811444
86,93,180.000000,215.000000,6.782732
87,93,185.000000,215.000000,6.755658
88,93,190.000000,215.000000,6.729194
89,93,195.000000,215.000000,6.702729
90,93,200.000000,215.000000,6.676277
91,93,205.000000,215.000000,6.650402
92,93,210.000000,215.000000,6.625250
93,93,215.000000,215.000000,6.603757
94,93,220.000000,215.000000,6.582264
95,93,225.000000,215.000000,6.560771
96,93,230.000000,215.000000,6.539405
97,93,235.000000,215.000000,6.518191
98,93,240.000000,215.000000,6.499286
99,93,245.000000,215.000000,6.481916
100,93,250.000000,215.000000,6.464546
0,94,-250.000000,220.000000,10.350614
1,94,-245.000000,220.000000,10.287082
2,94,-240.000000,220.000000,10.231610
3,94,-235.000000,220.000000,10.176254
4,94,-230.000000,220.000000,10.121395
5,94,-225.000000,220.000000,10.066536
6,94,-220.000000,220.000000,10.011677
7,94,-215.000000,220.000000,9.959027
8,94,-210.000000,220.000000,9.908776
9,94,-205.000000,220.000000,9.858912
10,94,-200.000000,220.000000,9.809281
11,94,-195.000000,220.000000,9.759650
12,94,-190.000000,220.000000,9.710020
13,94,-185.000000,220.000000,9.662553
14,94,-180.000000,220.000000,9.615315
15,94,-175.000000,220.000000,9.568531
16,94,-170.000000,220.000000,9.521747
17,94,-165.000000,220.000000,9.474962
18,94,-160.000000,220.000000,9.428973
19,94,-155.000000,220.000000,9.384452
20,94,-150.000000,220.000000,9.340248
21,94,-145.000000,220.000000,9.296366
22,94,-140.000000,220.000000,9.252484
23,94,-135.000000,220.000000,9.208603
24,94,-130.000000,220.000000,9.166422
25,94,-125.000000,220.000000,9.124702
26,94,-120.000000,220.000000,9.083731
27,94,-115.000000,220.000000,9.042815
28,94,-110.000000,220.000000,9.001898
29,94,-105.000000,220.000000,8.961127
30,94,-100.000000,220.000000,8.920860
31,94,-95.000000,220.000000,8.880706
32,94,-90.000000,220.000000,8.840747
33,94,-85.000000,220.000000,8.800789
34,94,-80.000000,220.000000,8.760830
35,94,-75.000000,220.000000,8.719994
36,94,-70.000000,220.000000,8.678706
37,94,-65.000000,220.000000,8.636782
38,94,-60.000000,220.000000,8.594704
39,94,-55.000000,220.000000,8.552625
40,94,-50.000000,220.000000,8.510361
41,94,-45.000000,220.000000,8.466335
42,94,-40.000000,220.000000,8.421964
43,94,-35.000000,220.000000,8.376506
44,94,-30.000000,220.000000,8.331048
45,94,-25.000000,220.000000,8.285589
46,94,-20.000000,220.000000,8.239776
47,94,-15.000000,220.000000,8.193649
48,94,-10.000000,220.000000,8.147114
49,94,-5.000000,220.000000,8.100384
50,94,0.000000,220.000000,8.053654
51,94,5.000000,220.000000,8.006923
52,94,10.000000,220.000000,7.961503
53,94,15.000000,220.000000,7.916296
54,94,20.000000,220.000000,7.872419
55,94,25.000000,220.000000,7.828542
56,94,30.000000,220.000000,7.784665
57,94,35.000000,220.000000,7.741806
58,94,40.000000,220.000000,7.700455
59,94,45.000000,220.000000,7.660987
60,94,50.000000,220.000000,7.623069
61,94,55.000000,220.000000,7.585151
62,94,60.000000,220.000000,7.547234
63,94,65.000000,220.000000,7.511134
64,94,70.000000,220.000000,7.475382
65,94,75.000000,220.000000,7.443216
66,94,80.000000,220.000000,7.411107
67,94,85.000000,220.000000,7.378997
68,94,90.000000,220.000000,7.347141
69,94,95.000000,220.000000,7.315951
70,94,100.000000,220.000000,7.285577
71,94,105.000000,220.000000,7.256325
72,94,110.000000,220.000000,7.227073
73,94,115.000000,220.000000,7.197820
74,94,120.000000,220.000000,7.168573
75,94,125.000000,220.000000,7.139327
76,94,130.000000,220.000000,7.110095
77,94,135.000000,220.000000,7.080866
78,94,140.000000,220.000000,7.051636
79,94,145.000000,220.000000,7.022408
80,94,150.000000,220.000000,6.993187
81,94,155.000000,220.000000,6.963973
82,94,160.000000,220.000000,6.934780
83,94,165.000000,220.000000,6.905587
84,94,170.000000,220.000000,6.876393
85,94,175.000000,220.000000,6.847463
86,94,180.000000,220.000000,6.818720
87,94,185.000000,220.000000,6.791586
88,94,190.000000,220.000000,6.765052
89,94,195.000000,220.000000,6.738517
90,94,200.000000,220.000000,6.711993
91,94,205.000000,220.000000,6.686031
92,94,210.000000,220.000000,6.660770
93,94,215.000000,220.000000,6.639060
94,94,220.000000,220.000000,6.617351
95,94,225.000000,220.000000,6.595642
96,94,230.000000,220.000000,6.574054
97,94,235.000000,220.000000,6.552613
98,94,240.000000,220.000000,6.533389
99,94,245.000000,220.000000,6.515637
100,94,250.000000,220.000000,6.497885
0,95,-250.000000,225.000000,10.366045
1,95,-245.000000,225.000000,10.303496
2,95,-240.000000,225.000000,10.248699
3,95,-235.000000,225.000000,10.194014
4,95,-230.000000,225.000000,10.139806
5,95,-225.000000,225.000000,10.085599
6,95,-220.000000,225.000000,10.031391
7,95,-215.000000,225.000000,9.979281
8,95,-210.000000,225.000000,9.929447
9,95,-205.000000,225.000000,9.879981
10,95,-200.000000,225.000000,9.830736
11,95,-195.000000,225.000000,9.781491
12,95,-190.000000,225.000000,9.732246
13,95,-185.000000,225.000000,9.685060
14,95,-180.000000,225.000000,9.638091
15,95,-175.000000,225.000000,9.591554
16,95,-170.000000,225.000000,9.545017
17,95,-165.000000,225.000000,9.498479
18,95,-160.000000,225.000000,9.452724
19,95,-155.000000,225.000000,9.408414
20,95,-150.000000,225.000000,9.364415
21,95,-145.000000,225.000000,9.320734
22,95,-140.000000,225.000000,9.277053
23,95,-135.000000,225.000000,9.233371
24,95,-130.000000,225.000000,9.191388
25,95,-125.000000,225.000000,9.149864
26,95,-120.000000,225.000000,9.109089
27,95,-115.000000,225.000000,9.068368
28,95,-110.000000,225.000000,9.027647
29,95,-105.000000,225.000000,8.987073
30,95,-100.000000,225.000000,8.947014
31,95,-95.000000,225.000000,8.907071
32,95,-90.000000,225.000000,8.867326
33,95,-85.000000,225.000000,8.827582
34,95,-80.000000,225.000000,8.787837
35,95,-75.000000,225.000000,8.747237
36,95,-70.000000,225.000000,8.706195
37,95,-65.000000,225.000000,8.664532
38,95,-60.000000,225.000000,8.622719
39,95,-55.000000,225.000000,8.580905
40,95,-50.000000,225.000000,8.538910
41,95,-45.000000,225.000000,8.495192
42,95,-40.000000,225.000000,8.451137
43,95,-35.000000,225.000000,8.406018
44,95,-30.000000,225.000000,8.360899
45,95,-25.000000,225.000000,8.315780
46,95,-20.000000,225.000000,8.270321
47,95,-15.000000,225.000000,8.224561
48,95,-10.000000,225.000000,8.178408
49,95,-5.000000,225.000000,8.132069
50,95,0.000000,225.000000,8.085729
51,95,5.000000,225.000000,8.039390
52,95,10.000000,225.000000,7.994346
53,95,15.000000,225.000000,7.949513
54,95,20.000000,225.000000,7.905996
55,95,25.000000,225.000000,7.862479
56,95,30.000000,225.000000,7.818963
57,95,35.000000,225.000000,7.776442
58,95,40.000000,225.000000,7.735396
59,95,45.000000,225.000000,7.696194
60,95,50.000000,225.000000,7.658509
61,95,55.000000,225.000000,7.620823
62,95,60.000000,225.000000,7.583138
63,95,65.000000,225.000000,7.547219
64,95,70.000000,225.000000,7.511637
65,95,75.000000,225.000000,7.479542
66,95,80.000000,225.000000,7.447500
67,95,85.000000,225.000000,7.415458
68,95,90.000000,225.000000,7.383661
69,95,95.000000,225.000000,7.352505
70,95,100.000000,225.000000,7.322135
71,95,105.000000,225.000000,7.292846
72,95,110.000000,225.000000,7.263557
73,95,115.000000,225.000000,7.234268
74,95,120.000000,225.000000,7.204981
75,95,125.000000,225.000000,7.175696
76,95,130.000000,225.000000,7.146420
77,95,135.000000,225.000000,7.117145
78,95,140.000000,225.000000,7.087870
79,95,145.000000,225.000000,7.058598
80,95,150.000000,225.000000,7.029336
81,95,155.000000,225.000000,7.000087
82,95,160.000000,225.000000,6.970871
83,95,165.000000,225.000000,6.941655
84,95,170.000000,225.000000,6.912439
85,95,175.000000,225.000000,6.883481
86,95,180.000000,225.000000,6.854708
87,95,185.000000,225.000000,6.827515
88,95,190.000000,225.000000,6.800909
89,95,195.000000,225.000000,6.774304
90,95,200.000000,225.000000,6.747710
91,95,205.000000,225.000000,6.721660
92,95,210.000000,225.000000,6.696289
93,95,215.000000,225.000000,6.674364
94,95,220.000000,225.000000,6.652438
95,95,225.000000,225.000000,6.630513
96,95,230.000000,225.000000,6.608704
97,95,235.000000,225.000000,6.587035
98,95,240.000000,225.000000,6.567491
99,95,245.000000,225.000000,6.549358
100,95,250.000000,225.000000,6.531225
0,96,-250.000000,230.000000,10.381358
1,96,-245.000000,230.000000,10.319802
2,96,-240.000000,230.000000,10.265683
3,96,-235.000000,230.000000,10.211672
4,96,-230.000000,230.000000,10.158119
5,96,-225.000000,230.000000,10.104566
6,96,-220.000000,230.000000,10.051012
7,96,-215.000000,230.000000,9.999442
8,96,-210.000000,230.000000,9.950023
9,96,-205.000000,230.000000,9.900953
10,96,-200.000000,230.000000,9.852091
11,96,-195.000000,230.000000,9.803229
12,96,-190.000000,230.000000,9.754367
13,96,-185.000000,230.000000,9.707455
14,96,-180.000000,230.000000,9.660750
15,96,-175.000000,230.000000,9.614454
16,96,-170.000000,230.000000,9.568157
17,96,-165.000000,230.000000,9.521860
18,96,-160.000000,230.000000,9.476333
19,96,-155.000000,230.000000,9.432226
20,96,-150.000000,230.000000,9.388426
21,96,-145.000000,230.000000,9.344937
22,96,-140.000000,230.000000,9.301449
23,96,-135.000000,230.000000,9.257961
24,96,-130.000000,230.000000,9.216169
25,96,-125.000000,230.000000,9.174835
26,96,-120.000000,230.000000,9.134249
27,96,-115.000000,230.000000,9.093717
28,96,-110.000000,230.000000,9.053185
29,96,-105.000000,230.000000,9.012805
30,96,-100.000000,230.000000,8.972950
31,96,-95.000000,230.000000,8.933215
32,96,-90.000000,230.000000,8.893682
33,96,-85.000000,230.000000,8.854150
34,96,-80.000000,230.000000,8.814618
35,96,-75.000000,230.000000,8.774254
36,96,-70.000000,230.000000,8.733460
37,96,-65.000000,230.000000,8.692062
38,96,-60.000000,230.000000,8.650518
39,96,-55.000000,230.000000,8.608974
40,96,-50.000000,230.000000,8.567252
41,96,-45.000000,230.000000,8.523849
42,96,-40.000000,230.000000,8.480117
43,96,-35.000000,230.000000,8.435348
44,96,-30.000000,230.000000,8.390578
45,96,-25.000000,230.000000,8.345809
46,96,-20.000000,230.000000,8.300714
47,96,-15.000000,230.000000,8.255331
48,96,-10.000000,230.000000,8.209575
49,96,-5.000000,230.000000,8.163639
50,96,0.000000,230.000000,8.117703
51,96,5.000000,230.000000,8.071767
52,96,10.000000,230.000000,8.027113
53,96,15.000000,230.000000,7.982667
54,96,20.000000,230.000000,7.939523
55,96,25.000000,230.000000,7.896379
56,96,30.000000,230.000000,7.853234
57,96,35.000000,230.000000,7.811064
58,96,40.000000,230.000000,7.770336
59,96,45.000000,230.000000,7.731409
60,96,50.000000,230.000000,7.693965
61,96,55.000000,230.000000,7.656521
62,96,60.000000,230.000000,7.619077
63,96,65.000000,230.000000,7.583347
64,96,70.000000,230.000000,7.547944
65,96,75.000000,230.000000,7.515924
66,96,80.000000,230.000000,7.483956
67,96,85.000000,230.000000,7.451987
68,96,90.000000,230.000000,7.420254
69,96,95.000000,230.000000,7.389138
70,96,100.000000,230.000000,7.358777
71,96,105.000000,230.000000,7.329455
72,96,110.000000,230.000000,7.300133
73,96,115.000000,230.000000,7.270811
74,96,120.000000,230.000000,7.241491
75,96,125.000000,230.000000,7.212171
76,96,130.000000,230.000000,7.182856
77,96,135.000000,230.000000,7.153541
78,96,140.000000,230.000000,7.124227
79,96,145.000000,230.000000,7.094916
80,96,150.000000,230.000000,7.065620
81,96,155.000000,230.000000,7.036343
82,96,160.000000,230.000000,7.007112
83,96,165.000000,230.000000,6.977881
84,96,170.000000,230.000000,6.948650
85,96,175.000000,230.000000,6.919672
86,96,180.000000,230.000000,6.890875
87,96,185.000000,230.000000,6.863629
88,96,190.000000,230.000000,6.836959
89,96,195.000000,230.000000,6.810290
90,96,200.000000,230.000000,6.783630
91,96,205.000000,230.000000,6.757498
92,96,210.000000,230.000000,6.732023
93,96,215.000000,230.000000,6.709883
94,96,220.000000,230.000000,6.687742
95,96,225.000000,230.000000,6.665601
96,96,230.000000,230.000000,6.643572
97,96,235.000000,230.000000,6.621677
98,96,240.000000,230.000000,6.601811
99,96,245.000000,230.000000,6.583293
100,96,250.000000,230.000000,6.564775
0,97,-250.000000,235.000000,10.395727
1,97,-245.000000,235.000000,10.335237
2,97,-240.000000,235.000000,10.281823
3,97,-235.000000,235.000000,10.228511
4,97,-230.000000,235.000000,10.175635
5,97,-225.000000,235.000000,10.122760
6,97,-220.000000,235.000000,10.069884
7,97,-215.000000,235.000000,10.018857
8,97,-210.000000,235.000000,9.969837
9,97,-205.000000,235.000000,9.921141
10,97,-200.000000,235.000000,9.872640
11,97,-195.000000,235.000000,9.824139
12,97,-190.000000,235.000000,9.775638
13,97,-185.000000,235.000000,9.728957
14,97,-180.000000,235.000000,9.682469
15,97,-175.000000,235.000000,9.636362
16,97,-170.000000,235.000000,9.590256
17,97,-165.000000,235.000000,9.544149
18,97,-160.000000,235.000000,9.498796
19,97,-155.000000,235.000000,9.454834
20,97,-150.000000,235.000000,9.411174
21,97,-145.000000,235.000000,9.367819
22,97,-140.000000,235.000000,9.324464
23,97,-135.000000,235.000000,9.281109
24,97,-130.000000,235.000000,9.239455
25,97,-125.000000,235.000000,9.198261
26,97,-120.000000,235.000000,9.157817
27,97,-115.000000,235.000000,9.117427
28,97,-110.000000,235.000000,9.077037
29,97,-105.000000,235.000000,9.036807
30,97,-100.000000,235.000000,8.997133
31,97,-95.000000,235.000000,8.957584
32,97,-90.000000,235.000000,8.918250
33,97,-85.000000,235.000000,8.878916
34,97,-80.000000,235.000000,8.839582
35,97,-75.000000,235.000000,8.799458
36,97,-70.000000,235.000000,8.758928
37,97,-65.000000,235.000000,8.717825
38,97,-60.000000,235.000000,8.676583
39,97,-55.000000,235.000000,8.635341
40,97,-50.000000,235.000000,8.593928
41,97,-45.000000,235.000000,8.550900
42,97,-40.000000,235.000000,8.507555
43,97,-35.000000,235.000000,8.463213
44,97,-30.000000,235.000000,8.418871
45,97,-25.000000,235.000000,8.374529
46,97,-20.000000,235.000000,8.329884
47,97,-15.000000,235.000000,8.284972
48,97,-10.000000,235.000000,8.239711
49,97,-5.000000,235.000000,8.194283
50,97,0.000000,235.000000,8.148855
51,97,5.000000,235.000000,8.103427
52,97,10.000000,235.000000,8.059265
53,97,15.000000,235.000000,8.015309
54,97,20.000000,235.000000,7.972639
55,97,25.000000,235.000000,7.929968
56,97,30.000000,235.000000,7.887298
57,97,35.000000,235.000000,7.845575
58,97,40.000000,235.000000,7.805253
59,97,45.000000,235.000000,7.766683
60,97,50.000000,235.000000,7.729555
61,97,55.000000,235.000000,7.692427
62,97,60.000000,235.000000,7.655298
63,97,65.000000,235.000000,7.619822
64,97,70.000000,235.000000,7.584662
65,97,75.000000,235.000000,7.552761
66,97,80.000000,235.000000,7.520911
67,97,85.000000,235.000000,7.489061
68,97,90.000000,235.000000,7.457435
69,97,95.000000,235.000000,7.426399
70,97,100.000000,235.000000,7.396085
71,97,105.000000,235.000000,7.366765
72,97,110.000000,235.000000,7.337445
73,97,115.000000,235.000000,7.308124
74,97,120.000000,235.000000,7.278807
75,97,125.000000,235.000000,7.249490
76,97,130.000000,235.000000,7.220182
77,97,135.000000,235.000000,7.190876
78,97,140.000000,235.000000,7.161569
79,97,145.000000,235.000000,7.132267
80,97,150.000000,235.000000,7.102987
81,97,155.000000,235.000000,7.073735
82,97,160.000000,235.000000,7.044551
83,97,165.000000,235.000000,7.015366
84,97,170.000000,235.000000,6.986181
85,97,175.000000,235.000000,6.957244
86,97,180.000000,235.000000,6.928483
87,97,185.000000,235.000000,6.901235
88,97,190.000000,235.000000,6.874550
89,97,195.000000,235.000000,6.847865
90,97,200.000000,235.000000,6.821190
91,97,205.000000,235.000000,6.795020
92,97,210.000000,235.000000,6.769480
93,97,215.000000,235.000000,6.747133
94,97,220.000000,235.000000,6.724786
95,97,225.000000,235.000000,6.702439
96,97,230.000000,235.000000,6.680198
97,97,235.000000,235.000000,6.658083
98,97,240.000000,235.000000,6.637879
99,97,245.000000,235.000000,6.618945
100,97,250.000000,235.000000,6.600011
0,98,-250.000000,240.000000,10.407588
1,98,-245.000000,240.000000,10.348359
2,98,-240.000000,240.000000,10.295720
3,98,-235.000000,240.000000,10.243177
4,98,-230.000000,240.000000,10.191039
5,98,-225.000000,240.000000,10.138902
6,98,-220.000000,240.000000,10.086765
7,98,-215.000000,240.000000,10.036291
8,98,-210.000000,240.000000,9.987625
9,98,-205.000000,240.000000,9.939250
10,98,-200.000000,240.000000,9.891051
11,98,-195.000000,240.000000,9.842851
12,98,-190.000000,240.000000,9.794652
13,98,-185.000000,240.000000,9.748086
14,98,-180.000000,240.000000,9.701692
15,98,-175.000000,240.000000,9.655641
16,98,-170.000000,240.000000,9.609589
17,98,-165.000000,240.000000,9.563538
18,98,-160.000000,240.000000,9.518218
19,98,-155.000000,240.000000,9.474249
20,98,-150.000000,240.000000,9.430573
21,98,-145.000000,240.000000,9.387193
22,98,-140.000000,240.000000,9.343813
23,98,-135.000000,240.000000,9.300433
24,98,-130.000000,240.000000,9.258778
25,98,-125.000000,240.000000,9.217588
26,98,-120.000000,240.000000,9.177160
27,98,-115.000000,240.000000,9.136786
28,98,-110.000000,240.000000,9.096411
29,98,-105.000000,240.000000,9.056219
30,98,-100.000000,240.000000,9.016659
31,98,-95.000000,240.000000,8.977242
32,98,-90.000000,240.000000,8.938068
33,98,-85.000000,240.000000,8.898894
34,98,-80.000000,240.000000,8.859721
35,98,-75.000000,240.000000,8.819853
36,98,-70.000000,240.000000,8.779627
37,98,-65.000000,240.000000,8.738897
38,98,-60.000000,240.000000,8.698044
39,98,-55.000000,240.000000,8.657192
40,98,-50.000000,240.000000,8.616183
41,98,-45.000000,240.000000,8.573686
42,98,-40.000000,240.000000,8.530898
43,98,-35.000000,240.000000,8.487191
44,98,-30.000000,240.000000,8.443485
45,98,-25.000000,240.000000,8.399778
46,98,-20.000000,240.000000,8.355810
47,98,-15.000000,240.000000,8.311612
48,98,-10.000000,240.000000,8.267113
49,98,-5.000000,240.000000,8.222470
50,98,0.000000,240.000000,8.177827
51,98,5.000000,240.000000,8.133184
52,98,10.000000,240.000000,8.089787
53,98,15.000000,240.000000,8.046594
54,98,20.000000,240.000000,8.004666
55,98,25.000000,240.000000,7.962738
56,98,30.000000,240.000000,7.920810
57,98,35.000000,240.000000,7.879790
58,98,40.000000,240.000000,7.840113
59,98,45.000000,240.000000,7.802116
60,98,50.000000,240.000000,7.765501
61,98,55.000000,240.000000,7.728885
62,98,60.000000,240.000000,7.692270
63,98,65.000000,240.000000,7.657220
64,98,70.000000,240.000000,7.622470
65,98,75.000000,240.000000,7.590807
66,98,80.000000,240.000000,7.559193
67,98,85.000000,240.000000,7.527579
68,98,90.000000,240.000000,7.496176
69,98,95.000000,240.000000,7.465330
70,98,100.000000,240.000000,7.435165
71,98,105.000000,240.000000,7.405938
72,98,110.000000,240.000000,7.376710
73,98,115.000000,240.000000,7.347482
74,98,120.000000,240.000000,7.318265
75,98,125.000000,240.000000,7.289052
76,98,130.000000,240.000000,7.259873
77,98,135.000000,240.000000,7.230700
78,98,140.000000,240.000000,7.201527
79,98,145.000000,240.000000,7.172361
80,98,150.000000,240.000000,7.143231
81,98,155.000000,240.000000,7.114146
82,98,160.000000,240.000000,7.085171
83,98,165.000000,240.000000,7.056195
84,98,170.000000,240.000000,7.027219
85,98,175.000000,240.000000,6.998481
86,98,180.000000,240.000000,6.969913
87,98,185.000000,240.000000,6.942801
88,98,190.000000,240.000000,6.916231
89,98,195.000000,240.000000,6.889662
90,98,200.000000,240.000000,6.863101
91,98,205.000000,240.000000,6.837011
92,98,210.000000,240.000000,6.811507
93,98,215.000000,240.000000,6.788979
94,98,220.000000,240.000000,6.766451
95,98,225.000000,240.000000,6.743923
96,98,230.000000,240.000000,6.721490
97,98,235.000000,240.000000,6.699172
98,98,240.000000,240.000000,6.678588
99,98,245.000000,240.000000,6.659156
100,98,250.000000,240.000000,6.639724
0,99,-250.000000,245.000000,10.419449
1,99,-245.000000,245.000000,10.361481
2,99,-240.000000,245.000000,10.309618
3,99,-235.000000,245.000000,10.257842
4,99,-230.000000,245.000000,10.206443
5,99,-225.000000,245.000000,10.155044
6,99,-220.000000,245.000000,10.103645
7,99,-215.000000,245.000000,10.053726
8,99,-210.000000,245.000000,10.005413
9,99,-205.000000,245.000000,9.957359
10,99,-200.000000,245.000000,9.909462
11,99,-195.000000,245.000000,9.861564
12,99,-190.000000,245.000000,9.813667
13,99,-185.000000,245.000000,9.767214
14,99,-180.000000,245.000000,9.720915
15,99,-175.000000,245.000000,9.674919
16,99,-170.000000,245.000000,9.628923
17,99,-165.000000,245.000000,9.582926
18,99,-160.000000,245.000000,9.537640
19,99,-155.000000,245.000000,9.493664
20,99,-150.000000,245.000000,9.449972
21,99,-145.000000,245.000000,9.406567
22,99,-140.000000,245.000000,9.363162
23,99,-135.000000,245.000000,9.319756
24,99,-130.000000,245.000000,9.278100
25,99,-125.000000,245.000000,9.236916
26,99,-120.000000,245.000000,9.196502
27,99,-115.000000,245.000000,9.156144
28,99,-110.000000,245.000000,9.115786
29,99,-105.000000,245.000000,9.075632
30,99,-100.000000,245.000000,9.036186
31,99,-95.000000,245.000000,8.996899
32,99,-90.000000,245.000000,8.957886
33,99,-85.000000,245.000000,8.918873
34,99,-80.000000,245.000000,8.879860
35,99,-75.000000,245.000000,8.840248
36,99,-70.000000,245.000000,8.800326
37,99,-65.000000,245.000000,8.759969
38,99,-60.000000,245.000000,8.719506
39,99,-55.000000,245.000000,8.679043
40,99,-50.000000,245.000000,8.638437
41,99,-45.000000,245.000000,8.596472
42,99,-40.000000,245.000000,8.554240
43,99,-35.000000,245.000000,8.511169
44,99,-30.000000,245.000000,8.468098
45,99,-25.000000,245.000000,8.425027
46,99,-20.000000,245.000000,8.381736
47,99,-15.000000,245.000000,8.338252
48,99,-10.000000,245.000000,8.294515
49,99,-5.000000,245.000000,8.250657
50,99,0.000000,245.000000,8.206799
51,99,5.000000,245.000000,8.162940
52,99,10.000000,245.000000,8.120309
53,99,15.000000,245.000000,8.077878
54,99,20.000000,245.000000,8.036692
55,99,25.000000,245.000000,7.995507
56,99,30.000000,245.000000,7.954321
57,99,35.000000,245.000000,7.914004
58,99,40.000000,245.000000,7.874973
59,99,45.000000,245.000000,7.837549
60,99,50.000000,245.000000,7.801446
61,99,55.000000,245.000000,7.765344
62,99,60.000000,245.000000,7.729242
63,99,65.000000,245.000000,7.694618
64,99,70.000000,245.000000,7.660277
65,99,75.000000,245.000000,7.628854
66,99,80.000000,245.000000,7.597475
67,99,85.000000,245.000000,7.566097
68,99,90.000000,245.000000,7.534918
69,99,95.000000,245.000000,7.504262
70,99,100.000000,245.000000,7.474245
71,99,105.000000,245.000000,7.445110
72,99,110.000000,245.000000,7.415975
73,99,115.000000,245.000000,7.386840
74,99,120.000000,245.000000,7.357723
75,99,125.000000,245.000000,7.328614
76,99,130.000000,245.000000,7.299564
77,99,135.000000,245.000000,7.270525
78,99,140.000000,245.000000,7.241485
79,99,145.000000,245.000000,7.212454
80,99,150.000000,245.000000,7.183475
81,99,155.000000,245.000000,7.154558
82,99,160.000000,245.000000,7.125791
83,99,165.000000,245.000000,7.097024
84,99,170.000000,245.000000,7.068257
85,99,175.000000,245.000000,7.039719
86,99,180.000000,245.000000,7.011344
87,99,185.000000,245.000000,6.984368
88,99,190.000000,245.000000,6.957913
89,99,195.000000,245.000000,6.931458
90,99,200.000000,245.000000,6.905012
91,99,205.000000,245.000000,6.879002
92,99,210.000000,245.000000,6.853535
93,99,215.000000,245.000000,6.830825
94,99,220.000000,245.000000,6.808115
95,99,225.000000,245.000000,6.785406
96,99,230.000000,245.000000,6.762782
97,99,235.000000,245.000000,6.740261
98,99,240.000000,245.000000,6.719296
99,99,245.000000,245.000000,6.699367
100,99,250.000000,245.000000,6.679437
0,100,-250.000000,250.000000,10.431310
1,100,-245.000000,250.000000,10.374603
2,100,-240.000000,250.000000,10.323515
3,100,-235.000000,250.000000,10.272508
4,100,-230.000000,250.000000,10.221847
5,100,-225.000000,250.000000,10.171187
6,100,-220.000000,250.000000,10.120526
7,100,-215.000000,250.000000,10.071160
8,100,-210.000000,250.000000,10.023201
9,100,-205.000000,250.000000,9.975468
10,100,-200.000000,250.000000,9.927873
11,100,-195.000000,250.000000,9.880277
12,100,-190.000000,250.000000,9.832681
13,100,-185.000000,250.000000,9.786343
14,100,-180.000000,250.000000,9.740139
15,100,-175.000000,250.000000,9.694198
16,100,-170.000000,250.000000,9.648256
17,100,-165.000000,250.000000,9.602315
18,100,-160.000000,250.000000,9.557062
19,100,-155.000000,250.000000,9.513079
20,100,-150.000000,250.000000,9.469370
21,100,-145.000000,250.000000,9.425940
22,100,-140.000000,250.000000,9.382510
23,100,-135.000000,250.000000,9.339080
24,100,-130.000000,250.000000,9.297422
25,100,-125.000000,250.000000,9.256243
26,100,-120.000000,250.000000,9.215844
27,100,-115.000000,250.000000,9.175502
28,100,-110.000000,250.000000,9.135160
29,100,-105.000000,250.000000,9.095044
30,100,-100.000000,250.000000,9.055712
31,100,-95.000000,250.000000,9.016557
32,100,-90.000000,250.000000,8.977704
33,100,-85.000000,250.000000,8.938852
34,100,-80.000000,250.000000,8.900000
35,100,-75.000000,250.000000,8.860642
36,100,-70.000000,250.000000,8.821025
37,100,-65.000000,250.000000,8.781041
38,100,-60.000000,250.000000,8.740968
39,100,-55.000000,250.000000,8.700895
40,100,-50.000000,250.000000,8.660692
41,100,-45.000000,250.000000,8.619258
42,100,-40.000000,250.000000,8.577582
43,100,-35.000000,250.000000,8.535147
44,100,-30.000000,250.000000,8.492711
45,100,-25.000000,250.000000,8.450276
46,100,-20.000000,250.000000,8.407662
47,100,-15.000000,250.000000,8.364892
48,100,-10.000000,250.000000,8.321917
49,100,-5.000000,250.000000,8.278843
50,100,0.000000,250.000000,8.235770
51,100,5.000000,250.000000,8.192697
52,100,10.000000,250.000000,8.150831
53,100,15.000000,250.000000,8.109162
54,100,20.000000,250.000000,8.068719
55,100,25.000000,250.000000,8.028276
56,100,30.000000,250.000000,7.987833
57,100,35.000000,250.000000,7.948219
58,100,40.000000,250.000000,7.909833
59,100,45.000000,250.000000,7.872981
60,100,50.000000,250.000000,7.837392
61,100,55.000000,250.000000,7.801803
62,100,60.000000,250.000000,7.766213
63,100,65.000000,250.000000,7.732016
64,100,70.000000,250.000000,7.698085
65,100,75.000000,250.000000,7.666900
66,100,80.000000,250.000000,7.635757
67,100,85.000000,250.000000,7.604615
68,100,90.000000,250.000000,7.573659
69,100,95.000000,250.000000,7.543193
70,100,100.000000,250.000000,7.513325
71,100,105.000000,250.000000,7.484283
72,100,110.000000,250.000000,7.455240
73,100,115.000000,250.000000,7.426197
74,100,120.000000,250.000000,7.397181
75,100,125.000000,250.000000,7.368175
76,100,130.000000,250.000000,7.339255
77,100,135.000000,250.000000,7.310349
78,100,140.000000,250.000000,7.281443
79,100,145.000000,250.000000,7.252548
80,100,150.000000,250.000000,7.223719
81,100,155.000000,250.000000,7.194969
82,100,160.000000,250.000000,7.166411
83,100,165.000000,250.000000,7.137853
84,100,170.000000,250.000000,7.109295
85,100,175.000000,250.000000,7.080956
86,100,180.000000,250.000000,7.052774
87,100,185.000000,250.000000,7.025934
88,100,190.000000,250.000000,6.999595
89,100,195.000000,250.000000,6.973255
90,100,200.000000,250.000000,6.946923
91,100,205.000000,250.000000,6.920992
92,100,210.000000,250.000000,6.895562
93,100,215.000000,250.000000,6.872671
94,100,220.000000,250.000000,6.849780
95,100,225.000000,250.000000,6.826889
96,100,230.000000,250.000000,6.804074
97,100,235.000000,250.000000,6.781350
98,100,240.000000,250.000000,6.760005
99,100,245.000000,250.000000,6.739578
100,100,250.000000,250.000000,6.719151
