ix,iy,x_m,y_m,depth_m
0,0,-250.000000,-250.000000,3.567228
1,0,-245.000000,-250.000000,3.570141
2,0,-240.000000,-250.000000,3.573010
3,0,-235.000000,-250.000000,3.575878
4,0,-230.000000,-250.000000,3.578747
5,0,-225.000000,-250.000000,3.573235
6,0,-220.000000,-250.000000,3.566835
7,0,-215.000000,-250.000000,3.559628
8,0,-210.000000,-250.000000,3.552420
9,0,-205.000000,-250.000000,3.545213
10,0,-200.000000,-250.000000,3.535773
11,0,-195.000000,-250.000000,3.522090
12,0,-190.000000,-250.000000,3.507910
13,0,-185.000000,-250.000000,3.493211
14,0,-180.000000,-250.000000,3.478513
15,0,-175.000000,-250.000000,3.463814
16,0,-170.000000,-250.000000,3.445516
17,0,-165.000000,-250.000000,3.426206
18,0,-160.000000,-250.000000,3.405917
19,0,-155.000000,-250.000000,3.385550
20,0,-150.000000,-250.000000,3.365184
21,0,-145.000000,-250.000000,3.343147
22,0,-140.000000,-250.000000,3.315073
23,0,-135.000000,-250.000000,3.286132
24,0,-130.000000,-250.000000,3.255661
25,0,-125.000000,-250.000000,3.225191
26,0,-120.000000,-250.000000,3.194720
27,0,-115.000000,-250.000000,3.157935
28,0,-110.000000,-250.000000,3.117790
29,0,-105.000000,-250.000000,3.074521
30,0,-100.000000,-250.000000,3.030460
31,0,-95.000000,-250.000000,2.986400
32,0,-90.000000,-250.000000,2.942065
33,0,-85.000000,-250.000000,2.894912
34,0,-80.000000,-250.000000,2.847387
35,0,-75.000000,-250.000000,2.798648
36,0,-70.000000,-250.000000,2.749908
37,0,-65.000000,-250.000000,2.701169
38,0,-60.000000,-250.000000,2.657783
39,0,-55.000000,-250.000000,2.619247
40,0,-50.000000,-250.000000,2.585079
41,0,-45.000000,-250.000000,2.553062
42,0,-40.000000,-250.000000,2.521045
43,0,-35.000000,-250.000000,2.489027
44,0,-30.000000,-250.000000,2.476265
45,0,-25.000000,-250.000000,2.465964
46,0,-20.000000,-250.000000,2.469779
47,0,-15.000000,-250.000000,2.473594
48,0,-10.000000,-250.000000,2.477409
49,0,-5.000000,-250.000000,2.488704
50,0,0.000000,-250.000000,2.511373
51,0,5.000000,-250.000000,2.543921
52,0,10.000000,-250.000000,2.584816
53,0,15.000000,-250.000000,2.625710
54,0,20.000000,-250.000000,2.666605
55,0,25.000000,-250.000000,2.714962
56,0,30.000000,-250.000000,2.764818
57,0,35.000000,-250.000000,2.825062
58,0,40.000000,-250.000000,2.885539
59,0,45.000000,-250.000000,2.946016
60,0,50.000000,-250.000000,3.006071
61,0,55.000000,-250.000000,3.064976
62,0,60.000000,-250.000000,3.122933
63,0,65.000000,-250.000000,3.179546
64,0,70.000000,-250.000000,3.236158
65,0,75.000000,-250.000000,3.292771
66,0,80.000000,-250.000000,3.344199
67,0,85.000000,-250.000000,3.393455
68,0,90.000000,-250.000000,3.431393
69,0,95.000000,-250.000000,3.467335
70,0,100.000000,-250.000000,3.503277
71,0,105.000000,-250.000000,3.538036
72,0,110.000000,-250.000000,3.565579
73,0,115.000000,-250.000000,3.587649
74,0,120.000000,-250.000000,3.596059
75,0,125.000000,-250.000000,3.604469
76,0,130.000000,-250.000000,3.612879
77,0,135.000000,-250.000000,3.617258
78,0,140.000000,-250.000000,3.618678
79,0,145.000000,-250.000000,3.605295
80,0,150.000000,-250.000000,3.586213
81,0,155.000000,-250.000000,3.567130
82,0,160.000000,-250.000000,3.547988
83,0,165.000000,-250.000000,3.524227
84,0,170.000000,-250.000000,3.497570
85,0,175.000000,-250.000000,3.455484
86,0,180.000000,-250.000000,3.413397
87,0,185.000000,-250.000000,3.371311
88,0,190.000000,-250.000000,3.328287
89,0,195.000000,-250.000000,3.284111
90,0,200.000000,-250.000000,3.233041
91,0,205.000000,-250.000000,3.177258
92,0,210.000000,-250.000000,3.121476
93,0,215.000000,-250.000000,3.065694
94,0,220.000000,-250.000000,3.009944
95,0,225.000000,-250.000000,2.954209
96,0,230.000000,-250.000000,2.898792
97,0,235.000000,-250.000000,2.843375
98,0,240.000000,-250.000000,2.787958
99,0,245.000000,-250.000000,2.732774
100,0,250.000000,-250.000000,2.678083
0,1,-250.000000,-245.000000,3.591286
1,1,-245.000000,-245.000000,3.593849
2,1,-240.000000,-245.000000,3.596367
3,1,-235.000000,-245.000000,3.598886
4,1,-230.000000,-245.000000,3.601405
5,1,-225.000000,-245.000000,3.595740
6,1,-220.000000,-245.000000,3.589207
7,1,-215.000000,-245.000000,3.581886
8,1,-210.000000,-245.000000,3.574565
9,1,-205.000000,-245.000000,3.567244
10,1,-200.000000,-245.000000,3.557740
11,1,-195.000000,-245.000000,3.544089
12,1,-190.000000,-245.000000,3.529951
13,1,-185.000000,-245.000000,3.515307
14,1,-180.000000,-245.000000,3.500662
15,1,-175.000000,-245.000000,3.486018
16,1,-170.000000,-245.000000,3.467844
17,1,-165.000000,-245.000000,3.448679
18,1,-160.000000,-245.000000,3.428555
19,1,-155.000000,-245.000000,3.408354
20,1,-150.000000,-245.000000,3.388153
21,1,-145.000000,-245.000000,3.366317
22,1,-140.000000,-245.000000,3.338572
23,1,-135.000000,-245.000000,3.309977
24,1,-130.000000,-245.000000,3.279885
25,1,-125.000000,-245.000000,3.249793
26,1,-120.000000,-245.000000,3.219701
27,1,-115.000000,-245.000000,3.183439
28,1,-110.000000,-245.000000,3.143894
29,1,-105.000000,-245.000000,3.101295
30,1,-100.000000,-245.000000,3.057924
31,1,-95.000000,-245.000000,3.014553
32,1,-90.000000,-245.000000,2.970914
33,1,-85.000000,-245.000000,2.924534
34,1,-80.000000,-245.000000,2.877793
35,1,-75.000000,-245.000000,2.829870
36,1,-70.000000,-245.000000,2.781947
37,1,-65.000000,-245.000000,2.734024
38,1,-60.000000,-245.000000,2.691341
39,1,-55.000000,-245.000000,2.653406
40,1,-50.000000,-245.000000,2.619746
41,1,-45.000000,-245.000000,2.588191
42,1,-40.000000,-245.000000,2.556637
43,1,-35.000000,-245.000000,2.525083
44,1,-30.000000,-245.000000,2.512350
45,1,-25.000000,-245.000000,2.502024
46,1,-20.000000,-245.000000,2.505496
47,1,-15.000000,-245.000000,2.508969
48,1,-10.000000,-245.000000,2.512442
49,1,-5.000000,-245.000000,2.523219
50,1,0.000000,-245.000000,2.545107
51,1,5.000000,-245.000000,2.576642
52,1,10.000000,-245.000000,2.616330
53,1,15.000000,-245.000000,2.656018
54,1,20.000000,-245.000000,2.695706
55,1,25.000000,-245.000000,2.742670
56,1,30.000000,-245.000000,2.791095
57,1,35.000000,-245.000000,2.849649
58,1,40.000000,-245.000000,2.908431
59,1,45.000000,-245.000000,2.967212
60,1,50.000000,-245.000000,3.025577
61,1,55.000000,-245.000000,3.082807
62,1,60.000000,-245.000000,3.139101
63,1,65.000000,-245.000000,3.194070
64,1,70.000000,-245.000000,3.249039
65,1,75.000000,-245.000000,3.304008
66,1,80.000000,-245.000000,3.353910
67,1,85.000000,-245.000000,3.401688
68,1,90.000000,-245.000000,3.438407
69,1,95.000000,-245.000000,3.473175
70,1,100.000000,-245.000000,3.507943
71,1,105.000000,-245.000000,3.541557
72,1,110.000000,-245.000000,3.568126
73,1,115.000000,-245.000000,3.589352
74,1,120.000000,-245.000000,3.597245
75,1,125.000000,-245.000000,3.605138
76,1,130.000000,-245.000000,3.613030
77,1,135.000000,-245.000000,3.616986
78,1,140.000000,-245.000000,3.618053
79,1,145.000000,-245.000000,3.604661
80,1,150.000000,-245.000000,3.585704
81,1,155.000000,-245.000000,3.566746
82,1,160.000000,-245.000000,3.547731
83,1,165.000000,-245.000000,3.524195
84,1,170.000000,-245.000000,3.497825
85,1,175.000000,-245.000000,3.456357
86,1,180.000000,-245.000000,3.414889
87,1,185.000000,-245.000000,3.373421
88,1,190.000000,-245.000000,3.331033
89,1,195.000000,-245.000000,3.287516
90,1,200.000000,-245.000000,3.237235
91,1,205.000000,-245.000000,3.182331
92,1,210.000000,-245.000000,3.127427
93,1,215.000000,-245.000000,3.072524
94,1,220.000000,-245.000000,3.017652
95,1,225.000000,-245.000000,2.962794
96,1,230.000000,-245.000000,2.908246
97,1,235.000000,-245.000000,2.853698
98,1,240.000000,-245.000000,2.799150
99,1,245.000000,-245.000000,2.744830
100,1,250.000000,-245.000000,2.690996
0,2,-250.000000,-240.000000,3.615345
1,2,-245.000000,-240.000000,3.617556
2,2,-240.000000,-240.000000,3.619725
3,2,-235.000000,-240.000000,3.621894
4,2,-230.000000,-240.000000,3.624063
5,2,-225.000000,-240.000000,3.618244
6,2,-220.000000,-240.000000,3.611579
7,2,-215.000000,-240.000000,3.604144
8,2,-210.000000,-240.000000,3.596709
9,2,-205.000000,-240.000000,3.589274
10,2,-200.000000,-240.000000,3.579707
11,2,-195.000000,-240.000000,3.566087
12,2,-190.000000,-240.000000,3.551992
13,2,-185.000000,-240.000000,3.537402
14,2,-180.000000,-240.000000,3.522812
15,2,-175.000000,-240.000000,3.508221
16,2,-170.000000,-240.000000,3.490173
17,2,-165.000000,-240.000000,3.471153
18,2,-160.000000,-240.000000,3.451193
19,2,-155.000000,-240.000000,3.431157
20,2,-150.000000,-240.000000,3.411122
21,2,-145.000000,-240.000000,3.389487
22,2,-140.000000,-240.000000,3.362071
23,2,-135.000000,-240.000000,3.333823
24,2,-130.000000,-240.000000,3.304109
25,2,-125.000000,-240.000000,3.274396
26,2,-120.000000,-240.000000,3.244683
27,2,-115.000000,-240.000000,3.208944
28,2,-110.000000,-240.000000,3.169998
29,2,-105.000000,-240.000000,3.128070
30,2,-100.000000,-240.000000,3.085388
31,2,-95.000000,-240.000000,3.042705
32,2,-90.000000,-240.000000,2.999763
33,2,-85.000000,-240.000000,2.954156
34,2,-80.000000,-240.000000,2.908198
35,2,-75.000000,-240.000000,2.861092
36,2,-70.000000,-240.000000,2.813985
37,2,-65.000000,-240.000000,2.766879
38,2,-60.000000,-240.000000,2.724899
39,2,-55.000000,-240.000000,2.687565
40,2,-50.000000,-240.000000,2.654413
41,2,-45.000000,-240.000000,2.623321
42,2,-40.000000,-240.000000,2.592230
43,2,-35.000000,-240.000000,2.561138
44,2,-30.000000,-240.000000,2.548435
45,2,-25.000000,-240.000000,2.538084
46,2,-20.000000,-240.000000,2.541214
47,2,-15.000000,-240.000000,2.544344
48,2,-10.000000,-240.000000,2.547474
49,2,-5.000000,-240.000000,2.557735
50,2,0.000000,-240.000000,2.578840
51,2,5.000000,-240.000000,2.609364
52,2,10.000000,-240.000000,2.647845
53,2,15.000000,-240.000000,2.686326
54,2,20.000000,-240.000000,2.724807
55,2,25.000000,-240.000000,2.770378
56,2,30.000000,-240.000000,2.817373
57,2,35.000000,-240.000000,2.874237
58,2,40.000000,-240.000000,2.931322
59,2,45.000000,-240.000000,2.988408
60,2,50.000000,-240.000000,3.045082
61,2,55.000000,-240.000000,3.100638
62,2,60.000000,-240.000000,3.155270
63,2,65.000000,-240.000000,3.208595
64,2,70.000000,-240.000000,3.261919
65,2,75.000000,-240.000000,3.315244
66,2,80.000000,-240.000000,3.363620
67,2,85.000000,-240.000000,3.409921
68,2,90.000000,-240.000000,3.445421
69,2,95.000000,-240.000000,3.479015
70,2,100.000000,-240.000000,3.512609
71,2,105.000000,-240.000000,3.545077
72,2,110.000000,-240.000000,3.570672
73,2,115.000000,-240.000000,3.591056
74,2,120.000000,-240.000000,3.598431
75,2,125.000000,-240.000000,3.605807
76,2,130.000000,-240.000000,3.613182
77,2,135.000000,-240.000000,3.616715
78,2,140.000000,-240.000000,3.617427
79,2,145.000000,-240.000000,3.604027
80,2,150.000000,-240.000000,3.585195
81,2,155.000000,-240.000000,3.566362
82,2,160.000000,-240.000000,3.547473
83,2,165.000000,-240.000000,3.524162
84,2,170.000000,-240.000000,3.498080
85,2,175.000000,-240.000000,3.457231
86,2,180.000000,-240.000000,3.416381
87,2,185.000000,-240.000000,3.375531
88,2,190.000000,-240.000000,3.333780
89,2,195.000000,-240.000000,3.290921
90,2,200.000000,-240.000000,3.241429
91,2,205.000000,-240.000000,3.187404
92,2,210.000000,-240.000000,3.133379
93,2,215.000000,-240.000000,3.079354
94,2,220.000000,-240.000000,3.025360
95,2,225.000000,-240.000000,2.971380
96,2,230.000000,-240.000000,2.917700
97,2,235.000000,-240.000000,2.864021
98,2,240.000000,-240.000000,2.810341
99,2,245.000000,-240.000000,2.756887
100,2,250.000000,-240.000000,2.703910
0,3,-250.000000,-235.000000,3.639403
1,3,-245.000000,-235.000000,3.641264
2,3,-240.000000,-235.000000,3.643083
3,3,-235.000000,-235.000000,3.644902
4,3,-230.000000,-235.000000,3.646721
5,3,-225.000000,-235.000000,3.640749
6,3,-220.000000,-235.000000,3.633951
7,3,-215.000000,-235.000000,3.626403
8,3,-210.000000,-235.000000,3.618854
9,3,-205.000000,-235.000000,3.611305
10,3,-200.000000,-235.000000,3.601675
11,3,-195.000000,-235.000000,3.588086
12,3,-190.000000,-235.000000,3.574033
13,3,-185.000000,-235.000000,3.559497
14,3,-180.000000,-235.000000,3.544961
15,3,-175.000000,-235.000000,3.530425
16,3,-170.000000,-235.000000,3.512501
17,3,-165.000000,-235.000000,3.493626
18,3,-160.000000,-235.000000,3.473830
19,3,-155.000000,-235.000000,3.453961
20,3,-150.000000,-235.000000,3.434092
21,3,-145.000000,-235.000000,3.412658
22,3,-140.000000,-235.000000,3.385569
23,3,-135.000000,-235.000000,3.357668
24,3,-130.000000,-235.000000,3.328333
25,3,-125.000000,-235.000000,3.298999
26,3,-120.000000,-235.000000,3.269665
27,3,-115.000000,-235.000000,3.234448
28,3,-110.000000,-235.000000,3.196102
29,3,-105.000000,-235.000000,3.154845
30,3,-100.000000,-235.000000,3.112851
31,3,-95.000000,-235.000000,3.070858
32,3,-90.000000,-235.000000,3.028612
33,3,-85.000000,-235.000000,2.983778
34,3,-80.000000,-235.000000,2.938604
35,3,-75.000000,-235.000000,2.892314
36,3,-70.000000,-235.000000,2.846024
37,3,-65.000000,-235.000000,2.799734
38,3,-60.000000,-235.000000,2.758458
39,3,-55.000000,-235.000000,2.721724
40,3,-50.000000,-235.000000,2.689080
41,3,-45.000000,-235.000000,2.658451
42,3,-40.000000,-235.000000,2.627822
43,3,-35.000000,-235.000000,2.597193
44,3,-30.000000,-235.000000,2.584520
45,3,-25.000000,-235.000000,2.574144
46,3,-20.000000,-235.000000,2.576931
47,3,-15.000000,-235.000000,2.579719
48,3,-10.000000,-235.000000,2.582506
49,3,-5.000000,-235.000000,2.592250
50,3,0.000000,-235.000000,2.612574
51,3,5.000000,-235.000000,2.642085
52,3,10.000000,-235.000000,2.679359
53,3,15.000000,-235.000000,2.716634
54,3,20.000000,-235.000000,2.753908
55,3,25.000000,-235.000000,2.798086
56,3,30.000000,-235.000000,2.843650
57,3,35.000000,-235.000000,2.898824
58,3,40.000000,-235.000000,2.954214
59,3,45.000000,-235.000000,3.009604
60,3,50.000000,-235.000000,3.064588
61,3,55.000000,-235.000000,3.118469
62,3,60.000000,-235.000000,3.171439
63,3,65.000000,-235.000000,3.223119
64,3,70.000000,-235.000000,3.274800
65,3,75.000000,-235.000000,3.326480
66,3,80.000000,-235.000000,3.373330
67,3,85.000000,-235.000000,3.418155
68,3,90.000000,-235.000000,3.452435
69,3,95.000000,-235.000000,3.484855
70,3,100.000000,-235.000000,3.517275
71,3,105.000000,-235.000000,3.548598
72,3,110.000000,-235.000000,3.573219
73,3,115.000000,-235.000000,3.592760
74,3,120.000000,-235.000000,3.599618
75,3,125.000000,-235.000000,3.606476
76,3,130.000000,-235.000000,3.613333
77,3,135.000000,-235.000000,3.616443
78,3,140.000000,-235.000000,3.616801
79,3,145.000000,-235.000000,3.603393
80,3,150.000000,-235.000000,3.584686
81,3,155.000000,-235.000000,3.565978
82,3,160.000000,-235.000000,3.547215
83,3,165.000000,-235.000000,3.524130
84,3,170.000000,-235.000000,3.498335
85,3,175.000000,-235.000000,3.458104
86,3,180.000000,-235.000000,3.417873
87,3,185.000000,-235.000000,3.377642
88,3,190.000000,-235.000000,3.336527
89,3,195.000000,-235.000000,3.294325
90,3,200.000000,-235.000000,3.245623
91,3,205.000000,-235.000000,3.192476
92,3,210.000000,-235.000000,3.139330
93,3,215.000000,-235.000000,3.086184
94,3,220.000000,-235.000000,3.033068
95,3,225.000000,-235.000000,2.979965
96,3,230.000000,-235.000000,2.927154
97,3,235.000000,-235.000000,2.874343
98,3,240.000000,-235.000000,2.821533
99,3,245.000000,-235.000000,2.768943
100,3,250.000000,-235.000000,2.716823
0,4,-250.000000,-230.000000,3.670500
1,4,-245.000000,-230.000000,3.671952
2,4,-240.000000,-230.000000,3.673364
3,4,-235.000000,-230.000000,3.674775
4,4,-230.000000,-230.000000,3.676187
5,4,-225.000000,-230.000000,3.670049
6,4,-220.000000,-230.000000,3.663111
7,4,-215.000000,-230.000000,3.655445
8,4,-210.000000,-230.000000,3.647779
9,4,-205.000000,-230.000000,3.640113
10,4,-200.000000,-230.000000,3.630430
11,4,-195.000000,-230.000000,3.616911
12,4,-190.000000,-230.000000,3.602942
13,4,-185.000000,-230.000000,3.588506
14,4,-180.000000,-230.000000,3.574069
15,4,-175.000000,-230.000000,3.559632
16,4,-170.000000,-230.000000,3.541909
17,4,-165.000000,-230.000000,3.523262
18,4,-160.000000,-230.000000,3.503723
19,4,-155.000000,-230.000000,3.484111
20,4,-150.000000,-230.000000,3.464500
21,4,-145.000000,-230.000000,3.443373
22,4,-140.000000,-230.000000,3.416766
23,4,-135.000000,-230.000000,3.389372
24,4,-130.000000,-230.000000,3.360589
25,4,-125.000000,-230.000000,3.331806
26,4,-120.000000,-230.000000,3.303023
27,4,-115.000000,-230.000000,3.268548
28,4,-110.000000,-230.000000,3.231044
29,4,-105.000000,-230.000000,3.190724
30,4,-100.000000,-230.000000,3.149690
31,4,-95.000000,-230.000000,3.108657
32,4,-90.000000,-230.000000,3.067380
33,4,-85.000000,-230.000000,3.023608
34,4,-80.000000,-230.000000,2.979508
35,4,-75.000000,-230.000000,2.934332
36,4,-70.000000,-230.000000,2.889156
37,4,-65.000000,-230.000000,2.843980
38,4,-60.000000,-230.000000,2.803661
39,4,-55.000000,-230.000000,2.767741
40,4,-50.000000,-230.000000,2.735783
41,4,-45.000000,-230.000000,2.705777
42,4,-40.000000,-230.000000,2.675771
43,4,-35.000000,-230.000000,2.645764
44,4,-30.000000,-230.000000,2.633126
45,4,-25.000000,-230.000000,2.622708
46,4,-20.000000,-230.000000,2.625024
47,4,-15.000000,-230.000000,2.627340
48,4,-10.000000,-230.000000,2.629656
49,4,-5.000000,-230.000000,2.638691
50,4,0.000000,-230.000000,2.657945
51,4,5.000000,-230.000000,2.686075
52,4,10.000000,-230.000000,2.721703
53,4,15.000000,-230.000000,2.757331
54,4,20.000000,-230.000000,2.792959
55,4,25.000000,-230.000000,2.835234
56,4,30.000000,-230.000000,2.878845
57,4,35.000000,-230.000000,2.931709
58,4,40.000000,-230.000000,2.984781
59,4,45.000000,-230.000000,3.037852
60,4,50.000000,-230.000000,3.090526
61,4,55.000000,-230.000000,3.142114
62,4,60.000000,-230.000000,3.192807
63,4,65.000000,-230.000000,3.242233
64,4,70.000000,-230.000000,3.291659
65,4,75.000000,-230.000000,3.341085
66,4,80.000000,-230.000000,3.385842
67,4,85.000000,-230.000000,3.428642
68,4,90.000000,-230.000000,3.461252
69,4,95.000000,-230.000000,3.492063
70,4,100.000000,-230.000000,3.522874
71,4,105.000000,-230.000000,3.552628
72,4,110.000000,-230.000000,3.575919
73,4,115.000000,-230.000000,3.594312
74,4,120.000000,-230.000000,3.600475
75,4,125.000000,-230.000000,3.606637
76,4,130.000000,-230.000000,3.612800
77,4,135.000000,-230.000000,3.615346
78,4,140.000000,-230.000000,3.615237
79,4,145.000000,-230.000000,3.601842
80,4,150.000000,-230.000000,3.583334
81,4,155.000000,-230.000000,3.564825
82,4,160.000000,-230.000000,3.546262
83,4,165.000000,-230.000000,3.523513
84,4,170.000000,-230.000000,3.498140
85,4,175.000000,-230.000000,3.458782
86,4,180.000000,-230.000000,3.419425
87,4,185.000000,-230.000000,3.380067
88,4,190.000000,-230.000000,3.339849
89,4,195.000000,-230.000000,3.298574
90,4,200.000000,-230.000000,3.250969
91,4,205.000000,-230.000000,3.199037
92,4,210.000000,-230.000000,3.147106
93,4,215.000000,-230.000000,3.095174
94,4,220.000000,-230.000000,3.043270
95,4,225.000000,-230.000000,2.991378
96,4,230.000000,-230.000000,2.939752
97,4,235.000000,-230.000000,2.888126
98,4,240.000000,-230.000000,2.836500
99,4,245.000000,-230.000000,2.785090
100,4,250.000000,-230.000000,2.734138
0,5,-250.000000,-225.000000,3.704962
1,5,-245.000000,-225.000000,3.705978
2,5,-240.000000,-225.000000,3.706955
3,5,-235.000000,-225.000000,3.707931
4,5,-230.000000,-225.000000,3.708907
5,5,-225.000000,-225.000000,3.702597
6,5,-220.000000,-225.000000,3.695515
7,5,-215.000000,-225.000000,3.687730
8,5,-210.000000,-225.000000,3.679945
9,5,-205.000000,-225.000000,3.672160
10,5,-200.000000,-225.000000,3.662430
11,5,-195.000000,-225.000000,3.648999
12,5,-190.000000,-225.000000,3.635135
13,5,-185.000000,-225.000000,3.620819
14,5,-180.000000,-225.000000,3.606504
15,5,-175.000000,-225.000000,3.592188
16,5,-170.000000,-225.000000,3.574701
17,5,-165.000000,-225.000000,3.556323
18,5,-160.000000,-225.000000,3.537083
19,5,-155.000000,-225.000000,3.517774
20,5,-150.000000,-225.000000,3.498465
21,5,-145.000000,-225.000000,3.477695
22,5,-140.000000,-225.000000,3.451644
23,5,-135.000000,-225.000000,3.424833
24,5,-130.000000,-225.000000,3.396684
25,5,-125.000000,-225.000000,3.368535
26,5,-120.000000,-225.000000,3.340386
27,5,-115.000000,-225.000000,3.306757
28,5,-110.000000,-225.000000,3.270212
29,5,-105.000000,-225.000000,3.230954
30,5,-100.000000,-225.000000,3.191011
31,5,-95.000000,-225.000000,3.151067
32,5,-90.000000,-225.000000,3.110890
33,5,-85.000000,-225.000000,3.068319
34,5,-80.000000,-225.000000,3.025431
35,5,-75.000000,-225.000000,2.981512
36,5,-70.000000,-225.000000,2.937592
37,5,-65.000000,-225.000000,2.893673
38,5,-60.000000,-225.000000,2.854432
39,5,-55.000000,-225.000000,2.819428
40,5,-50.000000,-225.000000,2.788241
41,5,-45.000000,-225.000000,2.758933
42,5,-40.000000,-225.000000,2.729626
43,5,-35.000000,-225.000000,2.700318
44,5,-30.000000,-225.000000,2.687717
45,5,-25.000000,-225.000000,2.677251
46,5,-20.000000,-225.000000,2.679034
47,5,-15.000000,-225.000000,2.680816
48,5,-10.000000,-225.000000,2.682598
49,5,-5.000000,-225.000000,2.690833
50,5,0.000000,-225.000000,2.708881
51,5,5.000000,-225.000000,2.735452
52,5,10.000000,-225.000000,2.769223
53,5,15.000000,-225.000000,2.802995
54,5,20.000000,-225.000000,2.836766
55,5,25.000000,-225.000000,2.876896
56,5,30.000000,-225.000000,2.918303
57,5,35.000000,-225.000000,2.968560
58,5,40.000000,-225.000000,3.019017
59,5,45.000000,-225.000000,3.069473
60,5,50.000000,-225.000000,3.119538
61,5,55.000000,-225.000000,3.168539
62,5,60.000000,-225.000000,3.216662
63,5,65.000000,-225.000000,3.263542
64,5,70.000000,-225.000000,3.310421
65,5,75.000000,-225.000000,3.357300
66,5,80.000000,-225.000000,3.399694
67,5,85.000000,-225.000000,3.440208
68,5,90.000000,-225.000000,3.470930
69,5,95.000000,-225.000000,3.499925
70,5,100.000000,-225.000000,3.528920
71,5,105.000000,-225.000000,3.556901
72,5,110.000000,-225.000000,3.578693
73,5,115.000000,-225.000000,3.595791
74,5,120.000000,-225.000000,3.601174
75,5,125.000000,-225.000000,3.606557
76,5,130.000000,-225.000000,3.611940
77,5,135.000000,-225.000000,3.613855
78,5,140.000000,-225.000000,3.613223
79,5,145.000000,-225.000000,3.599853
80,5,150.000000,-225.000000,3.581578
81,5,155.000000,-225.000000,3.563304
82,5,160.000000,-225.000000,3.544977
83,5,165.000000,-225.000000,3.522617
84,5,170.000000,-225.000000,3.497729
85,5,175.000000,-225.000000,3.459367
86,5,180.000000,-225.000000,3.421006
87,5,185.000000,-225.000000,3.382644
88,5,190.000000,-225.000000,3.343448
89,5,195.000000,-225.000000,3.303226
90,5,200.000000,-225.000000,3.256866
91,5,205.000000,-225.000000,3.206310
92,5,210.000000,-225.000000,3.155754
93,5,215.000000,-225.000000,3.105198
94,5,220.000000,-225.000000,3.054665
95,5,225.000000,-225.000000,3.004144
96,5,230.000000,-225.000000,2.953853
97,5,235.000000,-225.000000,2.903563
98,5,240.000000,-225.000000,2.853273
99,5,245.000000,-225.000000,2.803192
100,5,250.000000,-225.000000,2.753557
0,6,-250.000000,-220.000000,3.739970
1,6,-245.000000,-220.000000,3.740545
2,6,-240.000000,-220.000000,3.741082
3,6,-235.000000,-220.000000,3.741618
4,6,-230.000000,-220.000000,3.742155
5,6,-225.000000,-220.000000,3.735671
6,6,-220.000000,-220.000000,3.728444
7,6,-215.000000,-220.000000,3.720540
8,6,-210.000000,-220.000000,3.712637
9,6,-205.000000,-220.000000,3.704733
10,6,-200.000000,-220.000000,3.694956
11,6,-195.000000,-220.000000,3.681617
12,6,-190.000000,-220.000000,3.667860
13,6,-185.000000,-220.000000,3.653669
14,6,-180.000000,-220.000000,3.639477
15,6,-175.000000,-220.000000,3.625286
16,6,-170.000000,-220.000000,3.608041
17,6,-165.000000,-220.000000,3.589938
18,6,-160.000000,-220.000000,3.571005
19,6,-155.000000,-220.000000,3.552006
20,6,-150.000000,-220.000000,3.533006
21,6,-145.000000,-220.000000,3.512602
22,6,-140.000000,-220.000000,3.487118
23,6,-135.000000,-220.000000,3.460903
24,6,-130.000000,-220.000000,3.433402
25,6,-125.000000,-220.000000,3.405900
26,6,-120.000000,-220.000000,3.378398
27,6,-115.000000,-220.000000,3.345632
28,6,-110.000000,-220.000000,3.310064
29,6,-105.000000,-220.000000,3.271891
30,6,-100.000000,-220.000000,3.233058
31,6,-95.000000,-220.000000,3.194225
32,6,-90.000000,-220.000000,3.155169
33,6,-85.000000,-220.000000,3.113820
34,6,-80.000000,-220.000000,3.072168
35,6,-75.000000,-220.000000,3.029528
36,6,-70.000000,-220.000000,2.986888
37,6,-65.000000,-220.000000,2.944248
38,6,-60.000000,-220.000000,2.906104
39,6,-55.000000,-220.000000,2.872033
40,6,-50.000000,-220.000000,2.841631
41,6,-45.000000,-220.000000,2.813034
42,6,-40.000000,-220.000000,2.784438
43,6,-35.000000,-220.000000,2.755842
44,6,-30.000000,-220.000000,2.743278
45,6,-25.000000,-220.000000,2.732763
46,6,-20.000000,-220.000000,2.734002
47,6,-15.000000,-220.000000,2.735240
48,6,-10.000000,-220.000000,2.736479
49,6,-5.000000,-220.000000,2.743899
50,6,0.000000,-220.000000,2.760718
51,6,5.000000,-220.000000,2.785702
52,6,10.000000,-220.000000,2.817583
53,6,15.000000,-220.000000,2.849464
54,6,20.000000,-220.000000,2.881345
55,6,25.000000,-220.000000,2.919289
56,6,30.000000,-220.000000,2.958452
57,6,35.000000,-220.000000,3.006055
58,6,40.000000,-220.000000,3.053847
59,6,45.000000,-220.000000,3.101640
60,6,50.000000,-220.000000,3.149049
61,6,55.000000,-220.000000,3.195415
62,6,60.000000,-220.000000,3.240919
63,6,65.000000,-220.000000,3.285205
64,6,70.000000,-220.000000,3.329491
65,6,75.000000,-220.000000,3.373777
66,6,80.000000,-220.000000,3.413763
67,6,85.000000,-220.000000,3.451948
68,6,90.000000,-220.000000,3.480748
69,6,95.000000,-220.000000,3.507893
70,6,100.000000,-220.000000,3.535038
71,6,105.000000,-220.000000,3.561214
72,6,110.000000,-220.000000,3.581478
73,6,115.000000,-220.000000,3.597258
74,6,120.000000,-220.000000,3.601848
75,6,125.000000,-220.000000,3.606437
76,6,130.000000,-220.000000,3.611027
77,6,135.000000,-220.000000,3.612299
78,6,140.000000,-220.000000,3.611137
79,6,145.000000,-220.000000,3.597792
80,6,150.000000,-220.000000,3.579757
81,6,155.000000,-220.000000,3.561723
82,6,160.000000,-220.000000,3.543638
83,6,165.000000,-220.000000,3.521676
84,6,170.000000,-220.000000,3.497283
85,6,175.000000,-220.000000,3.459937
86,6,180.000000,-220.000000,3.422591
87,6,185.000000,-220.000000,3.385245
88,6,190.000000,-220.000000,3.347091
89,6,195.000000,-220.000000,3.307944
90,6,200.000000,-220.000000,3.262852
91,6,205.000000,-220.000000,3.213697
92,6,210.000000,-220.000000,3.164543
93,6,215.000000,-220.000000,3.115388
94,6,220.000000,-220.000000,3.066254
95,6,225.000000,-220.000000,3.017128
96,6,230.000000,-220.000000,2.968198
97,6,235.000000,-220.000000,2.919268
98,6,240.000000,-220.000000,2.870338
99,6,245.000000,-220.000000,2.821611
100,6,250.000000,-220.000000,2.773317
0,7,-250.000000,-215.000000,3.774990
1,7,-245.000000,-215.000000,3.775124
2,7,-240.000000,-215.000000,3.775221
3,7,-235.000000,-215.000000,3.775317
4,7,-230.000000,-215.000000,3.775414
5,7,-225.000000,-215.000000,3.768757
6,7,-220.000000,-215.000000,3.761386
7,7,-215.000000,-215.000000,3.753363
8,7,-210.000000,-215.000000,3.745340
9,7,-205.000000,-215.000000,3.737317
10,7,-200.000000,-215.000000,3.727493
11,7,-195.000000,-215.000000,3.714246
12,7,-190.000000,-215.000000,3.700597
13,7,-185.000000,-215.000000,3.686530
14,7,-180.000000,-215.000000,3.672463
15,7,-175.000000,-215.000000,3.658396
16,7,-170.000000,-215.000000,3.641393
17,7,-165.000000,-215.000000,3.623565
18,7,-160.000000,-215.000000,3.604940
19,7,-155.000000,-215.000000,3.586250
20,7,-150.000000,-215.000000,3.567561
21,7,-145.000000,-215.000000,3.547522
22,7,-140.000000,-215.000000,3.522605
23,7,-135.000000,-215.000000,3.496987
24,7,-130.000000,-215.000000,3.470133
25,7,-125.000000,-215.000000,3.443279
26,7,-120.000000,-215.000000,3.416425
27,7,-115.000000,-215.000000,3.384521
28,7,-110.000000,-215.000000,3.349931
29,7,-105.000000,-215.000000,3.312842
30,7,-100.000000,-215.000000,3.275121
31,7,-95.000000,-215.000000,3.237400
32,7,-90.000000,-215.000000,3.199465
33,7,-85.000000,-215.000000,3.159338
34,7,-80.000000,-215.000000,3.118923
35,7,-75.000000,-215.000000,3.077563
36,7,-70.000000,-215.000000,3.036203
37,7,-65.000000,-215.000000,2.994843
38,7,-60.000000,-215.000000,2.957797
39,7,-55.000000,-215.000000,2.924659
40,7,-50.000000,-215.000000,2.895041
41,7,-45.000000,-215.000000,2.867157
42,7,-40.000000,-215.000000,2.839272
43,7,-35.000000,-215.000000,2.811387
44,7,-30.000000,-215.000000,2.798860
45,7,-25.000000,-215.000000,2.788296
46,7,-20.000000,-215.000000,2.788991
47,7,-15.000000,-215.000000,2.789686
48,7,-10.000000,-215.000000,2.790381
49,7,-5.000000,-215.000000,2.796985
50,7,0.000000,-215.000000,2.812576
51,7,5.000000,-215.000000,2.835971
52,7,10.000000,-215.000000,2.865961
53,7,15.000000,-215.000000,2.895951
54,7,20.000000,-215.000000,2.925940
55,7,25.000000,-215.000000,2.961699
56,7,30.000000,-215.000000,2.998616
57,7,35.000000,-215.000000,3.043563
58,7,40.000000,-215.000000,3.088691
59,7,45.000000,-215.000000,3.133818
60,7,50.000000,-215.000000,3.178570
61,7,55.000000,-215.000000,3.222300
62,7,60.000000,-215.000000,3.265186
63,7,65.000000,-215.000000,3.306877
64,7,70.000000,-215.000000,3.348568
65,7,75.000000,-215.000000,3.390259
66,7,80.000000,-215.000000,3.427837
67,7,85.000000,-215.000000,3.463692
68,7,90.000000,-215.000000,3.490569
69,7,95.000000,-215.000000,3.515863
70,7,100.000000,-215.000000,3.541157
71,7,105.000000,-215.000000,3.565528
72,7,110.000000,-215.000000,3.584263
73,7,115.000000,-215.000000,3.598725
74,7,120.000000,-215.000000,3.602521
75,7,125.000000,-215.000000,3.606317
76,7,130.000000,-215.000000,3.610112
77,7,135.000000,-215.000000,3.610742
78,7,140.000000,-215.000000,3.609049
79,7,145.000000,-215.000000,3.595730
80,7,150.000000,-215.000000,3.577935
81,7,155.000000,-215.000000,3.560141
82,7,160.000000,-215.000000,3.542298
83,7,165.000000,-215.000000,3.520734
84,7,170.000000,-215.000000,3.496836
85,7,175.000000,-215.000000,3.460506
86,7,180.000000,-215.000000,3.424176
87,7,185.000000,-215.000000,3.387847
88,7,190.000000,-215.000000,3.350735
89,7,195.000000,-215.000000,3.312663
90,7,200.000000,-215.000000,3.268840
91,7,205.000000,-215.000000,3.221088
92,7,210.000000,-215.000000,3.173335
93,7,215.000000,-215.000000,3.125582
94,7,220.000000,-215.000000,3.077846
95,7,225.000000,-215.000000,3.030117
96,7,230.000000,-215.000000,2.982548
97,7,235.000000,-215.000000,2.934978
98,7,240.000000,-215.000000,2.887409
99,7,245.000000,-215.000000,2.840037
100,7,250.000000,-215.000000,2.793084
0,8,-250.000000,-210.000000,3.810010
1,8,-245.000000,-210.000000,3.809703
2,8,-240.000000,-210.000000,3.809360
3,8,-235.000000,-210.000000,3.809016
4,8,-230.000000,-210.000000,3.808673
5,8,-225.000000,-210.000000,3.801844
6,8,-220.000000,-210.000000,3.794327
7,8,-215.000000,-210.000000,3.786185
8,8,-210.000000,-210.000000,3.778043
9,8,-205.000000,-210.000000,3.769901
10,8,-200.000000,-210.000000,3.760031
11,8,-195.000000,-210.000000,3.746875
12,8,-190.000000,-210.000000,3.733333
13,8,-185.000000,-210.000000,3.719391
14,8,-180.000000,-210.000000,3.705449
15,8,-175.000000,-210.000000,3.691506
16,8,-170.000000,-210.000000,3.674745
17,8,-165.000000,-210.000000,3.657193
18,8,-160.000000,-210.000000,3.638874
19,8,-155.000000,-210.000000,3.620494
20,8,-150.000000,-210.000000,3.602115
21,8,-145.000000,-210.000000,3.582441
22,8,-140.000000,-210.000000,3.558092
23,8,-135.000000,-210.000000,3.533070
24,8,-130.000000,-210.000000,3.506864
25,8,-125.000000,-210.000000,3.480658
26,8,-120.000000,-210.000000,3.454451
27,8,-115.000000,-210.000000,3.423411
28,8,-110.000000,-210.000000,3.389799
29,8,-105.000000,-210.000000,3.353794
30,8,-100.000000,-210.000000,3.317184
31,8,-95.000000,-210.000000,3.280574
32,8,-90.000000,-210.000000,3.243760
33,8,-85.000000,-210.000000,3.204857
34,8,-80.000000,-210.000000,3.165678
35,8,-75.000000,-210.000000,3.125597
36,8,-70.000000,-210.000000,3.085517
37,8,-65.000000,-210.000000,3.045437
38,8,-60.000000,-210.000000,3.009489
39,8,-55.000000,-210.000000,2.977285
40,8,-50.000000,-210.000000,2.948452
41,8,-45.000000,-210.000000,2.921279
42,8,-40.000000,-210.000000,2.894106
43,8,-35.000000,-210.000000,2.866933
44,8,-30.000000,-210.000000,2.854442
45,8,-25.000000,-210.000000,2.843829
46,8,-20.000000,-210.000000,2.843980
47,8,-15.000000,-210.000000,2.844131
48,8,-10.000000,-210.000000,2.844283
49,8,-5.000000,-210.000000,2.850071
50,8,0.000000,-210.000000,2.864433
51,8,5.000000,-210.000000,2.886240
52,8,10.000000,-210.000000,2.914339
53,8,15.000000,-210.000000,2.942437
54,8,20.000000,-210.000000,2.970536
55,8,25.000000,-210.000000,3.004108
56,8,30.000000,-210.000000,3.038780
57,8,35.000000,-210.000000,3.081072
58,8,40.000000,-210.000000,3.123534
59,8,45.000000,-210.000000,3.165997
60,8,50.000000,-210.000000,3.208092
61,8,55.000000,-210.000000,3.249186
62,8,60.000000,-210.000000,3.289452
63,8,65.000000,-210.000000,3.328548
64,8,70.000000,-210.000000,3.367645
65,8,75.000000,-210.000000,3.406741
66,8,80.000000,-210.000000,3.441911
67,8,85.000000,-210.000000,3.475436
68,8,90.000000,-210.000000,3.500391
69,8,95.000000,-210.000000,3.523834
70,8,100.000000,-210.000000,3.547277
71,8,105.000000,-210.000000,3.569842
72,8,110.000000,-210.000000,3.587049
73,8,115.000000,-210.000000,3.600193
74,8,120.000000,-210.000000,3.603194
75,8,125.000000,-210.000000,3.606196
76,8,130.000000,-210.000000,3.609198
77,8,135.000000,-210.000000,3.609185
78,8,140.000000,-210.000000,3.606961
79,8,145.000000,-210.000000,3.593668
80,8,150.000000,-210.000000,3.576113
81,8,155.000000,-210.000000,3.558558
82,8,160.000000,-210.000000,3.540958
83,8,165.000000,-210.000000,3.519792
84,8,170.000000,-210.000000,3.496389
85,8,175.000000,-210.000000,3.461076
86,8,180.000000,-210.000000,3.425762
87,8,185.000000,-210.000000,3.390448
88,8,190.000000,-210.000000,3.354379
89,8,195.000000,-210.000000,3.317382
90,8,200.000000,-210.000000,3.274829
91,8,205.000000,-210.000000,3.228478
92,8,210.000000,-210.000000,3.182127
93,8,215.000000,-210.000000,3.135777
94,8,220.000000,-210.000000,3.089439
95,8,225.000000,-210.000000,3.043106
96,8,230.000000,-210.000000,2.996898
97,8,235.000000,-210.000000,2.950689
98,8,240.000000,-210.000000,2.904480
99,8,245.000000,-210.000000,2.858463
100,8,250.000000,-210.000000,2.812852
0,9,-250.000000,-205.000000,3.846864
1,9,-245.000000,-205.000000,3.846149
2,9,-240.000000,-205.000000,3.845398
3,9,-235.000000,-205.000000,3.844647
4,9,-230.000000,-205.000000,3.843896
5,9,-225.000000,-205.000000,3.836919
6,9,-220.000000,-205.000000,3.829282
7,9,-215.000000,-205.000000,3.821046
8,9,-210.000000,-205.000000,3.812809
9,9,-205.000000,-205.000000,3.804572
10,9,-200.000000,-205.000000,3.794684
11,9,-195.000000,-205.000000,3.781657
12,9,-190.000000,-205.000000,3.768261
13,9,-185.000000,-205.000000,3.754482
14,9,-180.000000,-205.000000,3.740703
15,9,-175.000000,-205.000000,3.726924
16,9,-170.000000,-205.000000,3.710467
17,9,-165.000000,-205.000000,3.693256
18,9,-160.000000,-205.000000,3.675318
19,9,-155.000000,-205.000000,3.657321
20,9,-150.000000,-205.000000,3.639324
21,9,-145.000000,-205.000000,3.620096
22,9,-140.000000,-205.000000,3.596418
23,9,-135.000000,-205.000000,3.572099
24,9,-130.000000,-205.000000,3.546653
25,9,-125.000000,-205.000000,3.521207
26,9,-120.000000,-205.000000,3.495761
27,9,-115.000000,-205.000000,3.465707
28,9,-110.000000,-205.000000,3.433201
29,9,-105.000000,-205.000000,3.398415
30,9,-100.000000,-205.000000,3.363052
31,9,-95.000000,-205.000000,3.327689
32,9,-90.000000,-205.000000,3.292131
33,9,-85.000000,-205.000000,3.254575
34,9,-80.000000,-205.000000,3.216756
35,9,-75.000000,-205.000000,3.178076
36,9,-70.000000,-205.000000,3.139395
37,9,-65.000000,-205.000000,3.100715
38,9,-60.000000,-205.000000,3.065962
39,9,-55.000000,-205.000000,3.034767
40,9,-50.000000,-205.000000,3.006776
41,9,-45.000000,-205.000000,2.980364
42,9,-40.000000,-205.000000,2.953951
43,9,-35.000000,-205.000000,2.927538
44,9,-30.000000,-205.000000,2.915069
45,9,-25.000000,-205.000000,2.904382
46,9,-20.000000,-205.000000,2.903918
47,9,-15.000000,-205.000000,2.903454
48,9,-10.000000,-205.000000,2.902990
49,9,-5.000000,-205.000000,2.907865
50,9,0.000000,-205.000000,2.920858
51,9,5.000000,-205.000000,2.940903
52,9,10.000000,-205.000000,2.966905
53,9,15.000000,-205.000000,2.992907
54,9,20.000000,-205.000000,3.018910
55,9,25.000000,-205.000000,3.050055
56,9,30.000000,-205.000000,3.082233
57,9,35.000000,-205.000000,3.121571
58,9,40.000000,-205.000000,3.161069
59,9,45.000000,-205.000000,3.200568
60,9,50.000000,-205.000000,3.239704
61,9,55.000000,-205.000000,3.277857
62,9,60.000000,-205.000000,3.315196
63,9,65.000000,-205.000000,3.351386
64,9,70.000000,-205.000000,3.387575
65,9,75.000000,-205.000000,3.423765
66,9,80.000000,-205.000000,3.456235
67,9,85.000000,-205.000000,3.487146
68,9,90.000000,-205.000000,3.509940
69,9,95.000000,-205.000000,3.531300
70,9,100.000000,-205.000000,3.552661
71,9,105.000000,-205.000000,3.573196
72,9,110.000000,-205.000000,3.588686
73,9,115.000000,-205.000000,3.600352
74,9,120.000000,-205.000000,3.602469
75,9,125.000000,-205.000000,3.604587
76,9,130.000000,-205.000000,3.606705
77,9,135.000000,-205.000000,3.605981
78,9,140.000000,-205.000000,3.603170
79,9,145.000000,-205.000000,3.589922
80,9,150.000000,-205.000000,3.572656
81,9,155.000000,-205.000000,3.555390
82,9,160.000000,-205.000000,3.538080
83,9,165.000000,-205.000000,3.517375
84,9,170.000000,-205.000000,3.494543
85,9,175.000000,-205.000000,3.460372
86,9,180.000000,-205.000000,3.426202
87,9,185.000000,-205.000000,3.392032
88,9,190.000000,-205.000000,3.357133
89,9,195.000000,-205.000000,3.321340
90,9,200.000000,-205.000000,3.280188
91,9,205.000000,-205.000000,3.235375
92,9,210.000000,-205.000000,3.190561
93,9,215.000000,-205.000000,3.145748
94,9,220.000000,-205.000000,3.100940
95,9,225.000000,-205.000000,3.056135
96,9,230.000000,-205.000000,3.011386
97,9,235.000000,-205.000000,2.966637
98,9,240.000000,-205.000000,2.921888
99,9,245.000000,-205.000000,2.877323
100,9,250.000000,-205.000000,2.833149
0,10,-250.000000,-200.000000,3.885037
1,10,-245.000000,-200.000000,3.883937
2,10,-240.000000,-200.000000,3.882801
3,10,-235.000000,-200.000000,3.881666
4,10,-230.000000,-200.000000,3.880530
5,10,-225.000000,-200.000000,3.873424
6,10,-220.000000,-200.000000,3.865685
7,10,-215.000000,-200.000000,3.857371
8,10,-210.000000,-200.000000,3.849057
9,10,-205.000000,-200.000000,3.840743
10,10,-200.000000,-200.000000,3.830858
11,10,-195.000000,-200.000000,3.817986
12,10,-190.000000,-200.000000,3.804763
13,10,-185.000000,-200.000000,3.791176
14,10,-180.000000,-200.000000,3.777589
15,10,-175.000000,-200.000000,3.764002
16,10,-170.000000,-200.000000,3.747891
17,10,-165.000000,-200.000000,3.731071
18,10,-160.000000,-200.000000,3.713564
19,10,-155.000000,-200.000000,3.696004
20,10,-150.000000,-200.000000,3.678443
21,10,-145.000000,-200.000000,3.659718
22,10,-140.000000,-200.000000,3.636784
23,10,-135.000000,-200.000000,3.613245
24,10,-130.000000,-200.000000,3.588640
25,10,-125.000000,-200.000000,3.564035
26,10,-120.000000,-200.000000,3.539429
27,10,-115.000000,-200.000000,3.510450
28,10,-110.000000,-200.000000,3.479144
29,10,-105.000000,-200.000000,3.445673
30,10,-100.000000,-200.000000,3.411654
31,10,-95.000000,-200.000000,3.377636
32,10,-90.000000,-200.000000,3.343431
33,10,-85.000000,-200.000000,3.307313
34,10,-80.000000,-200.000000,3.270943
35,10,-75.000000,-200.000000,3.233748
36,10,-70.000000,-200.000000,3.196553
37,10,-65.000000,-200.000000,3.159359
38,10,-60.000000,-200.000000,3.125870
39,10,-55.000000,-200.000000,3.095740
40,10,-50.000000,-200.000000,3.068633
41,10,-45.000000,-200.000000,3.043016
42,10,-40.000000,-200.000000,3.017398
43,10,-35.000000,-200.000000,2.991781
44,10,-30.000000,-200.000000,2.979321
45,10,-25.000000,-200.000000,2.968544
46,10,-20.000000,-200.000000,2.967414
47,10,-15.000000,-200.000000,2.966283
48,10,-10.000000,-200.000000,2.965152
49,10,-5.000000,-200.000000,2.969042
50,10,0.000000,-200.000000,2.980567
51,10,5.000000,-200.000000,2.998723
52,10,10.000000,-200.000000,3.022482
53,10,15.000000,-200.000000,3.046240
54,10,20.000000,-200.000000,3.069999
55,10,25.000000,-200.000000,3.098544
56,10,30.000000,-200.000000,3.128050
57,10,35.000000,-200.000000,3.164219
58,10,40.000000,-200.000000,3.200538
59,10,45.000000,-200.000000,3.236857
60,10,50.000000,-200.000000,3.272819
61,10,55.000000,-200.000000,3.307812
62,10,60.000000,-200.000000,3.342003
63,10,65.000000,-200.000000,3.375062
64,10,70.000000,-200.000000,3.408120
65,10,75.000000,-200.000000,3.441178
66,10,80.000000,-200.000000,3.470739
67,10,85.000000,-200.000000,3.498833
68,10,90.000000,-200.000000,3.519293
69,10,95.000000,-200.000000,3.538405
70,10,100.000000,-200.000000,3.557518
71,10,105.000000,-200.000000,3.575860
72,10,110.000000,-200.000000,3.589498
73,10,115.000000,-200.000000,3.599570
74,10,120.000000,-200.000000,3.600740
75,10,125.000000,-200.000000,3.601909
76,10,130.000000,-200.000000,3.603078
77,10,135.000000,-200.000000,3.601592
78,10,140.000000,-200.000000,3.598156
79,10,145.000000,-200.000000,3.584968
80,10,150.000000,-200.000000,3.568024
81,10,155.000000,-200.000000,3.551080
82,10,160.000000,-200.000000,3.534095
83,10,165.000000,-200.000000,3.513899
84,10,170.000000,-200.000000,3.491690
85,10,175.000000,-200.000000,3.458755
86,10,180.000000,-200.000000,3.425819
87,10,185.000000,-200.000000,3.392884
88,10,190.000000,-200.000000,3.359248
89,10,195.000000,-200.000000,3.324750
90,10,200.000000,-200.000000,3.285096
91,10,205.000000,-200.000000,3.241917
92,10,210.000000,-200.000000,3.198738
93,10,215.000000,-200.000000,3.155559
94,10,220.000000,-200.000000,3.112376
95,10,225.000000,-200.000000,3.069192
96,10,230.000000,-200.000000,3.025973
97,10,235.000000,-200.000000,2.982755
98,10,240.000000,-200.000000,2.939536
99,10,245.000000,-200.000000,2.896494
100,10,250.000000,-200.000000,2.853828
0,11,-250.000000,-195.000000,3.923525
1,11,-245.000000,-195.000000,3.922046
2,11,-240.000000,-195.000000,3.920531
3,11,-235.000000,-195.000000,3.919016
4,11,-230.000000,-195.000000,3.917502
5,11,-225.000000,-195.000000,3.910271
6,11,-220.000000,-195.000000,3.902435
7,11,-215.000000,-195.000000,3.894048
8,11,-210.000000,-195.000000,3.885660
9,11,-205.000000,-195.000000,3.877273
10,11,-200.000000,-195.000000,3.867396
11,11,-195.000000,-195.000000,3.854685
12,11,-190.000000,-195.000000,3.841642
13,11,-185.000000,-195.000000,3.828253
14,11,-180.000000,-195.000000,3.814864
15,11,-175.000000,-195.000000,3.801476
16,11,-170.000000,-195.000000,3.785722
17,11,-165.000000,-195.000000,3.769304
18,11,-160.000000,-195.000000,3.752243
19,11,-155.000000,-195.000000,3.735130
20,11,-150.000000,-195.000000,3.718018
21,11,-145.000000,-195.000000,3.699809
22,11,-140.000000,-195.000000,3.677638
23,11,-135.000000,-195.000000,3.654897
24,11,-130.000000,-195.000000,3.631152
25,11,-125.000000,-195.000000,3.607408
26,11,-120.000000,-195.000000,3.583663
27,11,-115.000000,-195.000000,3.555780
28,11,-110.000000,-195.000000,3.525695
29,11,-105.000000,-195.000000,3.493562
30,11,-100.000000,-195.000000,3.460911
31,11,-95.000000,-195.000000,3.428260
32,11,-90.000000,-195.000000,3.395431
33,11,-85.000000,-195.000000,3.360772
34,11,-80.000000,-195.000000,3.325873
35,11,-75.000000,-195.000000,3.290184
36,11,-70.000000,-195.000000,3.254496
37,11,-65.000000,-195.000000,3.218807
38,11,-60.000000,-195.000000,3.186601
39,11,-55.000000,-195.000000,3.157548
40,11,-50.000000,-195.000000,3.131335
41,11,-45.000000,-195.000000,3.106521
42,11,-40.000000,-195.000000,3.081707
43,11,-35.000000,-195.000000,3.056894
44,11,-30.000000,-195.000000,3.044441
45,11,-25.000000,-195.000000,3.033569
46,11,-20.000000,-195.000000,3.031759
47,11,-15.000000,-195.000000,3.029950
48,11,-10.000000,-195.000000,3.028140
49,11,-5.000000,-195.000000,3.031029
50,11,0.000000,-195.000000,3.041061
51,11,5.000000,-195.000000,3.057299
52,11,10.000000,-195.000000,3.078779
53,11,15.000000,-195.000000,3.100258
54,11,20.000000,-195.000000,3.121738
55,11,25.000000,-195.000000,3.147641
56,11,30.000000,-195.000000,3.174433
57,11,35.000000,-195.000000,3.207382
58,11,40.000000,-195.000000,3.240470
59,11,45.000000,-195.000000,3.273557
60,11,50.000000,-195.000000,3.306293
61,11,55.000000,-195.000000,3.338073
62,11,60.000000,-195.000000,3.369064
63,11,65.000000,-195.000000,3.398938
64,11,70.000000,-195.000000,3.428811
65,11,75.000000,-195.000000,3.458685
66,11,80.000000,-195.000000,3.485285
67,11,85.000000,-195.000000,3.510514
68,11,90.000000,-195.000000,3.528599
69,11,95.000000,-195.000000,3.545424
70,11,100.000000,-195.000000,3.562248
71,11,105.000000,-195.000000,3.578359
72,11,110.000000,-195.000000,3.590113
73,11,115.000000,-195.000000,3.598564
74,11,120.000000,-195.000000,3.598770
75,11,125.000000,-195.000000,3.598975
76,11,130.000000,-195.000000,3.599180
77,11,135.000000,-195.000000,3.596920
78,11,140.000000,-195.000000,3.592850
79,11,145.000000,-195.000000,3.579723
80,11,150.000000,-195.000000,3.563111
81,11,155.000000,-195.000000,3.546498
82,11,160.000000,-195.000000,3.529846
83,11,165.000000,-195.000000,3.510169
84,11,170.000000,-195.000000,3.488596
85,11,175.000000,-195.000000,3.456918
86,11,180.000000,-195.000000,3.425240
87,11,185.000000,-195.000000,3.393562
88,11,190.000000,-195.000000,3.361210
89,11,195.000000,-195.000000,3.328030
90,11,200.000000,-195.000000,3.289895
91,11,205.000000,-195.000000,3.248374
92,11,210.000000,-195.000000,3.206853
93,11,215.000000,-195.000000,3.165331
94,11,220.000000,-195.000000,3.123797
95,11,225.000000,-195.000000,3.082256
96,11,230.000000,-195.000000,3.040585
97,11,235.000000,-195.000000,2.998913
98,11,240.000000,-195.000000,2.957242
99,11,245.000000,-195.000000,2.915740
100,11,250.000000,-195.000000,2.874597
0,12,-250.000000,-190.000000,3.962055
1,12,-245.000000,-190.000000,3.960197
2,12,-240.000000,-190.000000,3.958304
3,12,-235.000000,-190.000000,3.956411
4,12,-230.000000,-190.000000,3.954518
5,12,-225.000000,-190.000000,3.947163
6,12,-220.000000,-190.000000,3.939230
7,12,-215.000000,-190.000000,3.930770
8,12,-210.000000,-190.000000,3.922310
9,12,-205.000000,-190.000000,3.913850
10,12,-200.000000,-190.000000,3.903981
11,12,-195.000000,-190.000000,3.891433
12,12,-190.000000,-190.000000,3.878571
13,12,-185.000000,-190.000000,3.865381
14,12,-180.000000,-190.000000,3.852192
15,12,-175.000000,-190.000000,3.839002
16,12,-170.000000,-190.000000,3.823607
17,12,-165.000000,-190.000000,3.807592
18,12,-160.000000,-190.000000,3.790978
19,12,-155.000000,-190.000000,3.774315
20,12,-150.000000,-190.000000,3.757653
21,12,-145.000000,-190.000000,3.739963
22,12,-140.000000,-190.000000,3.718557
23,12,-135.000000,-190.000000,3.696616
24,12,-130.000000,-190.000000,3.673734
25,12,-125.000000,-190.000000,3.650852
26,12,-120.000000,-190.000000,3.627970
27,12,-115.000000,-190.000000,3.601186
28,12,-110.000000,-190.000000,3.572326
29,12,-105.000000,-190.000000,3.541534
30,12,-100.000000,-190.000000,3.510254
31,12,-95.000000,-190.000000,3.478974
32,12,-90.000000,-190.000000,3.447524
33,12,-85.000000,-190.000000,3.414327
34,12,-80.000000,-190.000000,3.380901
35,12,-75.000000,-190.000000,3.346721
36,12,-70.000000,-190.000000,3.312542
37,12,-65.000000,-190.000000,3.278362
38,12,-60.000000,-190.000000,3.247439
39,12,-55.000000,-190.000000,3.219465
40,12,-50.000000,-190.000000,3.194148
41,12,-45.000000,-190.000000,3.170139
42,12,-40.000000,-190.000000,3.146130
43,12,-35.000000,-190.000000,3.122121
44,12,-30.000000,-190.000000,3.109675
45,12,-25.000000,-190.000000,3.098708
46,12,-20.000000,-190.000000,3.096218
47,12,-15.000000,-190.000000,3.093727
48,12,-10.000000,-190.000000,3.091237
49,12,-5.000000,-190.000000,3.093122
50,12,0.000000,-190.000000,3.101659
51,12,5.000000,-190.000000,3.115974
52,12,10.000000,-190.000000,3.135170
53,12,15.000000,-190.000000,3.154367
54,12,20.000000,-190.000000,3.173563
55,12,25.000000,-190.000000,3.196819
56,12,30.000000,-190.000000,3.220891
57,12,35.000000,-190.000000,3.250613
58,12,40.000000,-190.000000,3.280462
59,12,45.000000,-190.000000,3.310312
60,12,50.000000,-190.000000,3.339815
61,12,55.000000,-190.000000,3.368376
62,12,60.000000,-190.000000,3.396158
63,12,65.000000,-190.000000,3.422840
64,12,70.000000,-190.000000,3.449522
65,12,75.000000,-190.000000,3.476204
66,12,80.000000,-190.000000,3.499838
67,12,85.000000,-190.000000,3.522195
68,12,90.000000,-190.000000,3.537899
69,12,95.000000,-190.000000,3.552430
70,12,100.000000,-190.000000,3.566962
71,12,105.000000,-190.000000,3.580836
72,12,110.000000,-190.000000,3.590702
73,12,115.000000,-190.000000,3.597529
74,12,120.000000,-190.000000,3.596768
75,12,125.000000,-190.000000,3.596007
76,12,130.000000,-190.000000,3.595247
77,12,135.000000,-190.000000,3.592211
78,12,140.000000,-190.000000,3.587504
79,12,145.000000,-190.000000,3.574441
80,12,150.000000,-190.000000,3.558160
81,12,155.000000,-190.000000,3.541880
82,12,160.000000,-190.000000,3.525563
83,12,165.000000,-190.000000,3.506406
84,12,170.000000,-190.000000,3.485471
85,12,175.000000,-190.000000,3.455052
86,12,180.000000,-190.000000,3.424634
87,12,185.000000,-190.000000,3.394216
88,12,190.000000,-190.000000,3.363151
89,12,195.000000,-190.000000,3.331293
90,12,200.000000,-190.000000,3.294681
91,12,205.000000,-190.000000,3.254820
92,12,210.000000,-190.000000,3.214960
93,12,215.000000,-190.000000,3.175099
94,12,220.000000,-190.000000,3.135215
95,12,225.000000,-190.000000,3.095321
96,12,230.000000,-190.000000,3.055199
97,12,235.000000,-190.000000,3.015077
98,12,240.000000,-190.000000,2.974955
99,12,245.000000,-190.000000,2.934995
100,12,250.000000,-190.000000,2.895379
0,13,-250.000000,-185.000000,4.000585
1,13,-245.000000,-185.000000,3.998348
2,13,-240.000000,-185.000000,3.996077
3,13,-235.000000,-185.000000,3.993805
4,13,-230.000000,-185.000000,3.991534
5,13,-225.000000,-185.000000,3.984055
6,13,-220.000000,-185.000000,3.976025
7,13,-215.000000,-185.000000,3.967492
8,13,-210.000000,-185.000000,3.958960
9,13,-205.000000,-185.000000,3.950428
10,13,-200.000000,-185.000000,3.940567
11,13,-195.000000,-185.000000,3.928181
12,13,-190.000000,-185.000000,3.915499
13,13,-185.000000,-185.000000,3.902509
14,13,-180.000000,-185.000000,3.889519
15,13,-175.000000,-185.000000,3.876528
16,13,-170.000000,-185.000000,3.861492
17,13,-165.000000,-185.000000,3.845880
18,13,-160.000000,-185.000000,3.829713
19,13,-155.000000,-185.000000,3.813501
20,13,-150.000000,-185.000000,3.797289
21,13,-145.000000,-185.000000,3.780117
22,13,-140.000000,-185.000000,3.759475
23,13,-135.000000,-185.000000,3.738335
24,13,-130.000000,-185.000000,3.716316
25,13,-125.000000,-185.000000,3.694297
26,13,-120.000000,-185.000000,3.672278
27,13,-115.000000,-185.000000,3.646593
28,13,-110.000000,-185.000000,3.618957
29,13,-105.000000,-185.000000,3.589506
30,13,-100.000000,-185.000000,3.559597
31,13,-95.000000,-185.000000,3.529688
32,13,-90.000000,-185.000000,3.499616
33,13,-85.000000,-185.000000,3.467882
34,13,-80.000000,-185.000000,3.435928
35,13,-75.000000,-185.000000,3.403258
36,13,-70.000000,-185.000000,3.370588
37,13,-65.000000,-185.000000,3.337917
38,13,-60.000000,-185.000000,3.308278
39,13,-55.000000,-185.000000,3.281383
40,13,-50.000000,-185.000000,3.256961
41,13,-45.000000,-185.000000,3.233757
42,13,-40.000000,-185.000000,3.210553
43,13,-35.000000,-185.000000,3.187348
44,13,-30.000000,-185.000000,3.174909
45,13,-25.000000,-185.000000,3.163846
46,13,-20.000000,-185.000000,3.160676
47,13,-15.000000,-185.000000,3.157505
48,13,-10.000000,-185.000000,3.154334
49,13,-5.000000,-185.000000,3.155215
50,13,0.000000,-185.000000,3.162256
51,13,5.000000,-185.000000,3.174649
52,13,10.000000,-185.000000,3.191562
53,13,15.000000,-185.000000,3.208475
54,13,20.000000,-185.000000,3.225388
55,13,25.000000,-185.000000,3.245997
56,13,30.000000,-185.000000,3.267348
57,13,35.000000,-185.000000,3.293844
58,13,40.000000,-185.000000,3.320455
59,13,45.000000,-185.000000,3.347066
60,13,50.000000,-185.000000,3.373336
61,13,55.000000,-185.000000,3.398678
62,13,60.000000,-185.000000,3.423253
63,13,65.000000,-185.000000,3.446743
64,13,70.000000,-185.000000,3.470233
65,13,75.000000,-185.000000,3.493722
66,13,80.000000,-185.000000,3.514390
67,13,85.000000,-185.000000,3.533875
68,13,90.000000,-185.000000,3.547200
69,13,95.000000,-185.000000,3.559437
70,13,100.000000,-185.000000,3.571675
71,13,105.000000,-185.000000,3.583313
72,13,110.000000,-185.000000,3.591291
73,13,115.000000,-185.000000,3.596493
74,13,120.000000,-185.000000,3.594766
75,13,125.000000,-185.000000,3.593040
76,13,130.000000,-185.000000,3.591313
77,13,135.000000,-185.000000,3.587501
78,13,140.000000,-185.000000,3.582159
79,13,145.000000,-185.000000,3.569159
80,13,150.000000,-185.000000,3.553210
81,13,155.000000,-185.000000,3.537262
82,13,160.000000,-185.000000,3.521279
83,13,165.000000,-185.000000,3.502644
84,13,170.000000,-185.000000,3.482345
85,13,175.000000,-185.000000,3.453187
86,13,180.000000,-185.000000,3.424028
87,13,185.000000,-185.000000,3.394870
88,13,190.000000,-185.000000,3.365093
89,13,195.000000,-185.000000,3.334555
90,13,200.000000,-185.000000,3.299466
91,13,205.000000,-185.000000,3.261266
92,13,210.000000,-185.000000,3.223066
93,13,215.000000,-185.000000,3.184867
94,13,220.000000,-185.000000,3.146633
95,13,225.000000,-185.000000,3.108386
96,13,230.000000,-185.000000,3.069813
97,13,235.000000,-185.000000,3.031241
98,13,240.000000,-185.000000,2.992669
99,13,245.000000,-185.000000,2.954251
100,13,250.000000,-185.000000,2.916160
0,14,-250.000000,-180.000000,4.037218
1,14,-245.000000,-180.000000,4.034673
2,14,-240.000000,-180.000000,4.032093
3,14,-235.000000,-180.000000,4.029514
4,14,-230.000000,-180.000000,4.026934
5,14,-225.000000,-180.000000,4.019364
6,14,-220.000000,-180.000000,4.011265
7,14,-215.000000,-180.000000,4.002685
8,14,-210.000000,-180.000000,3.994105
9,14,-205.000000,-180.000000,3.985524
10,14,-200.000000,-180.000000,3.975694
11,14,-195.000000,-180.000000,3.963486
12,14,-190.000000,-180.000000,3.951000
13,14,-185.000000,-180.000000,3.938223
14,14,-180.000000,-180.000000,3.925447
15,14,-175.000000,-180.000000,3.912670
16,14,-170.000000,-180.000000,3.898016
17,14,-165.000000,-180.000000,3.882835
18,14,-160.000000,-180.000000,3.867143
19,14,-155.000000,-180.000000,3.851411
20,14,-150.000000,-180.000000,3.835678
21,14,-145.000000,-180.000000,3.819053
22,14,-140.000000,-180.000000,3.799204
23,14,-135.000000,-180.000000,3.778890
24,14,-130.000000,-180.000000,3.757759
25,14,-125.000000,-180.000000,3.736628
26,14,-120.000000,-180.000000,3.715497
27,14,-115.000000,-180.000000,3.690917
28,14,-110.000000,-180.000000,3.664503
29,14,-105.000000,-180.000000,3.636381
30,14,-100.000000,-180.000000,3.607828
31,14,-95.000000,-180.000000,3.579275
32,14,-90.000000,-180.000000,3.550565
33,14,-85.000000,-180.000000,3.520251
34,14,-80.000000,-180.000000,3.489725
35,14,-75.000000,-180.000000,3.458508
36,14,-70.000000,-180.000000,3.427291
37,14,-65.000000,-180.000000,3.396074
38,14,-60.000000,-180.000000,3.367663
39,14,-55.000000,-180.000000,3.341793
40,14,-50.000000,-180.000000,3.318213
41,14,-45.000000,-180.000000,3.295760
42,14,-40.000000,-180.000000,3.273307
43,14,-35.000000,-180.000000,3.250853
44,14,-30.000000,-180.000000,3.238391
45,14,-25.000000,-180.000000,3.227206
46,14,-20.000000,-180.000000,3.223346
47,14,-15.000000,-180.000000,3.219486
48,14,-10.000000,-180.000000,3.215625
49,14,-5.000000,-180.000000,3.215501
50,14,0.000000,-180.000000,3.221058
51,14,5.000000,-180.000000,3.231549
52,14,10.000000,-180.000000,3.246209
53,14,15.000000,-180.000000,3.260869
54,14,20.000000,-180.000000,3.275529
55,14,25.000000,-180.000000,3.293521
56,14,30.000000,-180.000000,3.312182
57,14,35.000000,-180.000000,3.335480
58,14,40.000000,-180.000000,3.358883
59,14,45.000000,-180.000000,3.382285
60,14,50.000000,-180.000000,3.405348
61,14,55.000000,-180.000000,3.427488
62,14,60.000000,-180.000000,3.448866
63,14,65.000000,-180.000000,3.469164
64,14,70.000000,-180.000000,3.489462
65,14,75.000000,-180.000000,3.509761
66,14,80.000000,-180.000000,3.527458
67,14,85.000000,-180.000000,3.544065
68,14,90.000000,-180.000000,3.554995
69,14,95.000000,-180.000000,3.564923
70,14,100.000000,-180.000000,3.574851
71,14,105.000000,-180.000000,3.584237
72,14,110.000000,-180.000000,3.590313
73,14,115.000000,-180.000000,3.593879
74,14,120.000000,-180.000000,3.591179
75,14,125.000000,-180.000000,3.588480
76,14,130.000000,-180.000000,3.585781
77,14,135.000000,-180.000000,3.581189
78,14,140.000000,-180.000000,3.575206
79,14,145.000000,-180.000000,3.562269
80,14,150.000000,-180.000000,3.546655
81,14,155.000000,-180.000000,3.531041
82,14,160.000000,-180.000000,3.515395
83,14,165.000000,-180.000000,3.497278
84,14,170.000000,-180.000000,3.477612
85,14,175.000000,-180.000000,3.449691
86,14,180.000000,-180.000000,3.421770
87,14,185.000000,-180.000000,3.393849
88,14,190.000000,-180.000000,3.365334
89,14,195.000000,-180.000000,3.336087
90,14,200.000000,-180.000000,3.302464
91,14,205.000000,-180.000000,3.265850
92,14,210.000000,-180.000000,3.229237
93,14,215.000000,-180.000000,3.192623
94,14,220.000000,-180.000000,3.155962
95,14,225.000000,-180.000000,3.119281
96,14,230.000000,-180.000000,3.082146
97,14,235.000000,-180.000000,3.045010
98,14,240.000000,-180.000000,3.007874
99,14,245.000000,-180.000000,2.970885
100,14,250.000000,-180.000000,2.934208
0,15,-250.000000,-175.000000,4.071853
1,15,-245.000000,-175.000000,4.069074
2,15,-240.000000,-175.000000,4.066261
3,15,-235.000000,-175.000000,4.063447
4,15,-230.000000,-175.000000,4.060633
5,15,-225.000000,-175.000000,4.053006
6,15,-220.000000,-175.000000,4.044868
7,15,-215.000000,-175.000000,4.036266
8,15,-210.000000,-175.000000,4.027664
9,15,-205.000000,-175.000000,4.019062
10,15,-200.000000,-175.000000,4.009285
11,15,-195.000000,-175.000000,3.997272
12,15,-190.000000,-175.000000,3.984997
13,15,-185.000000,-175.000000,3.972449
14,15,-180.000000,-175.000000,3.959902
15,15,-175.000000,-175.000000,3.947354
16,15,-170.000000,-175.000000,3.933108
17,15,-165.000000,-175.000000,3.918385
18,15,-160.000000,-175.000000,3.903200
19,15,-155.000000,-175.000000,3.887978
20,15,-150.000000,-175.000000,3.872756
21,15,-145.000000,-175.000000,3.856709
22,15,-140.000000,-175.000000,3.837678
23,15,-135.000000,-175.000000,3.818218
24,15,-130.000000,-175.000000,3.798002
25,15,-125.000000,-175.000000,3.777786
26,15,-120.000000,-175.000000,3.757571
27,15,-115.000000,-175.000000,3.734104
28,15,-110.000000,-175.000000,3.708907
29,15,-105.000000,-175.000000,3.682101
30,15,-100.000000,-175.000000,3.654888
31,15,-95.000000,-175.000000,3.627675
32,15,-90.000000,-175.000000,3.600309
33,15,-85.000000,-175.000000,3.571371
34,15,-80.000000,-175.000000,3.542226
35,15,-75.000000,-175.000000,3.512403
36,15,-70.000000,-175.000000,3.482580
37,15,-65.000000,-175.000000,3.452758
38,15,-60.000000,-175.000000,3.425517
39,15,-55.000000,-175.000000,3.400615
40,15,-50.000000,-175.000000,3.377819
41,15,-45.000000,-175.000000,3.356061
42,15,-40.000000,-175.000000,3.334303
43,15,-35.000000,-175.000000,3.312545
44,15,-30.000000,-175.000000,3.300028
45,15,-25.000000,-175.000000,3.288693
46,15,-20.000000,-175.000000,3.284134
47,15,-15.000000,-175.000000,3.279574
48,15,-10.000000,-175.000000,3.275014
49,15,-5.000000,-175.000000,3.273883
50,15,0.000000,-175.000000,3.277967
51,15,5.000000,-175.000000,3.286580
52,15,10.000000,-175.000000,3.299019
53,15,15.000000,-175.000000,3.311459
54,15,20.000000,-175.000000,3.323898
55,15,25.000000,-175.000000,3.339304
56,15,30.000000,-175.000000,3.355306
57,15,35.000000,-175.000000,3.375438
58,15,40.000000,-175.000000,3.395662
59,15,45.000000,-175.000000,3.415887
60,15,50.000000,-175.000000,3.435771
61,15,55.000000,-175.000000,3.454727
62,15,60.000000,-175.000000,3.472918
63,15,65.000000,-175.000000,3.490025
64,15,70.000000,-175.000000,3.507133
65,15,75.000000,-175.000000,3.524240
66,15,80.000000,-175.000000,3.538963
67,15,85.000000,-175.000000,3.552686
68,15,90.000000,-175.000000,3.561205
69,15,95.000000,-175.000000,3.568806
70,15,100.000000,-175.000000,3.576408
71,15,105.000000,-175.000000,3.583524
72,15,110.000000,-175.000000,3.587684
73,15,115.000000,-175.000000,3.589602
74,15,120.000000,-175.000000,3.585924
75,15,125.000000,-175.000000,3.582245
76,15,130.000000,-175.000000,3.578567
77,15,135.000000,-175.000000,3.573188
78,15,140.000000,-175.000000,3.566560
79,15,145.000000,-175.000000,3.553687
80,15,150.000000,-175.000000,3.538410
81,15,155.000000,-175.000000,3.523133
82,15,160.000000,-175.000000,3.507826
83,15,165.000000,-175.000000,3.490225
84,15,170.000000,-175.000000,3.471184
85,15,175.000000,-175.000000,3.444478
86,15,180.000000,-175.000000,3.417771
87,15,185.000000,-175.000000,3.391065
88,15,190.000000,-175.000000,3.363783
89,15,195.000000,-175.000000,3.335796
90,15,200.000000,-175.000000,3.303579
91,15,205.000000,-175.000000,3.268473
92,15,210.000000,-175.000000,3.233367
93,15,215.000000,-175.000000,3.198261
94,15,220.000000,-175.000000,3.163091
95,15,225.000000,-175.000000,3.127893
96,15,230.000000,-175.000000,3.092075
97,15,235.000000,-175.000000,3.056256
98,15,240.000000,-175.000000,3.020438
99,15,245.000000,-175.000000,2.984760
100,15,250.000000,-175.000000,2.949377
0,16,-250.000000,-170.000000,4.105936
1,16,-245.000000,-170.000000,4.102943
2,16,-240.000000,-170.000000,4.099916
3,16,-235.000000,-170.000000,4.096888
4,16,-230.000000,-170.000000,4.093861
5,16,-225.000000,-170.000000,4.086185
6,16,-220.000000,-170.000000,4.078017
7,16,-215.000000,-170.000000,4.069401
8,16,-210.000000,-170.000000,4.060785
9,16,-205.000000,-170.000000,4.052168
10,16,-200.000000,-170.000000,4.042450
11,16,-195.000000,-170.000000,4.030637
12,16,-190.000000,-170.000000,4.018578
13,16,-185.000000,-170.000000,4.006264
14,16,-180.000000,-170.000000,3.993949
15,16,-175.000000,-170.000000,3.981635
16,16,-170.000000,-170.000000,3.967803
17,16,-165.000000,-170.000000,3.953546
18,16,-160.000000,-170.000000,3.938876
19,16,-155.000000,-170.000000,3.924174
20,16,-150.000000,-170.000000,3.909471
21,16,-145.000000,-170.000000,3.894010
22,16,-140.000000,-170.000000,3.875806
23,16,-135.000000,-170.000000,3.857207
24,16,-130.000000,-170.000000,3.837914
25,16,-125.000000,-170.000000,3.818620
26,16,-120.000000,-170.000000,3.799327
27,16,-115.000000,-170.000000,3.776974
28,16,-110.000000,-170.000000,3.752994
29,16,-105.000000,-170.000000,3.727501
30,16,-100.000000,-170.000000,3.701624
31,16,-95.000000,-170.000000,3.675747
32,16,-90.000000,-170.000000,3.649720
33,16,-85.000000,-170.000000,3.622145
34,16,-80.000000,-170.000000,3.594368
35,16,-75.000000,-170.000000,3.565923
36,16,-70.000000,-170.000000,3.537478
37,16,-65.000000,-170.000000,3.509034
38,16,-60.000000,-170.000000,3.482947
39,16,-55.000000,-170.000000,3.458997
40,16,-50.000000,-170.000000,3.436971
41,16,-45.000000,-170.000000,3.415892
42,16,-40.000000,-170.000000,3.394813
43,16,-35.000000,-170.000000,3.373734
44,16,-30.000000,-170.000000,3.361155
45,16,-25.000000,-170.000000,3.349662
46,16,-20.000000,-170.000000,3.344400
47,16,-15.000000,-170.000000,3.339138
48,16,-10.000000,-170.000000,3.333877
49,16,-5.000000,-170.000000,3.331739
50,16,0.000000,-170.000000,3.334353
51,16,5.000000,-170.000000,3.341094
52,16,10.000000,-170.000000,3.351321
53,16,15.000000,-170.000000,3.361549
54,16,20.000000,-170.000000,3.371776
55,16,25.000000,-170.000000,3.384605
56,16,30.000000,-170.000000,3.397957
57,16,35.000000,-170.000000,3.414931
58,16,40.000000,-170.000000,3.431986
59,16,45.000000,-170.000000,3.449041
60,16,50.000000,-170.000000,3.465753
61,16,55.000000,-170.000000,3.481531
62,16,60.000000,-170.000000,3.496539
63,16,65.000000,-170.000000,3.510455
64,16,70.000000,-170.000000,3.524371
65,16,75.000000,-170.000000,3.538287
66,16,80.000000,-170.000000,3.550034
67,16,85.000000,-170.000000,3.560873
68,16,90.000000,-170.000000,3.566977
69,16,95.000000,-170.000000,3.572247
70,16,100.000000,-170.000000,3.577516
71,16,105.000000,-170.000000,3.582359
72,16,110.000000,-170.000000,3.584599
73,16,115.000000,-170.000000,3.584865
74,16,120.000000,-170.000000,3.580206
75,16,125.000000,-170.000000,3.575546
76,16,130.000000,-170.000000,3.570886
77,16,135.000000,-170.000000,3.564719
78,16,140.000000,-170.000000,3.557446
79,16,145.000000,-170.000000,3.544637
80,16,150.000000,-170.000000,3.529698
81,16,155.000000,-170.000000,3.514758
82,16,160.000000,-170.000000,3.499791
83,16,165.000000,-170.000000,3.482704
84,16,170.000000,-170.000000,3.464288
85,16,175.000000,-170.000000,3.438789
86,16,180.000000,-170.000000,3.413291
87,16,185.000000,-170.000000,3.387792
88,16,190.000000,-170.000000,3.361738
89,16,195.000000,-170.000000,3.335000
90,16,200.000000,-170.000000,3.304174
91,16,205.000000,-170.000000,3.270554
92,16,210.000000,-170.000000,3.236933
93,16,215.000000,-170.000000,3.203313
94,16,220.000000,-170.000000,3.169610
95,16,225.000000,-170.000000,3.135873
96,16,230.000000,-170.000000,3.101339
97,16,235.000000,-170.000000,3.066805
98,16,240.000000,-170.000000,3.032271
99,16,245.000000,-170.000000,2.997870
100,16,250.000000,-170.000000,2.963749
0,17,-250.000000,-165.000000,4.139870
1,17,-245.000000,-165.000000,4.136670
2,17,-240.000000,-165.000000,4.133434
3,17,-235.000000,-165.000000,4.130198
4,17,-230.000000,-165.000000,4.126963
5,17,-225.000000,-165.000000,4.119242
6,17,-220.000000,-165.000000,4.111045
7,17,-215.000000,-165.000000,4.102416
8,17,-210.000000,-165.000000,4.093788
9,17,-205.000000,-165.000000,4.085159
10,17,-200.000000,-165.000000,4.075502
11,17,-195.000000,-165.000000,4.063889
12,17,-190.000000,-165.000000,4.052048
13,17,-185.000000,-165.000000,4.039967
14,17,-180.000000,-165.000000,4.027887
15,17,-175.000000,-165.000000,4.015807
16,17,-170.000000,-165.000000,4.002392
17,17,-165.000000,-165.000000,3.988603
18,17,-160.000000,-165.000000,3.974451
19,17,-155.000000,-165.000000,3.960270
20,17,-150.000000,-165.000000,3.946089
21,17,-145.000000,-165.000000,3.931216
22,17,-140.000000,-165.000000,3.913840
23,17,-135.000000,-165.000000,3.896105
24,17,-130.000000,-165.000000,3.877736
25,17,-125.000000,-165.000000,3.859367
26,17,-120.000000,-165.000000,3.840998
27,17,-115.000000,-165.000000,3.819761
28,17,-110.000000,-165.000000,3.796997
29,17,-105.000000,-165.000000,3.772815
30,17,-100.000000,-165.000000,3.748273
31,17,-95.000000,-165.000000,3.723731
32,17,-90.000000,-165.000000,3.699041
33,17,-85.000000,-165.000000,3.672827
34,17,-80.000000,-165.000000,3.646413
35,17,-75.000000,-165.000000,3.619342
36,17,-70.000000,-165.000000,3.592271
37,17,-65.000000,-165.000000,3.565200
38,17,-60.000000,-165.000000,3.540264
39,17,-55.000000,-165.000000,3.517261
40,17,-50.000000,-165.000000,3.496000
41,17,-45.000000,-165.000000,3.475597
42,17,-40.000000,-165.000000,3.455193
43,17,-35.000000,-165.000000,3.434789
44,17,-30.000000,-165.000000,3.422145
45,17,-25.000000,-165.000000,3.410492
46,17,-20.000000,-165.000000,3.404527
47,17,-15.000000,-165.000000,3.398562
48,17,-10.000000,-165.000000,3.392598
49,17,-5.000000,-165.000000,3.389454
50,17,0.000000,-165.000000,3.390599
51,17,5.000000,-165.000000,3.395469
52,17,10.000000,-165.000000,3.403487
53,17,15.000000,-165.000000,3.411505
54,17,20.000000,-165.000000,3.419523
55,17,25.000000,-165.000000,3.429777
56,17,30.000000,-165.000000,3.440481
57,17,35.000000,-165.000000,3.454300
58,17,40.000000,-165.000000,3.468188
59,17,45.000000,-165.000000,3.482076
60,17,50.000000,-165.000000,3.495618
61,17,55.000000,-165.000000,3.508219
62,17,60.000000,-165.000000,3.520044
63,17,65.000000,-165.000000,3.530769
64,17,70.000000,-165.000000,3.541494
65,17,75.000000,-165.000000,3.552219
66,17,80.000000,-165.000000,3.560990
67,17,85.000000,-165.000000,3.568943
68,17,90.000000,-165.000000,3.572632
69,17,95.000000,-165.000000,3.575568
70,17,100.000000,-165.000000,3.578504
71,17,105.000000,-165.000000,3.581072
72,17,110.000000,-165.000000,3.581391
73,17,115.000000,-165.000000,3.580006
74,17,120.000000,-165.000000,3.574364
75,17,125.000000,-165.000000,3.568722
76,17,130.000000,-165.000000,3.563081
77,17,135.000000,-165.000000,3.556125
78,17,140.000000,-165.000000,3.548206
79,17,145.000000,-165.000000,3.535462
80,17,150.000000,-165.000000,3.520860
81,17,155.000000,-165.000000,3.506258
82,17,160.000000,-165.000000,3.491631
83,17,165.000000,-165.000000,3.475059
84,17,170.000000,-165.000000,3.457266
85,17,175.000000,-165.000000,3.432974
86,17,180.000000,-165.000000,3.408681
87,17,185.000000,-165.000000,3.384389
88,17,190.000000,-165.000000,3.359559
89,17,195.000000,-165.000000,3.334069
90,17,200.000000,-165.000000,3.304629
91,17,205.000000,-165.000000,3.272489
92,17,210.000000,-165.000000,3.240348
93,17,215.000000,-165.000000,3.208208
94,17,220.000000,-165.000000,3.175967
95,17,225.000000,-165.000000,3.143683
96,17,230.000000,-165.000000,3.110425
97,17,235.000000,-165.000000,3.077166
98,17,240.000000,-165.000000,3.043908
99,17,245.000000,-165.000000,3.010775
100,17,250.000000,-165.000000,2.977907
0,18,-250.000000,-160.000000,4.173804
1,18,-245.000000,-160.000000,4.170396
2,18,-240.000000,-160.000000,4.166952
3,18,-235.000000,-160.000000,4.163508
4,18,-230.000000,-160.000000,4.160064
5,18,-225.000000,-160.000000,4.152298
6,18,-220.000000,-160.000000,4.144073
7,18,-215.000000,-160.000000,4.135432
8,18,-210.000000,-160.000000,4.126791
9,18,-205.000000,-160.000000,4.118150
10,18,-200.000000,-160.000000,4.108553
11,18,-195.000000,-160.000000,4.097142
12,18,-190.000000,-160.000000,4.085517
13,18,-185.000000,-160.000000,4.073671
14,18,-180.000000,-160.000000,4.061825
15,18,-175.000000,-160.000000,4.049979
16,18,-170.000000,-160.000000,4.036981
17,18,-165.000000,-160.000000,4.023660
18,18,-160.000000,-160.000000,4.010025
19,18,-155.000000,-160.000000,3.996366
20,18,-150.000000,-160.000000,3.982707
21,18,-145.000000,-160.000000,3.968422
22,18,-140.000000,-160.000000,3.951875
23,18,-135.000000,-160.000000,3.935003
24,18,-130.000000,-160.000000,3.917558
25,18,-125.000000,-160.000000,3.900114
26,18,-120.000000,-160.000000,3.882669
27,18,-115.000000,-160.000000,3.862547
28,18,-110.000000,-160.000000,3.841000
29,18,-105.000000,-160.000000,3.818129
30,18,-100.000000,-160.000000,3.794922
31,18,-95.000000,-160.000000,3.771715
32,18,-90.000000,-160.000000,3.748362
33,18,-85.000000,-160.000000,3.723509
34,18,-80.000000,-160.000000,3.698459
35,18,-75.000000,-160.000000,3.672762
36,18,-70.000000,-160.000000,3.647064
37,18,-65.000000,-160.000000,3.621367
38,18,-60.000000,-160.000000,3.597581
39,18,-55.000000,-160.000000,3.575526
40,18,-50.000000,-160.000000,3.555030
41,18,-45.000000,-160.000000,3.535301
42,18,-40.000000,-160.000000,3.515573
43,18,-35.000000,-160.000000,3.495845
44,18,-30.000000,-160.000000,3.483134
45,18,-25.000000,-160.000000,3.471322
46,18,-20.000000,-160.000000,3.464654
47,18,-15.000000,-160.000000,3.457987
48,18,-10.000000,-160.000000,3.451319
49,18,-5.000000,-160.000000,3.447168
50,18,0.000000,-160.000000,3.446844
51,18,5.000000,-160.000000,3.449844
52,18,10.000000,-160.000000,3.455653
53,18,15.000000,-160.000000,3.461461
54,18,20.000000,-160.000000,3.467269
55,18,25.000000,-160.000000,3.474949
56,18,30.000000,-160.000000,3.483006
57,18,35.000000,-160.000000,3.493668
58,18,40.000000,-160.000000,3.504389
59,18,45.000000,-160.000000,3.515110
60,18,50.000000,-160.000000,3.525482
61,18,55.000000,-160.000000,3.534907
62,18,60.000000,-160.000000,3.543549
63,18,65.000000,-160.000000,3.551083
64,18,70.000000,-160.000000,3.558617
65,18,75.000000,-160.000000,3.566151
66,18,80.000000,-160.000000,3.571946
67,18,85.000000,-160.000000,3.577014
68,18,90.000000,-160.000000,3.578286
69,18,95.000000,-160.000000,3.578889
70,18,100.000000,-160.000000,3.579492
71,18,105.000000,-160.000000,3.579785
72,18,110.000000,-160.000000,3.578184
73,18,115.000000,-160.000000,3.575146
74,18,120.000000,-160.000000,3.568522
75,18,125.000000,-160.000000,3.561899
76,18,130.000000,-160.000000,3.555275
77,18,135.000000,-160.000000,3.547532
78,18,140.000000,-160.000000,3.538966
79,18,145.000000,-160.000000,3.526286
80,18,150.000000,-160.000000,3.512022
81,18,155.000000,-160.000000,3.497758
82,18,160.000000,-160.000000,3.483471
83,18,165.000000,-160.000000,3.467413
84,18,170.000000,-160.000000,3.450244
85,18,175.000000,-160.000000,3.427158
86,18,180.000000,-160.000000,3.404072
87,18,185.000000,-160.000000,3.380985
88,18,190.000000,-160.000000,3.357380
89,18,195.000000,-160.000000,3.333139
90,18,200.000000,-160.000000,3.305084
91,18,205.000000,-160.000000,3.274424
92,18,210.000000,-160.000000,3.243763
93,18,215.000000,-160.000000,3.213103
94,18,220.000000,-160.000000,3.182324
95,18,225.000000,-160.000000,3.151493
96,18,230.000000,-160.000000,3.119510
97,18,235.000000,-160.000000,3.087528
98,18,240.000000,-160.000000,3.055545
99,18,245.000000,-160.000000,3.023680
100,18,250.000000,-160.000000,2.992066
0,19,-250.000000,-155.000000,4.205535
1,19,-245.000000,-155.000000,4.201968
2,19,-240.000000,-155.000000,4.198363
3,19,-235.000000,-155.000000,4.194758
4,19,-230.000000,-155.000000,4.191154
5,19,-225.000000,-155.000000,4.183357
6,19,-220.000000,-155.000000,4.175117
7,19,-215.000000,-155.000000,4.166472
8,19,-210.000000,-155.000000,4.157827
9,19,-205.000000,-155.000000,4.149183
10,19,-200.000000,-155.000000,4.139652
11,19,-195.000000,-155.000000,4.128435
12,19,-190.000000,-155.000000,4.117020
13,19,-185.000000,-155.000000,4.105400
14,19,-180.000000,-155.000000,4.093780
15,19,-175.000000,-155.000000,4.082160
16,19,-170.000000,-155.000000,4.069568
17,19,-165.000000,-155.000000,4.056702
18,19,-160.000000,-155.000000,4.043573
19,19,-155.000000,-155.000000,4.030423
20,19,-150.000000,-155.000000,4.017272
21,19,-145.000000,-155.000000,4.003558
22,19,-140.000000,-155.000000,3.987808
23,19,-135.000000,-155.000000,3.971765
24,19,-130.000000,-155.000000,3.955206
25,19,-125.000000,-155.000000,3.938647
26,19,-120.000000,-155.000000,3.922088
27,19,-115.000000,-155.000000,3.903018
28,19,-110.000000,-155.000000,3.882612
29,19,-105.000000,-155.000000,3.860963
30,19,-100.000000,-155.000000,3.839000
31,19,-95.000000,-155.000000,3.817037
32,19,-90.000000,-155.000000,3.794928
33,19,-85.000000,-155.000000,3.771323
34,19,-80.000000,-155.000000,3.747520
35,19,-75.000000,-155.000000,3.723073
36,19,-70.000000,-155.000000,3.698626
37,19,-65.000000,-155.000000,3.674179
38,19,-60.000000,-155.000000,3.651432
39,19,-55.000000,-155.000000,3.630226
40,19,-50.000000,-155.000000,3.610407
41,19,-45.000000,-155.000000,3.591271
42,19,-40.000000,-155.000000,3.572136
43,19,-35.000000,-155.000000,3.553000
44,19,-30.000000,-155.000000,3.540201
45,19,-25.000000,-155.000000,3.528212
46,19,-20.000000,-155.000000,3.520869
47,19,-15.000000,-155.000000,3.513526
48,19,-10.000000,-155.000000,3.506183
49,19,-5.000000,-155.000000,3.501075
50,19,0.000000,-155.000000,3.499367
51,19,5.000000,-155.000000,3.500611
52,19,10.000000,-155.000000,3.504350
53,19,15.000000,-155.000000,3.508089
54,19,20.000000,-155.000000,3.511828
55,19,25.000000,-155.000000,3.517093
56,19,30.000000,-155.000000,3.522666
57,19,35.000000,-155.000000,3.530364
58,19,40.000000,-155.000000,3.538109
59,19,45.000000,-155.000000,3.545855
60,19,50.000000,-155.000000,3.553247
61,19,55.000000,-155.000000,3.559678
62,19,60.000000,-155.000000,3.565315
63,19,65.000000,-155.000000,3.569828
64,19,70.000000,-155.000000,3.574342
65,19,75.000000,-155.000000,3.578855
66,19,80.000000,-155.000000,3.581830
67,19,85.000000,-155.000000,3.584160
68,19,90.000000,-155.000000,3.583132
69,19,95.000000,-155.000000,3.581511
70,19,100.000000,-155.000000,3.579890
71,19,105.000000,-155.000000,3.578014
72,19,110.000000,-155.000000,3.574580
73,19,115.000000,-155.000000,3.569963
74,19,120.000000,-155.000000,3.562397
75,19,125.000000,-155.000000,3.554831
76,19,130.000000,-155.000000,3.547265
77,19,135.000000,-155.000000,3.538763
78,19,140.000000,-155.000000,3.529572
79,19,145.000000,-155.000000,3.516941
80,19,150.000000,-155.000000,3.502985
81,19,155.000000,-155.000000,3.489029
82,19,160.000000,-155.000000,3.475053
83,19,165.000000,-155.000000,3.459465
84,19,170.000000,-155.000000,3.442867
85,19,175.000000,-155.000000,3.420888
86,19,180.000000,-155.000000,3.398909
87,19,185.000000,-155.000000,3.376930
88,19,190.000000,-155.000000,3.354447
89,19,195.000000,-155.000000,3.331346
90,19,200.000000,-155.000000,3.304542
91,19,205.000000,-155.000000,3.275206
92,19,210.000000,-155.000000,3.245871
93,19,215.000000,-155.000000,3.216536
94,19,220.000000,-155.000000,3.187062
95,19,225.000000,-155.000000,3.157528
96,19,230.000000,-155.000000,3.126650
97,19,235.000000,-155.000000,3.095772
98,19,240.000000,-155.000000,3.064893
99,19,245.000000,-155.000000,3.034126
100,19,250.000000,-155.000000,3.003595
0,20,-250.000000,-150.000000,4.233855
1,20,-245.000000,-150.000000,4.230202
2,20,-240.000000,-150.000000,4.226510
3,20,-235.000000,-150.000000,4.222818
4,20,-230.000000,-150.000000,4.219126
5,20,-225.000000,-150.000000,4.211324
6,20,-220.000000,-150.000000,4.203086
7,20,-215.000000,-150.000000,4.194452
8,20,-210.000000,-150.000000,4.185818
9,20,-205.000000,-150.000000,4.177184
10,20,-200.000000,-150.000000,4.167724
11,20,-195.000000,-150.000000,4.156693
12,20,-190.000000,-150.000000,4.145477
13,20,-185.000000,-150.000000,4.134070
14,20,-180.000000,-150.000000,4.122662
15,20,-175.000000,-150.000000,4.111255
16,20,-170.000000,-150.000000,4.099052
17,20,-165.000000,-150.000000,4.086624
18,20,-160.000000,-150.000000,4.073981
19,20,-155.000000,-150.000000,4.061320
20,20,-150.000000,-150.000000,4.048659
21,20,-145.000000,-150.000000,4.035491
22,20,-140.000000,-150.000000,4.020487
23,20,-135.000000,-150.000000,4.005219
24,20,-130.000000,-150.000000,3.989485
25,20,-125.000000,-150.000000,3.973752
26,20,-120.000000,-150.000000,3.958019
27,20,-115.000000,-150.000000,3.939903
28,20,-110.000000,-150.000000,3.920519
29,20,-105.000000,-150.000000,3.899956
30,20,-100.000000,-150.000000,3.879095
31,20,-95.000000,-150.000000,3.858234
32,20,-90.000000,-150.000000,3.837224
33,20,-85.000000,-150.000000,3.814692
34,20,-80.000000,-150.000000,3.791960
35,20,-75.000000,-150.000000,3.768571
36,20,-70.000000,-150.000000,3.745182
37,20,-65.000000,-150.000000,3.721794
38,20,-60.000000,-150.000000,3.699916
39,20,-55.000000,-150.000000,3.679406
40,20,-50.000000,-150.000000,3.660128
41,20,-45.000000,-150.000000,3.641457
42,20,-40.000000,-150.000000,3.622786
43,20,-35.000000,-150.000000,3.604115
44,20,-30.000000,-150.000000,3.591191
45,20,-25.000000,-150.000000,3.579001
46,20,-20.000000,-150.000000,3.571024
47,20,-15.000000,-150.000000,3.563048
48,20,-10.000000,-150.000000,3.555071
49,20,-5.000000,-150.000000,3.549084
50,20,0.000000,-150.000000,3.546122
51,20,5.000000,-150.000000,3.545789
52,20,10.000000,-150.000000,3.547675
53,20,15.000000,-150.000000,3.549562
54,20,20.000000,-150.000000,3.551448
55,20,25.000000,-150.000000,3.554547
56,20,30.000000,-150.000000,3.557889
57,20,35.000000,-150.000000,3.562918
58,20,40.000000,-150.000000,3.567986
59,20,45.000000,-150.000000,3.573053
60,20,50.000000,-150.000000,3.577758
61,20,55.000000,-150.000000,3.581479
62,20,60.000000,-150.000000,3.584387
63,20,65.000000,-150.000000,3.586144
64,20,70.000000,-150.000000,3.587902
65,20,75.000000,-150.000000,3.589659
66,20,80.000000,-150.000000,3.590053
67,20,85.000000,-150.000000,3.589877
68,20,90.000000,-150.000000,3.586726
69,20,95.000000,-150.000000,3.583049
70,20,100.000000,-150.000000,3.579373
71,20,105.000000,-150.000000,3.575493
72,20,110.000000,-150.000000,3.570361
73,20,115.000000,-150.000000,3.564281
74,20,120.000000,-150.000000,3.555833
75,20,125.000000,-150.000000,3.547386
76,20,130.000000,-150.000000,3.538938
77,20,135.000000,-150.000000,3.529722
78,20,140.000000,-150.000000,3.519940
79,20,145.000000,-150.000000,3.507334
80,20,150.000000,-150.000000,3.493640
81,20,155.000000,-150.000000,3.479946
82,20,160.000000,-150.000000,3.466233
83,20,165.000000,-150.000000,3.451048
84,20,170.000000,-150.000000,3.434940
85,20,175.000000,-150.000000,3.413915
86,20,180.000000,-150.000000,3.392890
87,20,185.000000,-150.000000,3.371865
88,20,190.000000,-150.000000,3.350345
89,20,195.000000,-150.000000,3.328218
90,20,200.000000,-150.000000,3.302454
91,20,205.000000,-150.000000,3.274204
92,20,210.000000,-150.000000,3.245955
93,20,215.000000,-150.000000,3.217705
94,20,220.000000,-150.000000,3.189294
95,20,225.000000,-150.000000,3.160814
96,20,230.000000,-150.000000,3.130775
97,20,235.000000,-150.000000,3.100736
98,20,240.000000,-150.000000,3.070696
99,20,245.000000,-150.000000,3.040763
100,20,250.000000,-150.000000,3.011052
0,21,-250.000000,-145.000000,4.261179
1,21,-245.000000,-145.000000,4.257462
2,21,-240.000000,-145.000000,4.253705
3,21,-235.000000,-145.000000,4.249947
4,21,-230.000000,-145.000000,4.246190
5,21,-225.000000,-145.000000,4.238389
6,21,-220.000000,-145.000000,4.230159
7,21,-215.000000,-145.000000,4.221540
8,21,-210.000000,-145.000000,4.212921
9,21,-205.000000,-145.000000,4.204302
10,21,-200.000000,-145.000000,4.194914
11,21,-195.000000,-145.000000,4.184065
12,21,-190.000000,-145.000000,4.173045
13,21,-185.000000,-145.000000,4.161847
14,21,-180.000000,-145.000000,4.150649
15,21,-175.000000,-145.000000,4.139451
16,21,-170.000000,-145.000000,4.127631
17,21,-165.000000,-145.000000,4.115636
18,21,-160.000000,-145.000000,4.103473
19,21,-155.000000,-145.000000,4.091296
20,21,-150.000000,-145.000000,4.079119
21,21,-145.000000,-145.000000,4.066488
22,21,-140.000000,-145.000000,4.052216
23,21,-135.000000,-145.000000,4.037707
24,21,-130.000000,-145.000000,4.022782
25,21,-125.000000,-145.000000,4.007858
26,21,-120.000000,-145.000000,3.992933
27,21,-115.000000,-145.000000,3.975743
28,21,-110.000000,-145.000000,3.957347
29,21,-105.000000,-145.000000,3.937830
30,21,-100.000000,-145.000000,3.918029
31,21,-95.000000,-145.000000,3.898228
32,21,-90.000000,-145.000000,3.878275
33,21,-85.000000,-145.000000,3.856766
34,21,-80.000000,-145.000000,3.835051
35,21,-75.000000,-145.000000,3.812665
36,21,-70.000000,-145.000000,3.790279
37,21,-65.000000,-145.000000,3.767893
38,21,-60.000000,-145.000000,3.746834
39,21,-55.000000,-145.000000,3.726975
40,21,-50.000000,-145.000000,3.708199
41,21,-45.000000,-145.000000,3.689956
42,21,-40.000000,-145.000000,3.671712
43,21,-35.000000,-145.000000,3.653469
44,21,-30.000000,-145.000000,3.640409
45,21,-25.000000,-145.000000,3.628011
46,21,-20.000000,-145.000000,3.619413
47,21,-15.000000,-145.000000,3.610815
48,21,-10.000000,-145.000000,3.602217
49,21,-5.000000,-145.000000,3.595372
50,21,0.000000,-145.000000,3.591196
51,21,5.000000,-145.000000,3.589336
52,21,10.000000,-145.000000,3.589434
53,21,15.000000,-145.000000,3.589531
54,21,20.000000,-145.000000,3.589629
55,21,25.000000,-145.000000,3.590632
56,21,30.000000,-145.000000,3.591818
57,21,35.000000,-145.000000,3.594266
58,21,40.000000,-145.000000,3.596741
59,21,45.000000,-145.000000,3.599217
60,21,50.000000,-145.000000,3.601321
61,21,55.000000,-145.000000,3.602415
62,21,60.000000,-145.000000,3.602674
63,21,65.000000,-145.000000,3.601752
64,21,70.000000,-145.000000,3.600830
65,21,75.000000,-145.000000,3.599908
66,21,80.000000,-145.000000,3.597792
67,21,85.000000,-145.000000,3.595176
68,21,90.000000,-145.000000,3.589954
69,21,95.000000,-145.000000,3.584272
70,21,100.000000,-145.000000,3.578590
71,21,105.000000,-145.000000,3.572752
72,21,110.000000,-145.000000,3.565963
73,21,115.000000,-145.000000,3.558453
74,21,120.000000,-145.000000,3.549141
75,21,125.000000,-145.000000,3.539830
76,21,130.000000,-145.000000,3.530519
77,21,135.000000,-145.000000,3.520601
78,21,140.000000,-145.000000,3.510239
79,21,145.000000,-145.000000,3.497650
80,21,150.000000,-145.000000,3.484205
81,21,155.000000,-145.000000,3.470759
82,21,160.000000,-145.000000,3.457296
83,21,165.000000,-145.000000,3.442494
84,21,170.000000,-145.000000,3.426852
85,21,175.000000,-145.000000,3.406736
86,21,180.000000,-145.000000,3.386621
87,21,185.000000,-145.000000,3.366505
88,21,190.000000,-145.000000,3.345902
89,21,195.000000,-145.000000,3.324701
90,21,200.000000,-145.000000,3.299916
91,21,205.000000,-145.000000,3.272682
92,21,210.000000,-145.000000,3.245448
93,21,215.000000,-145.000000,3.218214
94,21,220.000000,-145.000000,3.190796
95,21,225.000000,-145.000000,3.163299
96,21,230.000000,-145.000000,3.134021
97,21,235.000000,-145.000000,3.104743
98,21,240.000000,-145.000000,3.075466
99,21,245.000000,-145.000000,3.046288
100,21,250.000000,-145.000000,3.017322
0,22,-250.000000,-140.000000,4.288066
1,22,-245.000000,-140.000000,4.284294
2,22,-240.000000,-140.000000,4.280480
3,22,-235.000000,-140.000000,4.276667
4,22,-230.000000,-140.000000,4.272853
5,22,-225.000000,-140.000000,4.265056
6,22,-220.000000,-140.000000,4.256837
7,22,-215.000000,-140.000000,4.248235
8,22,-210.000000,-140.000000,4.239632
9,22,-205.000000,-140.000000,4.231029
10,22,-200.000000,-140.000000,4.221715
11,22,-195.000000,-140.000000,4.211048
12,22,-190.000000,-140.000000,4.200222
13,22,-185.000000,-140.000000,4.189231
14,22,-180.000000,-140.000000,4.178241
15,22,-175.000000,-140.000000,4.167250
16,22,-170.000000,-140.000000,4.155811
17,22,-165.000000,-140.000000,4.144247
18,22,-160.000000,-140.000000,4.132562
19,22,-155.000000,-140.000000,4.120866
20,22,-150.000000,-140.000000,4.109171
21,22,-145.000000,-140.000000,4.097074
22,22,-140.000000,-140.000000,4.083527
23,22,-135.000000,-140.000000,4.069770
24,22,-130.000000,-140.000000,4.055646
25,22,-125.000000,-140.000000,4.041522
26,22,-120.000000,-140.000000,4.027398
27,22,-115.000000,-140.000000,4.011121
28,22,-110.000000,-140.000000,3.993698
29,22,-105.000000,-140.000000,3.975209
30,22,-100.000000,-140.000000,3.956450
31,22,-95.000000,-140.000000,3.937692
32,22,-90.000000,-140.000000,3.918778
33,22,-85.000000,-140.000000,3.898268
34,22,-80.000000,-140.000000,3.877548
35,22,-75.000000,-140.000000,3.856140
36,22,-70.000000,-140.000000,3.834733
37,22,-65.000000,-140.000000,3.813325
38,22,-60.000000,-140.000000,3.793062
39,22,-55.000000,-140.000000,3.773835
40,22,-50.000000,-140.000000,3.755543
41,22,-45.000000,-140.000000,3.737711
42,22,-40.000000,-140.000000,3.719879
43,22,-35.000000,-140.000000,3.702047
44,22,-30.000000,-140.000000,3.688845
45,22,-25.000000,-140.000000,3.676236
46,22,-20.000000,-140.000000,3.667022
47,22,-15.000000,-140.000000,3.657808
48,22,-10.000000,-140.000000,3.648594
49,22,-5.000000,-140.000000,3.640903
50,22,0.000000,-140.000000,3.635528
51,22,5.000000,-140.000000,3.632165
52,22,10.000000,-140.000000,3.630502
53,22,15.000000,-140.000000,3.628838
54,22,20.000000,-140.000000,3.627174
55,22,25.000000,-140.000000,3.626115
56,22,30.000000,-140.000000,3.625177
57,22,35.000000,-140.000000,3.625081
58,22,40.000000,-140.000000,3.625003
59,22,45.000000,-140.000000,3.624925
60,22,50.000000,-140.000000,3.624466
61,22,55.000000,-140.000000,3.622969
62,22,60.000000,-140.000000,3.620614
63,22,65.000000,-140.000000,3.617047
64,22,70.000000,-140.000000,3.613480
65,22,75.000000,-140.000000,3.609913
66,22,80.000000,-140.000000,3.605317
67,22,85.000000,-140.000000,3.600291
68,22,90.000000,-140.000000,3.593021
69,22,95.000000,-140.000000,3.585355
70,22,100.000000,-140.000000,3.577689
71,22,105.000000,-140.000000,3.569916
72,22,110.000000,-140.000000,3.561486
73,22,115.000000,-140.000000,3.552560
74,22,120.000000,-140.000000,3.542393
75,22,125.000000,-140.000000,3.532226
76,22,130.000000,-140.000000,3.522058
77,22,135.000000,-140.000000,3.511446
78,22,140.000000,-140.000000,3.500507
79,22,145.000000,-140.000000,3.487933
80,22,150.000000,-140.000000,3.474730
81,22,155.000000,-140.000000,3.461526
82,22,160.000000,-140.000000,3.448308
83,22,165.000000,-140.000000,3.433879
84,22,170.000000,-140.000000,3.418693
85,22,175.000000,-140.000000,3.399467
86,22,180.000000,-140.000000,3.380241
87,22,185.000000,-140.000000,3.361016
88,22,190.000000,-140.000000,3.341309
89,22,195.000000,-140.000000,3.321012
90,22,200.000000,-140.000000,3.297179
91,22,205.000000,-140.000000,3.270930
92,22,210.000000,-140.000000,3.244681
93,22,215.000000,-140.000000,3.218431
94,22,220.000000,-140.000000,3.191975
95,22,225.000000,-140.000000,3.165430
96,22,230.000000,-140.000000,3.136880
97,22,235.000000,-140.000000,3.108329
98,22,240.000000,-140.000000,3.079779
99,22,245.000000,-140.000000,3.051324
100,22,250.000000,-140.000000,3.023068
0,23,-250.000000,-135.000000,4.314952
1,23,-245.000000,-135.000000,4.311125
2,23,-240.000000,-135.000000,4.307255
3,23,-235.000000,-135.000000,4.303386
4,23,-230.000000,-135.000000,4.299516
5,23,-225.000000,-135.000000,4.291724
6,23,-220.000000,-135.000000,4.283516
7,23,-215.000000,-135.000000,4.274929
8,23,-210.000000,-135.000000,4.266343
9,23,-205.000000,-135.000000,4.257757
10,23,-200.000000,-135.000000,4.248516
11,23,-195.000000,-135.000000,4.238030
12,23,-190.000000,-135.000000,4.227399
13,23,-185.000000,-135.000000,4.216616
14,23,-180.000000,-135.000000,4.205832
15,23,-175.000000,-135.000000,4.195049
16,23,-170.000000,-135.000000,4.183992
17,23,-165.000000,-135.000000,4.172858
18,23,-160.000000,-135.000000,4.161650
19,23,-155.000000,-135.000000,4.150437
20,23,-150.000000,-135.000000,4.139223
21,23,-145.000000,-135.000000,4.127660
22,23,-140.000000,-135.000000,4.114837
23,23,-135.000000,-135.000000,4.101833
24,23,-130.000000,-135.000000,4.088510
25,23,-125.000000,-135.000000,4.075187
26,23,-120.000000,-135.000000,4.061864
27,23,-115.000000,-135.000000,4.046499
28,23,-110.000000,-135.000000,4.030049
29,23,-105.000000,-135.000000,4.012588
30,23,-100.000000,-135.000000,3.994872
31,23,-95.000000,-135.000000,3.977156
32,23,-90.000000,-135.000000,3.959281
33,23,-85.000000,-135.000000,3.939771
34,23,-80.000000,-135.000000,3.920046
35,23,-75.000000,-135.000000,3.899616
36,23,-70.000000,-135.000000,3.879186
37,23,-65.000000,-135.000000,3.858756
38,23,-60.000000,-135.000000,3.839290
39,23,-55.000000,-135.000000,3.820696
40,23,-50.000000,-135.000000,3.802887
41,23,-45.000000,-135.000000,3.785466
42,23,-40.000000,-135.000000,3.768045
43,23,-35.000000,-135.000000,3.750624
44,23,-30.000000,-135.000000,3.737282
45,23,-25.000000,-135.000000,3.724461
46,23,-20.000000,-135.000000,3.714631
47,23,-15.000000,-135.000000,3.704802
48,23,-10.000000,-135.000000,3.694972
49,23,-5.000000,-135.000000,3.686434
50,23,0.000000,-135.000000,3.679861
51,23,5.000000,-135.000000,3.674994
52,23,10.000000,-135.000000,3.671569
53,23,15.000000,-135.000000,3.668145
54,23,20.000000,-135.000000,3.664720
55,23,25.000000,-135.000000,3.661598
56,23,30.000000,-135.000000,3.658536
57,23,35.000000,-135.000000,3.655896
58,23,40.000000,-135.000000,3.653264
59,23,45.000000,-135.000000,3.650633
60,23,50.000000,-135.000000,3.647610
61,23,55.000000,-135.000000,3.643522
62,23,60.000000,-135.000000,3.638555
63,23,65.000000,-135.000000,3.632342
64,23,70.000000,-135.000000,3.626130
65,23,75.000000,-135.000000,3.619917
66,23,80.000000,-135.000000,3.612843
67,23,85.000000,-135.000000,3.605407
68,23,90.000000,-135.000000,3.596088
69,23,95.000000,-135.000000,3.586438
70,23,100.000000,-135.000000,3.576788
71,23,105.000000,-135.000000,3.567079
72,23,110.000000,-135.000000,3.557010
73,23,115.000000,-135.000000,3.546668
74,23,120.000000,-135.000000,3.535644
75,23,125.000000,-135.000000,3.524621
76,23,130.000000,-135.000000,3.513598
77,23,135.000000,-135.000000,3.502291
78,23,140.000000,-135.000000,3.490775
79,23,145.000000,-135.000000,3.478216
80,23,150.000000,-135.000000,3.465255
81,23,155.000000,-135.000000,3.452294
82,23,160.000000,-135.000000,3.439319
83,23,165.000000,-135.000000,3.425265
84,23,170.000000,-135.000000,3.410534
85,23,175.000000,-135.000000,3.392198
86,23,180.000000,-135.000000,3.373862
87,23,185.000000,-135.000000,3.355526
88,23,190.000000,-135.000000,3.336716
89,23,195.000000,-135.000000,3.317323
90,23,200.000000,-135.000000,3.294442
91,23,205.000000,-135.000000,3.269178
92,23,210.000000,-135.000000,3.243913
93,23,215.000000,-135.000000,3.218649
94,23,220.000000,-135.000000,3.193154
95,23,225.000000,-135.000000,3.167561
96,23,230.000000,-135.000000,3.139738
97,23,235.000000,-135.000000,3.111915
98,23,240.000000,-135.000000,3.084093
99,23,245.000000,-135.000000,3.056359
100,23,250.000000,-135.000000,3.028815
0,24,-250.000000,-130.000000,4.341249
1,24,-245.000000,-130.000000,4.337377
2,24,-240.000000,-130.000000,4.333461
3,24,-235.000000,-130.000000,4.329545
4,24,-230.000000,-130.000000,4.325629
5,24,-225.000000,-130.000000,4.317841
6,24,-220.000000,-130.000000,4.309643
7,24,-215.000000,-130.000000,4.301071
8,24,-210.000000,-130.000000,4.292500
9,24,-205.000000,-130.000000,4.283928
10,24,-200.000000,-130.000000,4.274755
11,24,-195.000000,-130.000000,4.264438
12,24,-190.000000,-130.000000,4.253986
13,24,-185.000000,-130.000000,4.243395
14,24,-180.000000,-130.000000,4.232804
15,24,-175.000000,-130.000000,4.222213
16,24,-170.000000,-130.000000,4.211512
17,24,-165.000000,-130.000000,4.200780
18,24,-160.000000,-130.000000,4.190018
19,24,-155.000000,-130.000000,4.179254
20,24,-150.000000,-130.000000,4.168490
21,24,-145.000000,-130.000000,4.157426
22,24,-140.000000,-130.000000,4.145277
23,24,-135.000000,-130.000000,4.132971
24,24,-130.000000,-130.000000,4.120391
25,24,-125.000000,-130.000000,4.107810
26,24,-120.000000,-130.000000,4.095230
27,24,-115.000000,-130.000000,4.080707
28,24,-110.000000,-130.000000,4.065150
29,24,-105.000000,-130.000000,4.048631
30,24,-100.000000,-130.000000,4.031870
31,24,-95.000000,-130.000000,4.015108
32,24,-90.000000,-130.000000,3.998183
33,24,-85.000000,-130.000000,3.979581
34,24,-80.000000,-130.000000,3.960757
35,24,-75.000000,-130.000000,3.941210
36,24,-70.000000,-130.000000,3.921664
37,24,-65.000000,-130.000000,3.902117
38,24,-60.000000,-130.000000,3.883365
39,24,-55.000000,-130.000000,3.865334
40,24,-50.000000,-130.000000,3.847951
41,24,-45.000000,-130.000000,3.830887
42,24,-40.000000,-130.000000,3.813824
43,24,-35.000000,-130.000000,3.796761
44,24,-30.000000,-130.000000,3.783271
45,24,-25.000000,-130.000000,3.770239
46,24,-20.000000,-130.000000,3.759827
47,24,-15.000000,-130.000000,3.749414
48,24,-10.000000,-130.000000,3.739002
49,24,-5.000000,-130.000000,3.729670
50,24,0.000000,-130.000000,3.721982
51,24,5.000000,-130.000000,3.715719
52,24,10.000000,-130.000000,3.710663
53,24,15.000000,-130.000000,3.705607
54,24,20.000000,-130.000000,3.700550
55,24,25.000000,-130.000000,3.695517
56,24,30.000000,-130.000000,3.690488
57,24,35.000000,-130.000000,3.685491
58,24,40.000000,-130.000000,3.680495
59,24,45.000000,-130.000000,3.675499
60,24,50.000000,-130.000000,3.670101
61,24,55.000000,-130.000000,3.663611
62,24,60.000000,-130.000000,3.656218
63,24,65.000000,-130.000000,3.647548
64,24,70.000000,-130.000000,3.638878
65,24,75.000000,-130.000000,3.630209
66,24,80.000000,-130.000000,3.620829
67,24,85.000000,-130.000000,3.611151
68,24,90.000000,-130.000000,3.599923
69,24,95.000000,-130.000000,3.588422
70,24,100.000000,-130.000000,3.576920
71,24,105.000000,-130.000000,3.565405
72,24,110.000000,-130.000000,3.553803
73,24,115.000000,-130.000000,3.542135
74,24,120.000000,-130.000000,3.530304
75,24,125.000000,-130.000000,3.518472
76,24,130.000000,-130.000000,3.506641
77,24,135.000000,-130.000000,3.494674
78,24,140.000000,-130.000000,3.482608
79,24,145.000000,-130.000000,3.470045
80,24,150.000000,-130.000000,3.457290
81,24,155.000000,-130.000000,3.444536
82,24,160.000000,-130.000000,3.431769
83,24,165.000000,-130.000000,3.418041
84,24,170.000000,-130.000000,3.403712
85,24,175.000000,-130.000000,3.386172
86,24,180.000000,-130.000000,3.368633
87,24,185.000000,-130.000000,3.351094
88,24,190.000000,-130.000000,3.333086
89,24,195.000000,-130.000000,3.314501
90,24,200.000000,-130.000000,3.292467
91,24,205.000000,-130.000000,3.268075
92,24,210.000000,-130.000000,3.243682
93,24,215.000000,-130.000000,3.219290
94,24,220.000000,-130.000000,3.194646
95,24,225.000000,-130.000000,3.169893
96,24,230.000000,-130.000000,3.142698
97,24,235.000000,-130.000000,3.115503
98,24,240.000000,-130.000000,3.088308
99,24,245.000000,-130.000000,3.061197
100,24,250.000000,-130.000000,3.034265
0,25,-250.000000,-125.000000,4.366156
1,25,-245.000000,-125.000000,4.362262
2,25,-240.000000,-125.000000,4.358322
3,25,-235.000000,-125.000000,4.354382
4,25,-230.000000,-125.000000,4.350442
5,25,-225.000000,-125.000000,4.342659
6,25,-220.000000,-125.000000,4.334469
7,25,-215.000000,-125.000000,4.325908
8,25,-210.000000,-125.000000,4.317347
9,25,-205.000000,-125.000000,4.308787
10,25,-200.000000,-125.000000,4.299668
11,25,-195.000000,-125.000000,4.289487
12,25,-190.000000,-125.000000,4.279182
13,25,-185.000000,-125.000000,4.268747
14,25,-180.000000,-125.000000,4.258312
15,25,-175.000000,-125.000000,4.247877
16,25,-170.000000,-125.000000,4.237472
17,25,-165.000000,-125.000000,4.227074
18,25,-160.000000,-125.000000,4.216685
19,25,-155.000000,-125.000000,4.206296
20,25,-150.000000,-125.000000,4.195907
21,25,-145.000000,-125.000000,4.185256
22,25,-140.000000,-125.000000,4.173658
23,25,-135.000000,-125.000000,4.161924
24,25,-130.000000,-125.000000,4.149950
25,25,-125.000000,-125.000000,4.137975
26,25,-120.000000,-125.000000,4.126001
27,25,-115.000000,-125.000000,4.112150
28,25,-110.000000,-125.000000,4.097299
29,25,-105.000000,-125.000000,4.081520
30,25,-100.000000,-125.000000,4.065506
31,25,-95.000000,-125.000000,4.049492
32,25,-90.000000,-125.000000,4.033309
33,25,-85.000000,-125.000000,4.015395
34,25,-80.000000,-125.000000,3.997253
35,25,-75.000000,-125.000000,3.978365
36,25,-70.000000,-125.000000,3.959478
37,25,-65.000000,-125.000000,3.940590
38,25,-60.000000,-125.000000,3.922360
39,25,-55.000000,-125.000000,3.904727
40,25,-50.000000,-125.000000,3.887631
41,25,-45.000000,-125.000000,3.870799
42,25,-40.000000,-125.000000,3.853967
43,25,-35.000000,-125.000000,3.837135
44,25,-30.000000,-125.000000,3.823483
45,25,-25.000000,-125.000000,3.810237
46,25,-20.000000,-125.000000,3.799323
47,25,-15.000000,-125.000000,3.788408
48,25,-10.000000,-125.000000,3.777493
49,25,-5.000000,-125.000000,3.767493
50,25,0.000000,-125.000000,3.758882
51,25,5.000000,-125.000000,3.751479
52,25,10.000000,-125.000000,3.745096
53,25,15.000000,-125.000000,3.738713
54,25,20.000000,-125.000000,3.732330
55,25,25.000000,-125.000000,3.725744
56,25,30.000000,-125.000000,3.719117
57,25,35.000000,-125.000000,3.712207
58,25,40.000000,-125.000000,3.705291
59,25,45.000000,-125.000000,3.698375
60,25,50.000000,-125.000000,3.691048
61,25,55.000000,-125.000000,3.682599
62,25,60.000000,-125.000000,3.673226
63,25,65.000000,-125.000000,3.662543
64,25,70.000000,-125.000000,3.651860
65,25,75.000000,-125.000000,3.641177
66,25,80.000000,-125.000000,3.629903
67,25,85.000000,-125.000000,3.618382
68,25,90.000000,-125.000000,3.605570
69,25,95.000000,-125.000000,3.592531
70,25,100.000000,-125.000000,3.579493
71,25,105.000000,-125.000000,3.566476
72,25,110.000000,-125.000000,3.553593
73,25,115.000000,-125.000000,3.540812
74,25,120.000000,-125.000000,3.528285
75,25,125.000000,-125.000000,3.515758
76,25,130.000000,-125.000000,3.503231
77,25,135.000000,-125.000000,3.490689
78,25,140.000000,-125.000000,3.478135
79,25,145.000000,-125.000000,3.465524
80,25,150.000000,-125.000000,3.452891
81,25,155.000000,-125.000000,3.440258
82,25,160.000000,-125.000000,3.427614
83,25,165.000000,-125.000000,3.414100
84,25,170.000000,-125.000000,3.400042
85,25,175.000000,-125.000000,3.383081
86,25,180.000000,-125.000000,3.366119
87,25,185.000000,-125.000000,3.349158
88,25,190.000000,-125.000000,3.331730
89,25,195.000000,-125.000000,3.313727
90,25,200.000000,-125.000000,3.292289
91,25,205.000000,-125.000000,3.268503
92,25,210.000000,-125.000000,3.244717
93,25,215.000000,-125.000000,3.220931
94,25,220.000000,-125.000000,3.196873
95,25,225.000000,-125.000000,3.172699
96,25,230.000000,-125.000000,3.145897
97,25,235.000000,-125.000000,3.119094
98,25,240.000000,-125.000000,3.092291
99,25,245.000000,-125.000000,3.065569
100,25,250.000000,-125.000000,3.039018
0,26,-250.000000,-120.000000,4.390659
1,26,-245.000000,-120.000000,4.386749
2,26,-240.000000,-120.000000,4.382792
3,26,-235.000000,-120.000000,4.378835
4,26,-230.000000,-120.000000,4.374878
5,26,-225.000000,-120.000000,4.367100
6,26,-220.000000,-120.000000,4.358917
7,26,-215.000000,-120.000000,4.350366
8,26,-210.000000,-120.000000,4.341814
9,26,-205.000000,-120.000000,4.333263
10,26,-200.000000,-120.000000,4.324194
11,26,-195.000000,-120.000000,4.314141
12,26,-190.000000,-120.000000,4.303972
13,26,-185.000000,-120.000000,4.293683
14,26,-180.000000,-120.000000,4.283395
15,26,-175.000000,-120.000000,4.273106
16,26,-170.000000,-120.000000,4.262978
17,26,-165.000000,-120.000000,4.252895
18,26,-160.000000,-120.000000,4.242856
19,26,-155.000000,-120.000000,4.232821
20,26,-150.000000,-120.000000,4.222786
21,26,-145.000000,-120.000000,4.212523
22,26,-140.000000,-120.000000,4.201441
23,26,-135.000000,-120.000000,4.190241
24,26,-130.000000,-120.000000,4.178833
25,26,-125.000000,-120.000000,4.167425
26,26,-120.000000,-120.000000,4.156017
27,26,-115.000000,-120.000000,4.142788
28,26,-110.000000,-120.000000,4.128591
29,26,-105.000000,-120.000000,4.113491
30,26,-100.000000,-120.000000,4.098164
31,26,-95.000000,-120.000000,4.082837
32,26,-90.000000,-120.000000,4.067336
33,26,-85.000000,-120.000000,4.050047
34,26,-80.000000,-120.000000,4.032523
35,26,-75.000000,-120.000000,4.014229
36,26,-70.000000,-120.000000,3.995935
37,26,-65.000000,-120.000000,3.977641
38,26,-60.000000,-120.000000,3.959877
39,26,-55.000000,-120.000000,3.942594
40,26,-50.000000,-120.000000,3.925744
41,26,-45.000000,-120.000000,3.909108
42,26,-40.000000,-120.000000,3.892471
43,26,-35.000000,-120.000000,3.875834
44,26,-30.000000,-120.000000,3.862014
45,26,-25.000000,-120.000000,3.848555
46,26,-20.000000,-120.000000,3.837161
47,26,-15.000000,-120.000000,3.825767
48,26,-10.000000,-120.000000,3.814373
49,26,-5.000000,-120.000000,3.803740
50,26,0.000000,-120.000000,3.794265
51,26,5.000000,-120.000000,3.785794
52,26,10.000000,-120.000000,3.778174
53,26,15.000000,-120.000000,3.770553
54,26,20.000000,-120.000000,3.762932
55,26,25.000000,-120.000000,3.754897
56,26,30.000000,-120.000000,3.746779
57,26,35.000000,-120.000000,3.738086
58,26,40.000000,-120.000000,3.729380
59,26,45.000000,-120.000000,3.720673
60,26,50.000000,-120.000000,3.711545
61,26,55.000000,-120.000000,3.701268
62,26,60.000000,-120.000000,3.690043
63,26,65.000000,-120.000000,3.677476
64,26,70.000000,-120.000000,3.664909
65,26,75.000000,-120.000000,3.652342
66,26,80.000000,-120.000000,3.639294
67,26,85.000000,-120.000000,3.626044
68,26,90.000000,-120.000000,3.611744
69,26,95.000000,-120.000000,3.597259
70,26,100.000000,-120.000000,3.582774
71,26,105.000000,-120.000000,3.568345
72,26,110.000000,-120.000000,3.554255
73,26,115.000000,-120.000000,3.540423
74,26,120.000000,-120.000000,3.527233
75,26,125.000000,-120.000000,3.514043
76,26,130.000000,-120.000000,3.500854
77,26,135.000000,-120.000000,3.487760
78,26,140.000000,-120.000000,3.474736
79,26,145.000000,-120.000000,3.462065
80,26,150.000000,-120.000000,3.449528
81,26,155.000000,-120.000000,3.436992
82,26,160.000000,-120.000000,3.424446
83,26,165.000000,-120.000000,3.411114
84,26,170.000000,-120.000000,3.397290
85,26,175.000000,-120.000000,3.380843
86,26,180.000000,-120.000000,3.364395
87,26,185.000000,-120.000000,3.347948
88,26,190.000000,-120.000000,3.331035
89,26,195.000000,-120.000000,3.313548
90,26,200.000000,-120.000000,3.292634
91,26,205.000000,-120.000000,3.269377
92,26,210.000000,-120.000000,3.246120
93,26,215.000000,-120.000000,3.222863
94,26,220.000000,-120.000000,3.199315
95,26,225.000000,-120.000000,3.175644
96,26,230.000000,-120.000000,3.149165
97,26,235.000000,-120.000000,3.122686
98,26,240.000000,-120.000000,3.096207
99,26,245.000000,-120.000000,3.069805
100,26,250.000000,-120.000000,3.043568
0,27,-250.000000,-115.000000,4.414892
1,27,-245.000000,-115.000000,4.410970
2,27,-240.000000,-115.000000,4.407000
3,27,-235.000000,-115.000000,4.403031
4,27,-230.000000,-115.000000,4.399061
5,27,-225.000000,-115.000000,4.391288
6,27,-220.000000,-115.000000,4.383112
7,27,-215.000000,-115.000000,4.374569
8,27,-210.000000,-115.000000,4.366027
9,27,-205.000000,-115.000000,4.357485
10,27,-200.000000,-115.000000,4.348463
11,27,-195.000000,-115.000000,4.338531
12,27,-190.000000,-115.000000,4.328492
13,27,-185.000000,-115.000000,4.318342
14,27,-180.000000,-115.000000,4.308192
15,27,-175.000000,-115.000000,4.298042
16,27,-170.000000,-115.000000,4.288181
17,27,-165.000000,-115.000000,4.278400
18,27,-160.000000,-115.000000,4.268697
19,27,-155.000000,-115.000000,4.259001
20,27,-150.000000,-115.000000,4.249304
21,27,-145.000000,-115.000000,4.239414
22,27,-140.000000,-115.000000,4.228824
23,27,-135.000000,-115.000000,4.218134
24,27,-130.000000,-115.000000,4.207265
25,27,-125.000000,-115.000000,4.196397
26,27,-120.000000,-115.000000,4.185529
27,27,-115.000000,-115.000000,4.172890
28,27,-110.000000,-115.000000,4.159308
29,27,-105.000000,-115.000000,4.144849
30,27,-100.000000,-115.000000,4.130169
31,27,-95.000000,-115.000000,4.115488
32,27,-90.000000,-115.000000,4.100628
33,27,-85.000000,-115.000000,4.083923
34,27,-80.000000,-115.000000,4.066974
35,27,-75.000000,-115.000000,4.049230
36,27,-70.000000,-115.000000,4.031485
37,27,-65.000000,-115.000000,4.013741
38,27,-60.000000,-115.000000,3.996406
39,27,-55.000000,-115.000000,3.979442
40,27,-50.000000,-115.000000,3.962811
41,27,-45.000000,-115.000000,3.946345
42,27,-40.000000,-115.000000,3.929879
43,27,-35.000000,-115.000000,3.913412
44,27,-30.000000,-115.000000,3.899422
45,27,-25.000000,-115.000000,3.885749
46,27,-20.000000,-115.000000,3.873891
47,27,-15.000000,-115.000000,3.862033
48,27,-10.000000,-115.000000,3.850176
49,27,-5.000000,-115.000000,3.838935
50,27,0.000000,-115.000000,3.828632
51,27,5.000000,-115.000000,3.819144
52,27,10.000000,-115.000000,3.810345
53,27,15.000000,-115.000000,3.801545
54,27,20.000000,-115.000000,3.792746
55,27,25.000000,-115.000000,3.783333
56,27,30.000000,-115.000000,3.773796
57,27,35.000000,-115.000000,3.763405
58,27,40.000000,-115.000000,3.752995
59,27,45.000000,-115.000000,3.742585
60,27,50.000000,-115.000000,3.731742
61,27,55.000000,-115.000000,3.719723
62,27,60.000000,-115.000000,3.706733
63,27,65.000000,-115.000000,3.692368
64,27,70.000000,-115.000000,3.678004
65,27,75.000000,-115.000000,3.663639
66,27,80.000000,-115.000000,3.648896
67,27,85.000000,-115.000000,3.633996
68,27,90.000000,-115.000000,3.618271
69,27,95.000000,-115.000000,3.602401
70,27,100.000000,-115.000000,3.586531
71,27,105.000000,-115.000000,3.570748
72,27,110.000000,-115.000000,3.555500
73,27,115.000000,-115.000000,3.540657
74,27,120.000000,-115.000000,3.526827
75,27,125.000000,-115.000000,3.512996
76,27,130.000000,-115.000000,3.499166
77,27,135.000000,-115.000000,3.485537
78,27,140.000000,-115.000000,3.472056
79,27,145.000000,-115.000000,3.459315
80,27,150.000000,-115.000000,3.446859
81,27,155.000000,-115.000000,3.434403
82,27,160.000000,-115.000000,3.421938
83,27,165.000000,-115.000000,3.408766
84,27,170.000000,-115.000000,3.395151
85,27,175.000000,-115.000000,3.379175
86,27,180.000000,-115.000000,3.363199
87,27,185.000000,-115.000000,3.347223
88,27,190.000000,-115.000000,3.330782
89,27,195.000000,-115.000000,3.313768
90,27,200.000000,-115.000000,3.293329
91,27,205.000000,-115.000000,3.270549
92,27,210.000000,-115.000000,3.247769
93,27,215.000000,-115.000000,3.224989
94,27,220.000000,-115.000000,3.201901
95,27,225.000000,-115.000000,3.178680
96,27,230.000000,-115.000000,3.152479
97,27,235.000000,-115.000000,3.126278
98,27,240.000000,-115.000000,3.100077
99,27,245.000000,-115.000000,3.073951
100,27,250.000000,-115.000000,3.047982
0,28,-250.000000,-110.000000,4.439125
1,28,-245.000000,-110.000000,4.435192
2,28,-240.000000,-110.000000,4.431209
3,28,-235.000000,-110.000000,4.427226
4,28,-230.000000,-110.000000,4.423244
5,28,-225.000000,-110.000000,4.415476
6,28,-220.000000,-110.000000,4.407307
7,28,-215.000000,-110.000000,4.398773
8,28,-210.000000,-110.000000,4.390240
9,28,-205.000000,-110.000000,4.381706
10,28,-200.000000,-110.000000,4.372732
11,28,-195.000000,-110.000000,4.362921
12,28,-190.000000,-110.000000,4.353012
13,28,-185.000000,-110.000000,4.343001
14,28,-180.000000,-110.000000,4.332990
15,28,-175.000000,-110.000000,4.322979
16,28,-170.000000,-110.000000,4.313383
17,28,-165.000000,-110.000000,4.303904
18,28,-160.000000,-110.000000,4.294538
19,28,-155.000000,-110.000000,4.285180
20,28,-150.000000,-110.000000,4.275823
21,28,-145.000000,-110.000000,4.266305
22,28,-140.000000,-110.000000,4.256207
23,28,-135.000000,-110.000000,4.246026
24,28,-130.000000,-110.000000,4.235698
25,28,-125.000000,-110.000000,4.225369
26,28,-120.000000,-110.000000,4.215041
27,28,-115.000000,-110.000000,4.202991
28,28,-110.000000,-110.000000,4.190025
29,28,-105.000000,-110.000000,4.176207
30,28,-100.000000,-110.000000,4.162173
31,28,-95.000000,-110.000000,4.148140
32,28,-90.000000,-110.000000,4.133921
33,28,-85.000000,-110.000000,4.117798
34,28,-80.000000,-110.000000,4.101424
35,28,-75.000000,-110.000000,4.084230
36,28,-70.000000,-110.000000,4.067036
37,28,-65.000000,-110.000000,4.049842
38,28,-60.000000,-110.000000,4.032935
39,28,-55.000000,-110.000000,4.016289
40,28,-50.000000,-110.000000,3.999878
41,28,-45.000000,-110.000000,3.983582
42,28,-40.000000,-110.000000,3.967286
43,28,-35.000000,-110.000000,3.950991
44,28,-30.000000,-110.000000,3.936830
45,28,-25.000000,-110.000000,3.922943
46,28,-20.000000,-110.000000,3.910621
47,28,-15.000000,-110.000000,3.898300
48,28,-10.000000,-110.000000,3.885978
49,28,-5.000000,-110.000000,3.874129
50,28,0.000000,-110.000000,3.862999
51,28,5.000000,-110.000000,3.852494
52,28,10.000000,-110.000000,3.842516
53,28,15.000000,-110.000000,3.832538
54,28,20.000000,-110.000000,3.822560
55,28,25.000000,-110.000000,3.811768
56,28,30.000000,-110.000000,3.800812
57,28,35.000000,-110.000000,3.788724
58,28,40.000000,-110.000000,3.776610
59,28,45.000000,-110.000000,3.764496
60,28,50.000000,-110.000000,3.751939
61,28,55.000000,-110.000000,3.738178
62,28,60.000000,-110.000000,3.723423
63,28,65.000000,-110.000000,3.707261
64,28,70.000000,-110.000000,3.691098
65,28,75.000000,-110.000000,3.674936
66,28,80.000000,-110.000000,3.658499
67,28,85.000000,-110.000000,3.641947
68,28,90.000000,-110.000000,3.624797
69,28,95.000000,-110.000000,3.607542
70,28,100.000000,-110.000000,3.590287
71,28,105.000000,-110.000000,3.573151
72,28,110.000000,-110.000000,3.556745
73,28,115.000000,-110.000000,3.540892
74,28,120.000000,-110.000000,3.526421
75,28,125.000000,-110.000000,3.511949
76,28,130.000000,-110.000000,3.497478
77,28,135.000000,-110.000000,3.483314
78,28,140.000000,-110.000000,3.469375
79,28,145.000000,-110.000000,3.456565
80,28,150.000000,-110.000000,3.444190
81,28,155.000000,-110.000000,3.431814
82,28,160.000000,-110.000000,3.419430
83,28,165.000000,-110.000000,3.406418
84,28,170.000000,-110.000000,3.393012
85,28,175.000000,-110.000000,3.377508
86,28,180.000000,-110.000000,3.362003
87,28,185.000000,-110.000000,3.346499
88,28,190.000000,-110.000000,3.330529
89,28,195.000000,-110.000000,3.313987
90,28,200.000000,-110.000000,3.294023
91,28,205.000000,-110.000000,3.271720
92,28,210.000000,-110.000000,3.249417
93,28,215.000000,-110.000000,3.227115
94,28,220.000000,-110.000000,3.204486
95,28,225.000000,-110.000000,3.181717
96,28,230.000000,-110.000000,3.155794
97,28,235.000000,-110.000000,3.129871
98,28,240.000000,-110.000000,3.103948
99,28,245.000000,-110.000000,3.078096
100,28,250.000000,-110.000000,3.052396
0,29,-250.000000,-105.000000,4.463868
1,29,-245.000000,-105.000000,4.459916
2,29,-240.000000,-105.000000,4.455915
3,29,-235.000000,-105.000000,4.451913
4,29,-230.000000,-105.000000,4.447911
5,29,-225.000000,-105.000000,4.440146
6,29,-220.000000,-105.000000,4.431982
7,29,-215.000000,-105.000000,4.423455
8,29,-210.000000,-105.000000,4.414929
9,29,-205.000000,-105.000000,4.406402
10,29,-200.000000,-105.000000,4.397472
11,29,-195.000000,-105.000000,4.387774
12,29,-190.000000,-105.000000,4.377986
13,29,-185.000000,-105.000000,4.368105
14,29,-180.000000,-105.000000,4.358224
15,29,-175.000000,-105.000000,4.348342
16,29,-170.000000,-105.000000,4.338992
17,29,-165.000000,-105.000000,4.329792
18,29,-160.000000,-105.000000,4.320736
19,29,-155.000000,-105.000000,4.311692
20,29,-150.000000,-105.000000,4.302648
21,29,-145.000000,-105.000000,4.293474
22,29,-140.000000,-105.000000,4.283830
23,29,-135.000000,-105.000000,4.274119
24,29,-130.000000,-105.000000,4.264289
25,29,-125.000000,-105.000000,4.254458
26,29,-120.000000,-105.000000,4.244628
27,29,-115.000000,-105.000000,4.233123
28,29,-110.000000,-105.000000,4.220726
29,29,-105.000000,-105.000000,4.207500
30,29,-100.000000,-105.000000,4.194065
31,29,-95.000000,-105.000000,4.180629
32,29,-90.000000,-105.000000,4.167003
33,29,-85.000000,-105.000000,4.151419
34,29,-80.000000,-105.000000,4.135577
35,29,-75.000000,-105.000000,4.118892
36,29,-70.000000,-105.000000,4.102207
37,29,-65.000000,-105.000000,4.085521
38,29,-60.000000,-105.000000,4.069010
39,29,-55.000000,-105.000000,4.052656
40,29,-50.000000,-105.000000,4.036444
41,29,-45.000000,-105.000000,4.020302
42,29,-40.000000,-105.000000,4.004159
43,29,-35.000000,-105.000000,3.988017
44,29,-30.000000,-105.000000,3.973691
45,29,-25.000000,-105.000000,3.959597
46,29,-20.000000,-105.000000,3.946835
47,29,-15.000000,-105.000000,3.934073
48,29,-10.000000,-105.000000,3.921310
49,29,-5.000000,-105.000000,3.908886
50,29,0.000000,-105.000000,3.896977
51,29,5.000000,-105.000000,3.885515
52,29,10.000000,-105.000000,3.874430
53,29,15.000000,-105.000000,3.863345
54,29,20.000000,-105.000000,3.852260
55,29,25.000000,-105.000000,3.840176
56,29,30.000000,-105.000000,3.827891
57,29,35.000000,-105.000000,3.814216
58,29,40.000000,-105.000000,3.800509
59,29,45.000000,-105.000000,3.786802
60,29,50.000000,-105.000000,3.772644
61,29,55.000000,-105.000000,3.757257
62,29,60.000000,-105.000000,3.740855
63,29,65.000000,-105.000000,3.723017
64,29,70.000000,-105.000000,3.705179
65,29,75.000000,-105.000000,3.687341
66,29,80.000000,-105.000000,3.669324
67,29,85.000000,-105.000000,3.651234
68,29,90.000000,-105.000000,3.632754
69,29,95.000000,-105.000000,3.614206
70,29,100.000000,-105.000000,3.595658
71,29,105.000000,-105.000000,3.577259
72,29,110.000000,-105.000000,3.559770
73,29,115.000000,-105.000000,3.542969
74,29,120.000000,-105.000000,3.527891
75,29,125.000000,-105.000000,3.512812
76,29,130.000000,-105.000000,3.497733
77,29,135.000000,-105.000000,3.483058
78,29,140.000000,-105.000000,3.468681
79,29,145.000000,-105.000000,3.455789
80,29,150.000000,-105.000000,3.443469
81,29,155.000000,-105.000000,3.431149
82,29,160.000000,-105.000000,3.418821
83,29,165.000000,-105.000000,3.405939
84,29,170.000000,-105.000000,3.392708
85,29,175.000000,-105.000000,3.377623
86,29,180.000000,-105.000000,3.362537
87,29,185.000000,-105.000000,3.347452
88,29,190.000000,-105.000000,3.331902
89,29,195.000000,-105.000000,3.315782
90,29,200.000000,-105.000000,3.296246
91,29,205.000000,-105.000000,3.274375
92,29,210.000000,-105.000000,3.252505
93,29,215.000000,-105.000000,3.230635
94,29,220.000000,-105.000000,3.208423
95,29,225.000000,-105.000000,3.186064
96,29,230.000000,-105.000000,3.160398
97,29,235.000000,-105.000000,3.134732
98,29,240.000000,-105.000000,3.109066
99,29,245.000000,-105.000000,3.083468
100,29,250.000000,-105.000000,3.058017
0,30,-250.000000,-100.000000,4.490615
1,30,-245.000000,-100.000000,4.486620
2,30,-240.000000,-100.000000,4.482574
3,30,-235.000000,-100.000000,4.478528
4,30,-230.000000,-100.000000,4.474482
5,30,-225.000000,-100.000000,4.466710
6,30,-220.000000,-100.000000,4.458543
7,30,-215.000000,-100.000000,4.450017
8,30,-210.000000,-100.000000,4.441492
9,30,-205.000000,-100.000000,4.432966
10,30,-200.000000,-100.000000,4.424063
11,30,-195.000000,-100.000000,4.414446
12,30,-190.000000,-100.000000,4.404745
13,30,-185.000000,-100.000000,4.394956
14,30,-180.000000,-100.000000,4.385168
15,30,-175.000000,-100.000000,4.375380
16,30,-170.000000,-100.000000,4.366198
17,30,-165.000000,-100.000000,4.357188
18,30,-160.000000,-100.000000,4.348342
19,30,-155.000000,-100.000000,4.339509
20,30,-150.000000,-100.000000,4.330677
21,30,-145.000000,-100.000000,4.321735
22,30,-140.000000,-100.000000,4.312396
23,30,-135.000000,-100.000000,4.303000
24,30,-130.000000,-100.000000,4.293503
25,30,-125.000000,-100.000000,4.284007
26,30,-120.000000,-100.000000,4.274510
27,30,-115.000000,-100.000000,4.263373
28,30,-110.000000,-100.000000,4.251362
29,30,-105.000000,-100.000000,4.238538
30,30,-100.000000,-100.000000,4.225510
31,30,-95.000000,-100.000000,4.212481
32,30,-90.000000,-100.000000,4.199258
33,30,-85.000000,-100.000000,4.184042
34,30,-80.000000,-100.000000,4.168562
35,30,-75.000000,-100.000000,4.152224
36,30,-70.000000,-100.000000,4.135885
37,30,-65.000000,-100.000000,4.119546
38,30,-60.000000,-100.000000,4.103298
39,30,-55.000000,-100.000000,4.087133
40,30,-50.000000,-100.000000,4.071041
41,30,-45.000000,-100.000000,4.054985
42,30,-40.000000,-100.000000,4.038930
43,30,-35.000000,-100.000000,4.022874
44,30,-30.000000,-100.000000,4.008401
45,30,-25.000000,-100.000000,3.994129
46,30,-20.000000,-100.000000,3.981018
47,30,-15.000000,-100.000000,3.967906
48,30,-10.000000,-100.000000,3.954794
49,30,-5.000000,-100.000000,3.941925
50,30,0.000000,-100.000000,3.929424
51,30,5.000000,-100.000000,3.917243
52,30,10.000000,-100.000000,3.905332
53,30,15.000000,-100.000000,3.893421
54,30,20.000000,-100.000000,3.881510
55,30,25.000000,-100.000000,3.868475
56,30,30.000000,-100.000000,3.855213
57,30,35.000000,-100.000000,3.840387
58,30,40.000000,-100.000000,3.825525
59,30,45.000000,-100.000000,3.810663
60,30,50.000000,-100.000000,3.795345
61,30,55.000000,-100.000000,3.778787
62,30,60.000000,-100.000000,3.761203
63,30,65.000000,-100.000000,3.742169
64,30,70.000000,-100.000000,3.723136
65,30,75.000000,-100.000000,3.704102
66,30,80.000000,-100.000000,3.684957
67,30,85.000000,-100.000000,3.665766
68,30,90.000000,-100.000000,3.646332
69,30,95.000000,-100.000000,3.626855
70,30,100.000000,-100.000000,3.607378
71,30,105.000000,-100.000000,3.588070
72,30,110.000000,-100.000000,3.569790
73,30,115.000000,-100.000000,3.552289
74,30,120.000000,-100.000000,3.536733
75,30,125.000000,-100.000000,3.521177
76,30,130.000000,-100.000000,3.505622
77,30,135.000000,-100.000000,3.490535
78,30,140.000000,-100.000000,3.475791
79,30,145.000000,-100.000000,3.462767
80,30,150.000000,-100.000000,3.450406
81,30,155.000000,-100.000000,3.438044
82,30,160.000000,-100.000000,3.425676
83,30,165.000000,-100.000000,3.412804
84,30,170.000000,-100.000000,3.399616
85,30,175.000000,-100.000000,3.384744
86,30,180.000000,-100.000000,3.369872
87,30,185.000000,-100.000000,3.355000
88,30,190.000000,-100.000000,3.339667
89,30,195.000000,-100.000000,3.323767
90,30,200.000000,-100.000000,3.304473
91,30,205.000000,-100.000000,3.282860
92,30,210.000000,-100.000000,3.261247
93,30,215.000000,-100.000000,3.239633
94,30,220.000000,-100.000000,3.217671
95,30,225.000000,-100.000000,3.195559
96,30,230.000000,-100.000000,3.170068
97,30,235.000000,-100.000000,3.144577
98,30,240.000000,-100.000000,3.119086
99,30,245.000000,-100.000000,3.093662
100,30,250.000000,-100.000000,3.068380
0,31,-250.000000,-95.000000,4.517918
1,31,-245.000000,-95.000000,4.513873
2,31,-240.000000,-95.000000,4.509776
3,31,-235.000000,-95.000000,4.505679
4,31,-230.000000,-95.000000,4.501583
5,31,-225.000000,-95.000000,4.493801
6,31,-220.000000,-95.000000,4.485629
7,31,-215.000000,-95.000000,4.477102
8,31,-210.000000,-95.000000,4.468575
9,31,-205.000000,-95.000000,4.460048
10,31,-200.000000,-95.000000,4.451169
11,31,-195.000000,-95.000000,4.441624
12,31,-190.000000,-95.000000,4.431999
13,31,-185.000000,-95.000000,4.422294
14,31,-180.000000,-95.000000,4.412588
15,31,-175.000000,-95.000000,4.402882
16,31,-170.000000,-95.000000,4.393848
17,31,-165.000000,-95.000000,4.385002
18,31,-160.000000,-95.000000,4.376338
19,31,-155.000000,-95.000000,4.367689
20,31,-150.000000,-95.000000,4.359040
21,31,-145.000000,-95.000000,4.350299
22,31,-140.000000,-95.000000,4.341223
23,31,-135.000000,-95.000000,4.332100
24,31,-130.000000,-95.000000,4.322891
25,31,-125.000000,-95.000000,4.313683
26,31,-120.000000,-95.000000,4.304474
27,31,-115.000000,-95.000000,4.293655
28,31,-110.000000,-95.000000,4.281979
29,31,-105.000000,-95.000000,4.269506
30,31,-100.000000,-95.000000,4.256831
31,31,-95.000000,-95.000000,4.244156
32,31,-90.000000,-95.000000,4.231284
33,31,-85.000000,-95.000000,4.216387
34,31,-80.000000,-95.000000,4.201223
35,31,-75.000000,-95.000000,4.185186
36,31,-70.000000,-95.000000,4.169149
37,31,-65.000000,-95.000000,4.153112
38,31,-60.000000,-95.000000,4.137091
39,31,-55.000000,-95.000000,4.121084
40,31,-50.000000,-95.000000,4.105090
41,31,-45.000000,-95.000000,4.089103
42,31,-40.000000,-95.000000,4.073116
43,31,-35.000000,-95.000000,4.057129
44,31,-30.000000,-95.000000,4.042513
45,31,-25.000000,-95.000000,4.028072
46,31,-20.000000,-95.000000,4.014636
47,31,-15.000000,-95.000000,4.001201
48,31,-10.000000,-95.000000,3.987765
49,31,-5.000000,-95.000000,3.974486
50,31,0.000000,-95.000000,3.961445
51,31,5.000000,-95.000000,3.948612
52,31,10.000000,-95.000000,3.935953
53,31,15.000000,-95.000000,3.923294
54,31,20.000000,-95.000000,3.910635
55,31,25.000000,-95.000000,3.896743
56,31,30.000000,-95.000000,3.882603
57,31,35.000000,-95.000000,3.866746
58,31,40.000000,-95.000000,3.850851
59,31,45.000000,-95.000000,3.834956
60,31,50.000000,-95.000000,3.818601
61,31,55.000000,-95.000000,3.800997
62,31,60.000000,-95.000000,3.782361
63,31,65.000000,-95.000000,3.762266
64,31,70.000000,-95.000000,3.742170
65,31,75.000000,-95.000000,3.722074
66,31,80.000000,-95.000000,3.701926
67,31,85.000000,-95.000000,3.681756
68,31,90.000000,-95.000000,3.661471
69,31,95.000000,-95.000000,3.641167
70,31,100.000000,-95.000000,3.620863
71,31,105.000000,-95.000000,3.600743
72,31,110.000000,-95.000000,3.581754
73,31,115.000000,-95.000000,3.563620
74,31,120.000000,-95.000000,3.547624
75,31,125.000000,-95.000000,3.531628
76,31,130.000000,-95.000000,3.515632
77,31,135.000000,-95.000000,3.500159
78,31,140.000000,-95.000000,3.485070
79,31,145.000000,-95.000000,3.471901
80,31,150.000000,-95.000000,3.459470
81,31,155.000000,-95.000000,3.447040
82,31,160.000000,-95.000000,3.434604
83,31,165.000000,-95.000000,3.421709
84,31,170.000000,-95.000000,3.408527
85,31,175.000000,-95.000000,3.393812
86,31,180.000000,-95.000000,3.379097
87,31,185.000000,-95.000000,3.364382
88,31,190.000000,-95.000000,3.349209
89,31,195.000000,-95.000000,3.333473
90,31,200.000000,-95.000000,3.314370
91,31,205.000000,-95.000000,3.292964
92,31,210.000000,-95.000000,3.271559
93,31,215.000000,-95.000000,3.250154
94,31,220.000000,-95.000000,3.228395
95,31,225.000000,-95.000000,3.206484
96,31,230.000000,-95.000000,3.181145
97,31,235.000000,-95.000000,3.155807
98,31,240.000000,-95.000000,3.130468
99,31,245.000000,-95.000000,3.105195
100,31,250.000000,-95.000000,3.080062
0,32,-250.000000,-90.000000,4.545769
1,32,-245.000000,-90.000000,4.541665
2,32,-240.000000,-90.000000,4.537511
3,32,-235.000000,-90.000000,4.533357
4,32,-230.000000,-90.000000,4.529202
5,32,-225.000000,-90.000000,4.521409
6,32,-220.000000,-90.000000,4.513230
7,32,-215.000000,-90.000000,4.504699
8,32,-210.000000,-90.000000,4.496169
9,32,-205.000000,-90.000000,4.487639
10,32,-200.000000,-90.000000,4.478781
11,32,-195.000000,-90.000000,4.469297
12,32,-190.000000,-90.000000,4.459741
13,32,-185.000000,-90.000000,4.450108
14,32,-180.000000,-90.000000,4.440475
15,32,-175.000000,-90.000000,4.430842
16,32,-170.000000,-90.000000,4.421933
17,32,-165.000000,-90.000000,4.413228
18,32,-160.000000,-90.000000,4.404719
19,32,-155.000000,-90.000000,4.396226
20,32,-150.000000,-90.000000,4.387732
21,32,-145.000000,-90.000000,4.379161
22,32,-140.000000,-90.000000,4.370308
23,32,-135.000000,-90.000000,4.361414
24,32,-130.000000,-90.000000,4.352449
25,32,-125.000000,-90.000000,4.343484
26,32,-120.000000,-90.000000,4.334519
27,32,-115.000000,-90.000000,4.323970
28,32,-110.000000,-90.000000,4.312579
29,32,-105.000000,-90.000000,4.300404
30,32,-100.000000,-90.000000,4.288030
31,32,-95.000000,-90.000000,4.275657
32,32,-90.000000,-90.000000,4.263084
33,32,-85.000000,-90.000000,4.248459
34,32,-80.000000,-90.000000,4.233564
35,32,-75.000000,-90.000000,4.217784
36,32,-70.000000,-90.000000,4.202005
37,32,-65.000000,-90.000000,4.186226
38,32,-60.000000,-90.000000,4.170396
39,32,-55.000000,-90.000000,4.154520
40,32,-50.000000,-90.000000,4.138603
41,32,-45.000000,-90.000000,4.122666
42,32,-40.000000,-90.000000,4.106729
43,32,-35.000000,-90.000000,4.090791
44,32,-30.000000,-90.000000,4.076038
45,32,-25.000000,-90.000000,4.061435
46,32,-20.000000,-90.000000,4.047701
47,32,-15.000000,-90.000000,4.033966
48,32,-10.000000,-90.000000,4.020231
49,32,-5.000000,-90.000000,4.006578
50,32,0.000000,-90.000000,3.993049
51,32,5.000000,-90.000000,3.979628
52,32,10.000000,-90.000000,3.966298
53,32,15.000000,-90.000000,3.952968
54,32,20.000000,-90.000000,3.939638
55,32,25.000000,-90.000000,3.924982
56,32,30.000000,-90.000000,3.910060
57,32,35.000000,-90.000000,3.893291
58,32,40.000000,-90.000000,3.876482
59,32,45.000000,-90.000000,3.859672
60,32,50.000000,-90.000000,3.842402
61,32,55.000000,-90.000000,3.823876
62,32,60.000000,-90.000000,3.804315
63,32,65.000000,-90.000000,3.783288
64,32,70.000000,-90.000000,3.762261
65,32,75.000000,-90.000000,3.741234
66,32,80.000000,-90.000000,3.720206
67,32,85.000000,-90.000000,3.699177
68,32,90.000000,-90.000000,3.678145
69,32,95.000000,-90.000000,3.657112
70,32,100.000000,-90.000000,3.636079
71,32,105.000000,-90.000000,3.615246
72,32,110.000000,-90.000000,3.595626
73,32,115.000000,-90.000000,3.576927
74,32,120.000000,-90.000000,3.560527
75,32,125.000000,-90.000000,3.544126
76,32,130.000000,-90.000000,3.527726
77,32,135.000000,-90.000000,3.511893
78,32,140.000000,-90.000000,3.496478
79,32,145.000000,-90.000000,3.483150
80,32,150.000000,-90.000000,3.470625
81,32,155.000000,-90.000000,3.458099
82,32,160.000000,-90.000000,3.445569
83,32,165.000000,-90.000000,3.432619
84,32,170.000000,-90.000000,3.419406
85,32,175.000000,-90.000000,3.404791
86,32,180.000000,-90.000000,3.390177
87,32,185.000000,-90.000000,3.375562
88,32,190.000000,-90.000000,3.360494
89,32,195.000000,-90.000000,3.344868
90,32,200.000000,-90.000000,3.325904
91,32,205.000000,-90.000000,3.304659
92,32,210.000000,-90.000000,3.283415
93,32,215.000000,-90.000000,3.262170
94,32,220.000000,-90.000000,3.240569
95,32,225.000000,-90.000000,3.218814
96,32,230.000000,-90.000000,3.193605
97,32,235.000000,-90.000000,3.168396
98,32,240.000000,-90.000000,3.143188
99,32,245.000000,-90.000000,3.118044
100,32,250.000000,-90.000000,3.093038
0,33,-250.000000,-85.000000,4.573619
1,33,-245.000000,-85.000000,4.569458
2,33,-240.000000,-85.000000,4.565246
3,33,-235.000000,-85.000000,4.561034
4,33,-230.000000,-85.000000,4.556822
5,33,-225.000000,-85.000000,4.549016
6,33,-220.000000,-85.000000,4.540830
7,33,-215.000000,-85.000000,4.532297
8,33,-210.000000,-85.000000,4.523764
9,33,-205.000000,-85.000000,4.515231
10,33,-200.000000,-85.000000,4.506392
11,33,-195.000000,-85.000000,4.496971
12,33,-190.000000,-85.000000,4.487482
13,33,-185.000000,-85.000000,4.477922
14,33,-180.000000,-85.000000,4.468362
15,33,-175.000000,-85.000000,4.458802
16,33,-170.000000,-85.000000,4.450018
17,33,-165.000000,-85.000000,4.441453
18,33,-160.000000,-85.000000,4.433099
19,33,-155.000000,-85.000000,4.424762
20,33,-150.000000,-85.000000,4.416424
21,33,-145.000000,-85.000000,4.408024
22,33,-140.000000,-85.000000,4.399393
23,33,-135.000000,-85.000000,4.390729
24,33,-130.000000,-85.000000,4.382007
25,33,-125.000000,-85.000000,4.373286
26,33,-120.000000,-85.000000,4.364564
27,33,-115.000000,-85.000000,4.354285
28,33,-110.000000,-85.000000,4.343179
29,33,-105.000000,-85.000000,4.331302
30,33,-100.000000,-85.000000,4.319230
31,33,-95.000000,-85.000000,4.307158
32,33,-90.000000,-85.000000,4.294884
33,33,-85.000000,-85.000000,4.280532
34,33,-80.000000,-85.000000,4.265905
35,33,-75.000000,-85.000000,4.250383
36,33,-70.000000,-85.000000,4.234861
37,33,-65.000000,-85.000000,4.219339
38,33,-60.000000,-85.000000,4.203701
39,33,-55.000000,-85.000000,4.187956
40,33,-50.000000,-85.000000,4.172116
41,33,-45.000000,-85.000000,4.156228
42,33,-40.000000,-85.000000,4.140341
43,33,-35.000000,-85.000000,4.124454
44,33,-30.000000,-85.000000,4.109563
45,33,-25.000000,-85.000000,4.094799
46,33,-20.000000,-85.000000,4.080765
47,33,-15.000000,-85.000000,4.066731
48,33,-10.000000,-85.000000,4.052697
49,33,-5.000000,-85.000000,4.038670
50,33,0.000000,-85.000000,4.024653
51,33,5.000000,-85.000000,4.010644
52,33,10.000000,-85.000000,3.996643
53,33,15.000000,-85.000000,3.982642
54,33,20.000000,-85.000000,3.968641
55,33,25.000000,-85.000000,3.953221
56,33,30.000000,-85.000000,3.937516
57,33,35.000000,-85.000000,3.919836
58,33,40.000000,-85.000000,3.902113
59,33,45.000000,-85.000000,3.884389
60,33,50.000000,-85.000000,3.866202
61,33,55.000000,-85.000000,3.846756
62,33,60.000000,-85.000000,3.826269
63,33,65.000000,-85.000000,3.804311
64,33,70.000000,-85.000000,3.782353
65,33,75.000000,-85.000000,3.760395
66,33,80.000000,-85.000000,3.738486
67,33,85.000000,-85.000000,3.716598
68,33,90.000000,-85.000000,3.694818
69,33,95.000000,-85.000000,3.673057
70,33,100.000000,-85.000000,3.651296
71,33,105.000000,-85.000000,3.629748
72,33,110.000000,-85.000000,3.609499
73,33,115.000000,-85.000000,3.590235
74,33,120.000000,-85.000000,3.573429
75,33,125.000000,-85.000000,3.556624
76,33,130.000000,-85.000000,3.539819
77,33,135.000000,-85.000000,3.523628
78,33,140.000000,-85.000000,3.507886
79,33,145.000000,-85.000000,3.494399
80,33,150.000000,-85.000000,3.481779
81,33,155.000000,-85.000000,3.469159
82,33,160.000000,-85.000000,3.456534
83,33,165.000000,-85.000000,3.443528
84,33,170.000000,-85.000000,3.430285
85,33,175.000000,-85.000000,3.415771
86,33,180.000000,-85.000000,3.401257
87,33,185.000000,-85.000000,3.386743
88,33,190.000000,-85.000000,3.371779
89,33,195.000000,-85.000000,3.356263
90,33,200.000000,-85.000000,3.337439
91,33,205.000000,-85.000000,3.316354
92,33,210.000000,-85.000000,3.295270
93,33,215.000000,-85.000000,3.274186
94,33,220.000000,-85.000000,3.252742
95,33,225.000000,-85.000000,3.231144
96,33,230.000000,-85.000000,3.206065
97,33,235.000000,-85.000000,3.180986
98,33,240.000000,-85.000000,3.155908
99,33,245.000000,-85.000000,3.130893
100,33,250.000000,-85.000000,3.106014
0,34,-250.000000,-80.000000,4.601859
1,34,-245.000000,-80.000000,4.597638
2,34,-240.000000,-80.000000,4.593365
3,34,-235.000000,-80.000000,4.589093
4,34,-230.000000,-80.000000,4.584821
5,34,-225.000000,-80.000000,4.577003
6,34,-220.000000,-80.000000,4.568810
7,34,-215.000000,-80.000000,4.560276
8,34,-210.000000,-80.000000,4.551741
9,34,-205.000000,-80.000000,4.543206
10,34,-200.000000,-80.000000,4.534387
11,34,-195.000000,-80.000000,4.525027
12,34,-190.000000,-80.000000,4.515603
13,34,-185.000000,-80.000000,4.506114
14,34,-180.000000,-80.000000,4.496624
15,34,-175.000000,-80.000000,4.487135
16,34,-170.000000,-80.000000,4.478470
17,34,-165.000000,-80.000000,4.470036
18,34,-160.000000,-80.000000,4.461827
19,34,-155.000000,-80.000000,4.453636
20,34,-150.000000,-80.000000,4.445445
21,34,-145.000000,-80.000000,4.437203
22,34,-140.000000,-80.000000,4.428781
23,34,-135.000000,-80.000000,4.420333
24,34,-130.000000,-80.000000,4.411838
25,34,-125.000000,-80.000000,4.403344
26,34,-120.000000,-80.000000,4.394850
27,34,-115.000000,-80.000000,4.384827
28,34,-110.000000,-80.000000,4.373990
29,34,-105.000000,-80.000000,4.362396
30,34,-100.000000,-80.000000,4.350611
31,34,-95.000000,-80.000000,4.338826
32,34,-90.000000,-80.000000,4.326837
33,34,-85.000000,-80.000000,4.312745
34,34,-80.000000,-80.000000,4.298378
35,34,-75.000000,-80.000000,4.283104
36,34,-70.000000,-80.000000,4.267830
37,34,-65.000000,-80.000000,4.252557
38,34,-60.000000,-80.000000,4.237102
39,34,-55.000000,-80.000000,4.221484
40,34,-50.000000,-80.000000,4.205719
41,34,-45.000000,-80.000000,4.189881
42,34,-40.000000,-80.000000,4.174043
43,34,-35.000000,-80.000000,4.158204
44,34,-30.000000,-80.000000,4.143180
45,34,-25.000000,-80.000000,4.128260
46,34,-20.000000,-80.000000,4.113937
47,34,-15.000000,-80.000000,4.099614
48,34,-10.000000,-80.000000,4.085290
49,34,-5.000000,-80.000000,4.070901
50,34,0.000000,-80.000000,4.056412
51,34,5.000000,-80.000000,4.041837
52,34,10.000000,-80.000000,4.027188
53,34,15.000000,-80.000000,4.012539
54,34,20.000000,-80.000000,3.997891
55,34,25.000000,-80.000000,3.981736
56,34,30.000000,-80.000000,3.965279
57,34,35.000000,-80.000000,3.946727
58,34,40.000000,-80.000000,3.928127
59,34,45.000000,-80.000000,3.909527
60,34,50.000000,-80.000000,3.890464
61,34,55.000000,-80.000000,3.870138
62,34,60.000000,-80.000000,3.848769
63,34,65.000000,-80.000000,3.825925
64,34,70.000000,-80.000000,3.803081
65,34,75.000000,-80.000000,3.780237
66,34,80.000000,-80.000000,3.757492
67,34,85.000000,-80.000000,3.734787
68,34,90.000000,-80.000000,3.712296
69,34,95.000000,-80.000000,3.689843
70,34,100.000000,-80.000000,3.667390
71,34,105.000000,-80.000000,3.645162
72,34,110.000000,-80.000000,3.624313
73,34,115.000000,-80.000000,3.604508
74,34,120.000000,-80.000000,3.587311
75,34,125.000000,-80.000000,3.570115
76,34,130.000000,-80.000000,3.552918
77,34,135.000000,-80.000000,3.536377
78,34,140.000000,-80.000000,3.520318
79,34,145.000000,-80.000000,3.506666
80,34,150.000000,-80.000000,3.493941
81,34,155.000000,-80.000000,3.481216
82,34,160.000000,-80.000000,3.468487
83,34,165.000000,-80.000000,3.455415
84,34,170.000000,-80.000000,3.442128
85,34,175.000000,-80.000000,3.427696
86,34,180.000000,-80.000000,3.413264
87,34,185.000000,-80.000000,3.398833
88,34,190.000000,-80.000000,3.383956
89,34,195.000000,-80.000000,3.368532
90,34,200.000000,-80.000000,3.349834
91,34,205.000000,-80.000000,3.328899
92,34,210.000000,-80.000000,3.307964
93,34,215.000000,-80.000000,3.287030
94,34,220.000000,-80.000000,3.265734
95,34,225.000000,-80.000000,3.244283
96,34,230.000000,-80.000000,3.219336
97,34,235.000000,-80.000000,3.194388
98,34,240.000000,-80.000000,3.169441
99,34,245.000000,-80.000000,3.144558
100,34,250.000000,-80.000000,3.119807
0,35,-250.000000,-75.000000,4.633312
1,35,-245.000000,-75.000000,4.629008
2,35,-240.000000,-75.000000,4.624654
3,35,-235.000000,-75.000000,4.620300
4,35,-230.000000,-75.000000,4.615946
5,35,-225.000000,-75.000000,4.608121
6,35,-220.000000,-75.000000,4.599928
7,35,-215.000000,-75.000000,4.591400
8,35,-210.000000,-75.000000,4.582873
9,35,-205.000000,-75.000000,4.574345
10,35,-200.000000,-75.000000,4.565546
11,35,-195.000000,-75.000000,4.556233
12,35,-190.000000,-75.000000,4.546859
13,35,-185.000000,-75.000000,4.537422
14,35,-180.000000,-75.000000,4.527985
15,35,-175.000000,-75.000000,4.518548
16,35,-170.000000,-75.000000,4.509943
17,35,-165.000000,-75.000000,4.501572
18,35,-160.000000,-75.000000,4.493426
19,35,-155.000000,-75.000000,4.485299
20,35,-150.000000,-75.000000,4.477172
21,35,-145.000000,-75.000000,4.469000
22,35,-140.000000,-75.000000,4.460669
23,35,-135.000000,-75.000000,4.452316
24,35,-130.000000,-75.000000,4.443921
25,35,-125.000000,-75.000000,4.435527
26,35,-120.000000,-75.000000,4.427132
27,35,-115.000000,-75.000000,4.417239
28,35,-110.000000,-75.000000,4.406547
29,35,-105.000000,-75.000000,4.395114
30,35,-100.000000,-75.000000,4.383493
31,35,-95.000000,-75.000000,4.371872
32,35,-90.000000,-75.000000,4.360047
33,35,-85.000000,-75.000000,4.346125
34,35,-80.000000,-75.000000,4.331928
35,35,-75.000000,-75.000000,4.316828
36,35,-70.000000,-75.000000,4.301727
37,35,-65.000000,-75.000000,4.286627
38,35,-60.000000,-75.000000,4.271303
39,35,-55.000000,-75.000000,4.255777
40,35,-50.000000,-75.000000,4.240070
41,35,-45.000000,-75.000000,4.224273
42,35,-40.000000,-75.000000,4.208476
43,35,-35.000000,-75.000000,4.192679
44,35,-30.000000,-75.000000,4.177561
45,35,-25.000000,-75.000000,4.162529
46,35,-20.000000,-75.000000,4.147995
47,35,-15.000000,-75.000000,4.133461
48,35,-10.000000,-75.000000,4.118927
49,35,-5.000000,-75.000000,4.104279
50,35,0.000000,-75.000000,4.089456
51,35,5.000000,-75.000000,4.074483
52,35,10.000000,-75.000000,4.059382
53,35,15.000000,-75.000000,4.044281
54,35,20.000000,-75.000000,4.029180
55,35,25.000000,-75.000000,4.012533
56,35,30.000000,-75.000000,3.995575
57,35,35.000000,-75.000000,3.976466
58,35,40.000000,-75.000000,3.957309
59,35,45.000000,-75.000000,3.938152
60,35,50.000000,-75.000000,3.918536
61,35,55.000000,-75.000000,3.897671
62,35,60.000000,-75.000000,3.875775
63,35,65.000000,-75.000000,3.852420
64,35,70.000000,-75.000000,3.829066
65,35,75.000000,-75.000000,3.805711
66,35,80.000000,-75.000000,3.782484
67,35,85.000000,-75.000000,3.759310
68,35,90.000000,-75.000000,3.736414
69,35,95.000000,-75.000000,3.713567
70,35,100.000000,-75.000000,3.690721
71,35,105.000000,-75.000000,3.668105
72,35,110.000000,-75.000000,3.646896
73,35,115.000000,-75.000000,3.626753
74,35,120.000000,-75.000000,3.609274
75,35,125.000000,-75.000000,3.591795
76,35,130.000000,-75.000000,3.574315
77,35,135.000000,-75.000000,3.557506
78,35,140.000000,-75.000000,3.541188
79,35,145.000000,-75.000000,3.527331
80,35,150.000000,-75.000000,3.514421
81,35,155.000000,-75.000000,3.501511
82,35,160.000000,-75.000000,3.488597
83,35,165.000000,-75.000000,3.475364
84,35,170.000000,-75.000000,3.461930
85,35,175.000000,-75.000000,3.447429
86,35,180.000000,-75.000000,3.432928
87,35,185.000000,-75.000000,3.418427
88,35,190.000000,-75.000000,3.403489
89,35,195.000000,-75.000000,3.388016
90,35,200.000000,-75.000000,3.369333
91,35,205.000000,-75.000000,3.348458
92,35,210.000000,-75.000000,3.327582
93,35,215.000000,-75.000000,3.306706
94,35,220.000000,-75.000000,3.285478
95,35,225.000000,-75.000000,3.264097
96,35,230.000000,-75.000000,3.239296
97,35,235.000000,-75.000000,3.214495
98,35,240.000000,-75.000000,3.189694
99,35,245.000000,-75.000000,3.164956
100,35,250.000000,-75.000000,3.140352
0,36,-250.000000,-70.000000,4.665581
1,36,-245.000000,-70.000000,4.661189
2,36,-240.000000,-70.000000,4.656747
3,36,-235.000000,-70.000000,4.652306
4,36,-230.000000,-70.000000,4.647865
5,36,-225.000000,-70.000000,4.640033
6,36,-220.000000,-70.000000,4.631842
7,36,-215.000000,-70.000000,4.623324
8,36,-210.000000,-70.000000,4.614805
9,36,-205.000000,-70.000000,4.606287
10,36,-200.000000,-70.000000,4.597510
11,36,-195.000000,-70.000000,4.588239
12,36,-190.000000,-70.000000,4.578910
13,36,-185.000000,-70.000000,4.569521
14,36,-180.000000,-70.000000,4.560133
15,36,-175.000000,-70.000000,4.550744
16,36,-170.000000,-70.000000,4.542184
17,36,-165.000000,-70.000000,4.533856
18,36,-160.000000,-70.000000,4.525755
19,36,-155.000000,-70.000000,4.517671
20,36,-150.000000,-70.000000,4.509587
21,36,-145.000000,-70.000000,4.501463
22,36,-140.000000,-70.000000,4.493193
23,36,-135.000000,-70.000000,4.484903
24,36,-130.000000,-70.000000,4.476576
25,36,-125.000000,-70.000000,4.468249
26,36,-120.000000,-70.000000,4.459922
27,36,-115.000000,-70.000000,4.450126
28,36,-110.000000,-70.000000,4.439548
29,36,-105.000000,-70.000000,4.428244
30,36,-100.000000,-70.000000,4.416755
31,36,-95.000000,-70.000000,4.405267
32,36,-90.000000,-70.000000,4.393576
33,36,-85.000000,-70.000000,4.379802
34,36,-80.000000,-70.000000,4.365753
35,36,-75.000000,-70.000000,4.350806
36,36,-70.000000,-70.000000,4.335860
37,36,-65.000000,-70.000000,4.320913
38,36,-60.000000,-70.000000,4.305707
39,36,-55.000000,-70.000000,4.290265
40,36,-50.000000,-70.000000,4.274612
41,36,-45.000000,-70.000000,4.258854
42,36,-40.000000,-70.000000,4.243096
43,36,-35.000000,-70.000000,4.227338
44,36,-30.000000,-70.000000,4.212135
45,36,-25.000000,-70.000000,4.197004
46,36,-20.000000,-70.000000,4.182279
47,36,-15.000000,-70.000000,4.167554
48,36,-10.000000,-70.000000,4.152829
49,36,-5.000000,-70.000000,4.137948
50,36,0.000000,-70.000000,4.122827
51,36,5.000000,-70.000000,4.107498
52,36,10.000000,-70.000000,4.091994
53,36,15.000000,-70.000000,4.076490
54,36,20.000000,-70.000000,4.060987
55,36,25.000000,-70.000000,4.043909
56,36,30.000000,-70.000000,4.026515
57,36,35.000000,-70.000000,4.006930
58,36,40.000000,-70.000000,3.987295
59,36,45.000000,-70.000000,3.967661
60,36,50.000000,-70.000000,3.947575
61,36,55.000000,-70.000000,3.926258
62,36,60.000000,-70.000000,3.903925
63,36,65.000000,-70.000000,3.880155
64,36,70.000000,-70.000000,3.856384
65,36,75.000000,-70.000000,3.832614
66,36,80.000000,-70.000000,3.808996
67,36,85.000000,-70.000000,3.785441
68,36,90.000000,-70.000000,3.762218
69,36,95.000000,-70.000000,3.739054
70,36,100.000000,-70.000000,3.715890
71,36,105.000000,-70.000000,3.692959
72,36,110.000000,-70.000000,3.671452
73,36,115.000000,-70.000000,3.651023
74,36,120.000000,-70.000000,3.633289
75,36,125.000000,-70.000000,3.615554
76,36,130.000000,-70.000000,3.597819
77,36,135.000000,-70.000000,3.580762
78,36,140.000000,-70.000000,3.564202
79,36,145.000000,-70.000000,3.550129
80,36,150.000000,-70.000000,3.537014
81,36,155.000000,-70.000000,3.523898
82,36,160.000000,-70.000000,3.510779
83,36,165.000000,-70.000000,3.497360
84,36,170.000000,-70.000000,3.483753
85,36,175.000000,-70.000000,3.469144
86,36,180.000000,-70.000000,3.454535
87,36,185.000000,-70.000000,3.439927
88,36,190.000000,-70.000000,3.424891
89,36,195.000000,-70.000000,3.409332
90,36,200.000000,-70.000000,3.390636
91,36,205.000000,-70.000000,3.369797
92,36,210.000000,-70.000000,3.348958
93,36,215.000000,-70.000000,3.328118
94,36,220.000000,-70.000000,3.306936
95,36,225.000000,-70.000000,3.285606
96,36,230.000000,-70.000000,3.260955
97,36,235.000000,-70.000000,3.236303
98,36,240.000000,-70.000000,3.211652
99,36,245.000000,-70.000000,3.187064
100,36,250.000000,-70.000000,3.162610
0,37,-250.000000,-65.000000,4.699024
1,37,-245.000000,-65.000000,4.694536
2,37,-240.000000,-65.000000,4.690000
3,37,-235.000000,-65.000000,4.685464
4,37,-230.000000,-65.000000,4.680928
5,37,-225.000000,-65.000000,4.673090
6,37,-220.000000,-65.000000,4.664903
7,37,-215.000000,-65.000000,4.656397
8,37,-210.000000,-65.000000,4.647892
9,37,-205.000000,-65.000000,4.639387
10,37,-200.000000,-65.000000,4.630630
11,37,-195.000000,-65.000000,4.621397
12,37,-190.000000,-65.000000,4.612108
13,37,-185.000000,-65.000000,4.602760
14,37,-180.000000,-65.000000,4.593413
15,37,-175.000000,-65.000000,4.584066
16,37,-170.000000,-65.000000,4.575529
17,37,-165.000000,-65.000000,4.567221
18,37,-160.000000,-65.000000,4.559132
19,37,-155.000000,-65.000000,4.551062
20,37,-150.000000,-65.000000,4.542991
21,37,-145.000000,-65.000000,4.534882
22,37,-140.000000,-65.000000,4.526631
23,37,-135.000000,-65.000000,4.518360
24,37,-130.000000,-65.000000,4.510054
25,37,-125.000000,-65.000000,4.501747
26,37,-120.000000,-65.000000,4.493440
27,37,-115.000000,-65.000000,4.483696
28,37,-110.000000,-65.000000,4.473187
29,37,-105.000000,-65.000000,4.461967
30,37,-100.000000,-65.000000,4.450567
31,37,-95.000000,-65.000000,4.439166
32,37,-90.000000,-65.000000,4.427565
33,37,-85.000000,-65.000000,4.413904
34,37,-80.000000,-65.000000,4.399972
35,37,-75.000000,-65.000000,4.385152
36,37,-70.000000,-65.000000,4.370331
37,37,-65.000000,-65.000000,4.355511
38,37,-60.000000,-65.000000,4.340402
39,37,-55.000000,-65.000000,4.325032
40,37,-50.000000,-65.000000,4.309427
41,37,-45.000000,-65.000000,4.293705
42,37,-40.000000,-65.000000,4.277983
43,37,-35.000000,-65.000000,4.262262
44,37,-30.000000,-65.000000,4.246989
45,37,-25.000000,-65.000000,4.231773
46,37,-20.000000,-65.000000,4.216887
47,37,-15.000000,-65.000000,4.202000
48,37,-10.000000,-65.000000,4.187113
49,37,-5.000000,-65.000000,4.172036
50,37,0.000000,-65.000000,4.156667
51,37,5.000000,-65.000000,4.141045
52,37,10.000000,-65.000000,4.125210
53,37,15.000000,-65.000000,4.109374
54,37,20.000000,-65.000000,4.093539
55,37,25.000000,-65.000000,4.076119
56,37,30.000000,-65.000000,4.058380
57,37,35.000000,-65.000000,4.038435
58,37,40.000000,-65.000000,4.018440
59,37,45.000000,-65.000000,3.998445
60,37,50.000000,-65.000000,3.978007
61,37,55.000000,-65.000000,3.956363
62,37,60.000000,-65.000000,3.933723
63,37,65.000000,-65.000000,3.909674
64,37,70.000000,-65.000000,3.885625
65,37,75.000000,-65.000000,3.861576
66,37,80.000000,-65.000000,3.837697
67,37,85.000000,-65.000000,3.813889
68,37,90.000000,-65.000000,3.790451
69,37,95.000000,-65.000000,3.767079
70,37,100.000000,-65.000000,3.743706
71,37,105.000000,-65.000000,3.720567
72,37,110.000000,-65.000000,3.698849
73,37,115.000000,-65.000000,3.678208
74,37,120.000000,-65.000000,3.660258
75,37,125.000000,-65.000000,3.642308
76,37,130.000000,-65.000000,3.624358
77,37,135.000000,-65.000000,3.607082
78,37,140.000000,-65.000000,3.590302
79,37,145.000000,-65.000000,3.575998
80,37,150.000000,-65.000000,3.562648
81,37,155.000000,-65.000000,3.549298
82,37,160.000000,-65.000000,3.535944
83,37,165.000000,-65.000000,3.522305
84,37,170.000000,-65.000000,3.508486
85,37,175.000000,-65.000000,3.493714
86,37,180.000000,-65.000000,3.478942
87,37,185.000000,-65.000000,3.464170
88,37,190.000000,-65.000000,3.448983
89,37,195.000000,-65.000000,3.433286
90,37,200.000000,-65.000000,3.414537
91,37,205.000000,-65.000000,3.393701
92,37,210.000000,-65.000000,3.372865
93,37,215.000000,-65.000000,3.352029
94,37,220.000000,-65.000000,3.330863
95,37,225.000000,-65.000000,3.309556
96,37,230.000000,-65.000000,3.285060
97,37,235.000000,-65.000000,3.260563
98,37,240.000000,-65.000000,3.236067
99,37,245.000000,-65.000000,3.211634
100,37,250.000000,-65.000000,3.187337
0,38,-250.000000,-60.000000,4.732468
1,38,-245.000000,-60.000000,4.727884
2,38,-240.000000,-60.000000,4.723252
3,38,-235.000000,-60.000000,4.718621
4,38,-230.000000,-60.000000,4.713990
5,38,-225.000000,-60.000000,4.706147
6,38,-220.000000,-60.000000,4.697964
7,38,-215.000000,-60.000000,4.689471
8,38,-210.000000,-60.000000,4.680979
9,38,-205.000000,-60.000000,4.672486
10,38,-200.000000,-60.000000,4.663751
11,38,-195.000000,-60.000000,4.654555
12,38,-190.000000,-60.000000,4.645305
13,38,-185.000000,-60.000000,4.635999
14,38,-180.000000,-60.000000,4.626693
15,38,-175.000000,-60.000000,4.617387
16,38,-170.000000,-60.000000,4.608875
17,38,-165.000000,-60.000000,4.600585
18,38,-160.000000,-60.000000,4.592510
19,38,-155.000000,-60.000000,4.584453
20,38,-150.000000,-60.000000,4.576396
21,38,-145.000000,-60.000000,4.568301
22,38,-140.000000,-60.000000,4.560069
23,38,-135.000000,-60.000000,4.551818
24,38,-130.000000,-60.000000,4.543532
25,38,-125.000000,-60.000000,4.535246
26,38,-120.000000,-60.000000,4.526959
27,38,-115.000000,-60.000000,4.517267
28,38,-110.000000,-60.000000,4.506827
29,38,-105.000000,-60.000000,4.495690
30,38,-100.000000,-60.000000,4.484378
31,38,-95.000000,-60.000000,4.473065
32,38,-90.000000,-60.000000,4.461554
33,38,-85.000000,-60.000000,4.448007
34,38,-80.000000,-60.000000,4.434191
35,38,-75.000000,-60.000000,4.419497
36,38,-70.000000,-60.000000,4.404803
37,38,-65.000000,-60.000000,4.390109
38,38,-60.000000,-60.000000,4.375098
39,38,-55.000000,-60.000000,4.359799
40,38,-50.000000,-60.000000,4.344241
41,38,-45.000000,-60.000000,4.328556
42,38,-40.000000,-60.000000,4.312871
43,38,-35.000000,-60.000000,4.297186
44,38,-30.000000,-60.000000,4.281842
45,38,-25.000000,-60.000000,4.266543
46,38,-20.000000,-60.000000,4.251495
47,38,-15.000000,-60.000000,4.236446
48,38,-10.000000,-60.000000,4.221398
49,38,-5.000000,-60.000000,4.206123
50,38,0.000000,-60.000000,4.190506
51,38,5.000000,-60.000000,4.174592
52,38,10.000000,-60.000000,4.158425
53,38,15.000000,-60.000000,4.142258
54,38,20.000000,-60.000000,4.126092
55,38,25.000000,-60.000000,4.108329
56,38,30.000000,-60.000000,4.090245
57,38,35.000000,-60.000000,4.069940
58,38,40.000000,-60.000000,4.049584
59,38,45.000000,-60.000000,4.029228
60,38,50.000000,-60.000000,4.008439
61,38,55.000000,-60.000000,3.986467
62,38,60.000000,-60.000000,3.963521
63,38,65.000000,-60.000000,3.939193
64,38,70.000000,-60.000000,3.914866
65,38,75.000000,-60.000000,3.890538
66,38,80.000000,-60.000000,3.866398
67,38,85.000000,-60.000000,3.842336
68,38,90.000000,-60.000000,3.818684
69,38,95.000000,-60.000000,3.795103
70,38,100.000000,-60.000000,3.771522
71,38,105.000000,-60.000000,3.748174
72,38,110.000000,-60.000000,3.726245
73,38,115.000000,-60.000000,3.705393
74,38,120.000000,-60.000000,3.687228
75,38,125.000000,-60.000000,3.669062
76,38,130.000000,-60.000000,3.650897
77,38,135.000000,-60.000000,3.633403
78,38,140.000000,-60.000000,3.616402
79,38,145.000000,-60.000000,3.601867
80,38,150.000000,-60.000000,3.588282
81,38,155.000000,-60.000000,3.574697
82,38,160.000000,-60.000000,3.561109
83,38,165.000000,-60.000000,3.547249
84,38,170.000000,-60.000000,3.533220
85,38,175.000000,-60.000000,3.518285
86,38,180.000000,-60.000000,3.503349
87,38,185.000000,-60.000000,3.488414
88,38,190.000000,-60.000000,3.473076
89,38,195.000000,-60.000000,3.457241
90,38,200.000000,-60.000000,3.438437
91,38,205.000000,-60.000000,3.417605
92,38,210.000000,-60.000000,3.396772
93,38,215.000000,-60.000000,3.375939
94,38,220.000000,-60.000000,3.354791
95,38,225.000000,-60.000000,3.333507
96,38,230.000000,-60.000000,3.309165
97,38,235.000000,-60.000000,3.284823
98,38,240.000000,-60.000000,3.260482
99,38,245.000000,-60.000000,3.236205
100,38,250.000000,-60.000000,3.212064
0,39,-250.000000,-55.000000,4.765927
1,39,-245.000000,-55.000000,4.761246
2,39,-240.000000,-55.000000,4.756520
3,39,-235.000000,-55.000000,4.751794
4,39,-230.000000,-55.000000,4.747068
5,39,-225.000000,-55.000000,4.739220
6,39,-220.000000,-55.000000,4.731042
7,39,-215.000000,-55.000000,4.722562
8,39,-210.000000,-55.000000,4.714082
9,39,-205.000000,-55.000000,4.705603
10,39,-200.000000,-55.000000,4.696889
11,39,-195.000000,-55.000000,4.687731
12,39,-190.000000,-55.000000,4.678521
13,39,-185.000000,-55.000000,4.669256
14,39,-180.000000,-55.000000,4.659992
15,39,-175.000000,-55.000000,4.650727
16,39,-170.000000,-55.000000,4.642238
17,39,-165.000000,-55.000000,4.633966
18,39,-160.000000,-55.000000,4.625905
19,39,-155.000000,-55.000000,4.617861
20,39,-150.000000,-55.000000,4.609817
21,39,-145.000000,-55.000000,4.601736
22,39,-140.000000,-55.000000,4.593522
23,39,-135.000000,-55.000000,4.585290
24,39,-130.000000,-55.000000,4.577023
25,39,-125.000000,-55.000000,4.568757
26,39,-120.000000,-55.000000,4.560490
27,39,-115.000000,-55.000000,4.550849
28,39,-110.000000,-55.000000,4.540477
29,39,-105.000000,-55.000000,4.529423
30,39,-100.000000,-55.000000,4.518198
31,39,-95.000000,-55.000000,4.506973
32,39,-90.000000,-55.000000,4.495552
33,39,-85.000000,-55.000000,4.482117
34,39,-80.000000,-55.000000,4.468417
35,39,-75.000000,-55.000000,4.453849
36,39,-70.000000,-55.000000,4.439282
37,39,-65.000000,-55.000000,4.424714
38,39,-60.000000,-55.000000,4.409800
39,39,-55.000000,-55.000000,4.394573
40,39,-50.000000,-55.000000,4.379063
41,39,-45.000000,-55.000000,4.363414
42,39,-40.000000,-55.000000,4.347765
43,39,-35.000000,-55.000000,4.332116
44,39,-30.000000,-55.000000,4.316703
45,39,-25.000000,-55.000000,4.301320
46,39,-20.000000,-55.000000,4.286111
47,39,-15.000000,-55.000000,4.270901
48,39,-10.000000,-55.000000,4.255691
49,39,-5.000000,-55.000000,4.240222
50,39,0.000000,-55.000000,4.224358
51,39,5.000000,-55.000000,4.208151
52,39,10.000000,-55.000000,4.191655
53,39,15.000000,-55.000000,4.175158
54,39,20.000000,-55.000000,4.158662
55,39,25.000000,-55.000000,4.140558
56,39,30.000000,-55.000000,4.122131
57,39,35.000000,-55.000000,4.101467
58,39,40.000000,-55.000000,4.080753
59,39,45.000000,-55.000000,4.060039
60,39,50.000000,-55.000000,4.038900
61,39,55.000000,-55.000000,4.016604
62,39,60.000000,-55.000000,3.993352
63,39,65.000000,-55.000000,3.968749
64,39,70.000000,-55.000000,3.944145
65,39,75.000000,-55.000000,3.919542
66,39,80.000000,-55.000000,3.895143
67,39,85.000000,-55.000000,3.870830
68,39,90.000000,-55.000000,3.846965
69,39,95.000000,-55.000000,3.823178
70,39,100.000000,-55.000000,3.799391
71,39,105.000000,-55.000000,3.775836
72,39,110.000000,-55.000000,3.753699
73,39,115.000000,-55.000000,3.732636
74,39,120.000000,-55.000000,3.714256
75,39,125.000000,-55.000000,3.695875
76,39,130.000000,-55.000000,3.677495
77,39,135.000000,-55.000000,3.659784
78,39,140.000000,-55.000000,3.642563
79,39,145.000000,-55.000000,3.627797
80,39,150.000000,-55.000000,3.613977
81,39,155.000000,-55.000000,3.600156
82,39,160.000000,-55.000000,3.586333
83,39,165.000000,-55.000000,3.572252
84,39,170.000000,-55.000000,3.558010
85,39,175.000000,-55.000000,3.542911
86,39,180.000000,-55.000000,3.527811
87,39,185.000000,-55.000000,3.512712
88,39,190.000000,-55.000000,3.497220
89,39,195.000000,-55.000000,3.481246
90,39,200.000000,-55.000000,3.462387
91,39,205.000000,-55.000000,3.441557
92,39,210.000000,-55.000000,3.420726
93,39,215.000000,-55.000000,3.399896
94,39,220.000000,-55.000000,3.378763
95,39,225.000000,-55.000000,3.357501
96,39,230.000000,-55.000000,3.333313
97,39,235.000000,-55.000000,3.309126
98,39,240.000000,-55.000000,3.284939
99,39,245.000000,-55.000000,3.260816
100,39,250.000000,-55.000000,3.236832
0,40,-250.000000,-50.000000,4.800494
1,40,-245.000000,-50.000000,4.795738
2,40,-240.000000,-50.000000,4.790938
3,40,-235.000000,-50.000000,4.786137
4,40,-230.000000,-50.000000,4.781337
5,40,-225.000000,-50.000000,4.773506
6,40,-220.000000,-50.000000,4.765354
7,40,-215.000000,-50.000000,4.756910
8,40,-210.000000,-50.000000,4.748465
9,40,-205.000000,-50.000000,4.740021
10,40,-200.000000,-50.000000,4.731345
11,40,-195.000000,-50.000000,4.722228
12,40,-190.000000,-50.000000,4.713060
13,40,-185.000000,-50.000000,4.703837
14,40,-180.000000,-50.000000,4.694615
15,40,-175.000000,-50.000000,4.685393
16,40,-170.000000,-50.000000,4.676907
17,40,-165.000000,-50.000000,4.668628
18,40,-160.000000,-50.000000,4.660549
19,40,-155.000000,-50.000000,4.652486
20,40,-150.000000,-50.000000,4.644423
21,40,-145.000000,-50.000000,4.636321
22,40,-140.000000,-50.000000,4.628077
23,40,-135.000000,-50.000000,4.619814
24,40,-130.000000,-50.000000,4.611514
25,40,-125.000000,-50.000000,4.603214
26,40,-120.000000,-50.000000,4.594915
27,40,-115.000000,-50.000000,4.585274
28,40,-110.000000,-50.000000,4.574919
29,40,-105.000000,-50.000000,4.563901
30,40,-100.000000,-50.000000,4.552714
31,40,-95.000000,-50.000000,4.541528
32,40,-90.000000,-50.000000,4.530149
33,40,-85.000000,-50.000000,4.516796
34,40,-80.000000,-50.000000,4.503183
35,40,-75.000000,-50.000000,4.488718
36,40,-70.000000,-50.000000,4.474254
37,40,-65.000000,-50.000000,4.459789
38,40,-60.000000,-50.000000,4.444961
39,40,-55.000000,-50.000000,4.429803
40,40,-50.000000,-50.000000,4.414349
41,40,-45.000000,-50.000000,4.398748
42,40,-40.000000,-50.000000,4.383147
43,40,-35.000000,-50.000000,4.367547
44,40,-30.000000,-50.000000,4.352098
45,40,-25.000000,-50.000000,4.336668
46,40,-20.000000,-50.000000,4.321350
47,40,-15.000000,-50.000000,4.306032
48,40,-10.000000,-50.000000,4.290713
49,40,-5.000000,-50.000000,4.275112
50,40,0.000000,-50.000000,4.259080
51,40,5.000000,-50.000000,4.242674
52,40,10.000000,-50.000000,4.225953
53,40,15.000000,-50.000000,4.209231
54,40,20.000000,-50.000000,4.192509
55,40,25.000000,-50.000000,4.174190
56,40,30.000000,-50.000000,4.155551
57,40,35.000000,-50.000000,4.134689
58,40,40.000000,-50.000000,4.113776
59,40,45.000000,-50.000000,4.092864
60,40,50.000000,-50.000000,4.071539
61,40,55.000000,-50.000000,4.049089
62,40,60.000000,-50.000000,4.025710
63,40,65.000000,-50.000000,4.001018
64,40,70.000000,-50.000000,3.976325
65,40,75.000000,-50.000000,3.951633
66,40,80.000000,-50.000000,3.927154
67,40,85.000000,-50.000000,3.902764
68,40,90.000000,-50.000000,3.878841
69,40,95.000000,-50.000000,3.855000
70,40,100.000000,-50.000000,3.831158
71,40,105.000000,-50.000000,3.807545
72,40,110.000000,-50.000000,3.785322
73,40,115.000000,-50.000000,3.764153
74,40,120.000000,-50.000000,3.745616
75,40,125.000000,-50.000000,3.727079
76,40,130.000000,-50.000000,3.708542
77,40,135.000000,-50.000000,3.690656
78,40,140.000000,-50.000000,3.673247
79,40,145.000000,-50.000000,3.658227
80,40,150.000000,-50.000000,3.644126
81,40,155.000000,-50.000000,3.630026
82,40,160.000000,-50.000000,3.615922
83,40,165.000000,-50.000000,3.601565
84,40,170.000000,-50.000000,3.587049
85,40,175.000000,-50.000000,3.571686
86,40,180.000000,-50.000000,3.556323
87,40,185.000000,-50.000000,3.540960
88,40,190.000000,-50.000000,3.525217
89,40,195.000000,-50.000000,3.509007
90,40,200.000000,-50.000000,3.490001
91,40,205.000000,-50.000000,3.469085
92,40,210.000000,-50.000000,3.448169
93,40,215.000000,-50.000000,3.427253
94,40,220.000000,-50.000000,3.406053
95,40,225.000000,-50.000000,3.384730
96,40,230.000000,-50.000000,3.360654
97,40,235.000000,-50.000000,3.336579
98,40,240.000000,-50.000000,3.312503
99,40,245.000000,-50.000000,3.288494
100,40,250.000000,-50.000000,3.264625
0,41,-250.000000,-45.000000,4.835304
1,41,-245.000000,-45.000000,4.830477
2,41,-240.000000,-45.000000,4.825607
3,41,-235.000000,-45.000000,4.820737
4,41,-230.000000,-45.000000,4.815867
5,41,-225.000000,-45.000000,4.808057
6,41,-220.000000,-45.000000,4.799937
7,41,-215.000000,-45.000000,4.791533
8,41,-210.000000,-45.000000,4.783128
9,41,-205.000000,-45.000000,4.774724
10,41,-200.000000,-45.000000,4.766089
11,41,-195.000000,-45.000000,4.757014
12,41,-190.000000,-45.000000,4.747888
13,41,-185.000000,-45.000000,4.738708
14,41,-180.000000,-45.000000,4.729529
15,41,-175.000000,-45.000000,4.720349
16,41,-170.000000,-45.000000,4.711862
17,41,-165.000000,-45.000000,4.703570
18,41,-160.000000,-45.000000,4.695466
19,41,-155.000000,-45.000000,4.687377
20,41,-150.000000,-45.000000,4.679288
21,41,-145.000000,-45.000000,4.671157
22,41,-140.000000,-45.000000,4.662874
23,41,-135.000000,-45.000000,4.654568
24,41,-130.000000,-45.000000,4.646223
25,41,-125.000000,-45.000000,4.637879
26,41,-120.000000,-45.000000,4.629534
27,41,-115.000000,-45.000000,4.619883
28,41,-110.000000,-45.000000,4.609535
29,41,-105.000000,-45.000000,4.598541
30,41,-100.000000,-45.000000,4.587383
31,41,-95.000000,-45.000000,4.576225
32,41,-90.000000,-45.000000,4.564878
33,41,-85.000000,-45.000000,4.551600
34,41,-80.000000,-45.000000,4.538066
35,41,-75.000000,-45.000000,4.523700
36,41,-70.000000,-45.000000,4.509334
37,41,-65.000000,-45.000000,4.494968
38,41,-60.000000,-45.000000,4.480223
39,41,-55.000000,-45.000000,4.465134
40,41,-50.000000,-45.000000,4.449737
41,41,-45.000000,-45.000000,4.434187
42,41,-40.000000,-45.000000,4.418637
43,41,-35.000000,-45.000000,4.403087
44,41,-30.000000,-45.000000,4.387609
45,41,-25.000000,-45.000000,4.372141
46,41,-20.000000,-45.000000,4.356725
47,41,-15.000000,-45.000000,4.341310
48,41,-10.000000,-45.000000,4.325895
49,41,-5.000000,-45.000000,4.310175
50,41,0.000000,-45.000000,4.293993
51,41,5.000000,-45.000000,4.277408
52,41,10.000000,-45.000000,4.260484
53,41,15.000000,-45.000000,4.243560
54,41,20.000000,-45.000000,4.226636
55,41,25.000000,-45.000000,4.208130
56,41,30.000000,-45.000000,4.189307
57,41,35.000000,-45.000000,4.168281
58,41,40.000000,-45.000000,4.147205
59,41,45.000000,-45.000000,4.126130
60,41,50.000000,-45.000000,4.104654
61,41,55.000000,-45.000000,4.082087
62,41,60.000000,-45.000000,4.058621
63,41,65.000000,-45.000000,4.033881
64,41,70.000000,-45.000000,4.009140
65,41,75.000000,-45.000000,3.984400
66,41,80.000000,-45.000000,3.959879
67,41,85.000000,-45.000000,3.935452
68,41,90.000000,-45.000000,3.911504
69,41,95.000000,-45.000000,3.887642
70,41,100.000000,-45.000000,3.863779
71,41,105.000000,-45.000000,3.840139
72,41,110.000000,-45.000000,3.817858
73,41,115.000000,-45.000000,3.796606
74,41,120.000000,-45.000000,3.777925
75,41,125.000000,-45.000000,3.759244
76,41,130.000000,-45.000000,3.740563
77,41,135.000000,-45.000000,3.722512
78,41,140.000000,-45.000000,3.704922
79,41,145.000000,-45.000000,3.689642
80,41,150.000000,-45.000000,3.675252
81,41,155.000000,-45.000000,3.660861
82,41,160.000000,-45.000000,3.646468
83,41,165.000000,-45.000000,3.631822
84,41,170.000000,-45.000000,3.617017
85,41,175.000000,-45.000000,3.601369
86,41,180.000000,-45.000000,3.585721
87,41,185.000000,-45.000000,3.570073
88,41,190.000000,-45.000000,3.554058
89,41,195.000000,-45.000000,3.537590
90,41,200.000000,-45.000000,3.518418
91,41,205.000000,-45.000000,3.497397
92,41,210.000000,-45.000000,3.476376
93,41,215.000000,-45.000000,3.455355
94,41,220.000000,-45.000000,3.434069
95,41,225.000000,-45.000000,3.412668
96,41,230.000000,-45.000000,3.388695
97,41,235.000000,-45.000000,3.364722
98,41,240.000000,-45.000000,3.340748
99,41,245.000000,-45.000000,3.316843
100,41,250.000000,-45.000000,3.293081
0,42,-250.000000,-40.000000,4.870642
1,42,-245.000000,-40.000000,4.865753
2,42,-240.000000,-40.000000,4.860823
3,42,-235.000000,-40.000000,4.855893
4,42,-230.000000,-40.000000,4.850963
5,42,-225.000000,-40.000000,4.843186
6,42,-220.000000,-40.000000,4.835107
7,42,-215.000000,-40.000000,4.826754
8,42,-210.000000,-40.000000,4.818400
9,42,-205.000000,-40.000000,4.810047
10,42,-200.000000,-40.000000,4.801460
11,42,-195.000000,-40.000000,4.792429
12,42,-190.000000,-40.000000,4.783347
13,42,-185.000000,-40.000000,4.774210
14,42,-180.000000,-40.000000,4.765073
15,42,-175.000000,-40.000000,4.755936
16,42,-170.000000,-40.000000,4.747439
17,42,-165.000000,-40.000000,4.739121
18,42,-160.000000,-40.000000,4.730977
19,42,-155.000000,-40.000000,4.722848
20,42,-150.000000,-40.000000,4.714718
21,42,-145.000000,-40.000000,4.706541
22,42,-140.000000,-40.000000,4.698194
23,42,-135.000000,-40.000000,4.689823
24,42,-130.000000,-40.000000,4.681408
25,42,-125.000000,-40.000000,4.672994
26,42,-120.000000,-40.000000,4.664579
27,42,-115.000000,-40.000000,4.654893
28,42,-110.000000,-40.000000,4.644529
29,42,-105.000000,-40.000000,4.633535
30,42,-100.000000,-40.000000,4.622382
31,42,-95.000000,-40.000000,4.611229
32,42,-90.000000,-40.000000,4.599893
33,42,-85.000000,-40.000000,4.586674
34,42,-80.000000,-40.000000,4.573207
35,42,-75.000000,-40.000000,4.558928
36,42,-70.000000,-40.000000,4.544649
37,42,-65.000000,-40.000000,4.530371
38,42,-60.000000,-40.000000,4.515703
39,42,-55.000000,-40.000000,4.500683
40,42,-50.000000,-40.000000,4.485346
41,42,-45.000000,-40.000000,4.469852
42,42,-40.000000,-40.000000,4.454358
43,42,-35.000000,-40.000000,4.438865
44,42,-30.000000,-40.000000,4.423374
45,42,-25.000000,-40.000000,4.407884
46,42,-20.000000,-40.000000,4.392397
47,42,-15.000000,-40.000000,4.376910
48,42,-10.000000,-40.000000,4.361423
49,42,-5.000000,-40.000000,4.345615
50,42,0.000000,-40.000000,4.329319
51,42,5.000000,-40.000000,4.312601
52,42,10.000000,-40.000000,4.295524
53,42,15.000000,-40.000000,4.278448
54,42,20.000000,-40.000000,4.261372
55,42,25.000000,-40.000000,4.242738
56,42,30.000000,-40.000000,4.223792
57,42,35.000000,-40.000000,4.202679
58,42,40.000000,-40.000000,4.181516
59,42,45.000000,-40.000000,4.160354
60,42,50.000000,-40.000000,4.138805
61,42,55.000000,-40.000000,4.116204
62,42,60.000000,-40.000000,4.092734
63,42,65.000000,-40.000000,4.068035
64,42,70.000000,-40.000000,4.043335
65,42,75.000000,-40.000000,4.018636
66,42,80.000000,-40.000000,3.994159
67,42,85.000000,-40.000000,3.969776
68,42,90.000000,-40.000000,3.945879
69,42,95.000000,-40.000000,3.922067
70,42,100.000000,-40.000000,3.898256
71,42,105.000000,-40.000000,3.874660
72,42,110.000000,-40.000000,3.852378
73,42,115.000000,-40.000000,3.831093
74,42,120.000000,-40.000000,3.812296
75,42,125.000000,-40.000000,3.793499
76,42,130.000000,-40.000000,3.774702
77,42,135.000000,-40.000000,3.756506
78,42,140.000000,-40.000000,3.738750
79,42,145.000000,-40.000000,3.723199
80,42,150.000000,-40.000000,3.708498
81,42,155.000000,-40.000000,3.693796
82,42,160.000000,-40.000000,3.679091
83,42,165.000000,-40.000000,3.664130
84,42,170.000000,-40.000000,3.649007
85,42,175.000000,-40.000000,3.633027
86,42,180.000000,-40.000000,3.617047
87,42,185.000000,-40.000000,3.601067
88,42,190.000000,-40.000000,3.584732
89,42,195.000000,-40.000000,3.567961
90,42,200.000000,-40.000000,3.548578
91,42,205.000000,-40.000000,3.527411
92,42,210.000000,-40.000000,3.506243
93,42,215.000000,-40.000000,3.485076
94,42,220.000000,-40.000000,3.463663
95,42,225.000000,-40.000000,3.442146
96,42,230.000000,-40.000000,3.418255
97,42,235.000000,-40.000000,3.394364
98,42,240.000000,-40.000000,3.370473
99,42,245.000000,-40.000000,3.346651
100,42,250.000000,-40.000000,3.322976
0,43,-250.000000,-35.000000,4.905980
1,43,-245.000000,-35.000000,4.901029
2,43,-240.000000,-35.000000,4.896039
3,43,-235.000000,-35.000000,4.891049
4,43,-230.000000,-35.000000,4.886059
5,43,-225.000000,-35.000000,4.878314
6,43,-220.000000,-35.000000,4.870277
7,43,-215.000000,-35.000000,4.861975
8,43,-210.000000,-35.000000,4.853672
9,43,-205.000000,-35.000000,4.845370
10,43,-200.000000,-35.000000,4.836831
11,43,-195.000000,-35.000000,4.827844
12,43,-190.000000,-35.000000,4.818805
13,43,-185.000000,-35.000000,4.809711
14,43,-180.000000,-35.000000,4.800617
15,43,-175.000000,-35.000000,4.791523
16,43,-170.000000,-35.000000,4.783015
17,43,-165.000000,-35.000000,4.774672
18,43,-160.000000,-35.000000,4.766489
19,43,-155.000000,-35.000000,4.758318
20,43,-150.000000,-35.000000,4.750148
21,43,-145.000000,-35.000000,4.741925
22,43,-140.000000,-35.000000,4.733515
23,43,-135.000000,-35.000000,4.725078
24,43,-130.000000,-35.000000,4.716593
25,43,-125.000000,-35.000000,4.708109
26,43,-120.000000,-35.000000,4.699624
27,43,-115.000000,-35.000000,4.689902
28,43,-110.000000,-35.000000,4.679522
29,43,-105.000000,-35.000000,4.668529
30,43,-100.000000,-35.000000,4.657382
31,43,-95.000000,-35.000000,4.646234
32,43,-90.000000,-35.000000,4.634908
33,43,-85.000000,-35.000000,4.621748
34,43,-80.000000,-35.000000,4.608347
35,43,-75.000000,-35.000000,4.594156
36,43,-70.000000,-35.000000,4.579965
37,43,-65.000000,-35.000000,4.565773
38,43,-60.000000,-35.000000,4.551183
39,43,-55.000000,-35.000000,4.536232
40,43,-50.000000,-35.000000,4.520955
41,43,-45.000000,-35.000000,4.505517
42,43,-40.000000,-35.000000,4.490080
43,43,-35.000000,-35.000000,4.474643
44,43,-30.000000,-35.000000,4.459140
45,43,-25.000000,-35.000000,4.443628
46,43,-20.000000,-35.000000,4.428069
47,43,-15.000000,-35.000000,4.412510
48,43,-10.000000,-35.000000,4.396950
49,43,-5.000000,-35.000000,4.381054
50,43,0.000000,-35.000000,4.364646
51,43,5.000000,-35.000000,4.347793
52,43,10.000000,-35.000000,4.330565
53,43,15.000000,-35.000000,4.313336
54,43,20.000000,-35.000000,4.296107
55,43,25.000000,-35.000000,4.277346
56,43,30.000000,-35.000000,4.258278
57,43,35.000000,-35.000000,4.237077
58,43,40.000000,-35.000000,4.215827
59,43,45.000000,-35.000000,4.194578
60,43,50.000000,-35.000000,4.172956
61,43,55.000000,-35.000000,4.150321
62,43,60.000000,-35.000000,4.126847
63,43,65.000000,-35.000000,4.102189
64,43,70.000000,-35.000000,4.077531
65,43,75.000000,-35.000000,4.052872
66,43,80.000000,-35.000000,4.028439
67,43,85.000000,-35.000000,4.004101
68,43,90.000000,-35.000000,3.980254
69,43,95.000000,-35.000000,3.956493
70,43,100.000000,-35.000000,3.932733
71,43,105.000000,-35.000000,3.909181
72,43,110.000000,-35.000000,3.886899
73,43,115.000000,-35.000000,3.865581
74,43,120.000000,-35.000000,3.846668
75,43,125.000000,-35.000000,3.827754
76,43,130.000000,-35.000000,3.808841
77,43,135.000000,-35.000000,3.790499
78,43,140.000000,-35.000000,3.772578
79,43,145.000000,-35.000000,3.756756
80,43,150.000000,-35.000000,3.741744
81,43,155.000000,-35.000000,3.726731
82,43,160.000000,-35.000000,3.711715
83,43,165.000000,-35.000000,3.696438
84,43,170.000000,-35.000000,3.680998
85,43,175.000000,-35.000000,3.664686
86,43,180.000000,-35.000000,3.648374
87,43,185.000000,-35.000000,3.632062
88,43,190.000000,-35.000000,3.615407
89,43,195.000000,-35.000000,3.598332
90,43,200.000000,-35.000000,3.578739
91,43,205.000000,-35.000000,3.557425
92,43,210.000000,-35.000000,3.536111
93,43,215.000000,-35.000000,3.514797
94,43,220.000000,-35.000000,3.493258
95,43,225.000000,-35.000000,3.471623
96,43,230.000000,-35.000000,3.447815
97,43,235.000000,-35.000000,3.424006
98,43,240.000000,-35.000000,3.400197
99,43,245.000000,-35.000000,3.376460
100,43,250.000000,-35.000000,3.352872
0,44,-250.000000,-30.000000,4.941318
1,44,-245.000000,-30.000000,4.936305
2,44,-240.000000,-30.000000,4.931255
3,44,-235.000000,-30.000000,4.926205
4,44,-230.000000,-30.000000,4.921155
5,44,-225.000000,-30.000000,4.913442
6,44,-220.000000,-30.000000,4.905447
7,44,-215.000000,-30.000000,4.897196
8,44,-210.000000,-30.000000,4.888944
9,44,-205.000000,-30.000000,4.880692
10,44,-200.000000,-30.000000,4.872202
11,44,-195.000000,-30.000000,4.863259
12,44,-190.000000,-30.000000,4.854263
13,44,-185.000000,-30.000000,4.845212
14,44,-180.000000,-30.000000,4.836161
15,44,-175.000000,-30.000000,4.827110
16,44,-170.000000,-30.000000,4.818592
17,44,-165.000000,-30.000000,4.810224
18,44,-160.000000,-30.000000,4.802000
19,44,-155.000000,-30.000000,4.793789
20,44,-150.000000,-30.000000,4.785577
21,44,-145.000000,-30.000000,4.777309
22,44,-140.000000,-30.000000,4.768836
23,44,-135.000000,-30.000000,4.760333
24,44,-130.000000,-30.000000,4.751779
25,44,-125.000000,-30.000000,4.743224
26,44,-120.000000,-30.000000,4.734669
27,44,-115.000000,-30.000000,4.724912
28,44,-110.000000,-30.000000,4.714515
29,44,-105.000000,-30.000000,4.703524
30,44,-100.000000,-30.000000,4.692381
31,44,-95.000000,-30.000000,4.681238
32,44,-90.000000,-30.000000,4.669922
33,44,-85.000000,-30.000000,4.656822
34,44,-80.000000,-30.000000,4.643487
35,44,-75.000000,-30.000000,4.629384
36,44,-70.000000,-30.000000,4.615280
37,44,-65.000000,-30.000000,4.601176
38,44,-60.000000,-30.000000,4.586663
39,44,-55.000000,-30.000000,4.571780
40,44,-50.000000,-30.000000,4.556563
41,44,-45.000000,-30.000000,4.541183
42,44,-40.000000,-30.000000,4.525802
43,44,-35.000000,-30.000000,4.510421
44,44,-30.000000,-30.000000,4.494905
45,44,-25.000000,-30.000000,4.479372
46,44,-20.000000,-30.000000,4.463741
47,44,-15.000000,-30.000000,4.448110
48,44,-10.000000,-30.000000,4.432478
49,44,-5.000000,-30.000000,4.416494
50,44,0.000000,-30.000000,4.399973
51,44,5.000000,-30.000000,4.382986
52,44,10.000000,-30.000000,4.365605
53,44,15.000000,-30.000000,4.348224
54,44,20.000000,-30.000000,4.330843
55,44,25.000000,-30.000000,4.311954
56,44,30.000000,-30.000000,4.292763
57,44,35.000000,-30.000000,4.271475
58,44,40.000000,-30.000000,4.250138
59,44,45.000000,-30.000000,4.228802
60,44,50.000000,-30.000000,4.207108
61,44,55.000000,-30.000000,4.184437
62,44,60.000000,-30.000000,4.160960
63,44,65.000000,-30.000000,4.136343
64,44,70.000000,-30.000000,4.111726
65,44,75.000000,-30.000000,4.087109
66,44,80.000000,-30.000000,4.062719
67,44,85.000000,-30.000000,4.038425
68,44,90.000000,-30.000000,4.014628
69,44,95.000000,-30.000000,3.990919
70,44,100.000000,-30.000000,3.967210
71,44,105.000000,-30.000000,3.943701
72,44,110.000000,-30.000000,3.921420
73,44,115.000000,-30.000000,3.900068
74,44,120.000000,-30.000000,3.881039
75,44,125.000000,-30.000000,3.862009
76,44,130.000000,-30.000000,3.842979
77,44,135.000000,-30.000000,3.824493
78,44,140.000000,-30.000000,3.806406
79,44,145.000000,-30.000000,3.790314
80,44,150.000000,-30.000000,3.774990
81,44,155.000000,-30.000000,3.759666
82,44,160.000000,-30.000000,3.744339
83,44,165.000000,-30.000000,3.728747
84,44,170.000000,-30.000000,3.712988
85,44,175.000000,-30.000000,3.696344
86,44,180.000000,-30.000000,3.679700
87,44,185.000000,-30.000000,3.663056
88,44,190.000000,-30.000000,3.646082
89,44,195.000000,-30.000000,3.628703
90,44,200.000000,-30.000000,3.608899
91,44,205.000000,-30.000000,3.587439
92,44,210.000000,-30.000000,3.565978
93,44,215.000000,-30.000000,3.544518
94,44,220.000000,-30.000000,3.522853
95,44,225.000000,-30.000000,3.501101
96,44,230.000000,-30.000000,3.477375
97,44,235.000000,-30.000000,3.453648
98,44,240.000000,-30.000000,3.429922
99,44,245.000000,-30.000000,3.406268
100,44,250.000000,-30.000000,3.382767
0,45,-250.000000,-25.000000,4.975020
1,45,-245.000000,-25.000000,4.969984
2,45,-240.000000,-25.000000,4.964912
3,45,-235.000000,-25.000000,4.959840
4,45,-230.000000,-25.000000,4.954768
5,45,-225.000000,-25.000000,4.947103
6,45,-220.000000,-25.000000,4.939163
7,45,-215.000000,-25.000000,4.930973
8,45,-210.000000,-25.000000,4.922783
9,45,-205.000000,-25.000000,4.914593
10,45,-200.000000,-25.000000,4.906159
11,45,-195.000000,-25.000000,4.897263
12,45,-190.000000,-25.000000,4.888313
13,45,-185.000000,-25.000000,4.879306
14,45,-180.000000,-25.000000,4.870300
15,45,-175.000000,-25.000000,4.861293
16,45,-170.000000,-25.000000,4.852770
17,45,-165.000000,-25.000000,4.844382
18,45,-160.000000,-25.000000,4.836127
19,45,-155.000000,-25.000000,4.827881
20,45,-150.000000,-25.000000,4.819636
21,45,-145.000000,-25.000000,4.811329
22,45,-140.000000,-25.000000,4.802800
23,45,-135.000000,-25.000000,4.794239
24,45,-130.000000,-25.000000,4.785622
25,45,-125.000000,-25.000000,4.777005
26,45,-120.000000,-25.000000,4.768387
27,45,-115.000000,-25.000000,4.758598
28,45,-110.000000,-25.000000,4.748184
29,45,-105.000000,-25.000000,4.737190
30,45,-100.000000,-25.000000,4.726049
31,45,-95.000000,-25.000000,4.714908
32,45,-90.000000,-25.000000,4.703597
33,45,-85.000000,-25.000000,4.690548
34,45,-80.000000,-25.000000,4.677270
35,45,-75.000000,-25.000000,4.663242
36,45,-70.000000,-25.000000,4.649215
37,45,-65.000000,-25.000000,4.635187
38,45,-60.000000,-25.000000,4.620744
39,45,-55.000000,-25.000000,4.605924
40,45,-50.000000,-25.000000,4.590765
41,45,-45.000000,-25.000000,4.575439
42,45,-40.000000,-25.000000,4.560114
43,45,-35.000000,-25.000000,4.544788
44,45,-30.000000,-25.000000,4.529271
45,45,-25.000000,-25.000000,4.513730
46,45,-20.000000,-25.000000,4.498048
47,45,-15.000000,-25.000000,4.482367
48,45,-10.000000,-25.000000,4.466685
49,45,-5.000000,-25.000000,4.450638
50,45,0.000000,-25.000000,4.434033
51,45,5.000000,-25.000000,4.416945
52,45,10.000000,-25.000000,4.399448
53,45,15.000000,-25.000000,4.381952
54,45,20.000000,-25.000000,4.364455
55,45,25.000000,-25.000000,4.345474
56,45,30.000000,-25.000000,4.326195
57,45,35.000000,-25.000000,4.304850
58,45,40.000000,-25.000000,4.283458
59,45,45.000000,-25.000000,4.262067
60,45,50.000000,-25.000000,4.240329
61,45,55.000000,-25.000000,4.217648
62,45,60.000000,-25.000000,4.194190
63,45,65.000000,-25.000000,4.169630
64,45,70.000000,-25.000000,4.145070
65,45,75.000000,-25.000000,4.120510
66,45,80.000000,-25.000000,4.096179
67,45,85.000000,-25.000000,4.071943
68,45,90.000000,-25.000000,4.048206
69,45,95.000000,-25.000000,4.024557
70,45,100.000000,-25.000000,4.000908
71,45,105.000000,-25.000000,3.977452
72,45,110.000000,-25.000000,3.955180
73,45,115.000000,-25.000000,3.933804
74,45,120.000000,-25.000000,3.914667
75,45,125.000000,-25.000000,3.895530
76,45,130.000000,-25.000000,3.876394
77,45,135.000000,-25.000000,3.857769
78,45,140.000000,-25.000000,3.839522
79,45,145.000000,-25.000000,3.823157
80,45,150.000000,-25.000000,3.807518
81,45,155.000000,-25.000000,3.791878
82,45,160.000000,-25.000000,3.776235
83,45,165.000000,-25.000000,3.760315
84,45,170.000000,-25.000000,3.744220
85,45,175.000000,-25.000000,3.727196
86,45,180.000000,-25.000000,3.710173
87,45,185.000000,-25.000000,3.693150
88,45,190.000000,-25.000000,3.675807
89,45,195.000000,-25.000000,3.658069
90,45,200.000000,-25.000000,3.637972
91,45,205.000000,-25.000000,3.616264
92,45,210.000000,-25.000000,3.594555
93,45,215.000000,-25.000000,3.572847
94,45,220.000000,-25.000000,3.550953
95,45,225.000000,-25.000000,3.528978
96,45,230.000000,-25.000000,3.505204
97,45,235.000000,-25.000000,3.481430
98,45,240.000000,-25.000000,3.457656
99,45,245.000000,-25.000000,3.433956
100,45,250.000000,-25.000000,3.410414
0,46,-250.000000,-20.000000,5.008247
1,46,-245.000000,-20.000000,5.003198
2,46,-240.000000,-20.000000,4.998115
3,46,-235.000000,-20.000000,4.993032
4,46,-230.000000,-20.000000,4.987948
5,46,-225.000000,-20.000000,4.980335
6,46,-220.000000,-20.000000,4.972454
7,46,-215.000000,-20.000000,4.964329
8,46,-210.000000,-20.000000,4.956204
9,46,-205.000000,-20.000000,4.948079
10,46,-200.000000,-20.000000,4.939705
11,46,-195.000000,-20.000000,4.930857
12,46,-190.000000,-20.000000,4.921953
13,46,-185.000000,-20.000000,4.912991
14,46,-180.000000,-20.000000,4.904030
15,46,-175.000000,-20.000000,4.895068
16,46,-170.000000,-20.000000,4.886541
17,46,-165.000000,-20.000000,4.878136
18,46,-160.000000,-20.000000,4.869850
19,46,-155.000000,-20.000000,4.861572
20,46,-150.000000,-20.000000,4.853295
21,46,-145.000000,-20.000000,4.844952
22,46,-140.000000,-20.000000,4.836369
23,46,-135.000000,-20.000000,4.827752
24,46,-130.000000,-20.000000,4.819075
25,46,-125.000000,-20.000000,4.810397
26,46,-120.000000,-20.000000,4.801719
27,46,-115.000000,-20.000000,4.791897
28,46,-110.000000,-20.000000,4.781467
29,46,-105.000000,-20.000000,4.770469
30,46,-100.000000,-20.000000,4.759329
31,46,-95.000000,-20.000000,4.748188
32,46,-90.000000,-20.000000,4.736883
33,46,-85.000000,-20.000000,4.723882
34,46,-80.000000,-20.000000,4.710658
35,46,-75.000000,-20.000000,4.696703
36,46,-70.000000,-20.000000,4.682748
37,46,-65.000000,-20.000000,4.668793
38,46,-60.000000,-20.000000,4.654416
39,46,-55.000000,-20.000000,4.639659
40,46,-50.000000,-20.000000,4.624557
41,46,-45.000000,-20.000000,4.609287
42,46,-40.000000,-20.000000,4.594016
43,46,-35.000000,-20.000000,4.578745
44,46,-30.000000,-20.000000,4.563230
45,46,-25.000000,-20.000000,4.547684
46,46,-20.000000,-20.000000,4.531959
47,46,-15.000000,-20.000000,4.516234
48,46,-10.000000,-20.000000,4.500508
49,46,-5.000000,-20.000000,4.484405
50,46,0.000000,-20.000000,4.467725
51,46,5.000000,-20.000000,4.450546
52,46,10.000000,-20.000000,4.432944
53,46,15.000000,-20.000000,4.415342
54,46,20.000000,-20.000000,4.397740
55,46,25.000000,-20.000000,4.378677
56,46,30.000000,-20.000000,4.359319
57,46,35.000000,-20.000000,4.337927
58,46,40.000000,-20.000000,4.316489
59,46,45.000000,-20.000000,4.295051
60,46,50.000000,-20.000000,4.273279
61,46,55.000000,-20.000000,4.250596
62,46,60.000000,-20.000000,4.227162
63,46,65.000000,-20.000000,4.202664
64,46,70.000000,-20.000000,4.178167
65,46,75.000000,-20.000000,4.153669
66,46,80.000000,-20.000000,4.129400
67,46,85.000000,-20.000000,4.105226
68,46,90.000000,-20.000000,4.081552
69,46,95.000000,-20.000000,4.057965
70,46,100.000000,-20.000000,4.034379
71,46,105.000000,-20.000000,4.010979
72,46,110.000000,-20.000000,3.988718
73,46,115.000000,-20.000000,3.967321
74,46,120.000000,-20.000000,3.948080
75,46,125.000000,-20.000000,3.928838
76,46,130.000000,-20.000000,3.909597
77,46,135.000000,-20.000000,3.890837
78,46,140.000000,-20.000000,3.872431
79,46,145.000000,-20.000000,3.855793
80,46,150.000000,-20.000000,3.839837
81,46,155.000000,-20.000000,3.823880
82,46,160.000000,-20.000000,3.807920
83,46,165.000000,-20.000000,3.791667
84,46,170.000000,-20.000000,3.775230
85,46,175.000000,-20.000000,3.757814
86,46,180.000000,-20.000000,3.740399
87,46,185.000000,-20.000000,3.722983
88,46,190.000000,-20.000000,3.705255
89,46,195.000000,-20.000000,3.687142
90,46,200.000000,-20.000000,3.666729
91,46,205.000000,-20.000000,3.644743
92,46,210.000000,-20.000000,3.622757
93,46,215.000000,-20.000000,3.600771
94,46,220.000000,-20.000000,3.578617
95,46,225.000000,-20.000000,3.556390
96,46,230.000000,-20.000000,3.532530
97,46,235.000000,-20.000000,3.508671
98,46,240.000000,-20.000000,3.484811
99,46,245.000000,-20.000000,3.461028
100,46,250.000000,-20.000000,3.437406
0,47,-250.000000,-15.000000,5.040303
1,47,-245.000000,-15.000000,5.035268
2,47,-240.000000,-15.000000,5.030201
3,47,-235.000000,-15.000000,5.025134
4,47,-230.000000,-15.000000,5.020067
5,47,-225.000000,-15.000000,5.012517
6,47,-220.000000,-15.000000,5.004704
7,47,-215.000000,-15.000000,4.996652
8,47,-210.000000,-15.000000,4.988599
9,47,-205.000000,-15.000000,4.980547
10,47,-200.000000,-15.000000,4.972238
11,47,-195.000000,-15.000000,4.963439
12,47,-190.000000,-15.000000,4.954584
13,47,-185.000000,-15.000000,4.945669
14,47,-180.000000,-15.000000,4.936753
15,47,-175.000000,-15.000000,4.927838
16,47,-170.000000,-15.000000,4.919311
17,47,-165.000000,-15.000000,4.910893
18,47,-160.000000,-15.000000,4.902581
19,47,-155.000000,-15.000000,4.894277
20,47,-150.000000,-15.000000,4.885973
21,47,-145.000000,-15.000000,4.877598
22,47,-140.000000,-15.000000,4.868967
23,47,-135.000000,-15.000000,4.860299
24,47,-130.000000,-15.000000,4.851566
25,47,-125.000000,-15.000000,4.842834
26,47,-120.000000,-15.000000,4.834101
27,47,-115.000000,-15.000000,4.824248
28,47,-110.000000,-15.000000,4.813800
29,47,-105.000000,-15.000000,4.802798
30,47,-100.000000,-15.000000,4.791655
31,47,-95.000000,-15.000000,4.780513
32,47,-90.000000,-15.000000,4.769209
33,47,-85.000000,-15.000000,4.756250
34,47,-80.000000,-15.000000,4.743073
35,47,-75.000000,-15.000000,4.729183
36,47,-70.000000,-15.000000,4.715292
37,47,-65.000000,-15.000000,4.701402
38,47,-60.000000,-15.000000,4.687087
39,47,-55.000000,-15.000000,4.672387
40,47,-50.000000,-15.000000,4.657342
41,47,-45.000000,-15.000000,4.642125
42,47,-40.000000,-15.000000,4.626909
43,47,-35.000000,-15.000000,4.611692
44,47,-30.000000,-15.000000,4.596187
45,47,-25.000000,-15.000000,4.580645
46,47,-20.000000,-15.000000,4.564892
47,47,-15.000000,-15.000000,4.549139
48,47,-10.000000,-15.000000,4.533386
49,47,-5.000000,-15.000000,4.517243
50,47,0.000000,-15.000000,4.500510
51,47,5.000000,-15.000000,4.483263
52,47,10.000000,-15.000000,4.465583
53,47,15.000000,-15.000000,4.447902
54,47,20.000000,-15.000000,4.430221
55,47,25.000000,-15.000000,4.411100
56,47,30.000000,-15.000000,4.391689
57,47,35.000000,-15.000000,4.370272
58,47,40.000000,-15.000000,4.348810
59,47,45.000000,-15.000000,4.327349
60,47,50.000000,-15.000000,4.305563
61,47,55.000000,-15.000000,4.282896
62,47,60.000000,-15.000000,4.259502
63,47,65.000000,-15.000000,4.235078
64,47,70.000000,-15.000000,4.210654
65,47,75.000000,-15.000000,4.186230
66,47,80.000000,-15.000000,4.162033
67,47,85.000000,-15.000000,4.137932
68,47,90.000000,-15.000000,4.114327
69,47,95.000000,-15.000000,4.090810
70,47,100.000000,-15.000000,4.067292
71,47,105.000000,-15.000000,4.043955
72,47,110.000000,-15.000000,4.021712
73,47,115.000000,-15.000000,4.000300
74,47,120.000000,-15.000000,3.980960
75,47,125.000000,-15.000000,3.961621
76,47,130.000000,-15.000000,3.942281
77,47,135.000000,-15.000000,3.923391
78,47,140.000000,-15.000000,3.904830
79,47,145.000000,-15.000000,3.887918
80,47,150.000000,-15.000000,3.871642
81,47,155.000000,-15.000000,3.855365
82,47,160.000000,-15.000000,3.839084
83,47,165.000000,-15.000000,3.822489
84,47,170.000000,-15.000000,3.805697
85,47,175.000000,-15.000000,3.787855
86,47,180.000000,-15.000000,3.770014
87,47,185.000000,-15.000000,3.752172
88,47,190.000000,-15.000000,3.734023
89,47,195.000000,-15.000000,3.715496
90,47,200.000000,-15.000000,3.694706
91,47,205.000000,-15.000000,3.672370
92,47,210.000000,-15.000000,3.650035
93,47,215.000000,-15.000000,3.627699
94,47,220.000000,-15.000000,3.605210
95,47,225.000000,-15.000000,3.582656
96,47,230.000000,-15.000000,3.558617
97,47,235.000000,-15.000000,3.534579
98,47,240.000000,-15.000000,3.510541
99,47,245.000000,-15.000000,3.486581
100,47,250.000000,-15.000000,3.462788
0,48,-250.000000,-10.000000,5.072358
1,48,-245.000000,-10.000000,5.067339
2,48,-240.000000,-10.000000,5.062287
3,48,-235.000000,-10.000000,5.057236
4,48,-230.000000,-10.000000,5.052185
5,48,-225.000000,-10.000000,5.044698
6,48,-220.000000,-10.000000,5.036953
7,48,-215.000000,-10.000000,5.028974
8,48,-210.000000,-10.000000,5.020995
9,48,-205.000000,-10.000000,5.013015
10,48,-200.000000,-10.000000,5.004771
11,48,-195.000000,-10.000000,4.996022
12,48,-190.000000,-10.000000,4.987215
13,48,-185.000000,-10.000000,4.978346
14,48,-180.000000,-10.000000,4.969477
15,48,-175.000000,-10.000000,4.960608
16,48,-170.000000,-10.000000,4.952081
17,48,-165.000000,-10.000000,4.943650
18,48,-160.000000,-10.000000,4.935312
19,48,-155.000000,-10.000000,4.926981
20,48,-150.000000,-10.000000,4.918651
21,48,-145.000000,-10.000000,4.910244
22,48,-140.000000,-10.000000,4.901565
23,48,-135.000000,-10.000000,4.892846
24,48,-130.000000,-10.000000,4.884058
25,48,-125.000000,-10.000000,4.875270
26,48,-120.000000,-10.000000,4.866483
27,48,-115.000000,-10.000000,4.856600
28,48,-110.000000,-10.000000,4.846134
29,48,-105.000000,-10.000000,4.835126
30,48,-100.000000,-10.000000,4.823982
31,48,-95.000000,-10.000000,4.812837
32,48,-90.000000,-10.000000,4.801535
33,48,-85.000000,-10.000000,4.788618
34,48,-80.000000,-10.000000,4.775489
35,48,-75.000000,-10.000000,4.761663
36,48,-70.000000,-10.000000,4.747837
37,48,-65.000000,-10.000000,4.734011
38,48,-60.000000,-10.000000,4.719757
39,48,-55.000000,-10.000000,4.705116
40,48,-50.000000,-10.000000,4.690126
41,48,-45.000000,-10.000000,4.674964
42,48,-40.000000,-10.000000,4.659801
43,48,-35.000000,-10.000000,4.644639
44,48,-30.000000,-10.000000,4.629144
45,48,-25.000000,-10.000000,4.613607
46,48,-20.000000,-10.000000,4.597825
47,48,-15.000000,-10.000000,4.582044
48,48,-10.000000,-10.000000,4.566263
49,48,-5.000000,-10.000000,4.550082
50,48,0.000000,-10.000000,4.533295
51,48,5.000000,-10.000000,4.515981
52,48,10.000000,-10.000000,4.498221
53,48,15.000000,-10.000000,4.480462
54,48,20.000000,-10.000000,4.462703
55,48,25.000000,-10.000000,4.443523
56,48,30.000000,-10.000000,4.424059
57,48,35.000000,-10.000000,4.402617
58,48,40.000000,-10.000000,4.381131
59,48,45.000000,-10.000000,4.359646
60,48,50.000000,-10.000000,4.337847
61,48,55.000000,-10.000000,4.315196
62,48,60.000000,-10.000000,4.291841
63,48,65.000000,-10.000000,4.267491
64,48,70.000000,-10.000000,4.243141
65,48,75.000000,-10.000000,4.218790
66,48,80.000000,-10.000000,4.194666
67,48,85.000000,-10.000000,4.170637
68,48,90.000000,-10.000000,4.147102
69,48,95.000000,-10.000000,4.123654
70,48,100.000000,-10.000000,4.100206
71,48,105.000000,-10.000000,4.076930
72,48,110.000000,-10.000000,4.054705
73,48,115.000000,-10.000000,4.033278
74,48,120.000000,-10.000000,4.013841
75,48,125.000000,-10.000000,3.994403
76,48,130.000000,-10.000000,3.974966
77,48,135.000000,-10.000000,3.955945
78,48,140.000000,-10.000000,3.937229
79,48,145.000000,-10.000000,3.920043
80,48,150.000000,-10.000000,3.903446
81,48,155.000000,-10.000000,3.886849
82,48,160.000000,-10.000000,3.870248
83,48,165.000000,-10.000000,3.853311
84,48,170.000000,-10.000000,3.836164
85,48,175.000000,-10.000000,3.817896
86,48,180.000000,-10.000000,3.799628
87,48,185.000000,-10.000000,3.781361
88,48,190.000000,-10.000000,3.762791
89,48,195.000000,-10.000000,3.743849
90,48,200.000000,-10.000000,3.722684
91,48,205.000000,-10.000000,3.699998
92,48,210.000000,-10.000000,3.677312
93,48,215.000000,-10.000000,3.654627
94,48,220.000000,-10.000000,3.631804
95,48,225.000000,-10.000000,3.608921
96,48,230.000000,-10.000000,3.584704
97,48,235.000000,-10.000000,3.560488
98,48,240.000000,-10.000000,3.536271
99,48,245.000000,-10.000000,3.512135
100,48,250.000000,-10.000000,3.488170
0,49,-250.000000,-5.000000,5.104414
1,49,-245.000000,-5.000000,5.099409
2,49,-240.000000,-5.000000,5.094374
3,49,-235.000000,-5.000000,5.089338
4,49,-230.000000,-5.000000,5.084303
5,49,-225.000000,-5.000000,5.076879
6,49,-220.000000,-5.000000,5.069203
7,49,-215.000000,-5.000000,5.061296
8,49,-210.000000,-5.000000,5.053390
9,49,-205.000000,-5.000000,5.045483
10,49,-200.000000,-5.000000,5.037303
11,49,-195.000000,-5.000000,5.028605
12,49,-190.000000,-5.000000,5.019846
13,49,-185.000000,-5.000000,5.011023
14,49,-180.000000,-5.000000,5.002200
15,49,-175.000000,-5.000000,4.993378
16,49,-170.000000,-5.000000,4.984851
17,49,-165.000000,-5.000000,4.976407
18,49,-160.000000,-5.000000,4.968043
19,49,-155.000000,-5.000000,4.959686
20,49,-150.000000,-5.000000,4.951328
21,49,-145.000000,-5.000000,4.942891
22,49,-140.000000,-5.000000,4.934163
23,49,-135.000000,-5.000000,4.925393
24,49,-130.000000,-5.000000,4.916550
25,49,-125.000000,-5.000000,4.907707
26,49,-120.000000,-5.000000,4.898864
27,49,-115.000000,-5.000000,4.888951
28,49,-110.000000,-5.000000,4.878468
29,49,-105.000000,-5.000000,4.867455
30,49,-100.000000,-5.000000,4.856308
31,49,-95.000000,-5.000000,4.845162
32,49,-90.000000,-5.000000,4.833861
33,49,-85.000000,-5.000000,4.820986
34,49,-80.000000,-5.000000,4.807904
35,49,-75.000000,-5.000000,4.794143
36,49,-70.000000,-5.000000,4.780381
37,49,-65.000000,-5.000000,4.766620
38,49,-60.000000,-5.000000,4.752428
39,49,-55.000000,-5.000000,4.737845
40,49,-50.000000,-5.000000,4.722910
41,49,-45.000000,-5.000000,4.707802
42,49,-40.000000,-5.000000,4.692694
43,49,-35.000000,-5.000000,4.677586
44,49,-30.000000,-5.000000,4.662101
45,49,-25.000000,-5.000000,4.646568
46,49,-20.000000,-5.000000,4.630759
47,49,-15.000000,-5.000000,4.614949
48,49,-10.000000,-5.000000,4.599140
49,49,-5.000000,-5.000000,4.582921
50,49,0.000000,-5.000000,4.566080
51,49,5.000000,-5.000000,4.548698
52,49,10.000000,-5.000000,4.530860
53,49,15.000000,-5.000000,4.513022
54,49,20.000000,-5.000000,4.495184
55,49,25.000000,-5.000000,4.475946
56,49,30.000000,-5.000000,4.456428
57,49,35.000000,-5.000000,4.434962
58,49,40.000000,-5.000000,4.413453
59,49,45.000000,-5.000000,4.391943
60,49,50.000000,-5.000000,4.370131
61,49,55.000000,-5.000000,4.347496
62,49,60.000000,-5.000000,4.324181
63,49,65.000000,-5.000000,4.299904
64,49,70.000000,-5.000000,4.275628
65,49,75.000000,-5.000000,4.251351
66,49,80.000000,-5.000000,4.227300
67,49,85.000000,-5.000000,4.203343
68,49,90.000000,-5.000000,4.179877
69,49,95.000000,-5.000000,4.156498
70,49,100.000000,-5.000000,4.133119
71,49,105.000000,-5.000000,4.109905
72,49,110.000000,-5.000000,4.087699
73,49,115.000000,-5.000000,4.066257
74,49,120.000000,-5.000000,4.046721
75,49,125.000000,-5.000000,4.027186
76,49,130.000000,-5.000000,4.007650
77,49,135.000000,-5.000000,3.988498
78,49,140.000000,-5.000000,3.969629
79,49,145.000000,-5.000000,3.952168
80,49,150.000000,-5.000000,3.935251
81,49,155.000000,-5.000000,3.918334
82,49,160.000000,-5.000000,3.901412
83,49,165.000000,-5.000000,3.884133
84,49,170.000000,-5.000000,3.866631
85,49,175.000000,-5.000000,3.847937
86,49,180.000000,-5.000000,3.829243
87,49,185.000000,-5.000000,3.810550
88,49,190.000000,-5.000000,3.791559
89,49,195.000000,-5.000000,3.772203
90,49,200.000000,-5.000000,3.750661
91,49,205.000000,-5.000000,3.727626
92,49,210.000000,-5.000000,3.704590
93,49,215.000000,-5.000000,3.681555
94,49,220.000000,-5.000000,3.658397
95,49,225.000000,-5.000000,3.635187
96,49,230.000000,-5.000000,3.610791
97,49,235.000000,-5.000000,3.586396
98,49,240.000000,-5.000000,3.562001
99,49,245.000000,-5.000000,3.537688
100,49,250.000000,-5.000000,3.513551
0,50,-250.000000,0.000000,5.134488
1,50,-245.000000,0.000000,5.129507
2,50,-240.000000,0.000000,5.124496
3,50,-235.000000,0.000000,5.119485
4,50,-230.000000,0.000000,5.114475
5,50,-225.000000,0.000000,5.107104
6,50,-220.000000,0.000000,5.099484
7,50,-215.000000,0.000000,5.091637
8,50,-210.000000,0.000000,5.083789
9,50,-205.000000,0.000000,5.075941
10,50,-200.000000,0.000000,5.067814
11,50,-195.000000,0.000000,5.059153
12,50,-190.000000,0.000000,5.050431
13,50,-185.000000,0.000000,5.041643
14,50,-180.000000,0.000000,5.032855
15,50,-175.000000,0.000000,5.024067
16,50,-170.000000,0.000000,5.015541
17,50,-165.000000,0.000000,5.007087
18,50,-160.000000,0.000000,4.998704
19,50,-155.000000,0.000000,4.990327
20,50,-150.000000,0.000000,4.981951
21,50,-145.000000,0.000000,4.973490
22,50,-140.000000,0.000000,4.964726
23,50,-135.000000,0.000000,4.955919
24,50,-130.000000,0.000000,4.947035
25,50,-125.000000,0.000000,4.938152
26,50,-120.000000,0.000000,4.929268
27,50,-115.000000,0.000000,4.919332
28,50,-110.000000,0.000000,4.908836
29,50,-105.000000,0.000000,4.897820
30,50,-100.000000,0.000000,4.886671
31,50,-95.000000,0.000000,4.875523
32,50,-90.000000,0.000000,4.864224
33,50,-85.000000,0.000000,4.851381
34,50,-80.000000,0.000000,4.838335
35,50,-75.000000,0.000000,4.824622
36,50,-70.000000,0.000000,4.810910
37,50,-65.000000,0.000000,4.797198
38,50,-60.000000,0.000000,4.783052
39,50,-55.000000,0.000000,4.768514
40,50,-50.000000,0.000000,4.753622
41,50,-45.000000,0.000000,4.738557
42,50,-40.000000,0.000000,4.723491
43,50,-35.000000,0.000000,4.708425
44,50,-30.000000,0.000000,4.692948
45,50,-25.000000,0.000000,4.677418
46,50,-20.000000,0.000000,4.661587
47,50,-15.000000,0.000000,4.645756
48,50,-10.000000,0.000000,4.629925
49,50,-5.000000,0.000000,4.613676
50,50,0.000000,0.000000,4.596791
51,50,5.000000,0.000000,4.579354
52,50,10.000000,0.000000,4.561450
53,50,15.000000,0.000000,4.543547
54,50,20.000000,0.000000,4.525643
55,50,25.000000,0.000000,4.506355
56,50,30.000000,0.000000,4.486787
57,50,35.000000,0.000000,4.465292
58,50,40.000000,0.000000,4.443753
59,50,45.000000,0.000000,4.422214
60,50,50.000000,0.000000,4.400381
61,50,55.000000,0.000000,4.377746
62,50,60.000000,0.000000,4.354449
63,50,65.000000,0.000000,4.330215
64,50,70.000000,0.000000,4.305981
65,50,75.000000,0.000000,4.281748
66,50,80.000000,0.000000,4.257738
67,50,85.000000,0.000000,4.233822
68,50,90.000000,0.000000,4.210396
69,50,95.000000,0.000000,4.187055
70,50,100.000000,0.000000,4.163714
71,50,105.000000,0.000000,4.140533
72,50,110.000000,0.000000,4.118322
73,50,115.000000,0.000000,4.096848
74,50,120.000000,0.000000,4.077213
75,50,125.000000,0.000000,4.057577
76,50,130.000000,0.000000,4.037941
77,50,135.000000,0.000000,4.018659
78,50,140.000000,0.000000,3.999638
79,50,145.000000,0.000000,3.981919
80,50,150.000000,0.000000,3.964700
81,50,155.000000,0.000000,3.947482
82,50,160.000000,0.000000,3.930259
83,50,165.000000,0.000000,3.912654
84,50,170.000000,0.000000,3.894809
85,50,175.000000,0.000000,3.875688
86,50,180.000000,0.000000,3.856566
87,50,185.000000,0.000000,3.837445
88,50,190.000000,0.000000,3.818028
89,50,195.000000,0.000000,3.798248
90,50,200.000000,0.000000,3.776292
91,50,205.000000,0.000000,3.752849
92,50,210.000000,0.000000,3.729406
93,50,215.000000,0.000000,3.705964
94,50,220.000000,0.000000,3.682410
95,50,225.000000,0.000000,3.658808
96,50,230.000000,0.000000,3.634132
97,50,235.000000,0.000000,3.609455
98,50,240.000000,0.000000,3.584779
99,50,245.000000,0.000000,3.560188
100,50,250.000000,0.000000,3.535777
0,51,-250.000000,5.000000,5.163826
1,51,-245.000000,5.000000,5.158872
2,51,-240.000000,5.000000,5.153889
3,51,-235.000000,5.000000,5.148906
4,51,-230.000000,5.000000,5.143923
5,51,-225.000000,5.000000,5.136603
6,51,-220.000000,5.000000,5.129034
7,51,-215.000000,5.000000,5.121240
8,51,-210.000000,5.000000,5.113447
9,51,-205.000000,5.000000,5.105653
10,51,-200.000000,5.000000,5.097572
11,51,-195.000000,5.000000,5.088946
12,51,-190.000000,5.000000,5.080255
13,51,-185.000000,5.000000,5.071498
14,51,-180.000000,5.000000,5.062741
15,51,-175.000000,5.000000,5.053984
16,51,-170.000000,5.000000,5.045458
17,51,-165.000000,5.000000,5.036996
18,51,-160.000000,5.000000,5.028597
19,51,-155.000000,5.000000,5.020203
20,51,-150.000000,5.000000,5.011809
21,51,-145.000000,5.000000,5.003328
22,51,-140.000000,5.000000,4.994534
23,51,-135.000000,5.000000,4.985694
24,51,-130.000000,5.000000,4.976775
25,51,-125.000000,5.000000,4.967856
26,51,-120.000000,5.000000,4.958937
27,51,-115.000000,5.000000,4.948981
28,51,-110.000000,5.000000,4.938474
29,51,-105.000000,5.000000,4.927454
30,51,-100.000000,5.000000,4.916305
31,51,-95.000000,5.000000,4.905155
32,51,-90.000000,5.000000,4.893858
33,51,-85.000000,5.000000,4.881043
34,51,-80.000000,5.000000,4.868028
35,51,-75.000000,5.000000,4.854359
36,51,-70.000000,5.000000,4.840690
37,51,-65.000000,5.000000,4.827021
38,51,-60.000000,5.000000,4.812916
39,51,-55.000000,5.000000,4.798418
40,51,-50.000000,5.000000,4.783565
41,51,-45.000000,5.000000,4.768537
42,51,-40.000000,5.000000,4.753509
43,51,-35.000000,5.000000,4.738480
44,51,-30.000000,5.000000,4.723011
45,51,-25.000000,5.000000,4.707484
46,51,-20.000000,5.000000,4.691634
47,51,-15.000000,5.000000,4.675784
48,51,-10.000000,5.000000,4.659933
49,51,-5.000000,5.000000,4.643657
50,51,0.000000,5.000000,4.626732
51,51,5.000000,5.000000,4.609244
52,51,10.000000,5.000000,4.591280
53,51,15.000000,5.000000,4.573316
54,51,20.000000,5.000000,4.555352
55,51,25.000000,5.000000,4.536014
56,51,30.000000,5.000000,4.516400
57,51,35.000000,5.000000,4.494873
58,51,40.000000,5.000000,4.473303
59,51,45.000000,5.000000,4.451732
60,51,50.000000,5.000000,4.429875
61,51,55.000000,5.000000,4.407234
62,51,60.000000,5.000000,4.383947
63,51,65.000000,5.000000,4.359745
64,51,70.000000,5.000000,4.335542
65,51,75.000000,5.000000,4.311340
66,51,80.000000,5.000000,4.287361
67,51,85.000000,5.000000,4.263475
68,51,90.000000,5.000000,4.240076
69,51,95.000000,5.000000,4.216762
70,51,100.000000,5.000000,4.193448
71,51,105.000000,5.000000,4.170288
72,51,110.000000,5.000000,4.148065
73,51,115.000000,5.000000,4.126554
74,51,120.000000,5.000000,4.106816
75,51,125.000000,5.000000,4.087079
76,51,130.000000,5.000000,4.067342
77,51,135.000000,5.000000,4.047931
78,51,140.000000,5.000000,4.028760
79,51,145.000000,5.000000,4.010787
80,51,150.000000,5.000000,3.993275
81,51,155.000000,5.000000,3.975763
82,51,160.000000,5.000000,3.958245
83,51,165.000000,5.000000,3.940319
84,51,170.000000,5.000000,3.922136
85,51,175.000000,5.000000,3.902587
86,51,180.000000,5.000000,3.883038
87,51,185.000000,5.000000,3.863489
88,51,190.000000,5.000000,3.843644
89,51,195.000000,5.000000,3.823435
90,51,200.000000,5.000000,3.801051
91,51,205.000000,5.000000,3.777179
92,51,210.000000,5.000000,3.753308
93,51,215.000000,5.000000,3.729437
94,51,220.000000,5.000000,3.705464
95,51,225.000000,5.000000,3.681448
96,51,230.000000,5.000000,3.656452
97,51,235.000000,5.000000,3.631456
98,51,240.000000,5.000000,3.606461
99,51,245.000000,5.000000,3.581552
100,51,250.000000,5.000000,3.556829
0,52,-250.000000,10.000000,5.190988
1,52,-245.000000,10.000000,5.186071
2,52,-240.000000,10.000000,5.181125
3,52,-235.000000,10.000000,5.176180
4,52,-230.000000,10.000000,5.171235
5,52,-225.000000,10.000000,5.163953
6,52,-220.000000,10.000000,5.156423
7,52,-215.000000,10.000000,5.148668
8,52,-210.000000,10.000000,5.140913
9,52,-205.000000,10.000000,5.133158
10,52,-200.000000,10.000000,5.125110
11,52,-195.000000,10.000000,5.116505
12,52,-190.000000,10.000000,5.107834
13,52,-185.000000,10.000000,5.099095
14,52,-180.000000,10.000000,5.090356
15,52,-175.000000,10.000000,5.081617
16,52,-170.000000,10.000000,5.073091
17,52,-165.000000,10.000000,5.064625
18,52,-160.000000,10.000000,5.056217
19,52,-155.000000,10.000000,5.047814
20,52,-150.000000,10.000000,5.039411
21,52,-145.000000,10.000000,5.030919
22,52,-140.000000,10.000000,5.022107
23,52,-135.000000,10.000000,5.013250
24,52,-130.000000,10.000000,5.004311
25,52,-125.000000,10.000000,4.995372
26,52,-120.000000,10.000000,4.986434
27,52,-115.000000,10.000000,4.976467
28,52,-110.000000,10.000000,4.965954
29,52,-105.000000,10.000000,4.954933
30,52,-100.000000,10.000000,4.943783
31,52,-95.000000,10.000000,4.932632
32,52,-90.000000,10.000000,4.921336
33,52,-85.000000,10.000000,4.908538
34,52,-80.000000,10.000000,4.895542
35,52,-75.000000,10.000000,4.881899
36,52,-70.000000,10.000000,4.868256
37,52,-65.000000,10.000000,4.854613
38,52,-60.000000,10.000000,4.840534
39,52,-55.000000,10.000000,4.826061
40,52,-50.000000,10.000000,4.811232
41,52,-45.000000,10.000000,4.796229
42,52,-40.000000,10.000000,4.781225
43,52,-35.000000,10.000000,4.766221
44,52,-30.000000,10.000000,4.750756
45,52,-25.000000,10.000000,4.735232
46,52,-20.000000,10.000000,4.719369
47,52,-15.000000,10.000000,4.703507
48,52,-10.000000,10.000000,4.687645
49,52,-5.000000,10.000000,4.671349
50,52,0.000000,10.000000,4.654395
51,52,5.000000,10.000000,4.636869
52,52,10.000000,10.000000,4.618860
53,52,15.000000,10.000000,4.600850
54,52,20.000000,10.000000,4.582841
55,52,25.000000,10.000000,4.563461
56,52,30.000000,10.000000,4.543805
57,52,35.000000,10.000000,4.522241
58,52,40.000000,10.000000,4.500633
59,52,45.000000,10.000000,4.479026
60,52,50.000000,10.000000,4.457135
61,52,55.000000,10.000000,4.434471
62,52,60.000000,10.000000,4.411170
63,52,65.000000,10.000000,4.386965
64,52,70.000000,10.000000,4.362761
65,52,75.000000,10.000000,4.338557
66,52,80.000000,10.000000,4.314574
67,52,85.000000,10.000000,4.290684
68,52,90.000000,10.000000,4.267278
69,52,95.000000,10.000000,4.243957
70,52,100.000000,10.000000,4.220636
71,52,105.000000,10.000000,4.197465
72,52,110.000000,10.000000,4.175206
73,52,115.000000,10.000000,4.153638
74,52,120.000000,10.000000,4.133797
75,52,125.000000,10.000000,4.113956
76,52,130.000000,10.000000,4.094115
77,52,135.000000,10.000000,4.074576
78,52,140.000000,10.000000,4.055258
79,52,145.000000,10.000000,4.037047
80,52,150.000000,10.000000,4.019262
81,52,155.000000,10.000000,4.001478
82,52,160.000000,10.000000,3.983688
83,52,165.000000,10.000000,3.965457
84,52,170.000000,10.000000,3.946950
85,52,175.000000,10.000000,3.926972
86,52,180.000000,10.000000,3.906993
87,52,185.000000,10.000000,3.887014
88,52,190.000000,10.000000,3.866736
89,52,195.000000,10.000000,3.846088
90,52,200.000000,10.000000,3.823234
91,52,205.000000,10.000000,3.798870
92,52,210.000000,10.000000,3.774507
93,52,215.000000,10.000000,3.750144
94,52,220.000000,10.000000,3.725685
95,52,225.000000,10.000000,3.701185
96,52,230.000000,10.000000,3.675757
97,52,235.000000,10.000000,3.650330
98,52,240.000000,10.000000,3.624902
99,52,245.000000,10.000000,3.599564
100,52,250.000000,10.000000,3.574416
0,53,-250.000000,15.000000,5.218150
1,53,-245.000000,15.000000,5.213270
2,53,-240.000000,15.000000,5.208362
3,53,-235.000000,15.000000,5.203454
4,53,-230.000000,15.000000,5.198546
5,53,-225.000000,15.000000,5.191303
6,53,-220.000000,15.000000,5.183812
7,53,-215.000000,15.000000,5.176096
8,53,-210.000000,15.000000,5.168380
9,53,-205.000000,15.000000,5.160663
10,53,-200.000000,15.000000,5.152648
11,53,-195.000000,15.000000,5.144063
12,53,-190.000000,15.000000,5.135412
13,53,-185.000000,15.000000,5.126691
14,53,-180.000000,15.000000,5.117970
15,53,-175.000000,15.000000,5.109249
16,53,-170.000000,15.000000,5.100724
17,53,-165.000000,15.000000,5.092254
18,53,-160.000000,15.000000,5.083838
19,53,-155.000000,15.000000,5.075425
20,53,-150.000000,15.000000,5.067013
21,53,-145.000000,15.000000,5.058510
22,53,-140.000000,15.000000,5.049681
23,53,-135.000000,15.000000,5.040805
24,53,-130.000000,15.000000,5.031847
25,53,-125.000000,15.000000,5.022889
26,53,-120.000000,15.000000,5.013931
27,53,-115.000000,15.000000,5.003954
28,53,-110.000000,15.000000,4.993435
29,53,-105.000000,15.000000,4.982411
30,53,-100.000000,15.000000,4.971260
31,53,-95.000000,15.000000,4.960109
32,53,-90.000000,15.000000,4.948814
33,53,-85.000000,15.000000,4.936033
34,53,-80.000000,15.000000,4.923056
35,53,-75.000000,15.000000,4.909439
36,53,-70.000000,15.000000,4.895822
37,53,-65.000000,15.000000,4.882205
38,53,-60.000000,15.000000,4.868152
39,53,-55.000000,15.000000,4.853704
40,53,-50.000000,15.000000,4.838900
41,53,-45.000000,15.000000,4.823921
42,53,-40.000000,15.000000,4.808941
43,53,-35.000000,15.000000,4.793962
44,53,-30.000000,15.000000,4.778501
45,53,-25.000000,15.000000,4.762980
46,53,-20.000000,15.000000,4.747105
47,53,-15.000000,15.000000,4.731230
48,53,-10.000000,15.000000,4.715356
49,53,-5.000000,15.000000,4.699042
50,53,0.000000,15.000000,4.682058
51,53,5.000000,15.000000,4.664494
52,53,10.000000,15.000000,4.646440
53,53,15.000000,15.000000,4.628385
54,53,20.000000,15.000000,4.610330
55,53,25.000000,15.000000,4.590908
56,53,30.000000,15.000000,4.571210
57,53,35.000000,15.000000,4.549609
58,53,40.000000,15.000000,4.527964
59,53,45.000000,15.000000,4.506320
60,53,50.000000,15.000000,4.484396
61,53,55.000000,15.000000,4.461709
62,53,60.000000,15.000000,4.438393
63,53,65.000000,15.000000,4.414186
64,53,70.000000,15.000000,4.389980
65,53,75.000000,15.000000,4.365773
66,53,80.000000,15.000000,4.341787
67,53,85.000000,15.000000,4.317893
68,53,90.000000,15.000000,4.294480
69,53,95.000000,15.000000,4.271152
70,53,100.000000,15.000000,4.247824
71,53,105.000000,15.000000,4.224642
72,53,110.000000,15.000000,4.202346
73,53,115.000000,15.000000,4.180723
74,53,120.000000,15.000000,4.160778
75,53,125.000000,15.000000,4.140833
76,53,130.000000,15.000000,4.120888
77,53,135.000000,15.000000,4.101220
78,53,140.000000,15.000000,4.081756
79,53,145.000000,15.000000,4.063307
80,53,150.000000,15.000000,4.045250
81,53,155.000000,15.000000,4.027194
82,53,160.000000,15.000000,4.009131
83,53,165.000000,15.000000,3.990595
84,53,170.000000,15.000000,3.971764
85,53,175.000000,15.000000,3.951356
86,53,180.000000,15.000000,3.930948
87,53,185.000000,15.000000,3.910540
88,53,190.000000,15.000000,3.889828
89,53,195.000000,15.000000,3.868741
90,53,200.000000,15.000000,3.845416
91,53,205.000000,15.000000,3.820561
92,53,210.000000,15.000000,3.795706
93,53,215.000000,15.000000,3.770851
94,53,220.000000,15.000000,3.745906
95,53,225.000000,15.000000,3.720922
96,53,230.000000,15.000000,3.695062
97,53,235.000000,15.000000,3.669203
98,53,240.000000,15.000000,3.643343
99,53,245.000000,15.000000,3.617576
100,53,250.000000,15.000000,3.592003
0,54,-250.000000,20.000000,5.245312
1,54,-245.000000,20.000000,5.240469
2,54,-240.000000,20.000000,5.235598
3,54,-235.000000,20.000000,5.230728
4,54,-230.000000,20.000000,5.225858
5,54,-225.000000,20.000000,5.218653
6,54,-220.000000,20.000000,5.211200
7,54,-215.000000,20.000000,5.203523
8,54,-210.000000,20.000000,5.195846
9,54,-205.000000,20.000000,5.188169
10,54,-200.000000,20.000000,5.180186
11,54,-195.000000,20.000000,5.171622
12,54,-190.000000,20.000000,5.162990
13,54,-185.000000,20.000000,5.154288
14,54,-180.000000,20.000000,5.145585
15,54,-175.000000,20.000000,5.136882
16,54,-170.000000,20.000000,5.128358
17,54,-165.000000,20.000000,5.119884
18,54,-160.000000,20.000000,5.111458
19,54,-155.000000,20.000000,5.103036
20,54,-150.000000,20.000000,5.094614
21,54,-145.000000,20.000000,5.086101
22,54,-140.000000,20.000000,5.077255
23,54,-135.000000,20.000000,5.068361
24,54,-130.000000,20.000000,5.059383
25,54,-125.000000,20.000000,5.050406
26,54,-120.000000,20.000000,5.041428
27,54,-115.000000,20.000000,5.031440
28,54,-110.000000,20.000000,5.020915
29,54,-105.000000,20.000000,5.009890
30,54,-100.000000,20.000000,4.998738
31,54,-95.000000,20.000000,4.987586
32,54,-90.000000,20.000000,4.976292
33,54,-85.000000,20.000000,4.963528
34,54,-80.000000,20.000000,4.950570
35,54,-75.000000,20.000000,4.936979
36,54,-70.000000,20.000000,4.923389
37,54,-65.000000,20.000000,4.909798
38,54,-60.000000,20.000000,4.895770
39,54,-55.000000,20.000000,4.881347
40,54,-50.000000,20.000000,4.866567
41,54,-45.000000,20.000000,4.851612
42,54,-40.000000,20.000000,4.836657
43,54,-35.000000,20.000000,4.821702
44,54,-30.000000,20.000000,4.806247
45,54,-25.000000,20.000000,4.790727
46,54,-20.000000,20.000000,4.774841
47,54,-15.000000,20.000000,4.758954
48,54,-10.000000,20.000000,4.743067
49,54,-5.000000,20.000000,4.726734
50,54,0.000000,20.000000,4.709722
51,54,5.000000,20.000000,4.692120
52,54,10.000000,20.000000,4.674020
53,54,15.000000,20.000000,4.655920
54,54,20.000000,20.000000,4.637819
55,54,25.000000,20.000000,4.618354
56,54,30.000000,20.000000,4.598615
57,54,35.000000,20.000000,4.576977
58,54,40.000000,20.000000,4.555295
59,54,45.000000,20.000000,4.533614
60,54,50.000000,20.000000,4.511656
61,54,55.000000,20.000000,4.488946
62,54,60.000000,20.000000,4.465616
63,54,65.000000,20.000000,4.441407
64,54,70.000000,20.000000,4.417198
65,54,75.000000,20.000000,4.392989
66,54,80.000000,20.000000,4.368999
67,54,85.000000,20.000000,4.345102
68,54,90.000000,20.000000,4.321682
69,54,95.000000,20.000000,4.298347
70,54,100.000000,20.000000,4.275012
71,54,105.000000,20.000000,4.251819
72,54,110.000000,20.000000,4.229486
73,54,115.000000,20.000000,4.207807
74,54,120.000000,20.000000,4.187759
75,54,125.000000,20.000000,4.167710
76,54,130.000000,20.000000,4.147662
77,54,135.000000,20.000000,4.127865
78,54,140.000000,20.000000,4.108254
79,54,145.000000,20.000000,4.089568
80,54,150.000000,20.000000,4.071238
81,54,155.000000,20.000000,4.052909
82,54,160.000000,20.000000,4.034573
83,54,165.000000,20.000000,4.015734
84,54,170.000000,20.000000,3.996578
85,54,175.000000,20.000000,3.975741
86,54,180.000000,20.000000,3.954903
87,54,185.000000,20.000000,3.934066
88,54,190.000000,20.000000,3.912920
89,54,195.000000,20.000000,3.891394
90,54,200.000000,20.000000,3.867599
91,54,205.000000,20.000000,3.842252
92,54,210.000000,20.000000,3.816905
93,54,215.000000,20.000000,3.791559
94,54,220.000000,20.000000,3.766127
95,54,225.000000,20.000000,3.740659
96,54,230.000000,20.000000,3.714367
97,54,235.000000,20.000000,3.688076
98,54,240.000000,20.000000,3.661784
99,54,245.000000,20.000000,3.635587
100,54,250.000000,20.000000,3.609590
0,55,-250.000000,25.000000,5.271836
1,55,-245.000000,25.000000,5.266999
2,55,-240.000000,25.000000,5.262135
3,55,-235.000000,25.000000,5.257271
4,55,-230.000000,25.000000,5.252408
5,55,-225.000000,25.000000,5.245210
6,55,-220.000000,25.000000,5.237765
7,55,-215.000000,25.000000,5.230095
8,55,-210.000000,25.000000,5.222425
9,55,-205.000000,25.000000,5.214755
10,55,-200.000000,25.000000,5.206776
11,55,-195.000000,25.000000,5.198210
12,55,-190.000000,25.000000,5.189574
13,55,-185.000000,25.000000,5.180867
14,55,-180.000000,25.000000,5.172160
15,55,-175.000000,25.000000,5.163453
16,55,-170.000000,25.000000,5.154914
17,55,-165.000000,25.000000,5.146423
18,55,-160.000000,25.000000,5.137979
19,55,-155.000000,25.000000,5.129537
20,55,-150.000000,25.000000,5.121096
21,55,-145.000000,25.000000,5.112562
22,55,-140.000000,25.000000,5.103693
23,55,-135.000000,25.000000,5.094776
24,55,-130.000000,25.000000,5.085775
25,55,-125.000000,25.000000,5.076773
26,55,-120.000000,25.000000,5.067771
27,55,-115.000000,25.000000,5.057766
28,55,-110.000000,25.000000,5.047227
29,55,-105.000000,25.000000,5.036191
30,55,-100.000000,25.000000,5.025030
31,55,-95.000000,25.000000,5.013869
32,55,-90.000000,25.000000,5.002566
33,55,-85.000000,25.000000,4.989807
34,55,-80.000000,25.000000,4.976855
35,55,-75.000000,25.000000,4.963276
36,55,-70.000000,25.000000,4.949697
37,55,-65.000000,25.000000,4.936118
38,55,-60.000000,25.000000,4.922103
39,55,-55.000000,25.000000,4.907693
40,55,-50.000000,25.000000,4.892928
41,55,-45.000000,25.000000,4.877987
42,55,-40.000000,25.000000,4.863046
43,55,-35.000000,25.000000,4.848106
44,55,-30.000000,25.000000,4.832652
45,55,-25.000000,25.000000,4.817133
46,55,-20.000000,25.000000,4.801238
47,55,-15.000000,25.000000,4.785343
48,55,-10.000000,25.000000,4.769448
49,55,-5.000000,25.000000,4.753101
50,55,0.000000,25.000000,4.736068
51,55,5.000000,25.000000,4.718440
52,55,10.000000,25.000000,4.700307
53,55,15.000000,25.000000,4.682175
54,55,20.000000,25.000000,4.664043
55,55,25.000000,25.000000,4.644548
56,55,30.000000,25.000000,4.624779
57,55,35.000000,25.000000,4.603112
58,55,40.000000,25.000000,4.581403
59,55,45.000000,25.000000,4.559694
60,55,50.000000,25.000000,4.537712
61,55,55.000000,25.000000,4.514984
62,55,60.000000,25.000000,4.491642
63,55,65.000000,25.000000,4.467429
64,55,70.000000,25.000000,4.443216
65,55,75.000000,25.000000,4.419003
66,55,80.000000,25.000000,4.395008
67,55,85.000000,25.000000,4.371103
68,55,90.000000,25.000000,4.347673
69,55,95.000000,25.000000,4.324327
70,55,100.000000,25.000000,4.300981
71,55,105.000000,25.000000,4.277773
72,55,110.000000,25.000000,4.255404
73,55,115.000000,25.000000,4.233672
74,55,120.000000,25.000000,4.213529
75,55,125.000000,25.000000,4.193387
76,55,130.000000,25.000000,4.173244
77,55,135.000000,25.000000,4.153332
78,55,140.000000,25.000000,4.133588
79,55,145.000000,25.000000,4.114690
80,55,150.000000,25.000000,4.096117
81,55,155.000000,25.000000,4.077544
82,55,160.000000,25.000000,4.058964
83,55,165.000000,25.000000,4.039851
84,55,170.000000,25.000000,4.020403
85,55,175.000000,25.000000,3.999171
86,55,180.000000,25.000000,3.977940
87,55,185.000000,25.000000,3.956709
88,55,190.000000,25.000000,3.935164
89,55,195.000000,25.000000,3.913234
90,55,200.000000,25.000000,3.888997
91,55,205.000000,25.000000,3.863183
92,55,210.000000,25.000000,3.837370
93,55,215.000000,25.000000,3.811556
94,55,220.000000,25.000000,3.785661
95,55,225.000000,25.000000,3.759731
96,55,230.000000,25.000000,3.733014
97,55,235.000000,25.000000,3.706297
98,55,240.000000,25.000000,3.679580
99,55,245.000000,25.000000,3.652960
100,55,250.000000,25.000000,3.626544
0,56,-250.000000,30.000000,5.298089
1,56,-245.000000,30.000000,5.293245
2,56,-240.000000,30.000000,5.288375
3,56,-235.000000,30.000000,5.283504
4,56,-230.000000,30.000000,5.278634
5,56,-225.000000,30.000000,5.271430
6,56,-220.000000,30.000000,5.263979
7,56,-215.000000,30.000000,5.256303
8,56,-210.000000,30.000000,5.248627
9,56,-205.000000,30.000000,5.240952
10,56,-200.000000,30.000000,5.232964
11,56,-195.000000,30.000000,5.224385
12,56,-190.000000,30.000000,5.215736
13,56,-185.000000,30.000000,5.207014
14,56,-180.000000,30.000000,5.198293
15,56,-175.000000,30.000000,5.189572
16,56,-170.000000,30.000000,5.181013
17,56,-165.000000,30.000000,5.172500
18,56,-160.000000,30.000000,5.164032
19,56,-155.000000,30.000000,5.155567
20,56,-150.000000,30.000000,5.147102
21,56,-145.000000,30.000000,5.138544
22,56,-140.000000,30.000000,5.129649
23,56,-135.000000,30.000000,5.120707
24,56,-130.000000,30.000000,5.111679
25,56,-125.000000,30.000000,5.102651
26,56,-120.000000,30.000000,5.093623
27,56,-115.000000,30.000000,5.083598
28,56,-110.000000,30.000000,5.073042
29,56,-105.000000,30.000000,5.061992
30,56,-100.000000,30.000000,5.050818
31,56,-95.000000,30.000000,5.039644
32,56,-90.000000,30.000000,5.028328
33,56,-85.000000,30.000000,5.015568
34,56,-80.000000,30.000000,5.002617
35,56,-75.000000,30.000000,4.989044
36,56,-70.000000,30.000000,4.975470
37,56,-65.000000,30.000000,4.961897
38,56,-60.000000,30.000000,4.947889
39,56,-55.000000,30.000000,4.933488
40,56,-50.000000,30.000000,4.918732
41,56,-45.000000,30.000000,4.903801
42,56,-40.000000,30.000000,4.888871
43,56,-35.000000,30.000000,4.873940
44,56,-30.000000,30.000000,4.858488
45,56,-25.000000,30.000000,4.842968
46,56,-20.000000,30.000000,4.827066
47,56,-15.000000,30.000000,4.811164
48,56,-10.000000,30.000000,4.795262
49,56,-5.000000,30.000000,4.778905
50,56,0.000000,30.000000,4.761855
51,56,5.000000,30.000000,4.744204
52,56,10.000000,30.000000,4.726046
53,56,15.000000,30.000000,4.707887
54,56,20.000000,30.000000,4.689728
55,56,25.000000,30.000000,4.670208
56,56,30.000000,30.000000,4.650414
57,56,35.000000,30.000000,4.628724
58,56,40.000000,30.000000,4.606992
59,56,45.000000,30.000000,4.585259
60,56,50.000000,30.000000,4.563255
61,56,55.000000,30.000000,4.540512
62,56,60.000000,30.000000,4.517158
63,56,65.000000,30.000000,4.492941
64,56,70.000000,30.000000,4.468723
65,56,75.000000,30.000000,4.444506
66,56,80.000000,30.000000,4.420503
67,56,85.000000,30.000000,4.396591
68,56,90.000000,30.000000,4.373150
69,56,95.000000,30.000000,4.349791
70,56,100.000000,30.000000,4.326432
71,56,105.000000,30.000000,4.303207
72,56,110.000000,30.000000,4.280802
73,56,115.000000,30.000000,4.259018
74,56,120.000000,30.000000,4.238785
75,56,125.000000,30.000000,4.218553
76,56,130.000000,30.000000,4.198320
77,56,135.000000,30.000000,4.178297
78,56,140.000000,30.000000,4.158428
79,56,145.000000,30.000000,4.139328
80,56,150.000000,30.000000,4.120524
81,56,155.000000,30.000000,4.101720
82,56,160.000000,30.000000,4.082908
83,56,165.000000,30.000000,4.063534
84,56,170.000000,30.000000,4.043806
85,56,175.000000,30.000000,4.022196
86,56,180.000000,30.000000,4.000587
87,56,185.000000,30.000000,3.978977
88,56,190.000000,30.000000,3.957049
89,56,195.000000,30.000000,3.934728
90,56,200.000000,30.000000,3.910062
91,56,205.000000,30.000000,3.883792
92,56,210.000000,30.000000,3.857521
93,56,215.000000,30.000000,3.831251
94,56,220.000000,30.000000,3.804903
95,56,225.000000,30.000000,3.778521
96,56,230.000000,30.000000,3.751381
97,56,235.000000,30.000000,3.724241
98,56,240.000000,30.000000,3.697101
99,56,245.000000,30.000000,3.670060
100,56,250.000000,30.000000,3.643228
0,57,-250.000000,35.000000,5.323266
1,57,-245.000000,35.000000,5.318363
2,57,-240.000000,35.000000,5.313434
3,57,-235.000000,35.000000,5.308504
4,57,-230.000000,35.000000,5.303575
5,57,-225.000000,35.000000,5.296313
6,57,-220.000000,35.000000,5.288803
7,57,-215.000000,35.000000,5.281068
8,57,-210.000000,35.000000,5.273333
9,57,-205.000000,35.000000,5.265598
10,57,-200.000000,35.000000,5.257554
11,57,-195.000000,35.000000,5.248921
12,57,-190.000000,35.000000,5.240220
13,57,-185.000000,35.000000,5.231446
14,57,-180.000000,35.000000,5.222672
15,57,-175.000000,35.000000,5.213899
16,57,-170.000000,35.000000,5.205295
17,57,-165.000000,35.000000,5.196739
18,57,-160.000000,35.000000,5.188230
19,57,-155.000000,35.000000,5.179724
20,57,-150.000000,35.000000,5.171218
21,57,-145.000000,35.000000,5.162620
22,57,-140.000000,35.000000,5.153690
23,57,-135.000000,35.000000,5.144713
24,57,-130.000000,35.000000,5.135652
25,57,-125.000000,35.000000,5.126590
26,57,-120.000000,35.000000,5.117529
27,57,-115.000000,35.000000,5.107472
28,57,-110.000000,35.000000,5.096887
29,57,-105.000000,35.000000,5.085808
30,57,-100.000000,35.000000,5.074606
31,57,-95.000000,35.000000,5.063403
32,57,-90.000000,35.000000,5.052060
33,57,-85.000000,35.000000,5.039278
34,57,-80.000000,35.000000,5.026306
35,57,-75.000000,35.000000,5.012714
36,57,-70.000000,35.000000,4.999122
37,57,-65.000000,35.000000,4.985529
38,57,-60.000000,35.000000,4.971507
39,57,-55.000000,35.000000,4.957094
40,57,-50.000000,35.000000,4.942330
41,57,-45.000000,35.000000,4.927393
42,57,-40.000000,35.000000,4.912456
43,57,-35.000000,35.000000,4.897519
44,57,-30.000000,35.000000,4.882063
45,57,-25.000000,35.000000,4.866540
46,57,-20.000000,35.000000,4.850637
47,57,-15.000000,35.000000,4.834734
48,57,-10.000000,35.000000,4.818831
49,57,-5.000000,35.000000,4.802472
50,57,0.000000,35.000000,4.785420
51,57,5.000000,35.000000,4.767766
52,57,10.000000,35.000000,4.749604
53,57,15.000000,35.000000,4.731441
54,57,20.000000,35.000000,4.713279
55,57,25.000000,35.000000,4.693753
56,57,30.000000,35.000000,4.673954
57,57,35.000000,35.000000,4.652257
58,57,40.000000,35.000000,4.630517
59,57,45.000000,35.000000,4.608778
60,57,50.000000,35.000000,4.586766
61,57,55.000000,35.000000,4.564016
62,57,60.000000,35.000000,4.540655
63,57,65.000000,35.000000,4.516430
64,57,70.000000,35.000000,4.492205
65,57,75.000000,35.000000,4.467980
66,57,80.000000,35.000000,4.443967
67,57,85.000000,35.000000,4.420043
68,57,90.000000,35.000000,4.396582
69,57,95.000000,35.000000,4.373204
70,57,100.000000,35.000000,4.349825
71,57,105.000000,35.000000,4.326578
72,57,110.000000,35.000000,4.304137
73,57,115.000000,35.000000,4.282306
74,57,120.000000,35.000000,4.262000
75,57,125.000000,35.000000,4.241694
76,57,130.000000,35.000000,4.221388
77,57,135.000000,35.000000,4.201276
78,57,140.000000,35.000000,4.181305
79,57,145.000000,35.000000,4.162045
80,57,150.000000,35.000000,4.143059
81,57,155.000000,35.000000,4.124072
82,57,160.000000,35.000000,4.105078
83,57,165.000000,35.000000,4.085494
84,57,170.000000,35.000000,4.065539
85,57,175.000000,35.000000,4.043611
86,57,180.000000,35.000000,4.021684
87,57,185.000000,35.000000,3.999757
88,57,190.000000,35.000000,3.977504
89,57,195.000000,35.000000,3.954851
90,57,200.000000,35.000000,3.929803
91,57,205.000000,35.000000,3.903118
92,57,210.000000,35.000000,3.876433
93,57,215.000000,35.000000,3.849748
94,57,220.000000,35.000000,3.822985
95,57,225.000000,35.000000,3.796189
96,57,230.000000,35.000000,3.768637
97,57,235.000000,35.000000,3.741086
98,57,240.000000,35.000000,3.713534
99,57,245.000000,35.000000,3.686083
100,57,250.000000,35.000000,3.658844
0,58,-250.000000,40.000000,5.348442
1,58,-245.000000,40.000000,5.343480
2,58,-240.000000,40.000000,5.338493
3,58,-235.000000,40.000000,5.333505
4,58,-230.000000,40.000000,5.328517
5,58,-225.000000,40.000000,5.321195
6,58,-220.000000,40.000000,5.313626
7,58,-215.000000,40.000000,5.305833
8,58,-210.000000,40.000000,5.298039
9,58,-205.000000,40.000000,5.290245
10,58,-200.000000,40.000000,5.282144
11,58,-195.000000,40.000000,5.273458
12,58,-190.000000,40.000000,5.264703
13,58,-185.000000,40.000000,5.255878
14,58,-180.000000,40.000000,5.247052
15,58,-175.000000,40.000000,5.238226
16,58,-170.000000,40.000000,5.229577
17,58,-165.000000,40.000000,5.220978
18,58,-160.000000,40.000000,5.212428
19,58,-155.000000,40.000000,5.203881
20,58,-150.000000,40.000000,5.195334
21,58,-145.000000,40.000000,5.186696
22,58,-140.000000,40.000000,5.177731
23,58,-135.000000,40.000000,5.168719
24,58,-130.000000,40.000000,5.159624
25,58,-125.000000,40.000000,5.150529
26,58,-120.000000,40.000000,5.141434
27,58,-115.000000,40.000000,5.131347
28,58,-110.000000,40.000000,5.120731
29,58,-105.000000,40.000000,5.109624
30,58,-100.000000,40.000000,5.098393
31,58,-95.000000,40.000000,5.087162
32,58,-90.000000,40.000000,5.075792
33,58,-85.000000,40.000000,5.062987
34,58,-80.000000,40.000000,5.049995
35,58,-75.000000,40.000000,5.036384
36,58,-70.000000,40.000000,5.022773
37,58,-65.000000,40.000000,5.009162
38,58,-60.000000,40.000000,4.995125
39,58,-55.000000,40.000000,4.980700
40,58,-50.000000,40.000000,4.965928
41,58,-45.000000,40.000000,4.950985
42,58,-40.000000,40.000000,4.936041
43,58,-35.000000,40.000000,4.921097
44,58,-30.000000,40.000000,4.905638
45,58,-25.000000,40.000000,4.890112
46,58,-20.000000,40.000000,4.874208
47,58,-15.000000,40.000000,4.858304
48,58,-10.000000,40.000000,4.842400
49,58,-5.000000,40.000000,4.826039
50,58,0.000000,40.000000,4.808985
51,58,5.000000,40.000000,4.791328
52,58,10.000000,40.000000,4.773162
53,58,15.000000,40.000000,4.754996
54,58,20.000000,40.000000,4.736830
55,58,25.000000,40.000000,4.717299
56,58,30.000000,40.000000,4.697494
57,58,35.000000,40.000000,4.675790
58,58,40.000000,40.000000,4.654043
59,58,45.000000,40.000000,4.632296
60,58,50.000000,40.000000,4.610277
61,58,55.000000,40.000000,4.587519
62,58,60.000000,40.000000,4.564151
63,58,65.000000,40.000000,4.539918
64,58,70.000000,40.000000,4.515686
65,58,75.000000,40.000000,4.491453
66,58,80.000000,40.000000,4.467430
67,58,85.000000,40.000000,4.443494
68,58,90.000000,40.000000,4.420015
69,58,95.000000,40.000000,4.396617
70,58,100.000000,40.000000,4.373218
71,58,105.000000,40.000000,4.349949
72,58,110.000000,40.000000,4.327472
73,58,115.000000,40.000000,4.305594
74,58,120.000000,40.000000,4.285215
75,58,125.000000,40.000000,4.264835
76,58,130.000000,40.000000,4.244456
77,58,135.000000,40.000000,4.224254
78,58,140.000000,40.000000,4.204182
79,58,145.000000,40.000000,4.184762
80,58,150.000000,40.000000,4.165593
81,58,155.000000,40.000000,4.146425
82,58,160.000000,40.000000,4.127248
83,58,165.000000,40.000000,4.107454
84,58,170.000000,40.000000,4.087272
85,58,175.000000,40.000000,4.065027
86,58,180.000000,40.000000,4.042782
87,58,185.000000,40.000000,4.020536
88,58,190.000000,40.000000,3.997959
89,58,195.000000,40.000000,3.974973
90,58,200.000000,40.000000,3.949544
91,58,205.000000,40.000000,3.922444
92,58,210.000000,40.000000,3.895345
93,58,215.000000,40.000000,3.868245
94,58,220.000000,40.000000,3.841068
95,58,225.000000,40.000000,3.813857
96,58,230.000000,40.000000,3.785894
97,58,235.000000,40.000000,3.757930
98,58,240.000000,40.000000,3.729967
99,58,245.000000,40.000000,3.702105
100,58,250.000000,40.000000,3.674460
0,59,-250.000000,45.000000,5.373619
1,59,-245.000000,45.000000,5.368598
2,59,-240.000000,45.000000,5.363552
3,59,-235.000000,45.000000,5.358505
4,59,-230.000000,45.000000,5.353458
5,59,-225.000000,45.000000,5.346078
6,59,-220.000000,45.000000,5.338450
7,59,-215.000000,45.000000,5.330597
8,59,-210.000000,45.000000,5.322745
9,59,-205.000000,45.000000,5.314892
10,59,-200.000000,45.000000,5.306734
11,59,-195.000000,45.000000,5.297994
12,59,-190.000000,45.000000,5.289187
13,59,-185.000000,45.000000,5.280309
14,59,-180.000000,45.000000,5.271431
15,59,-175.000000,45.000000,5.262553
16,59,-170.000000,45.000000,5.253859
17,59,-165.000000,45.000000,5.245217
18,59,-160.000000,45.000000,5.236626
19,59,-155.000000,45.000000,5.228038
20,59,-150.000000,45.000000,5.219450
21,59,-145.000000,45.000000,5.210773
22,59,-140.000000,45.000000,5.201772
23,59,-135.000000,45.000000,5.192726
24,59,-130.000000,45.000000,5.183597
25,59,-125.000000,45.000000,5.174469
26,59,-120.000000,45.000000,5.165340
27,59,-115.000000,45.000000,5.155221
28,59,-110.000000,45.000000,5.144576
29,59,-105.000000,45.000000,5.133440
30,59,-100.000000,45.000000,5.122181
31,59,-95.000000,45.000000,5.110922
32,59,-90.000000,45.000000,5.099523
33,59,-85.000000,45.000000,5.086697
34,59,-80.000000,45.000000,5.073683
35,59,-75.000000,45.000000,5.060054
36,59,-70.000000,45.000000,5.046424
37,59,-65.000000,45.000000,5.032795
38,59,-60.000000,45.000000,5.018742
39,59,-55.000000,45.000000,5.004307
40,59,-50.000000,45.000000,4.989527
41,59,-45.000000,45.000000,4.974576
42,59,-40.000000,45.000000,4.959626
43,59,-35.000000,45.000000,4.944676
44,59,-30.000000,45.000000,4.929212
45,59,-25.000000,45.000000,4.913683
46,59,-20.000000,45.000000,4.897779
47,59,-15.000000,45.000000,4.881874
48,59,-10.000000,45.000000,4.865969
49,59,-5.000000,45.000000,4.849607
50,59,0.000000,45.000000,4.832550
51,59,5.000000,45.000000,4.814890
52,59,10.000000,45.000000,4.796720
53,59,15.000000,45.000000,4.778550
54,59,20.000000,45.000000,4.760380
55,59,25.000000,45.000000,4.740844
56,59,30.000000,45.000000,4.721034
57,59,35.000000,45.000000,4.699323
58,59,40.000000,45.000000,4.677568
59,59,45.000000,45.000000,4.655814
60,59,50.000000,45.000000,4.633788
61,59,55.000000,45.000000,4.611023
62,59,60.000000,45.000000,4.587647
63,59,65.000000,45.000000,4.563407
64,59,70.000000,45.000000,4.539167
65,59,75.000000,45.000000,4.514927
66,59,80.000000,45.000000,4.490893
67,59,85.000000,45.000000,4.466946
68,59,90.000000,45.000000,4.443448
69,59,95.000000,45.000000,4.420030
70,59,100.000000,45.000000,4.396612
71,59,105.000000,45.000000,4.373321
72,59,110.000000,45.000000,4.350807
73,59,115.000000,45.000000,4.328883
74,59,120.000000,45.000000,4.308430
75,59,125.000000,45.000000,4.287977
76,59,130.000000,45.000000,4.267523
77,59,135.000000,45.000000,4.247232
78,59,140.000000,45.000000,4.227059
79,59,145.000000,45.000000,4.207480
80,59,150.000000,45.000000,4.188128
81,59,155.000000,45.000000,4.168777
82,59,160.000000,45.000000,4.149418
83,59,165.000000,45.000000,4.129414
84,59,170.000000,45.000000,4.109005
85,59,175.000000,45.000000,4.086442
86,59,180.000000,45.000000,4.063879
87,59,185.000000,45.000000,4.041316
88,59,190.000000,45.000000,4.018414
89,59,195.000000,45.000000,3.995096
90,59,200.000000,45.000000,3.969285
91,59,205.000000,45.000000,3.941771
92,59,210.000000,45.000000,3.914257
93,59,215.000000,45.000000,3.886742
94,59,220.000000,45.000000,3.859151
95,59,225.000000,45.000000,3.831526
96,59,230.000000,45.000000,3.803150
97,59,235.000000,45.000000,3.774775
98,59,240.000000,45.000000,3.746399
99,59,245.000000,45.000000,3.718128
100,59,250.000000,45.000000,3.690076
0,60,-250.000000,50.000000,5.399269
1,60,-245.000000,50.000000,5.394144
2,60,-240.000000,50.000000,5.388995
3,60,-235.000000,50.000000,5.383845
4,60,-230.000000,50.000000,5.378695
5,60,-225.000000,50.000000,5.371222
6,60,-220.000000,50.000000,5.363502
7,60,-215.000000,50.000000,5.355559
8,60,-210.000000,50.000000,5.347616
9,60,-205.000000,50.000000,5.339673
10,60,-200.000000,50.000000,5.331429
11,60,-195.000000,50.000000,5.322613
12,60,-190.000000,50.000000,5.313730
13,60,-185.000000,50.000000,5.304777
14,60,-180.000000,50.000000,5.295825
15,60,-175.000000,50.000000,5.286872
16,60,-170.000000,50.000000,5.278113
17,60,-165.000000,50.000000,5.269409
18,60,-160.000000,50.000000,5.260757
19,60,-155.000000,50.000000,5.252109
20,60,-150.000000,50.000000,5.243462
21,60,-145.000000,50.000000,5.234726
22,60,-140.000000,50.000000,5.225674
23,60,-135.000000,50.000000,5.216576
24,60,-130.000000,50.000000,5.207397
25,60,-125.000000,50.000000,5.198218
26,60,-120.000000,50.000000,5.189040
27,60,-115.000000,50.000000,5.178875
28,60,-110.000000,50.000000,5.168186
29,60,-105.000000,50.000000,5.157010
30,60,-100.000000,50.000000,5.145709
31,60,-95.000000,50.000000,5.134409
32,60,-90.000000,50.000000,5.122971
33,60,-85.000000,50.000000,5.110113
34,60,-80.000000,50.000000,5.097069
35,60,-75.000000,50.000000,5.083413
36,60,-70.000000,50.000000,5.069757
37,60,-65.000000,50.000000,5.056101
38,60,-60.000000,50.000000,5.042028
39,60,-55.000000,50.000000,5.027576
40,60,-50.000000,50.000000,5.012785
41,60,-45.000000,50.000000,4.997825
42,60,-40.000000,50.000000,4.982866
43,60,-35.000000,50.000000,4.967907
44,60,-30.000000,50.000000,4.952442
45,60,-25.000000,50.000000,4.936912
46,60,-20.000000,50.000000,4.921012
47,60,-15.000000,50.000000,4.905111
48,60,-10.000000,50.000000,4.889211
49,60,-5.000000,50.000000,4.872855
50,60,0.000000,50.000000,4.855807
51,60,5.000000,50.000000,4.838158
52,60,10.000000,50.000000,4.820000
53,60,15.000000,50.000000,4.801843
54,60,20.000000,50.000000,4.783686
55,60,25.000000,50.000000,4.764165
56,60,30.000000,50.000000,4.744370
57,60,35.000000,50.000000,4.722678
58,60,40.000000,50.000000,4.700943
59,60,45.000000,50.000000,4.679208
60,60,50.000000,50.000000,4.657202
61,60,55.000000,50.000000,4.634457
62,60,60.000000,50.000000,4.611102
63,60,65.000000,50.000000,4.586885
64,60,70.000000,50.000000,4.562667
65,60,75.000000,50.000000,4.538450
66,60,80.000000,50.000000,4.514434
67,60,85.000000,50.000000,4.490503
68,60,90.000000,50.000000,4.467012
69,60,95.000000,50.000000,4.443598
70,60,100.000000,50.000000,4.420185
71,60,105.000000,50.000000,4.396897
72,60,110.000000,50.000000,4.374370
73,60,115.000000,50.000000,4.352421
74,60,120.000000,50.000000,4.331915
75,60,125.000000,50.000000,4.311408
76,60,130.000000,50.000000,4.290901
77,60,135.000000,50.000000,4.270541
78,60,140.000000,50.000000,4.250289
79,60,145.000000,50.000000,4.230575
80,60,150.000000,50.000000,4.211068
81,60,155.000000,50.000000,4.191561
82,60,160.000000,50.000000,4.172045
83,60,165.000000,50.000000,4.151862
84,60,170.000000,50.000000,4.131259
85,60,175.000000,50.000000,4.108426
86,60,180.000000,50.000000,4.085593
87,60,185.000000,50.000000,4.062760
88,60,190.000000,50.000000,4.039584
89,60,195.000000,50.000000,4.015984
90,60,200.000000,50.000000,3.989856
91,60,205.000000,50.000000,3.961999
92,60,210.000000,50.000000,3.934142
93,60,215.000000,50.000000,3.906285
94,60,220.000000,50.000000,3.878351
95,60,225.000000,50.000000,3.850385
96,60,230.000000,50.000000,3.821677
97,60,235.000000,50.000000,3.792970
98,60,240.000000,50.000000,3.764263
99,60,245.000000,50.000000,3.735661
100,60,250.000000,50.000000,3.707283
0,61,-250.000000,55.000000,5.425191
1,61,-245.000000,55.000000,5.419938
2,61,-240.000000,55.000000,5.414659
3,61,-235.000000,55.000000,5.409380
4,61,-230.000000,55.000000,5.404102
5,61,-225.000000,55.000000,5.396516
6,61,-220.000000,55.000000,5.388687
7,61,-215.000000,55.000000,5.380635
8,61,-210.000000,55.000000,5.372583
9,61,-205.000000,55.000000,5.364531
10,61,-200.000000,55.000000,5.356185
11,61,-195.000000,55.000000,5.347279
12,61,-190.000000,55.000000,5.338307
13,61,-185.000000,55.000000,5.329266
14,61,-180.000000,55.000000,5.320226
15,61,-175.000000,55.000000,5.311186
16,61,-170.000000,55.000000,5.302350
17,61,-165.000000,55.000000,5.293572
18,61,-160.000000,55.000000,5.284849
19,61,-155.000000,55.000000,5.276131
20,61,-150.000000,55.000000,5.267413
21,61,-145.000000,55.000000,5.258609
22,61,-140.000000,55.000000,5.249495
23,61,-135.000000,55.000000,5.240335
24,61,-130.000000,55.000000,5.231097
25,61,-125.000000,55.000000,5.221859
26,61,-120.000000,55.000000,5.212621
27,61,-115.000000,55.000000,5.202402
28,61,-110.000000,55.000000,5.191662
29,61,-105.000000,55.000000,5.180436
30,61,-100.000000,55.000000,5.169088
31,61,-95.000000,55.000000,5.157740
32,61,-90.000000,55.000000,5.146254
33,61,-85.000000,55.000000,5.133360
34,61,-80.000000,55.000000,5.120280
35,61,-75.000000,55.000000,5.106593
36,61,-70.000000,55.000000,5.092906
37,61,-65.000000,55.000000,5.079219
38,61,-60.000000,55.000000,5.065122
39,61,-55.000000,55.000000,5.050652
40,61,-50.000000,55.000000,5.035847
41,61,-45.000000,55.000000,5.020877
42,61,-40.000000,55.000000,5.005908
43,61,-35.000000,55.000000,4.990938
44,61,-30.000000,55.000000,4.975472
45,61,-25.000000,55.000000,4.959943
46,61,-20.000000,55.000000,4.944050
47,61,-15.000000,55.000000,4.928157
48,61,-10.000000,55.000000,4.912265
49,61,-5.000000,55.000000,4.895920
50,61,0.000000,55.000000,4.878887
51,61,5.000000,55.000000,4.861256
52,61,10.000000,55.000000,4.843121
53,61,15.000000,55.000000,4.824985
54,61,20.000000,55.000000,4.806850
55,61,25.000000,55.000000,4.787356
56,61,30.000000,55.000000,4.767589
57,61,35.000000,55.000000,4.745932
58,61,40.000000,55.000000,4.724231
59,61,45.000000,55.000000,4.702531
60,61,50.000000,55.000000,4.680559
61,61,55.000000,55.000000,4.657851
62,61,60.000000,55.000000,4.634534
63,61,65.000000,55.000000,4.610356
64,61,70.000000,55.000000,4.586178
65,61,75.000000,55.000000,4.562000
66,61,80.000000,55.000000,4.538019
67,61,85.000000,55.000000,4.514120
68,61,90.000000,55.000000,4.490650
69,61,95.000000,55.000000,4.467256
70,61,100.000000,55.000000,4.443863
71,61,105.000000,55.000000,4.420591
72,61,110.000000,55.000000,4.398065
73,61,115.000000,55.000000,4.376105
74,61,120.000000,55.000000,4.355556
75,61,125.000000,55.000000,4.335007
76,61,130.000000,55.000000,4.314458
77,61,135.000000,55.000000,4.294042
78,61,140.000000,55.000000,4.273722
79,61,145.000000,55.000000,4.253888
80,61,150.000000,55.000000,4.234240
81,61,155.000000,55.000000,4.214592
82,61,160.000000,55.000000,4.194936
83,61,165.000000,55.000000,4.174591
84,61,170.000000,55.000000,4.153815
85,61,175.000000,55.000000,4.130739
86,61,180.000000,55.000000,4.107664
87,61,185.000000,55.000000,4.084588
88,61,190.000000,55.000000,4.061165
89,61,195.000000,55.000000,4.037314
90,61,200.000000,55.000000,4.010904
91,61,205.000000,55.000000,3.982746
92,61,210.000000,55.000000,3.954587
93,61,215.000000,55.000000,3.926429
94,61,220.000000,55.000000,3.898196
95,61,225.000000,55.000000,3.869930
96,61,230.000000,55.000000,3.840937
97,61,235.000000,55.000000,3.811944
98,61,240.000000,55.000000,3.782951
99,61,245.000000,55.000000,3.754065
100,61,250.000000,55.000000,3.725405
0,62,-250.000000,60.000000,5.452207
1,62,-245.000000,60.000000,5.446721
2,62,-240.000000,60.000000,5.441210
3,62,-235.000000,60.000000,5.435700
4,62,-230.000000,60.000000,5.430190
5,62,-225.000000,60.000000,5.422415
6,62,-220.000000,60.000000,5.414400
7,62,-215.000000,60.000000,5.406166
8,62,-210.000000,60.000000,5.397933
9,62,-205.000000,60.000000,5.389700
10,62,-200.000000,60.000000,5.381185
11,62,-195.000000,60.000000,5.372133
12,62,-190.000000,60.000000,5.363019
13,62,-185.000000,60.000000,5.353840
14,62,-180.000000,60.000000,5.344660
15,62,-175.000000,60.000000,5.335481
16,62,-170.000000,60.000000,5.326522
17,62,-165.000000,60.000000,5.317625
18,62,-160.000000,60.000000,5.308788
19,62,-155.000000,60.000000,5.299956
20,62,-150.000000,60.000000,5.291124
21,62,-145.000000,60.000000,5.282208
22,62,-140.000000,60.000000,5.272992
23,62,-135.000000,60.000000,5.263733
24,62,-130.000000,60.000000,5.254398
25,62,-125.000000,60.000000,5.245062
26,62,-120.000000,60.000000,5.235727
27,62,-115.000000,60.000000,5.225420
28,62,-110.000000,60.000000,5.214597
29,62,-105.000000,60.000000,5.203293
30,62,-100.000000,60.000000,5.191868
31,62,-95.000000,60.000000,5.180442
32,62,-90.000000,60.000000,5.168881
33,62,-85.000000,60.000000,5.155928
34,62,-80.000000,60.000000,5.142792
35,62,-75.000000,60.000000,5.129056
36,62,-70.000000,60.000000,5.115320
37,62,-65.000000,60.000000,5.101584
38,62,-60.000000,60.000000,5.087448
39,62,-55.000000,60.000000,5.072949
40,62,-50.000000,60.000000,5.058124
41,62,-45.000000,60.000000,5.043138
42,62,-40.000000,60.000000,5.028153
43,62,-35.000000,60.000000,5.013167
44,62,-30.000000,60.000000,4.997705
45,62,-25.000000,60.000000,4.982181
46,62,-20.000000,60.000000,4.966309
47,62,-15.000000,60.000000,4.950437
48,62,-10.000000,60.000000,4.934564
49,62,-5.000000,60.000000,4.918247
50,62,0.000000,60.000000,4.901255
51,62,5.000000,60.000000,4.883675
52,62,10.000000,60.000000,4.865600
53,62,15.000000,60.000000,4.847524
54,62,20.000000,60.000000,4.829449
55,62,25.000000,60.000000,4.810029
56,62,30.000000,60.000000,4.790338
57,62,35.000000,60.000000,4.768776
58,62,40.000000,60.000000,4.747171
59,62,45.000000,60.000000,4.725566
60,62,50.000000,60.000000,4.703692
61,62,55.000000,60.000000,4.681085
62,62,60.000000,60.000000,4.657872
63,62,65.000000,60.000000,4.633802
64,62,70.000000,60.000000,4.609732
65,62,75.000000,60.000000,4.585662
66,62,80.000000,60.000000,4.561781
67,62,85.000000,60.000000,4.537979
68,62,90.000000,60.000000,4.514590
69,62,95.000000,60.000000,4.491273
70,62,100.000000,60.000000,4.467956
71,62,105.000000,60.000000,4.444758
72,62,110.000000,60.000000,4.422287
73,62,115.000000,60.000000,4.400367
74,62,120.000000,60.000000,4.379822
75,62,125.000000,60.000000,4.359277
76,62,130.000000,60.000000,4.338732
77,62,135.000000,60.000000,4.318307
78,62,140.000000,60.000000,4.297970
79,62,145.000000,60.000000,4.278073
80,62,150.000000,60.000000,4.258346
81,62,155.000000,60.000000,4.238619
82,62,160.000000,60.000000,4.218883
83,62,165.000000,60.000000,4.198448
84,62,170.000000,60.000000,4.177574
85,62,175.000000,60.000000,4.154367
86,62,180.000000,60.000000,4.131159
87,62,185.000000,60.000000,4.107951
88,62,190.000000,60.000000,4.084395
89,62,195.000000,60.000000,4.060412
90,62,200.000000,60.000000,4.033868
91,62,205.000000,60.000000,4.005574
92,62,210.000000,60.000000,3.977281
93,62,215.000000,60.000000,3.948988
94,62,220.000000,60.000000,3.920622
95,62,225.000000,60.000000,3.892226
96,62,230.000000,60.000000,3.863132
97,62,235.000000,60.000000,3.834039
98,62,240.000000,60.000000,3.804945
99,62,245.000000,60.000000,3.775959
100,62,250.000000,60.000000,3.747201
0,63,-250.000000,65.000000,5.479296
1,63,-245.000000,65.000000,5.473571
2,63,-240.000000,65.000000,5.467822
3,63,-235.000000,65.000000,5.462073
4,63,-230.000000,65.000000,5.456324
5,63,-225.000000,65.000000,5.448354
6,63,-220.000000,65.000000,5.440149
7,63,-215.000000,65.000000,5.431729
8,63,-210.000000,65.000000,5.423309
9,63,-205.000000,65.000000,5.414890
10,63,-200.000000,65.000000,5.406201
11,63,-195.000000,65.000000,5.397001
12,63,-190.000000,65.000000,5.387741
13,63,-185.000000,65.000000,5.378419
14,63,-180.000000,65.000000,5.369096
15,63,-175.000000,65.000000,5.359774
16,63,-170.000000,65.000000,5.350689
17,63,-165.000000,65.000000,5.341670
18,63,-160.000000,65.000000,5.332716
19,63,-155.000000,65.000000,5.323767
20,63,-150.000000,65.000000,5.314818
21,63,-145.000000,65.000000,5.305788
22,63,-140.000000,65.000000,5.296468
23,63,-135.000000,65.000000,5.287107
24,63,-130.000000,65.000000,5.277671
25,63,-125.000000,65.000000,5.268236
26,63,-120.000000,65.000000,5.258800
27,63,-115.000000,65.000000,5.248404
28,63,-110.000000,65.000000,5.237495
29,63,-105.000000,65.000000,5.226111
30,63,-100.000000,65.000000,5.214606
31,63,-95.000000,65.000000,5.203102
32,63,-90.000000,65.000000,5.191463
33,63,-85.000000,65.000000,5.178450
34,63,-80.000000,65.000000,5.165257
35,63,-75.000000,65.000000,5.151470
36,63,-70.000000,65.000000,5.137684
37,63,-65.000000,65.000000,5.123897
38,63,-60.000000,65.000000,5.109722
39,63,-55.000000,65.000000,5.095194
40,63,-50.000000,65.000000,5.080348
41,63,-45.000000,65.000000,5.065346
42,63,-40.000000,65.000000,5.050343
43,63,-35.000000,65.000000,5.035341
44,63,-30.000000,65.000000,5.019883
45,63,-25.000000,65.000000,5.004366
46,63,-20.000000,65.000000,4.988515
47,63,-15.000000,65.000000,4.972663
48,63,-10.000000,65.000000,4.956812
49,63,-5.000000,65.000000,4.940525
50,63,0.000000,65.000000,4.923574
51,63,5.000000,65.000000,4.906048
52,63,10.000000,65.000000,4.888035
53,63,15.000000,65.000000,4.870022
54,63,20.000000,65.000000,4.852009
55,63,25.000000,65.000000,4.832666
56,63,30.000000,65.000000,4.813055
57,63,35.000000,65.000000,4.791592
58,63,40.000000,65.000000,4.770087
59,63,45.000000,65.000000,4.748582
60,63,50.000000,65.000000,4.726810
61,63,55.000000,65.000000,4.704307
62,63,60.000000,65.000000,4.681203
63,63,65.000000,65.000000,4.657246
64,63,70.000000,65.000000,4.633289
65,63,75.000000,65.000000,4.609332
66,63,80.000000,65.000000,4.585556
67,63,85.000000,65.000000,4.561855
68,63,90.000000,65.000000,4.538550
69,63,95.000000,65.000000,4.515314
70,63,100.000000,65.000000,4.492078
71,63,105.000000,65.000000,4.468958
72,63,110.000000,65.000000,4.446545
73,63,115.000000,65.000000,4.424669
74,63,120.000000,65.000000,4.404131
75,63,125.000000,65.000000,4.383592
76,63,130.000000,65.000000,4.363054
77,63,135.000000,65.000000,4.342624
78,63,140.000000,65.000000,4.322273
79,63,145.000000,65.000000,4.302318
80,63,150.000000,65.000000,4.282516
81,63,155.000000,65.000000,4.262713
82,63,160.000000,65.000000,4.242902
83,63,165.000000,65.000000,4.222381
84,63,170.000000,65.000000,4.201416
85,63,175.000000,65.000000,4.178084
86,63,180.000000,65.000000,4.154751
87,63,185.000000,65.000000,4.131419
88,63,190.000000,65.000000,4.107739
89,63,195.000000,65.000000,4.083630
90,63,200.000000,65.000000,4.056963
91,63,205.000000,65.000000,4.028545
92,63,210.000000,65.000000,4.000128
93,63,215.000000,65.000000,3.971711
94,63,220.000000,65.000000,3.943225
95,63,225.000000,65.000000,3.914709
96,63,230.000000,65.000000,3.885528
97,63,235.000000,65.000000,3.856346
98,63,240.000000,65.000000,3.827165
99,63,245.000000,65.000000,3.798091
100,63,250.000000,65.000000,3.769247
0,64,-250.000000,70.000000,5.506386
1,64,-245.000000,70.000000,5.500422
2,64,-240.000000,70.000000,5.494434
3,64,-235.000000,70.000000,5.488447
4,64,-230.000000,70.000000,5.482459
5,64,-225.000000,70.000000,5.474294
6,64,-220.000000,70.000000,5.465897
7,64,-215.000000,70.000000,5.457291
8,64,-210.000000,70.000000,5.448685
9,64,-205.000000,70.000000,5.440079
10,64,-200.000000,70.000000,5.431217
11,64,-195.000000,70.000000,5.421869
12,64,-190.000000,70.000000,5.412463
13,64,-185.000000,70.000000,5.402998
14,64,-180.000000,70.000000,5.393532
15,64,-175.000000,70.000000,5.384067
16,64,-170.000000,70.000000,5.374856
17,64,-165.000000,70.000000,5.365715
18,64,-160.000000,70.000000,5.356644
19,64,-155.000000,70.000000,5.347578
20,64,-150.000000,70.000000,5.338512
21,64,-145.000000,70.000000,5.329368
22,64,-140.000000,70.000000,5.319944
23,64,-135.000000,70.000000,5.310480
24,64,-130.000000,70.000000,5.300945
25,64,-125.000000,70.000000,5.291409
26,64,-120.000000,70.000000,5.281874
27,64,-115.000000,70.000000,5.271387
28,64,-110.000000,70.000000,5.260393
29,64,-105.000000,70.000000,5.248929
30,64,-100.000000,70.000000,5.237345
31,64,-95.000000,70.000000,5.225761
32,64,-90.000000,70.000000,5.214046
33,64,-85.000000,70.000000,5.200973
34,64,-80.000000,70.000000,5.187721
35,64,-75.000000,70.000000,5.173884
36,64,-70.000000,70.000000,5.160047
37,64,-65.000000,70.000000,5.146211
38,64,-60.000000,70.000000,5.131996
39,64,-55.000000,70.000000,5.117438
40,64,-50.000000,70.000000,5.102571
41,64,-45.000000,70.000000,5.087553
42,64,-40.000000,70.000000,5.072534
43,64,-35.000000,70.000000,5.057515
44,64,-30.000000,70.000000,5.042061
45,64,-25.000000,70.000000,5.026550
46,64,-20.000000,70.000000,5.010720
47,64,-15.000000,70.000000,4.994890
48,64,-10.000000,70.000000,4.979060
49,64,-5.000000,70.000000,4.962802
50,64,0.000000,70.000000,4.945894
51,64,5.000000,70.000000,4.928421
52,64,10.000000,70.000000,4.910470
53,64,15.000000,70.000000,4.892520
54,64,20.000000,70.000000,4.874569
55,64,25.000000,70.000000,4.855303
56,64,30.000000,70.000000,4.835771
57,64,35.000000,70.000000,4.814408
58,64,40.000000,70.000000,4.793003
59,64,45.000000,70.000000,4.771598
60,64,50.000000,70.000000,4.749927
61,64,55.000000,70.000000,4.727530
62,64,60.000000,70.000000,4.704534
63,64,65.000000,70.000000,4.680690
64,64,70.000000,70.000000,4.656846
65,64,75.000000,70.000000,4.633002
66,64,80.000000,70.000000,4.609330
67,64,85.000000,70.000000,4.585732
68,64,90.000000,70.000000,4.562510
69,64,95.000000,70.000000,4.539355
70,64,100.000000,70.000000,4.516200
71,64,105.000000,70.000000,4.493158
72,64,110.000000,70.000000,4.470803
73,64,115.000000,70.000000,4.448970
74,64,120.000000,70.000000,4.428439
75,64,125.000000,70.000000,4.407908
76,64,130.000000,70.000000,4.387377
77,64,135.000000,70.000000,4.366942
78,64,140.000000,70.000000,4.346577
79,64,145.000000,70.000000,4.326563
80,64,150.000000,70.000000,4.306686
81,64,155.000000,70.000000,4.286808
82,64,160.000000,70.000000,4.266921
83,64,165.000000,70.000000,4.246315
84,64,170.000000,70.000000,4.225258
85,64,175.000000,70.000000,4.201801
86,64,180.000000,70.000000,4.178344
87,64,185.000000,70.000000,4.154887
88,64,190.000000,70.000000,4.131082
89,64,195.000000,70.000000,4.106849
90,64,200.000000,70.000000,4.080057
91,64,205.000000,70.000000,4.051516
92,64,210.000000,70.000000,4.022975
93,64,215.000000,70.000000,3.994434
94,64,220.000000,70.000000,3.965827
95,64,225.000000,70.000000,3.937193
96,64,230.000000,70.000000,3.907923
97,64,235.000000,70.000000,3.878653
98,64,240.000000,70.000000,3.849384
99,64,245.000000,70.000000,3.820223
100,64,250.000000,70.000000,3.791293
0,65,-250.000000,75.000000,5.533981
1,65,-245.000000,75.000000,5.527748
2,65,-240.000000,75.000000,5.521492
3,65,-235.000000,75.000000,5.515236
4,65,-230.000000,75.000000,5.508981
5,65,-225.000000,75.000000,5.500599
6,65,-220.000000,75.000000,5.491992
7,65,-215.000000,75.000000,5.483181
8,65,-210.000000,75.000000,5.474369
9,65,-205.000000,75.000000,5.465557
10,65,-200.000000,75.000000,5.456504
11,65,-195.000000,75.000000,5.446993
12,65,-190.000000,75.000000,5.437427
13,65,-185.000000,75.000000,5.427806
14,65,-180.000000,75.000000,5.418184
15,65,-175.000000,75.000000,5.408563
16,65,-170.000000,75.000000,5.399212
17,65,-165.000000,75.000000,5.389937
18,65,-160.000000,75.000000,5.380735
19,65,-155.000000,75.000000,5.371539
20,65,-150.000000,75.000000,5.362344
21,65,-145.000000,75.000000,5.353073
22,65,-140.000000,75.000000,5.343534
23,65,-135.000000,75.000000,5.333955
24,65,-130.000000,75.000000,5.324308
25,65,-125.000000,75.000000,5.314661
26,65,-120.000000,75.000000,5.305013
27,65,-115.000000,75.000000,5.294426
28,65,-110.000000,75.000000,5.283338
29,65,-105.000000,75.000000,5.271785
30,65,-100.000000,75.000000,5.260115
31,65,-95.000000,75.000000,5.248444
32,65,-90.000000,75.000000,5.236643
33,65,-85.000000,75.000000,5.223505
34,65,-80.000000,75.000000,5.210192
35,65,-75.000000,75.000000,5.196302
36,65,-70.000000,75.000000,5.182413
37,65,-65.000000,75.000000,5.168523
38,65,-60.000000,75.000000,5.154267
39,65,-55.000000,75.000000,5.139680
40,65,-50.000000,75.000000,5.124793
41,65,-45.000000,75.000000,5.109760
42,65,-40.000000,75.000000,5.094727
43,65,-35.000000,75.000000,5.079693
44,65,-30.000000,75.000000,5.064246
45,65,-25.000000,75.000000,5.048747
46,65,-20.000000,75.000000,5.032944
47,65,-15.000000,75.000000,5.017141
48,65,-10.000000,75.000000,5.001338
49,65,-5.000000,75.000000,4.985118
50,65,0.000000,75.000000,4.968262
51,65,5.000000,75.000000,4.950854
52,65,10.000000,75.000000,4.932980
53,65,15.000000,75.000000,4.915107
54,65,20.000000,75.000000,4.897233
55,65,25.000000,75.000000,4.878061
56,65,30.000000,75.000000,4.858628
57,65,35.000000,75.000000,4.837388
58,65,40.000000,75.000000,4.816108
59,65,45.000000,75.000000,4.794827
60,65,50.000000,75.000000,4.773282
61,65,55.000000,75.000000,4.751017
62,65,60.000000,75.000000,4.728157
63,65,65.000000,75.000000,4.704456
64,65,70.000000,75.000000,4.680755
65,65,75.000000,75.000000,4.657054
66,65,80.000000,75.000000,4.633516
67,65,85.000000,75.000000,4.610048
68,65,90.000000,75.000000,4.586936
69,65,95.000000,75.000000,4.563888
70,65,100.000000,75.000000,4.540840
71,65,105.000000,75.000000,4.517901
72,65,110.000000,75.000000,4.495627
73,65,115.000000,75.000000,4.473859
74,65,120.000000,75.000000,4.453352
75,65,125.000000,75.000000,4.432844
76,65,130.000000,75.000000,4.412337
77,65,135.000000,75.000000,4.391913
78,65,140.000000,75.000000,4.371550
79,65,145.000000,75.000000,4.351494
80,65,150.000000,75.000000,4.331557
81,65,155.000000,75.000000,4.311619
82,65,160.000000,75.000000,4.291672
83,65,165.000000,75.000000,4.270999
84,65,170.000000,75.000000,4.249872
85,65,175.000000,75.000000,4.226321
86,65,180.000000,75.000000,4.202769
87,65,185.000000,75.000000,4.179218
88,65,190.000000,75.000000,4.155321
89,65,195.000000,75.000000,4.130997
90,65,200.000000,75.000000,4.104127
91,65,205.000000,75.000000,4.075516
92,65,210.000000,75.000000,4.046905
93,65,215.000000,75.000000,4.018294
94,65,220.000000,75.000000,3.989622
95,65,225.000000,75.000000,3.960923
96,65,230.000000,75.000000,3.931632
97,65,235.000000,75.000000,3.902341
98,65,240.000000,75.000000,3.873049
99,65,245.000000,75.000000,3.843867
100,65,250.000000,75.000000,3.814917
0,66,-250.000000,80.000000,5.562005
1,66,-245.000000,80.000000,5.555479
2,66,-240.000000,80.000000,5.548930
3,66,-235.000000,80.000000,5.542381
4,66,-230.000000,80.000000,5.535833
5,66,-225.000000,80.000000,5.527217
6,66,-220.000000,80.000000,5.518382
7,66,-215.000000,80.000000,5.509349
8,66,-210.000000,80.000000,5.500315
9,66,-205.000000,80.000000,5.491281
10,66,-200.000000,80.000000,5.482022
11,66,-195.000000,80.000000,5.472335
12,66,-190.000000,80.000000,5.462598
13,66,-185.000000,80.000000,5.452809
14,66,-180.000000,80.000000,5.443020
15,66,-175.000000,80.000000,5.433230
16,66,-170.000000,80.000000,5.423729
17,66,-165.000000,80.000000,5.414308
18,66,-160.000000,80.000000,5.404966
19,66,-155.000000,80.000000,5.395630
20,66,-150.000000,80.000000,5.386294
21,66,-145.000000,80.000000,5.376886
22,66,-140.000000,80.000000,5.367220
23,66,-135.000000,80.000000,5.357516
24,66,-130.000000,80.000000,5.347747
25,66,-125.000000,80.000000,5.337978
26,66,-120.000000,80.000000,5.328209
27,66,-115.000000,80.000000,5.317513
28,66,-110.000000,80.000000,5.306323
29,66,-105.000000,80.000000,5.294675
30,66,-100.000000,80.000000,5.282910
31,66,-95.000000,80.000000,5.271146
32,66,-90.000000,80.000000,5.259253
33,66,-85.000000,80.000000,5.246047
34,66,-80.000000,80.000000,5.232669
35,66,-75.000000,80.000000,5.218724
36,66,-70.000000,80.000000,5.204779
37,66,-65.000000,80.000000,5.190834
38,66,-60.000000,80.000000,5.176536
39,66,-55.000000,80.000000,5.161919
40,66,-50.000000,80.000000,5.147014
41,66,-45.000000,80.000000,5.131968
42,66,-40.000000,80.000000,5.116921
43,66,-35.000000,80.000000,5.101874
44,66,-30.000000,80.000000,5.086439
45,66,-25.000000,80.000000,5.070953
46,66,-20.000000,80.000000,5.055183
47,66,-15.000000,80.000000,5.039413
48,66,-10.000000,80.000000,5.023643
49,66,-5.000000,80.000000,5.007466
50,66,0.000000,80.000000,4.990672
51,66,5.000000,80.000000,4.973340
52,66,10.000000,80.000000,4.955555
53,66,15.000000,80.000000,4.937770
54,66,20.000000,80.000000,4.919985
55,66,25.000000,80.000000,4.900923
56,66,30.000000,80.000000,4.881604
57,66,35.000000,80.000000,4.860509
58,66,40.000000,80.000000,4.839373
59,66,45.000000,80.000000,4.818238
60,66,50.000000,80.000000,4.796840
61,66,55.000000,80.000000,4.774730
62,66,60.000000,80.000000,4.752030
63,66,65.000000,80.000000,4.728498
64,66,70.000000,80.000000,4.704965
65,66,75.000000,80.000000,4.681432
66,66,80.000000,80.000000,4.658053
67,66,85.000000,80.000000,4.634739
68,66,90.000000,80.000000,4.611760
69,66,95.000000,80.000000,4.588841
70,66,100.000000,80.000000,4.565921
71,66,105.000000,80.000000,4.543107
72,66,110.000000,80.000000,4.520935
73,66,115.000000,80.000000,4.499250
74,66,120.000000,80.000000,4.478780
75,66,125.000000,80.000000,4.458310
76,66,130.000000,80.000000,4.437840
77,66,135.000000,80.000000,4.417441
78,66,140.000000,80.000000,4.397095
79,66,145.000000,80.000000,4.377010
80,66,150.000000,80.000000,4.357026
81,66,155.000000,80.000000,4.337042
82,66,160.000000,80.000000,4.317048
83,66,165.000000,80.000000,4.296324
84,66,170.000000,80.000000,4.275143
85,66,175.000000,80.000000,4.251524
86,66,180.000000,80.000000,4.227905
87,66,185.000000,80.000000,4.204286
88,66,190.000000,80.000000,4.180323
89,66,195.000000,80.000000,4.155939
90,66,200.000000,80.000000,4.129030
91,66,205.000000,80.000000,4.100395
92,66,210.000000,80.000000,4.071760
93,66,215.000000,80.000000,4.043125
94,66,220.000000,80.000000,4.014434
95,66,225.000000,80.000000,3.985719
96,66,230.000000,80.000000,3.956462
97,66,235.000000,80.000000,3.927205
98,66,240.000000,80.000000,3.897948
99,66,245.000000,80.000000,3.868800
100,66,250.000000,80.000000,3.839886
0,67,-250.000000,85.000000,5.591563
1,67,-245.000000,85.000000,5.584654
2,67,-240.000000,85.000000,5.577723
3,67,-235.000000,85.000000,5.570792
4,67,-230.000000,85.000000,5.563861
5,67,-225.000000,85.000000,5.554948
6,67,-220.000000,85.000000,5.545824
7,67,-215.000000,85.000000,5.536510
8,67,-210.000000,85.000000,5.527195
9,67,-205.000000,85.000000,5.517881
10,67,-200.000000,85.000000,5.508363
11,67,-195.000000,85.000000,5.498457
12,67,-190.000000,85.000000,5.488507
13,67,-185.000000,85.000000,5.478509
14,67,-180.000000,85.000000,5.468511
15,67,-175.000000,85.000000,5.458513
16,67,-170.000000,85.000000,5.448821
17,67,-165.000000,85.000000,5.439216
18,67,-160.000000,85.000000,5.429694
19,67,-155.000000,85.000000,5.420179
20,67,-150.000000,85.000000,5.410664
21,67,-145.000000,85.000000,5.401080
22,67,-140.000000,85.000000,5.391251
23,67,-135.000000,85.000000,5.381386
24,67,-130.000000,85.000000,5.371459
25,67,-125.000000,85.000000,5.361532
26,67,-120.000000,85.000000,5.351605
27,67,-115.000000,85.000000,5.340769
28,67,-110.000000,85.000000,5.329450
29,67,-105.000000,85.000000,5.317681
30,67,-100.000000,85.000000,5.305799
31,67,-95.000000,85.000000,5.293916
32,67,-90.000000,85.000000,5.281909
33,67,-85.000000,85.000000,5.268622
34,67,-80.000000,85.000000,5.255166
35,67,-75.000000,85.000000,5.241158
36,67,-70.000000,85.000000,5.227150
37,67,-65.000000,85.000000,5.213142
38,67,-60.000000,85.000000,5.198798
39,67,-55.000000,85.000000,5.184152
40,67,-50.000000,85.000000,5.169231
41,67,-45.000000,85.000000,5.154176
42,67,-40.000000,85.000000,5.139121
43,67,-35.000000,85.000000,5.124066
44,67,-30.000000,85.000000,5.108654
45,67,-25.000000,85.000000,5.093197
46,67,-20.000000,85.000000,5.077478
47,67,-15.000000,85.000000,5.061759
48,67,-10.000000,85.000000,5.046041
49,67,-5.000000,85.000000,5.029932
50,67,0.000000,85.000000,5.013229
51,67,5.000000,85.000000,4.996011
52,67,10.000000,85.000000,4.978358
53,67,15.000000,85.000000,4.960704
54,67,20.000000,85.000000,4.943051
55,67,25.000000,85.000000,4.924153
56,67,30.000000,85.000000,4.905007
57,67,35.000000,85.000000,4.884129
58,67,40.000000,85.000000,4.863212
59,67,45.000000,85.000000,4.842296
60,67,50.000000,85.000000,4.821121
61,67,55.000000,85.000000,4.799246
62,67,60.000000,85.000000,4.776792
63,67,65.000000,85.000000,4.753519
64,67,70.000000,85.000000,4.730246
65,67,75.000000,85.000000,4.706973
66,67,80.000000,85.000000,4.683841
67,67,85.000000,85.000000,4.660768
68,67,90.000000,85.000000,4.638001
69,67,95.000000,85.000000,4.615289
70,67,100.000000,85.000000,4.592577
71,67,105.000000,85.000000,4.569965
72,67,110.000000,85.000000,4.547964
73,67,115.000000,85.000000,4.526426
74,67,120.000000,85.000000,4.506044
75,67,125.000000,85.000000,4.485662
76,67,130.000000,85.000000,4.465281
77,67,135.000000,85.000000,4.444958
78,67,140.000000,85.000000,4.424677
79,67,145.000000,85.000000,4.404611
80,67,150.000000,85.000000,4.384627
81,67,155.000000,85.000000,4.364643
82,67,160.000000,85.000000,4.344650
83,67,165.000000,85.000000,4.323932
84,67,170.000000,85.000000,4.302760
85,67,175.000000,85.000000,4.279166
86,67,180.000000,85.000000,4.255572
87,67,185.000000,85.000000,4.231978
88,67,190.000000,85.000000,4.208048
89,67,195.000000,85.000000,4.183707
90,67,200.000000,85.000000,4.156898
91,67,205.000000,85.000000,4.128403
92,67,210.000000,85.000000,4.099908
93,67,215.000000,85.000000,4.071412
94,67,220.000000,85.000000,4.042870
95,67,225.000000,85.000000,4.014307
96,67,230.000000,85.000000,3.985285
97,67,235.000000,85.000000,3.956264
98,67,240.000000,85.000000,3.927242
99,67,245.000000,85.000000,3.898330
100,67,250.000000,85.000000,3.869650
0,68,-250.000000,90.000000,5.621411
1,68,-245.000000,90.000000,5.614101
2,68,-240.000000,90.000000,5.606771
3,68,-235.000000,90.000000,5.599442
4,68,-230.000000,90.000000,5.592112
5,68,-225.000000,90.000000,5.582888
6,68,-220.000000,90.000000,5.573465
7,68,-215.000000,90.000000,5.563858
8,68,-210.000000,90.000000,5.554252
9,68,-205.000000,90.000000,5.544646
10,68,-200.000000,90.000000,5.534859
11,68,-195.000000,90.000000,5.524727
12,68,-190.000000,90.000000,5.514554
13,68,-185.000000,90.000000,5.504340
14,68,-180.000000,90.000000,5.494125
15,68,-175.000000,90.000000,5.483910
16,68,-170.000000,90.000000,5.474022
17,68,-165.000000,90.000000,5.464225
18,68,-160.000000,90.000000,5.454516
19,68,-155.000000,90.000000,5.444814
20,68,-150.000000,90.000000,5.435113
21,68,-145.000000,90.000000,5.425347
22,68,-140.000000,90.000000,5.415347
23,68,-135.000000,90.000000,5.405314
24,68,-130.000000,90.000000,5.395222
25,68,-125.000000,90.000000,5.385130
26,68,-120.000000,90.000000,5.375038
27,68,-115.000000,90.000000,5.364057
28,68,-110.000000,90.000000,5.352604
29,68,-105.000000,90.000000,5.340710
30,68,-100.000000,90.000000,5.328705
31,68,-95.000000,90.000000,5.316700
32,68,-90.000000,90.000000,5.304574
33,68,-85.000000,90.000000,5.291203
34,68,-80.000000,90.000000,5.277667
35,68,-75.000000,90.000000,5.263594
36,68,-70.000000,90.000000,5.249521
37,68,-65.000000,90.000000,5.235449
38,68,-60.000000,90.000000,5.221059
39,68,-55.000000,90.000000,5.206382
40,68,-50.000000,90.000000,5.191447
41,68,-45.000000,90.000000,5.176385
42,68,-40.000000,90.000000,5.161322
43,68,-35.000000,90.000000,5.146260
44,68,-30.000000,90.000000,5.130874
45,68,-25.000000,90.000000,5.115447
46,68,-20.000000,90.000000,5.099784
47,68,-15.000000,90.000000,5.084120
48,68,-10.000000,90.000000,5.068456
49,68,-5.000000,90.000000,5.052419
50,68,0.000000,90.000000,5.035815
51,68,5.000000,90.000000,5.018717
52,68,10.000000,90.000000,5.001204
53,68,15.000000,90.000000,4.983690
54,68,20.000000,90.000000,4.966176
55,68,25.000000,90.000000,4.947454
56,68,30.000000,90.000000,4.928489
57,68,35.000000,90.000000,4.907843
58,68,40.000000,90.000000,4.887159
59,68,45.000000,90.000000,4.866476
60,68,50.000000,90.000000,4.845539
61,68,55.000000,90.000000,4.823915
62,68,60.000000,90.000000,4.801722
63,68,65.000000,90.000000,4.778726
64,68,70.000000,90.000000,4.755730
65,68,75.000000,90.000000,4.732734
66,68,80.000000,90.000000,4.709865
67,68,85.000000,90.000000,4.687049
68,68,90.000000,90.000000,4.664510
69,68,95.000000,90.000000,4.642020
70,68,100.000000,90.000000,4.619530
71,68,105.000000,90.000000,4.597134
72,68,110.000000,90.000000,4.575317
73,68,115.000000,90.000000,4.553939
74,68,120.000000,90.000000,4.533655
75,68,125.000000,90.000000,4.513371
76,68,130.000000,90.000000,4.493087
77,68,135.000000,90.000000,4.472848
78,68,140.000000,90.000000,4.452643
79,68,145.000000,90.000000,4.432605
80,68,150.000000,90.000000,4.412630
81,68,155.000000,90.000000,4.392656
82,68,160.000000,90.000000,4.372672
83,68,165.000000,90.000000,4.351971
84,68,170.000000,90.000000,4.330818
85,68,175.000000,90.000000,4.307267
86,68,180.000000,90.000000,4.283716
87,68,185.000000,90.000000,4.260165
88,68,190.000000,90.000000,4.236287
89,68,195.000000,90.000000,4.212008
90,68,200.000000,90.000000,4.185325
91,68,205.000000,90.000000,4.157001
92,68,210.000000,90.000000,4.128676
93,68,215.000000,90.000000,4.100352
94,68,220.000000,90.000000,4.071989
95,68,225.000000,90.000000,4.043610
96,68,230.000000,90.000000,4.014862
97,68,235.000000,90.000000,3.986113
98,68,240.000000,90.000000,3.957365
99,68,245.000000,90.000000,3.928726
100,68,250.000000,90.000000,3.900319
0,69,-250.000000,95.000000,5.651258
1,69,-245.000000,95.000000,5.643549
2,69,-240.000000,95.000000,5.635820
3,69,-235.000000,95.000000,5.628091
4,69,-230.000000,95.000000,5.620362
5,69,-225.000000,95.000000,5.610829
6,69,-220.000000,95.000000,5.601105
7,69,-215.000000,95.000000,5.591207
8,69,-210.000000,95.000000,5.581309
9,69,-205.000000,95.000000,5.571411
10,69,-200.000000,95.000000,5.561354
11,69,-195.000000,95.000000,5.550996
12,69,-190.000000,95.000000,5.540601
13,69,-185.000000,95.000000,5.530170
14,69,-180.000000,95.000000,5.519739
15,69,-175.000000,95.000000,5.509308
16,69,-170.000000,95.000000,5.499222
17,69,-165.000000,95.000000,5.489233
18,69,-160.000000,95.000000,5.479338
19,69,-155.000000,95.000000,5.469450
20,69,-150.000000,95.000000,5.459562
21,69,-145.000000,95.000000,5.449613
22,69,-140.000000,95.000000,5.439443
23,69,-135.000000,95.000000,5.429242
24,69,-130.000000,95.000000,5.418986
25,69,-125.000000,95.000000,5.408729
26,69,-120.000000,95.000000,5.398472
27,69,-115.000000,95.000000,5.387346
28,69,-110.000000,95.000000,5.375757
29,69,-105.000000,95.000000,5.363739
30,69,-100.000000,95.000000,5.351612
31,69,-95.000000,95.000000,5.339484
32,69,-90.000000,95.000000,5.327239
33,69,-85.000000,95.000000,5.313783
34,69,-80.000000,95.000000,5.300168
35,69,-75.000000,95.000000,5.286030
36,69,-70.000000,95.000000,5.271893
37,69,-65.000000,95.000000,5.257756
38,69,-60.000000,95.000000,5.243320
39,69,-55.000000,95.000000,5.228613
40,69,-50.000000,95.000000,5.213663
41,69,-45.000000,95.000000,5.198593
42,69,-40.000000,95.000000,5.183523
43,69,-35.000000,95.000000,5.168453
44,69,-30.000000,95.000000,5.153094
45,69,-25.000000,95.000000,5.137698
46,69,-20.000000,95.000000,5.122089
47,69,-15.000000,95.000000,5.106480
48,69,-10.000000,95.000000,5.090872
49,69,-5.000000,95.000000,5.074907
50,69,0.000000,95.000000,5.058401
51,69,5.000000,95.000000,5.041424
52,69,10.000000,95.000000,5.024049
53,69,15.000000,95.000000,5.006675
54,69,20.000000,95.000000,4.989301
55,69,25.000000,95.000000,4.970754
56,69,30.000000,95.000000,4.951972
57,69,35.000000,95.000000,4.931557
58,69,40.000000,95.000000,4.911106
59,69,45.000000,95.000000,4.890655
60,69,50.000000,95.000000,4.869956
61,69,55.000000,95.000000,4.848583
62,69,60.000000,95.000000,4.826652
63,69,65.000000,95.000000,4.803933
64,69,70.000000,95.000000,4.781214
65,69,75.000000,95.000000,4.758494
66,69,80.000000,95.000000,4.735888
67,69,85.000000,95.000000,4.713330
68,69,90.000000,95.000000,4.691018
69,69,95.000000,95.000000,4.668750
70,69,100.000000,95.000000,4.646482
71,69,105.000000,95.000000,4.624304
72,69,110.000000,95.000000,4.602671
73,69,115.000000,95.000000,4.581452
74,69,120.000000,95.000000,4.561265
75,69,125.000000,95.000000,4.541079
76,69,130.000000,95.000000,4.520893
77,69,135.000000,95.000000,4.500739
78,69,140.000000,95.000000,4.480609
79,69,145.000000,95.000000,4.460598
80,69,150.000000,95.000000,4.440633
81,69,155.000000,95.000000,4.420669
82,69,160.000000,95.000000,4.400695
83,69,165.000000,95.000000,4.380009
84,69,170.000000,95.000000,4.358877
85,69,175.000000,95.000000,4.335369
86,69,180.000000,95.000000,4.311860
87,69,185.000000,95.000000,4.288352
88,69,190.000000,95.000000,4.264525
89,69,195.000000,95.000000,4.240308
90,69,200.000000,95.000000,4.213753
91,69,205.000000,95.000000,4.185599
92,69,210.000000,95.000000,4.157445
93,69,215.000000,95.000000,4.129291
94,69,220.000000,95.000000,4.101109
95,69,225.000000,95.000000,4.072913
96,69,230.000000,95.000000,4.044438
97,69,235.000000,95.000000,4.015963
98,69,240.000000,95.000000,3.987488
99,69,245.000000,95.000000,3.959122
100,69,250.000000,95.000000,3.930987
0,70,-250.000000,100.000000,5.681114
1,70,-245.000000,100.000000,5.672997
2,70,-240.000000,100.000000,5.664861
3,70,-235.000000,100.000000,5.656725
4,70,-230.000000,100.000000,5.648589
5,70,-225.000000,100.000000,5.638740
6,70,-220.000000,100.000000,5.628708
7,70,-215.000000,100.000000,5.618512
8,70,-210.000000,100.000000,5.608315
9,70,-205.000000,100.000000,5.598119
10,70,-200.000000,100.000000,5.587787
11,70,-195.000000,100.000000,5.577197
12,70,-190.000000,100.000000,5.566576
13,70,-185.000000,100.000000,5.555924
14,70,-180.000000,100.000000,5.545273
15,70,-175.000000,100.000000,5.534621
16,70,-170.000000,100.000000,5.524334
17,70,-165.000000,100.000000,5.514150
18,70,-160.000000,100.000000,5.504065
19,70,-155.000000,100.000000,5.493989
20,70,-150.000000,100.000000,5.483912
21,70,-145.000000,100.000000,5.473778
22,70,-140.000000,100.000000,5.463436
23,70,-135.000000,100.000000,5.453065
24,70,-130.000000,100.000000,5.442641
25,70,-125.000000,100.000000,5.432218
26,70,-120.000000,100.000000,5.421794
27,70,-115.000000,100.000000,5.410521
28,70,-110.000000,100.000000,5.398796
29,70,-105.000000,100.000000,5.386651
30,70,-100.000000,100.000000,5.374399
31,70,-95.000000,100.000000,5.362147
32,70,-90.000000,100.000000,5.349781
33,70,-85.000000,100.000000,5.336240
34,70,-80.000000,100.000000,5.322543
35,70,-75.000000,100.000000,5.308340
36,70,-70.000000,100.000000,5.294137
37,70,-65.000000,100.000000,5.279933
38,70,-60.000000,100.000000,5.265450
39,70,-55.000000,100.000000,5.250714
40,70,-50.000000,100.000000,5.235750
41,70,-45.000000,100.000000,5.220674
42,70,-40.000000,100.000000,5.205597
43,70,-35.000000,100.000000,5.190521
44,70,-30.000000,100.000000,5.175191
45,70,-25.000000,100.000000,5.159828
46,70,-20.000000,100.000000,5.144278
47,70,-15.000000,100.000000,5.128729
48,70,-10.000000,100.000000,5.113180
49,70,-5.000000,100.000000,5.097292
50,70,0.000000,100.000000,5.080890
51,70,5.000000,100.000000,5.064040
52,70,10.000000,100.000000,5.046814
53,70,15.000000,100.000000,5.029587
54,70,20.000000,100.000000,5.012360
55,70,25.000000,100.000000,4.993997
56,70,30.000000,100.000000,4.975407
57,70,35.000000,100.000000,4.955235
58,70,40.000000,100.000000,4.935027
59,70,45.000000,100.000000,4.914819
60,70,50.000000,100.000000,4.894369
61,70,55.000000,100.000000,4.873257
62,70,60.000000,100.000000,4.851599
63,70,65.000000,100.000000,4.829168
64,70,70.000000,100.000000,4.806738
65,70,75.000000,100.000000,4.784307
66,70,80.000000,100.000000,4.761975
67,70,85.000000,100.000000,4.739685
68,70,90.000000,100.000000,4.717611
69,70,95.000000,100.000000,4.695575
70,70,100.000000,100.000000,4.673539
71,70,105.000000,100.000000,4.651586
72,70,110.000000,100.000000,4.630146
73,70,115.000000,100.000000,4.609095
74,70,120.000000,100.000000,4.589012
75,70,125.000000,100.000000,4.568930
76,70,130.000000,100.000000,4.548848
77,70,135.000000,100.000000,4.528784
78,70,140.000000,100.000000,4.508735
79,70,145.000000,100.000000,4.488757
80,70,150.000000,100.000000,4.468805
81,70,155.000000,100.000000,4.448853
82,70,160.000000,100.000000,4.428893
83,70,165.000000,100.000000,4.408227
84,70,170.000000,100.000000,4.387120
85,70,175.000000,100.000000,4.363660
86,70,180.000000,100.000000,4.340200
87,70,185.000000,100.000000,4.316739
88,70,190.000000,100.000000,4.292970
89,70,195.000000,100.000000,4.268821
90,70,200.000000,100.000000,4.242400
91,70,205.000000,100.000000,4.214426
92,70,210.000000,100.000000,4.186452
93,70,215.000000,100.000000,4.158479
94,70,220.000000,100.000000,4.130486
95,70,225.000000,100.000000,4.102484
96,70,230.000000,100.000000,4.074294
97,70,235.000000,100.000000,4.046105
98,70,240.000000,100.000000,4.017915
99,70,245.000000,100.000000,3.989834
100,70,250.000000,100.000000,3.961984
0,71,-250.000000,105.000000,5.710981
1,71,-245.000000,105.000000,5.702446
2,71,-240.000000,105.000000,5.693893
3,71,-235.000000,105.000000,5.685341
4,71,-230.000000,105.000000,5.676788
5,71,-225.000000,105.000000,5.666613
6,71,-220.000000,105.000000,5.656266
7,71,-215.000000,105.000000,5.645762
8,71,-210.000000,105.000000,5.635259
9,71,-205.000000,105.000000,5.624755
10,71,-200.000000,105.000000,5.614140
11,71,-195.000000,105.000000,5.603313
12,71,-190.000000,105.000000,5.592461
13,71,-185.000000,105.000000,5.581582
14,71,-180.000000,105.000000,5.570704
15,71,-175.000000,105.000000,5.559826
16,71,-170.000000,105.000000,5.549335
17,71,-165.000000,105.000000,5.538953
18,71,-160.000000,105.000000,5.528676
19,71,-155.000000,105.000000,5.518407
20,71,-150.000000,105.000000,5.508138
21,71,-145.000000,105.000000,5.497816
22,71,-140.000000,105.000000,5.487300
23,71,-135.000000,105.000000,5.476756
24,71,-130.000000,105.000000,5.466163
25,71,-125.000000,105.000000,5.455571
26,71,-120.000000,105.000000,5.444978
27,71,-115.000000,105.000000,5.433555
28,71,-110.000000,105.000000,5.421691
29,71,-105.000000,105.000000,5.409417
30,71,-100.000000,105.000000,5.397038
31,71,-95.000000,105.000000,5.384660
32,71,-90.000000,105.000000,5.372170
33,71,-85.000000,105.000000,5.358541
34,71,-80.000000,105.000000,5.344762
35,71,-75.000000,105.000000,5.330491
36,71,-70.000000,105.000000,5.316220
37,71,-65.000000,105.000000,5.301950
38,71,-60.000000,105.000000,5.287419
39,71,-55.000000,105.000000,5.272654
40,71,-50.000000,105.000000,5.257676
41,71,-45.000000,105.000000,5.242595
42,71,-40.000000,105.000000,5.227513
43,71,-35.000000,105.000000,5.212431
44,71,-30.000000,105.000000,5.197133
45,71,-25.000000,105.000000,5.181807
46,71,-20.000000,105.000000,5.166323
47,71,-15.000000,105.000000,5.150838
48,71,-10.000000,105.000000,5.135353
49,71,-5.000000,105.000000,5.119549
50,71,0.000000,105.000000,5.103258
51,71,5.000000,105.000000,5.086545
52,71,10.000000,105.000000,5.069476
53,71,15.000000,105.000000,5.052406
54,71,20.000000,105.000000,5.035337
55,71,25.000000,105.000000,5.017169
56,71,30.000000,105.000000,4.998781
57,71,35.000000,105.000000,4.978865
58,71,40.000000,105.000000,4.958914
59,71,45.000000,105.000000,4.938964
60,71,50.000000,105.000000,4.918775
61,71,55.000000,105.000000,4.897939
62,71,60.000000,105.000000,4.876568
63,71,65.000000,105.000000,4.854440
64,71,70.000000,105.000000,4.832312
65,71,75.000000,105.000000,4.810185
66,71,80.000000,105.000000,4.788141
67,71,85.000000,105.000000,4.766133
68,71,90.000000,105.000000,4.744308
69,71,95.000000,105.000000,4.722516
70,71,100.000000,105.000000,4.700724
71,71,105.000000,105.000000,4.679011
72,71,110.000000,105.000000,4.657774
73,71,115.000000,105.000000,4.636900
74,71,120.000000,105.000000,4.616929
75,71,125.000000,105.000000,4.596958
76,71,130.000000,105.000000,4.576988
77,71,135.000000,105.000000,4.557022
78,71,140.000000,105.000000,4.537061
79,71,145.000000,105.000000,4.517120
80,71,150.000000,105.000000,4.497186
81,71,155.000000,105.000000,4.477253
82,71,160.000000,105.000000,4.457311
83,71,165.000000,105.000000,4.436671
84,71,170.000000,105.000000,4.415594
85,71,175.000000,105.000000,4.392188
86,71,180.000000,105.000000,4.368782
87,71,185.000000,105.000000,4.345377
88,71,190.000000,105.000000,4.321671
89,71,195.000000,105.000000,4.297598
90,71,200.000000,105.000000,4.271321
91,71,205.000000,105.000000,4.243539
92,71,210.000000,105.000000,4.215757
93,71,215.000000,105.000000,4.187975
94,71,220.000000,105.000000,4.160184
95,71,225.000000,105.000000,4.132388
96,71,230.000000,105.000000,4.104499
97,71,235.000000,105.000000,4.076610
98,71,240.000000,105.000000,4.048721
99,71,245.000000,105.000000,4.020940
100,71,250.000000,105.000000,3.993390
0,72,-250.000000,110.000000,5.740883
1,72,-245.000000,110.000000,5.731898
2,72,-240.000000,110.000000,5.722896
3,72,-235.000000,110.000000,5.713894
4,72,-230.000000,110.000000,5.704891
5,72,-225.000000,110.000000,5.694362
6,72,-220.000000,110.000000,5.683670
7,72,-215.000000,110.000000,5.672832
8,72,-210.000000,110.000000,5.661993
9,72,-205.000000,110.000000,5.651155
10,72,-200.000000,110.000000,5.640231
11,72,-195.000000,110.000000,5.629147
12,72,-190.000000,110.000000,5.618044
13,72,-185.000000,110.000000,5.606922
14,72,-180.000000,110.000000,5.595799
15,72,-175.000000,110.000000,5.584676
16,72,-170.000000,110.000000,5.573968
17,72,-165.000000,110.000000,5.563375
18,72,-160.000000,110.000000,5.552896
19,72,-155.000000,110.000000,5.542425
20,72,-150.000000,110.000000,5.531954
21,72,-145.000000,110.000000,5.521434
22,72,-140.000000,110.000000,5.510735
23,72,-135.000000,110.000000,5.500010
24,72,-130.000000,110.000000,5.489240
25,72,-125.000000,110.000000,5.478471
26,72,-120.000000,110.000000,5.467701
27,72,-115.000000,110.000000,5.456121
28,72,-110.000000,110.000000,5.444110
29,72,-105.000000,110.000000,5.431698
30,72,-100.000000,110.000000,5.419185
31,72,-95.000000,110.000000,5.406671
32,72,-90.000000,110.000000,5.394050
33,72,-85.000000,110.000000,5.380327
34,72,-80.000000,110.000000,5.366459
35,72,-75.000000,110.000000,5.352116
36,72,-70.000000,110.000000,5.337773
37,72,-65.000000,110.000000,5.323430
38,72,-60.000000,110.000000,5.308850
39,72,-55.000000,110.000000,5.294055
40,72,-50.000000,110.000000,5.279068
41,72,-45.000000,110.000000,5.263985
42,72,-40.000000,110.000000,5.248902
43,72,-35.000000,110.000000,5.233819
44,72,-30.000000,110.000000,5.218564
45,72,-25.000000,110.000000,5.203288
46,72,-20.000000,110.000000,5.187885
47,72,-15.000000,110.000000,5.172483
48,72,-10.000000,110.000000,5.157081
49,72,-5.000000,110.000000,5.141380
50,72,0.000000,110.000000,5.125227
51,72,5.000000,110.000000,5.108679
52,72,10.000000,110.000000,5.091800
53,72,15.000000,110.000000,5.074920
54,72,20.000000,110.000000,5.058040
55,72,25.000000,110.000000,5.040105
56,72,30.000000,110.000000,5.021958
57,72,35.000000,110.000000,5.002341
58,72,40.000000,110.000000,4.982692
59,72,45.000000,110.000000,4.963042
60,72,50.000000,110.000000,4.943160
61,72,55.000000,110.000000,4.922645
62,72,60.000000,110.000000,4.901608
63,72,65.000000,110.000000,4.879832
64,72,70.000000,110.000000,4.858055
65,72,75.000000,110.000000,4.836278
66,72,80.000000,110.000000,4.814569
67,72,85.000000,110.000000,4.792889
68,72,90.000000,110.000000,4.771355
69,72,95.000000,110.000000,4.749848
70,72,100.000000,110.000000,4.728340
71,72,105.000000,110.000000,4.706905
72,72,110.000000,110.000000,4.685908
73,72,115.000000,110.000000,4.665244
74,72,120.000000,110.000000,4.645411
75,72,125.000000,110.000000,4.625577
76,72,130.000000,110.000000,4.605744
77,72,135.000000,110.000000,4.585901
78,72,140.000000,110.000000,4.566051
79,72,145.000000,110.000000,4.546165
80,72,150.000000,110.000000,4.526266
81,72,155.000000,110.000000,4.506366
82,72,160.000000,110.000000,4.486458
83,72,165.000000,110.000000,4.465861
84,72,170.000000,110.000000,4.444833
85,72,175.000000,110.000000,4.421503
86,72,180.000000,110.000000,4.398174
87,72,185.000000,110.000000,4.374845
88,72,190.000000,110.000000,4.351226
89,72,195.000000,110.000000,4.327253
90,72,200.000000,110.000000,4.301154
91,72,205.000000,110.000000,4.273603
92,72,210.000000,110.000000,4.246051
93,72,215.000000,110.000000,4.218500
94,72,220.000000,110.000000,4.190949
95,72,225.000000,110.000000,4.163400
96,72,230.000000,110.000000,4.135862
97,72,235.000000,110.000000,4.108324
98,72,240.000000,110.000000,4.080786
99,72,245.000000,110.000000,4.053356
100,72,250.000000,110.000000,4.026155
0,73,-250.000000,115.000000,5.770797
1,73,-245.000000,115.000000,5.761351
2,73,-240.000000,115.000000,5.751888
3,73,-235.000000,115.000000,5.742425
4,73,-230.000000,115.000000,5.732962
5,73,-225.000000,115.000000,5.722069
6,73,-220.000000,115.000000,5.711023
7,73,-215.000000,115.000000,5.699840
8,73,-210.000000,115.000000,5.688657
9,73,-205.000000,115.000000,5.677473
10,73,-200.000000,115.000000,5.666234
11,73,-195.000000,115.000000,5.654886
12,73,-190.000000,115.000000,5.643526
13,73,-185.000000,115.000000,5.632153
14,73,-180.000000,115.000000,5.620779
15,73,-175.000000,115.000000,5.609406
16,73,-170.000000,115.000000,5.598476
17,73,-165.000000,115.000000,5.587669
18,73,-160.000000,115.000000,5.576983
19,73,-155.000000,115.000000,5.566307
20,73,-150.000000,115.000000,5.555630
21,73,-145.000000,115.000000,5.544909
22,73,-140.000000,115.000000,5.534024
23,73,-135.000000,115.000000,5.523116
24,73,-130.000000,115.000000,5.512166
25,73,-125.000000,115.000000,5.501217
26,73,-120.000000,115.000000,5.490267
27,73,-115.000000,115.000000,5.478527
28,73,-110.000000,115.000000,5.466366
29,73,-105.000000,115.000000,5.453814
30,73,-100.000000,115.000000,5.441163
31,73,-95.000000,115.000000,5.428512
32,73,-90.000000,115.000000,5.415758
33,73,-85.000000,115.000000,5.401939
34,73,-80.000000,115.000000,5.387980
35,73,-75.000000,115.000000,5.373563
36,73,-70.000000,115.000000,5.359146
37,73,-65.000000,115.000000,5.344728
38,73,-60.000000,115.000000,5.330098
39,73,-55.000000,115.000000,5.315275
40,73,-50.000000,115.000000,5.300277
41,73,-45.000000,115.000000,5.285195
42,73,-40.000000,115.000000,5.270112
43,73,-35.000000,115.000000,5.255029
44,73,-30.000000,115.000000,5.239822
45,73,-25.000000,115.000000,5.224599
46,73,-20.000000,115.000000,5.209285
47,73,-15.000000,115.000000,5.193971
48,73,-10.000000,115.000000,5.178657
49,73,-5.000000,115.000000,5.163067
50,73,0.000000,115.000000,5.147059
51,73,5.000000,115.000000,5.130687
52,73,10.000000,115.000000,5.114008
53,73,15.000000,115.000000,5.097329
54,73,20.000000,115.000000,5.080650
55,73,25.000000,115.000000,5.062960
56,73,30.000000,115.000000,5.045066
57,73,35.000000,115.000000,5.025765
58,73,40.000000,115.000000,5.006431
59,73,45.000000,115.000000,4.987098
60,73,50.000000,115.000000,4.967538
61,73,55.000000,115.000000,4.947360
62,73,60.000000,115.000000,4.926673
63,73,65.000000,115.000000,4.905264
64,73,70.000000,115.000000,4.883855
65,73,75.000000,115.000000,4.862446
66,73,80.000000,115.000000,4.841087
67,73,85.000000,115.000000,4.819749
68,73,90.000000,115.000000,4.798521
69,73,95.000000,115.000000,4.777312
70,73,100.000000,115.000000,4.756102
71,73,105.000000,115.000000,4.734959
72,73,110.000000,115.000000,4.714214
73,73,115.000000,115.000000,4.693772
74,73,120.000000,115.000000,4.674084
75,73,125.000000,115.000000,4.654397
76,73,130.000000,115.000000,4.634709
77,73,135.000000,115.000000,4.614996
78,73,140.000000,115.000000,4.595265
79,73,145.000000,115.000000,4.575441
80,73,150.000000,115.000000,4.555582
81,73,155.000000,115.000000,4.535722
82,73,160.000000,115.000000,4.515854
83,73,165.000000,115.000000,4.495306
84,73,170.000000,115.000000,4.474331
85,73,175.000000,115.000000,4.451086
86,73,180.000000,115.000000,4.427840
87,73,185.000000,115.000000,4.404595
88,73,190.000000,115.000000,4.381071
89,73,195.000000,115.000000,4.357206
90,73,200.000000,115.000000,4.331296
91,73,205.000000,115.000000,4.303988
92,73,210.000000,115.000000,4.276681
93,73,215.000000,115.000000,4.249373
94,73,220.000000,115.000000,4.222078
95,73,225.000000,115.000000,4.194788
96,73,230.000000,115.000000,4.167618
97,73,235.000000,115.000000,4.140448
98,73,240.000000,115.000000,4.113279
99,73,245.000000,115.000000,4.086217
100,73,250.000000,115.000000,4.059383
0,74,-250.000000,120.000000,5.800711
1,74,-245.000000,120.000000,5.790803
2,74,-240.000000,120.000000,5.780880
3,74,-235.000000,120.000000,5.770957
4,74,-230.000000,120.000000,5.761033
5,74,-225.000000,120.000000,5.749775
6,74,-220.000000,120.000000,5.738376
7,74,-215.000000,120.000000,5.726848
8,74,-210.000000,120.000000,5.715320
9,74,-205.000000,120.000000,5.703792
10,74,-200.000000,120.000000,5.692236
11,74,-195.000000,120.000000,5.680625
12,74,-190.000000,120.000000,5.669008
13,74,-185.000000,120.000000,5.657384
14,74,-180.000000,120.000000,5.645760
15,74,-175.000000,120.000000,5.634136
16,74,-170.000000,120.000000,5.622983
17,74,-165.000000,120.000000,5.611963
18,74,-160.000000,120.000000,5.601071
19,74,-155.000000,120.000000,5.590189
20,74,-150.000000,120.000000,5.579307
21,74,-145.000000,120.000000,5.568384
22,74,-140.000000,120.000000,5.557313
23,74,-135.000000,120.000000,5.546222
24,74,-130.000000,120.000000,5.535092
25,74,-125.000000,120.000000,5.523963
26,74,-120.000000,120.000000,5.512834
27,74,-115.000000,120.000000,5.500934
28,74,-110.000000,120.000000,5.488623
29,74,-105.000000,120.000000,5.475931
30,74,-100.000000,120.000000,5.463142
31,74,-95.000000,120.000000,5.450354
32,74,-90.000000,120.000000,5.437465
33,74,-85.000000,120.000000,5.423551
34,74,-80.000000,120.000000,5.409502
35,74,-75.000000,120.000000,5.395010
36,74,-70.000000,120.000000,5.380518
37,74,-65.000000,120.000000,5.366027
38,74,-60.000000,120.000000,5.351346
39,74,-55.000000,120.000000,5.336494
40,74,-50.000000,120.000000,5.321487
41,74,-45.000000,120.000000,5.306405
42,74,-40.000000,120.000000,5.291322
43,74,-35.000000,120.000000,5.276239
44,74,-30.000000,120.000000,5.261080
45,74,-25.000000,120.000000,5.245910
46,74,-20.000000,120.000000,5.230684
47,74,-15.000000,120.000000,5.215459
48,74,-10.000000,120.000000,5.200233
49,74,-5.000000,120.000000,5.184754
50,74,0.000000,120.000000,5.168892
51,74,5.000000,120.000000,5.152695
52,74,10.000000,120.000000,5.136217
53,74,15.000000,120.000000,5.119739
54,74,20.000000,120.000000,5.103261
55,74,25.000000,120.000000,5.085815
56,74,30.000000,120.000000,5.068175
57,74,35.000000,120.000000,5.049188
58,74,40.000000,120.000000,5.030171
59,74,45.000000,120.000000,5.011154
60,74,50.000000,120.000000,4.991916
61,74,55.000000,120.000000,4.972075
62,74,60.000000,120.000000,4.951738
63,74,65.000000,120.000000,4.930696
64,74,70.000000,120.000000,4.909654
65,74,75.000000,120.000000,4.888613
66,74,80.000000,120.000000,4.867604
67,74,85.000000,120.000000,4.846609
68,74,90.000000,120.000000,4.825686
69,74,95.000000,120.000000,4.804775
70,74,100.000000,120.000000,4.783865
71,74,105.000000,120.000000,4.763013
72,74,110.000000,120.000000,4.742520
73,74,115.000000,120.000000,4.722299
74,74,120.000000,120.000000,4.702757
75,74,125.000000,120.000000,4.683216
76,74,130.000000,120.000000,4.663674
77,74,135.000000,120.000000,4.644092
78,74,140.000000,120.000000,4.624480
79,74,145.000000,120.000000,4.604718
80,74,150.000000,120.000000,4.584898
81,74,155.000000,120.000000,4.565078
82,74,160.000000,120.000000,4.545249
83,74,165.000000,120.000000,4.524750
84,74,170.000000,120.000000,4.503830
85,74,175.000000,120.000000,4.480668
86,74,180.000000,120.000000,4.457506
87,74,185.000000,120.000000,4.434345
88,74,190.000000,120.000000,4.410916
89,74,195.000000,120.000000,4.387159
90,74,200.000000,120.000000,4.361438
91,74,205.000000,120.000000,4.334374
92,74,210.000000,120.000000,4.307310
93,74,215.000000,120.000000,4.280246
94,74,220.000000,120.000000,4.253206
95,74,225.000000,120.000000,4.226175
96,74,230.000000,120.000000,4.199374
97,74,235.000000,120.000000,4.172573
98,74,240.000000,120.000000,4.145771
99,74,245.000000,120.000000,4.119077
100,74,250.000000,120.000000,4.092610
0,75,-250.000000,125.000000,5.830382
1,75,-245.000000,125.000000,5.820016
2,75,-240.000000,125.000000,5.809634
3,75,-235.000000,125.000000,5.799253
4,75,-230.000000,125.000000,5.788871
5,75,-225.000000,125.000000,5.777249
6,75,-220.000000,125.000000,5.765495
7,75,-215.000000,125.000000,5.753622
8,75,-210.000000,125.000000,5.741749
9,75,-205.000000,125.000000,5.729876
10,75,-200.000000,125.000000,5.718002
11,75,-195.000000,125.000000,5.706128
12,75,-190.000000,125.000000,5.694253
13,75,-185.000000,125.000000,5.682378
14,75,-180.000000,125.000000,5.670504
15,75,-175.000000,125.000000,5.658629
16,75,-170.000000,125.000000,5.647256
17,75,-165.000000,125.000000,5.636023
18,75,-160.000000,125.000000,5.624926
19,75,-155.000000,125.000000,5.613841
20,75,-150.000000,125.000000,5.602755
21,75,-145.000000,125.000000,5.591633
22,75,-140.000000,125.000000,5.580379
23,75,-135.000000,125.000000,5.569106
24,75,-130.000000,125.000000,5.557800
25,75,-125.000000,125.000000,5.546493
26,75,-120.000000,125.000000,5.535187
27,75,-115.000000,125.000000,5.523128
28,75,-110.000000,125.000000,5.510669
29,75,-105.000000,125.000000,5.497837
30,75,-100.000000,125.000000,5.484911
31,75,-95.000000,125.000000,5.471985
32,75,-90.000000,125.000000,5.458963
33,75,-85.000000,125.000000,5.444952
34,75,-80.000000,125.000000,5.430811
35,75,-75.000000,125.000000,5.416244
36,75,-70.000000,125.000000,5.401677
37,75,-65.000000,125.000000,5.387110
38,75,-60.000000,125.000000,5.372377
39,75,-55.000000,125.000000,5.357495
40,75,-50.000000,125.000000,5.342478
41,75,-45.000000,125.000000,5.327395
42,75,-40.000000,125.000000,5.312311
43,75,-35.000000,125.000000,5.297228
44,75,-30.000000,125.000000,5.282116
45,75,-25.000000,125.000000,5.267000
46,75,-20.000000,125.000000,5.251864
47,75,-15.000000,125.000000,5.236728
48,75,-10.000000,125.000000,5.221591
49,75,-5.000000,125.000000,5.206225
50,75,0.000000,125.000000,5.190510
51,75,5.000000,125.000000,5.174490
52,75,10.000000,125.000000,5.158215
53,75,15.000000,125.000000,5.141939
54,75,20.000000,125.000000,5.125663
55,75,25.000000,125.000000,5.108463
56,75,30.000000,125.000000,5.091078
57,75,35.000000,125.000000,5.072406
58,75,40.000000,125.000000,5.053705
59,75,45.000000,125.000000,5.035004
60,75,50.000000,125.000000,5.016087
61,75,55.000000,125.000000,4.996582
62,75,60.000000,125.000000,4.976593
63,75,65.000000,125.000000,4.955916
64,75,70.000000,125.000000,4.935240
65,75,75.000000,125.000000,4.914563
66,75,80.000000,125.000000,4.893903
67,75,85.000000,125.000000,4.873248
68,75,90.000000,125.000000,4.852627
69,75,95.000000,125.000000,4.832013
70,75,100.000000,125.000000,4.811398
71,75,105.000000,125.000000,4.790836
72,75,110.000000,125.000000,4.770593
73,75,115.000000,125.000000,4.750592
74,75,120.000000,125.000000,4.731195
75,75,125.000000,125.000000,4.711799
76,75,130.000000,125.000000,4.692402
77,75,135.000000,125.000000,4.672949
78,75,140.000000,125.000000,4.653455
79,75,145.000000,125.000000,4.633753
80,75,150.000000,125.000000,4.613971
81,75,155.000000,125.000000,4.594189
82,75,160.000000,125.000000,4.574399
83,75,165.000000,125.000000,4.553945
84,75,170.000000,125.000000,4.533076
85,75,175.000000,125.000000,4.509992
86,75,180.000000,125.000000,4.486907
87,75,185.000000,125.000000,4.463823
88,75,190.000000,125.000000,4.440482
89,75,195.000000,125.000000,4.416826
90,75,200.000000,125.000000,4.391282
91,75,205.000000,125.000000,4.364449
92,75,210.000000,125.000000,4.337615
93,75,215.000000,125.000000,4.310781
94,75,220.000000,125.000000,4.283982
95,75,225.000000,125.000000,4.257197
96,75,230.000000,125.000000,4.230747
97,75,235.000000,125.000000,4.204297
98,75,240.000000,125.000000,4.177846
99,75,245.000000,125.000000,4.151503
100,75,250.000000,125.000000,4.125386
0,76,-250.000000,130.000000,5.859602
1,76,-245.000000,130.000000,5.848781
2,76,-240.000000,130.000000,5.837946
3,76,-235.000000,130.000000,5.827111
4,76,-230.000000,130.000000,5.816276
5,76,-225.000000,130.000000,5.804290
6,76,-220.000000,130.000000,5.792181
7,76,-215.000000,130.000000,5.779962
8,76,-210.000000,130.000000,5.767742
9,76,-205.000000,130.000000,5.755522
10,76,-200.000000,130.000000,5.743331
11,76,-195.000000,130.000000,5.731192
12,76,-190.000000,130.000000,5.719060
13,76,-185.000000,130.000000,5.706934
14,76,-180.000000,130.000000,5.694809
15,76,-175.000000,130.000000,5.682683
16,76,-170.000000,130.000000,5.671091
17,76,-165.000000,130.000000,5.659649
18,76,-160.000000,130.000000,5.648352
19,76,-155.000000,130.000000,5.637066
20,76,-150.000000,130.000000,5.625781
21,76,-145.000000,130.000000,5.614463
22,76,-140.000000,130.000000,5.603030
23,76,-135.000000,130.000000,5.591580
24,76,-130.000000,130.000000,5.580101
25,76,-125.000000,130.000000,5.568622
26,76,-120.000000,130.000000,5.557143
27,76,-115.000000,130.000000,5.544928
28,76,-110.000000,130.000000,5.532322
29,76,-105.000000,130.000000,5.519352
30,76,-100.000000,130.000000,5.506289
31,76,-95.000000,130.000000,5.493227
32,76,-90.000000,130.000000,5.480072
33,76,-85.000000,130.000000,5.465963
34,76,-80.000000,130.000000,5.451729
35,76,-75.000000,130.000000,5.437083
36,76,-70.000000,130.000000,5.422438
37,76,-65.000000,130.000000,5.407792
38,76,-60.000000,130.000000,5.393006
39,76,-55.000000,130.000000,5.378091
40,76,-50.000000,130.000000,5.363062
41,76,-45.000000,130.000000,5.347977
42,76,-40.000000,130.000000,5.332891
43,76,-35.000000,130.000000,5.317805
44,76,-30.000000,130.000000,5.302741
45,76,-25.000000,130.000000,5.287681
46,76,-20.000000,130.000000,5.272636
47,76,-15.000000,130.000000,5.257591
48,76,-10.000000,130.000000,5.242546
49,76,-5.000000,130.000000,5.227295
50,76,0.000000,130.000000,5.211729
51,76,5.000000,130.000000,5.195890
52,76,10.000000,130.000000,5.179819
53,76,15.000000,130.000000,5.163749
54,76,20.000000,130.000000,5.147679
55,76,25.000000,130.000000,5.130727
56,76,30.000000,130.000000,5.113598
57,76,35.000000,130.000000,5.095240
58,76,40.000000,130.000000,5.076855
59,76,45.000000,130.000000,5.058469
60,76,50.000000,130.000000,5.039873
61,76,55.000000,130.000000,5.020703
62,76,60.000000,130.000000,5.001058
63,76,65.000000,130.000000,4.980743
64,76,70.000000,130.000000,4.960427
65,76,75.000000,130.000000,4.940112
66,76,80.000000,130.000000,4.919794
67,76,85.000000,130.000000,4.899476
68,76,90.000000,130.000000,4.879153
69,76,95.000000,130.000000,4.858830
70,76,100.000000,130.000000,4.838507
71,76,105.000000,130.000000,4.818230
72,76,110.000000,130.000000,4.798233
73,76,115.000000,130.000000,4.778449
74,76,120.000000,130.000000,4.759196
75,76,125.000000,130.000000,4.739943
76,76,130.000000,130.000000,4.720690
77,76,135.000000,130.000000,4.701364
78,76,140.000000,130.000000,4.681985
79,76,145.000000,130.000000,4.662341
80,76,150.000000,130.000000,4.642594
81,76,155.000000,130.000000,4.622847
82,76,160.000000,130.000000,4.603092
83,76,165.000000,130.000000,4.582680
84,76,170.000000,130.000000,4.561855
85,76,175.000000,130.000000,4.538836
86,76,180.000000,130.000000,4.515817
87,76,185.000000,130.000000,4.492797
88,76,190.000000,130.000000,4.469531
89,76,195.000000,130.000000,4.445961
90,76,200.000000,130.000000,4.420575
91,76,205.000000,130.000000,4.393946
92,76,210.000000,130.000000,4.367317
93,76,215.000000,130.000000,4.340689
94,76,220.000000,130.000000,4.314105
95,76,225.000000,130.000000,4.287540
96,76,230.000000,130.000000,4.261409
97,76,235.000000,130.000000,4.235278
98,76,240.000000,130.000000,4.209147
99,76,245.000000,130.000000,4.183122
100,76,250.000000,130.000000,4.157323
0,77,-250.000000,135.000000,5.887367
1,77,-245.000000,135.000000,5.876108
2,77,-240.000000,135.000000,5.864834
3,77,-235.000000,135.000000,5.853561
4,77,-230.000000,135.000000,5.842287
5,77,-225.000000,135.000000,5.829936
6,77,-220.000000,135.000000,5.817470
7,77,-215.000000,135.000000,5.804900
8,77,-210.000000,135.000000,5.792331
9,77,-205.000000,135.000000,5.779761
10,77,-200.000000,135.000000,5.767249
11,77,-195.000000,135.000000,5.754845
12,77,-190.000000,135.000000,5.742454
13,77,-185.000000,135.000000,5.730076
14,77,-180.000000,135.000000,5.717698
15,77,-175.000000,135.000000,5.705320
16,77,-170.000000,135.000000,5.693517
17,77,-165.000000,135.000000,5.681875
18,77,-160.000000,135.000000,5.670389
19,77,-155.000000,135.000000,5.658916
20,77,-150.000000,135.000000,5.647443
21,77,-145.000000,135.000000,5.635943
22,77,-140.000000,135.000000,5.624344
23,77,-135.000000,135.000000,5.612732
24,77,-130.000000,135.000000,5.601094
25,77,-125.000000,135.000000,5.589457
26,77,-120.000000,135.000000,5.577820
27,77,-115.000000,135.000000,5.565458
28,77,-110.000000,135.000000,5.552711
29,77,-105.000000,135.000000,5.539605
30,77,-100.000000,135.000000,5.526409
31,77,-95.000000,135.000000,5.513213
32,77,-90.000000,135.000000,5.499926
33,77,-85.000000,135.000000,5.485715
34,77,-80.000000,135.000000,5.471381
35,77,-75.000000,135.000000,5.456649
36,77,-70.000000,135.000000,5.441916
37,77,-65.000000,135.000000,5.427184
38,77,-60.000000,135.000000,5.412336
39,77,-55.000000,135.000000,5.397383
40,77,-50.000000,135.000000,5.382336
41,77,-45.000000,135.000000,5.367243
42,77,-40.000000,135.000000,5.352150
43,77,-35.000000,135.000000,5.337057
44,77,-30.000000,135.000000,5.322043
45,77,-25.000000,135.000000,5.307039
46,77,-20.000000,135.000000,5.292092
47,77,-15.000000,135.000000,5.277146
48,77,-10.000000,135.000000,5.262200
49,77,-5.000000,135.000000,5.247071
50,77,0.000000,135.000000,5.231663
51,77,5.000000,135.000000,5.216013
52,77,10.000000,135.000000,5.200159
53,77,15.000000,135.000000,5.184305
54,77,20.000000,135.000000,5.168451
55,77,25.000000,135.000000,5.151752
56,77,30.000000,135.000000,5.134884
57,77,35.000000,135.000000,5.116839
58,77,40.000000,135.000000,5.098769
59,77,45.000000,135.000000,5.080698
60,77,50.000000,135.000000,5.062420
61,77,55.000000,135.000000,5.043578
62,77,60.000000,135.000000,5.024269
63,77,65.000000,135.000000,5.004300
64,77,70.000000,135.000000,4.984331
65,77,75.000000,135.000000,4.964362
66,77,80.000000,135.000000,4.944374
67,77,85.000000,135.000000,4.924378
68,77,90.000000,135.000000,4.904340
69,77,95.000000,135.000000,4.884294
70,77,100.000000,135.000000,4.864249
71,77,105.000000,135.000000,4.844243
72,77,110.000000,135.000000,4.824481
73,77,115.000000,135.000000,4.804904
74,77,120.000000,135.000000,4.785788
75,77,125.000000,135.000000,4.766673
76,77,130.000000,135.000000,4.747557
77,77,135.000000,135.000000,4.728352
78,77,140.000000,135.000000,4.709083
79,77,145.000000,135.000000,4.689487
80,77,150.000000,135.000000,4.669765
81,77,155.000000,135.000000,4.650044
82,77,160.000000,135.000000,4.630313
83,77,165.000000,135.000000,4.609926
84,77,170.000000,135.000000,4.589127
85,77,175.000000,135.000000,4.566134
86,77,180.000000,135.000000,4.543140
87,77,185.000000,135.000000,4.520146
88,77,190.000000,135.000000,4.496912
89,77,195.000000,135.000000,4.473383
90,77,200.000000,135.000000,4.448087
91,77,205.000000,135.000000,4.421582
92,77,210.000000,135.000000,4.395078
93,77,215.000000,135.000000,4.368573
94,77,220.000000,135.000000,4.342122
95,77,225.000000,135.000000,4.315693
96,77,230.000000,135.000000,4.289778
97,77,235.000000,135.000000,4.263863
98,77,240.000000,135.000000,4.237948
99,77,245.000000,135.000000,4.212139
100,77,250.000000,135.000000,4.186556
0,78,-250.000000,140.000000,5.914355
1,78,-245.000000,140.000000,5.902665
2,78,-240.000000,140.000000,5.890961
3,78,-235.000000,140.000000,5.879257
4,78,-230.000000,140.000000,5.867553
5,78,-225.000000,140.000000,5.854837
6,78,-220.000000,140.000000,5.842013
7,78,-215.000000,140.000000,5.829091
8,78,-210.000000,140.000000,5.816170
9,78,-205.000000,140.000000,5.803248
10,78,-200.000000,140.000000,5.790413
11,78,-195.000000,140.000000,5.777743
12,78,-190.000000,140.000000,5.765093
13,78,-185.000000,140.000000,5.752462
14,78,-180.000000,140.000000,5.739832
15,78,-175.000000,140.000000,5.727201
16,78,-170.000000,140.000000,5.715190
17,78,-165.000000,140.000000,5.703354
18,78,-160.000000,140.000000,5.691686
19,78,-155.000000,140.000000,5.680031
20,78,-150.000000,140.000000,5.668377
21,78,-145.000000,140.000000,5.656700
22,78,-140.000000,140.000000,5.644944
23,78,-135.000000,140.000000,5.633177
24,78,-130.000000,140.000000,5.621389
25,78,-125.000000,140.000000,5.609601
26,78,-120.000000,140.000000,5.597814
27,78,-115.000000,140.000000,5.585310
28,78,-110.000000,140.000000,5.572425
29,78,-105.000000,140.000000,5.559186
30,78,-100.000000,140.000000,5.545857
31,78,-95.000000,140.000000,5.532528
32,78,-90.000000,140.000000,5.519111
33,78,-85.000000,140.000000,5.504794
34,78,-80.000000,140.000000,5.490358
35,78,-75.000000,140.000000,5.475534
36,78,-70.000000,140.000000,5.460710
37,78,-65.000000,140.000000,5.445886
38,78,-60.000000,140.000000,5.430973
39,78,-55.000000,140.000000,5.415978
40,78,-50.000000,140.000000,5.400911
41,78,-45.000000,140.000000,5.385807
42,78,-40.000000,140.000000,5.370704
43,78,-35.000000,140.000000,5.355601
44,78,-30.000000,140.000000,5.340637
45,78,-25.000000,140.000000,5.325690
46,78,-20.000000,140.000000,5.310846
47,78,-15.000000,140.000000,5.296002
48,78,-10.000000,140.000000,5.281158
49,78,-5.000000,140.000000,5.266155
50,78,0.000000,140.000000,5.250910
51,78,5.000000,140.000000,5.235455
52,78,10.000000,140.000000,5.219822
53,78,15.000000,140.000000,5.204190
54,78,20.000000,140.000000,5.188557
55,78,25.000000,140.000000,5.172115
56,78,30.000000,140.000000,5.155511
57,78,35.000000,140.000000,5.137779
58,78,40.000000,140.000000,5.120023
59,78,45.000000,140.000000,5.102267
60,78,50.000000,140.000000,5.084306
61,78,55.000000,140.000000,5.065787
62,78,60.000000,140.000000,5.046809
63,78,65.000000,140.000000,5.027179
64,78,70.000000,140.000000,5.007550
65,78,75.000000,140.000000,4.987920
66,78,80.000000,140.000000,4.968254
67,78,85.000000,140.000000,4.948573
68,78,90.000000,140.000000,4.928811
69,78,95.000000,140.000000,4.909035
70,78,100.000000,140.000000,4.889260
71,78,105.000000,140.000000,4.869518
72,78,110.000000,140.000000,4.849985
73,78,115.000000,140.000000,4.830609
74,78,120.000000,140.000000,4.811628
75,78,125.000000,140.000000,4.792647
76,78,130.000000,140.000000,4.773666
77,78,135.000000,140.000000,4.754579
78,78,140.000000,140.000000,4.735415
79,78,145.000000,140.000000,4.715862
80,78,150.000000,140.000000,4.696161
81,78,155.000000,140.000000,4.676459
82,78,160.000000,140.000000,4.656749
83,78,165.000000,140.000000,4.636379
84,78,170.000000,140.000000,4.615595
85,78,175.000000,140.000000,4.592606
86,78,180.000000,140.000000,4.569616
87,78,185.000000,140.000000,4.546627
88,78,190.000000,140.000000,4.523403
89,78,195.000000,140.000000,4.499890
90,78,200.000000,140.000000,4.474648
91,78,205.000000,140.000000,4.448225
92,78,210.000000,140.000000,4.421801
93,78,215.000000,140.000000,4.395377
94,78,220.000000,140.000000,4.369014
95,78,225.000000,140.000000,4.342677
96,78,230.000000,140.000000,4.316923
97,78,235.000000,140.000000,4.291169
98,78,240.000000,140.000000,4.265415
99,78,245.000000,140.000000,4.239768
100,78,250.000000,140.000000,4.214346
0,79,-250.000000,145.000000,5.941343
1,79,-245.000000,145.000000,5.929222
2,79,-240.000000,145.000000,5.917088
3,79,-235.000000,145.000000,5.904954
4,79,-230.000000,145.000000,5.892820
5,79,-225.000000,145.000000,5.879738
6,79,-220.000000,145.000000,5.866556
7,79,-215.000000,145.000000,5.853282
8,79,-210.000000,145.000000,5.840009
9,79,-205.000000,145.000000,5.826735
10,79,-200.000000,145.000000,5.813578
11,79,-195.000000,145.000000,5.800642
12,79,-190.000000,145.000000,5.787732
13,79,-185.000000,145.000000,5.774848
14,79,-180.000000,145.000000,5.761965
15,79,-175.000000,145.000000,5.749082
16,79,-170.000000,145.000000,5.736864
17,79,-165.000000,145.000000,5.724833
18,79,-160.000000,145.000000,5.712982
19,79,-155.000000,145.000000,5.701146
20,79,-150.000000,145.000000,5.689311
21,79,-145.000000,145.000000,5.677458
22,79,-140.000000,145.000000,5.665544
23,79,-135.000000,145.000000,5.653622
24,79,-130.000000,145.000000,5.641684
25,79,-125.000000,145.000000,5.629746
26,79,-120.000000,145.000000,5.617808
27,79,-115.000000,145.000000,5.605162
28,79,-110.000000,145.000000,5.592139
29,79,-105.000000,145.000000,5.578766
30,79,-100.000000,145.000000,5.565305
31,79,-95.000000,145.000000,5.551843
32,79,-90.000000,145.000000,5.538296
33,79,-85.000000,145.000000,5.523873
34,79,-80.000000,145.000000,5.509335
35,79,-75.000000,145.000000,5.494420
36,79,-70.000000,145.000000,5.479504
37,79,-65.000000,145.000000,5.464588
38,79,-60.000000,145.000000,5.449609
39,79,-55.000000,145.000000,5.434573
40,79,-50.000000,145.000000,5.419485
41,79,-45.000000,145.000000,5.404371
42,79,-40.000000,145.000000,5.389258
43,79,-35.000000,145.000000,5.374144
44,79,-30.000000,145.000000,5.359231
45,79,-25.000000,145.000000,5.344342
46,79,-20.000000,145.000000,5.329601
47,79,-15.000000,145.000000,5.314859
48,79,-10.000000,145.000000,5.300117
49,79,-5.000000,145.000000,5.285240
50,79,0.000000,145.000000,5.270158
51,79,5.000000,145.000000,5.254897
52,79,10.000000,145.000000,5.239486
53,79,15.000000,145.000000,5.224075
54,79,20.000000,145.000000,5.208663
55,79,25.000000,145.000000,5.192478
56,79,30.000000,145.000000,5.176138
57,79,35.000000,145.000000,5.158720
58,79,40.000000,145.000000,5.141277
59,79,45.000000,145.000000,5.123835
60,79,50.000000,145.000000,5.106191
61,79,55.000000,145.000000,5.087997
62,79,60.000000,145.000000,5.069349
63,79,65.000000,145.000000,5.050059
64,79,70.000000,145.000000,5.030769
65,79,75.000000,145.000000,5.011478
66,79,80.000000,145.000000,4.992134
67,79,85.000000,145.000000,4.972767
68,79,90.000000,145.000000,4.953282
69,79,95.000000,145.000000,4.933776
70,79,100.000000,145.000000,4.914270
71,79,105.000000,145.000000,4.894793
72,79,110.000000,145.000000,4.875488
73,79,115.000000,145.000000,4.856314
74,79,120.000000,145.000000,4.837468
75,79,125.000000,145.000000,4.818621
76,79,130.000000,145.000000,4.799774
77,79,135.000000,145.000000,4.780805
78,79,140.000000,145.000000,4.761746
79,79,145.000000,145.000000,4.742238
80,79,150.000000,145.000000,4.722556
81,79,155.000000,145.000000,4.702875
82,79,160.000000,145.000000,4.683185
83,79,165.000000,145.000000,4.662831
84,79,170.000000,145.000000,4.642062
85,79,175.000000,145.000000,4.619077
86,79,180.000000,145.000000,4.596093
87,79,185.000000,145.000000,4.573108
88,79,190.000000,145.000000,4.549894
89,79,195.000000,145.000000,4.526397
90,79,200.000000,145.000000,4.501210
91,79,205.000000,145.000000,4.474867
92,79,210.000000,145.000000,4.448524
93,79,215.000000,145.000000,4.422182
94,79,220.000000,145.000000,4.395906
95,79,225.000000,145.000000,4.369660
96,79,230.000000,145.000000,4.344068
97,79,235.000000,145.000000,4.318475
98,79,240.000000,145.000000,4.292882
99,79,245.000000,145.000000,4.267396
100,79,250.000000,145.000000,4.242136
0,80,-250.000000,150.000000,5.968197
1,80,-245.000000,150.000000,5.955648
2,80,-240.000000,150.000000,5.943086
3,80,-235.000000,150.000000,5.930524
4,80,-230.000000,150.000000,5.917961
5,80,-225.000000,150.000000,5.904515
6,80,-220.000000,150.000000,5.890976
7,80,-215.000000,150.000000,5.877351
8,80,-210.000000,150.000000,5.863726
9,80,-205.000000,150.000000,5.850101
10,80,-200.000000,150.000000,5.836621
11,80,-195.000000,150.000000,5.823419
12,80,-190.000000,150.000000,5.810250
13,80,-185.000000,150.000000,5.797114
14,80,-180.000000,150.000000,5.783978
15,80,-175.000000,150.000000,5.770843
16,80,-170.000000,150.000000,5.758418
17,80,-165.000000,150.000000,5.746193
18,80,-160.000000,150.000000,5.734161
19,80,-155.000000,150.000000,5.722145
20,80,-150.000000,150.000000,5.710128
21,80,-145.000000,150.000000,5.698100
22,80,-140.000000,150.000000,5.686030
23,80,-135.000000,150.000000,5.673953
24,80,-130.000000,150.000000,5.661866
25,80,-125.000000,150.000000,5.649779
26,80,-120.000000,150.000000,5.637691
27,80,-115.000000,150.000000,5.624904
28,80,-110.000000,150.000000,5.611744
29,80,-105.000000,150.000000,5.598237
30,80,-100.000000,150.000000,5.584643
31,80,-95.000000,150.000000,5.571048
32,80,-90.000000,150.000000,5.557371
33,80,-85.000000,150.000000,5.542842
34,80,-80.000000,150.000000,5.528201
35,80,-75.000000,150.000000,5.513193
36,80,-70.000000,150.000000,5.498184
37,80,-65.000000,150.000000,5.483176
38,80,-60.000000,150.000000,5.468130
39,80,-55.000000,150.000000,5.453051
40,80,-50.000000,150.000000,5.437941
41,80,-45.000000,150.000000,5.422816
42,80,-40.000000,150.000000,5.407691
43,80,-35.000000,150.000000,5.392566
44,80,-30.000000,150.000000,5.377701
45,80,-25.000000,150.000000,5.362869
46,80,-20.000000,150.000000,5.348229
47,80,-15.000000,150.000000,5.333588
48,80,-10.000000,150.000000,5.318948
49,80,-5.000000,150.000000,5.304196
50,80,0.000000,150.000000,5.289275
51,80,5.000000,150.000000,5.274208
52,80,10.000000,150.000000,5.259016
53,80,15.000000,150.000000,5.243825
54,80,20.000000,150.000000,5.228633
55,80,25.000000,150.000000,5.212703
56,80,30.000000,150.000000,5.196623
57,80,35.000000,150.000000,5.179515
58,80,40.000000,150.000000,5.162383
59,80,45.000000,150.000000,5.145252
60,80,50.000000,150.000000,5.127921
61,80,55.000000,150.000000,5.110047
62,80,60.000000,150.000000,5.091726
63,80,65.000000,150.000000,5.072770
64,80,70.000000,150.000000,5.053814
65,80,75.000000,150.000000,5.034858
66,80,80.000000,150.000000,5.015831
67,80,85.000000,150.000000,4.996773
68,80,90.000000,150.000000,4.977561
69,80,95.000000,150.000000,4.958320
70,80,100.000000,150.000000,4.939080
71,80,105.000000,150.000000,4.919863
72,80,110.000000,150.000000,4.900783
73,80,115.000000,150.000000,4.881808
74,80,120.000000,150.000000,4.863093
75,80,125.000000,150.000000,4.844379
76,80,130.000000,150.000000,4.825665
77,80,135.000000,150.000000,4.806812
78,80,140.000000,150.000000,4.787856
79,80,145.000000,150.000000,4.768390
80,80,150.000000,150.000000,4.748727
81,80,155.000000,150.000000,4.729064
82,80,160.000000,150.000000,4.709393
83,80,165.000000,150.000000,4.689055
84,80,170.000000,150.000000,4.668298
85,80,175.000000,150.000000,4.645314
86,80,180.000000,150.000000,4.622330
87,80,185.000000,150.000000,4.599346
88,80,190.000000,150.000000,4.576137
89,80,195.000000,150.000000,4.552651
90,80,200.000000,150.000000,4.527511
91,80,205.000000,150.000000,4.501241
92,80,210.000000,150.000000,4.474970
93,80,215.000000,150.000000,4.448699
94,80,220.000000,150.000000,4.422503
95,80,225.000000,150.000000,4.396339
96,80,230.000000,150.000000,4.370895
97,80,235.000000,150.000000,4.345451
98,80,240.000000,150.000000,4.320008
99,80,245.000000,150.000000,4.294671
100,80,250.000000,150.000000,4.269560
0,81,-250.000000,155.000000,5.994659
1,81,-245.000000,155.000000,5.981689
2,81,-240.000000,155.000000,5.968706
3,81,-235.000000,155.000000,5.955724
4,81,-230.000000,155.000000,5.942741
5,81,-225.000000,155.000000,5.928933
6,81,-220.000000,155.000000,5.915037
7,81,-215.000000,155.000000,5.901062
8,81,-210.000000,155.000000,5.887087
9,81,-205.000000,155.000000,5.873112
10,81,-200.000000,155.000000,5.859313
11,81,-195.000000,155.000000,5.845845
12,81,-190.000000,155.000000,5.832417
13,81,-185.000000,155.000000,5.819029
14,81,-180.000000,155.000000,5.805641
15,81,-175.000000,155.000000,5.792254
16,81,-170.000000,155.000000,5.779624
17,81,-165.000000,155.000000,5.767207
18,81,-160.000000,155.000000,5.754996
19,81,-155.000000,155.000000,5.742802
20,81,-150.000000,155.000000,5.730608
21,81,-145.000000,155.000000,5.718407
22,81,-140.000000,155.000000,5.706183
23,81,-135.000000,155.000000,5.693955
24,81,-130.000000,155.000000,5.681721
25,81,-125.000000,155.000000,5.669488
26,81,-120.000000,155.000000,5.657254
27,81,-115.000000,155.000000,5.644326
28,81,-110.000000,155.000000,5.631029
29,81,-105.000000,155.000000,5.617389
30,81,-100.000000,155.000000,5.603662
31,81,-95.000000,155.000000,5.589935
32,81,-90.000000,155.000000,5.576127
33,81,-85.000000,155.000000,5.561489
34,81,-80.000000,155.000000,5.546742
35,81,-75.000000,155.000000,5.531638
36,81,-70.000000,155.000000,5.516533
37,81,-65.000000,155.000000,5.501429
38,81,-60.000000,155.000000,5.486313
39,81,-55.000000,155.000000,5.471187
40,81,-50.000000,155.000000,5.456051
41,81,-45.000000,155.000000,5.440910
42,81,-40.000000,155.000000,5.425770
43,81,-35.000000,155.000000,5.410630
44,81,-30.000000,155.000000,5.395811
45,81,-25.000000,155.000000,5.381033
46,81,-20.000000,155.000000,5.366491
47,81,-15.000000,155.000000,5.351948
48,81,-10.000000,155.000000,5.337406
49,81,-5.000000,155.000000,5.322776
50,81,0.000000,155.000000,5.308013
51,81,5.000000,155.000000,5.293135
52,81,10.000000,155.000000,5.278158
53,81,15.000000,155.000000,5.263182
54,81,20.000000,155.000000,5.248206
55,81,25.000000,155.000000,5.232522
56,81,30.000000,155.000000,5.216697
57,81,35.000000,155.000000,5.199888
58,81,40.000000,155.000000,5.183057
59,81,45.000000,155.000000,5.166226
60,81,50.000000,155.000000,5.149198
61,81,55.000000,155.000000,5.131633
62,81,60.000000,155.000000,5.113624
63,81,65.000000,155.000000,5.094988
64,81,70.000000,155.000000,5.076352
65,81,75.000000,155.000000,5.057716
66,81,80.000000,155.000000,5.038992
67,81,85.000000,155.000000,5.020231
68,81,90.000000,155.000000,5.001278
69,81,95.000000,155.000000,4.982291
70,81,100.000000,155.000000,4.963304
71,81,105.000000,155.000000,4.944334
72,81,110.000000,155.000000,4.925469
73,81,115.000000,155.000000,4.906683
74,81,120.000000,155.000000,4.888095
75,81,125.000000,155.000000,4.869507
76,81,130.000000,155.000000,4.850919
77,81,135.000000,155.000000,4.832176
78,81,140.000000,155.000000,4.813319
79,81,145.000000,155.000000,4.793891
80,81,150.000000,155.000000,4.774243
81,81,155.000000,155.000000,4.754596
82,81,160.000000,155.000000,4.734939
83,81,165.000000,155.000000,4.714611
84,81,170.000000,155.000000,4.693861
85,81,175.000000,155.000000,4.670865
86,81,180.000000,155.000000,4.647870
87,81,185.000000,155.000000,4.624875
88,81,190.000000,155.000000,4.601658
89,81,195.000000,155.000000,4.578170
90,81,200.000000,155.000000,4.553056
91,81,205.000000,155.000000,4.526831
92,81,210.000000,155.000000,4.500606
93,81,215.000000,155.000000,4.474381
94,81,220.000000,155.000000,4.448236
95,81,225.000000,155.000000,4.422127
96,81,230.000000,155.000000,4.396797
97,81,235.000000,155.000000,4.371467
98,81,240.000000,155.000000,4.346137
99,81,245.000000,155.000000,4.320914
100,81,250.000000,155.000000,4.295918
0,82,-250.000000,160.000000,6.019844
1,82,-245.000000,160.000000,6.006477
2,82,-240.000000,160.000000,5.993096
3,82,-235.000000,160.000000,5.979716
4,82,-230.000000,160.000000,5.966336
5,82,-225.000000,160.000000,5.952174
6,82,-220.000000,160.000000,5.937929
7,82,-215.000000,160.000000,5.923609
8,82,-210.000000,160.000000,5.909289
9,82,-205.000000,160.000000,5.894969
10,82,-200.000000,160.000000,5.880852
11,82,-195.000000,160.000000,5.867122
12,82,-190.000000,160.000000,5.853436
13,82,-185.000000,160.000000,5.839798
14,82,-180.000000,160.000000,5.826160
15,82,-175.000000,160.000000,5.812522
16,82,-170.000000,160.000000,5.799693
17,82,-165.000000,160.000000,5.787092
18,82,-160.000000,160.000000,5.774711
19,82,-155.000000,160.000000,5.762347
20,82,-150.000000,160.000000,5.749983
21,82,-145.000000,160.000000,5.737618
22,82,-140.000000,160.000000,5.725249
23,82,-135.000000,160.000000,5.712880
24,82,-130.000000,160.000000,5.700509
25,82,-125.000000,160.000000,5.688138
26,82,-120.000000,160.000000,5.675767
27,82,-115.000000,160.000000,5.662705
28,82,-110.000000,160.000000,5.649273
29,82,-105.000000,160.000000,5.635499
30,82,-100.000000,160.000000,5.621639
31,82,-95.000000,160.000000,5.607778
32,82,-90.000000,160.000000,5.593839
33,82,-85.000000,160.000000,5.579085
34,82,-80.000000,160.000000,5.564224
35,82,-75.000000,160.000000,5.549013
36,82,-70.000000,160.000000,5.533801
37,82,-65.000000,160.000000,5.518589
38,82,-60.000000,160.000000,5.503391
39,82,-55.000000,160.000000,5.488206
40,82,-50.000000,160.000000,5.473032
41,82,-45.000000,160.000000,5.457864
42,82,-40.000000,160.000000,5.442696
43,82,-35.000000,160.000000,5.427528
44,82,-30.000000,160.000000,5.412744
45,82,-25.000000,160.000000,5.398009
46,82,-20.000000,160.000000,5.383556
47,82,-15.000000,160.000000,5.369102
48,82,-10.000000,160.000000,5.354649
49,82,-5.000000,160.000000,5.340131
50,82,0.000000,160.000000,5.325513
51,82,5.000000,160.000000,5.310809
52,82,10.000000,160.000000,5.296032
53,82,15.000000,160.000000,5.281255
54,82,20.000000,160.000000,5.266479
55,82,25.000000,160.000000,5.251021
56,82,30.000000,160.000000,5.235426
57,82,35.000000,160.000000,5.218884
58,82,40.000000,160.000000,5.202320
59,82,45.000000,160.000000,5.185756
60,82,50.000000,160.000000,5.168996
61,82,55.000000,160.000000,5.151700
62,82,60.000000,160.000000,5.133962
63,82,65.000000,160.000000,5.115599
64,82,70.000000,160.000000,5.097236
65,82,75.000000,160.000000,5.078872
66,82,80.000000,160.000000,5.060406
67,82,85.000000,160.000000,5.041896
68,82,90.000000,160.000000,5.023161
69,82,95.000000,160.000000,5.004387
70,82,100.000000,160.000000,4.985613
71,82,105.000000,160.000000,4.966851
72,82,110.000000,160.000000,4.948166
73,82,115.000000,160.000000,4.929540
74,82,120.000000,160.000000,4.911059
75,82,125.000000,160.000000,4.892578
76,82,130.000000,160.000000,4.874097
77,82,135.000000,160.000000,4.855446
78,82,140.000000,160.000000,4.836669
79,82,145.000000,160.000000,4.817266
80,82,150.000000,160.000000,4.797622
81,82,155.000000,160.000000,4.777977
82,82,160.000000,160.000000,4.758324
83,82,165.000000,160.000000,4.737988
84,82,170.000000,160.000000,4.717224
85,82,175.000000,160.000000,4.694178
86,82,180.000000,160.000000,4.671133
87,82,185.000000,160.000000,4.648088
88,82,190.000000,160.000000,4.624823
89,82,195.000000,160.000000,4.601286
90,82,200.000000,160.000000,4.576129
91,82,205.000000,160.000000,4.549864
92,82,210.000000,160.000000,4.523599
93,82,215.000000,160.000000,4.497334
94,82,220.000000,160.000000,4.471153
95,82,225.000000,160.000000,4.445008
96,82,230.000000,160.000000,4.419677
97,82,235.000000,160.000000,4.394346
98,82,240.000000,160.000000,4.369015
99,82,245.000000,160.000000,4.343792
100,82,250.000000,160.000000,4.318795
0,83,-250.000000,165.000000,6.044012
1,83,-245.000000,165.000000,6.030267
2,83,-240.000000,165.000000,6.016508
3,83,-235.000000,165.000000,6.002749
4,83,-230.000000,165.000000,5.988990
5,83,-225.000000,165.000000,5.974480
6,83,-220.000000,165.000000,5.959891
7,83,-215.000000,165.000000,5.945230
8,83,-210.000000,165.000000,5.930569
9,83,-205.000000,165.000000,5.915908
10,83,-200.000000,165.000000,5.901477
11,83,-195.000000,165.000000,5.887485
12,83,-190.000000,165.000000,5.873544
13,83,-185.000000,165.000000,5.859657
14,83,-180.000000,165.000000,5.845769
15,83,-175.000000,165.000000,5.831882
16,83,-170.000000,165.000000,5.818859
17,83,-165.000000,165.000000,5.806079
18,83,-160.000000,165.000000,5.793533
19,83,-155.000000,165.000000,5.781007
20,83,-150.000000,165.000000,5.768480
21,83,-145.000000,165.000000,5.755958
22,83,-140.000000,165.000000,5.743452
23,83,-135.000000,165.000000,5.730948
24,83,-130.000000,165.000000,5.718447
25,83,-125.000000,165.000000,5.705947
26,83,-120.000000,165.000000,5.693447
27,83,-115.000000,165.000000,5.680253
28,83,-110.000000,165.000000,5.666689
29,83,-105.000000,165.000000,5.652782
30,83,-100.000000,165.000000,5.638788
31,83,-95.000000,165.000000,5.624794
32,83,-90.000000,165.000000,5.610721
33,83,-85.000000,165.000000,5.595846
34,83,-80.000000,165.000000,5.580864
35,83,-75.000000,165.000000,5.565536
36,83,-70.000000,165.000000,5.550208
37,83,-65.000000,165.000000,5.534881
38,83,-60.000000,165.000000,5.519592
39,83,-55.000000,165.000000,5.504338
40,83,-50.000000,165.000000,5.489117
41,83,-45.000000,165.000000,5.473911
42,83,-40.000000,165.000000,5.458705
43,83,-35.000000,165.000000,5.443499
44,83,-30.000000,165.000000,5.428741
45,83,-25.000000,165.000000,5.414041
46,83,-20.000000,165.000000,5.399669
47,83,-15.000000,165.000000,5.385297
48,83,-10.000000,165.000000,5.370926
49,83,-5.000000,165.000000,5.356510
50,83,0.000000,165.000000,5.342028
51,83,5.000000,165.000000,5.327487
52,83,10.000000,165.000000,5.312898
53,83,15.000000,165.000000,5.298309
54,83,20.000000,165.000000,5.283719
55,83,25.000000,165.000000,5.268469
56,83,30.000000,165.000000,5.253087
57,83,35.000000,165.000000,5.236784
58,83,40.000000,165.000000,5.220461
59,83,45.000000,165.000000,5.204138
60,83,50.000000,165.000000,5.187618
61,83,55.000000,165.000000,5.170561
62,83,60.000000,165.000000,5.153060
63,83,65.000000,165.000000,5.134932
64,83,70.000000,165.000000,5.116804
65,83,75.000000,165.000000,5.098676
66,83,80.000000,165.000000,5.080431
67,83,85.000000,165.000000,5.062137
68,83,90.000000,165.000000,5.043588
69,83,95.000000,165.000000,5.024994
70,83,100.000000,165.000000,5.006400
71,83,105.000000,165.000000,4.987814
72,83,110.000000,165.000000,4.969283
73,83,115.000000,165.000000,4.950792
74,83,120.000000,165.000000,4.932403
75,83,125.000000,165.000000,4.914014
76,83,130.000000,165.000000,4.895625
77,83,135.000000,165.000000,4.877050
78,83,140.000000,165.000000,4.858341
79,83,145.000000,165.000000,4.838951
80,83,150.000000,165.000000,4.819301
81,83,155.000000,165.000000,4.799650
82,83,160.000000,165.000000,4.779990
83,83,165.000000,165.000000,4.759633
84,83,170.000000,165.000000,4.738838
85,83,175.000000,165.000000,4.715712
86,83,180.000000,165.000000,4.692587
87,83,185.000000,165.000000,4.669461
88,83,190.000000,165.000000,4.646114
89,83,195.000000,165.000000,4.622493
90,83,200.000000,165.000000,4.597237
91,83,205.000000,165.000000,4.570864
92,83,210.000000,165.000000,4.544491
93,83,215.000000,165.000000,4.518118
94,83,220.000000,165.000000,4.491830
95,83,225.000000,165.000000,4.465579
96,83,230.000000,165.000000,4.440156
97,83,235.000000,165.000000,4.414732
98,83,240.000000,165.000000,4.389309
99,83,245.000000,165.000000,4.363993
100,83,250.000000,165.000000,4.338906
0,84,-250.000000,170.000000,6.068180
1,84,-245.000000,170.000000,6.054057
2,84,-240.000000,170.000000,6.039919
3,84,-235.000000,170.000000,6.025781
4,84,-230.000000,170.000000,6.011644
5,84,-225.000000,170.000000,5.996787
6,84,-220.000000,170.000000,5.981854
7,84,-215.000000,170.000000,5.966851
8,84,-210.000000,170.000000,5.951849
9,84,-205.000000,170.000000,5.936846
10,84,-200.000000,170.000000,5.922102
11,84,-195.000000,170.000000,5.907848
12,84,-190.000000,170.000000,5.893652
13,84,-185.000000,170.000000,5.879515
14,84,-180.000000,170.000000,5.865378
15,84,-175.000000,170.000000,5.851242
16,84,-170.000000,170.000000,5.838025
17,84,-165.000000,170.000000,5.825065
18,84,-160.000000,170.000000,5.812356
19,84,-155.000000,170.000000,5.799667
20,84,-150.000000,170.000000,5.786977
21,84,-145.000000,170.000000,5.774298
22,84,-140.000000,170.000000,5.761654
23,84,-135.000000,170.000000,5.749016
24,84,-130.000000,170.000000,5.736386
25,84,-125.000000,170.000000,5.723757
26,84,-120.000000,170.000000,5.711127
27,84,-115.000000,170.000000,5.697801
28,84,-110.000000,170.000000,5.684105
29,84,-105.000000,170.000000,5.670064
30,84,-100.000000,170.000000,5.655937
31,84,-95.000000,170.000000,5.641809
32,84,-90.000000,170.000000,5.627604
33,84,-85.000000,170.000000,5.612606
34,84,-80.000000,170.000000,5.597504
35,84,-75.000000,170.000000,5.582060
36,84,-70.000000,170.000000,5.566616
37,84,-65.000000,170.000000,5.551172
38,84,-60.000000,170.000000,5.535792
39,84,-55.000000,170.000000,5.520471
40,84,-50.000000,170.000000,5.505201
41,84,-45.000000,170.000000,5.489958
42,84,-40.000000,170.000000,5.474714
43,84,-35.000000,170.000000,5.459470
44,84,-30.000000,170.000000,5.444739
45,84,-25.000000,170.000000,5.430073
46,84,-20.000000,170.000000,5.415783
47,84,-15.000000,170.000000,5.401493
48,84,-10.000000,170.000000,5.387202
49,84,-5.000000,170.000000,5.372889
50,84,0.000000,170.000000,5.358542
51,84,5.000000,170.000000,5.344166
52,84,10.000000,170.000000,5.329764
53,84,15.000000,170.000000,5.315362
54,84,20.000000,170.000000,5.300960
55,84,25.000000,170.000000,5.285918
56,84,30.000000,170.000000,5.270747
57,84,35.000000,170.000000,5.254685
58,84,40.000000,170.000000,5.238603
59,84,45.000000,170.000000,5.222521
60,84,50.000000,170.000000,5.206241
61,84,55.000000,170.000000,5.189422
62,84,60.000000,170.000000,5.172158
63,84,65.000000,170.000000,5.154265
64,84,70.000000,170.000000,5.136372
65,84,75.000000,170.000000,5.118479
66,84,80.000000,170.000000,5.100456
67,84,85.000000,170.000000,5.082377
68,84,90.000000,170.000000,5.064014
69,84,95.000000,170.000000,5.045600
70,84,100.000000,170.000000,5.027187
71,84,105.000000,170.000000,5.008778
72,84,110.000000,170.000000,4.990400
73,84,115.000000,170.000000,4.972045
74,84,120.000000,170.000000,4.953747
75,84,125.000000,170.000000,4.935449
76,84,130.000000,170.000000,4.917152
77,84,135.000000,170.000000,4.898655
78,84,140.000000,170.000000,4.880012
79,84,145.000000,170.000000,4.860636
80,84,150.000000,170.000000,4.840979
81,84,155.000000,170.000000,4.821322
82,84,160.000000,170.000000,4.801656
83,84,165.000000,170.000000,4.781278
84,84,170.000000,170.000000,4.760452
85,84,175.000000,170.000000,4.737246
86,84,180.000000,170.000000,4.714040
87,84,185.000000,170.000000,4.690835
88,84,190.000000,170.000000,4.667405
89,84,195.000000,170.000000,4.643699
90,84,200.000000,170.000000,4.618345
91,84,205.000000,170.000000,4.591864
92,84,210.000000,170.000000,4.565382
93,84,215.000000,170.000000,4.538901
94,84,220.000000,170.000000,4.512507
95,84,225.000000,170.000000,4.486150
96,84,230.000000,170.000000,4.460634
97,84,235.000000,170.000000,4.435118
98,84,240.000000,170.000000,4.409602
99,84,245.000000,170.000000,4.384195
100,84,250.000000,170.000000,4.359017
0,85,-250.000000,175.000000,6.092361
1,85,-245.000000,175.000000,6.077859
2,85,-240.000000,175.000000,6.063343
3,85,-235.000000,175.000000,6.048827
4,85,-230.000000,175.000000,6.034311
5,85,-225.000000,175.000000,6.019106
6,85,-220.000000,175.000000,6.003829
7,85,-215.000000,175.000000,5.988485
8,85,-210.000000,175.000000,5.973142
9,85,-205.000000,175.000000,5.957798
10,85,-200.000000,175.000000,5.942740
11,85,-195.000000,175.000000,5.928224
12,85,-190.000000,175.000000,5.913772
13,85,-185.000000,175.000000,5.899386
14,85,-180.000000,175.000000,5.885000
15,85,-175.000000,175.000000,5.870614
16,85,-170.000000,175.000000,5.857202
17,85,-165.000000,175.000000,5.844063
18,85,-160.000000,175.000000,5.831189
19,85,-155.000000,175.000000,5.818336
20,85,-150.000000,175.000000,5.805483
21,85,-145.000000,175.000000,5.792646
22,85,-140.000000,175.000000,5.779864
23,85,-135.000000,175.000000,5.767090
24,85,-130.000000,175.000000,5.754330
25,85,-125.000000,175.000000,5.741571
26,85,-120.000000,175.000000,5.728811
27,85,-115.000000,175.000000,5.715353
28,85,-110.000000,175.000000,5.701524
29,85,-105.000000,175.000000,5.687349
30,85,-100.000000,175.000000,5.673087
31,85,-95.000000,175.000000,5.658825
32,85,-90.000000,175.000000,5.644487
33,85,-85.000000,175.000000,5.629366
34,85,-80.000000,175.000000,5.614143
35,85,-75.000000,175.000000,5.598583
36,85,-70.000000,175.000000,5.583022
37,85,-65.000000,175.000000,5.567462
38,85,-60.000000,175.000000,5.551990
39,85,-55.000000,175.000000,5.536600
40,85,-50.000000,175.000000,5.521282
41,85,-45.000000,175.000000,5.506000
42,85,-40.000000,175.000000,5.490718
43,85,-35.000000,175.000000,5.475435
44,85,-30.000000,175.000000,5.460729
45,85,-25.000000,175.000000,5.446097
46,85,-20.000000,175.000000,5.431887
47,85,-15.000000,175.000000,5.417677
48,85,-10.000000,175.000000,5.403467
49,85,-5.000000,175.000000,5.389256
50,85,0.000000,175.000000,5.375042
51,85,5.000000,175.000000,5.360827
52,85,10.000000,175.000000,5.346611
53,85,15.000000,175.000000,5.332395
54,85,20.000000,175.000000,5.318178
55,85,25.000000,175.000000,5.303342
56,85,30.000000,175.000000,5.288381
57,85,35.000000,175.000000,5.272557
58,85,40.000000,175.000000,5.256713
59,85,45.000000,175.000000,5.240870
60,85,50.000000,175.000000,5.224828
61,85,55.000000,175.000000,5.208245
62,85,60.000000,175.000000,5.191216
63,85,65.000000,175.000000,5.173556
64,85,70.000000,175.000000,5.155896
65,85,75.000000,175.000000,5.138236
66,85,80.000000,175.000000,5.120432
67,85,85.000000,175.000000,5.102567
68,85,90.000000,175.000000,5.084387
69,85,95.000000,175.000000,5.066152
70,85,100.000000,175.000000,5.047917
71,85,105.000000,175.000000,5.029683
72,85,110.000000,175.000000,5.011457
73,85,115.000000,175.000000,4.993236
74,85,120.000000,175.000000,4.975030
75,85,125.000000,175.000000,4.956823
76,85,130.000000,175.000000,4.938616
77,85,135.000000,175.000000,4.920196
78,85,140.000000,175.000000,4.901619
79,85,145.000000,175.000000,4.882258
80,85,150.000000,175.000000,4.862594
81,85,155.000000,175.000000,4.842931
82,85,160.000000,175.000000,4.823259
83,85,165.000000,175.000000,4.802859
84,85,170.000000,175.000000,4.782003
85,85,175.000000,175.000000,4.758718
86,85,180.000000,175.000000,4.735432
87,85,185.000000,175.000000,4.712147
88,85,190.000000,175.000000,4.688635
89,85,195.000000,175.000000,4.664845
90,85,200.000000,175.000000,4.639393
91,85,205.000000,175.000000,4.612803
92,85,210.000000,175.000000,4.586214
93,85,215.000000,175.000000,4.559625
94,85,220.000000,175.000000,4.533124
95,85,225.000000,175.000000,4.506661
96,85,230.000000,175.000000,4.481052
97,85,235.000000,175.000000,4.455443
98,85,240.000000,175.000000,4.429834
99,85,245.000000,175.000000,4.404334
100,85,250.000000,175.000000,4.379065
0,86,-250.000000,180.000000,6.116608
1,86,-245.000000,180.000000,6.101728
2,86,-240.000000,180.000000,6.086834
3,86,-235.000000,180.000000,6.071940
4,86,-230.000000,180.000000,6.057046
5,86,-225.000000,180.000000,6.041494
6,86,-220.000000,180.000000,6.025873
7,86,-215.000000,180.000000,6.010189
8,86,-210.000000,180.000000,5.994504
9,86,-205.000000,180.000000,5.978820
10,86,-200.000000,180.000000,5.963447
11,86,-195.000000,180.000000,5.948668
12,86,-190.000000,180.000000,5.933959
13,86,-185.000000,180.000000,5.919322
14,86,-180.000000,180.000000,5.904685
15,86,-175.000000,180.000000,5.890048
16,86,-170.000000,180.000000,5.876438
17,86,-165.000000,180.000000,5.863116
18,86,-160.000000,180.000000,5.850074
19,86,-155.000000,180.000000,5.837054
20,86,-150.000000,180.000000,5.824035
21,86,-145.000000,180.000000,5.811036
22,86,-140.000000,180.000000,5.798112
23,86,-135.000000,180.000000,5.785199
24,86,-130.000000,180.000000,5.772305
25,86,-125.000000,180.000000,5.759411
26,86,-120.000000,180.000000,5.746517
27,86,-115.000000,180.000000,5.732923
28,86,-110.000000,180.000000,5.718957
29,86,-105.000000,180.000000,5.704645
30,86,-100.000000,180.000000,5.690246
31,86,-95.000000,180.000000,5.675846
32,86,-90.000000,180.000000,5.661372
33,86,-85.000000,180.000000,5.646126
34,86,-80.000000,180.000000,5.630779
35,86,-75.000000,180.000000,5.615099
36,86,-70.000000,180.000000,5.599419
37,86,-65.000000,180.000000,5.583740
38,86,-60.000000,180.000000,5.568174
39,86,-55.000000,180.000000,5.552711
40,86,-50.000000,180.000000,5.537341
41,86,-45.000000,180.000000,5.522017
42,86,-40.000000,180.000000,5.506692
43,86,-35.000000,180.000000,5.491368
44,86,-30.000000,180.000000,5.476682
45,86,-25.000000,180.000000,5.462078
46,86,-20.000000,180.000000,5.447942
47,86,-15.000000,180.000000,5.433806
48,86,-10.000000,180.000000,5.419670
49,86,-5.000000,180.000000,5.405553
50,86,0.000000,180.000000,5.391465
51,86,5.000000,180.000000,5.377403
52,86,10.000000,180.000000,5.363363
53,86,15.000000,180.000000,5.349323
54,86,20.000000,180.000000,5.335282
55,86,25.000000,180.000000,5.320641
56,86,30.000000,180.000000,5.305879
57,86,35.000000,180.000000,5.290281
58,86,40.000000,180.000000,5.274664
59,86,45.000000,180.000000,5.259047
60,86,50.000000,180.000000,5.243231
61,86,55.000000,180.000000,5.226872
62,86,60.000000,180.000000,5.210066
63,86,65.000000,180.000000,5.192627
64,86,70.000000,180.000000,5.175187
65,86,75.000000,180.000000,5.157748
66,86,80.000000,180.000000,5.140151
67,86,85.000000,180.000000,5.122489
68,86,90.000000,180.000000,5.104483
69,86,95.000000,180.000000,5.086418
70,86,100.000000,180.000000,5.068352
71,86,105.000000,180.000000,5.050284
72,86,110.000000,180.000000,5.032202
73,86,115.000000,180.000000,5.014109
74,86,120.000000,180.000000,4.995990
75,86,125.000000,180.000000,4.977870
76,86,130.000000,180.000000,4.959750
77,86,135.000000,180.000000,4.941404
78,86,140.000000,180.000000,4.922890
79,86,145.000000,180.000000,4.903544
80,86,150.000000,180.000000,4.883876
81,86,155.000000,180.000000,4.864208
82,86,160.000000,180.000000,4.844530
83,86,165.000000,180.000000,4.824111
84,86,170.000000,180.000000,4.803226
85,86,175.000000,180.000000,4.779864
86,86,180.000000,180.000000,4.756501
87,86,185.000000,180.000000,4.733138
88,86,190.000000,180.000000,4.709547
89,86,195.000000,180.000000,4.685676
90,86,200.000000,180.000000,4.660126
91,86,205.000000,180.000000,4.633429
92,86,210.000000,180.000000,4.606732
93,86,215.000000,180.000000,4.580034
94,86,220.000000,180.000000,4.553427
95,86,225.000000,180.000000,4.526857
96,86,230.000000,180.000000,4.501152
97,86,235.000000,180.000000,4.475447
98,86,240.000000,180.000000,4.449743
99,86,245.000000,180.000000,4.424147
100,86,250.000000,180.000000,4.398784
0,87,-250.000000,185.000000,6.141085
1,87,-245.000000,185.000000,6.125830
2,87,-240.000000,185.000000,6.110560
3,87,-235.000000,185.000000,6.095290
4,87,-230.000000,185.000000,6.080020
5,87,-225.000000,185.000000,6.064123
6,87,-220.000000,185.000000,6.048159
7,87,-215.000000,185.000000,6.032135
8,87,-210.000000,185.000000,6.016111
9,87,-205.000000,185.000000,6.000086
10,87,-200.000000,185.000000,5.984399
11,87,-195.000000,185.000000,5.969352
12,87,-190.000000,185.000000,5.954380
13,87,-185.000000,185.000000,5.939486
14,87,-180.000000,185.000000,5.924593
15,87,-175.000000,185.000000,5.909699
16,87,-170.000000,185.000000,5.895882
17,87,-165.000000,185.000000,5.882366
18,87,-160.000000,185.000000,5.869144
19,87,-155.000000,185.000000,5.855944
20,87,-150.000000,185.000000,5.842745
21,87,-145.000000,185.000000,5.829572
22,87,-140.000000,185.000000,5.816492
23,87,-135.000000,185.000000,5.803426
24,87,-130.000000,185.000000,5.790384
25,87,-125.000000,185.000000,5.777342
26,87,-120.000000,185.000000,5.764300
27,87,-115.000000,185.000000,5.750558
28,87,-110.000000,185.000000,5.736443
29,87,-105.000000,185.000000,5.721983
30,87,-100.000000,185.000000,5.707435
31,87,-95.000000,185.000000,5.692887
32,87,-90.000000,185.000000,5.678265
33,87,-85.000000,185.000000,5.662884
34,87,-80.000000,185.000000,5.647403
35,87,-75.000000,185.000000,5.631595
36,87,-70.000000,185.000000,5.615787
37,87,-65.000000,185.000000,5.599978
38,87,-60.000000,185.000000,5.584307
39,87,-55.000000,185.000000,5.568761
40,87,-50.000000,185.000000,5.553326
41,87,-45.000000,185.000000,5.537946
42,87,-40.000000,185.000000,5.522567
43,87,-35.000000,185.000000,5.507187
44,87,-30.000000,185.000000,5.492503
45,87,-25.000000,185.000000,5.477909
46,87,-20.000000,185.000000,5.463824
47,87,-15.000000,185.000000,5.449739
48,87,-10.000000,185.000000,5.435654
49,87,-5.000000,185.000000,5.421607
50,87,0.000000,185.000000,5.407618
51,87,5.000000,185.000000,5.393677
52,87,10.000000,185.000000,5.379779
53,87,15.000000,185.000000,5.365881
54,87,20.000000,185.000000,5.351983
55,87,25.000000,185.000000,5.337500
56,87,30.000000,185.000000,5.322900
57,87,35.000000,185.000000,5.307486
58,87,40.000000,185.000000,5.292053
59,87,45.000000,185.000000,5.276620
60,87,50.000000,185.000000,5.260987
61,87,55.000000,185.000000,5.244811
62,87,60.000000,185.000000,5.228185
63,87,65.000000,185.000000,5.210923
64,87,70.000000,185.000000,5.193661
65,87,75.000000,185.000000,5.176399
66,87,80.000000,185.000000,5.158970
67,87,85.000000,185.000000,5.141470
68,87,90.000000,185.000000,5.123606
69,87,95.000000,185.000000,5.105678
70,87,100.000000,185.000000,5.087749
71,87,105.000000,185.000000,5.069816
72,87,110.000000,185.000000,5.051851
73,87,115.000000,185.000000,5.033864
74,87,120.000000,185.000000,5.015818
75,87,125.000000,185.000000,4.997773
76,87,130.000000,185.000000,4.979727
77,87,135.000000,185.000000,4.961444
78,87,140.000000,185.000000,4.942985
79,87,145.000000,185.000000,4.923653
80,87,150.000000,185.000000,4.903985
81,87,155.000000,185.000000,4.884316
82,87,160.000000,185.000000,4.864638
83,87,165.000000,185.000000,4.844204
84,87,170.000000,185.000000,4.823297
85,87,175.000000,185.000000,4.799866
86,87,180.000000,185.000000,4.776435
87,87,185.000000,185.000000,4.753004
88,87,190.000000,185.000000,4.729342
89,87,195.000000,185.000000,4.705397
90,87,200.000000,185.000000,4.679753
91,87,205.000000,185.000000,4.652949
92,87,210.000000,185.000000,4.626145
93,87,215.000000,185.000000,4.599341
94,87,220.000000,185.000000,4.572627
95,87,225.000000,185.000000,4.545950
96,87,230.000000,185.000000,4.520139
97,87,235.000000,185.000000,4.494328
98,87,240.000000,185.000000,4.468517
99,87,245.000000,185.000000,4.442816
100,87,250.000000,185.000000,4.417348
0,88,-250.000000,190.000000,6.165829
1,88,-245.000000,190.000000,6.150201
2,88,-240.000000,190.000000,6.134558
3,88,-235.000000,190.000000,6.118915
4,88,-230.000000,190.000000,6.103272
5,88,-225.000000,190.000000,6.087030
6,88,-220.000000,190.000000,6.070725
7,88,-215.000000,190.000000,6.054363
8,88,-210.000000,190.000000,6.038000
9,88,-205.000000,190.000000,6.021637
10,88,-200.000000,190.000000,6.005634
11,88,-195.000000,190.000000,5.990314
12,88,-190.000000,190.000000,5.975074
13,88,-185.000000,190.000000,5.959917
14,88,-180.000000,190.000000,5.944760
15,88,-175.000000,190.000000,5.929604
16,88,-170.000000,190.000000,5.915567
17,88,-165.000000,190.000000,5.901845
18,88,-160.000000,190.000000,5.888427
19,88,-155.000000,190.000000,5.875034
20,88,-150.000000,190.000000,5.861641
21,88,-145.000000,190.000000,5.848279
22,88,-140.000000,190.000000,5.835027
23,88,-135.000000,190.000000,5.821792
24,88,-130.000000,190.000000,5.808585
25,88,-125.000000,190.000000,5.795379
26,88,-120.000000,190.000000,5.782172
27,88,-115.000000,190.000000,5.768267
28,88,-110.000000,190.000000,5.753990
29,88,-105.000000,190.000000,5.739368
30,88,-100.000000,190.000000,5.724658
31,88,-95.000000,190.000000,5.709949
32,88,-90.000000,190.000000,5.695167
33,88,-85.000000,190.000000,5.679639
34,88,-80.000000,190.000000,5.664013
35,88,-75.000000,190.000000,5.648066
36,88,-70.000000,190.000000,5.632118
37,88,-65.000000,190.000000,5.616171
38,88,-60.000000,190.000000,5.600383
39,88,-55.000000,190.000000,5.584739
40,88,-50.000000,190.000000,5.569225
41,88,-45.000000,190.000000,5.553775
42,88,-40.000000,190.000000,5.538324
43,88,-35.000000,190.000000,5.522874
44,88,-30.000000,190.000000,5.508171
45,88,-25.000000,190.000000,5.493564
46,88,-20.000000,190.000000,5.479505
47,88,-15.000000,190.000000,5.465445
48,88,-10.000000,190.000000,5.451386
49,88,-5.000000,190.000000,5.437380
50,88,0.000000,190.000000,5.423455
51,88,5.000000,190.000000,5.409601
52,88,10.000000,190.000000,5.395806
53,88,15.000000,190.000000,5.382011
54,88,20.000000,190.000000,5.368216
55,88,25.000000,190.000000,5.353848
56,88,30.000000,190.000000,5.339366
57,88,35.000000,190.000000,5.324086
58,88,40.000000,190.000000,5.308789
59,88,45.000000,190.000000,5.293491
60,88,50.000000,190.000000,5.277993
61,88,55.000000,190.000000,5.261948
62,88,60.000000,190.000000,5.245452
63,88,65.000000,190.000000,5.228318
64,88,70.000000,190.000000,5.211184
65,88,75.000000,190.000000,5.194049
66,88,80.000000,190.000000,5.176741
67,88,85.000000,190.000000,5.159359
68,88,90.000000,190.000000,5.141597
69,88,95.000000,190.000000,5.123768
70,88,100.000000,190.000000,5.105939
71,88,105.000000,190.000000,5.088103
72,88,110.000000,190.000000,5.070226
73,88,115.000000,190.000000,5.052318
74,88,120.000000,190.000000,5.034331
75,88,125.000000,190.000000,5.016344
76,88,130.000000,190.000000,4.998357
77,88,135.000000,190.000000,4.980125
78,88,140.000000,190.000000,4.961712
79,88,145.000000,190.000000,4.942395
80,88,150.000000,190.000000,4.922731
81,88,155.000000,190.000000,4.903067
82,88,160.000000,190.000000,4.883393
83,88,165.000000,190.000000,4.862951
84,88,170.000000,190.000000,4.842028
85,88,175.000000,190.000000,4.818539
86,88,180.000000,190.000000,4.795051
87,88,185.000000,190.000000,4.771562
88,88,190.000000,190.000000,4.747839
89,88,195.000000,190.000000,4.723829
90,88,200.000000,190.000000,4.698096
91,88,205.000000,190.000000,4.671186
92,88,210.000000,190.000000,4.644276
93,88,215.000000,190.000000,4.617366
94,88,220.000000,190.000000,4.590544
95,88,225.000000,190.000000,4.563760
96,88,230.000000,190.000000,4.537831
97,88,235.000000,190.000000,4.511902
98,88,240.000000,190.000000,4.485973
99,88,245.000000,190.000000,4.460154
100,88,250.000000,190.000000,4.434569
0,89,-250.000000,195.000000,6.190574
1,89,-245.000000,195.000000,6.174573
2,89,-240.000000,195.000000,6.158557
3,89,-235.000000,195.000000,6.142540
4,89,-230.000000,195.000000,6.126524
5,89,-225.000000,195.000000,6.109938
6,89,-220.000000,195.000000,6.093292
7,89,-215.000000,195.000000,6.076591
8,89,-210.000000,195.000000,6.059890
9,89,-205.000000,195.000000,6.043189
10,89,-200.000000,195.000000,6.026869
11,89,-195.000000,195.000000,6.011276
12,89,-190.000000,195.000000,5.995767
13,89,-185.000000,195.000000,5.980348
14,89,-180.000000,195.000000,5.964928
15,89,-175.000000,195.000000,5.949508
16,89,-170.000000,195.000000,5.935253
17,89,-165.000000,195.000000,5.921324
18,89,-160.000000,195.000000,5.907711
19,89,-155.000000,195.000000,5.894124
20,89,-150.000000,195.000000,5.880537
21,89,-145.000000,195.000000,5.866985
22,89,-140.000000,195.000000,5.853563
23,89,-135.000000,195.000000,5.840158
24,89,-130.000000,195.000000,5.826787
25,89,-125.000000,195.000000,5.813415
26,89,-120.000000,195.000000,5.800044
27,89,-115.000000,195.000000,5.785976
28,89,-110.000000,195.000000,5.771537
29,89,-105.000000,195.000000,5.756753
30,89,-100.000000,195.000000,5.741882
31,89,-95.000000,195.000000,5.727011
32,89,-90.000000,195.000000,5.712069
33,89,-85.000000,195.000000,5.696394
34,89,-80.000000,195.000000,5.680623
35,89,-75.000000,195.000000,5.664537
36,89,-70.000000,195.000000,5.648450
37,89,-65.000000,195.000000,5.632364
38,89,-60.000000,195.000000,5.616458
39,89,-55.000000,195.000000,5.600717
40,89,-50.000000,195.000000,5.585123
41,89,-45.000000,195.000000,5.569603
42,89,-40.000000,195.000000,5.554082
43,89,-35.000000,195.000000,5.538561
44,89,-30.000000,195.000000,5.523839
45,89,-25.000000,195.000000,5.509220
46,89,-20.000000,195.000000,5.495186
47,89,-15.000000,195.000000,5.481152
48,89,-10.000000,195.000000,5.467117
49,89,-5.000000,195.000000,5.453152
50,89,0.000000,195.000000,5.439292
51,89,5.000000,195.000000,5.425524
52,89,10.000000,195.000000,5.411832
53,89,15.000000,195.000000,5.398140
54,89,20.000000,195.000000,5.384448
55,89,25.000000,195.000000,5.370196
56,89,30.000000,195.000000,5.355831
57,89,35.000000,195.000000,5.340687
58,89,40.000000,195.000000,5.325524
59,89,45.000000,195.000000,5.310362
60,89,50.000000,195.000000,5.294998
61,89,55.000000,195.000000,5.279085
62,89,60.000000,195.000000,5.262720
63,89,65.000000,195.000000,5.245713
64,89,70.000000,195.000000,5.228707
65,89,75.000000,195.000000,5.211700
66,89,80.000000,195.000000,5.194512
67,89,85.000000,195.000000,5.177248
68,89,90.000000,195.000000,5.159588
69,89,95.000000,195.000000,5.141859
70,89,100.000000,195.000000,5.124129
71,89,105.000000,195.000000,5.106391
72,89,110.000000,195.000000,5.088601
73,89,115.000000,195.000000,5.070772
74,89,120.000000,195.000000,5.052844
75,89,125.000000,195.000000,5.034916
76,89,130.000000,195.000000,5.016988
77,89,135.000000,195.000000,4.998806
78,89,140.000000,195.000000,4.980438
79,89,145.000000,195.000000,4.961137
80,89,150.000000,195.000000,4.941478
81,89,155.000000,195.000000,4.921818
82,89,160.000000,195.000000,4.902148
83,89,165.000000,195.000000,4.881698
84,89,170.000000,195.000000,4.860758
85,89,175.000000,195.000000,4.837212
86,89,180.000000,195.000000,4.813666
87,89,185.000000,195.000000,4.790120
88,89,190.000000,195.000000,4.766336
89,89,195.000000,195.000000,4.742261
90,89,200.000000,195.000000,4.716438
91,89,205.000000,195.000000,4.689422
92,89,210.000000,195.000000,4.662406
93,89,215.000000,195.000000,4.635390
94,89,220.000000,195.000000,4.608462
95,89,225.000000,195.000000,4.581570
96,89,230.000000,195.000000,4.555523
97,89,235.000000,195.000000,4.529476
98,89,240.000000,195.000000,4.503428
99,89,245.000000,195.000000,4.477492
100,89,250.000000,195.000000,4.451790
0,90,-250.000000,200.000000,6.215342
1,90,-245.000000,200.000000,6.198968
2,90,-240.000000,200.000000,6.182578
3,90,-235.000000,200.000000,6.166188
4,90,-230.000000,200.000000,6.149798
5,90,-225.000000,200.000000,6.132868
6,90,-220.000000,200.000000,6.115880
7,90,-215.000000,200.000000,6.098841
8,90,-210.000000,200.000000,6.081801
9,90,-205.000000,200.000000,6.064761
10,90,-200.000000,200.000000,6.048126
11,90,-195.000000,200.000000,6.032259
12,90,-190.000000,200.000000,6.016482
13,90,-185.000000,200.000000,6.000799
14,90,-180.000000,200.000000,5.985116
15,90,-175.000000,200.000000,5.969433
16,90,-170.000000,200.000000,5.954958
17,90,-165.000000,200.000000,5.940822
18,90,-160.000000,200.000000,5.927014
19,90,-155.000000,200.000000,5.913233
20,90,-150.000000,200.000000,5.899451
21,90,-145.000000,200.000000,5.885710
22,90,-140.000000,200.000000,5.872115
23,90,-135.000000,200.000000,5.858541
24,90,-130.000000,200.000000,5.845005
25,90,-125.000000,200.000000,5.831468
26,90,-120.000000,200.000000,5.817932
27,90,-115.000000,200.000000,5.803700
28,90,-110.000000,200.000000,5.789098
29,90,-105.000000,200.000000,5.774152
30,90,-100.000000,200.000000,5.759120
31,90,-95.000000,200.000000,5.744087
32,90,-90.000000,200.000000,5.728984
33,90,-85.000000,200.000000,5.713163
34,90,-80.000000,200.000000,5.697247
35,90,-75.000000,200.000000,5.681021
36,90,-70.000000,200.000000,5.664795
37,90,-65.000000,200.000000,5.648569
38,90,-60.000000,200.000000,5.632546
39,90,-55.000000,200.000000,5.616707
40,90,-50.000000,200.000000,5.601034
41,90,-45.000000,200.000000,5.585443
42,90,-40.000000,200.000000,5.569851
43,90,-35.000000,200.000000,5.554260
44,90,-30.000000,200.000000,5.539519
45,90,-25.000000,200.000000,5.524886
46,90,-20.000000,200.000000,5.510877
47,90,-15.000000,200.000000,5.496868
48,90,-10.000000,200.000000,5.482859
49,90,-5.000000,200.000000,5.468934
50,90,0.000000,200.000000,5.455139
51,90,5.000000,200.000000,5.441455
52,90,10.000000,200.000000,5.427866
53,90,15.000000,200.000000,5.414277
54,90,20.000000,200.000000,5.400687
55,90,25.000000,200.000000,5.386550
56,90,30.000000,200.000000,5.372303
57,90,35.000000,200.000000,5.357292
58,90,40.000000,200.000000,5.342264
59,90,45.000000,200.000000,5.327237
60,90,50.000000,200.000000,5.312007
61,90,55.000000,200.000000,5.296226
62,90,60.000000,200.000000,5.279990
63,90,65.000000,200.000000,5.263111
64,90,70.000000,200.000000,5.246231
65,90,75.000000,200.000000,5.229352
66,90,80.000000,200.000000,5.212284
67,90,85.000000,200.000000,5.195137
68,90,90.000000,200.000000,5.177580
69,90,95.000000,200.000000,5.159949
70,90,100.000000,200.000000,5.142319
71,90,105.000000,200.000000,5.124678
72,90,110.000000,200.000000,5.106975
73,90,115.000000,200.000000,5.089225
74,90,120.000000,200.000000,5.071356
75,90,125.000000,200.000000,5.053487
76,90,130.000000,200.000000,5.035618
77,90,135.000000,200.000000,5.017487
78,90,140.000000,200.000000,4.999164
79,90,145.000000,200.000000,4.979879
80,90,150.000000,200.000000,4.960224
81,90,155.000000,200.000000,4.940569
82,90,160.000000,200.000000,4.920903
83,90,165.000000,200.000000,4.900445
84,90,170.000000,200.000000,4.879490
85,90,175.000000,200.000000,4.855887
86,90,180.000000,200.000000,4.832284
87,90,185.000000,200.000000,4.808681
88,90,190.000000,200.000000,4.784837
89,90,195.000000,200.000000,4.760697
90,90,200.000000,200.000000,4.734786
91,90,205.000000,200.000000,4.707666
92,90,210.000000,200.000000,4.680545
93,90,215.000000,200.000000,4.653424
94,90,220.000000,200.000000,4.626389
95,90,225.000000,200.000000,4.599391
96,90,230.000000,200.000000,4.573227
97,90,235.000000,200.000000,4.547063
98,90,240.000000,200.000000,4.520899
99,90,245.000000,200.000000,4.494846
100,90,250.000000,200.000000,4.469029
0,91,-250.000000,205.000000,6.240445
1,91,-245.000000,205.000000,6.223693
2,91,-240.000000,205.000000,6.206924
3,91,-235.000000,205.000000,6.190156
4,91,-230.000000,205.000000,6.173388
5,91,-225.000000,205.000000,6.156110
6,91,-220.000000,205.000000,6.138779
7,91,-215.000000,205.000000,6.121399
8,91,-210.000000,205.000000,6.104019
9,91,-205.000000,205.000000,6.086639
10,91,-200.000000,205.000000,6.069686
11,91,-195.000000,205.000000,6.053543
12,91,-190.000000,205.000000,6.037495
13,91,-185.000000,205.000000,6.021546
14,91,-180.000000,205.000000,6.005597
15,91,-175.000000,205.000000,5.989648
16,91,-170.000000,205.000000,5.974948
17,91,-165.000000,205.000000,5.960599
18,91,-160.000000,205.000000,5.946589
19,91,-155.000000,205.000000,5.932607
20,91,-150.000000,205.000000,5.918625
21,91,-145.000000,205.000000,5.904688
22,91,-140.000000,205.000000,5.890914
23,91,-135.000000,205.000000,5.877164
24,91,-130.000000,205.000000,5.863455
25,91,-125.000000,205.000000,5.849746
26,91,-120.000000,205.000000,5.836037
27,91,-115.000000,205.000000,5.821636
28,91,-110.000000,205.000000,5.806866
29,91,-105.000000,205.000000,5.791754
30,91,-100.000000,205.000000,5.776555
31,91,-95.000000,205.000000,5.761356
32,91,-90.000000,205.000000,5.746089
33,91,-85.000000,205.000000,5.730117
34,91,-80.000000,205.000000,5.714054
35,91,-75.000000,205.000000,5.697687
36,91,-70.000000,205.000000,5.681319
37,91,-65.000000,205.000000,5.664952
38,91,-60.000000,205.000000,5.648810
39,91,-55.000000,205.000000,5.632872
40,91,-50.000000,205.000000,5.617117
41,91,-45.000000,205.000000,5.601452
42,91,-40.000000,205.000000,5.585788
43,91,-35.000000,205.000000,5.570123
44,91,-30.000000,205.000000,5.555359
45,91,-25.000000,205.000000,5.540709
46,91,-20.000000,205.000000,5.526719
47,91,-15.000000,205.000000,5.512729
48,91,-10.000000,205.000000,5.498739
49,91,-5.000000,205.000000,5.484849
50,91,0.000000,205.000000,5.471111
51,91,5.000000,205.000000,5.457505
52,91,10.000000,205.000000,5.444010
53,91,15.000000,205.000000,5.430515
54,91,20.000000,205.000000,5.417020
55,91,25.000000,205.000000,5.402990
56,91,30.000000,205.000000,5.388851
57,91,35.000000,205.000000,5.373967
58,91,40.000000,205.000000,5.359066
59,91,45.000000,205.000000,5.344165
60,91,50.000000,205.000000,5.329062
61,91,55.000000,205.000000,5.313405
62,91,60.000000,205.000000,5.297293
63,91,65.000000,205.000000,5.280535
64,91,70.000000,205.000000,5.263778
65,91,75.000000,205.000000,5.247020
66,91,80.000000,205.000000,5.230068
67,91,85.000000,205.000000,5.213034
68,91,90.000000,205.000000,5.195575
69,91,95.000000,205.000000,5.178041
70,91,100.000000,205.000000,5.160507
71,91,105.000000,205.000000,5.142961
72,91,110.000000,205.000000,5.125342
73,91,115.000000,205.000000,5.107669
74,91,120.000000,205.000000,5.089858
75,91,125.000000,205.000000,5.072048
76,91,130.000000,205.000000,5.054237
77,91,135.000000,205.000000,5.036157
78,91,140.000000,205.000000,5.017880
79,91,145.000000,205.000000,4.998614
80,91,150.000000,205.000000,4.978967
81,91,155.000000,205.000000,4.959320
82,91,160.000000,205.000000,4.939663
83,91,165.000000,205.000000,4.919202
84,91,170.000000,205.000000,4.898238
85,91,175.000000,205.000000,4.874587
86,91,180.000000,205.000000,4.850937
87,91,185.000000,205.000000,4.827287
88,91,190.000000,205.000000,4.803394
89,91,195.000000,205.000000,4.779200
90,91,200.000000,205.000000,4.753215
91,91,205.000000,205.000000,4.726005
92,91,210.000000,205.000000,4.698795
93,91,215.000000,205.000000,4.671585
94,91,220.000000,205.000000,4.644460
95,91,225.000000,205.000000,4.617372
96,91,230.000000,205.000000,4.591108
97,91,235.000000,205.000000,4.564845
98,91,240.000000,205.000000,4.538581
99,91,245.000000,205.000000,4.512429
100,91,250.000000,205.000000,4.486513
0,92,-250.000000,210.000000,6.266975
1,92,-245.000000,210.000000,6.249822
2,92,-240.000000,210.000000,6.232653
3,92,-235.000000,210.000000,6.215484
4,92,-230.000000,210.000000,6.198316
5,92,-225.000000,210.000000,6.180682
6,92,-220.000000,210.000000,6.162999
7,92,-215.000000,210.000000,6.145272
8,92,-210.000000,210.000000,6.127544
9,92,-205.000000,210.000000,6.109816
10,92,-200.000000,210.000000,6.092536
11,92,-195.000000,210.000000,6.076105
12,92,-190.000000,210.000000,6.059774
13,92,-185.000000,210.000000,6.043546
14,92,-180.000000,210.000000,6.027319
15,92,-175.000000,210.000000,6.011091
16,92,-170.000000,210.000000,5.996146
17,92,-165.000000,210.000000,5.981560
18,92,-160.000000,210.000000,5.967322
19,92,-155.000000,210.000000,5.953112
20,92,-150.000000,210.000000,5.938903
21,92,-145.000000,210.000000,5.924742
22,92,-140.000000,210.000000,5.910760
23,92,-135.000000,210.000000,5.896803
24,92,-130.000000,210.000000,5.882891
25,92,-125.000000,210.000000,5.868980
26,92,-120.000000,210.000000,5.855068
27,92,-115.000000,210.000000,5.840472
28,92,-110.000000,210.000000,5.825512
29,92,-105.000000,210.000000,5.810214
30,92,-100.000000,210.000000,5.794829
31,92,-95.000000,210.000000,5.779445
32,92,-90.000000,210.000000,5.763995
33,92,-85.000000,210.000000,5.747863
34,92,-80.000000,210.000000,5.731641
35,92,-75.000000,210.000000,5.715125
36,92,-70.000000,210.000000,5.698610
37,92,-65.000000,210.000000,5.682094
38,92,-60.000000,210.000000,5.665824
39,92,-55.000000,210.000000,5.649777
40,92,-50.000000,210.000000,5.633931
41,92,-45.000000,210.000000,5.618183
42,92,-40.000000,210.000000,5.602435
43,92,-35.000000,210.000000,5.586688
44,92,-30.000000,210.000000,5.571882
45,92,-25.000000,210.000000,5.557197
46,92,-20.000000,210.000000,5.543202
47,92,-15.000000,210.000000,5.529207
48,92,-10.000000,210.000000,5.515212
49,92,-5.000000,210.000000,5.501330
50,92,0.000000,210.000000,5.487620
51,92,5.000000,210.000000,5.474058
52,92,10.000000,210.000000,5.460623
53,92,15.000000,210.000000,5.447187
54,92,20.000000,210.000000,5.433752
55,92,25.000000,210.000000,5.419793
56,92,30.000000,210.000000,5.405730
57,92,35.000000,210.000000,5.390939
58,92,40.000000,210.000000,5.376131
59,92,45.000000,210.000000,5.361324
60,92,50.000000,210.000000,5.346314
61,92,55.000000,210.000000,5.330753
62,92,60.000000,210.000000,5.314737
63,92,65.000000,210.000000,5.298078
64,92,70.000000,210.000000,5.281419
65,92,75.000000,210.000000,5.264759
66,92,80.000000,210.000000,5.247901
67,92,85.000000,210.000000,5.230960
68,92,90.000000,210.000000,5.213586
69,92,95.000000,210.000000,5.196135
70,92,100.000000,210.000000,5.178684
71,92,105.000000,210.000000,5.161221
72,92,110.000000,210.000000,5.143677
73,92,115.000000,210.000000,5.126074
74,92,120.000000,210.000000,5.108320
75,92,125.000000,210.000000,5.090566
76,92,130.000000,210.000000,5.072811
77,92,135.000000,210.000000,5.054784
78,92,140.000000,210.000000,5.036555
79,92,145.000000,210.000000,5.017320
80,92,150.000000,210.000000,4.997698
81,92,155.000000,210.000000,4.978076
82,92,160.000000,210.000000,4.958443
83,92,165.000000,210.000000,4.938001
84,92,170.000000,210.000000,4.917051
85,92,175.000000,210.000000,4.893397
86,92,180.000000,210.000000,4.869742
87,92,185.000000,210.000000,4.846088
88,92,190.000000,210.000000,4.822189
89,92,195.000000,210.000000,4.797988
90,92,200.000000,210.000000,4.771987
91,92,205.000000,210.000000,4.744755
92,92,210.000000,210.000000,4.717522
93,92,215.000000,210.000000,4.690290
94,92,220.000000,210.000000,4.663142
95,92,225.000000,210.000000,4.636031
96,92,230.000000,210.000000,4.609742
97,92,235.000000,210.000000,4.583452
98,92,240.000000,210.000000,4.557163
99,92,245.000000,210.000000,4.530985
100,92,250.000000,210.000000,4.505044
0,93,-250.000000,215.000000,6.295957
1,93,-245.000000,215.000000,6.278366
2,93,-240.000000,215.000000,6.260760
3,93,-235.000000,215.000000,6.243153
4,93,-230.000000,215.000000,6.225547
5,93,-225.000000,215.000000,6.207540
6,93,-220.000000,215.000000,6.189491
7,93,-215.000000,215.000000,6.171403
8,93,-210.000000,215.000000,6.153315
9,93,-205.000000,215.000000,6.135228
10,93,-200.000000,215.000000,6.117605
11,93,-195.000000,215.000000,6.100866
12,93,-190.000000,215.000000,6.084231
13,93,-185.000000,215.000000,6.067704
14,93,-180.000000,215.000000,6.051177
15,93,-175.000000,215.000000,6.034650
16,93,-170.000000,215.000000,6.019421
17,93,-165.000000,215.000000,6.004557
18,93,-160.000000,215.000000,5.990046
19,93,-155.000000,215.000000,5.975563
20,93,-150.000000,215.000000,5.961079
21,93,-145.000000,215.000000,5.946649
22,93,-140.000000,215.000000,5.932407
23,93,-135.000000,215.000000,5.918192
24,93,-130.000000,215.000000,5.904025
25,93,-125.000000,215.000000,5.889858
26,93,-120.000000,215.000000,5.875691
27,93,-115.000000,215.000000,5.860857
28,93,-110.000000,215.000000,5.845669
29,93,-105.000000,215.000000,5.830150
30,93,-100.000000,215.000000,5.814548
31,93,-95.000000,215.000000,5.798946
32,93,-90.000000,215.000000,5.783280
33,93,-85.000000,215.000000,5.766968
34,93,-80.000000,215.000000,5.750570
35,93,-75.000000,215.000000,5.733893
36,93,-70.000000,215.000000,5.717216
37,93,-65.000000,215.000000,5.700540
38,93,-60.000000,215.000000,5.684128
39,93,-55.000000,215.000000,5.667957
40,93,-50.000000,215.000000,5.652002
41,93,-45.000000,215.000000,5.636154
42,93,-40.000000,215.000000,5.620306
43,93,-35.000000,215.000000,5.604458
44,93,-30.000000,215.000000,5.589581
45,93,-25.000000,215.000000,5.574827
46,93,-20.000000,215.000000,5.560786
47,93,-15.000000,215.000000,5.546745
48,93,-10.000000,215.000000,5.532703
49,93,-5.000000,215.000000,5.518784
50,93,0.000000,215.000000,5.505050
51,93,5.000000,215.000000,5.491478
52,93,10.000000,215.000000,5.478041
53,93,15.000000,215.000000,5.464605
54,93,20.000000,215.000000,5.451168
55,93,25.000000,215.000000,5.437223
56,93,30.000000,215.000000,5.423176
57,93,35.000000,215.000000,5.408420
58,93,40.000000,215.000000,5.393649
59,93,45.000000,215.000000,5.378877
60,93,50.000000,215.000000,5.363906
61,93,55.000000,215.000000,5.348390
62,93,60.000000,215.000000,5.332424
63,93,65.000000,215.000000,5.315823
64,93,70.000000,215.000000,5.299221
65,93,75.000000,215.000000,5.282620
66,93,80.000000,215.000000,5.265821
67,93,85.000000,215.000000,5.248939
68,93,90.000000,215.000000,5.231625
69,93,95.000000,215.000000,5.214235
70,93,100.000000,215.000000,5.196845
71,93,105.000000,215.000000,5.179442
72,93,110.000000,215.000000,5.161958
73,93,115.000000,215.000000,5.144411
74,93,120.000000,215.000000,5.126711
75,93,125.000000,215.000000,5.109010
76,93,130.000000,215.000000,5.091309
77,93,135.000000,215.000000,5.073335
78,93,140.000000,215.000000,5.055159
79,93,145.000000,215.000000,5.035977
80,93,150.000000,215.000000,5.016407
81,93,155.000000,215.000000,4.996838
82,93,160.000000,215.000000,4.977258
83,93,165.000000,215.000000,4.956872
84,93,170.000000,215.000000,4.935980
85,93,175.000000,215.000000,4.912394
86,93,180.000000,215.000000,4.888808
87,93,185.000000,215.000000,4.865222
88,93,190.000000,215.000000,4.841393
89,93,195.000000,215.000000,4.817265
90,93,200.000000,215.000000,4.791348
91,93,205.000000,215.000000,4.764208
92,93,210.000000,215.000000,4.737068
93,93,215.000000,215.000000,4.709929
94,93,220.000000,215.000000,4.682874
95,93,225.000000,215.000000,4.655857
96,93,230.000000,215.000000,4.629668
97,93,235.000000,215.000000,4.603480
98,93,240.000000,215.000000,4.577291
99,93,245.000000,215.000000,4.551215
100,93,250.000000,215.000000,4.525374
0,94,-250.000000,220.000000,6.324938
1,94,-245.000000,220.000000,6.306910
2,94,-240.000000,220.000000,6.288866
3,94,-235.000000,220.000000,6.270822
4,94,-230.000000,220.000000,6.252778
5,94,-225.000000,220.000000,6.234398
6,94,-220.000000,220.000000,6.215983
7,94,-215.000000,220.000000,6.197535
8,94,-210.000000,220.000000,6.179087
9,94,-205.000000,220.000000,6.160639
10,94,-200.000000,220.000000,6.142674
11,94,-195.000000,220.000000,6.125627
12,94,-190.000000,220.000000,6.108689
13,94,-185.000000,220.000000,6.091862
14,94,-180.000000,220.000000,6.075036
15,94,-175.000000,220.000000,6.058209
16,94,-170.000000,220.000000,6.042697
17,94,-165.000000,220.000000,6.027555
18,94,-160.000000,220.000000,6.012769
19,94,-155.000000,220.000000,5.998013
20,94,-150.000000,220.000000,5.983256
21,94,-145.000000,220.000000,5.968555
22,94,-140.000000,220.000000,5.954053
23,94,-135.000000,220.000000,5.939581
24,94,-130.000000,220.000000,5.925158
25,94,-125.000000,220.000000,5.910736
26,94,-120.000000,220.000000,5.896314
27,94,-115.000000,220.000000,5.881243
28,94,-110.000000,220.000000,5.865825
29,94,-105.000000,220.000000,5.850086
30,94,-100.000000,220.000000,5.834266
31,94,-95.000000,220.000000,5.818446
32,94,-90.000000,220.000000,5.802566
33,94,-85.000000,220.000000,5.786073
34,94,-80.000000,220.000000,5.769499
35,94,-75.000000,220.000000,5.752661
36,94,-70.000000,220.000000,5.735823
37,94,-65.000000,220.000000,5.718985
38,94,-60.000000,220.000000,5.702432
39,94,-55.000000,220.000000,5.686136
40,94,-50.000000,220.000000,5.670073
41,94,-45.000000,220.000000,5.654125
42,94,-40.000000,220.000000,5.638176
43,94,-35.000000,220.000000,5.622228
44,94,-30.000000,220.000000,5.607279
45,94,-25.000000,220.000000,5.592458
46,94,-20.000000,220.000000,5.578370
47,94,-15.000000,220.000000,5.564282
48,94,-10.000000,220.000000,5.550194
49,94,-5.000000,220.000000,5.536238
50,94,0.000000,220.000000,5.522480
51,94,5.000000,220.000000,5.508897
52,94,10.000000,220.000000,5.495460
53,94,15.000000,220.000000,5.482022
54,94,20.000000,220.000000,5.468585
55,94,25.000000,220.000000,5.454653
56,94,30.000000,220.000000,5.440622
57,94,35.000000,220.000000,5.425902
58,94,40.000000,220.000000,5.411166
59,94,45.000000,220.000000,5.396431
60,94,50.000000,220.000000,5.381498
61,94,55.000000,220.000000,5.366027
62,94,60.000000,220.000000,5.350111
63,94,65.000000,220.000000,5.333568
64,94,70.000000,220.000000,5.317024
65,94,75.000000,220.000000,5.300480
66,94,80.000000,220.000000,5.283740
67,94,85.000000,220.000000,5.266917
68,94,90.000000,220.000000,5.249664
69,94,95.000000,220.000000,5.232335
70,94,100.000000,220.000000,5.215006
71,94,105.000000,220.000000,5.197664
72,94,110.000000,220.000000,5.180238
73,94,115.000000,220.000000,5.162749
74,94,120.000000,220.000000,5.145102
75,94,125.000000,220.000000,5.127454
76,94,130.000000,220.000000,5.109807
77,94,135.000000,220.000000,5.091886
78,94,140.000000,220.000000,5.073763
79,94,145.000000,220.000000,5.054634
80,94,150.000000,220.000000,5.035117
81,94,155.000000,220.000000,5.015600
82,94,160.000000,220.000000,4.996073
83,94,165.000000,220.000000,4.975742
84,94,170.000000,220.000000,4.954908
85,94,175.000000,220.000000,4.931391
86,94,180.000000,220.000000,4.907874
87,94,185.000000,220.000000,4.884357
88,94,190.000000,220.000000,4.860598
89,94,195.000000,220.000000,4.836542
90,94,200.000000,220.000000,4.810710
91,94,205.000000,220.000000,4.783662
92,94,210.000000,220.000000,4.756615
93,94,215.000000,220.000000,4.729567
94,94,220.000000,220.000000,4.702606
95,94,225.000000,220.000000,4.675682
96,94,230.000000,220.000000,4.649595
97,94,235.000000,220.000000,4.623508
98,94,240.000000,220.000000,4.597420
99,94,245.000000,220.000000,4.571444
100,94,250.000000,220.000000,4.545704
0,95,-250.000000,225.000000,6.353920
1,95,-245.000000,225.000000,6.335454
2,95,-240.000000,225.000000,6.316972
3,95,-235.000000,225.000000,6.298491
4,95,-230.000000,225.000000,6.280009
5,95,-225.000000,225.000000,6.261256
6,95,-220.000000,225.000000,6.242474
7,95,-215.000000,225.000000,6.223666
8,95,-210.000000,225.000000,6.204858
9,95,-205.000000,225.000000,6.186050
10,95,-200.000000,225.000000,6.167743
11,95,-195.000000,225.000000,6.150389
12,95,-190.000000,225.000000,6.133146
13,95,-185.000000,225.000000,6.116020
14,95,-180.000000,225.000000,6.098894
15,95,-175.000000,225.000000,6.081768
16,95,-170.000000,225.000000,6.065973
17,95,-165.000000,225.000000,6.050552
18,95,-160.000000,225.000000,6.035493
19,95,-155.000000,225.000000,6.020463
20,95,-150.000000,225.000000,6.005433
21,95,-145.000000,225.000000,5.990461
22,95,-140.000000,225.000000,5.975700
23,95,-135.000000,225.000000,5.960969
24,95,-130.000000,225.000000,5.946292
25,95,-125.000000,225.000000,5.931615
26,95,-120.000000,225.000000,5.916937
27,95,-115.000000,225.000000,5.901628
28,95,-110.000000,225.000000,5.885982
29,95,-105.000000,225.000000,5.870023
30,95,-100.000000,225.000000,5.853985
31,95,-95.000000,225.000000,5.837946
32,95,-90.000000,225.000000,5.821852
33,95,-85.000000,225.000000,5.805178
34,95,-80.000000,225.000000,5.788429
35,95,-75.000000,225.000000,5.771429
36,95,-70.000000,225.000000,5.754430
37,95,-65.000000,225.000000,5.737431
38,95,-60.000000,225.000000,5.720736
39,95,-55.000000,225.000000,5.704316
40,95,-50.000000,225.000000,5.688145
41,95,-45.000000,225.000000,5.672096
42,95,-40.000000,225.000000,5.656047
43,95,-35.000000,225.000000,5.639998
44,95,-30.000000,225.000000,5.624978
45,95,-25.000000,225.000000,5.610089
46,95,-20.000000,225.000000,5.595954
47,95,-15.000000,225.000000,5.581820
48,95,-10.000000,225.000000,5.567685
49,95,-5.000000,225.000000,5.553691
50,95,0.000000,225.000000,5.539911
51,95,5.000000,225.000000,5.526316
52,95,10.000000,225.000000,5.512878
53,95,15.000000,225.000000,5.499440
54,95,20.000000,225.000000,5.486002
55,95,25.000000,225.000000,5.472083
56,95,30.000000,225.000000,5.458068
57,95,35.000000,225.000000,5.443383
58,95,40.000000,225.000000,5.428684
59,95,45.000000,225.000000,5.413984
60,95,50.000000,225.000000,5.399089
61,95,55.000000,225.000000,5.383663
62,95,60.000000,225.000000,5.367798
63,95,65.000000,225.000000,5.351313
64,95,70.000000,225.000000,5.334827
65,95,75.000000,225.000000,5.318341
66,95,80.000000,225.000000,5.301659
67,95,85.000000,225.000000,5.284895
68,95,90.000000,225.000000,5.267703
69,95,95.000000,225.000000,5.250435
70,95,100.000000,225.000000,5.233167
71,95,105.000000,225.000000,5.215886
72,95,110.000000,225.000000,5.198518
73,95,115.000000,225.000000,5.181086
74,95,120.000000,225.000000,5.163493
75,95,125.000000,225.000000,5.145899
76,95,130.000000,225.000000,5.128305
77,95,135.000000,225.000000,5.110437
78,95,140.000000,225.000000,5.092368
79,95,145.000000,225.000000,5.073291
80,95,150.000000,225.000000,5.053827
81,95,155.000000,225.000000,5.034362
82,95,160.000000,225.000000,5.014888
83,95,165.000000,225.000000,4.994613
84,95,170.000000,225.000000,4.973837
85,95,175.000000,225.000000,4.950388
86,95,180.000000,225.000000,4.926940
87,95,185.000000,225.000000,4.903491
88,95,190.000000,225.000000,4.879803
89,95,195.000000,225.000000,4.855820
90,95,200.000000,225.000000,4.830071
91,95,205.000000,225.000000,4.803116
92,95,210.000000,225.000000,4.776161
93,95,215.000000,225.000000,4.749206
94,95,220.000000,225.000000,4.722338
95,95,225.000000,225.000000,4.695508
96,95,230.000000,225.000000,4.669522
97,95,235.000000,225.000000,4.643536
98,95,240.000000,225.000000,4.617549
99,95,245.000000,225.000000,4.591674
100,95,250.000000,225.000000,4.566034
0,96,-250.000000,230.000000,6.383065
1,96,-245.000000,230.000000,6.364157
2,96,-240.000000,230.000000,6.345234
3,96,-235.000000,230.000000,6.326311
4,96,-230.000000,230.000000,6.307389
5,96,-225.000000,230.000000,6.288260
6,96,-220.000000,230.000000,6.269110
7,96,-215.000000,230.000000,6.249940
8,96,-210.000000,230.000000,6.230770
9,96,-205.000000,230.000000,6.211600
10,96,-200.000000,230.000000,6.192949
11,96,-195.000000,230.000000,6.175286
12,96,-190.000000,230.000000,6.157738
13,96,-185.000000,230.000000,6.140311
14,96,-180.000000,230.000000,6.122884
15,96,-175.000000,230.000000,6.105456
16,96,-170.000000,230.000000,6.089376
17,96,-165.000000,230.000000,6.073674
18,96,-160.000000,230.000000,6.058339
19,96,-155.000000,230.000000,6.043032
20,96,-150.000000,230.000000,6.027726
21,96,-145.000000,230.000000,6.012481
22,96,-140.000000,230.000000,5.997457
23,96,-135.000000,230.000000,5.982465
24,96,-130.000000,230.000000,5.967530
25,96,-125.000000,230.000000,5.952594
26,96,-120.000000,230.000000,5.937658
27,96,-115.000000,230.000000,5.922108
28,96,-110.000000,230.000000,5.906230
29,96,-105.000000,230.000000,5.890049
30,96,-100.000000,230.000000,5.873790
31,96,-95.000000,230.000000,5.857532
32,96,-90.000000,230.000000,5.841220
33,96,-85.000000,230.000000,5.824365
34,96,-80.000000,230.000000,5.807438
35,96,-75.000000,230.000000,5.790276
36,96,-70.000000,230.000000,5.773114
37,96,-65.000000,230.000000,5.755953
38,96,-60.000000,230.000000,5.739115
39,96,-55.000000,230.000000,5.722570
40,96,-50.000000,230.000000,5.706290
41,96,-45.000000,230.000000,5.690139
42,96,-40.000000,230.000000,5.673989
43,96,-35.000000,230.000000,5.657839
44,96,-30.000000,230.000000,5.642745
45,96,-25.000000,230.000000,5.627787
46,96,-20.000000,230.000000,5.613604
47,96,-15.000000,230.000000,5.599421
48,96,-10.000000,230.000000,5.585239
49,96,-5.000000,230.000000,5.571205
50,96,0.000000,230.000000,5.557399
51,96,5.000000,230.000000,5.543791
52,96,10.000000,230.000000,5.530349
53,96,15.000000,230.000000,5.516908
54,96,20.000000,230.000000,5.503467
55,96,25.000000,230.000000,5.489558
56,96,30.000000,230.000000,5.475557
57,96,35.000000,230.000000,5.460906
58,96,40.000000,230.000000,5.446240
59,96,45.000000,230.000000,5.431574
60,96,50.000000,230.000000,5.416715
61,96,55.000000,230.000000,5.401332
62,96,60.000000,230.000000,5.385516
63,96,65.000000,230.000000,5.369087
64,96,70.000000,230.000000,5.352658
65,96,75.000000,230.000000,5.336229
66,96,80.000000,230.000000,5.319605
67,96,85.000000,230.000000,5.302899
68,96,90.000000,230.000000,5.285767
69,96,95.000000,230.000000,5.268560
70,96,100.000000,230.000000,5.251353
71,96,105.000000,230.000000,5.234131
72,96,110.000000,230.000000,5.216822
73,96,115.000000,230.000000,5.199447
74,96,120.000000,230.000000,5.181907
75,96,125.000000,230.000000,5.164367
76,96,130.000000,230.000000,5.146827
77,96,135.000000,230.000000,5.129013
78,96,140.000000,230.000000,5.110997
79,96,145.000000,230.000000,5.091974
80,96,150.000000,230.000000,5.072564
81,96,155.000000,230.000000,5.053153
82,96,160.000000,230.000000,5.033733
83,96,165.000000,230.000000,5.013516
84,96,170.000000,230.000000,4.992800
85,96,175.000000,230.000000,4.969424
86,96,180.000000,230.000000,4.946048
87,96,185.000000,230.000000,4.922672
88,96,190.000000,230.000000,4.899057
89,96,195.000000,230.000000,4.875151
90,96,200.000000,230.000000,4.849492
91,96,205.000000,230.000000,4.822636
92,96,210.000000,230.000000,4.795779
93,96,215.000000,230.000000,4.768923
94,96,220.000000,230.000000,4.742155
95,96,225.000000,230.000000,4.715425
96,96,230.000000,230.000000,4.689547
97,96,235.000000,230.000000,4.663669
98,96,240.000000,230.000000,4.637792
99,96,245.000000,230.000000,4.612025
100,96,250.000000,230.000000,4.586492
0,97,-250.000000,235.000000,6.413517
1,97,-245.000000,235.000000,6.394138
2,97,-240.000000,235.000000,6.374744
3,97,-235.000000,235.000000,6.355350
4,97,-230.000000,235.000000,6.335957
5,97,-225.000000,235.000000,6.316437
6,97,-220.000000,235.000000,6.296904
7,97,-215.000000,235.000000,6.277359
8,97,-210.000000,235.000000,6.257814
9,97,-205.000000,235.000000,6.238269
10,97,-200.000000,235.000000,6.219262
11,97,-195.000000,235.000000,6.201276
12,97,-190.000000,235.000000,6.183411
13,97,-185.000000,235.000000,6.165670
14,97,-180.000000,235.000000,6.147929
15,97,-175.000000,235.000000,6.130189
16,97,-170.000000,235.000000,6.113804
17,97,-165.000000,235.000000,6.097801
18,97,-160.000000,235.000000,6.082167
19,97,-155.000000,235.000000,6.066562
20,97,-150.000000,235.000000,6.050957
21,97,-145.000000,235.000000,6.035416
22,97,-140.000000,235.000000,6.020104
23,97,-135.000000,235.000000,6.004825
24,97,-130.000000,235.000000,5.989604
25,97,-125.000000,235.000000,5.974383
26,97,-120.000000,235.000000,5.959162
27,97,-115.000000,235.000000,5.943348
28,97,-110.000000,235.000000,5.927219
29,97,-105.000000,235.000000,5.910795
30,97,-100.000000,235.000000,5.894298
31,97,-95.000000,235.000000,5.877800
32,97,-90.000000,235.000000,5.861253
33,97,-85.000000,235.000000,5.844204
34,97,-80.000000,235.000000,5.827088
35,97,-75.000000,235.000000,5.809755
36,97,-70.000000,235.000000,5.792423
37,97,-65.000000,235.000000,5.775090
38,97,-60.000000,235.000000,5.758101
39,97,-55.000000,235.000000,5.741423
40,97,-50.000000,235.000000,5.725026
41,97,-45.000000,235.000000,5.708767
42,97,-40.000000,235.000000,5.692507
43,97,-35.000000,235.000000,5.676248
44,97,-30.000000,235.000000,5.661070
45,97,-25.000000,235.000000,5.646031
46,97,-20.000000,235.000000,5.631785
47,97,-15.000000,235.000000,5.617538
48,97,-10.000000,235.000000,5.603292
49,97,-5.000000,235.000000,5.589203
50,97,0.000000,235.000000,5.575353
51,97,5.000000,235.000000,5.561712
52,97,10.000000,235.000000,5.548247
53,97,15.000000,235.000000,5.534781
54,97,20.000000,235.000000,5.521315
55,97,25.000000,235.000000,5.507399
56,97,30.000000,235.000000,5.493391
57,97,35.000000,235.000000,5.478755
58,97,40.000000,235.000000,5.464106
59,97,45.000000,235.000000,5.449456
60,97,50.000000,235.000000,5.434617
61,97,55.000000,235.000000,5.419262
62,97,60.000000,235.000000,5.403482
63,97,65.000000,235.000000,5.387100
64,97,70.000000,235.000000,5.370719
65,97,75.000000,235.000000,5.354337
66,97,80.000000,235.000000,5.337762
67,97,85.000000,235.000000,5.321107
68,97,90.000000,235.000000,5.304031
69,97,95.000000,235.000000,5.286882
70,97,100.000000,235.000000,5.269732
71,97,105.000000,235.000000,5.252568
72,97,110.000000,235.000000,5.235316
73,97,115.000000,235.000000,5.217997
74,97,120.000000,235.000000,5.200513
75,97,125.000000,235.000000,5.183028
76,97,130.000000,235.000000,5.165543
77,97,135.000000,235.000000,5.147785
78,97,140.000000,235.000000,5.129827
79,97,145.000000,235.000000,5.110868
80,97,150.000000,235.000000,5.091523
81,97,155.000000,235.000000,5.072178
82,97,160.000000,235.000000,5.052822
83,97,165.000000,235.000000,5.032678
84,97,170.000000,235.000000,5.012040
85,97,175.000000,235.000000,4.988767
86,97,180.000000,235.000000,4.965493
87,97,185.000000,235.000000,4.942220
88,97,190.000000,235.000000,4.918712
89,97,195.000000,235.000000,4.894915
90,97,200.000000,235.000000,4.869390
91,97,205.000000,235.000000,4.842683
92,97,210.000000,235.000000,4.815977
93,97,215.000000,235.000000,4.789271
94,97,220.000000,235.000000,4.762654
95,97,225.000000,235.000000,4.736076
96,97,230.000000,235.000000,4.710366
97,97,235.000000,235.000000,4.684656
98,97,240.000000,235.000000,4.658946
99,97,245.000000,235.000000,4.633346
100,97,250.000000,235.000000,4.607980
0,98,-250.000000,240.000000,6.447442
1,98,-245.000000,240.000000,6.427512
2,98,-240.000000,240.000000,6.407569
3,98,-235.000000,240.000000,6.387625
4,98,-230.000000,240.000000,6.367682
5,98,-225.000000,240.000000,6.347728
6,98,-220.000000,240.000000,6.327774
7,98,-215.000000,240.000000,6.307819
8,98,-210.000000,240.000000,6.287863
9,98,-205.000000,240.000000,6.267908
10,98,-200.000000,240.000000,6.248509
11,98,-195.000000,240.000000,6.230169
12,98,-190.000000,240.000000,6.211953
13,98,-185.000000,240.000000,6.193865
14,98,-180.000000,240.000000,6.175778
15,98,-175.000000,240.000000,6.157691
16,98,-170.000000,240.000000,6.140953
17,98,-165.000000,240.000000,6.124594
18,98,-160.000000,240.000000,6.108602
19,98,-155.000000,240.000000,6.092640
20,98,-150.000000,240.000000,6.076677
21,98,-145.000000,240.000000,6.060778
22,98,-140.000000,240.000000,6.045110
23,98,-135.000000,240.000000,6.029475
24,98,-130.000000,240.000000,6.013899
25,98,-125.000000,240.000000,5.998323
26,98,-120.000000,240.000000,5.982746
27,98,-115.000000,240.000000,5.966608
28,98,-110.000000,240.000000,5.950170
29,98,-105.000000,240.000000,5.933454
30,98,-100.000000,240.000000,5.916667
31,98,-95.000000,240.000000,5.899880
32,98,-90.000000,240.000000,5.883050
33,98,-85.000000,240.000000,5.865775
34,98,-80.000000,240.000000,5.848440
35,98,-75.000000,240.000000,5.830914
36,98,-70.000000,240.000000,5.813388
37,98,-65.000000,240.000000,5.795861
38,98,-60.000000,240.000000,5.778699
39,98,-55.000000,240.000000,5.761867
40,98,-50.000000,240.000000,5.745332
41,98,-45.000000,240.000000,5.728944
42,98,-40.000000,240.000000,5.712556
43,98,-35.000000,240.000000,5.696167
44,98,-30.000000,240.000000,5.680874
45,98,-25.000000,240.000000,5.665722
46,98,-20.000000,240.000000,5.651372
47,98,-15.000000,240.000000,5.637022
48,98,-10.000000,240.000000,5.622672
49,98,-5.000000,240.000000,5.608485
50,98,0.000000,240.000000,5.594544
51,98,5.000000,240.000000,5.580818
52,98,10.000000,240.000000,5.567274
53,98,15.000000,240.000000,5.553729
54,98,20.000000,240.000000,5.540184
55,98,25.000000,240.000000,5.526207
56,98,30.000000,240.000000,5.512142
57,98,35.000000,240.000000,5.497475
58,98,40.000000,240.000000,5.482794
59,98,45.000000,240.000000,5.468113
60,98,50.000000,240.000000,5.453248
61,98,55.000000,240.000000,5.437884
62,98,60.000000,240.000000,5.422108
63,98,65.000000,240.000000,5.405748
64,98,70.000000,240.000000,5.389387
65,98,75.000000,240.000000,5.373027
66,98,80.000000,240.000000,5.356481
67,98,85.000000,240.000000,5.339857
68,98,90.000000,240.000000,5.322828
69,98,95.000000,240.000000,5.305728
70,98,100.000000,240.000000,5.288627
71,98,105.000000,240.000000,5.271513
72,98,110.000000,240.000000,5.254313
73,98,115.000000,240.000000,5.237049
74,98,120.000000,240.000000,5.219624
75,98,125.000000,240.000000,5.202198
76,98,130.000000,240.000000,5.184773
77,98,135.000000,240.000000,5.167080
78,98,140.000000,240.000000,5.149190
79,98,145.000000,240.000000,5.130319
80,98,150.000000,240.000000,5.111070
81,98,155.000000,240.000000,5.091820
82,98,160.000000,240.000000,5.072561
83,98,165.000000,240.000000,5.052530
84,98,170.000000,240.000000,5.032016
85,98,175.000000,240.000000,5.008926
86,98,180.000000,240.000000,4.985836
87,98,185.000000,240.000000,4.962746
88,98,190.000000,240.000000,4.939428
89,98,195.000000,240.000000,4.915829
90,98,200.000000,240.000000,4.890554
91,98,205.000000,240.000000,4.864133
92,98,210.000000,240.000000,4.837712
93,98,215.000000,240.000000,4.811290
94,98,220.000000,240.000000,4.784962
95,98,225.000000,240.000000,4.758675
96,98,230.000000,240.000000,4.733290
97,98,235.000000,240.000000,4.707906
98,98,240.000000,240.000000,4.682522
99,98,245.000000,240.000000,4.657247
100,98,250.000000,240.000000,4.632202
0,99,-250.000000,245.000000,6.481367
1,99,-245.000000,245.000000,6.460886
2,99,-240.000000,245.000000,6.440393
3,99,-235.000000,245.000000,6.419900
4,99,-230.000000,245.000000,6.399407
5,99,-225.000000,245.000000,6.379020
6,99,-220.000000,245.000000,6.358644
7,99,-215.000000,245.000000,6.338278
8,99,-210.000000,245.000000,6.317913
9,99,-205.000000,245.000000,6.297547
10,99,-200.000000,245.000000,6.277757
11,99,-195.000000,245.000000,6.259062
12,99,-190.000000,245.000000,6.240494
13,99,-185.000000,245.000000,6.222061
14,99,-180.000000,245.000000,6.203627
15,99,-175.000000,245.000000,6.185194
16,99,-170.000000,245.000000,6.168102
17,99,-165.000000,245.000000,6.151388
18,99,-160.000000,245.000000,6.135038
19,99,-155.000000,245.000000,6.118718
20,99,-150.000000,245.000000,6.102397
21,99,-145.000000,245.000000,6.086141
22,99,-140.000000,245.000000,6.070117
23,99,-135.000000,245.000000,6.054126
24,99,-130.000000,245.000000,6.038194
25,99,-125.000000,245.000000,6.022262
26,99,-120.000000,245.000000,6.006331
27,99,-115.000000,245.000000,5.989867
28,99,-110.000000,245.000000,5.973121
29,99,-105.000000,245.000000,5.956112
30,99,-100.000000,245.000000,5.939037
31,99,-95.000000,245.000000,5.921961
32,99,-90.000000,245.000000,5.904848
33,99,-85.000000,245.000000,5.887346
34,99,-80.000000,245.000000,5.869793
35,99,-75.000000,245.000000,5.852073
36,99,-70.000000,245.000000,5.834352
37,99,-65.000000,245.000000,5.816632
38,99,-60.000000,245.000000,5.799297
39,99,-55.000000,245.000000,5.782311
40,99,-50.000000,245.000000,5.765639
41,99,-45.000000,245.000000,5.749121
42,99,-40.000000,245.000000,5.732604
43,99,-35.000000,245.000000,5.716087
44,99,-30.000000,245.000000,5.700678
45,99,-25.000000,245.000000,5.685412
46,99,-20.000000,245.000000,5.670959
47,99,-15.000000,245.000000,5.656506
48,99,-10.000000,245.000000,5.642053
49,99,-5.000000,245.000000,5.627767
50,99,0.000000,245.000000,5.613735
51,99,5.000000,245.000000,5.599925
52,99,10.000000,245.000000,5.586301
53,99,15.000000,245.000000,5.572677
54,99,20.000000,245.000000,5.559053
55,99,25.000000,245.000000,5.545015
56,99,30.000000,245.000000,5.530893
57,99,35.000000,245.000000,5.516194
58,99,40.000000,245.000000,5.501482
59,99,45.000000,245.000000,5.486770
60,99,50.000000,245.000000,5.471880
61,99,55.000000,245.000000,5.456506
62,99,60.000000,245.000000,5.440733
63,99,65.000000,245.000000,5.424395
64,99,70.000000,245.000000,5.408056
65,99,75.000000,245.000000,5.391717
66,99,80.000000,245.000000,5.375200
67,99,85.000000,245.000000,5.358608
68,99,90.000000,245.000000,5.341625
69,99,95.000000,245.000000,5.324574
70,99,100.000000,245.000000,5.307523
71,99,105.000000,245.000000,5.290458
72,99,110.000000,245.000000,5.273311
73,99,115.000000,245.000000,5.256101
74,99,120.000000,245.000000,5.238735
75,99,125.000000,245.000000,5.221369
76,99,130.000000,245.000000,5.204002
77,99,135.000000,245.000000,5.186374
78,99,140.000000,245.000000,5.168554
79,99,145.000000,245.000000,5.149770
80,99,150.000000,245.000000,5.130617
81,99,155.000000,245.000000,5.111463
82,99,160.000000,245.000000,5.092300
83,99,165.000000,245.000000,5.072383
84,99,170.000000,245.000000,5.051993
85,99,175.000000,245.000000,5.029086
86,99,180.000000,245.000000,5.006179
87,99,185.000000,245.000000,4.983272
88,99,190.000000,245.000000,4.960144
89,99,195.000000,245.000000,4.936744
90,99,200.000000,245.000000,4.911719
91,99,205.000000,245.000000,4.885583
92,99,210.000000,245.000000,4.859446
93,99,215.000000,245.000000,4.833310
94,99,220.000000,245.000000,4.807271
95,99,225.000000,245.000000,4.781274
96,99,230.000000,245.000000,4.756215
97,99,235.000000,245.000000,4.731156
98,99,240.000000,245.000000,4.706098
99,99,245.000000,245.000000,4.681147
100,99,250.000000,245.000000,4.656425
0,100,-250.000000,250.000000,6.515292
1,100,-245.000000,250.000000,6.494260
2,100,-240.000000,250.000000,6.473218
3,100,-235.000000,250.000000,6.452175
4,100,-230.000000,250.000000,6.431132
5,100,-225.000000,250.000000,6.410311
6,100,-220.000000,250.000000,6.389514
7,100,-215.000000,250.000000,6.368738
8,100,-210.000000,250.000000,6.347962
9,100,-205.000000,250.000000,6.327186
10,100,-200.000000,250.000000,6.307005
11,100,-195.000000,250.000000,6.287954
12,100,-190.000000,250.000000,6.269036
13,100,-185.000000,250.000000,6.250256
14,100,-180.000000,250.000000,6.231476
15,100,-175.000000,250.000000,6.212696
16,100,-170.000000,250.000000,6.195251
17,100,-165.000000,250.000000,6.178181
18,100,-160.000000,250.000000,6.161474
19,100,-155.000000,250.000000,6.144795
20,100,-150.000000,250.000000,6.128117
21,100,-145.000000,250.000000,6.111503
22,100,-140.000000,250.000000,6.095123
23,100,-135.000000,250.000000,6.078777
24,100,-130.000000,250.000000,6.062489
25,100,-125.000000,250.000000,6.046202
26,100,-120.000000,250.000000,6.029915
27,100,-115.000000,250.000000,6.013127
28,100,-110.000000,250.000000,5.996073
29,100,-105.000000,250.000000,5.978771
30,100,-100.000000,250.000000,5.961406
31,100,-95.000000,250.000000,5.944042
32,100,-90.000000,250.000000,5.926645
33,100,-85.000000,250.000000,5.908917
34,100,-80.000000,250.000000,5.891145
35,100,-75.000000,250.000000,5.873231
36,100,-70.000000,250.000000,5.855317
37,100,-65.000000,250.000000,5.837403
38,100,-60.000000,250.000000,5.819895
39,100,-55.000000,250.000000,5.802754
40,100,-50.000000,250.000000,5.785945
41,100,-45.000000,250.000000,5.769298
42,100,-40.000000,250.000000,5.752652
43,100,-35.000000,250.000000,5.736006
44,100,-30.000000,250.000000,5.720482
45,100,-25.000000,250.000000,5.705103
46,100,-20.000000,250.000000,5.690546
47,100,-15.000000,250.000000,5.675990
48,100,-10.000000,250.000000,5.661433
49,100,-5.000000,250.000000,5.647049
50,100,0.000000,250.000000,5.632926
51,100,5.000000,250.000000,5.619031
52,100,10.000000,250.000000,5.605328
53,100,15.000000,250.000000,5.591625
54,100,20.000000,250.000000,5.577923
55,100,25.000000,250.000000,5.563823
56,100,30.000000,250.000000,5.549644
57,100,35.000000,250.000000,5.534914
58,100,40.000000,250.000000,5.520170
59,100,45.000000,250.000000,5.505427
60,100,50.000000,250.000000,5.490512
61,100,55.000000,250.000000,5.475129
62,100,60.000000,250.000000,5.459359
63,100,65.000000,250.000000,5.443042
64,100,70.000000,250.000000,5.426725
65,100,75.000000,250.000000,5.410407
66,100,80.000000,250.000000,5.393919
67,100,85.000000,250.000000,5.377358
68,100,90.000000,250.000000,5.360422
69,100,95.000000,250.000000,5.343420
70,100,100.000000,250.000000,5.326418
71,100,105.000000,250.000000,5.309403
72,100,110.000000,250.000000,5.292308
73,100,115.000000,250.000000,5.275153
74,100,120.000000,250.000000,5.257846
75,100,125.000000,250.000000,5.240539
76,100,130.000000,250.000000,5.223232
77,100,135.000000,250.000000,5.205669
78,100,140.000000,250.000000,5.187917
79,100,145.000000,250.000000,5.169222
80,100,150.000000,250.000000,5.150164
81,100,155.000000,250.000000,5.131106
82,100,160.000000,250.000000,5.112038
83,100,165.000000,250.000000,5.092235
84,100,170.000000,250.000000,5.071970
85,100,175.000000,250.000000,5.049246
86,100,180.000000,250.000000,5.026522
87,100,185.000000,250.000000,5.003798
88,100,190.000000,250.000000,4.980860
89,100,195.000000,250.000000,4.957659
90,100,200.000000,250.000000,4.932883
91,100,205.000000,250.000000,4.907032
92,100,210.000000,250.000000,4.881181
93,100,215.000000,250.000000,4.855330
94,100,220.000000,250.000000,4.829580
95,100,225.000000,250.000000,4.803872
96,100,230.000000,250.000000,4.779139
97,100,235.000000,250.000000,4.754406
98,100,240.000000,250.000000,4.729674
99,100,245.000000,250.000000,4.705047
100,100,250.000000,250.000000,4.680648
