ix,iy,x_m,y_m,depth_m
0,0,-250.000000,-250.000000,9.657407
1,0,-245.000000,-250.000000,9.635026
2,0,-240.000000,-250.000000,9.613475
3,0,-235.000000,-250.000000,9.591937
4,0,-230.000000,-250.000000,9.570450
5,0,-225.000000,-250.000000,9.548963
6,0,-220.000000,-250.000000,9.527475
7,0,-215.000000,-250.000000,9.505848
8,0,-210.000000,-250.000000,9.484069
9,0,-205.000000,-250.000000,9.462265
10,0,-200.000000,-250.000000,9.440446
11,0,-195.000000,-250.000000,9.418627
12,0,-190.000000,-250.000000,9.396808
13,0,-185.000000,-250.000000,9.374207
14,0,-180.000000,-250.000000,9.351522
15,0,-175.000000,-250.000000,9.328674
16,0,-170.000000,-250.000000,9.305825
17,0,-165.000000,-250.000000,9.282977
18,0,-160.000000,-250.000000,9.260018
19,0,-155.000000,-250.000000,9.236857
20,0,-150.000000,-250.000000,9.213652
21,0,-145.000000,-250.000000,9.190402
22,0,-140.000000,-250.000000,9.167153
23,0,-135.000000,-250.000000,9.143903
24,0,-130.000000,-250.000000,9.121166
25,0,-125.000000,-250.000000,9.098567
26,0,-120.000000,-250.000000,9.076193
27,0,-115.000000,-250.000000,9.053837
28,0,-110.000000,-250.000000,9.031480
29,0,-105.000000,-250.000000,9.009345
30,0,-100.000000,-250.000000,8.987980
31,0,-95.000000,-250.000000,8.966789
32,0,-90.000000,-250.000000,8.945895
33,0,-85.000000,-250.000000,8.925002
34,0,-80.000000,-250.000000,8.904108
35,0,-75.000000,-250.000000,8.883504
36,0,-70.000000,-250.000000,8.863049
37,0,-65.000000,-250.000000,8.842803
38,0,-60.000000,-250.000000,8.822608
39,0,-55.000000,-250.000000,8.802414
40,0,-50.000000,-250.000000,8.782192
41,0,-45.000000,-250.000000,8.761708
42,0,-40.000000,-250.000000,8.741173
43,0,-35.000000,-250.000000,8.720477
44,0,-30.000000,-250.000000,8.699781
45,0,-25.000000,-250.000000,8.679085
46,0,-20.000000,-250.000000,8.658199
47,0,-15.000000,-250.000000,8.637145
48,0,-10.000000,-250.000000,8.615873
49,0,-5.000000,-250.000000,8.594496
50,0,0.000000,-250.000000,8.573119
51,0,5.000000,-250.000000,8.551742
52,0,10.000000,-250.000000,8.530604
53,0,15.000000,-250.000000,8.509504
54,0,20.000000,-250.000000,8.488646
55,0,25.000000,-250.000000,8.467789
56,0,30.000000,-250.000000,8.446931
57,0,35.000000,-250.000000,8.426400
58,0,40.000000,-250.000000,8.406351
59,0,45.000000,-250.000000,8.386907
60,0,50.000000,-250.000000,8.367958
61,0,55.000000,-250.000000,8.349010
62,0,60.000000,-250.000000,8.330062
63,0,65.000000,-250.000000,8.311764
64,0,70.000000,-250.000000,8.293589
65,0,75.000000,-250.000000,8.276697
66,0,80.000000,-250.000000,8.259824
67,0,85.000000,-250.000000,8.242952
68,0,90.000000,-250.000000,8.226164
69,0,95.000000,-250.000000,8.209599
70,0,100.000000,-250.000000,8.193307
71,0,105.000000,-250.000000,8.177390
72,0,110.000000,-250.000000,8.161473
73,0,115.000000,-250.000000,8.145556
74,0,120.000000,-250.000000,8.129600
75,0,125.000000,-250.000000,8.113628
76,0,130.000000,-250.000000,8.097528
77,0,135.000000,-250.000000,8.081406
78,0,140.000000,-250.000000,8.065285
79,0,145.000000,-250.000000,8.049150
80,0,150.000000,-250.000000,8.032938
81,0,155.000000,-250.000000,8.016630
82,0,160.000000,-250.000000,8.000094
83,0,165.000000,-250.000000,7.983557
84,0,170.000000,-250.000000,7.967021
85,0,175.000000,-250.000000,7.950483
86,0,180.000000,-250.000000,7.933944
87,0,185.000000,-250.000000,7.917396
88,0,190.000000,-250.000000,7.900844
89,0,195.000000,-250.000000,7.884292
90,0,200.000000,-250.000000,7.867740
91,0,205.000000,-250.000000,7.851188
92,0,210.000000,-250.000000,7.834636
93,0,215.000000,-250.000000,7.818085
94,0,220.000000,-250.000000,7.801534
95,0,225.000000,-250.000000,7.784983
96,0,230.000000,-250.000000,7.768413
97,0,235.000000,-250.000000,7.751819
98,0,240.000000,-250.000000,7.734878
99,0,245.000000,-250.000000,7.717706
100,0,250.000000,-250.000000,7.700534
0,1,-250.000000,-245.000000,9.645430
1,1,-245.000000,-245.000000,9.623188
2,1,-240.000000,-245.000000,9.601770
3,1,-235.000000,-245.000000,9.580364
4,1,-230.000000,-245.000000,9.559009
5,1,-225.000000,-245.000000,9.537654
6,1,-220.000000,-245.000000,9.516299
7,1,-215.000000,-245.000000,9.494794
8,1,-210.000000,-245.000000,9.473127
9,1,-205.000000,-245.000000,9.451433
10,1,-200.000000,-245.000000,9.429723
11,1,-195.000000,-245.000000,9.408014
12,1,-190.000000,-245.000000,9.386304
13,1,-185.000000,-245.000000,9.363762
14,1,-180.000000,-245.000000,9.341132
15,1,-175.000000,-245.000000,9.318327
16,1,-170.000000,-245.000000,9.295523
17,1,-165.000000,-245.000000,9.272718
18,1,-160.000000,-245.000000,9.249785
19,1,-155.000000,-245.000000,9.226614
20,1,-150.000000,-245.000000,9.203392
21,1,-145.000000,-245.000000,9.180118
22,1,-140.000000,-245.000000,9.156843
23,1,-135.000000,-245.000000,9.133569
24,1,-130.000000,-245.000000,9.110806
25,1,-125.000000,-245.000000,9.088181
26,1,-120.000000,-245.000000,9.065781
27,1,-115.000000,-245.000000,9.043398
28,1,-110.000000,-245.000000,9.021014
29,1,-105.000000,-245.000000,8.998864
30,1,-100.000000,-245.000000,8.977525
31,1,-95.000000,-245.000000,8.956370
32,1,-90.000000,-245.000000,8.935528
33,1,-85.000000,-245.000000,8.914685
34,1,-80.000000,-245.000000,8.893843
35,1,-75.000000,-245.000000,8.873326
36,1,-70.000000,-245.000000,8.852976
37,1,-65.000000,-245.000000,8.832862
38,1,-60.000000,-245.000000,8.812805
39,1,-55.000000,-245.000000,8.792749
40,1,-50.000000,-245.000000,8.772665
41,1,-45.000000,-245.000000,8.752328
42,1,-40.000000,-245.000000,8.731941
43,1,-35.000000,-245.000000,8.711398
44,1,-30.000000,-245.000000,8.690854
45,1,-25.000000,-245.000000,8.670310
46,1,-20.000000,-245.000000,8.649561
47,1,-15.000000,-245.000000,8.628631
48,1,-10.000000,-245.000000,8.607465
49,1,-5.000000,-245.000000,8.586186
50,1,0.000000,-245.000000,8.564906
51,1,5.000000,-245.000000,8.543627
52,1,10.000000,-245.000000,8.522567
53,1,15.000000,-245.000000,8.501543
54,1,20.000000,-245.000000,8.480741
55,1,25.000000,-245.000000,8.459939
56,1,30.000000,-245.000000,8.439138
57,1,35.000000,-245.000000,8.418669
58,1,40.000000,-245.000000,8.398692
59,1,45.000000,-245.000000,8.379330
60,1,50.000000,-245.000000,8.360474
61,1,55.000000,-245.000000,8.341618
62,1,60.000000,-245.000000,8.322762
63,1,65.000000,-245.000000,8.304583
64,1,70.000000,-245.000000,8.286533
65,1,75.000000,-245.000000,8.269818
66,1,80.000000,-245.000000,8.253124
67,1,85.000000,-245.000000,8.236429
68,1,90.000000,-245.000000,8.219825
69,1,95.000000,-245.000000,8.203456
70,1,100.000000,-245.000000,8.187375
71,1,105.000000,-245.000000,8.171692
72,1,110.000000,-245.000000,8.156008
73,1,115.000000,-245.000000,8.140324
74,1,120.000000,-245.000000,8.124598
75,1,125.000000,-245.000000,8.108854
76,1,130.000000,-245.000000,8.092971
77,1,135.000000,-245.000000,8.077065
78,1,140.000000,-245.000000,8.061158
79,1,145.000000,-245.000000,8.045237
80,1,150.000000,-245.000000,8.029227
81,1,155.000000,-245.000000,8.013110
82,1,160.000000,-245.000000,7.996733
83,1,165.000000,-245.000000,7.980357
84,1,170.000000,-245.000000,7.963980
85,1,175.000000,-245.000000,7.947599
86,1,180.000000,-245.000000,7.931214
87,1,185.000000,-245.000000,7.914800
88,1,190.000000,-245.000000,7.898375
89,1,195.000000,-245.000000,7.881950
90,1,200.000000,-245.000000,7.865526
91,1,205.000000,-245.000000,7.849102
92,1,210.000000,-245.000000,7.832678
93,1,215.000000,-245.000000,7.816260
94,1,220.000000,-245.000000,7.799842
95,1,225.000000,-245.000000,7.783423
96,1,230.000000,-245.000000,7.766986
97,1,235.000000,-245.000000,7.750526
98,1,240.000000,-245.000000,7.733726
99,1,245.000000,-245.000000,7.716700
100,1,250.000000,-245.000000,7.699674
0,2,-250.000000,-240.000000,9.634364
1,2,-245.000000,-240.000000,9.612253
2,2,-240.000000,-240.000000,9.590963
3,2,-235.000000,-240.000000,9.569685
4,2,-230.000000,-240.000000,9.548457
5,2,-225.000000,-240.000000,9.527229
6,2,-220.000000,-240.000000,9.506001
7,2,-215.000000,-240.000000,9.484612
8,2,-210.000000,-240.000000,9.463049
9,2,-205.000000,-240.000000,9.441457
10,2,-200.000000,-240.000000,9.419848
11,2,-195.000000,-240.000000,9.398239
12,2,-190.000000,-240.000000,9.376631
13,2,-185.000000,-240.000000,9.354139
14,2,-180.000000,-240.000000,9.331553
15,2,-175.000000,-240.000000,9.308783
16,2,-170.000000,-240.000000,9.286013
17,2,-165.000000,-240.000000,9.263242
18,2,-160.000000,-240.000000,9.240326
19,2,-155.000000,-240.000000,9.217139
20,2,-150.000000,-240.000000,9.193893
21,2,-145.000000,-240.000000,9.170589
22,2,-140.000000,-240.000000,9.147284
23,2,-135.000000,-240.000000,9.123979
24,2,-130.000000,-240.000000,9.101186
25,2,-125.000000,-240.000000,9.078532
26,2,-120.000000,-240.000000,9.056103
27,2,-115.000000,-240.000000,9.033691
28,2,-110.000000,-240.000000,9.011279
29,2,-105.000000,-240.000000,8.989111
30,2,-100.000000,-240.000000,8.967796
31,2,-95.000000,-240.000000,8.946672
32,2,-90.000000,-240.000000,8.925877
33,2,-85.000000,-240.000000,8.905082
34,2,-80.000000,-240.000000,8.884287
35,2,-75.000000,-240.000000,8.863850
36,2,-70.000000,-240.000000,8.843597
37,2,-65.000000,-240.000000,8.823605
38,2,-60.000000,-240.000000,8.803675
39,2,-55.000000,-240.000000,8.783745
40,2,-50.000000,-240.000000,8.763789
41,2,-45.000000,-240.000000,8.743583
42,2,-40.000000,-240.000000,8.723328
43,2,-35.000000,-240.000000,8.702920
44,2,-30.000000,-240.000000,8.682511
45,2,-25.000000,-240.000000,8.662102
46,2,-20.000000,-240.000000,8.641472
47,2,-15.000000,-240.000000,8.620648
48,2,-10.000000,-240.000000,8.599569
49,2,-5.000000,-240.000000,8.578368
50,2,0.000000,-240.000000,8.557168
51,2,5.000000,-240.000000,8.535967
52,2,10.000000,-240.000000,8.514969
53,2,15.000000,-240.000000,8.494004
54,2,20.000000,-240.000000,8.473244
55,2,25.000000,-240.000000,8.452485
56,2,30.000000,-240.000000,8.431725
57,2,35.000000,-240.000000,8.411305
58,2,40.000000,-240.000000,8.391387
59,2,45.000000,-240.000000,8.372097
60,2,50.000000,-240.000000,8.353325
61,2,55.000000,-240.000000,8.334552
62,2,60.000000,-240.000000,8.315779
63,2,65.000000,-240.000000,8.297711
64,2,70.000000,-240.000000,8.279777
65,2,75.000000,-240.000000,8.263233
66,2,80.000000,-240.000000,8.246710
67,2,85.000000,-240.000000,8.230187
68,2,90.000000,-240.000000,8.213759
69,2,95.000000,-240.000000,8.197578
70,2,100.000000,-240.000000,8.181701
71,2,105.000000,-240.000000,8.166242
72,2,110.000000,-240.000000,8.150783
73,2,115.000000,-240.000000,8.135324
74,2,120.000000,-240.000000,8.119818
75,2,125.000000,-240.000000,8.104293
76,2,130.000000,-240.000000,8.088617
77,2,135.000000,-240.000000,8.072915
78,2,140.000000,-240.000000,8.057213
79,2,145.000000,-240.000000,8.041495
80,2,150.000000,-240.000000,8.025677
81,2,155.000000,-240.000000,8.009740
82,2,160.000000,-240.000000,7.993514
83,2,165.000000,-240.000000,7.977288
84,2,170.000000,-240.000000,7.961062
85,2,175.000000,-240.000000,7.944828
86,2,180.000000,-240.000000,7.928588
87,2,185.000000,-240.000000,7.912301
88,2,190.000000,-240.000000,7.895997
89,2,195.000000,-240.000000,7.879693
90,2,200.000000,-240.000000,7.863388
91,2,205.000000,-240.000000,7.847085
92,2,210.000000,-240.000000,7.830784
93,2,215.000000,-240.000000,7.814493
94,2,220.000000,-240.000000,7.798202
95,2,225.000000,-240.000000,7.781911
96,2,230.000000,-240.000000,7.765601
97,2,235.000000,-240.000000,7.749270
98,2,240.000000,-240.000000,7.732604
99,2,245.000000,-240.000000,7.715716
100,2,250.000000,-240.000000,7.698828
0,3,-250.000000,-235.000000,9.623298
1,3,-245.000000,-235.000000,9.601319
2,3,-240.000000,-235.000000,9.580156
3,3,-235.000000,-235.000000,9.559005
4,3,-230.000000,-235.000000,9.537905
5,3,-225.000000,-235.000000,9.516804
6,3,-220.000000,-235.000000,9.495703
7,3,-215.000000,-235.000000,9.474431
8,3,-210.000000,-235.000000,9.452971
9,3,-205.000000,-235.000000,9.431481
10,3,-200.000000,-235.000000,9.409973
11,3,-195.000000,-235.000000,9.388465
12,3,-190.000000,-235.000000,9.366957
13,3,-185.000000,-235.000000,9.344515
14,3,-180.000000,-235.000000,9.321975
15,3,-175.000000,-235.000000,9.299239
16,3,-170.000000,-235.000000,9.276503
17,3,-165.000000,-235.000000,9.253767
18,3,-160.000000,-235.000000,9.230867
19,3,-155.000000,-235.000000,9.207663
20,3,-150.000000,-235.000000,9.184395
21,3,-145.000000,-235.000000,9.161059
22,3,-140.000000,-235.000000,9.137724
23,3,-135.000000,-235.000000,9.114389
24,3,-130.000000,-235.000000,9.091567
25,3,-125.000000,-235.000000,9.068883
26,3,-120.000000,-235.000000,9.046426
27,3,-115.000000,-235.000000,9.023985
28,3,-110.000000,-235.000000,9.001543
29,3,-105.000000,-235.000000,8.979359
30,3,-100.000000,-235.000000,8.958066
31,3,-95.000000,-235.000000,8.936974
32,3,-90.000000,-235.000000,8.916226
33,3,-85.000000,-235.000000,8.895478
34,3,-80.000000,-235.000000,8.874731
35,3,-75.000000,-235.000000,8.854374
36,3,-70.000000,-235.000000,8.834219
37,3,-65.000000,-235.000000,8.814347
38,3,-60.000000,-235.000000,8.794544
39,3,-55.000000,-235.000000,8.774741
40,3,-50.000000,-235.000000,8.754913
41,3,-45.000000,-235.000000,8.734838
42,3,-40.000000,-235.000000,8.714716
43,3,-35.000000,-235.000000,8.694442
44,3,-30.000000,-235.000000,8.674168
45,3,-25.000000,-235.000000,8.653894
46,3,-20.000000,-235.000000,8.633383
47,3,-15.000000,-235.000000,8.612664
48,3,-10.000000,-235.000000,8.591673
49,3,-5.000000,-235.000000,8.570551
50,3,0.000000,-235.000000,8.549430
51,3,5.000000,-235.000000,8.528308
52,3,10.000000,-235.000000,8.507372
53,3,15.000000,-235.000000,8.486466
54,3,20.000000,-235.000000,8.465748
55,3,25.000000,-235.000000,8.445030
56,3,30.000000,-235.000000,8.424312
57,3,35.000000,-235.000000,8.403941
58,3,40.000000,-235.000000,8.384082
59,3,45.000000,-235.000000,8.364865
60,3,50.000000,-235.000000,8.346176
61,3,55.000000,-235.000000,8.327486
62,3,60.000000,-235.000000,8.308797
63,3,65.000000,-235.000000,8.290839
64,3,70.000000,-235.000000,8.273021
65,3,75.000000,-235.000000,8.256647
66,3,80.000000,-235.000000,8.240296
67,3,85.000000,-235.000000,8.223945
68,3,90.000000,-235.000000,8.207692
69,3,95.000000,-235.000000,8.191701
70,3,100.000000,-235.000000,8.176027
71,3,105.000000,-235.000000,8.160793
72,3,110.000000,-235.000000,8.145558
73,3,115.000000,-235.000000,8.130323
74,3,120.000000,-235.000000,8.115038
75,3,125.000000,-235.000000,8.099732
76,3,130.000000,-235.000000,8.084263
77,3,135.000000,-235.000000,8.068765
78,3,140.000000,-235.000000,8.053268
79,3,145.000000,-235.000000,8.037752
80,3,150.000000,-235.000000,8.022128
81,3,155.000000,-235.000000,8.006371
82,3,160.000000,-235.000000,7.990295
83,3,165.000000,-235.000000,7.974219
84,3,170.000000,-235.000000,7.958143
85,3,175.000000,-235.000000,7.942057
86,3,180.000000,-235.000000,7.925963
87,3,185.000000,-235.000000,7.909803
88,3,190.000000,-235.000000,7.893619
89,3,195.000000,-235.000000,7.877435
90,3,200.000000,-235.000000,7.861251
91,3,205.000000,-235.000000,7.845069
92,3,210.000000,-235.000000,7.828890
93,3,215.000000,-235.000000,7.812726
94,3,220.000000,-235.000000,7.796563
95,3,225.000000,-235.000000,7.780399
96,3,230.000000,-235.000000,7.764217
97,3,235.000000,-235.000000,7.748013
98,3,240.000000,-235.000000,7.731482
99,3,245.000000,-235.000000,7.714732
100,3,250.000000,-235.000000,7.697982
0,4,-250.000000,-230.000000,9.612231
1,4,-245.000000,-230.000000,9.590385
2,4,-240.000000,-230.000000,9.569350
3,4,-235.000000,-230.000000,9.548326
4,4,-230.000000,-230.000000,9.527353
5,4,-225.000000,-230.000000,9.506379
6,4,-220.000000,-230.000000,9.485406
7,4,-215.000000,-230.000000,9.464249
8,4,-210.000000,-230.000000,9.442893
9,4,-205.000000,-230.000000,9.421505
10,4,-200.000000,-230.000000,9.400098
11,4,-195.000000,-230.000000,9.378690
12,4,-190.000000,-230.000000,9.357283
13,4,-185.000000,-230.000000,9.334892
14,4,-180.000000,-230.000000,9.312396
15,4,-175.000000,-230.000000,9.289694
16,4,-170.000000,-230.000000,9.266993
17,4,-165.000000,-230.000000,9.244291
18,4,-160.000000,-230.000000,9.221407
19,4,-155.000000,-230.000000,9.198188
20,4,-150.000000,-230.000000,9.174896
21,4,-145.000000,-230.000000,9.151530
22,4,-140.000000,-230.000000,9.128165
23,4,-135.000000,-230.000000,9.104799
24,4,-130.000000,-230.000000,9.081947
25,4,-125.000000,-230.000000,9.059234
26,4,-120.000000,-230.000000,9.036748
27,4,-115.000000,-230.000000,9.014278
28,4,-110.000000,-230.000000,8.991808
29,4,-105.000000,-230.000000,8.969606
30,4,-100.000000,-230.000000,8.948336
31,4,-95.000000,-230.000000,8.927276
32,4,-90.000000,-230.000000,8.906575
33,4,-85.000000,-230.000000,8.885875
34,4,-80.000000,-230.000000,8.865174
35,4,-75.000000,-230.000000,8.844898
36,4,-70.000000,-230.000000,8.824840
37,4,-65.000000,-230.000000,8.805089
38,4,-60.000000,-230.000000,8.785413
39,4,-55.000000,-230.000000,8.765738
40,4,-50.000000,-230.000000,8.746036
41,4,-45.000000,-230.000000,8.726093
42,4,-40.000000,-230.000000,8.706103
43,4,-35.000000,-230.000000,8.685964
44,4,-30.000000,-230.000000,8.665825
45,4,-25.000000,-230.000000,8.645686
46,4,-20.000000,-230.000000,8.625294
47,4,-15.000000,-230.000000,8.604680
48,4,-10.000000,-230.000000,8.583776
49,4,-5.000000,-230.000000,8.562734
50,4,0.000000,-230.000000,8.541691
51,4,5.000000,-230.000000,8.520649
52,4,10.000000,-230.000000,8.499774
53,4,15.000000,-230.000000,8.478927
54,4,20.000000,-230.000000,8.458251
55,4,25.000000,-230.000000,8.437575
56,4,30.000000,-230.000000,8.416899
57,4,35.000000,-230.000000,8.396577
58,4,40.000000,-230.000000,8.376778
59,4,45.000000,-230.000000,8.357633
60,4,50.000000,-230.000000,8.339027
61,4,55.000000,-230.000000,8.320420
62,4,60.000000,-230.000000,8.301814
63,4,65.000000,-230.000000,8.283967
64,4,70.000000,-230.000000,8.266265
65,4,75.000000,-230.000000,8.250062
66,4,80.000000,-230.000000,8.233882
67,4,85.000000,-230.000000,8.217702
68,4,90.000000,-230.000000,8.201626
69,4,95.000000,-230.000000,8.185823
70,4,100.000000,-230.000000,8.170353
71,4,105.000000,-230.000000,8.155343
72,4,110.000000,-230.000000,8.140333
73,4,115.000000,-230.000000,8.125323
74,4,120.000000,-230.000000,8.110258
75,4,125.000000,-230.000000,8.095172
76,4,130.000000,-230.000000,8.079909
77,4,135.000000,-230.000000,8.064616
78,4,140.000000,-230.000000,8.049323
79,4,145.000000,-230.000000,8.034010
80,4,150.000000,-230.000000,8.018578
81,4,155.000000,-230.000000,8.003002
82,4,160.000000,-230.000000,7.987076
83,4,165.000000,-230.000000,7.971151
84,4,170.000000,-230.000000,7.955225
85,4,175.000000,-230.000000,7.939286
86,4,180.000000,-230.000000,7.923337
87,4,185.000000,-230.000000,7.907304
88,4,190.000000,-230.000000,7.891241
89,4,195.000000,-230.000000,7.875177
90,4,200.000000,-230.000000,7.859113
91,4,205.000000,-230.000000,7.843053
92,4,210.000000,-230.000000,7.826996
93,4,215.000000,-230.000000,7.810960
94,4,220.000000,-230.000000,7.794923
95,4,225.000000,-230.000000,7.778887
96,4,230.000000,-230.000000,7.762832
97,4,235.000000,-230.000000,7.746757
98,4,240.000000,-230.000000,7.730359
99,4,245.000000,-230.000000,7.713748
100,4,250.000000,-230.000000,7.697136
0,5,-250.000000,-225.000000,9.601165
1,5,-245.000000,-225.000000,9.579450
2,5,-240.000000,-225.000000,9.558543
3,5,-235.000000,-225.000000,9.537647
4,5,-230.000000,-225.000000,9.516800
5,5,-225.000000,-225.000000,9.495954
6,5,-220.000000,-225.000000,9.475108
7,5,-215.000000,-225.000000,9.454067
8,5,-210.000000,-225.000000,9.432815
9,5,-205.000000,-225.000000,9.411529
10,5,-200.000000,-225.000000,9.390222
11,5,-195.000000,-225.000000,9.368916
12,5,-190.000000,-225.000000,9.347609
13,5,-185.000000,-225.000000,9.325268
14,5,-180.000000,-225.000000,9.302817
15,5,-175.000000,-225.000000,9.280150
16,5,-170.000000,-225.000000,9.257483
17,5,-165.000000,-225.000000,9.234815
18,5,-160.000000,-225.000000,9.211948
19,5,-155.000000,-225.000000,9.188713
20,5,-150.000000,-225.000000,9.165397
21,5,-145.000000,-225.000000,9.142001
22,5,-140.000000,-225.000000,9.118605
23,5,-135.000000,-225.000000,9.095209
24,5,-130.000000,-225.000000,9.072328
25,5,-125.000000,-225.000000,9.049586
26,5,-120.000000,-225.000000,9.027070
27,5,-115.000000,-225.000000,9.004571
28,5,-110.000000,-225.000000,8.982073
29,5,-105.000000,-225.000000,8.959853
30,5,-100.000000,-225.000000,8.938606
31,5,-95.000000,-225.000000,8.917577
32,5,-90.000000,-225.000000,8.896924
33,5,-85.000000,-225.000000,8.876271
34,5,-80.000000,-225.000000,8.855618
35,5,-75.000000,-225.000000,8.835422
36,5,-70.000000,-225.000000,8.815461
37,5,-65.000000,-225.000000,8.795832
38,5,-60.000000,-225.000000,8.776283
39,5,-55.000000,-225.000000,8.756734
40,5,-50.000000,-225.000000,8.737160
41,5,-45.000000,-225.000000,8.717348
42,5,-40.000000,-225.000000,8.697491
43,5,-35.000000,-225.000000,8.677486
44,5,-30.000000,-225.000000,8.657482
45,5,-25.000000,-225.000000,8.637478
46,5,-20.000000,-225.000000,8.617205
47,5,-15.000000,-225.000000,8.596697
48,5,-10.000000,-225.000000,8.575880
49,5,-5.000000,-225.000000,8.554917
50,5,0.000000,-225.000000,8.533953
51,5,5.000000,-225.000000,8.512989
52,5,10.000000,-225.000000,8.492177
53,5,15.000000,-225.000000,8.471389
54,5,20.000000,-225.000000,8.450755
55,5,25.000000,-225.000000,8.430120
56,5,30.000000,-225.000000,8.409486
57,5,35.000000,-225.000000,8.389213
58,5,40.000000,-225.000000,8.369473
59,5,45.000000,-225.000000,8.350401
60,5,50.000000,-225.000000,8.331878
61,5,55.000000,-225.000000,8.313354
62,5,60.000000,-225.000000,8.294831
63,5,65.000000,-225.000000,8.277095
64,5,70.000000,-225.000000,8.259510
65,5,75.000000,-225.000000,8.243477
66,5,80.000000,-225.000000,8.227469
67,5,85.000000,-225.000000,8.211460
68,5,90.000000,-225.000000,8.195560
69,5,95.000000,-225.000000,8.179945
70,5,100.000000,-225.000000,8.164679
71,5,105.000000,-225.000000,8.149894
72,5,110.000000,-225.000000,8.135108
73,5,115.000000,-225.000000,8.120322
74,5,120.000000,-225.000000,8.105478
75,5,125.000000,-225.000000,8.090611
76,5,130.000000,-225.000000,8.075554
77,5,135.000000,-225.000000,8.060466
78,5,140.000000,-225.000000,8.045378
79,5,145.000000,-225.000000,8.030268
80,5,150.000000,-225.000000,8.015029
81,5,155.000000,-225.000000,7.999633
82,5,160.000000,-225.000000,7.983857
83,5,165.000000,-225.000000,7.968082
84,5,170.000000,-225.000000,7.952307
85,5,175.000000,-225.000000,7.936515
86,5,180.000000,-225.000000,7.920711
87,5,185.000000,-225.000000,7.904806
88,5,190.000000,-225.000000,7.888863
89,5,195.000000,-225.000000,7.872919
90,5,200.000000,-225.000000,7.856976
91,5,205.000000,-225.000000,7.841037
92,5,210.000000,-225.000000,7.825102
93,5,215.000000,-225.000000,7.809193
94,5,220.000000,-225.000000,7.793284
95,5,225.000000,-225.000000,7.777374
96,5,230.000000,-225.000000,7.761448
97,5,235.000000,-225.000000,7.745500
98,5,240.000000,-225.000000,7.729237
99,5,245.000000,-225.000000,7.712764
100,5,250.000000,-225.000000,7.696290
0,6,-250.000000,-220.000000,9.592428
1,6,-245.000000,-220.000000,9.570861
2,6,-240.000000,-220.000000,9.550084
3,6,-235.000000,-220.000000,9.529318
4,6,-230.000000,-220.000000,9.508600
5,6,-225.000000,-220.000000,9.487883
6,6,-220.000000,-220.000000,9.467165
7,6,-215.000000,-220.000000,9.446239
8,6,-210.000000,-220.000000,9.425086
9,6,-205.000000,-220.000000,9.403897
10,6,-200.000000,-220.000000,9.382686
11,6,-195.000000,-220.000000,9.361474
12,6,-190.000000,-220.000000,9.340263
13,6,-185.000000,-220.000000,9.317975
14,6,-180.000000,-220.000000,9.295573
15,6,-175.000000,-220.000000,9.272945
16,6,-170.000000,-220.000000,9.250317
17,6,-165.000000,-220.000000,9.227689
18,6,-160.000000,-220.000000,9.204849
19,6,-155.000000,-220.000000,9.181615
20,6,-150.000000,-220.000000,9.158296
21,6,-145.000000,-220.000000,9.134892
22,6,-140.000000,-220.000000,9.111487
23,6,-135.000000,-220.000000,9.088082
24,6,-130.000000,-220.000000,9.065193
25,6,-125.000000,-220.000000,9.042443
26,6,-120.000000,-220.000000,9.019920
27,6,-115.000000,-220.000000,8.997414
28,6,-110.000000,-220.000000,8.974907
29,6,-105.000000,-220.000000,8.952688
30,6,-100.000000,-220.000000,8.931469
31,6,-95.000000,-220.000000,8.910475
32,6,-90.000000,-220.000000,8.889867
33,6,-85.000000,-220.000000,8.869260
34,6,-80.000000,-220.000000,8.848652
35,6,-75.000000,-220.000000,8.828522
36,6,-70.000000,-220.000000,8.808640
37,6,-65.000000,-220.000000,8.789105
38,6,-60.000000,-220.000000,8.769654
39,6,-55.000000,-220.000000,8.750203
40,6,-50.000000,-220.000000,8.730727
41,6,-45.000000,-220.000000,8.711015
42,6,-40.000000,-220.000000,8.691256
43,6,-35.000000,-220.000000,8.671351
44,6,-30.000000,-220.000000,8.651447
45,6,-25.000000,-220.000000,8.631542
46,6,-20.000000,-220.000000,8.611357
47,6,-15.000000,-220.000000,8.590927
48,6,-10.000000,-220.000000,8.570174
49,6,-5.000000,-220.000000,8.549268
50,6,0.000000,-220.000000,8.528363
51,6,5.000000,-220.000000,8.507457
52,6,10.000000,-220.000000,8.486691
53,6,15.000000,-220.000000,8.465948
54,6,20.000000,-220.000000,8.445347
55,6,25.000000,-220.000000,8.424746
56,6,30.000000,-220.000000,8.404145
57,6,35.000000,-220.000000,8.383911
58,6,40.000000,-220.000000,8.364219
59,6,45.000000,-220.000000,8.345205
60,6,50.000000,-220.000000,8.326750
61,6,55.000000,-220.000000,8.308294
62,6,60.000000,-220.000000,8.289838
63,6,65.000000,-220.000000,8.272190
64,6,70.000000,-220.000000,8.254697
65,6,75.000000,-220.000000,8.238798
66,6,80.000000,-220.000000,8.222924
67,6,85.000000,-220.000000,8.207050
68,6,90.000000,-220.000000,8.191288
69,6,95.000000,-220.000000,8.175820
70,6,100.000000,-220.000000,8.160712
71,6,105.000000,-220.000000,8.146099
72,6,110.000000,-220.000000,8.131486
73,6,115.000000,-220.000000,8.116874
74,6,120.000000,-220.000000,8.102199
75,6,125.000000,-220.000000,8.087500
76,6,130.000000,-220.000000,8.072602
77,6,135.000000,-220.000000,8.057671
78,6,140.000000,-220.000000,8.042740
79,6,145.000000,-220.000000,8.027785
80,6,150.000000,-220.000000,8.012693
81,6,155.000000,-220.000000,7.997435
82,6,160.000000,-220.000000,7.981777
83,6,165.000000,-220.000000,7.966118
84,6,170.000000,-220.000000,7.950459
85,6,175.000000,-220.000000,7.934781
86,6,180.000000,-220.000000,7.919090
87,6,185.000000,-220.000000,7.903285
88,6,190.000000,-220.000000,7.887438
89,6,195.000000,-220.000000,7.871590
90,6,200.000000,-220.000000,7.855742
91,6,205.000000,-220.000000,7.839900
92,6,210.000000,-220.000000,7.824063
93,6,215.000000,-220.000000,7.808256
94,6,220.000000,-220.000000,7.792450
95,6,225.000000,-220.000000,7.776643
96,6,230.000000,-220.000000,7.760819
97,6,235.000000,-220.000000,7.744975
98,6,240.000000,-220.000000,7.728820
99,6,245.000000,-220.000000,7.712457
100,6,250.000000,-220.000000,7.696095
0,7,-250.000000,-215.000000,9.585344
1,7,-245.000000,-215.000000,9.563936
2,7,-240.000000,-215.000000,9.543291
3,7,-235.000000,-215.000000,9.522656
4,7,-230.000000,-215.000000,9.502069
5,7,-225.000000,-215.000000,9.481481
6,7,-220.000000,-215.000000,9.460894
7,7,-215.000000,-215.000000,9.440081
8,7,-210.000000,-215.000000,9.419024
9,7,-205.000000,-215.000000,9.397928
10,7,-200.000000,-215.000000,9.376808
11,7,-195.000000,-215.000000,9.355688
12,7,-190.000000,-215.000000,9.334568
13,7,-185.000000,-215.000000,9.312335
14,7,-180.000000,-215.000000,9.289983
15,7,-175.000000,-215.000000,9.267399
16,7,-170.000000,-215.000000,9.244814
17,7,-165.000000,-215.000000,9.222230
18,7,-160.000000,-215.000000,9.199423
19,7,-155.000000,-215.000000,9.176204
20,7,-150.000000,-215.000000,9.152896
21,7,-145.000000,-215.000000,9.129498
22,7,-140.000000,-215.000000,9.106100
23,7,-135.000000,-215.000000,9.082702
24,7,-130.000000,-215.000000,9.059820
25,7,-125.000000,-215.000000,9.037078
26,7,-120.000000,-215.000000,9.014563
27,7,-115.000000,-215.000000,8.992064
28,7,-110.000000,-215.000000,8.969565
29,7,-105.000000,-215.000000,8.947360
30,7,-100.000000,-215.000000,8.926172
31,7,-95.000000,-215.000000,8.905215
32,7,-90.000000,-215.000000,8.884651
33,7,-85.000000,-215.000000,8.864087
34,7,-80.000000,-215.000000,8.843523
35,7,-75.000000,-215.000000,8.823451
36,7,-70.000000,-215.000000,8.803634
37,7,-65.000000,-215.000000,8.784174
38,7,-60.000000,-215.000000,8.764801
39,7,-55.000000,-215.000000,8.745427
40,7,-50.000000,-215.000000,8.726029
41,7,-45.000000,-215.000000,8.706392
42,7,-40.000000,-215.000000,8.686709
43,7,-35.000000,-215.000000,8.666879
44,7,-30.000000,-215.000000,8.647048
45,7,-25.000000,-215.000000,8.627218
46,7,-20.000000,-215.000000,8.607099
47,7,-15.000000,-215.000000,8.586726
48,7,-10.000000,-215.000000,8.566022
49,7,-5.000000,-215.000000,8.545159
50,7,0.000000,-215.000000,8.524296
51,7,5.000000,-215.000000,8.503433
52,7,10.000000,-215.000000,8.482703
53,7,15.000000,-215.000000,8.461995
54,7,20.000000,-215.000000,8.441421
55,7,25.000000,-215.000000,8.420847
56,7,30.000000,-215.000000,8.400274
57,7,35.000000,-215.000000,8.380072
58,7,40.000000,-215.000000,8.360420
59,7,45.000000,-215.000000,8.341455
60,7,50.000000,-215.000000,8.323055
61,7,55.000000,-215.000000,8.304656
62,7,60.000000,-215.000000,8.286256
63,7,65.000000,-215.000000,8.268681
64,7,70.000000,-215.000000,8.251264
65,7,75.000000,-215.000000,8.235472
66,7,80.000000,-215.000000,8.219706
67,7,85.000000,-215.000000,8.203940
68,7,90.000000,-215.000000,8.188288
69,7,95.000000,-215.000000,8.172937
70,7,100.000000,-215.000000,8.157954
71,7,105.000000,-215.000000,8.143478
72,7,110.000000,-215.000000,8.129002
73,7,115.000000,-215.000000,8.114525
74,7,120.000000,-215.000000,8.099985
75,7,125.000000,-215.000000,8.085418
76,7,130.000000,-215.000000,8.070644
77,7,135.000000,-215.000000,8.055836
78,7,140.000000,-215.000000,8.041027
79,7,145.000000,-215.000000,8.026194
80,7,150.000000,-215.000000,8.011219
81,7,155.000000,-215.000000,7.996070
82,7,160.000000,-215.000000,7.980503
83,7,165.000000,-215.000000,7.964937
84,7,170.000000,-215.000000,7.949370
85,7,175.000000,-215.000000,7.933783
86,7,180.000000,-215.000000,7.918182
87,7,185.000000,-215.000000,7.902458
88,7,190.000000,-215.000000,7.886689
89,7,195.000000,-215.000000,7.870919
90,7,200.000000,-215.000000,7.855150
91,7,205.000000,-215.000000,7.839386
92,7,210.000000,-215.000000,7.823630
93,7,215.000000,-215.000000,7.807908
94,7,220.000000,-215.000000,7.792187
95,7,225.000000,-215.000000,7.776466
96,7,230.000000,-215.000000,7.760728
97,7,235.000000,-215.000000,7.744969
98,7,240.000000,-215.000000,7.728903
99,7,245.000000,-215.000000,7.712632
100,7,250.000000,-215.000000,7.696361
0,8,-250.000000,-210.000000,9.578385
1,8,-245.000000,-210.000000,9.557136
2,8,-240.000000,-210.000000,9.536623
3,8,-235.000000,-210.000000,9.516120
4,8,-230.000000,-210.000000,9.495662
5,8,-225.000000,-210.000000,9.475205
6,8,-220.000000,-210.000000,9.454747
7,8,-215.000000,-210.000000,9.434048
8,8,-210.000000,-210.000000,9.413087
9,8,-205.000000,-210.000000,9.392084
10,8,-200.000000,-210.000000,9.371055
11,8,-195.000000,-210.000000,9.350026
12,8,-190.000000,-210.000000,9.328997
13,8,-185.000000,-210.000000,9.306818
14,8,-180.000000,-210.000000,9.284518
15,8,-175.000000,-210.000000,9.261977
16,8,-170.000000,-210.000000,9.239436
17,8,-165.000000,-210.000000,9.216896
18,8,-160.000000,-210.000000,9.194122
19,8,-155.000000,-210.000000,9.170919
20,8,-150.000000,-210.000000,9.147623
21,8,-145.000000,-210.000000,9.124233
22,8,-140.000000,-210.000000,9.100843
23,8,-135.000000,-210.000000,9.077453
24,8,-130.000000,-210.000000,9.054580
25,8,-125.000000,-210.000000,9.031846
26,8,-120.000000,-210.000000,9.009340
27,8,-115.000000,-210.000000,8.986850
28,8,-110.000000,-210.000000,8.964360
29,8,-105.000000,-210.000000,8.942168
30,8,-100.000000,-210.000000,8.921014
31,8,-95.000000,-210.000000,8.900093
32,8,-90.000000,-210.000000,8.879572
33,8,-85.000000,-210.000000,8.859052
34,8,-80.000000,-210.000000,8.838531
35,8,-75.000000,-210.000000,8.818517
36,8,-70.000000,-210.000000,8.798763
37,8,-65.000000,-210.000000,8.779377
38,8,-60.000000,-210.000000,8.760080
39,8,-55.000000,-210.000000,8.740783
40,8,-50.000000,-210.000000,8.721461
41,8,-45.000000,-210.000000,8.701898
42,8,-40.000000,-210.000000,8.682288
43,8,-35.000000,-210.000000,8.662531
44,8,-30.000000,-210.000000,8.642773
45,8,-25.000000,-210.000000,8.623015
46,8,-20.000000,-210.000000,8.602961
47,8,-15.000000,-210.000000,8.582644
48,8,-10.000000,-210.000000,8.561986
49,8,-5.000000,-210.000000,8.541165
50,8,0.000000,-210.000000,8.520344
51,8,5.000000,-210.000000,8.499523
52,8,10.000000,-210.000000,8.478828
53,8,15.000000,-210.000000,8.458153
54,8,20.000000,-210.000000,8.437606
55,8,25.000000,-210.000000,8.417060
56,8,30.000000,-210.000000,8.396513
57,8,35.000000,-210.000000,8.376343
58,8,40.000000,-210.000000,8.356729
59,8,45.000000,-210.000000,8.337813
60,8,50.000000,-210.000000,8.319469
61,8,55.000000,-210.000000,8.301124
62,8,60.000000,-210.000000,8.282780
63,8,65.000000,-210.000000,8.265276
64,8,70.000000,-210.000000,8.247933
65,8,75.000000,-210.000000,8.232247
66,8,80.000000,-210.000000,8.216587
67,8,85.000000,-210.000000,8.200927
68,8,90.000000,-210.000000,8.185384
69,8,95.000000,-210.000000,8.170148
70,8,100.000000,-210.000000,8.155288
71,8,105.000000,-210.000000,8.140945
72,8,110.000000,-210.000000,8.126602
73,8,115.000000,-210.000000,8.112260
74,8,120.000000,-210.000000,8.097850
75,8,125.000000,-210.000000,8.083414
76,8,130.000000,-210.000000,8.068761
77,8,135.000000,-210.000000,8.054073
78,8,140.000000,-210.000000,8.039385
79,8,145.000000,-210.000000,8.024671
80,8,150.000000,-210.000000,8.009809
81,8,155.000000,-210.000000,7.994767
82,8,160.000000,-210.000000,7.979290
83,8,165.000000,-210.000000,7.963814
84,8,170.000000,-210.000000,7.948338
85,8,175.000000,-210.000000,7.932840
86,8,180.000000,-210.000000,7.917327
87,8,185.000000,-210.000000,7.901683
88,8,190.000000,-210.000000,7.885991
89,8,195.000000,-210.000000,7.870298
90,8,200.000000,-210.000000,7.854606
91,8,205.000000,-210.000000,7.838920
92,8,210.000000,-210.000000,7.823242
93,8,215.000000,-210.000000,7.807605
94,8,220.000000,-210.000000,7.791967
95,8,225.000000,-210.000000,7.776330
96,8,230.000000,-210.000000,7.760676
97,8,235.000000,-210.000000,7.745002
98,8,240.000000,-210.000000,7.729024
99,8,245.000000,-210.000000,7.712843
100,8,250.000000,-210.000000,7.696662
0,9,-250.000000,-205.000000,9.571441
1,9,-245.000000,-205.000000,9.550352
2,9,-240.000000,-205.000000,9.529971
3,9,-235.000000,-205.000000,9.509600
4,9,-230.000000,-205.000000,9.489272
5,9,-225.000000,-205.000000,9.468945
6,9,-220.000000,-205.000000,9.448617
7,9,-215.000000,-205.000000,9.428032
8,9,-210.000000,-205.000000,9.407166
9,9,-205.000000,-205.000000,9.386255
10,9,-200.000000,-205.000000,9.365317
11,9,-195.000000,-205.000000,9.344379
12,9,-190.000000,-205.000000,9.323441
13,9,-185.000000,-205.000000,9.301318
14,9,-180.000000,-205.000000,9.279069
15,9,-175.000000,-205.000000,9.256572
16,9,-170.000000,-205.000000,9.234074
17,9,-165.000000,-205.000000,9.211577
18,9,-160.000000,-205.000000,9.188838
19,9,-155.000000,-205.000000,9.165651
20,9,-150.000000,-205.000000,9.142367
21,9,-145.000000,-205.000000,9.118985
22,9,-140.000000,-205.000000,9.095603
23,9,-135.000000,-205.000000,9.072221
24,9,-130.000000,-205.000000,9.049356
25,9,-125.000000,-205.000000,9.026631
26,9,-120.000000,-205.000000,9.004134
27,9,-115.000000,-205.000000,8.981653
28,9,-110.000000,-205.000000,8.959172
29,9,-105.000000,-205.000000,8.936995
30,9,-100.000000,-205.000000,8.915872
31,9,-95.000000,-205.000000,8.894988
32,9,-90.000000,-205.000000,8.874511
33,9,-85.000000,-205.000000,8.854034
34,9,-80.000000,-205.000000,8.833557
35,9,-75.000000,-205.000000,8.813600
36,9,-70.000000,-205.000000,8.793910
37,9,-65.000000,-205.000000,8.774598
38,9,-60.000000,-205.000000,8.755377
39,9,-55.000000,-205.000000,8.736155
40,9,-50.000000,-205.000000,8.716909
41,9,-45.000000,-205.000000,8.697420
42,9,-40.000000,-205.000000,8.677884
43,9,-35.000000,-205.000000,8.658199
44,9,-30.000000,-205.000000,8.638513
45,9,-25.000000,-205.000000,8.618828
46,9,-20.000000,-205.000000,8.598837
47,9,-15.000000,-205.000000,8.578577
48,9,-10.000000,-205.000000,8.557965
49,9,-5.000000,-205.000000,8.537186
50,9,0.000000,-205.000000,8.516406
51,9,5.000000,-205.000000,8.495627
52,9,10.000000,-205.000000,8.474966
53,9,15.000000,-205.000000,8.454326
54,9,20.000000,-205.000000,8.433806
55,9,25.000000,-205.000000,8.413286
56,9,30.000000,-205.000000,8.392766
57,9,35.000000,-205.000000,8.372628
58,9,40.000000,-205.000000,8.353053
59,9,45.000000,-205.000000,8.334184
60,9,50.000000,-205.000000,8.315896
61,9,55.000000,-205.000000,8.297607
62,9,60.000000,-205.000000,8.279318
63,9,65.000000,-205.000000,8.261885
64,9,70.000000,-205.000000,8.244616
65,9,75.000000,-205.000000,8.229036
66,9,80.000000,-205.000000,8.213481
67,9,85.000000,-205.000000,8.197927
68,9,90.000000,-205.000000,8.182492
69,9,95.000000,-205.000000,8.167371
70,9,100.000000,-205.000000,8.152633
71,9,105.000000,-205.000000,8.138423
72,9,110.000000,-205.000000,8.124214
73,9,115.000000,-205.000000,8.110004
74,9,120.000000,-205.000000,8.095726
75,9,125.000000,-205.000000,8.081419
76,9,130.000000,-205.000000,8.066888
77,9,135.000000,-205.000000,8.052319
78,9,140.000000,-205.000000,8.037751
79,9,145.000000,-205.000000,8.023156
80,9,150.000000,-205.000000,8.008407
81,9,155.000000,-205.000000,7.993472
82,9,160.000000,-205.000000,7.978085
83,9,165.000000,-205.000000,7.962699
84,9,170.000000,-205.000000,7.947313
85,9,175.000000,-205.000000,7.931904
86,9,180.000000,-205.000000,7.916479
87,9,185.000000,-205.000000,7.900915
88,9,190.000000,-205.000000,7.885299
89,9,195.000000,-205.000000,7.869683
90,9,200.000000,-205.000000,7.854068
91,9,205.000000,-205.000000,7.838459
92,9,210.000000,-205.000000,7.822860
93,9,215.000000,-205.000000,7.807307
94,9,220.000000,-205.000000,7.791753
95,9,225.000000,-205.000000,7.776200
96,9,230.000000,-205.000000,7.760630
97,9,235.000000,-205.000000,7.745040
98,9,240.000000,-205.000000,7.729149
99,9,245.000000,-205.000000,7.713058
100,9,250.000000,-205.000000,7.696968
0,10,-250.000000,-200.000000,9.564497
1,10,-245.000000,-200.000000,9.543568
2,10,-240.000000,-200.000000,9.523318
3,10,-235.000000,-200.000000,9.503079
4,10,-230.000000,-200.000000,9.482882
5,10,-225.000000,-200.000000,9.462684
6,10,-220.000000,-200.000000,9.442487
7,10,-215.000000,-200.000000,9.422015
8,10,-210.000000,-200.000000,9.401245
9,10,-205.000000,-200.000000,9.380427
10,10,-200.000000,-200.000000,9.359580
11,10,-195.000000,-200.000000,9.338733
12,10,-190.000000,-200.000000,9.317886
13,10,-185.000000,-200.000000,9.295817
14,10,-180.000000,-200.000000,9.273620
15,10,-175.000000,-200.000000,9.251166
16,10,-170.000000,-200.000000,9.228712
17,10,-165.000000,-200.000000,9.206259
18,10,-160.000000,-200.000000,9.183553
19,10,-155.000000,-200.000000,9.160382
20,10,-150.000000,-200.000000,9.137110
21,10,-145.000000,-200.000000,9.113736
22,10,-140.000000,-200.000000,9.090363
23,10,-135.000000,-200.000000,9.066989
24,10,-130.000000,-200.000000,9.044133
25,10,-125.000000,-200.000000,9.021416
26,10,-120.000000,-200.000000,8.998928
27,10,-115.000000,-200.000000,8.976456
28,10,-110.000000,-200.000000,8.953984
29,10,-105.000000,-200.000000,8.931821
30,10,-100.000000,-200.000000,8.910731
31,10,-95.000000,-200.000000,8.889883
32,10,-90.000000,-200.000000,8.869450
33,10,-85.000000,-200.000000,8.849017
34,10,-80.000000,-200.000000,8.828584
35,10,-75.000000,-200.000000,8.808683
36,10,-70.000000,-200.000000,8.789057
37,10,-65.000000,-200.000000,8.769818
38,10,-60.000000,-200.000000,8.750673
39,10,-55.000000,-200.000000,8.731528
40,10,-50.000000,-200.000000,8.712357
41,10,-45.000000,-200.000000,8.692942
42,10,-40.000000,-200.000000,8.673480
43,10,-35.000000,-200.000000,8.653867
44,10,-30.000000,-200.000000,8.634253
45,10,-25.000000,-200.000000,8.614640
46,10,-20.000000,-200.000000,8.594713
47,10,-15.000000,-200.000000,8.574509
48,10,-10.000000,-200.000000,8.553944
49,10,-5.000000,-200.000000,8.533206
50,10,0.000000,-200.000000,8.512468
51,10,5.000000,-200.000000,8.491731
52,10,10.000000,-200.000000,8.471105
53,10,15.000000,-200.000000,8.450498
54,10,20.000000,-200.000000,8.430005
55,10,25.000000,-200.000000,8.409512
56,10,30.000000,-200.000000,8.389019
57,10,35.000000,-200.000000,8.368913
58,10,40.000000,-200.000000,8.349377
59,10,45.000000,-200.000000,8.330556
60,10,50.000000,-200.000000,8.312323
61,10,55.000000,-200.000000,8.294089
62,10,60.000000,-200.000000,8.275856
63,10,65.000000,-200.000000,8.258494
64,10,70.000000,-200.000000,8.241299
65,10,75.000000,-200.000000,8.225824
66,10,80.000000,-200.000000,8.210375
67,10,85.000000,-200.000000,8.194927
68,10,90.000000,-200.000000,8.179600
69,10,95.000000,-200.000000,8.164593
70,10,100.000000,-200.000000,8.149978
71,10,105.000000,-200.000000,8.135902
72,10,110.000000,-200.000000,8.121825
73,10,115.000000,-200.000000,8.107749
74,10,120.000000,-200.000000,8.093601
75,10,125.000000,-200.000000,8.079424
76,10,130.000000,-200.000000,8.065014
77,10,135.000000,-200.000000,8.050565
78,10,140.000000,-200.000000,8.036117
79,10,145.000000,-200.000000,8.021641
80,10,150.000000,-200.000000,8.007005
81,10,155.000000,-200.000000,7.992176
82,10,160.000000,-200.000000,7.976880
83,10,165.000000,-200.000000,7.961584
84,10,170.000000,-200.000000,7.946288
85,10,175.000000,-200.000000,7.930968
86,10,180.000000,-200.000000,7.915631
87,10,185.000000,-200.000000,7.900147
88,10,190.000000,-200.000000,7.884608
89,10,195.000000,-200.000000,7.869069
90,10,200.000000,-200.000000,7.853530
91,10,205.000000,-200.000000,7.837999
92,10,210.000000,-200.000000,7.822478
93,10,215.000000,-200.000000,7.807009
94,10,220.000000,-200.000000,7.791539
95,10,225.000000,-200.000000,7.776069
96,10,230.000000,-200.000000,7.760583
97,10,235.000000,-200.000000,7.745078
98,10,240.000000,-200.000000,7.729275
99,10,245.000000,-200.000000,7.713274
100,10,250.000000,-200.000000,7.697273
0,11,-250.000000,-195.000000,9.559535
1,11,-245.000000,-195.000000,9.538792
2,11,-240.000000,-195.000000,9.518684
3,11,-235.000000,-195.000000,9.498585
4,11,-230.000000,-195.000000,9.478526
5,11,-225.000000,-195.000000,9.458466
6,11,-220.000000,-195.000000,9.438407
7,11,-215.000000,-195.000000,9.418054
8,11,-210.000000,-195.000000,9.397382
9,11,-205.000000,-195.000000,9.376659
10,11,-200.000000,-195.000000,9.355905
11,11,-195.000000,-195.000000,9.335150
12,11,-190.000000,-195.000000,9.314396
13,11,-185.000000,-195.000000,9.292395
14,11,-180.000000,-195.000000,9.270261
15,11,-175.000000,-195.000000,9.247866
16,11,-170.000000,-195.000000,9.225471
17,11,-165.000000,-195.000000,9.203075
18,11,-160.000000,-195.000000,9.180423
19,11,-155.000000,-195.000000,9.157295
20,11,-150.000000,-195.000000,9.134064
21,11,-145.000000,-195.000000,9.110729
22,11,-140.000000,-195.000000,9.087394
23,11,-135.000000,-195.000000,9.064058
24,11,-130.000000,-195.000000,9.041239
25,11,-125.000000,-195.000000,9.018559
26,11,-120.000000,-195.000000,8.996106
27,11,-115.000000,-195.000000,8.973670
28,11,-110.000000,-195.000000,8.951233
29,11,-105.000000,-195.000000,8.929107
30,11,-100.000000,-195.000000,8.908059
31,11,-95.000000,-195.000000,8.887254
32,11,-90.000000,-195.000000,8.866865
33,11,-85.000000,-195.000000,8.846477
34,11,-80.000000,-195.000000,8.826088
35,11,-75.000000,-195.000000,8.806235
36,11,-70.000000,-195.000000,8.786659
37,11,-65.000000,-195.000000,8.767472
38,11,-60.000000,-195.000000,8.748380
39,11,-55.000000,-195.000000,8.729287
40,11,-50.000000,-195.000000,8.710169
41,11,-45.000000,-195.000000,8.690804
42,11,-40.000000,-195.000000,8.671391
43,11,-35.000000,-195.000000,8.651827
44,11,-30.000000,-195.000000,8.632262
45,11,-25.000000,-195.000000,8.612697
46,11,-20.000000,-195.000000,8.592815
47,11,-15.000000,-195.000000,8.572653
48,11,-10.000000,-195.000000,8.552125
49,11,-5.000000,-195.000000,8.531423
50,11,0.000000,-195.000000,8.510721
51,11,5.000000,-195.000000,8.490019
52,11,10.000000,-195.000000,8.469427
53,11,15.000000,-195.000000,8.448854
54,11,20.000000,-195.000000,8.428392
55,11,25.000000,-195.000000,8.407930
56,11,30.000000,-195.000000,8.387468
57,11,35.000000,-195.000000,8.367395
58,11,40.000000,-195.000000,8.347896
59,11,45.000000,-195.000000,8.329117
60,11,50.000000,-195.000000,8.310928
61,11,55.000000,-195.000000,8.292740
62,11,60.000000,-195.000000,8.274551
63,11,65.000000,-195.000000,8.257241
64,11,70.000000,-195.000000,8.240099
65,11,75.000000,-195.000000,8.224691
66,11,80.000000,-195.000000,8.209310
67,11,85.000000,-195.000000,8.193929
68,11,90.000000,-195.000000,8.178670
69,11,95.000000,-195.000000,8.163735
70,11,100.000000,-195.000000,8.149194
71,11,105.000000,-195.000000,8.135196
72,11,110.000000,-195.000000,8.121199
73,11,115.000000,-195.000000,8.107201
74,11,120.000000,-195.000000,8.093130
75,11,125.000000,-195.000000,8.079030
76,11,130.000000,-195.000000,8.064693
77,11,135.000000,-195.000000,8.050316
78,11,140.000000,-195.000000,8.035939
79,11,145.000000,-195.000000,8.021534
80,11,150.000000,-195.000000,8.006967
81,11,155.000000,-195.000000,7.992204
82,11,160.000000,-195.000000,7.976966
83,11,165.000000,-195.000000,7.961728
84,11,170.000000,-195.000000,7.946490
85,11,175.000000,-195.000000,7.931227
86,11,180.000000,-195.000000,7.915947
87,11,185.000000,-195.000000,7.900517
88,11,190.000000,-195.000000,7.885031
89,11,195.000000,-195.000000,7.869545
90,11,200.000000,-195.000000,7.854060
91,11,205.000000,-195.000000,7.838583
92,11,210.000000,-195.000000,7.823117
93,11,215.000000,-195.000000,7.807707
94,11,220.000000,-195.000000,7.792296
95,11,225.000000,-195.000000,7.776886
96,11,230.000000,-195.000000,7.761460
97,11,235.000000,-195.000000,7.746014
98,11,240.000000,-195.000000,7.730275
99,11,245.000000,-195.000000,7.714340
100,11,250.000000,-195.000000,7.698405
0,12,-250.000000,-190.000000,9.556633
1,12,-245.000000,-190.000000,9.536104
2,12,-240.000000,-190.000000,9.516147
3,12,-235.000000,-190.000000,9.496198
4,12,-230.000000,-190.000000,9.476285
5,12,-225.000000,-190.000000,9.456372
6,12,-220.000000,-190.000000,9.436458
7,12,-215.000000,-190.000000,9.416230
8,12,-210.000000,-190.000000,9.395659
9,12,-205.000000,-190.000000,9.375033
10,12,-200.000000,-190.000000,9.354374
11,12,-195.000000,-190.000000,9.333714
12,12,-190.000000,-190.000000,9.313055
13,12,-185.000000,-190.000000,9.291132
14,12,-180.000000,-190.000000,9.269076
15,12,-175.000000,-190.000000,9.246755
16,12,-170.000000,-190.000000,9.224433
17,12,-165.000000,-190.000000,9.202112
18,12,-160.000000,-190.000000,9.179533
19,12,-155.000000,-190.000000,9.156476
20,12,-150.000000,-190.000000,9.133316
21,12,-145.000000,-190.000000,9.110051
22,12,-140.000000,-190.000000,9.086786
23,12,-135.000000,-190.000000,9.063521
24,12,-130.000000,-190.000000,9.040768
25,12,-125.000000,-190.000000,9.018153
26,12,-120.000000,-190.000000,8.995763
27,12,-115.000000,-190.000000,8.973390
28,12,-110.000000,-190.000000,8.951017
29,12,-105.000000,-190.000000,8.928951
30,12,-100.000000,-190.000000,8.907954
31,12,-95.000000,-190.000000,8.887198
32,12,-90.000000,-190.000000,8.866855
33,12,-85.000000,-190.000000,8.846512
34,12,-80.000000,-190.000000,8.826169
35,12,-75.000000,-190.000000,8.806355
36,12,-70.000000,-190.000000,8.786814
37,12,-65.000000,-190.000000,8.767656
38,12,-60.000000,-190.000000,8.748592
39,12,-55.000000,-190.000000,8.729528
40,12,-50.000000,-190.000000,8.710438
41,12,-45.000000,-190.000000,8.691099
42,12,-40.000000,-190.000000,8.671711
43,12,-35.000000,-190.000000,8.652170
44,12,-30.000000,-190.000000,8.632629
45,12,-25.000000,-190.000000,8.613088
46,12,-20.000000,-190.000000,8.593231
47,12,-15.000000,-190.000000,8.573096
48,12,-10.000000,-190.000000,8.552597
49,12,-5.000000,-190.000000,8.531924
50,12,0.000000,-190.000000,8.511252
51,12,5.000000,-190.000000,8.490579
52,12,10.000000,-190.000000,8.470020
53,12,15.000000,-190.000000,8.449479
54,12,20.000000,-190.000000,8.429053
55,12,25.000000,-190.000000,8.408627
56,12,30.000000,-190.000000,8.388200
57,12,35.000000,-190.000000,8.368163
58,12,40.000000,-190.000000,8.348699
59,12,45.000000,-190.000000,8.329954
60,12,50.000000,-190.000000,8.311799
61,12,55.000000,-190.000000,8.293645
62,12,60.000000,-190.000000,8.275490
63,12,65.000000,-190.000000,8.258212
64,12,70.000000,-190.000000,8.241102
65,12,75.000000,-190.000000,8.225721
66,12,80.000000,-190.000000,8.210367
67,12,85.000000,-190.000000,8.195013
68,12,90.000000,-190.000000,8.179781
69,12,95.000000,-190.000000,8.164871
70,12,100.000000,-190.000000,8.150354
71,12,105.000000,-190.000000,8.136379
72,12,110.000000,-190.000000,8.122404
73,12,115.000000,-190.000000,8.108428
74,12,120.000000,-190.000000,8.094380
75,12,125.000000,-190.000000,8.080301
76,12,130.000000,-190.000000,8.065986
77,12,135.000000,-190.000000,8.051630
78,12,140.000000,-190.000000,8.037275
79,12,145.000000,-190.000000,8.022892
80,12,150.000000,-190.000000,8.008348
81,12,155.000000,-190.000000,7.993607
82,12,160.000000,-190.000000,7.978394
83,12,165.000000,-190.000000,7.963180
84,12,170.000000,-190.000000,7.947967
85,12,175.000000,-190.000000,7.932729
86,12,180.000000,-190.000000,7.917474
87,12,185.000000,-190.000000,7.902071
88,12,190.000000,-190.000000,7.886614
89,12,195.000000,-190.000000,7.871157
90,12,200.000000,-190.000000,7.855700
91,12,205.000000,-190.000000,7.840252
92,12,210.000000,-190.000000,7.824817
93,12,215.000000,-190.000000,7.809441
94,12,220.000000,-190.000000,7.794065
95,12,225.000000,-190.000000,7.778689
96,12,230.000000,-190.000000,7.763297
97,12,235.000000,-190.000000,7.747886
98,12,240.000000,-190.000000,7.732184
99,12,245.000000,-190.000000,7.716290
100,12,250.000000,-190.000000,7.700396
0,13,-250.000000,-185.000000,9.554029
1,13,-245.000000,-185.000000,9.533717
2,13,-240.000000,-185.000000,9.513912
3,13,-235.000000,-185.000000,9.494115
4,13,-230.000000,-185.000000,9.474349
5,13,-225.000000,-185.000000,9.454583
6,13,-220.000000,-185.000000,9.434817
7,13,-215.000000,-185.000000,9.414713
8,13,-210.000000,-185.000000,9.394244
9,13,-205.000000,-185.000000,9.373715
10,13,-200.000000,-185.000000,9.353151
11,13,-195.000000,-185.000000,9.332587
12,13,-190.000000,-185.000000,9.312023
13,13,-185.000000,-185.000000,9.290181
14,13,-180.000000,-185.000000,9.268203
15,13,-175.000000,-185.000000,9.245958
16,13,-170.000000,-185.000000,9.223713
17,13,-165.000000,-185.000000,9.201469
18,13,-160.000000,-185.000000,9.178965
19,13,-155.000000,-185.000000,9.155983
20,13,-150.000000,-185.000000,9.132898
21,13,-145.000000,-185.000000,9.109708
22,13,-140.000000,-185.000000,9.086518
23,13,-135.000000,-185.000000,9.063328
24,13,-130.000000,-185.000000,9.040645
25,13,-125.000000,-185.000000,9.018100
26,13,-120.000000,-185.000000,8.995777
27,13,-115.000000,-185.000000,8.973471
28,13,-110.000000,-185.000000,8.951165
29,13,-105.000000,-185.000000,8.929163
30,13,-100.000000,-185.000000,8.908218
31,13,-95.000000,-185.000000,8.887513
32,13,-90.000000,-185.000000,8.867215
33,13,-85.000000,-185.000000,8.846918
34,13,-80.000000,-185.000000,8.826621
35,13,-75.000000,-185.000000,8.806844
36,13,-70.000000,-185.000000,8.787335
37,13,-65.000000,-185.000000,8.768205
38,13,-60.000000,-185.000000,8.749166
39,13,-55.000000,-185.000000,8.730126
40,13,-50.000000,-185.000000,8.711061
41,13,-45.000000,-185.000000,8.691744
42,13,-40.000000,-185.000000,8.672378
43,13,-35.000000,-185.000000,8.652857
44,13,-30.000000,-185.000000,8.633336
45,13,-25.000000,-185.000000,8.613815
46,13,-20.000000,-185.000000,8.593980
47,13,-15.000000,-185.000000,8.573869
48,13,-10.000000,-185.000000,8.553398
49,13,-5.000000,-185.000000,8.532754
50,13,0.000000,-185.000000,8.512110
51,13,5.000000,-185.000000,8.491466
52,13,10.000000,-185.000000,8.470939
53,13,15.000000,-185.000000,8.450431
54,13,20.000000,-185.000000,8.430041
55,13,25.000000,-185.000000,8.409651
56,13,30.000000,-185.000000,8.389261
57,13,35.000000,-185.000000,8.369259
58,13,40.000000,-185.000000,8.349830
59,13,45.000000,-185.000000,8.331118
60,13,50.000000,-185.000000,8.312996
61,13,55.000000,-185.000000,8.294874
62,13,60.000000,-185.000000,8.276752
63,13,65.000000,-185.000000,8.259503
64,13,70.000000,-185.000000,8.242421
65,13,75.000000,-185.000000,8.227062
66,13,80.000000,-185.000000,8.211729
67,13,85.000000,-185.000000,8.196397
68,13,90.000000,-185.000000,8.181186
69,13,95.000000,-185.000000,8.166295
70,13,100.000000,-185.000000,8.151795
71,13,105.000000,-185.000000,8.137833
72,13,110.000000,-185.000000,8.123872
73,13,115.000000,-185.000000,8.109911
74,13,120.000000,-185.000000,8.095876
75,13,125.000000,-185.000000,8.081812
76,13,130.000000,-185.000000,8.067511
77,13,135.000000,-185.000000,8.053170
78,13,140.000000,-185.000000,8.038829
79,13,145.000000,-185.000000,8.024461
80,13,150.000000,-185.000000,8.009932
81,13,155.000000,-185.000000,7.995209
82,13,160.000000,-185.000000,7.980015
83,13,165.000000,-185.000000,7.964821
84,13,170.000000,-185.000000,7.949627
85,13,175.000000,-185.000000,7.934409
86,13,180.000000,-185.000000,7.919175
87,13,185.000000,-185.000000,7.903796
88,13,190.000000,-185.000000,7.888364
89,13,195.000000,-185.000000,7.872932
90,13,200.000000,-185.000000,7.857500
91,13,205.000000,-185.000000,7.842078
92,13,210.000000,-185.000000,7.826669
93,13,215.000000,-185.000000,7.811324
94,13,220.000000,-185.000000,7.795978
95,13,225.000000,-185.000000,7.780633
96,13,230.000000,-185.000000,7.765271
97,13,235.000000,-185.000000,7.749891
98,13,240.000000,-185.000000,7.734225
99,13,245.000000,-185.000000,7.718368
100,13,250.000000,-185.000000,7.702511
0,14,-250.000000,-180.000000,9.551502
1,14,-245.000000,-180.000000,9.531409
2,14,-240.000000,-180.000000,9.511757
3,14,-235.000000,-180.000000,9.492111
4,14,-230.000000,-180.000000,9.472493
5,14,-225.000000,-180.000000,9.452874
6,14,-220.000000,-180.000000,9.433256
7,14,-215.000000,-180.000000,9.413278
8,14,-210.000000,-180.000000,9.392910
9,14,-205.000000,-180.000000,9.372478
10,14,-200.000000,-180.000000,9.352009
11,14,-195.000000,-180.000000,9.331540
12,14,-190.000000,-180.000000,9.311071
13,14,-185.000000,-180.000000,9.289311
14,14,-180.000000,-180.000000,9.267413
15,14,-175.000000,-180.000000,9.245245
16,14,-170.000000,-180.000000,9.223077
17,14,-165.000000,-180.000000,9.200909
18,14,-160.000000,-180.000000,9.178481
19,14,-155.000000,-180.000000,9.155576
20,14,-150.000000,-180.000000,9.132567
21,14,-145.000000,-180.000000,9.109453
22,14,-140.000000,-180.000000,9.086339
23,14,-135.000000,-180.000000,9.063226
24,14,-130.000000,-180.000000,9.040614
25,14,-125.000000,-180.000000,9.018139
26,14,-120.000000,-180.000000,8.995885
27,14,-115.000000,-180.000000,8.973646
28,14,-110.000000,-180.000000,8.951408
29,14,-105.000000,-180.000000,8.929471
30,14,-100.000000,-180.000000,8.908580
31,14,-95.000000,-180.000000,8.887924
32,14,-90.000000,-180.000000,8.867673
33,14,-85.000000,-180.000000,8.847421
34,14,-80.000000,-180.000000,8.827170
35,14,-75.000000,-180.000000,8.807429
36,14,-70.000000,-180.000000,8.787953
37,14,-65.000000,-180.000000,8.768848
38,14,-60.000000,-180.000000,8.749833
39,14,-55.000000,-180.000000,8.730818
40,14,-50.000000,-180.000000,8.711777
41,14,-45.000000,-180.000000,8.692481
42,14,-40.000000,-180.000000,8.673136
43,14,-35.000000,-180.000000,8.653634
44,14,-30.000000,-180.000000,8.634131
45,14,-25.000000,-180.000000,8.614629
46,14,-20.000000,-180.000000,8.594816
47,14,-15.000000,-180.000000,8.574729
48,14,-10.000000,-180.000000,8.554285
49,14,-5.000000,-180.000000,8.533670
50,14,0.000000,-180.000000,8.513054
51,14,5.000000,-180.000000,8.492439
52,14,10.000000,-180.000000,8.471944
53,14,15.000000,-180.000000,8.451468
54,14,20.000000,-180.000000,8.431115
55,14,25.000000,-180.000000,8.410761
56,14,30.000000,-180.000000,8.390408
57,14,35.000000,-180.000000,8.370441
58,14,40.000000,-180.000000,8.351047
59,14,45.000000,-180.000000,8.332368
60,14,50.000000,-180.000000,8.314278
61,14,55.000000,-180.000000,8.296188
62,14,60.000000,-180.000000,8.278098
63,14,65.000000,-180.000000,8.260878
64,14,70.000000,-180.000000,8.243823
65,14,75.000000,-180.000000,8.228484
66,14,80.000000,-180.000000,8.213172
67,14,85.000000,-180.000000,8.197859
68,14,90.000000,-180.000000,8.182667
69,14,95.000000,-180.000000,8.167794
70,14,100.000000,-180.000000,8.153309
71,14,105.000000,-180.000000,8.139359
72,14,110.000000,-180.000000,8.125410
73,14,115.000000,-180.000000,8.111460
74,14,120.000000,-180.000000,8.097437
75,14,125.000000,-180.000000,8.083385
76,14,130.000000,-180.000000,8.069097
77,14,135.000000,-180.000000,8.054768
78,14,140.000000,-180.000000,8.040440
79,14,145.000000,-180.000000,8.026085
80,14,150.000000,-180.000000,8.011570
81,14,155.000000,-180.000000,7.996862
82,14,160.000000,-180.000000,7.981686
83,14,165.000000,-180.000000,7.966511
84,14,170.000000,-180.000000,7.951335
85,14,175.000000,-180.000000,7.936136
86,14,180.000000,-180.000000,7.920921
87,14,185.000000,-180.000000,7.905566
88,14,190.000000,-180.000000,7.890158
89,14,195.000000,-180.000000,7.874750
90,14,200.000000,-180.000000,7.859342
91,14,205.000000,-180.000000,7.843945
92,14,210.000000,-180.000000,7.828561
93,14,215.000000,-180.000000,7.813246
94,14,220.000000,-180.000000,7.797930
95,14,225.000000,-180.000000,7.782614
96,14,230.000000,-180.000000,7.767282
97,14,235.000000,-180.000000,7.751932
98,14,240.000000,-180.000000,7.736300
99,14,245.000000,-180.000000,7.720479
100,14,250.000000,-180.000000,7.704658
0,15,-250.000000,-175.000000,9.548975
1,15,-245.000000,-175.000000,9.529100
2,15,-240.000000,-175.000000,9.509601
3,15,-235.000000,-175.000000,9.490107
4,15,-230.000000,-175.000000,9.470636
5,15,-225.000000,-175.000000,9.451165
6,15,-220.000000,-175.000000,9.431695
7,15,-215.000000,-175.000000,9.411842
8,15,-210.000000,-175.000000,9.391575
9,15,-205.000000,-175.000000,9.371242
10,15,-200.000000,-175.000000,9.350868
11,15,-195.000000,-175.000000,9.330494
12,15,-190.000000,-175.000000,9.310120
13,15,-185.000000,-175.000000,9.288441
14,15,-180.000000,-175.000000,9.266623
15,15,-175.000000,-175.000000,9.244531
16,15,-170.000000,-175.000000,9.222440
17,15,-165.000000,-175.000000,9.200349
18,15,-160.000000,-175.000000,9.177998
19,15,-155.000000,-175.000000,9.155169
20,15,-150.000000,-175.000000,9.132236
21,15,-145.000000,-175.000000,9.109199
22,15,-140.000000,-175.000000,9.086161
23,15,-135.000000,-175.000000,9.063123
24,15,-130.000000,-175.000000,9.040583
25,15,-125.000000,-175.000000,9.018178
26,15,-120.000000,-175.000000,8.995992
27,15,-115.000000,-175.000000,8.973822
28,15,-110.000000,-175.000000,8.951652
29,15,-105.000000,-175.000000,8.929779
30,15,-100.000000,-175.000000,8.908941
31,15,-95.000000,-175.000000,8.888336
32,15,-90.000000,-175.000000,8.868130
33,15,-85.000000,-175.000000,8.847924
34,15,-80.000000,-175.000000,8.827719
35,15,-75.000000,-175.000000,8.808015
36,15,-70.000000,-175.000000,8.788571
37,15,-65.000000,-175.000000,8.769492
38,15,-60.000000,-175.000000,8.750501
39,15,-55.000000,-175.000000,8.731510
40,15,-50.000000,-175.000000,8.712492
41,15,-45.000000,-175.000000,8.693218
42,15,-40.000000,-175.000000,8.673893
43,15,-35.000000,-175.000000,8.654410
44,15,-30.000000,-175.000000,8.634927
45,15,-25.000000,-175.000000,8.615444
46,15,-20.000000,-175.000000,8.595653
47,15,-15.000000,-175.000000,8.575590
48,15,-10.000000,-175.000000,8.555172
49,15,-5.000000,-175.000000,8.534585
50,15,0.000000,-175.000000,8.513998
51,15,5.000000,-175.000000,8.493412
52,15,10.000000,-175.000000,8.472949
53,15,15.000000,-175.000000,8.452506
54,15,20.000000,-175.000000,8.432189
55,15,25.000000,-175.000000,8.411872
56,15,30.000000,-175.000000,8.391555
57,15,35.000000,-175.000000,8.371624
58,15,40.000000,-175.000000,8.352264
59,15,45.000000,-175.000000,8.333619
60,15,50.000000,-175.000000,8.315561
61,15,55.000000,-175.000000,8.297503
62,15,60.000000,-175.000000,8.279445
63,15,65.000000,-175.000000,8.262252
64,15,70.000000,-175.000000,8.245226
65,15,75.000000,-175.000000,8.229907
66,15,80.000000,-175.000000,8.214614
67,15,85.000000,-175.000000,8.199322
68,15,90.000000,-175.000000,8.184149
69,15,95.000000,-175.000000,8.169293
70,15,100.000000,-175.000000,8.154823
71,15,105.000000,-175.000000,8.140885
72,15,110.000000,-175.000000,8.126947
73,15,115.000000,-175.000000,8.113009
74,15,120.000000,-175.000000,8.098999
75,15,125.000000,-175.000000,8.084959
76,15,130.000000,-175.000000,8.070682
77,15,135.000000,-175.000000,8.056367
78,15,140.000000,-175.000000,8.042052
79,15,145.000000,-175.000000,8.027709
80,15,150.000000,-175.000000,8.013208
81,15,155.000000,-175.000000,7.998515
82,15,160.000000,-175.000000,7.983358
83,15,165.000000,-175.000000,7.968200
84,15,170.000000,-175.000000,7.953043
85,15,175.000000,-175.000000,7.937864
86,15,180.000000,-175.000000,7.922668
87,15,185.000000,-175.000000,7.907335
88,15,190.000000,-175.000000,7.891952
89,15,195.000000,-175.000000,7.876568
90,15,200.000000,-175.000000,7.861184
91,15,205.000000,-175.000000,7.845812
92,15,210.000000,-175.000000,7.830454
93,15,215.000000,-175.000000,7.815168
94,15,220.000000,-175.000000,7.799881
95,15,225.000000,-175.000000,7.784595
96,15,230.000000,-175.000000,7.769294
97,15,235.000000,-175.000000,7.753974
98,15,240.000000,-175.000000,7.738374
99,15,245.000000,-175.000000,7.722590
100,15,250.000000,-175.000000,7.706806
0,16,-250.000000,-170.000000,9.547783
1,16,-245.000000,-170.000000,9.528144
2,16,-240.000000,-170.000000,9.508802
3,16,-235.000000,-170.000000,9.489465
4,16,-230.000000,-170.000000,9.470146
5,16,-225.000000,-170.000000,9.450828
6,16,-220.000000,-170.000000,9.431509
7,16,-215.000000,-170.000000,9.411784
8,16,-210.000000,-170.000000,9.391618
9,16,-205.000000,-170.000000,9.371381
10,16,-200.000000,-170.000000,9.351101
11,16,-195.000000,-170.000000,9.330821
12,16,-190.000000,-170.000000,9.310542
13,16,-185.000000,-170.000000,9.288946
14,16,-180.000000,-170.000000,9.267211
15,16,-175.000000,-170.000000,9.245201
16,16,-170.000000,-170.000000,9.223191
17,16,-165.000000,-170.000000,9.201180
18,16,-160.000000,-170.000000,9.178913
19,16,-155.000000,-170.000000,9.156171
20,16,-150.000000,-170.000000,9.133326
21,16,-145.000000,-170.000000,9.110377
22,16,-140.000000,-170.000000,9.087428
23,16,-135.000000,-170.000000,9.064479
24,16,-130.000000,-170.000000,9.042023
25,16,-125.000000,-170.000000,9.019700
26,16,-120.000000,-170.000000,8.997594
27,16,-115.000000,-170.000000,8.975503
28,16,-110.000000,-170.000000,8.953413
29,16,-105.000000,-170.000000,8.931615
30,16,-100.000000,-170.000000,8.910833
31,16,-95.000000,-170.000000,8.890280
32,16,-90.000000,-170.000000,8.870119
33,16,-85.000000,-170.000000,8.849958
34,16,-80.000000,-170.000000,8.829798
35,16,-75.000000,-170.000000,8.810125
36,16,-70.000000,-170.000000,8.790705
37,16,-65.000000,-170.000000,8.771639
38,16,-60.000000,-170.000000,8.752658
39,16,-55.000000,-170.000000,8.733678
40,16,-50.000000,-170.000000,8.714671
41,16,-45.000000,-170.000000,8.695403
42,16,-40.000000,-170.000000,8.676085
43,16,-35.000000,-170.000000,8.656607
44,16,-30.000000,-170.000000,8.637129
45,16,-25.000000,-170.000000,8.617650
46,16,-20.000000,-170.000000,8.597869
47,16,-15.000000,-170.000000,8.577820
48,16,-10.000000,-170.000000,8.557423
49,16,-5.000000,-170.000000,8.536859
50,16,0.000000,-170.000000,8.516296
51,16,5.000000,-170.000000,8.495732
52,16,10.000000,-170.000000,8.475298
53,16,15.000000,-170.000000,8.454886
54,16,20.000000,-170.000000,8.434605
55,16,25.000000,-170.000000,8.414325
56,16,30.000000,-170.000000,8.394044
57,16,35.000000,-170.000000,8.374148
58,16,40.000000,-170.000000,8.354819
59,16,45.000000,-170.000000,8.336202
60,16,50.000000,-170.000000,8.318168
61,16,55.000000,-170.000000,8.300135
62,16,60.000000,-170.000000,8.282101
63,16,65.000000,-170.000000,8.264925
64,16,70.000000,-170.000000,8.247912
65,16,75.000000,-170.000000,8.232591
66,16,80.000000,-170.000000,8.217295
67,16,85.000000,-170.000000,8.202000
68,16,90.000000,-170.000000,8.186823
69,16,95.000000,-170.000000,8.171959
70,16,100.000000,-170.000000,8.157476
71,16,105.000000,-170.000000,8.143518
72,16,110.000000,-170.000000,8.129560
73,16,115.000000,-170.000000,8.115602
74,16,120.000000,-170.000000,8.101572
75,16,125.000000,-170.000000,8.087513
76,16,130.000000,-170.000000,8.073220
77,16,135.000000,-170.000000,8.058888
78,16,140.000000,-170.000000,8.044556
79,16,145.000000,-170.000000,8.030198
80,16,150.000000,-170.000000,8.015684
81,16,155.000000,-170.000000,8.000981
82,16,160.000000,-170.000000,7.985821
83,16,165.000000,-170.000000,7.970662
84,16,170.000000,-170.000000,7.955503
85,16,175.000000,-170.000000,7.940322
86,16,180.000000,-170.000000,7.925126
87,16,185.000000,-170.000000,7.909800
88,16,190.000000,-170.000000,7.894425
89,16,195.000000,-170.000000,7.879051
90,16,200.000000,-170.000000,7.863676
91,16,205.000000,-170.000000,7.848314
92,16,210.000000,-170.000000,7.832966
93,16,215.000000,-170.000000,7.817695
94,16,220.000000,-170.000000,7.802424
95,16,225.000000,-170.000000,7.787153
96,16,230.000000,-170.000000,7.771866
97,16,235.000000,-170.000000,7.756562
98,16,240.000000,-170.000000,7.740983
99,16,245.000000,-170.000000,7.725221
100,16,250.000000,-170.000000,7.709460
0,17,-250.000000,-165.000000,9.548633
1,17,-245.000000,-165.000000,9.529253
2,17,-240.000000,-165.000000,9.510078
3,17,-235.000000,-165.000000,9.490905
4,17,-230.000000,-165.000000,9.471745
5,17,-225.000000,-165.000000,9.452586
6,17,-220.000000,-165.000000,9.433426
7,17,-215.000000,-165.000000,9.413832
8,17,-210.000000,-165.000000,9.393766
9,17,-205.000000,-165.000000,9.373624
10,17,-200.000000,-165.000000,9.353436
11,17,-195.000000,-165.000000,9.333249
12,17,-190.000000,-165.000000,9.313061
13,17,-185.000000,-165.000000,9.291554
14,17,-180.000000,-165.000000,9.269907
15,17,-175.000000,-165.000000,9.247984
16,17,-170.000000,-165.000000,9.226061
17,17,-165.000000,-165.000000,9.204139
18,17,-160.000000,-165.000000,9.181964
19,17,-155.000000,-165.000000,9.159325
20,17,-150.000000,-165.000000,9.136586
21,17,-145.000000,-165.000000,9.113745
22,17,-140.000000,-165.000000,9.090904
23,17,-135.000000,-165.000000,9.068063
24,17,-130.000000,-165.000000,9.045709
25,17,-125.000000,-165.000000,9.023487
26,17,-120.000000,-165.000000,9.001479
27,17,-115.000000,-165.000000,8.979486
28,17,-110.000000,-165.000000,8.957493
29,17,-105.000000,-165.000000,8.935785
30,17,-100.000000,-165.000000,8.915064
31,17,-95.000000,-165.000000,8.894566
32,17,-90.000000,-165.000000,8.874449
33,17,-85.000000,-165.000000,8.854332
34,17,-80.000000,-165.000000,8.834215
35,17,-75.000000,-165.000000,8.814564
36,17,-70.000000,-165.000000,8.795154
37,17,-65.000000,-165.000000,8.776082
38,17,-60.000000,-165.000000,8.757092
39,17,-55.000000,-165.000000,8.738102
40,17,-50.000000,-165.000000,8.719084
41,17,-45.000000,-165.000000,8.699803
42,17,-40.000000,-165.000000,8.680470
43,17,-35.000000,-165.000000,8.660975
44,17,-30.000000,-165.000000,8.641479
45,17,-25.000000,-165.000000,8.621984
46,17,-20.000000,-165.000000,8.602194
47,17,-15.000000,-165.000000,8.582145
48,17,-10.000000,-165.000000,8.561758
49,17,-5.000000,-165.000000,8.541210
50,17,0.000000,-165.000000,8.520661
51,17,5.000000,-165.000000,8.500113
52,17,10.000000,-165.000000,8.479704
53,17,15.000000,-165.000000,8.459318
54,17,20.000000,-165.000000,8.439074
55,17,25.000000,-165.000000,8.418830
56,17,30.000000,-165.000000,8.398586
57,17,35.000000,-165.000000,8.378722
58,17,40.000000,-165.000000,8.359420
59,17,45.000000,-165.000000,8.340821
60,17,50.000000,-165.000000,8.322801
61,17,55.000000,-165.000000,8.304780
62,17,60.000000,-165.000000,8.286759
63,17,65.000000,-165.000000,8.269580
64,17,70.000000,-165.000000,8.252562
65,17,75.000000,-165.000000,8.237203
66,17,80.000000,-165.000000,8.221870
67,17,85.000000,-165.000000,8.206537
68,17,90.000000,-165.000000,8.191320
69,17,95.000000,-165.000000,8.176408
70,17,100.000000,-165.000000,8.161869
71,17,105.000000,-165.000000,8.147842
72,17,110.000000,-165.000000,8.133816
73,17,115.000000,-165.000000,8.119789
74,17,120.000000,-165.000000,8.105692
75,17,125.000000,-165.000000,8.091566
76,17,130.000000,-165.000000,8.077212
77,17,135.000000,-165.000000,8.062819
78,17,140.000000,-165.000000,8.048427
79,17,145.000000,-165.000000,8.034008
80,17,150.000000,-165.000000,8.019440
81,17,155.000000,-165.000000,8.004688
82,17,160.000000,-165.000000,7.989496
83,17,165.000000,-165.000000,7.974303
84,17,170.000000,-165.000000,7.959110
85,17,175.000000,-165.000000,7.943898
86,17,180.000000,-165.000000,7.928673
87,17,185.000000,-165.000000,7.913328
88,17,190.000000,-165.000000,7.897939
89,17,195.000000,-165.000000,7.882550
90,17,200.000000,-165.000000,7.867161
91,17,205.000000,-165.000000,7.851786
92,17,210.000000,-165.000000,7.836426
93,17,215.000000,-165.000000,7.821148
94,17,220.000000,-165.000000,7.805869
95,17,225.000000,-165.000000,7.790591
96,17,230.000000,-165.000000,7.775298
97,17,235.000000,-165.000000,7.759987
98,17,240.000000,-165.000000,7.744407
99,17,245.000000,-165.000000,7.728648
100,17,250.000000,-165.000000,7.712889
0,18,-250.000000,-160.000000,9.549852
1,18,-245.000000,-160.000000,9.530736
2,18,-240.000000,-160.000000,9.511728
3,18,-235.000000,-160.000000,9.492722
4,18,-230.000000,-160.000000,9.473722
5,18,-225.000000,-160.000000,9.454723
6,18,-220.000000,-160.000000,9.435723
7,18,-215.000000,-160.000000,9.416260
8,18,-210.000000,-160.000000,9.396295
9,18,-205.000000,-160.000000,9.376248
10,18,-200.000000,-160.000000,9.356152
11,18,-195.000000,-160.000000,9.336056
12,18,-190.000000,-160.000000,9.315960
13,18,-185.000000,-160.000000,9.294542
14,18,-180.000000,-160.000000,9.272985
15,18,-175.000000,-160.000000,9.251150
16,18,-170.000000,-160.000000,9.229316
17,18,-165.000000,-160.000000,9.207482
18,18,-160.000000,-160.000000,9.185402
19,18,-155.000000,-160.000000,9.162870
20,18,-150.000000,-160.000000,9.140240
21,18,-145.000000,-160.000000,9.117510
22,18,-140.000000,-160.000000,9.094781
23,18,-135.000000,-160.000000,9.072051
24,18,-130.000000,-160.000000,9.049803
25,18,-125.000000,-160.000000,9.027684
26,18,-120.000000,-160.000000,9.005777
27,18,-115.000000,-160.000000,8.983885
28,18,-110.000000,-160.000000,8.961993
29,18,-105.000000,-160.000000,8.940377
30,18,-100.000000,-160.000000,8.919718
31,18,-95.000000,-160.000000,8.899275
32,18,-90.000000,-160.000000,8.879202
33,18,-85.000000,-160.000000,8.859129
34,18,-80.000000,-160.000000,8.839055
35,18,-75.000000,-160.000000,8.819424
36,18,-70.000000,-160.000000,8.800022
37,18,-65.000000,-160.000000,8.780941
38,18,-60.000000,-160.000000,8.761937
39,18,-55.000000,-160.000000,8.742934
40,18,-50.000000,-160.000000,8.723902
41,18,-45.000000,-160.000000,8.704603
42,18,-40.000000,-160.000000,8.685252
43,18,-35.000000,-160.000000,8.665735
44,18,-30.000000,-160.000000,8.646218
45,18,-25.000000,-160.000000,8.626702
46,18,-20.000000,-160.000000,8.606901
47,18,-15.000000,-160.000000,8.586849
48,18,-10.000000,-160.000000,8.566471
49,18,-5.000000,-160.000000,8.545936
50,18,0.000000,-160.000000,8.525401
51,18,5.000000,-160.000000,8.504866
52,18,10.000000,-160.000000,8.484481
53,18,15.000000,-160.000000,8.464121
54,18,20.000000,-160.000000,8.443914
55,18,25.000000,-160.000000,8.423707
56,18,30.000000,-160.000000,8.403499
57,18,35.000000,-160.000000,8.383668
58,18,40.000000,-160.000000,8.364391
59,18,45.000000,-160.000000,8.345810
60,18,50.000000,-160.000000,8.327800
61,18,55.000000,-160.000000,8.309790
62,18,60.000000,-160.000000,8.291780
63,18,65.000000,-160.000000,8.274594
64,18,70.000000,-160.000000,8.257566
65,18,75.000000,-160.000000,8.242164
66,18,80.000000,-160.000000,8.226788
67,18,85.000000,-160.000000,8.211411
68,18,90.000000,-160.000000,8.196147
69,18,95.000000,-160.000000,8.181181
70,18,100.000000,-160.000000,8.166577
71,18,105.000000,-160.000000,8.152473
72,18,110.000000,-160.000000,8.138369
73,18,115.000000,-160.000000,8.124265
74,18,120.000000,-160.000000,8.110092
75,18,125.000000,-160.000000,8.095891
76,18,130.000000,-160.000000,8.081467
77,18,135.000000,-160.000000,8.067006
78,18,140.000000,-160.000000,8.052545
79,18,145.000000,-160.000000,8.038058
80,18,150.000000,-160.000000,8.023427
81,18,155.000000,-160.000000,8.008621
82,18,160.000000,-160.000000,7.993389
83,18,165.000000,-160.000000,7.978158
84,18,170.000000,-160.000000,7.962926
85,18,175.000000,-160.000000,7.947677
86,18,180.000000,-160.000000,7.932416
87,18,185.000000,-160.000000,7.917048
88,18,190.000000,-160.000000,7.901641
89,18,195.000000,-160.000000,7.886233
90,18,200.000000,-160.000000,7.870827
91,18,205.000000,-160.000000,7.855433
92,18,210.000000,-160.000000,7.840057
93,18,215.000000,-160.000000,7.824768
94,18,220.000000,-160.000000,7.809478
95,18,225.000000,-160.000000,7.794189
96,18,230.000000,-160.000000,7.778885
97,18,235.000000,-160.000000,7.763564
98,18,240.000000,-160.000000,7.747979
99,18,245.000000,-160.000000,7.732218
100,18,250.000000,-160.000000,7.716458
0,19,-250.000000,-155.000000,9.551231
1,19,-245.000000,-155.000000,9.532381
2,19,-240.000000,-155.000000,9.513542
3,19,-235.000000,-155.000000,9.494702
4,19,-230.000000,-155.000000,9.475863
5,19,-225.000000,-155.000000,9.457025
6,19,-220.000000,-155.000000,9.438186
7,19,-215.000000,-155.000000,9.418855
8,19,-210.000000,-155.000000,9.398989
9,19,-205.000000,-155.000000,9.379036
10,19,-200.000000,-155.000000,9.359032
11,19,-195.000000,-155.000000,9.339028
12,19,-190.000000,-155.000000,9.319024
13,19,-185.000000,-155.000000,9.297696
14,19,-180.000000,-155.000000,9.276228
15,19,-175.000000,-155.000000,9.254482
16,19,-170.000000,-155.000000,9.232737
17,19,-165.000000,-155.000000,9.210992
18,19,-160.000000,-155.000000,9.189008
19,19,-155.000000,-155.000000,9.166583
20,19,-150.000000,-155.000000,9.144064
21,19,-145.000000,-155.000000,9.121447
22,19,-140.000000,-155.000000,9.098831
23,19,-135.000000,-155.000000,9.076214
24,19,-130.000000,-155.000000,9.054072
25,19,-125.000000,-155.000000,9.032059
26,19,-120.000000,-155.000000,9.010254
27,19,-115.000000,-155.000000,8.988465
28,19,-110.000000,-155.000000,8.966675
29,19,-105.000000,-155.000000,8.945152
30,19,-100.000000,-155.000000,8.924556
31,19,-95.000000,-155.000000,8.904169
32,19,-90.000000,-155.000000,8.884139
33,19,-85.000000,-155.000000,8.864109
34,19,-80.000000,-155.000000,8.844079
35,19,-75.000000,-155.000000,8.824468
36,19,-70.000000,-155.000000,8.805072
37,19,-65.000000,-155.000000,8.785980
38,19,-60.000000,-155.000000,8.766962
39,19,-55.000000,-155.000000,8.747943
40,19,-50.000000,-155.000000,8.728896
41,19,-45.000000,-155.000000,8.709577
42,19,-40.000000,-155.000000,8.690205
43,19,-35.000000,-155.000000,8.670666
44,19,-30.000000,-155.000000,8.651127
45,19,-25.000000,-155.000000,8.631587
46,19,-20.000000,-155.000000,8.611774
47,19,-15.000000,-155.000000,8.591718
48,19,-10.000000,-155.000000,8.571347
49,19,-5.000000,-155.000000,8.550825
50,19,0.000000,-155.000000,8.530303
51,19,5.000000,-155.000000,8.509781
52,19,10.000000,-155.000000,8.489420
53,19,15.000000,-155.000000,8.469086
54,19,20.000000,-155.000000,8.448915
55,19,25.000000,-155.000000,8.428745
56,19,30.000000,-155.000000,8.408574
57,19,35.000000,-155.000000,8.388774
58,19,40.000000,-155.000000,8.369523
59,19,45.000000,-155.000000,8.350958
60,19,50.000000,-155.000000,8.332958
61,19,55.000000,-155.000000,8.314958
62,19,60.000000,-155.000000,8.296958
63,19,65.000000,-155.000000,8.279764
64,19,70.000000,-155.000000,8.262725
65,19,75.000000,-155.000000,8.247277
66,19,80.000000,-155.000000,8.231854
67,19,85.000000,-155.000000,8.216431
68,19,90.000000,-155.000000,8.201117
69,19,95.000000,-155.000000,8.186093
70,19,100.000000,-155.000000,8.171422
71,19,105.000000,-155.000000,8.157236
72,19,110.000000,-155.000000,8.143051
73,19,115.000000,-155.000000,8.128866
74,19,120.000000,-155.000000,8.114613
75,19,125.000000,-155.000000,8.100334
76,19,130.000000,-155.000000,8.085836
77,19,135.000000,-155.000000,8.071303
78,19,140.000000,-155.000000,8.056770
79,19,145.000000,-155.000000,8.042212
80,19,150.000000,-155.000000,8.027516
81,19,155.000000,-155.000000,8.012651
82,19,160.000000,-155.000000,7.997378
83,19,165.000000,-155.000000,7.982105
84,19,170.000000,-155.000000,7.966832
85,19,175.000000,-155.000000,7.951543
86,19,180.000000,-155.000000,7.936244
87,19,185.000000,-155.000000,7.920851
88,19,190.000000,-155.000000,7.905424
89,19,195.000000,-155.000000,7.889997
90,19,200.000000,-155.000000,7.874570
91,19,205.000000,-155.000000,7.859157
92,19,210.000000,-155.000000,7.843763
93,19,215.000000,-155.000000,7.828461
94,19,220.000000,-155.000000,7.813158
95,19,225.000000,-155.000000,7.797856
96,19,230.000000,-155.000000,7.782540
97,19,235.000000,-155.000000,7.767206
98,19,240.000000,-155.000000,7.751615
99,19,245.000000,-155.000000,7.735851
100,19,250.000000,-155.000000,7.720088
0,20,-250.000000,-150.000000,9.552610
1,20,-245.000000,-150.000000,9.534027
2,20,-240.000000,-150.000000,9.515355
3,20,-235.000000,-150.000000,9.496683
4,20,-230.000000,-150.000000,9.478004
5,20,-225.000000,-150.000000,9.459326
6,20,-220.000000,-150.000000,9.440648
7,20,-215.000000,-150.000000,9.421449
8,20,-210.000000,-150.000000,9.401683
9,20,-205.000000,-150.000000,9.381825
10,20,-200.000000,-150.000000,9.361912
11,20,-195.000000,-150.000000,9.342000
12,20,-190.000000,-150.000000,9.322087
13,20,-185.000000,-150.000000,9.300849
14,20,-180.000000,-150.000000,9.279471
15,20,-175.000000,-150.000000,9.257814
16,20,-170.000000,-150.000000,9.236158
17,20,-165.000000,-150.000000,9.214502
18,20,-160.000000,-150.000000,9.192614
19,20,-155.000000,-150.000000,9.170297
20,20,-150.000000,-150.000000,9.147888
21,20,-145.000000,-150.000000,9.125384
22,20,-140.000000,-150.000000,9.102881
23,20,-135.000000,-150.000000,9.080377
24,20,-130.000000,-150.000000,9.058342
25,20,-125.000000,-150.000000,9.036434
26,20,-120.000000,-150.000000,9.014732
27,20,-115.000000,-150.000000,8.993045
28,20,-110.000000,-150.000000,8.971357
29,20,-105.000000,-150.000000,8.949928
30,20,-100.000000,-150.000000,8.929394
31,20,-95.000000,-150.000000,8.909062
32,20,-90.000000,-150.000000,8.889076
33,20,-85.000000,-150.000000,8.869090
34,20,-80.000000,-150.000000,8.849104
35,20,-75.000000,-150.000000,8.829511
36,20,-70.000000,-150.000000,8.810123
37,20,-65.000000,-150.000000,8.791020
38,20,-60.000000,-150.000000,8.771986
39,20,-55.000000,-150.000000,8.752952
40,20,-50.000000,-150.000000,8.733890
41,20,-45.000000,-150.000000,8.714551
42,20,-40.000000,-150.000000,8.695159
43,20,-35.000000,-150.000000,8.675597
44,20,-30.000000,-150.000000,8.656035
45,20,-25.000000,-150.000000,8.636473
46,20,-20.000000,-150.000000,8.616646
47,20,-15.000000,-150.000000,8.596586
48,20,-10.000000,-150.000000,8.576223
49,20,-5.000000,-150.000000,8.555714
50,20,0.000000,-150.000000,8.535205
51,20,5.000000,-150.000000,8.514696
52,20,10.000000,-150.000000,8.494359
53,20,15.000000,-150.000000,8.474051
54,20,20.000000,-150.000000,8.453917
55,20,25.000000,-150.000000,8.433782
56,20,30.000000,-150.000000,8.413648
57,20,35.000000,-150.000000,8.393880
58,20,40.000000,-150.000000,8.374655
59,20,45.000000,-150.000000,8.356107
60,20,50.000000,-150.000000,8.338116
61,20,55.000000,-150.000000,8.320126
62,20,60.000000,-150.000000,8.302135
63,20,65.000000,-150.000000,8.284934
64,20,70.000000,-150.000000,8.267883
65,20,75.000000,-150.000000,8.252390
66,20,80.000000,-150.000000,8.236920
67,20,85.000000,-150.000000,8.221450
68,20,90.000000,-150.000000,8.206088
69,20,95.000000,-150.000000,8.191005
70,20,100.000000,-150.000000,8.176266
71,20,105.000000,-150.000000,8.162000
72,20,110.000000,-150.000000,8.147733
73,20,115.000000,-150.000000,8.133467
74,20,120.000000,-150.000000,8.119135
75,20,125.000000,-150.000000,8.104776
76,20,130.000000,-150.000000,8.090206
77,20,135.000000,-150.000000,8.075600
78,20,140.000000,-150.000000,8.060995
79,20,145.000000,-150.000000,8.046366
80,20,150.000000,-150.000000,8.031604
81,20,155.000000,-150.000000,8.016681
82,20,160.000000,-150.000000,8.001366
83,20,165.000000,-150.000000,7.986052
84,20,170.000000,-150.000000,7.970737
85,20,175.000000,-150.000000,7.955410
86,20,180.000000,-150.000000,7.940072
87,20,185.000000,-150.000000,7.924655
88,20,190.000000,-150.000000,7.909207
89,20,195.000000,-150.000000,7.893760
90,20,200.000000,-150.000000,7.878313
91,20,205.000000,-150.000000,7.862881
92,20,210.000000,-150.000000,7.847468
93,20,215.000000,-150.000000,7.832153
94,20,220.000000,-150.000000,7.816838
95,20,225.000000,-150.000000,7.801523
96,20,230.000000,-150.000000,7.786194
97,20,235.000000,-150.000000,7.770849
98,20,240.000000,-150.000000,7.755250
99,20,245.000000,-150.000000,7.739484
100,20,250.000000,-150.000000,7.723718
0,21,-250.000000,-145.000000,9.554705
1,21,-245.000000,-145.000000,9.536389
2,21,-240.000000,-145.000000,9.517885
3,21,-235.000000,-145.000000,9.499377
4,21,-230.000000,-145.000000,9.480859
5,21,-225.000000,-145.000000,9.462340
6,21,-220.000000,-145.000000,9.443821
7,21,-215.000000,-145.000000,9.424749
8,21,-210.000000,-145.000000,9.405078
9,21,-205.000000,-145.000000,9.385309
10,21,-200.000000,-145.000000,9.365483
11,21,-195.000000,-145.000000,9.345656
12,21,-190.000000,-145.000000,9.325829
13,21,-185.000000,-145.000000,9.304673
14,21,-180.000000,-145.000000,9.283376
15,21,-175.000000,-145.000000,9.261801
16,21,-170.000000,-145.000000,9.240225
17,21,-165.000000,-145.000000,9.218650
18,21,-160.000000,-145.000000,9.196850
19,21,-155.000000,-145.000000,9.174634
20,21,-150.000000,-145.000000,9.152328
21,21,-145.000000,-145.000000,9.129931
22,21,-140.000000,-145.000000,9.107533
23,21,-135.000000,-145.000000,9.085136
24,21,-130.000000,-145.000000,9.063203
25,21,-125.000000,-145.000000,9.041395
26,21,-120.000000,-145.000000,9.019791
27,21,-115.000000,-145.000000,8.998203
28,21,-110.000000,-145.000000,8.976614
29,21,-105.000000,-145.000000,8.955274
30,21,-100.000000,-145.000000,8.934799
31,21,-95.000000,-145.000000,8.914519
32,21,-90.000000,-145.000000,8.894573
33,21,-85.000000,-145.000000,8.874627
34,21,-80.000000,-145.000000,8.854681
35,21,-75.000000,-145.000000,8.835104
36,21,-70.000000,-145.000000,8.815717
37,21,-65.000000,-145.000000,8.796598
38,21,-60.000000,-145.000000,8.777544
39,21,-55.000000,-145.000000,8.758490
40,21,-50.000000,-145.000000,8.739406
41,21,-45.000000,-145.000000,8.720041
42,21,-40.000000,-145.000000,8.700622
43,21,-35.000000,-145.000000,8.681028
44,21,-30.000000,-145.000000,8.661435
45,21,-25.000000,-145.000000,8.641842
46,21,-20.000000,-145.000000,8.621994
47,21,-15.000000,-145.000000,8.601921
48,21,-10.000000,-145.000000,8.581556
49,21,-5.000000,-145.000000,8.561051
50,21,0.000000,-145.000000,8.540545
51,21,5.000000,-145.000000,8.520040
52,21,10.000000,-145.000000,8.499718
53,21,15.000000,-145.000000,8.479426
54,21,20.000000,-145.000000,8.459321
55,21,25.000000,-145.000000,8.439215
56,21,30.000000,-145.000000,8.419109
57,21,35.000000,-145.000000,8.399365
58,21,40.000000,-145.000000,8.380157
59,21,45.000000,-145.000000,8.361619
60,21,50.000000,-145.000000,8.343632
61,21,55.000000,-145.000000,8.325645
62,21,60.000000,-145.000000,8.307658
63,21,65.000000,-145.000000,8.290443
64,21,70.000000,-145.000000,8.273375
65,21,75.000000,-145.000000,8.257830
66,21,80.000000,-145.000000,8.242308
67,21,85.000000,-145.000000,8.226786
68,21,90.000000,-145.000000,8.211367
69,21,95.000000,-145.000000,8.196221
70,21,100.000000,-145.000000,8.181408
71,21,105.000000,-145.000000,8.167052
72,21,110.000000,-145.000000,8.152697
73,21,115.000000,-145.000000,8.138342
74,21,120.000000,-145.000000,8.123923
75,21,125.000000,-145.000000,8.109478
76,21,130.000000,-145.000000,8.094826
77,21,135.000000,-145.000000,8.080139
78,21,140.000000,-145.000000,8.065453
79,21,145.000000,-145.000000,8.050744
80,21,150.000000,-145.000000,8.035908
81,21,155.000000,-145.000000,8.020917
82,21,160.000000,-145.000000,8.005552
83,21,165.000000,-145.000000,7.990188
84,21,170.000000,-145.000000,7.974823
85,21,175.000000,-145.000000,7.959447
86,21,180.000000,-145.000000,7.944064
87,21,185.000000,-145.000000,7.928615
88,21,190.000000,-145.000000,7.913140
89,21,195.000000,-145.000000,7.897666
90,21,200.000000,-145.000000,7.882192
91,21,205.000000,-145.000000,7.866734
92,21,210.000000,-145.000000,7.851297
93,21,215.000000,-145.000000,7.835965
94,21,220.000000,-145.000000,7.820632
95,21,225.000000,-145.000000,7.805300
96,21,230.000000,-145.000000,7.789953
97,21,235.000000,-145.000000,7.774591
98,21,240.000000,-145.000000,7.758982
99,21,245.000000,-145.000000,7.743209
100,21,250.000000,-145.000000,7.727435
0,22,-250.000000,-140.000000,9.558464
1,22,-245.000000,-140.000000,9.540419
2,22,-240.000000,-140.000000,9.522078
3,22,-235.000000,-140.000000,9.503734
4,22,-230.000000,-140.000000,9.485371
5,22,-225.000000,-140.000000,9.467008
6,22,-220.000000,-140.000000,9.448645
7,22,-215.000000,-140.000000,9.429694
8,22,-210.000000,-140.000000,9.410104
9,22,-205.000000,-140.000000,9.390411
10,22,-200.000000,-140.000000,9.370656
11,22,-195.000000,-140.000000,9.350901
12,22,-190.000000,-140.000000,9.331146
13,22,-185.000000,-140.000000,9.310054
14,22,-180.000000,-140.000000,9.288821
15,22,-175.000000,-140.000000,9.267308
16,22,-170.000000,-140.000000,9.245795
17,22,-165.000000,-140.000000,9.224281
18,22,-160.000000,-140.000000,9.202551
19,22,-155.000000,-140.000000,9.180419
20,22,-150.000000,-140.000000,9.158201
21,22,-145.000000,-140.000000,9.135894
22,22,-140.000000,-140.000000,9.113588
23,22,-135.000000,-140.000000,9.091282
24,22,-130.000000,-140.000000,9.069438
25,22,-125.000000,-140.000000,9.047719
26,22,-120.000000,-140.000000,9.026205
27,22,-115.000000,-140.000000,9.004705
28,22,-110.000000,-140.000000,8.983205
29,22,-105.000000,-140.000000,8.961945
30,22,-100.000000,-140.000000,8.941521
31,22,-95.000000,-140.000000,8.921285
32,22,-90.000000,-140.000000,8.901371
33,22,-85.000000,-140.000000,8.881458
34,22,-80.000000,-140.000000,8.861545
35,22,-75.000000,-140.000000,8.841973
36,22,-70.000000,-140.000000,8.822578
37,22,-65.000000,-140.000000,8.803431
38,22,-60.000000,-140.000000,8.784344
39,22,-55.000000,-140.000000,8.765256
40,22,-50.000000,-140.000000,8.746139
41,22,-45.000000,-140.000000,8.726731
42,22,-40.000000,-140.000000,8.707267
43,22,-35.000000,-140.000000,8.687623
44,22,-30.000000,-140.000000,8.667979
45,22,-25.000000,-140.000000,8.648336
46,22,-20.000000,-140.000000,8.628447
47,22,-15.000000,-140.000000,8.608341
48,22,-10.000000,-140.000000,8.587952
49,22,-5.000000,-140.000000,8.567428
50,22,0.000000,-140.000000,8.546905
51,22,5.000000,-140.000000,8.526381
52,22,10.000000,-140.000000,8.506053
53,22,15.000000,-140.000000,8.485758
54,22,20.000000,-140.000000,8.465661
55,22,25.000000,-140.000000,8.445565
56,22,30.000000,-140.000000,8.425468
57,22,35.000000,-140.000000,8.405730
58,22,40.000000,-140.000000,8.386523
59,22,45.000000,-140.000000,8.367979
60,22,50.000000,-140.000000,8.349981
61,22,55.000000,-140.000000,8.331983
62,22,60.000000,-140.000000,8.313985
63,22,65.000000,-140.000000,8.296741
64,22,70.000000,-140.000000,8.279641
65,22,75.000000,-140.000000,8.264030
66,22,80.000000,-140.000000,8.248442
67,22,85.000000,-140.000000,8.232855
68,22,90.000000,-140.000000,8.217367
69,22,95.000000,-140.000000,8.202142
70,22,100.000000,-140.000000,8.187238
71,22,105.000000,-140.000000,8.172778
72,22,110.000000,-140.000000,8.158317
73,22,115.000000,-140.000000,8.143856
74,22,120.000000,-140.000000,8.129332
75,22,125.000000,-140.000000,8.114783
76,22,130.000000,-140.000000,8.100029
77,22,135.000000,-140.000000,8.085240
78,22,140.000000,-140.000000,8.070452
79,22,145.000000,-140.000000,8.055642
80,22,150.000000,-140.000000,8.040711
81,22,155.000000,-140.000000,8.025633
82,22,160.000000,-140.000000,8.010198
83,22,165.000000,-140.000000,7.994763
84,22,170.000000,-140.000000,7.979328
85,22,175.000000,-140.000000,7.963884
86,22,180.000000,-140.000000,7.948435
87,22,185.000000,-140.000000,7.932937
88,22,190.000000,-140.000000,7.917420
89,22,195.000000,-140.000000,7.901903
90,22,200.000000,-140.000000,7.886387
91,22,205.000000,-140.000000,7.870888
92,22,210.000000,-140.000000,7.855413
93,22,215.000000,-140.000000,7.840052
94,22,220.000000,-140.000000,7.824691
95,22,225.000000,-140.000000,7.809330
96,22,230.000000,-140.000000,7.793956
97,22,235.000000,-140.000000,7.778566
98,22,240.000000,-140.000000,7.762936
99,22,245.000000,-140.000000,7.747146
100,22,250.000000,-140.000000,7.731357
0,23,-250.000000,-135.000000,9.562552
1,23,-245.000000,-135.000000,9.544778
2,23,-240.000000,-135.000000,9.526601
3,23,-235.000000,-135.000000,9.508418
4,23,-230.000000,-135.000000,9.490210
5,23,-225.000000,-135.000000,9.472003
6,23,-220.000000,-135.000000,9.453795
7,23,-215.000000,-135.000000,9.434963
8,23,-210.000000,-135.000000,9.415452
9,23,-205.000000,-135.000000,9.395832
10,23,-200.000000,-135.000000,9.376146
11,23,-195.000000,-135.000000,9.356460
12,23,-190.000000,-135.000000,9.336774
13,23,-185.000000,-135.000000,9.315743
14,23,-180.000000,-135.000000,9.294570
15,23,-175.000000,-135.000000,9.273115
16,23,-170.000000,-135.000000,9.251660
17,23,-165.000000,-135.000000,9.230205
18,23,-160.000000,-135.000000,9.208541
19,23,-155.000000,-135.000000,9.186491
20,23,-150.000000,-135.000000,9.164357
21,23,-145.000000,-135.000000,9.142138
22,23,-140.000000,-135.000000,9.119919
23,23,-135.000000,-135.000000,9.097701
24,23,-130.000000,-135.000000,9.075944
25,23,-125.000000,-135.000000,9.054313
26,23,-120.000000,-135.000000,9.032885
27,23,-115.000000,-135.000000,9.011472
28,23,-110.000000,-135.000000,8.990059
29,23,-105.000000,-135.000000,8.968878
30,23,-100.000000,-135.000000,8.948503
31,23,-95.000000,-135.000000,8.928309
32,23,-90.000000,-135.000000,8.908427
33,23,-85.000000,-135.000000,8.888545
34,23,-80.000000,-135.000000,8.868662
35,23,-75.000000,-135.000000,8.849094
36,23,-70.000000,-135.000000,8.829688
37,23,-65.000000,-135.000000,8.810510
38,23,-60.000000,-135.000000,8.791388
39,23,-55.000000,-135.000000,8.772266
40,23,-50.000000,-135.000000,8.753111
41,23,-45.000000,-135.000000,8.733658
42,23,-40.000000,-135.000000,8.714145
43,23,-35.000000,-135.000000,8.694447
44,23,-30.000000,-135.000000,8.674750
45,23,-25.000000,-135.000000,8.655052
46,23,-20.000000,-135.000000,8.635117
47,23,-15.000000,-135.000000,8.614974
48,23,-10.000000,-135.000000,8.594558
49,23,-5.000000,-135.000000,8.574011
50,23,0.000000,-135.000000,8.553465
51,23,5.000000,-135.000000,8.532919
52,23,10.000000,-135.000000,8.512581
53,23,15.000000,-135.000000,8.492278
54,23,20.000000,-135.000000,8.472187
55,23,25.000000,-135.000000,8.452096
56,23,30.000000,-135.000000,8.432005
57,23,35.000000,-135.000000,8.412269
58,23,40.000000,-135.000000,8.393059
59,23,45.000000,-135.000000,8.374506
60,23,50.000000,-135.000000,8.356494
61,23,55.000000,-135.000000,8.338482
62,23,60.000000,-135.000000,8.320469
63,23,65.000000,-135.000000,8.303194
64,23,70.000000,-135.000000,8.286061
65,23,75.000000,-135.000000,8.270381
66,23,80.000000,-135.000000,8.254725
67,23,85.000000,-135.000000,8.239068
68,23,90.000000,-135.000000,8.223508
69,23,95.000000,-135.000000,8.208202
70,23,100.000000,-135.000000,8.193205
71,23,105.000000,-135.000000,8.178635
72,23,110.000000,-135.000000,8.164066
73,23,115.000000,-135.000000,8.149496
74,23,120.000000,-135.000000,8.134864
75,23,125.000000,-135.000000,8.120207
76,23,130.000000,-135.000000,8.105346
77,23,135.000000,-135.000000,8.090452
78,23,140.000000,-135.000000,8.075558
79,23,145.000000,-135.000000,8.060644
80,23,150.000000,-135.000000,8.045614
81,23,155.000000,-135.000000,8.030444
82,23,160.000000,-135.000000,8.014934
83,23,165.000000,-135.000000,7.999424
84,23,170.000000,-135.000000,7.983915
85,23,175.000000,-135.000000,7.968400
86,23,180.000000,-135.000000,7.952882
87,23,185.000000,-135.000000,7.937331
88,23,190.000000,-135.000000,7.921769
89,23,195.000000,-135.000000,7.906206
90,23,200.000000,-135.000000,7.890644
91,23,205.000000,-135.000000,7.875102
92,23,210.000000,-135.000000,7.859585
93,23,215.000000,-135.000000,7.844194
94,23,220.000000,-135.000000,7.828802
95,23,225.000000,-135.000000,7.813411
96,23,230.000000,-135.000000,7.798007
97,23,235.000000,-135.000000,7.782587
98,23,240.000000,-135.000000,7.766934
99,23,245.000000,-135.000000,7.751127
100,23,250.000000,-135.000000,7.735319
0,24,-250.000000,-130.000000,9.566856
1,24,-245.000000,-130.000000,9.549354
2,24,-240.000000,-130.000000,9.531340
3,24,-235.000000,-130.000000,9.513318
4,24,-230.000000,-130.000000,9.495266
5,24,-225.000000,-130.000000,9.477213
6,24,-220.000000,-130.000000,9.459160
7,24,-215.000000,-130.000000,9.440446
8,24,-210.000000,-130.000000,9.421013
9,24,-205.000000,-130.000000,9.401464
10,24,-200.000000,-130.000000,9.381845
11,24,-195.000000,-130.000000,9.362226
12,24,-190.000000,-130.000000,9.342608
13,24,-185.000000,-130.000000,9.321635
14,24,-180.000000,-130.000000,9.300520
15,24,-175.000000,-130.000000,9.279121
16,24,-170.000000,-130.000000,9.257722
17,24,-165.000000,-130.000000,9.236323
18,24,-160.000000,-130.000000,9.214723
19,24,-155.000000,-130.000000,9.192751
20,24,-150.000000,-130.000000,9.170700
21,24,-145.000000,-130.000000,9.148566
22,24,-140.000000,-130.000000,9.126433
23,24,-135.000000,-130.000000,9.104300
24,24,-130.000000,-130.000000,9.082630
25,24,-125.000000,-130.000000,9.061084
26,24,-120.000000,-130.000000,9.039742
27,24,-115.000000,-130.000000,9.018415
28,24,-110.000000,-130.000000,8.997088
29,24,-105.000000,-130.000000,8.975984
30,24,-100.000000,-130.000000,8.955657
31,24,-95.000000,-130.000000,8.935505
32,24,-90.000000,-130.000000,8.915652
33,24,-85.000000,-130.000000,8.895800
34,24,-80.000000,-130.000000,8.875947
35,24,-75.000000,-130.000000,8.856382
36,24,-70.000000,-130.000000,8.836964
37,24,-65.000000,-130.000000,8.817754
38,24,-60.000000,-130.000000,8.798594
39,24,-55.000000,-130.000000,8.779435
40,24,-50.000000,-130.000000,8.760243
41,24,-45.000000,-130.000000,8.740740
42,24,-40.000000,-130.000000,8.721177
43,24,-35.000000,-130.000000,8.701423
44,24,-30.000000,-130.000000,8.681669
45,24,-25.000000,-130.000000,8.661915
46,24,-20.000000,-130.000000,8.641932
47,24,-15.000000,-130.000000,8.621748
48,24,-10.000000,-130.000000,8.601302
49,24,-5.000000,-130.000000,8.580730
50,24,0.000000,-130.000000,8.560158
51,24,5.000000,-130.000000,8.539586
52,24,10.000000,-130.000000,8.519236
53,24,15.000000,-130.000000,8.498923
54,24,20.000000,-130.000000,8.478835
55,24,25.000000,-130.000000,8.458747
56,24,30.000000,-130.000000,8.438659
57,24,35.000000,-130.000000,8.418923
58,24,40.000000,-130.000000,8.399707
59,24,45.000000,-130.000000,8.381144
60,24,50.000000,-130.000000,8.363115
61,24,55.000000,-130.000000,8.345087
62,24,60.000000,-130.000000,8.327059
63,24,65.000000,-130.000000,8.309751
64,24,70.000000,-130.000000,8.292581
65,24,75.000000,-130.000000,8.276832
66,24,80.000000,-130.000000,8.261105
67,24,85.000000,-130.000000,8.245378
68,24,90.000000,-130.000000,8.229743
69,24,95.000000,-130.000000,8.214353
70,24,100.000000,-130.000000,8.199262
71,24,105.000000,-130.000000,8.184581
72,24,110.000000,-130.000000,8.169900
73,24,115.000000,-130.000000,8.155220
74,24,120.000000,-130.000000,8.140477
75,24,125.000000,-130.000000,8.125709
76,24,130.000000,-130.000000,8.110740
77,24,135.000000,-130.000000,8.095737
78,24,140.000000,-130.000000,8.080734
79,24,145.000000,-130.000000,8.065713
80,24,150.000000,-130.000000,8.050581
81,24,155.000000,-130.000000,8.035317
82,24,160.000000,-130.000000,8.019730
83,24,165.000000,-130.000000,8.004143
84,24,170.000000,-130.000000,7.988557
85,24,175.000000,-130.000000,7.972968
86,24,180.000000,-130.000000,7.957377
87,24,185.000000,-130.000000,7.941772
88,24,190.000000,-130.000000,7.926162
89,24,195.000000,-130.000000,7.910552
90,24,200.000000,-130.000000,7.894943
91,24,205.000000,-130.000000,7.879355
92,24,210.000000,-130.000000,7.863794
93,24,215.000000,-130.000000,7.848371
94,24,220.000000,-130.000000,7.832948
95,24,225.000000,-130.000000,7.817525
96,24,230.000000,-130.000000,7.802089
97,24,235.000000,-130.000000,7.786639
98,24,240.000000,-130.000000,7.770962
99,24,245.000000,-130.000000,7.755134
100,24,250.000000,-130.000000,7.739307
0,25,-250.000000,-125.000000,9.571160
1,25,-245.000000,-125.000000,9.553930
2,25,-240.000000,-125.000000,9.536079
3,25,-235.000000,-125.000000,9.518219
4,25,-230.000000,-125.000000,9.500321
5,25,-225.000000,-125.000000,9.482423
6,25,-220.000000,-125.000000,9.464525
7,25,-215.000000,-125.000000,9.445929
8,25,-210.000000,-125.000000,9.426573
9,25,-205.000000,-125.000000,9.407095
10,25,-200.000000,-125.000000,9.387544
11,25,-195.000000,-125.000000,9.367993
12,25,-190.000000,-125.000000,9.348441
13,25,-185.000000,-125.000000,9.327527
14,25,-180.000000,-125.000000,9.306469
15,25,-175.000000,-125.000000,9.285126
16,25,-170.000000,-125.000000,9.263783
17,25,-165.000000,-125.000000,9.242440
18,25,-160.000000,-125.000000,9.220904
19,25,-155.000000,-125.000000,9.199012
20,25,-150.000000,-125.000000,9.177042
21,25,-145.000000,-125.000000,9.154995
22,25,-140.000000,-125.000000,9.132947
23,25,-135.000000,-125.000000,9.110900
24,25,-130.000000,-125.000000,9.089315
25,25,-125.000000,-125.000000,9.067855
26,25,-120.000000,-125.000000,9.046599
27,25,-115.000000,-125.000000,9.025358
28,25,-110.000000,-125.000000,9.004116
29,25,-105.000000,-125.000000,8.983090
30,25,-100.000000,-125.000000,8.962811
31,25,-95.000000,-125.000000,8.942700
32,25,-90.000000,-125.000000,8.922877
33,25,-85.000000,-125.000000,8.903055
34,25,-80.000000,-125.000000,8.883233
35,25,-75.000000,-125.000000,8.863669
36,25,-70.000000,-125.000000,8.844239
37,25,-65.000000,-125.000000,8.824997
38,25,-60.000000,-125.000000,8.805801
39,25,-55.000000,-125.000000,8.786604
40,25,-50.000000,-125.000000,8.767374
41,25,-45.000000,-125.000000,8.747823
42,25,-40.000000,-125.000000,8.728210
43,25,-35.000000,-125.000000,8.708399
44,25,-30.000000,-125.000000,8.688588
45,25,-25.000000,-125.000000,8.668777
46,25,-20.000000,-125.000000,8.648747
47,25,-15.000000,-125.000000,8.628523
48,25,-10.000000,-125.000000,8.608046
49,25,-5.000000,-125.000000,8.587448
50,25,0.000000,-125.000000,8.566851
51,25,5.000000,-125.000000,8.546254
52,25,10.000000,-125.000000,8.525891
53,25,15.000000,-125.000000,8.505567
54,25,20.000000,-125.000000,8.485482
55,25,25.000000,-125.000000,8.465397
56,25,30.000000,-125.000000,8.445312
57,25,35.000000,-125.000000,8.425576
58,25,40.000000,-125.000000,8.406356
59,25,45.000000,-125.000000,8.387781
60,25,50.000000,-125.000000,8.369737
61,25,55.000000,-125.000000,8.351692
62,25,60.000000,-125.000000,8.333648
63,25,65.000000,-125.000000,8.316307
64,25,70.000000,-125.000000,8.299101
65,25,75.000000,-125.000000,8.283282
66,25,80.000000,-125.000000,8.267484
67,25,85.000000,-125.000000,8.251687
68,25,90.000000,-125.000000,8.235979
69,25,95.000000,-125.000000,8.220505
70,25,100.000000,-125.000000,8.205318
71,25,105.000000,-125.000000,8.190527
72,25,110.000000,-125.000000,8.175735
73,25,115.000000,-125.000000,8.160943
74,25,120.000000,-125.000000,8.146090
75,25,125.000000,-125.000000,8.131211
76,25,130.000000,-125.000000,8.116133
77,25,135.000000,-125.000000,8.101022
78,25,140.000000,-125.000000,8.085911
79,25,145.000000,-125.000000,8.070782
80,25,150.000000,-125.000000,8.055549
81,25,155.000000,-125.000000,8.040190
82,25,160.000000,-125.000000,8.024526
83,25,165.000000,-125.000000,8.008862
84,25,170.000000,-125.000000,7.993199
85,25,175.000000,-125.000000,7.977535
86,25,180.000000,-125.000000,7.961873
87,25,185.000000,-125.000000,7.946214
88,25,190.000000,-125.000000,7.930556
89,25,195.000000,-125.000000,7.914899
90,25,200.000000,-125.000000,7.899241
91,25,205.000000,-125.000000,7.883608
92,25,210.000000,-125.000000,7.868004
93,25,215.000000,-125.000000,7.852549
94,25,220.000000,-125.000000,7.837094
95,25,225.000000,-125.000000,7.821639
96,25,230.000000,-125.000000,7.806172
97,25,235.000000,-125.000000,7.790690
98,25,240.000000,-125.000000,7.774989
99,25,245.000000,-125.000000,7.759142
100,25,250.000000,-125.000000,7.743295
0,26,-250.000000,-120.000000,9.575751
1,26,-245.000000,-120.000000,9.558787
2,26,-240.000000,-120.000000,9.541096
3,26,-235.000000,-120.000000,9.523395
4,26,-230.000000,-120.000000,9.505649
5,26,-225.000000,-120.000000,9.487903
6,26,-220.000000,-120.000000,9.470156
7,26,-215.000000,-120.000000,9.451674
8,26,-210.000000,-120.000000,9.432392
9,26,-205.000000,-120.000000,9.412980
10,26,-200.000000,-120.000000,9.393491
11,26,-195.000000,-120.000000,9.374003
12,26,-190.000000,-120.000000,9.354514
13,26,-185.000000,-120.000000,9.333651
14,26,-180.000000,-120.000000,9.312644
15,26,-175.000000,-120.000000,9.291348
16,26,-170.000000,-120.000000,9.270053
17,26,-165.000000,-120.000000,9.248758
18,26,-160.000000,-120.000000,9.227277
19,26,-155.000000,-120.000000,9.205455
20,26,-150.000000,-120.000000,9.183558
21,26,-145.000000,-120.000000,9.161587
22,26,-140.000000,-120.000000,9.139616
23,26,-135.000000,-120.000000,9.117644
24,26,-130.000000,-120.000000,9.096137
25,26,-125.000000,-120.000000,9.074755
26,26,-120.000000,-120.000000,9.053577
27,26,-115.000000,-120.000000,9.032415
28,26,-110.000000,-120.000000,9.011252
29,26,-105.000000,-120.000000,8.990296
30,26,-100.000000,-120.000000,8.970060
31,26,-95.000000,-120.000000,8.949987
32,26,-90.000000,-120.000000,8.930191
33,26,-85.000000,-120.000000,8.910396
34,26,-80.000000,-120.000000,8.890600
35,26,-75.000000,-120.000000,8.871037
36,26,-70.000000,-120.000000,8.851593
37,26,-65.000000,-120.000000,8.832317
38,26,-60.000000,-120.000000,8.813082
39,26,-55.000000,-120.000000,8.793847
40,26,-50.000000,-120.000000,8.774577
41,26,-45.000000,-120.000000,8.754976
42,26,-40.000000,-120.000000,8.735309
43,26,-35.000000,-120.000000,8.715438
44,26,-30.000000,-120.000000,8.695567
45,26,-25.000000,-120.000000,8.675696
46,26,-20.000000,-120.000000,8.655612
47,26,-15.000000,-120.000000,8.635342
48,26,-10.000000,-120.000000,8.614828
49,26,-5.000000,-120.000000,8.594197
50,26,0.000000,-120.000000,8.573566
51,26,5.000000,-120.000000,8.552935
52,26,10.000000,-120.000000,8.532552
53,26,15.000000,-120.000000,8.512210
54,26,20.000000,-120.000000,8.492120
55,26,25.000000,-120.000000,8.472029
56,26,30.000000,-120.000000,8.451939
57,26,35.000000,-120.000000,8.432194
58,26,40.000000,-120.000000,8.412962
59,26,45.000000,-120.000000,8.394371
60,26,50.000000,-120.000000,8.376307
61,26,55.000000,-120.000000,8.358242
62,26,60.000000,-120.000000,8.340178
63,26,65.000000,-120.000000,8.322801
64,26,70.000000,-120.000000,8.305556
65,26,75.000000,-120.000000,8.289668
66,26,80.000000,-120.000000,8.273801
67,26,85.000000,-120.000000,8.257935
68,26,90.000000,-120.000000,8.242154
69,26,95.000000,-120.000000,8.226598
70,26,100.000000,-120.000000,8.211318
71,26,105.000000,-120.000000,8.196418
72,26,110.000000,-120.000000,8.181518
73,26,115.000000,-120.000000,8.166618
74,26,120.000000,-120.000000,8.151656
75,26,125.000000,-120.000000,8.136669
76,26,130.000000,-120.000000,8.121483
77,26,135.000000,-120.000000,8.106264
78,26,140.000000,-120.000000,8.091044
79,26,145.000000,-120.000000,8.075808
80,26,150.000000,-120.000000,8.060473
81,26,155.000000,-120.000000,8.045018
82,26,160.000000,-120.000000,8.029275
83,26,165.000000,-120.000000,8.013532
84,26,170.000000,-120.000000,7.997789
85,26,175.000000,-120.000000,7.982049
86,26,180.000000,-120.000000,7.966312
87,26,185.000000,-120.000000,7.950596
88,26,190.000000,-120.000000,7.934888
89,26,195.000000,-120.000000,7.919181
90,26,200.000000,-120.000000,7.903474
91,26,205.000000,-120.000000,7.887793
92,26,210.000000,-120.000000,7.872143
93,26,215.000000,-120.000000,7.856656
94,26,220.000000,-120.000000,7.841168
95,26,225.000000,-120.000000,7.825681
96,26,230.000000,-120.000000,7.810181
97,26,235.000000,-120.000000,7.794668
98,26,240.000000,-120.000000,7.778942
99,26,245.000000,-120.000000,7.763075
100,26,250.000000,-120.000000,7.747208
0,27,-250.000000,-115.000000,9.581445
1,27,-245.000000,-115.000000,9.564730
2,27,-240.000000,-115.000000,9.547187
3,27,-235.000000,-115.000000,9.529632
4,27,-230.000000,-115.000000,9.512026
5,27,-225.000000,-115.000000,9.494419
6,27,-220.000000,-115.000000,9.476813
7,27,-215.000000,-115.000000,9.458430
8,27,-210.000000,-115.000000,9.439204
9,27,-205.000000,-115.000000,9.419841
10,27,-200.000000,-115.000000,9.400397
11,27,-195.000000,-115.000000,9.380952
12,27,-190.000000,-115.000000,9.361508
13,27,-185.000000,-115.000000,9.340669
14,27,-180.000000,-115.000000,9.319683
15,27,-175.000000,-115.000000,9.298404
16,27,-170.000000,-115.000000,9.277126
17,27,-165.000000,-115.000000,9.255847
18,27,-160.000000,-115.000000,9.234390
19,27,-155.000000,-115.000000,9.212602
20,27,-150.000000,-115.000000,9.190743
21,27,-145.000000,-115.000000,9.168811
22,27,-140.000000,-115.000000,9.146879
23,27,-135.000000,-115.000000,9.124947
24,27,-130.000000,-115.000000,9.103485
25,27,-125.000000,-115.000000,9.082151
26,27,-120.000000,-115.000000,9.061023
27,27,-115.000000,-115.000000,9.039911
28,27,-110.000000,-115.000000,9.018798
29,27,-105.000000,-115.000000,8.997888
30,27,-100.000000,-115.000000,8.977678
31,27,-95.000000,-115.000000,8.957627
32,27,-90.000000,-115.000000,8.937846
33,27,-85.000000,-115.000000,8.918066
34,27,-80.000000,-115.000000,8.898285
35,27,-75.000000,-115.000000,8.878713
36,27,-70.000000,-115.000000,8.859247
37,27,-65.000000,-115.000000,8.839933
38,27,-60.000000,-115.000000,8.820655
39,27,-55.000000,-115.000000,8.801377
40,27,-50.000000,-115.000000,8.782062
41,27,-45.000000,-115.000000,8.762399
42,27,-40.000000,-115.000000,8.742668
43,27,-35.000000,-115.000000,8.722721
44,27,-30.000000,-115.000000,8.702775
45,27,-25.000000,-115.000000,8.682829
46,27,-20.000000,-115.000000,8.662674
47,27,-15.000000,-115.000000,8.642335
48,27,-10.000000,-115.000000,8.621755
49,27,-5.000000,-115.000000,8.601061
50,27,0.000000,-115.000000,8.580366
51,27,5.000000,-115.000000,8.559672
52,27,10.000000,-115.000000,8.539237
53,27,15.000000,-115.000000,8.518845
54,27,20.000000,-115.000000,8.498716
55,27,25.000000,-115.000000,8.478588
56,27,30.000000,-115.000000,8.458459
57,27,35.000000,-115.000000,8.438677
58,27,40.000000,-115.000000,8.419408
59,27,45.000000,-115.000000,8.400779
60,27,50.000000,-115.000000,8.382678
61,27,55.000000,-115.000000,8.364577
62,27,60.000000,-115.000000,8.346476
63,27,65.000000,-115.000000,8.329054
64,27,70.000000,-115.000000,8.311762
65,27,75.000000,-115.000000,8.295809
66,27,80.000000,-115.000000,8.279877
67,27,85.000000,-115.000000,8.263945
68,27,90.000000,-115.000000,8.248096
69,27,95.000000,-115.000000,8.232465
70,27,100.000000,-115.000000,8.217100
71,27,105.000000,-115.000000,8.202102
72,27,110.000000,-115.000000,8.187103
73,27,115.000000,-115.000000,8.172105
74,27,120.000000,-115.000000,8.157044
75,27,125.000000,-115.000000,8.141956
76,27,130.000000,-115.000000,8.126664
77,27,135.000000,-115.000000,8.111337
78,27,140.000000,-115.000000,8.096010
79,27,145.000000,-115.000000,8.080666
80,27,150.000000,-115.000000,8.065228
81,27,155.000000,-115.000000,8.049675
82,27,160.000000,-115.000000,8.033843
83,27,165.000000,-115.000000,8.018010
84,27,170.000000,-115.000000,8.002178
85,27,175.000000,-115.000000,7.986353
86,27,180.000000,-115.000000,7.970532
87,27,185.000000,-115.000000,7.954751
88,27,190.000000,-115.000000,7.938984
89,27,195.000000,-115.000000,7.923218
90,27,200.000000,-115.000000,7.907452
91,27,205.000000,-115.000000,7.891715
92,27,210.000000,-115.000000,7.876013
93,27,215.000000,-115.000000,7.860490
94,27,220.000000,-115.000000,7.844967
95,27,225.000000,-115.000000,7.829445
96,27,230.000000,-115.000000,7.813911
97,27,235.000000,-115.000000,7.798363
98,27,240.000000,-115.000000,7.782610
99,27,245.000000,-115.000000,7.766720
100,27,250.000000,-115.000000,7.750831
0,28,-250.000000,-110.000000,9.587358
1,28,-245.000000,-110.000000,9.570888
2,28,-240.000000,-110.000000,9.553491
3,28,-235.000000,-110.000000,9.536079
4,28,-230.000000,-110.000000,9.518611
5,28,-225.000000,-110.000000,9.501143
6,28,-220.000000,-110.000000,9.483674
7,28,-215.000000,-110.000000,9.465388
8,28,-210.000000,-110.000000,9.446214
9,28,-205.000000,-110.000000,9.426896
10,28,-200.000000,-110.000000,9.407493
11,28,-195.000000,-110.000000,9.388089
12,28,-190.000000,-110.000000,9.368686
13,28,-185.000000,-110.000000,9.347865
14,28,-180.000000,-110.000000,9.326894
15,28,-175.000000,-110.000000,9.305626
16,28,-170.000000,-110.000000,9.284359
17,28,-165.000000,-110.000000,9.263091
18,28,-160.000000,-110.000000,9.241650
19,28,-155.000000,-110.000000,9.219889
20,28,-150.000000,-110.000000,9.198060
21,28,-145.000000,-110.000000,9.176160
22,28,-140.000000,-110.000000,9.154260
23,28,-135.000000,-110.000000,9.132360
24,28,-130.000000,-110.000000,9.110938
25,28,-125.000000,-110.000000,9.089645
26,28,-120.000000,-110.000000,9.068562
27,28,-115.000000,-110.000000,9.047495
28,28,-110.000000,-110.000000,9.026427
29,28,-105.000000,-110.000000,9.005556
30,28,-100.000000,-110.000000,8.985370
31,28,-95.000000,-110.000000,8.965338
32,28,-90.000000,-110.000000,8.945570
33,28,-85.000000,-110.000000,8.925802
34,28,-80.000000,-110.000000,8.906033
35,28,-75.000000,-110.000000,8.886450
36,28,-70.000000,-110.000000,8.866961
37,28,-65.000000,-110.000000,8.847607
38,28,-60.000000,-110.000000,8.828285
39,28,-55.000000,-110.000000,8.808963
40,28,-50.000000,-110.000000,8.789602
41,28,-45.000000,-110.000000,8.769875
42,28,-40.000000,-110.000000,8.750077
43,28,-35.000000,-110.000000,8.730053
44,28,-30.000000,-110.000000,8.710029
45,28,-25.000000,-110.000000,8.690005
46,28,-20.000000,-110.000000,8.669775
47,28,-15.000000,-110.000000,8.649362
48,28,-10.000000,-110.000000,8.628711
49,28,-5.000000,-110.000000,8.607948
50,28,0.000000,-110.000000,8.587184
51,28,5.000000,-110.000000,8.566420
52,28,10.000000,-110.000000,8.545927
53,28,15.000000,-110.000000,8.525478
54,28,20.000000,-110.000000,8.505305
55,28,25.000000,-110.000000,8.485132
56,28,30.000000,-110.000000,8.464958
57,28,35.000000,-110.000000,8.445133
58,28,40.000000,-110.000000,8.425821
59,28,45.000000,-110.000000,8.407151
60,28,50.000000,-110.000000,8.389011
61,28,55.000000,-110.000000,8.370870
62,28,60.000000,-110.000000,8.352729
63,28,65.000000,-110.000000,8.335260
64,28,70.000000,-110.000000,8.317919
65,28,75.000000,-110.000000,8.301902
66,28,80.000000,-110.000000,8.285905
67,28,85.000000,-110.000000,8.269909
68,28,90.000000,-110.000000,8.253993
69,28,95.000000,-110.000000,8.238287
70,28,100.000000,-110.000000,8.222838
71,28,105.000000,-110.000000,8.207744
72,28,110.000000,-110.000000,8.192650
73,28,115.000000,-110.000000,8.177555
74,28,120.000000,-110.000000,8.162396
75,28,125.000000,-110.000000,8.147209
76,28,130.000000,-110.000000,8.131810
77,28,135.000000,-110.000000,8.116376
78,28,140.000000,-110.000000,8.100942
79,28,145.000000,-110.000000,8.085492
80,28,150.000000,-110.000000,8.069950
81,28,155.000000,-110.000000,8.054297
82,28,160.000000,-110.000000,8.038374
83,28,165.000000,-110.000000,8.022451
84,28,170.000000,-110.000000,8.006528
85,28,175.000000,-110.000000,7.990615
86,28,180.000000,-110.000000,7.974708
87,28,185.000000,-110.000000,7.958860
88,28,190.000000,-110.000000,7.943033
89,28,195.000000,-110.000000,7.927206
90,28,200.000000,-110.000000,7.911380
91,28,205.000000,-110.000000,7.895585
92,28,210.000000,-110.000000,7.879829
93,28,215.000000,-110.000000,7.864270
94,28,220.000000,-110.000000,7.848712
95,28,225.000000,-110.000000,7.833154
96,28,230.000000,-110.000000,7.817585
97,28,235.000000,-110.000000,7.802002
98,28,240.000000,-110.000000,7.786221
99,28,245.000000,-110.000000,7.770308
100,28,250.000000,-110.000000,7.754395
0,29,-250.000000,-105.000000,9.593484
1,29,-245.000000,-105.000000,9.577256
2,29,-240.000000,-105.000000,9.560001
3,29,-235.000000,-105.000000,9.542732
4,29,-230.000000,-105.000000,9.525399
5,29,-225.000000,-105.000000,9.508066
6,29,-220.000000,-105.000000,9.490733
7,29,-215.000000,-105.000000,9.472541
8,29,-210.000000,-105.000000,9.453416
9,29,-205.000000,-105.000000,9.434140
10,29,-200.000000,-105.000000,9.414774
11,29,-195.000000,-105.000000,9.395407
12,29,-190.000000,-105.000000,9.376041
13,29,-185.000000,-105.000000,9.355233
14,29,-180.000000,-105.000000,9.334272
15,29,-175.000000,-105.000000,9.313009
16,29,-170.000000,-105.000000,9.291746
17,29,-165.000000,-105.000000,9.270483
18,29,-160.000000,-105.000000,9.249053
19,29,-155.000000,-105.000000,9.227313
20,29,-150.000000,-105.000000,9.205506
21,29,-145.000000,-105.000000,9.183631
22,29,-140.000000,-105.000000,9.161756
23,29,-135.000000,-105.000000,9.139881
24,29,-130.000000,-105.000000,9.118492
25,29,-125.000000,-105.000000,9.097235
26,29,-120.000000,-105.000000,9.076191
27,29,-115.000000,-105.000000,9.055163
28,29,-110.000000,-105.000000,9.034135
29,29,-105.000000,-105.000000,9.013299
30,29,-100.000000,-105.000000,8.993133
31,29,-95.000000,-105.000000,8.973116
32,29,-90.000000,-105.000000,8.953359
33,29,-85.000000,-105.000000,8.933601
34,29,-80.000000,-105.000000,8.913843
35,29,-75.000000,-105.000000,8.894247
36,29,-70.000000,-105.000000,8.874734
37,29,-65.000000,-105.000000,8.855338
38,29,-60.000000,-105.000000,8.835971
39,29,-55.000000,-105.000000,8.816604
40,29,-50.000000,-105.000000,8.797196
41,29,-45.000000,-105.000000,8.777404
42,29,-40.000000,-105.000000,8.757537
43,29,-35.000000,-105.000000,8.737432
44,29,-30.000000,-105.000000,8.717327
45,29,-25.000000,-105.000000,8.697223
46,29,-20.000000,-105.000000,8.676913
47,29,-15.000000,-105.000000,8.656423
48,29,-10.000000,-105.000000,8.635696
49,29,-5.000000,-105.000000,8.614857
50,29,0.000000,-105.000000,8.594017
51,29,5.000000,-105.000000,8.573178
52,29,10.000000,-105.000000,8.552621
53,29,15.000000,-105.000000,8.532110
54,29,20.000000,-105.000000,8.511886
55,29,25.000000,-105.000000,8.491662
56,29,30.000000,-105.000000,8.471437
57,29,35.000000,-105.000000,8.451562
58,29,40.000000,-105.000000,8.432203
59,29,45.000000,-105.000000,8.413488
60,29,50.000000,-105.000000,8.395305
61,29,55.000000,-105.000000,8.377121
62,29,60.000000,-105.000000,8.358937
63,29,65.000000,-105.000000,8.341419
64,29,70.000000,-105.000000,8.324027
65,29,75.000000,-105.000000,8.307947
66,29,80.000000,-105.000000,8.291887
67,29,85.000000,-105.000000,8.275827
68,29,90.000000,-105.000000,8.259844
69,29,95.000000,-105.000000,8.244065
70,29,100.000000,-105.000000,8.228534
71,29,105.000000,-105.000000,8.213346
72,29,110.000000,-105.000000,8.198158
73,29,115.000000,-105.000000,8.182969
74,29,120.000000,-105.000000,8.167713
75,29,125.000000,-105.000000,8.152429
76,29,130.000000,-105.000000,8.136925
77,29,135.000000,-105.000000,8.121383
78,29,140.000000,-105.000000,8.105842
79,29,145.000000,-105.000000,8.090285
80,29,150.000000,-105.000000,8.074640
81,29,155.000000,-105.000000,8.058886
82,29,160.000000,-105.000000,8.042870
83,29,165.000000,-105.000000,8.026855
84,29,170.000000,-105.000000,8.010840
85,29,175.000000,-105.000000,7.994837
86,29,180.000000,-105.000000,7.978843
87,29,185.000000,-105.000000,7.962925
88,29,190.000000,-105.000000,7.947036
89,29,195.000000,-105.000000,7.931147
90,29,200.000000,-105.000000,7.915258
91,29,205.000000,-105.000000,7.899404
92,29,210.000000,-105.000000,7.883593
93,29,215.000000,-105.000000,7.867998
94,29,220.000000,-105.000000,7.852404
95,29,225.000000,-105.000000,7.836810
96,29,230.000000,-105.000000,7.821205
97,29,235.000000,-105.000000,7.805587
98,29,240.000000,-105.000000,7.789777
99,29,245.000000,-105.000000,7.773840
100,29,250.000000,-105.000000,7.757903
0,30,-250.000000,-100.000000,9.599611
1,30,-245.000000,-100.000000,9.583624
2,30,-240.000000,-100.000000,9.566512
3,30,-235.000000,-100.000000,9.549384
4,30,-230.000000,-100.000000,9.532186
5,30,-225.000000,-100.000000,9.514989
6,30,-220.000000,-100.000000,9.497792
7,30,-215.000000,-100.000000,9.479693
8,30,-210.000000,-100.000000,9.460617
9,30,-205.000000,-100.000000,9.441383
10,30,-200.000000,-100.000000,9.422054
11,30,-195.000000,-100.000000,9.402725
12,30,-190.000000,-100.000000,9.383396
13,30,-185.000000,-100.000000,9.362601
14,30,-180.000000,-100.000000,9.341650
15,30,-175.000000,-100.000000,9.320392
16,30,-170.000000,-100.000000,9.299134
17,30,-165.000000,-100.000000,9.277876
18,30,-160.000000,-100.000000,9.256456
19,30,-155.000000,-100.000000,9.234736
20,30,-150.000000,-100.000000,9.212952
21,30,-145.000000,-100.000000,9.191102
22,30,-140.000000,-100.000000,9.169252
23,30,-135.000000,-100.000000,9.147402
24,30,-130.000000,-100.000000,9.126047
25,30,-125.000000,-100.000000,9.104825
26,30,-120.000000,-100.000000,9.083820
27,30,-115.000000,-100.000000,9.062832
28,30,-110.000000,-100.000000,9.041843
29,30,-105.000000,-100.000000,9.021042
30,30,-100.000000,-100.000000,9.000895
31,30,-95.000000,-100.000000,8.980895
32,30,-90.000000,-100.000000,8.961148
33,30,-85.000000,-100.000000,8.941400
34,30,-80.000000,-100.000000,8.921652
35,30,-75.000000,-100.000000,8.902043
36,30,-70.000000,-100.000000,8.882506
37,30,-65.000000,-100.000000,8.863069
38,30,-60.000000,-100.000000,8.843657
39,30,-55.000000,-100.000000,8.824245
40,30,-50.000000,-100.000000,8.804790
41,30,-45.000000,-100.000000,8.784933
42,30,-40.000000,-100.000000,8.764996
43,30,-35.000000,-100.000000,8.744811
44,30,-30.000000,-100.000000,8.724626
45,30,-25.000000,-100.000000,8.704440
46,30,-20.000000,-100.000000,8.684052
47,30,-15.000000,-100.000000,8.663483
48,30,-10.000000,-100.000000,8.642680
49,30,-5.000000,-100.000000,8.621765
50,30,0.000000,-100.000000,8.600851
51,30,5.000000,-100.000000,8.579936
52,30,10.000000,-100.000000,8.559315
53,30,15.000000,-100.000000,8.538742
54,30,20.000000,-100.000000,8.518467
55,30,25.000000,-100.000000,8.498191
56,30,30.000000,-100.000000,8.477916
57,30,35.000000,-100.000000,8.457991
58,30,40.000000,-100.000000,8.438584
59,30,45.000000,-100.000000,8.419825
60,30,50.000000,-100.000000,8.401599
61,30,55.000000,-100.000000,8.383372
62,30,60.000000,-100.000000,8.365146
63,30,65.000000,-100.000000,8.347578
64,30,70.000000,-100.000000,8.330135
65,30,75.000000,-100.000000,8.313992
66,30,80.000000,-100.000000,8.297868
67,30,85.000000,-100.000000,8.281745
68,30,90.000000,-100.000000,8.265696
69,30,95.000000,-100.000000,8.249843
70,30,100.000000,-100.000000,8.234230
71,30,105.000000,-100.000000,8.218948
72,30,110.000000,-100.000000,8.203666
73,30,115.000000,-100.000000,8.188383
74,30,120.000000,-100.000000,8.173030
75,30,125.000000,-100.000000,8.157649
76,30,130.000000,-100.000000,8.142039
77,30,135.000000,-100.000000,8.126390
78,30,140.000000,-100.000000,8.110742
79,30,145.000000,-100.000000,8.095079
80,30,150.000000,-100.000000,8.079329
81,30,155.000000,-100.000000,8.063475
82,30,160.000000,-100.000000,8.047367
83,30,165.000000,-100.000000,8.031259
84,30,170.000000,-100.000000,8.015151
85,30,175.000000,-100.000000,7.999058
86,30,180.000000,-100.000000,7.982977
87,30,185.000000,-100.000000,7.966990
88,30,190.000000,-100.000000,7.951039
89,30,195.000000,-100.000000,7.935087
90,30,200.000000,-100.000000,7.919137
91,30,205.000000,-100.000000,7.903223
92,30,210.000000,-100.000000,7.887356
93,30,215.000000,-100.000000,7.871726
94,30,220.000000,-100.000000,7.856096
95,30,225.000000,-100.000000,7.840465
96,30,230.000000,-100.000000,7.824824
97,30,235.000000,-100.000000,7.809172
98,30,240.000000,-100.000000,7.793334
99,30,245.000000,-100.000000,7.777372
100,30,250.000000,-100.000000,7.761411
0,31,-250.000000,-95.000000,9.605817
1,31,-245.000000,-95.000000,9.590069
2,31,-240.000000,-95.000000,9.573099
3,31,-235.000000,-95.000000,9.556112
4,31,-230.000000,-95.000000,9.539048
5,31,-225.000000,-95.000000,9.521985
6,31,-220.000000,-95.000000,9.504922
7,31,-215.000000,-95.000000,9.486918
8,31,-210.000000,-95.000000,9.467890
9,31,-205.000000,-95.000000,9.448697
10,31,-200.000000,-95.000000,9.429405
11,31,-195.000000,-95.000000,9.410113
12,31,-190.000000,-95.000000,9.390821
13,31,-185.000000,-95.000000,9.370037
14,31,-180.000000,-95.000000,9.349096
15,31,-175.000000,-95.000000,9.327841
16,31,-170.000000,-95.000000,9.306587
17,31,-165.000000,-95.000000,9.285333
18,31,-160.000000,-95.000000,9.263921
19,31,-155.000000,-95.000000,9.242220
20,31,-150.000000,-95.000000,9.220457
21,31,-145.000000,-95.000000,9.198629
22,31,-140.000000,-95.000000,9.176802
23,31,-135.000000,-95.000000,9.154975
24,31,-130.000000,-95.000000,9.133651
25,31,-125.000000,-95.000000,9.112462
26,31,-120.000000,-95.000000,9.091494
27,31,-115.000000,-95.000000,9.070543
28,31,-110.000000,-95.000000,9.049591
29,31,-105.000000,-95.000000,9.028824
30,31,-100.000000,-95.000000,9.008694
31,31,-95.000000,-95.000000,8.988709
32,31,-90.000000,-95.000000,8.968971
33,31,-85.000000,-95.000000,8.949232
34,31,-80.000000,-95.000000,8.929494
35,31,-75.000000,-95.000000,8.909872
36,31,-70.000000,-95.000000,8.890309
37,31,-65.000000,-95.000000,8.870832
38,31,-60.000000,-95.000000,8.851374
39,31,-55.000000,-95.000000,8.831917
40,31,-50.000000,-95.000000,8.812415
41,31,-45.000000,-95.000000,8.792491
42,31,-40.000000,-95.000000,8.772485
43,31,-35.000000,-95.000000,8.752219
44,31,-30.000000,-95.000000,8.731952
45,31,-25.000000,-95.000000,8.711686
46,31,-20.000000,-95.000000,8.691216
47,31,-15.000000,-95.000000,8.670569
48,31,-10.000000,-95.000000,8.649688
49,31,-5.000000,-95.000000,8.628695
50,31,0.000000,-95.000000,8.607703
51,31,5.000000,-95.000000,8.586711
52,31,10.000000,-95.000000,8.566023
53,31,15.000000,-95.000000,8.545385
54,31,20.000000,-95.000000,8.525056
55,31,25.000000,-95.000000,8.504727
56,31,30.000000,-95.000000,8.484398
57,31,35.000000,-95.000000,8.464421
58,31,40.000000,-95.000000,8.444964
59,31,45.000000,-95.000000,8.426158
60,31,50.000000,-95.000000,8.407887
61,31,55.000000,-95.000000,8.389616
62,31,60.000000,-95.000000,8.371345
63,31,65.000000,-95.000000,8.353726
64,31,70.000000,-95.000000,8.336232
65,31,75.000000,-95.000000,8.320025
66,31,80.000000,-95.000000,8.303839
67,31,85.000000,-95.000000,8.287652
68,31,90.000000,-95.000000,8.271537
69,31,95.000000,-95.000000,8.255612
70,31,100.000000,-95.000000,8.239918
71,31,105.000000,-95.000000,8.224543
72,31,110.000000,-95.000000,8.209168
73,31,115.000000,-95.000000,8.193793
74,31,120.000000,-95.000000,8.178344
75,31,125.000000,-95.000000,8.162866
76,31,130.000000,-95.000000,8.147151
77,31,135.000000,-95.000000,8.131396
78,31,140.000000,-95.000000,8.115641
79,31,145.000000,-95.000000,8.099872
80,31,150.000000,-95.000000,8.084019
81,31,155.000000,-95.000000,8.068064
82,31,160.000000,-95.000000,8.051863
83,31,165.000000,-95.000000,8.035661
84,31,170.000000,-95.000000,8.019460
85,31,175.000000,-95.000000,8.003278
86,31,180.000000,-95.000000,7.987108
87,31,185.000000,-95.000000,7.971052
88,31,190.000000,-95.000000,7.955037
89,31,195.000000,-95.000000,7.939022
90,31,200.000000,-95.000000,7.923008
91,31,205.000000,-95.000000,7.907035
92,31,210.000000,-95.000000,7.891112
93,31,215.000000,-95.000000,7.875444
94,31,220.000000,-95.000000,7.859777
95,31,225.000000,-95.000000,7.844110
96,31,230.000000,-95.000000,7.828432
97,31,235.000000,-95.000000,7.812743
98,31,240.000000,-95.000000,7.796876
99,31,245.000000,-95.000000,7.780890
100,31,250.000000,-95.000000,7.764903
0,32,-250.000000,-90.000000,9.612666
1,32,-245.000000,-90.000000,9.597134
2,32,-240.000000,-90.000000,9.580297
3,32,-235.000000,-90.000000,9.563440
4,32,-230.000000,-90.000000,9.546503
5,32,-225.000000,-90.000000,9.529566
6,32,-220.000000,-90.000000,9.512629
7,32,-215.000000,-90.000000,9.494711
8,32,-210.000000,-90.000000,9.475729
9,32,-205.000000,-90.000000,9.456575
10,32,-200.000000,-90.000000,9.437317
11,32,-195.000000,-90.000000,9.418059
12,32,-190.000000,-90.000000,9.398802
13,32,-185.000000,-90.000000,9.378022
14,32,-180.000000,-90.000000,9.357081
15,32,-175.000000,-90.000000,9.335822
16,32,-170.000000,-90.000000,9.314562
17,32,-165.000000,-90.000000,9.293302
18,32,-160.000000,-90.000000,9.271889
19,32,-155.000000,-90.000000,9.250190
20,32,-150.000000,-90.000000,9.228430
21,32,-145.000000,-90.000000,9.206607
22,32,-140.000000,-90.000000,9.184784
23,32,-135.000000,-90.000000,9.162962
24,32,-130.000000,-90.000000,9.141649
25,32,-125.000000,-90.000000,9.120475
26,32,-120.000000,-90.000000,9.099526
27,32,-115.000000,-90.000000,9.078594
28,32,-110.000000,-90.000000,9.057661
29,32,-105.000000,-90.000000,9.036909
30,32,-100.000000,-90.000000,9.016786
31,32,-95.000000,-90.000000,8.996805
32,32,-90.000000,-90.000000,8.977067
33,32,-85.000000,-90.000000,8.957329
34,32,-80.000000,-90.000000,8.937591
35,32,-75.000000,-90.000000,8.917950
36,32,-70.000000,-90.000000,8.898359
37,32,-65.000000,-90.000000,8.878839
38,32,-60.000000,-90.000000,8.859335
39,32,-55.000000,-90.000000,8.839832
40,32,-50.000000,-90.000000,8.820282
41,32,-45.000000,-90.000000,8.800289
42,32,-40.000000,-90.000000,8.780210
43,32,-35.000000,-90.000000,8.759857
44,32,-30.000000,-90.000000,8.739504
45,32,-25.000000,-90.000000,8.719151
46,32,-20.000000,-90.000000,8.698593
47,32,-15.000000,-90.000000,8.677854
48,32,-10.000000,-90.000000,8.656879
49,32,-5.000000,-90.000000,8.635791
50,32,0.000000,-90.000000,8.614703
51,32,5.000000,-90.000000,8.593616
52,32,10.000000,-90.000000,8.572841
53,32,15.000000,-90.000000,8.552118
54,32,20.000000,-90.000000,8.531712
55,32,25.000000,-90.000000,8.511306
56,32,30.000000,-90.000000,8.490900
57,32,35.000000,-90.000000,8.470850
58,32,40.000000,-90.000000,8.451324
59,32,45.000000,-90.000000,8.432455
60,32,50.000000,-90.000000,8.414126
61,32,55.000000,-90.000000,8.395797
62,32,60.000000,-90.000000,8.377468
63,32,65.000000,-90.000000,8.359791
64,32,70.000000,-90.000000,8.342238
65,32,75.000000,-90.000000,8.325971
66,32,80.000000,-90.000000,8.309724
67,32,85.000000,-90.000000,8.293476
68,32,90.000000,-90.000000,8.277299
69,32,95.000000,-90.000000,8.261306
70,32,100.000000,-90.000000,8.245538
71,32,105.000000,-90.000000,8.230080
72,32,110.000000,-90.000000,8.214622
73,32,115.000000,-90.000000,8.199164
74,32,120.000000,-90.000000,8.183629
75,32,125.000000,-90.000000,8.168063
76,32,130.000000,-90.000000,8.152248
77,32,135.000000,-90.000000,8.136391
78,32,140.000000,-90.000000,8.120534
79,32,145.000000,-90.000000,8.104662
80,32,150.000000,-90.000000,8.088708
81,32,155.000000,-90.000000,8.072653
82,32,160.000000,-90.000000,8.056354
83,32,165.000000,-90.000000,8.040055
84,32,170.000000,-90.000000,8.023756
85,32,175.000000,-90.000000,8.007478
86,32,180.000000,-90.000000,7.991215
87,32,185.000000,-90.000000,7.975081
88,32,190.000000,-90.000000,7.958996
89,32,195.000000,-90.000000,7.942910
90,32,200.000000,-90.000000,7.926825
91,32,205.000000,-90.000000,7.910784
92,32,210.000000,-90.000000,7.894797
93,32,215.000000,-90.000000,7.879086
94,32,220.000000,-90.000000,7.863376
95,32,225.000000,-90.000000,7.847665
96,32,230.000000,-90.000000,7.831945
97,32,235.000000,-90.000000,7.816213
98,32,240.000000,-90.000000,7.800309
99,32,245.000000,-90.000000,7.784289
100,32,250.000000,-90.000000,7.768269
0,33,-250.000000,-85.000000,9.619635
1,33,-245.000000,-85.000000,9.604316
2,33,-240.000000,-85.000000,9.587609
3,33,-235.000000,-85.000000,9.570882
4,33,-230.000000,-85.000000,9.554069
5,33,-225.000000,-85.000000,9.537257
6,33,-220.000000,-85.000000,9.520444
7,33,-215.000000,-85.000000,9.502613
8,33,-210.000000,-85.000000,9.483675
9,33,-205.000000,-85.000000,9.464558
10,33,-200.000000,-85.000000,9.445334
11,33,-195.000000,-85.000000,9.426110
12,33,-190.000000,-85.000000,9.406887
13,33,-185.000000,-85.000000,9.386110
14,33,-180.000000,-85.000000,9.365168
15,33,-175.000000,-85.000000,9.343902
16,33,-170.000000,-85.000000,9.322635
17,33,-165.000000,-85.000000,9.301369
18,33,-160.000000,-85.000000,9.279950
19,33,-155.000000,-85.000000,9.258251
20,33,-150.000000,-85.000000,9.236491
21,33,-145.000000,-85.000000,9.214669
22,33,-140.000000,-85.000000,9.192847
23,33,-135.000000,-85.000000,9.171026
24,33,-130.000000,-85.000000,9.149723
25,33,-125.000000,-85.000000,9.128560
26,33,-120.000000,-85.000000,9.107626
27,33,-115.000000,-85.000000,9.086708
28,33,-110.000000,-85.000000,9.065791
29,33,-105.000000,-85.000000,9.045052
30,33,-100.000000,-85.000000,9.024933
31,33,-95.000000,-85.000000,9.004954
32,33,-90.000000,-85.000000,8.985215
33,33,-85.000000,-85.000000,8.965475
34,33,-80.000000,-85.000000,8.945736
35,33,-75.000000,-85.000000,8.926075
36,33,-70.000000,-85.000000,8.906455
37,33,-65.000000,-85.000000,8.886892
38,33,-60.000000,-85.000000,8.867343
39,33,-55.000000,-85.000000,8.847793
40,33,-50.000000,-85.000000,8.828195
41,33,-45.000000,-85.000000,8.808132
42,33,-40.000000,-85.000000,8.787979
43,33,-35.000000,-85.000000,8.767538
44,33,-30.000000,-85.000000,8.747098
45,33,-25.000000,-85.000000,8.726657
46,33,-20.000000,-85.000000,8.706009
47,33,-15.000000,-85.000000,8.685176
48,33,-10.000000,-85.000000,8.664105
49,33,-5.000000,-85.000000,8.642918
50,33,0.000000,-85.000000,8.621732
51,33,5.000000,-85.000000,8.600546
52,33,10.000000,-85.000000,8.579680
53,33,15.000000,-85.000000,8.558867
54,33,20.000000,-85.000000,8.538380
55,33,25.000000,-85.000000,8.517893
56,33,30.000000,-85.000000,8.497406
57,33,35.000000,-85.000000,8.477278
58,33,40.000000,-85.000000,8.457680
59,33,45.000000,-85.000000,8.438745
60,33,50.000000,-85.000000,8.420356
61,33,55.000000,-85.000000,8.401966
62,33,60.000000,-85.000000,8.383577
63,33,65.000000,-85.000000,8.365840
64,33,70.000000,-85.000000,8.348227
65,33,75.000000,-85.000000,8.331899
66,33,80.000000,-85.000000,8.315592
67,33,85.000000,-85.000000,8.299285
68,33,90.000000,-85.000000,8.283046
69,33,95.000000,-85.000000,8.266986
70,33,100.000000,-85.000000,8.251145
71,33,105.000000,-85.000000,8.235607
72,33,110.000000,-85.000000,8.220068
73,33,115.000000,-85.000000,8.204529
74,33,120.000000,-85.000000,8.188909
75,33,125.000000,-85.000000,8.173256
76,33,130.000000,-85.000000,8.157342
77,33,135.000000,-85.000000,8.141383
78,33,140.000000,-85.000000,8.125425
79,33,145.000000,-85.000000,8.109452
80,33,150.000000,-85.000000,8.093397
81,33,155.000000,-85.000000,8.077242
82,33,160.000000,-85.000000,8.060844
83,33,165.000000,-85.000000,8.044446
84,33,170.000000,-85.000000,8.028049
85,33,175.000000,-85.000000,8.011675
86,33,180.000000,-85.000000,7.995318
87,33,185.000000,-85.000000,7.979105
88,33,190.000000,-85.000000,7.962947
89,33,195.000000,-85.000000,7.946789
90,33,200.000000,-85.000000,7.930631
91,33,205.000000,-85.000000,7.914521
92,33,210.000000,-85.000000,7.898469
93,33,215.000000,-85.000000,7.882714
94,33,220.000000,-85.000000,7.866959
95,33,225.000000,-85.000000,7.851204
96,33,230.000000,-85.000000,7.835439
97,33,235.000000,-85.000000,7.819664
98,33,240.000000,-85.000000,7.803721
99,33,245.000000,-85.000000,7.787666
100,33,250.000000,-85.000000,7.771611
0,34,-250.000000,-80.000000,9.626776
1,34,-245.000000,-80.000000,9.611664
2,34,-240.000000,-80.000000,9.595085
3,34,-235.000000,-80.000000,9.578485
4,34,-230.000000,-80.000000,9.561794
5,34,-225.000000,-80.000000,9.545104
6,34,-220.000000,-80.000000,9.528413
7,34,-215.000000,-80.000000,9.510666
8,34,-210.000000,-80.000000,9.491772
9,34,-205.000000,-80.000000,9.472692
10,34,-200.000000,-80.000000,9.453502
11,34,-195.000000,-80.000000,9.434311
12,34,-190.000000,-80.000000,9.415120
13,34,-185.000000,-80.000000,9.394344
14,34,-180.000000,-80.000000,9.373400
15,34,-175.000000,-80.000000,9.352124
16,34,-170.000000,-80.000000,9.330848
17,34,-165.000000,-80.000000,9.309572
18,34,-160.000000,-80.000000,9.288146
19,34,-155.000000,-80.000000,9.266442
20,34,-150.000000,-80.000000,9.244677
21,34,-145.000000,-80.000000,9.222851
22,34,-140.000000,-80.000000,9.201026
23,34,-135.000000,-80.000000,9.179200
24,34,-130.000000,-80.000000,9.157902
25,34,-125.000000,-80.000000,9.136745
26,34,-120.000000,-80.000000,9.115821
27,34,-115.000000,-80.000000,9.094914
28,34,-110.000000,-80.000000,9.074006
29,34,-105.000000,-80.000000,9.053275
30,34,-100.000000,-80.000000,9.033158
31,34,-95.000000,-80.000000,9.013178
32,34,-90.000000,-80.000000,8.993435
33,34,-85.000000,-80.000000,8.973692
34,34,-80.000000,-80.000000,8.953949
35,34,-75.000000,-80.000000,8.934268
36,34,-70.000000,-80.000000,8.914617
37,34,-65.000000,-80.000000,8.895011
38,34,-60.000000,-80.000000,8.875415
39,34,-55.000000,-80.000000,8.855820
40,34,-50.000000,-80.000000,8.836173
41,34,-45.000000,-80.000000,8.816039
42,34,-40.000000,-80.000000,8.795811
43,34,-35.000000,-80.000000,8.775281
44,34,-30.000000,-80.000000,8.754752
45,34,-25.000000,-80.000000,8.734223
46,34,-20.000000,-80.000000,8.713481
47,34,-15.000000,-80.000000,8.692552
48,34,-10.000000,-80.000000,8.671379
49,34,-5.000000,-80.000000,8.650090
50,34,0.000000,-80.000000,8.628800
51,34,5.000000,-80.000000,8.607510
52,34,10.000000,-80.000000,8.586549
53,34,15.000000,-80.000000,8.565641
54,34,20.000000,-80.000000,8.545067
55,34,25.000000,-80.000000,8.524493
56,34,30.000000,-80.000000,8.503918
57,34,35.000000,-80.000000,8.483706
58,34,40.000000,-80.000000,8.464031
59,34,45.000000,-80.000000,8.445026
60,34,50.000000,-80.000000,8.426573
61,34,55.000000,-80.000000,8.408119
62,34,60.000000,-80.000000,8.389666
63,34,65.000000,-80.000000,8.371866
64,34,70.000000,-80.000000,8.354191
65,34,75.000000,-80.000000,8.337804
66,34,80.000000,-80.000000,8.321438
67,34,85.000000,-80.000000,8.305071
68,34,90.000000,-80.000000,8.288771
69,34,95.000000,-80.000000,8.272646
70,34,100.000000,-80.000000,8.256735
71,34,105.000000,-80.000000,8.241118
72,34,110.000000,-80.000000,8.225501
73,34,115.000000,-80.000000,8.209883
74,34,120.000000,-80.000000,8.194181
75,34,125.000000,-80.000000,8.178444
76,34,130.000000,-80.000000,8.162432
77,34,135.000000,-80.000000,8.146373
78,34,140.000000,-80.000000,8.130315
79,34,145.000000,-80.000000,8.114242
80,34,150.000000,-80.000000,8.098086
81,34,155.000000,-80.000000,8.081831
82,34,160.000000,-80.000000,8.065333
83,34,165.000000,-80.000000,8.048835
84,34,170.000000,-80.000000,8.032338
85,34,175.000000,-80.000000,8.015866
86,34,180.000000,-80.000000,7.999413
87,34,185.000000,-80.000000,7.983121
88,34,190.000000,-80.000000,7.966888
89,34,195.000000,-80.000000,7.950655
90,34,200.000000,-80.000000,7.934423
91,34,205.000000,-80.000000,7.918241
92,34,210.000000,-80.000000,7.902122
93,34,215.000000,-80.000000,7.886321
94,34,220.000000,-80.000000,7.870520
95,34,225.000000,-80.000000,7.854718
96,34,230.000000,-80.000000,7.838908
97,34,235.000000,-80.000000,7.823087
98,34,240.000000,-80.000000,7.807103
99,34,245.000000,-80.000000,7.791011
100,34,250.000000,-80.000000,7.774920
0,35,-250.000000,-75.000000,9.633917
1,35,-245.000000,-75.000000,9.619011
2,35,-240.000000,-75.000000,9.602560
3,35,-235.000000,-75.000000,9.586087
4,35,-230.000000,-75.000000,9.569519
5,35,-225.000000,-75.000000,9.552950
6,35,-220.000000,-75.000000,9.536382
7,35,-215.000000,-75.000000,9.518720
8,35,-210.000000,-75.000000,9.499869
9,35,-205.000000,-75.000000,9.480827
10,35,-200.000000,-75.000000,9.461669
11,35,-195.000000,-75.000000,9.442511
12,35,-190.000000,-75.000000,9.423353
13,35,-185.000000,-75.000000,9.402578
14,35,-180.000000,-75.000000,9.381632
15,35,-175.000000,-75.000000,9.360346
16,35,-170.000000,-75.000000,9.339061
17,35,-165.000000,-75.000000,9.317776
18,35,-160.000000,-75.000000,9.296342
19,35,-155.000000,-75.000000,9.274632
20,35,-150.000000,-75.000000,9.252863
21,35,-145.000000,-75.000000,9.231034
22,35,-140.000000,-75.000000,9.209205
23,35,-135.000000,-75.000000,9.187375
24,35,-130.000000,-75.000000,9.166081
25,35,-125.000000,-75.000000,9.144931
26,35,-120.000000,-75.000000,9.124017
27,35,-115.000000,-75.000000,9.103119
28,35,-110.000000,-75.000000,9.082222
29,35,-105.000000,-75.000000,9.061499
30,35,-100.000000,-75.000000,9.041382
31,35,-95.000000,-75.000000,9.021402
32,35,-90.000000,-75.000000,9.001656
33,35,-85.000000,-75.000000,8.981909
34,35,-80.000000,-75.000000,8.962163
35,35,-75.000000,-75.000000,8.942460
36,35,-70.000000,-75.000000,8.922779
37,35,-65.000000,-75.000000,8.903130
38,35,-60.000000,-75.000000,8.883488
39,35,-55.000000,-75.000000,8.863846
40,35,-50.000000,-75.000000,8.844151
41,35,-45.000000,-75.000000,8.823947
42,35,-40.000000,-75.000000,8.803643
43,35,-35.000000,-75.000000,8.783024
44,35,-30.000000,-75.000000,8.762406
45,35,-25.000000,-75.000000,8.741788
46,35,-20.000000,-75.000000,8.720954
47,35,-15.000000,-75.000000,8.699928
48,35,-10.000000,-75.000000,8.678654
49,35,-5.000000,-75.000000,8.657261
50,35,0.000000,-75.000000,8.635868
51,35,5.000000,-75.000000,8.614475
52,35,10.000000,-75.000000,8.593418
53,35,15.000000,-75.000000,8.572415
54,35,20.000000,-75.000000,8.551753
55,35,25.000000,-75.000000,8.531092
56,35,30.000000,-75.000000,8.510430
57,35,35.000000,-75.000000,8.490135
58,35,40.000000,-75.000000,8.470382
59,35,45.000000,-75.000000,8.451307
60,35,50.000000,-75.000000,8.432790
61,35,55.000000,-75.000000,8.414272
62,35,60.000000,-75.000000,8.395755
63,35,65.000000,-75.000000,8.377893
64,35,70.000000,-75.000000,8.360155
65,35,75.000000,-75.000000,8.343709
66,35,80.000000,-75.000000,8.327284
67,35,85.000000,-75.000000,8.310858
68,35,90.000000,-75.000000,8.294497
69,35,95.000000,-75.000000,8.278306
70,35,100.000000,-75.000000,8.262324
71,35,105.000000,-75.000000,8.246629
72,35,110.000000,-75.000000,8.230933
73,35,115.000000,-75.000000,8.215238
74,35,120.000000,-75.000000,8.199453
75,35,125.000000,-75.000000,8.183632
76,35,130.000000,-75.000000,8.167522
77,35,135.000000,-75.000000,8.151363
78,35,140.000000,-75.000000,8.135204
79,35,145.000000,-75.000000,8.119031
80,35,150.000000,-75.000000,8.102775
81,35,155.000000,-75.000000,8.086420
82,35,160.000000,-75.000000,8.069822
83,35,165.000000,-75.000000,8.053224
84,35,170.000000,-75.000000,8.036627
85,35,175.000000,-75.000000,8.020058
86,35,180.000000,-75.000000,8.003509
87,35,185.000000,-75.000000,7.987136
88,35,190.000000,-75.000000,7.970829
89,35,195.000000,-75.000000,7.954521
90,35,200.000000,-75.000000,7.938215
91,35,205.000000,-75.000000,7.921962
92,35,210.000000,-75.000000,7.905776
93,35,215.000000,-75.000000,7.889928
94,35,220.000000,-75.000000,7.874081
95,35,225.000000,-75.000000,7.858233
96,35,230.000000,-75.000000,7.842377
97,35,235.000000,-75.000000,7.826511
98,35,240.000000,-75.000000,7.810486
99,35,245.000000,-75.000000,7.794357
100,35,250.000000,-75.000000,7.778228
0,36,-250.000000,-70.000000,9.641070
1,36,-245.000000,-70.000000,9.626370
2,36,-240.000000,-70.000000,9.610048
3,36,-235.000000,-70.000000,9.593702
4,36,-230.000000,-70.000000,9.577256
5,36,-225.000000,-70.000000,9.560809
6,36,-220.000000,-70.000000,9.544363
7,36,-215.000000,-70.000000,9.526785
8,36,-210.000000,-70.000000,9.507979
9,36,-205.000000,-70.000000,9.488974
10,36,-200.000000,-70.000000,9.469849
11,36,-195.000000,-70.000000,9.450725
12,36,-190.000000,-70.000000,9.431600
13,36,-185.000000,-70.000000,9.410827
14,36,-180.000000,-70.000000,9.389878
15,36,-175.000000,-70.000000,9.368584
16,36,-170.000000,-70.000000,9.347290
17,36,-165.000000,-70.000000,9.325996
18,36,-160.000000,-70.000000,9.304554
19,36,-155.000000,-70.000000,9.282840
20,36,-150.000000,-70.000000,9.261067
21,36,-145.000000,-70.000000,9.239234
22,36,-140.000000,-70.000000,9.217401
23,36,-135.000000,-70.000000,9.195569
24,36,-130.000000,-70.000000,9.174279
25,36,-125.000000,-70.000000,9.153135
26,36,-120.000000,-70.000000,9.132231
27,36,-115.000000,-70.000000,9.111345
28,36,-110.000000,-70.000000,9.090458
29,36,-105.000000,-70.000000,9.069743
30,36,-100.000000,-70.000000,9.049627
31,36,-95.000000,-70.000000,9.029646
32,36,-90.000000,-70.000000,9.009896
33,36,-85.000000,-70.000000,8.990146
34,36,-80.000000,-70.000000,8.970396
35,36,-75.000000,-70.000000,8.950672
36,36,-70.000000,-70.000000,8.930961
37,36,-65.000000,-70.000000,8.911268
38,36,-60.000000,-70.000000,8.891580
39,36,-55.000000,-70.000000,8.871892
40,36,-50.000000,-70.000000,8.852148
41,36,-45.000000,-70.000000,8.831873
42,36,-40.000000,-70.000000,8.811494
43,36,-35.000000,-70.000000,8.790787
44,36,-30.000000,-70.000000,8.770080
45,36,-25.000000,-70.000000,8.749373
46,36,-20.000000,-70.000000,8.728446
47,36,-15.000000,-70.000000,8.707324
48,36,-10.000000,-70.000000,8.685949
49,36,-5.000000,-70.000000,8.664452
50,36,0.000000,-70.000000,8.642956
51,36,5.000000,-70.000000,8.621460
52,36,10.000000,-70.000000,8.600307
53,36,15.000000,-70.000000,8.579209
54,36,20.000000,-70.000000,8.558460
55,36,25.000000,-70.000000,8.537711
56,36,30.000000,-70.000000,8.516962
57,36,35.000000,-70.000000,8.496583
58,36,40.000000,-70.000000,8.476753
59,36,45.000000,-70.000000,8.457608
60,36,50.000000,-70.000000,8.439026
61,36,55.000000,-70.000000,8.420445
62,36,60.000000,-70.000000,8.401864
63,36,65.000000,-70.000000,8.383938
64,36,70.000000,-70.000000,8.366139
65,36,75.000000,-70.000000,8.349633
66,36,80.000000,-70.000000,8.333148
67,36,85.000000,-70.000000,8.316663
68,36,90.000000,-70.000000,8.300241
69,36,95.000000,-70.000000,8.283984
70,36,100.000000,-70.000000,8.267931
71,36,105.000000,-70.000000,8.252157
72,36,110.000000,-70.000000,8.236383
73,36,115.000000,-70.000000,8.220609
74,36,120.000000,-70.000000,8.204742
75,36,125.000000,-70.000000,8.188836
76,36,130.000000,-70.000000,8.172628
77,36,135.000000,-70.000000,8.156369
78,36,140.000000,-70.000000,8.140110
79,36,145.000000,-70.000000,8.123836
80,36,150.000000,-70.000000,8.107480
81,36,155.000000,-70.000000,8.091024
82,36,160.000000,-70.000000,8.074327
83,36,165.000000,-70.000000,8.057629
84,36,170.000000,-70.000000,8.040931
85,36,175.000000,-70.000000,8.024264
86,36,180.000000,-70.000000,8.007620
87,36,185.000000,-70.000000,7.991167
88,36,190.000000,-70.000000,7.974784
89,36,195.000000,-70.000000,7.958402
90,36,200.000000,-70.000000,7.942021
91,36,205.000000,-70.000000,7.925696
92,36,210.000000,-70.000000,7.909443
93,36,215.000000,-70.000000,7.893549
94,36,220.000000,-70.000000,7.877655
95,36,225.000000,-70.000000,7.861761
96,36,230.000000,-70.000000,7.845859
97,36,235.000000,-70.000000,7.829946
98,36,240.000000,-70.000000,7.813881
99,36,245.000000,-70.000000,7.797714
100,36,250.000000,-70.000000,7.781547
0,37,-250.000000,-65.000000,9.648943
1,37,-245.000000,-65.000000,9.634442
2,37,-240.000000,-65.000000,9.618249
3,37,-235.000000,-65.000000,9.602032
4,37,-230.000000,-65.000000,9.585711
5,37,-225.000000,-65.000000,9.569390
6,37,-220.000000,-65.000000,9.553069
7,37,-215.000000,-65.000000,9.535586
8,37,-210.000000,-65.000000,9.516840
9,37,-205.000000,-65.000000,9.497891
10,37,-200.000000,-65.000000,9.478819
11,37,-195.000000,-65.000000,9.459747
12,37,-190.000000,-65.000000,9.440675
13,37,-185.000000,-65.000000,9.419929
14,37,-180.000000,-65.000000,9.399005
15,37,-175.000000,-65.000000,9.377730
16,37,-170.000000,-65.000000,9.356455
17,37,-165.000000,-65.000000,9.335181
18,37,-160.000000,-65.000000,9.313758
19,37,-155.000000,-65.000000,9.292064
20,37,-150.000000,-65.000000,9.270311
21,37,-145.000000,-65.000000,9.248498
22,37,-140.000000,-65.000000,9.226685
23,37,-135.000000,-65.000000,9.204873
24,37,-130.000000,-65.000000,9.183603
25,37,-125.000000,-65.000000,9.162480
26,37,-120.000000,-65.000000,9.141596
27,37,-115.000000,-65.000000,9.120730
28,37,-110.000000,-65.000000,9.099864
29,37,-105.000000,-65.000000,9.079166
30,37,-100.000000,-65.000000,9.059053
31,37,-95.000000,-65.000000,9.039072
32,37,-90.000000,-65.000000,9.019318
33,37,-85.000000,-65.000000,8.999563
34,37,-80.000000,-65.000000,8.979808
35,37,-75.000000,-65.000000,8.960060
36,37,-70.000000,-65.000000,8.940316
37,37,-65.000000,-65.000000,8.920577
38,37,-60.000000,-65.000000,8.900839
39,37,-55.000000,-65.000000,8.881101
40,37,-50.000000,-65.000000,8.861305
41,37,-45.000000,-65.000000,8.840959
42,37,-40.000000,-65.000000,8.820504
43,37,-35.000000,-65.000000,8.799709
44,37,-30.000000,-65.000000,8.778915
45,37,-25.000000,-65.000000,8.758120
46,37,-20.000000,-65.000000,8.737102
47,37,-15.000000,-65.000000,8.715888
48,37,-10.000000,-65.000000,8.694416
49,37,-5.000000,-65.000000,8.672821
50,37,0.000000,-65.000000,8.651226
51,37,5.000000,-65.000000,8.629632
52,37,10.000000,-65.000000,8.608386
53,37,15.000000,-65.000000,8.587197
54,37,20.000000,-65.000000,8.566361
55,37,25.000000,-65.000000,8.545526
56,37,30.000000,-65.000000,8.524691
57,37,35.000000,-65.000000,8.504228
58,37,40.000000,-65.000000,8.484317
59,37,45.000000,-65.000000,8.465096
60,37,50.000000,-65.000000,8.446443
61,37,55.000000,-65.000000,8.427789
62,37,60.000000,-65.000000,8.409136
63,37,65.000000,-65.000000,8.391137
64,37,70.000000,-65.000000,8.373264
65,37,75.000000,-65.000000,8.356684
66,37,80.000000,-65.000000,8.340124
67,37,85.000000,-65.000000,8.323564
68,37,90.000000,-65.000000,8.307065
69,37,95.000000,-65.000000,8.290729
70,37,100.000000,-65.000000,8.274589
71,37,105.000000,-65.000000,8.258723
72,37,110.000000,-65.000000,8.242856
73,37,115.000000,-65.000000,8.226989
74,37,120.000000,-65.000000,8.211025
75,37,125.000000,-65.000000,8.195022
76,37,130.000000,-65.000000,8.178706
77,37,135.000000,-65.000000,8.162338
78,37,140.000000,-65.000000,8.145969
79,37,145.000000,-65.000000,8.129586
80,37,150.000000,-65.000000,8.113122
81,37,155.000000,-65.000000,8.096558
82,37,160.000000,-65.000000,8.079753
83,37,165.000000,-65.000000,8.062948
84,37,170.000000,-65.000000,8.046144
85,37,175.000000,-65.000000,8.029372
86,37,180.000000,-65.000000,8.012625
87,37,185.000000,-65.000000,7.996080
88,37,190.000000,-65.000000,7.979612
89,37,195.000000,-65.000000,7.963143
90,37,200.000000,-65.000000,7.946675
91,37,205.000000,-65.000000,7.930267
92,37,210.000000,-65.000000,7.913932
93,37,215.000000,-65.000000,7.897971
94,37,220.000000,-65.000000,7.882010
95,37,225.000000,-65.000000,7.866050
96,37,230.000000,-65.000000,7.850081
97,37,235.000000,-65.000000,7.834102
98,37,240.000000,-65.000000,7.817973
99,37,245.000000,-65.000000,7.801743
100,37,250.000000,-65.000000,7.785513
0,38,-250.000000,-60.000000,9.656935
1,38,-245.000000,-60.000000,9.642631
2,38,-240.000000,-60.000000,9.626569
3,38,-235.000000,-60.000000,9.610482
4,38,-230.000000,-60.000000,9.594286
5,38,-225.000000,-60.000000,9.578091
6,38,-220.000000,-60.000000,9.561895
7,38,-215.000000,-60.000000,9.544508
8,38,-210.000000,-60.000000,9.525826
9,38,-205.000000,-60.000000,9.506936
10,38,-200.000000,-60.000000,9.487920
11,38,-195.000000,-60.000000,9.468904
12,38,-190.000000,-60.000000,9.449888
13,38,-185.000000,-60.000000,9.429173
14,38,-180.000000,-60.000000,9.408278
15,38,-175.000000,-60.000000,9.387027
16,38,-170.000000,-60.000000,9.365776
17,38,-165.000000,-60.000000,9.344525
18,38,-160.000000,-60.000000,9.323127
19,38,-155.000000,-60.000000,9.301457
20,38,-150.000000,-60.000000,9.279728
21,38,-145.000000,-60.000000,9.257939
22,38,-140.000000,-60.000000,9.236150
23,38,-135.000000,-60.000000,9.214361
24,38,-130.000000,-60.000000,9.193114
25,38,-125.000000,-60.000000,9.172014
26,38,-120.000000,-60.000000,9.151152
27,38,-115.000000,-60.000000,9.130308
28,38,-110.000000,-60.000000,9.109464
29,38,-105.000000,-60.000000,9.088784
30,38,-100.000000,-60.000000,9.068675
31,38,-95.000000,-60.000000,9.048695
32,38,-90.000000,-60.000000,9.028935
33,38,-85.000000,-60.000000,9.009175
34,38,-80.000000,-60.000000,8.989415
35,38,-75.000000,-60.000000,8.969644
36,38,-70.000000,-60.000000,8.949866
37,38,-65.000000,-60.000000,8.930080
38,38,-60.000000,-60.000000,8.910291
39,38,-55.000000,-60.000000,8.890503
40,38,-50.000000,-60.000000,8.870655
41,38,-45.000000,-60.000000,8.850236
42,38,-40.000000,-60.000000,8.829706
43,38,-35.000000,-60.000000,8.808824
44,38,-30.000000,-60.000000,8.787942
45,38,-25.000000,-60.000000,8.767060
46,38,-20.000000,-60.000000,8.745952
47,38,-15.000000,-60.000000,8.724645
48,38,-10.000000,-60.000000,8.703077
49,38,-5.000000,-60.000000,8.681385
50,38,0.000000,-60.000000,8.659693
51,38,5.000000,-60.000000,8.638001
52,38,10.000000,-60.000000,8.616663
53,38,15.000000,-60.000000,8.595382
54,38,20.000000,-60.000000,8.574461
55,38,25.000000,-60.000000,8.553539
56,38,30.000000,-60.000000,8.532618
57,38,35.000000,-60.000000,8.512072
58,38,40.000000,-60.000000,8.492080
59,38,45.000000,-60.000000,8.472783
60,38,50.000000,-60.000000,8.454055
61,38,55.000000,-60.000000,8.435328
62,38,60.000000,-60.000000,8.416601
63,38,65.000000,-60.000000,8.398528
64,38,70.000000,-60.000000,8.380580
65,38,75.000000,-60.000000,8.363922
66,38,80.000000,-60.000000,8.347285
67,38,85.000000,-60.000000,8.330647
68,38,90.000000,-60.000000,8.314070
69,38,95.000000,-60.000000,8.297650
70,38,100.000000,-60.000000,8.281422
71,38,105.000000,-60.000000,8.265460
72,38,110.000000,-60.000000,8.249498
73,38,115.000000,-60.000000,8.233535
74,38,120.000000,-60.000000,8.217473
75,38,125.000000,-60.000000,8.201371
76,38,130.000000,-60.000000,8.184945
77,38,135.000000,-60.000000,8.168466
78,38,140.000000,-60.000000,8.151987
79,38,145.000000,-60.000000,8.135493
80,38,150.000000,-60.000000,8.118919
81,38,155.000000,-60.000000,8.102245
82,38,160.000000,-60.000000,8.085332
83,38,165.000000,-60.000000,8.068420
84,38,170.000000,-60.000000,8.051508
85,38,175.000000,-60.000000,8.034630
86,38,180.000000,-60.000000,8.017778
87,38,185.000000,-60.000000,8.001141
88,38,190.000000,-60.000000,7.984583
89,38,195.000000,-60.000000,7.968026
90,38,200.000000,-60.000000,7.951470
91,38,205.000000,-60.000000,7.934975
92,38,210.000000,-60.000000,7.918557
93,38,215.000000,-60.000000,7.902526
94,38,220.000000,-60.000000,7.886496
95,38,225.000000,-60.000000,7.870465
96,38,230.000000,-60.000000,7.854426
97,38,235.000000,-60.000000,7.838377
98,38,240.000000,-60.000000,7.822180
99,38,245.000000,-60.000000,7.805884
100,38,250.000000,-60.000000,7.789588
0,39,-250.000000,-55.000000,9.665183
1,39,-245.000000,-55.000000,9.651073
2,39,-240.000000,-55.000000,9.635142
3,39,-235.000000,-55.000000,9.619186
4,39,-230.000000,-55.000000,9.603117
5,39,-225.000000,-55.000000,9.587048
6,39,-220.000000,-55.000000,9.570978
7,39,-215.000000,-55.000000,9.553691
8,39,-210.000000,-55.000000,9.535079
9,39,-205.000000,-55.000000,9.516255
10,39,-200.000000,-55.000000,9.497301
11,39,-195.000000,-55.000000,9.478348
12,39,-190.000000,-55.000000,9.459394
13,39,-185.000000,-55.000000,9.438720
14,39,-180.000000,-55.000000,9.417864
15,39,-175.000000,-55.000000,9.396647
16,39,-170.000000,-55.000000,9.375430
17,39,-165.000000,-55.000000,9.354213
18,39,-160.000000,-55.000000,9.332848
19,39,-155.000000,-55.000000,9.311211
20,39,-150.000000,-55.000000,9.289514
21,39,-145.000000,-55.000000,9.267757
22,39,-140.000000,-55.000000,9.246001
23,39,-135.000000,-55.000000,9.224244
24,39,-130.000000,-55.000000,9.203026
25,39,-125.000000,-55.000000,9.181953
26,39,-120.000000,-55.000000,9.161117
27,39,-115.000000,-55.000000,9.140299
28,39,-110.000000,-55.000000,9.119481
29,39,-105.000000,-55.000000,9.098822
30,39,-100.000000,-55.000000,9.078717
31,39,-95.000000,-55.000000,9.058738
32,39,-90.000000,-55.000000,9.038973
33,39,-85.000000,-55.000000,9.019207
34,39,-80.000000,-55.000000,8.999442
35,39,-75.000000,-55.000000,8.979645
36,39,-70.000000,-55.000000,8.959833
37,39,-65.000000,-55.000000,8.939999
38,39,-60.000000,-55.000000,8.920159
39,39,-55.000000,-55.000000,8.900319
40,39,-50.000000,-55.000000,8.880416
41,39,-45.000000,-55.000000,8.859926
42,39,-40.000000,-55.000000,8.839320
43,39,-35.000000,-55.000000,8.818351
44,39,-30.000000,-55.000000,8.797383
45,39,-25.000000,-55.000000,8.776414
46,39,-20.000000,-55.000000,8.755216
47,39,-15.000000,-55.000000,8.733817
48,39,-10.000000,-55.000000,8.712155
49,39,-5.000000,-55.000000,8.690367
50,39,0.000000,-55.000000,8.668580
51,39,5.000000,-55.000000,8.646792
52,39,10.000000,-55.000000,8.625363
53,39,15.000000,-55.000000,8.603992
54,39,20.000000,-55.000000,8.582985
55,39,25.000000,-55.000000,8.561978
56,39,30.000000,-55.000000,8.540971
57,39,35.000000,-55.000000,8.520341
58,39,40.000000,-55.000000,8.500268
59,39,45.000000,-55.000000,8.480891
60,39,50.000000,-55.000000,8.462087
61,39,55.000000,-55.000000,8.443283
62,39,60.000000,-55.000000,8.424479
63,39,65.000000,-55.000000,8.406328
64,39,70.000000,-55.000000,8.388301
65,39,75.000000,-55.000000,8.371561
66,39,80.000000,-55.000000,8.354841
67,39,85.000000,-55.000000,8.338120
68,39,90.000000,-55.000000,8.321459
69,39,95.000000,-55.000000,8.304950
70,39,100.000000,-55.000000,8.288629
71,39,105.000000,-55.000000,8.272566
72,39,110.000000,-55.000000,8.256503
73,39,115.000000,-55.000000,8.240440
74,39,120.000000,-55.000000,8.224275
75,39,125.000000,-55.000000,8.208068
76,39,130.000000,-55.000000,8.191530
77,39,135.000000,-55.000000,8.174937
78,39,140.000000,-55.000000,8.158343
79,39,145.000000,-55.000000,8.141736
80,39,150.000000,-55.000000,8.125048
81,39,155.000000,-55.000000,8.108262
82,39,160.000000,-55.000000,8.091240
83,39,165.000000,-55.000000,8.074217
84,39,170.000000,-55.000000,8.057194
85,39,175.000000,-55.000000,8.040208
86,39,180.000000,-55.000000,8.023249
87,39,185.000000,-55.000000,8.006515
88,39,190.000000,-55.000000,7.989865
89,39,195.000000,-55.000000,7.973215
90,39,200.000000,-55.000000,7.956567
91,39,205.000000,-55.000000,7.939981
92,39,210.000000,-55.000000,7.923474
93,39,215.000000,-55.000000,7.907367
94,39,220.000000,-55.000000,7.891259
95,39,225.000000,-55.000000,7.875151
96,39,230.000000,-55.000000,7.859035
97,39,235.000000,-55.000000,7.842909
98,39,240.000000,-55.000000,7.826635
99,39,245.000000,-55.000000,7.810264
100,39,250.000000,-55.000000,7.793892
0,40,-250.000000,-50.000000,9.673431
1,40,-245.000000,-50.000000,9.659515
2,40,-240.000000,-50.000000,9.643716
3,40,-235.000000,-50.000000,9.627890
4,40,-230.000000,-50.000000,9.611947
5,40,-225.000000,-50.000000,9.596005
6,40,-220.000000,-50.000000,9.580062
7,40,-215.000000,-50.000000,9.562874
8,40,-210.000000,-50.000000,9.544333
9,40,-205.000000,-50.000000,9.525573
10,40,-200.000000,-50.000000,9.506683
11,40,-195.000000,-50.000000,9.487792
12,40,-190.000000,-50.000000,9.468901
13,40,-185.000000,-50.000000,9.448268
14,40,-180.000000,-50.000000,9.427450
15,40,-175.000000,-50.000000,9.406267
16,40,-170.000000,-50.000000,9.385084
17,40,-165.000000,-50.000000,9.363901
18,40,-160.000000,-50.000000,9.342570
19,40,-155.000000,-50.000000,9.320965
20,40,-150.000000,-50.000000,9.299300
21,40,-145.000000,-50.000000,9.277576
22,40,-140.000000,-50.000000,9.255851
23,40,-135.000000,-50.000000,9.234127
24,40,-130.000000,-50.000000,9.212937
25,40,-125.000000,-50.000000,9.191892
26,40,-120.000000,-50.000000,9.171082
27,40,-115.000000,-50.000000,9.150290
28,40,-110.000000,-50.000000,9.129497
29,40,-105.000000,-50.000000,9.108859
30,40,-100.000000,-50.000000,9.088760
31,40,-95.000000,-50.000000,9.068781
32,40,-90.000000,-50.000000,9.049010
33,40,-85.000000,-50.000000,9.029239
34,40,-80.000000,-50.000000,9.009468
35,40,-75.000000,-50.000000,8.989647
36,40,-70.000000,-50.000000,8.969800
37,40,-65.000000,-50.000000,8.949917
38,40,-60.000000,-50.000000,8.930026
39,40,-55.000000,-50.000000,8.910134
40,40,-50.000000,-50.000000,8.890178
41,40,-45.000000,-50.000000,8.869616
42,40,-40.000000,-50.000000,8.848934
43,40,-35.000000,-50.000000,8.827879
44,40,-30.000000,-50.000000,8.806823
45,40,-25.000000,-50.000000,8.785767
46,40,-20.000000,-50.000000,8.764480
47,40,-15.000000,-50.000000,8.742990
48,40,-10.000000,-50.000000,8.721233
49,40,-5.000000,-50.000000,8.699350
50,40,0.000000,-50.000000,8.677466
51,40,5.000000,-50.000000,8.655583
52,40,10.000000,-50.000000,8.634063
53,40,15.000000,-50.000000,8.612601
54,40,20.000000,-50.000000,8.591509
55,40,25.000000,-50.000000,8.570417
56,40,30.000000,-50.000000,8.549324
57,40,35.000000,-50.000000,8.528610
58,40,40.000000,-50.000000,8.508455
59,40,45.000000,-50.000000,8.488999
60,40,50.000000,-50.000000,8.470119
61,40,55.000000,-50.000000,8.451239
62,40,60.000000,-50.000000,8.432358
63,40,65.000000,-50.000000,8.414128
64,40,70.000000,-50.000000,8.396022
65,40,75.000000,-50.000000,8.379199
66,40,80.000000,-50.000000,8.362396
67,40,85.000000,-50.000000,8.345593
68,40,90.000000,-50.000000,8.328847
69,40,95.000000,-50.000000,8.312250
70,40,100.000000,-50.000000,8.295836
71,40,105.000000,-50.000000,8.279672
72,40,110.000000,-50.000000,8.263508
73,40,115.000000,-50.000000,8.247345
74,40,120.000000,-50.000000,8.231076
75,40,125.000000,-50.000000,8.214765
76,40,130.000000,-50.000000,8.198115
77,40,135.000000,-50.000000,8.181408
78,40,140.000000,-50.000000,8.164700
79,40,145.000000,-50.000000,8.147979
80,40,150.000000,-50.000000,8.131178
81,40,155.000000,-50.000000,8.114280
82,40,160.000000,-50.000000,8.097147
83,40,165.000000,-50.000000,8.080014
84,40,170.000000,-50.000000,8.062881
85,40,175.000000,-50.000000,8.045787
86,40,180.000000,-50.000000,8.028720
87,40,185.000000,-50.000000,8.011889
88,40,190.000000,-50.000000,7.995147
89,40,195.000000,-50.000000,7.978405
90,40,200.000000,-50.000000,7.961663
91,40,205.000000,-50.000000,7.944987
92,40,210.000000,-50.000000,7.928392
93,40,215.000000,-50.000000,7.912207
94,40,220.000000,-50.000000,7.896022
95,40,225.000000,-50.000000,7.879837
96,40,230.000000,-50.000000,7.863644
97,40,235.000000,-50.000000,7.847441
98,40,240.000000,-50.000000,7.831091
99,40,245.000000,-50.000000,7.814644
100,40,250.000000,-50.000000,7.798196
0,41,-250.000000,-45.000000,9.681679
1,41,-245.000000,-45.000000,9.667958
2,41,-240.000000,-45.000000,9.652290
3,41,-235.000000,-45.000000,9.636594
4,41,-230.000000,-45.000000,9.620778
5,41,-225.000000,-45.000000,9.604962
6,41,-220.000000,-45.000000,9.589145
7,41,-215.000000,-45.000000,9.572057
8,41,-210.000000,-45.000000,9.553586
9,41,-205.000000,-45.000000,9.534892
10,41,-200.000000,-45.000000,9.516064
11,41,-195.000000,-45.000000,9.497236
12,41,-190.000000,-45.000000,9.478408
13,41,-185.000000,-45.000000,9.457815
14,41,-180.000000,-45.000000,9.437036
15,41,-175.000000,-45.000000,9.415887
16,41,-170.000000,-45.000000,9.394738
17,41,-165.000000,-45.000000,9.373589
18,41,-160.000000,-45.000000,9.352291
19,41,-155.000000,-45.000000,9.330718
20,41,-150.000000,-45.000000,9.309086
21,41,-145.000000,-45.000000,9.287394
22,41,-140.000000,-45.000000,9.265702
23,41,-135.000000,-45.000000,9.244010
24,41,-130.000000,-45.000000,9.222849
25,41,-125.000000,-45.000000,9.201831
26,41,-120.000000,-45.000000,9.181047
27,41,-115.000000,-45.000000,9.160281
28,41,-110.000000,-45.000000,9.139514
29,41,-105.000000,-45.000000,9.118897
30,41,-100.000000,-45.000000,9.098802
31,41,-95.000000,-45.000000,9.078824
32,41,-90.000000,-45.000000,9.059047
33,41,-85.000000,-45.000000,9.039271
34,41,-80.000000,-45.000000,9.019494
35,41,-75.000000,-45.000000,8.999649
36,41,-70.000000,-45.000000,8.979768
37,41,-65.000000,-45.000000,8.959836
38,41,-60.000000,-45.000000,8.939893
39,41,-55.000000,-45.000000,8.919949
40,41,-50.000000,-45.000000,8.899940
41,41,-45.000000,-45.000000,8.879305
42,41,-40.000000,-45.000000,8.858548
43,41,-35.000000,-45.000000,8.837406
44,41,-30.000000,-45.000000,8.816263
45,41,-25.000000,-45.000000,8.795121
46,41,-20.000000,-45.000000,8.773744
47,41,-15.000000,-45.000000,8.752162
48,41,-10.000000,-45.000000,8.730311
49,41,-5.000000,-45.000000,8.708332
50,41,0.000000,-45.000000,8.686353
51,41,5.000000,-45.000000,8.664374
52,41,10.000000,-45.000000,8.642762
53,41,15.000000,-45.000000,8.621211
54,41,20.000000,-45.000000,8.600033
55,41,25.000000,-45.000000,8.578855
56,41,30.000000,-45.000000,8.557677
57,41,35.000000,-45.000000,8.536879
58,41,40.000000,-45.000000,8.516642
59,41,45.000000,-45.000000,8.497108
60,41,50.000000,-45.000000,8.478151
61,41,55.000000,-45.000000,8.459194
62,41,60.000000,-45.000000,8.440237
63,41,65.000000,-45.000000,8.421928
64,41,70.000000,-45.000000,8.403744
65,41,75.000000,-45.000000,8.386838
66,41,80.000000,-45.000000,8.369952
67,41,85.000000,-45.000000,8.353067
68,41,90.000000,-45.000000,8.336236
69,41,95.000000,-45.000000,8.319550
70,41,100.000000,-45.000000,8.303042
71,41,105.000000,-45.000000,8.286778
72,41,110.000000,-45.000000,8.270514
73,41,115.000000,-45.000000,8.254250
74,41,120.000000,-45.000000,8.237878
75,41,125.000000,-45.000000,8.221463
76,41,130.000000,-45.000000,8.204700
77,41,135.000000,-45.000000,8.187878
78,41,140.000000,-45.000000,8.171057
79,41,145.000000,-45.000000,8.154222
80,41,150.000000,-45.000000,8.137308
81,41,155.000000,-45.000000,8.120297
82,41,160.000000,-45.000000,8.103054
83,41,165.000000,-45.000000,8.085811
84,41,170.000000,-45.000000,8.068568
85,41,175.000000,-45.000000,8.051365
86,41,180.000000,-45.000000,8.034191
87,41,185.000000,-45.000000,8.017264
88,41,190.000000,-45.000000,8.000429
89,41,195.000000,-45.000000,7.983594
90,41,200.000000,-45.000000,7.966760
91,41,205.000000,-45.000000,7.949993
92,41,210.000000,-45.000000,7.933309
93,41,215.000000,-45.000000,7.917047
94,41,220.000000,-45.000000,7.900785
95,41,225.000000,-45.000000,7.884522
96,41,230.000000,-45.000000,7.868252
97,41,235.000000,-45.000000,7.851972
98,41,240.000000,-45.000000,7.835546
99,41,245.000000,-45.000000,7.819023
100,41,250.000000,-45.000000,7.802500
0,42,-250.000000,-40.000000,9.691300
1,42,-245.000000,-40.000000,9.677783
2,42,-240.000000,-40.000000,9.662254
3,42,-235.000000,-40.000000,9.646696
4,42,-230.000000,-40.000000,9.631013
5,42,-225.000000,-40.000000,9.615331
6,42,-220.000000,-40.000000,9.599649
7,42,-215.000000,-40.000000,9.582671
8,42,-210.000000,-40.000000,9.564286
9,42,-205.000000,-40.000000,9.545673
10,42,-200.000000,-40.000000,9.526924
11,42,-195.000000,-40.000000,9.508176
12,42,-190.000000,-40.000000,9.489427
13,42,-185.000000,-40.000000,9.468904
14,42,-180.000000,-40.000000,9.448193
15,42,-175.000000,-40.000000,9.427110
16,42,-170.000000,-40.000000,9.406027
17,42,-165.000000,-40.000000,9.384945
18,42,-160.000000,-40.000000,9.363715
19,42,-155.000000,-40.000000,9.342212
20,42,-150.000000,-40.000000,9.320651
21,42,-145.000000,-40.000000,9.299030
22,42,-140.000000,-40.000000,9.277409
23,42,-135.000000,-40.000000,9.255788
24,42,-130.000000,-40.000000,9.234687
25,42,-125.000000,-40.000000,9.213726
26,42,-120.000000,-40.000000,9.192994
27,42,-115.000000,-40.000000,9.172279
28,42,-110.000000,-40.000000,9.151564
29,42,-105.000000,-40.000000,9.130990
30,42,-100.000000,-40.000000,9.110908
31,42,-95.000000,-40.000000,9.090937
32,42,-90.000000,-40.000000,9.071156
33,42,-85.000000,-40.000000,9.051375
34,42,-80.000000,-40.000000,9.031594
35,42,-75.000000,-40.000000,9.011719
36,42,-70.000000,-40.000000,8.991795
37,42,-65.000000,-40.000000,8.971802
38,42,-60.000000,-40.000000,8.951793
39,42,-55.000000,-40.000000,8.931783
40,42,-50.000000,-40.000000,8.911706
41,42,-45.000000,-40.000000,8.890989
42,42,-40.000000,-40.000000,8.870147
43,42,-35.000000,-40.000000,8.848909
44,42,-30.000000,-40.000000,8.827672
45,42,-25.000000,-40.000000,8.806435
46,42,-20.000000,-40.000000,8.784966
47,42,-15.000000,-40.000000,8.763292
48,42,-10.000000,-40.000000,8.741353
49,42,-5.000000,-40.000000,8.719286
50,42,0.000000,-40.000000,8.697220
51,42,5.000000,-40.000000,8.675153
52,42,10.000000,-40.000000,8.653461
53,42,15.000000,-40.000000,8.631829
54,42,20.000000,-40.000000,8.610577
55,42,25.000000,-40.000000,8.589325
56,42,30.000000,-40.000000,8.568073
57,42,35.000000,-40.000000,8.547200
58,42,40.000000,-40.000000,8.526885
59,42,45.000000,-40.000000,8.507270
60,42,50.000000,-40.000000,8.488231
61,42,55.000000,-40.000000,8.469191
62,42,60.000000,-40.000000,8.450152
63,42,65.000000,-40.000000,8.431752
64,42,70.000000,-40.000000,8.413474
65,42,75.000000,-40.000000,8.396458
66,42,80.000000,-40.000000,8.379461
67,42,85.000000,-40.000000,8.362464
68,42,90.000000,-40.000000,8.345521
69,42,95.000000,-40.000000,8.328716
70,42,100.000000,-40.000000,8.312083
71,42,105.000000,-40.000000,8.295684
72,42,110.000000,-40.000000,8.279284
73,42,115.000000,-40.000000,8.262885
74,42,120.000000,-40.000000,8.246379
75,42,125.000000,-40.000000,8.229828
76,42,130.000000,-40.000000,8.212928
77,42,135.000000,-40.000000,8.195971
78,42,140.000000,-40.000000,8.179013
79,42,145.000000,-40.000000,8.162042
80,42,150.000000,-40.000000,8.144994
81,42,155.000000,-40.000000,8.127854
82,42,160.000000,-40.000000,8.110490
83,42,165.000000,-40.000000,8.093125
84,42,170.000000,-40.000000,8.075761
85,42,175.000000,-40.000000,8.058439
86,42,180.000000,-40.000000,8.041146
87,42,185.000000,-40.000000,8.024109
88,42,190.000000,-40.000000,8.007167
89,42,195.000000,-40.000000,7.990225
90,42,200.000000,-40.000000,7.973284
91,42,205.000000,-40.000000,7.956410
92,42,210.000000,-40.000000,7.939620
93,42,215.000000,-40.000000,7.923252
94,42,220.000000,-40.000000,7.906884
95,42,225.000000,-40.000000,7.890516
96,42,230.000000,-40.000000,7.874140
97,42,235.000000,-40.000000,7.857754
98,42,240.000000,-40.000000,7.841219
99,42,245.000000,-40.000000,7.824584
100,42,250.000000,-40.000000,7.807949
0,43,-250.000000,-35.000000,9.701250
1,43,-245.000000,-35.000000,9.687940
2,43,-240.000000,-35.000000,9.672552
3,43,-235.000000,-35.000000,9.657133
4,43,-230.000000,-35.000000,9.641586
5,43,-225.000000,-35.000000,9.626039
6,43,-220.000000,-35.000000,9.610492
7,43,-215.000000,-35.000000,9.593628
8,43,-210.000000,-35.000000,9.575332
9,43,-205.000000,-35.000000,9.556805
10,43,-200.000000,-35.000000,9.538140
11,43,-195.000000,-35.000000,9.519474
12,43,-190.000000,-35.000000,9.500808
13,43,-185.000000,-35.000000,9.480362
14,43,-180.000000,-35.000000,9.459726
15,43,-175.000000,-35.000000,9.438718
16,43,-170.000000,-35.000000,9.417709
17,43,-165.000000,-35.000000,9.396701
18,43,-160.000000,-35.000000,9.375547
19,43,-155.000000,-35.000000,9.354124
20,43,-150.000000,-35.000000,9.332642
21,43,-145.000000,-35.000000,9.311102
22,43,-140.000000,-35.000000,9.289561
23,43,-135.000000,-35.000000,9.268021
24,43,-130.000000,-35.000000,9.246987
25,43,-125.000000,-35.000000,9.226090
26,43,-120.000000,-35.000000,9.205417
27,43,-115.000000,-35.000000,9.184759
28,43,-110.000000,-35.000000,9.164101
29,43,-105.000000,-35.000000,9.143576
30,43,-100.000000,-35.000000,9.123510
31,43,-95.000000,-35.000000,9.103547
32,43,-90.000000,-35.000000,9.083762
33,43,-85.000000,-35.000000,9.063977
34,43,-80.000000,-35.000000,9.044192
35,43,-75.000000,-35.000000,9.024285
36,43,-70.000000,-35.000000,9.004316
37,43,-65.000000,-35.000000,8.984258
38,43,-60.000000,-35.000000,8.964180
39,43,-55.000000,-35.000000,8.944101
40,43,-50.000000,-35.000000,8.923953
41,43,-45.000000,-35.000000,8.903151
42,43,-40.000000,-35.000000,8.882221
43,43,-35.000000,-35.000000,8.860887
44,43,-30.000000,-35.000000,8.839553
45,43,-25.000000,-35.000000,8.818219
46,43,-20.000000,-35.000000,8.796656
47,43,-15.000000,-35.000000,8.774892
48,43,-10.000000,-35.000000,8.752866
49,43,-5.000000,-35.000000,8.730713
50,43,0.000000,-35.000000,8.708561
51,43,5.000000,-35.000000,8.686409
52,43,10.000000,-35.000000,8.664638
53,43,15.000000,-35.000000,8.642928
54,43,20.000000,-35.000000,8.621605
55,43,25.000000,-35.000000,8.600282
56,43,30.000000,-35.000000,8.578959
57,43,35.000000,-35.000000,8.558012
58,43,40.000000,-35.000000,8.537621
59,43,45.000000,-35.000000,8.517926
60,43,50.000000,-35.000000,8.498802
61,43,55.000000,-35.000000,8.479679
62,43,60.000000,-35.000000,8.460555
63,43,65.000000,-35.000000,8.442061
64,43,70.000000,-35.000000,8.423686
65,43,75.000000,-35.000000,8.406553
66,43,80.000000,-35.000000,8.389438
67,43,85.000000,-35.000000,8.372324
68,43,90.000000,-35.000000,8.355260
69,43,95.000000,-35.000000,8.338330
70,43,100.000000,-35.000000,8.321563
71,43,105.000000,-35.000000,8.305021
72,43,110.000000,-35.000000,8.288478
73,43,115.000000,-35.000000,8.271936
74,43,120.000000,-35.000000,8.255286
75,43,125.000000,-35.000000,8.238593
76,43,130.000000,-35.000000,8.221551
77,43,135.000000,-35.000000,8.204452
78,43,140.000000,-35.000000,8.187352
79,43,145.000000,-35.000000,8.170239
80,43,150.000000,-35.000000,8.153054
81,43,155.000000,-35.000000,8.135780
82,43,160.000000,-35.000000,8.118292
83,43,165.000000,-35.000000,8.100804
84,43,170.000000,-35.000000,8.083316
85,43,175.000000,-35.000000,8.065871
86,43,180.000000,-35.000000,8.048457
87,43,185.000000,-35.000000,8.031307
88,43,190.000000,-35.000000,8.014254
89,43,195.000000,-35.000000,7.997202
90,43,200.000000,-35.000000,7.980151
91,43,205.000000,-35.000000,7.963166
92,43,210.000000,-35.000000,7.946264
93,43,215.000000,-35.000000,7.929784
94,43,220.000000,-35.000000,7.913304
95,43,225.000000,-35.000000,7.896824
96,43,230.000000,-35.000000,7.880335
97,43,235.000000,-35.000000,7.863836
98,43,240.000000,-35.000000,7.847183
99,43,245.000000,-35.000000,7.830428
100,43,250.000000,-35.000000,7.813672
0,44,-250.000000,-30.000000,9.711940
1,44,-245.000000,-30.000000,9.698842
2,44,-240.000000,-30.000000,9.683598
3,44,-235.000000,-30.000000,9.668323
4,44,-230.000000,-30.000000,9.652915
5,44,-225.000000,-30.000000,9.637508
6,44,-220.000000,-30.000000,9.622100
7,44,-215.000000,-30.000000,9.605355
8,44,-210.000000,-30.000000,9.587157
9,44,-205.000000,-30.000000,9.568724
10,44,-200.000000,-30.000000,9.550151
11,44,-195.000000,-30.000000,9.531577
12,44,-190.000000,-30.000000,9.513004
13,44,-185.000000,-30.000000,9.492649
14,44,-180.000000,-30.000000,9.472105
15,44,-175.000000,-30.000000,9.451188
16,44,-170.000000,-30.000000,9.430272
17,44,-165.000000,-30.000000,9.409355
18,44,-160.000000,-30.000000,9.388295
19,44,-155.000000,-30.000000,9.366971
20,44,-150.000000,-30.000000,9.345590
21,44,-145.000000,-30.000000,9.324151
22,44,-140.000000,-30.000000,9.302712
23,44,-135.000000,-30.000000,9.281274
24,44,-130.000000,-30.000000,9.260324
25,44,-125.000000,-30.000000,9.239507
26,44,-120.000000,-30.000000,9.218905
27,44,-115.000000,-30.000000,9.198319
28,44,-110.000000,-30.000000,9.177733
29,44,-105.000000,-30.000000,9.157268
30,44,-100.000000,-30.000000,9.137222
31,44,-95.000000,-30.000000,9.117272
32,44,-90.000000,-30.000000,9.097483
33,44,-85.000000,-30.000000,9.077694
34,44,-80.000000,-30.000000,9.057905
35,44,-75.000000,-30.000000,9.037964
36,44,-70.000000,-30.000000,9.017945
37,44,-65.000000,-30.000000,8.997817
38,44,-60.000000,-30.000000,8.977661
39,44,-55.000000,-30.000000,8.957506
40,44,-50.000000,-30.000000,8.937280
41,44,-45.000000,-30.000000,8.916387
42,44,-40.000000,-30.000000,8.895363
43,44,-35.000000,-30.000000,8.873928
44,44,-30.000000,-30.000000,8.852493
45,44,-25.000000,-30.000000,8.831058
46,44,-20.000000,-30.000000,8.809400
47,44,-15.000000,-30.000000,8.787546
48,44,-10.000000,-30.000000,8.765435
49,44,-5.000000,-30.000000,8.743202
50,44,0.000000,-30.000000,8.720968
51,44,5.000000,-30.000000,8.698735
52,44,10.000000,-30.000000,8.676890
53,44,15.000000,-30.000000,8.655108
54,44,20.000000,-30.000000,8.633720
55,44,25.000000,-30.000000,8.612332
56,44,30.000000,-30.000000,8.590944
57,44,35.000000,-30.000000,8.569928
58,44,40.000000,-30.000000,8.549463
59,44,45.000000,-30.000000,8.529686
60,44,50.000000,-30.000000,8.510476
61,44,55.000000,-30.000000,8.491265
62,44,60.000000,-30.000000,8.472055
63,44,65.000000,-30.000000,8.453458
64,44,70.000000,-30.000000,8.434980
65,44,75.000000,-30.000000,8.417714
66,44,80.000000,-30.000000,8.400466
67,44,85.000000,-30.000000,8.383219
68,44,90.000000,-30.000000,8.366020
69,44,95.000000,-30.000000,8.348947
70,44,100.000000,-30.000000,8.332030
71,44,105.000000,-30.000000,8.315326
72,44,110.000000,-30.000000,8.298622
73,44,115.000000,-30.000000,8.281918
74,44,120.000000,-30.000000,8.265108
75,44,125.000000,-30.000000,8.248256
76,44,130.000000,-30.000000,8.231059
77,44,135.000000,-30.000000,8.213805
78,44,140.000000,-30.000000,8.196551
79,44,145.000000,-30.000000,8.179286
80,44,150.000000,-30.000000,8.161952
81,44,155.000000,-30.000000,8.144535
82,44,160.000000,-30.000000,8.126917
83,44,165.000000,-30.000000,8.109300
84,44,170.000000,-30.000000,8.091682
85,44,175.000000,-30.000000,8.074109
86,44,180.000000,-30.000000,8.056567
87,44,185.000000,-30.000000,8.039296
88,44,190.000000,-30.000000,8.022125
89,44,195.000000,-30.000000,8.004954
90,44,200.000000,-30.000000,7.987785
91,44,205.000000,-30.000000,7.970681
92,44,210.000000,-30.000000,7.953659
93,44,215.000000,-30.000000,7.937051
94,44,220.000000,-30.000000,7.920443
95,44,225.000000,-30.000000,7.903835
96,44,230.000000,-30.000000,7.887219
97,44,235.000000,-30.000000,7.870591
98,44,240.000000,-30.000000,7.853803
99,44,245.000000,-30.000000,7.836907
100,44,250.000000,-30.000000,7.820012
0,45,-250.000000,-25.000000,9.722629
1,45,-245.000000,-25.000000,9.709744
2,45,-240.000000,-25.000000,9.694644
3,45,-235.000000,-25.000000,9.679512
4,45,-230.000000,-25.000000,9.664244
5,45,-225.000000,-25.000000,9.648976
6,45,-220.000000,-25.000000,9.633708
7,45,-215.000000,-25.000000,9.617082
8,45,-210.000000,-25.000000,9.598982
9,45,-205.000000,-25.000000,9.580644
10,45,-200.000000,-25.000000,9.562162
11,45,-195.000000,-25.000000,9.543681
12,45,-190.000000,-25.000000,9.525200
13,45,-185.000000,-25.000000,9.504936
14,45,-180.000000,-25.000000,9.484484
15,45,-175.000000,-25.000000,9.463659
16,45,-170.000000,-25.000000,9.442834
17,45,-165.000000,-25.000000,9.422009
18,45,-160.000000,-25.000000,9.401044
19,45,-155.000000,-25.000000,9.379819
20,45,-150.000000,-25.000000,9.358538
21,45,-145.000000,-25.000000,9.337201
22,45,-140.000000,-25.000000,9.315864
23,45,-135.000000,-25.000000,9.294526
24,45,-130.000000,-25.000000,9.273661
25,45,-125.000000,-25.000000,9.252923
26,45,-120.000000,-25.000000,9.232394
27,45,-115.000000,-25.000000,9.211880
28,45,-110.000000,-25.000000,9.191365
29,45,-105.000000,-25.000000,9.170960
30,45,-100.000000,-25.000000,9.150935
31,45,-95.000000,-25.000000,9.130996
32,45,-90.000000,-25.000000,9.111203
33,45,-85.000000,-25.000000,9.091411
34,45,-80.000000,-25.000000,9.071618
35,45,-75.000000,-25.000000,9.051644
36,45,-70.000000,-25.000000,9.031575
37,45,-65.000000,-25.000000,9.011375
38,45,-60.000000,-25.000000,8.991142
39,45,-55.000000,-25.000000,8.970910
40,45,-50.000000,-25.000000,8.950606
41,45,-45.000000,-25.000000,8.929622
42,45,-40.000000,-25.000000,8.908505
43,45,-35.000000,-25.000000,8.886969
44,45,-30.000000,-25.000000,8.865433
45,45,-25.000000,-25.000000,8.843897
46,45,-20.000000,-25.000000,8.822144
47,45,-15.000000,-25.000000,8.800199
48,45,-10.000000,-25.000000,8.778004
49,45,-5.000000,-25.000000,8.755690
50,45,0.000000,-25.000000,8.733376
51,45,5.000000,-25.000000,8.711061
52,45,10.000000,-25.000000,8.689143
53,45,15.000000,-25.000000,8.667288
54,45,20.000000,-25.000000,8.645835
55,45,25.000000,-25.000000,8.624382
56,45,30.000000,-25.000000,8.602929
57,45,35.000000,-25.000000,8.581845
58,45,40.000000,-25.000000,8.561305
59,45,45.000000,-25.000000,8.541447
60,45,50.000000,-25.000000,8.522149
61,45,55.000000,-25.000000,8.502851
62,45,60.000000,-25.000000,8.483554
63,45,65.000000,-25.000000,8.464856
64,45,70.000000,-25.000000,8.446273
65,45,75.000000,-25.000000,8.428875
66,45,80.000000,-25.000000,8.411494
67,45,85.000000,-25.000000,8.394114
68,45,90.000000,-25.000000,8.376779
69,45,95.000000,-25.000000,8.359565
70,45,100.000000,-25.000000,8.342497
71,45,105.000000,-25.000000,8.325632
72,45,110.000000,-25.000000,8.308766
73,45,115.000000,-25.000000,8.291901
74,45,120.000000,-25.000000,8.274931
75,45,125.000000,-25.000000,8.257918
76,45,130.000000,-25.000000,8.240567
77,45,135.000000,-25.000000,8.223159
78,45,140.000000,-25.000000,8.205751
79,45,145.000000,-25.000000,8.188332
80,45,150.000000,-25.000000,8.170850
81,45,155.000000,-25.000000,8.153290
82,45,160.000000,-25.000000,8.135543
83,45,165.000000,-25.000000,8.117796
84,45,170.000000,-25.000000,8.100048
85,45,175.000000,-25.000000,8.082347
86,45,180.000000,-25.000000,8.064677
87,45,185.000000,-25.000000,8.047285
88,45,190.000000,-25.000000,8.029996
89,45,195.000000,-25.000000,8.012707
90,45,200.000000,-25.000000,7.995420
91,45,205.000000,-25.000000,7.978196
92,45,210.000000,-25.000000,7.961054
93,45,215.000000,-25.000000,7.944318
94,45,220.000000,-25.000000,7.927582
95,45,225.000000,-25.000000,7.910847
96,45,230.000000,-25.000000,7.894102
97,45,235.000000,-25.000000,7.877346
98,45,240.000000,-25.000000,7.860422
99,45,245.000000,-25.000000,7.843386
100,45,250.000000,-25.000000,7.826351
0,46,-250.000000,-20.000000,9.733319
1,46,-245.000000,-20.000000,9.720646
2,46,-240.000000,-20.000000,9.705690
3,46,-235.000000,-20.000000,9.690702
4,46,-230.000000,-20.000000,9.675573
5,46,-225.000000,-20.000000,9.660444
6,46,-220.000000,-20.000000,9.645316
7,46,-215.000000,-20.000000,9.628809
8,46,-210.000000,-20.000000,9.610807
9,46,-205.000000,-20.000000,9.592563
10,46,-200.000000,-20.000000,9.574174
11,46,-195.000000,-20.000000,9.555784
12,46,-190.000000,-20.000000,9.537395
13,46,-185.000000,-20.000000,9.517224
14,46,-180.000000,-20.000000,9.496863
15,46,-175.000000,-20.000000,9.476130
16,46,-170.000000,-20.000000,9.455396
17,46,-165.000000,-20.000000,9.434663
18,46,-160.000000,-20.000000,9.413792
19,46,-155.000000,-20.000000,9.392667
20,46,-150.000000,-20.000000,9.371486
21,46,-145.000000,-20.000000,9.350251
22,46,-140.000000,-20.000000,9.329015
23,46,-135.000000,-20.000000,9.307779
24,46,-130.000000,-20.000000,9.286998
25,46,-125.000000,-20.000000,9.266340
26,46,-120.000000,-20.000000,9.245883
27,46,-115.000000,-20.000000,9.225440
28,46,-110.000000,-20.000000,9.204997
29,46,-105.000000,-20.000000,9.184652
30,46,-100.000000,-20.000000,9.164648
31,46,-95.000000,-20.000000,9.144720
32,46,-90.000000,-20.000000,9.124924
33,46,-85.000000,-20.000000,9.105128
34,46,-80.000000,-20.000000,9.085331
35,46,-75.000000,-20.000000,9.065323
36,46,-70.000000,-20.000000,9.045205
37,46,-65.000000,-20.000000,9.024933
38,46,-60.000000,-20.000000,9.004624
39,46,-55.000000,-20.000000,8.984314
40,46,-50.000000,-20.000000,8.963932
41,46,-45.000000,-20.000000,8.942858
42,46,-40.000000,-20.000000,8.921648
43,46,-35.000000,-20.000000,8.900011
44,46,-30.000000,-20.000000,8.878374
45,46,-25.000000,-20.000000,8.856737
46,46,-20.000000,-20.000000,8.834888
47,46,-15.000000,-20.000000,8.812852
48,46,-10.000000,-20.000000,8.790573
49,46,-5.000000,-20.000000,8.768178
50,46,0.000000,-20.000000,8.745783
51,46,5.000000,-20.000000,8.723388
52,46,10.000000,-20.000000,8.701395
53,46,15.000000,-20.000000,8.679468
54,46,20.000000,-20.000000,8.657950
55,46,25.000000,-20.000000,8.636432
56,46,30.000000,-20.000000,8.614914
57,46,35.000000,-20.000000,8.593761
58,46,40.000000,-20.000000,8.573147
59,46,45.000000,-20.000000,8.553207
60,46,50.000000,-20.000000,8.533823
61,46,55.000000,-20.000000,8.514438
62,46,60.000000,-20.000000,8.495053
63,46,65.000000,-20.000000,8.476254
64,46,70.000000,-20.000000,8.457567
65,46,75.000000,-20.000000,8.440036
66,46,80.000000,-20.000000,8.422522
67,46,85.000000,-20.000000,8.405009
68,46,90.000000,-20.000000,8.387539
69,46,95.000000,-20.000000,8.370182
70,46,100.000000,-20.000000,8.352964
71,46,105.000000,-20.000000,8.335937
72,46,110.000000,-20.000000,8.318910
73,46,115.000000,-20.000000,8.301883
74,46,120.000000,-20.000000,8.284753
75,46,125.000000,-20.000000,8.267581
76,46,130.000000,-20.000000,8.250075
77,46,135.000000,-20.000000,8.232513
78,46,140.000000,-20.000000,8.214951
79,46,145.000000,-20.000000,8.197379
80,46,150.000000,-20.000000,8.179747
81,46,155.000000,-20.000000,8.162044
82,46,160.000000,-20.000000,8.144168
83,46,165.000000,-20.000000,8.126291
84,46,170.000000,-20.000000,8.108415
85,46,175.000000,-20.000000,8.090584
86,46,180.000000,-20.000000,8.072787
87,46,185.000000,-20.000000,8.055274
88,46,190.000000,-20.000000,8.037867
89,46,195.000000,-20.000000,8.020460
90,46,200.000000,-20.000000,8.003054
91,46,205.000000,-20.000000,7.985712
92,46,210.000000,-20.000000,7.968448
93,46,215.000000,-20.000000,7.951585
94,46,220.000000,-20.000000,7.934722
95,46,225.000000,-20.000000,7.917858
96,46,230.000000,-20.000000,7.900985
97,46,235.000000,-20.000000,7.884101
98,46,240.000000,-20.000000,7.867041
99,46,245.000000,-20.000000,7.849866
100,46,250.000000,-20.000000,7.832690
0,47,-250.000000,-15.000000,9.745971
1,47,-245.000000,-15.000000,9.733527
2,47,-240.000000,-15.000000,9.718718
3,47,-235.000000,-15.000000,9.703875
4,47,-230.000000,-15.000000,9.688887
5,47,-225.000000,-15.000000,9.673898
6,47,-220.000000,-15.000000,9.658910
7,47,-215.000000,-15.000000,9.642520
8,47,-210.000000,-15.000000,9.624610
9,47,-205.000000,-15.000000,9.606453
10,47,-200.000000,-15.000000,9.588150
11,47,-195.000000,-15.000000,9.569846
12,47,-190.000000,-15.000000,9.551542
13,47,-185.000000,-15.000000,9.531463
14,47,-180.000000,-15.000000,9.511197
15,47,-175.000000,-15.000000,9.490559
16,47,-170.000000,-15.000000,9.469921
17,47,-165.000000,-15.000000,9.449283
18,47,-160.000000,-15.000000,9.428514
19,47,-155.000000,-15.000000,9.407504
20,47,-150.000000,-15.000000,9.386442
21,47,-145.000000,-15.000000,9.365327
22,47,-140.000000,-15.000000,9.344212
23,47,-135.000000,-15.000000,9.323097
24,47,-130.000000,-15.000000,9.302419
25,47,-125.000000,-15.000000,9.281859
26,47,-120.000000,-15.000000,9.261492
27,47,-115.000000,-15.000000,9.241139
28,47,-110.000000,-15.000000,9.220786
29,47,-105.000000,-15.000000,9.200516
30,47,-100.000000,-15.000000,9.180536
31,47,-95.000000,-15.000000,9.160621
32,47,-90.000000,-15.000000,9.140818
33,47,-85.000000,-15.000000,9.121015
34,47,-80.000000,-15.000000,9.101212
35,47,-75.000000,-15.000000,9.081158
36,47,-70.000000,-15.000000,9.060974
37,47,-65.000000,-15.000000,9.040608
38,47,-60.000000,-15.000000,9.020198
39,47,-55.000000,-15.000000,8.999787
40,47,-50.000000,-15.000000,8.979302
41,47,-45.000000,-15.000000,8.958112
42,47,-40.000000,-15.000000,8.936784
43,47,-35.000000,-15.000000,8.915020
44,47,-30.000000,-15.000000,8.893257
45,47,-25.000000,-15.000000,8.871493
46,47,-20.000000,-15.000000,8.849528
47,47,-15.000000,-15.000000,8.827385
48,47,-10.000000,-15.000000,8.805009
49,47,-5.000000,-15.000000,8.782522
50,47,0.000000,-15.000000,8.760036
51,47,5.000000,-15.000000,8.737549
52,47,10.000000,-15.000000,8.715478
53,47,15.000000,-15.000000,8.693474
54,47,20.000000,-15.000000,8.671891
55,47,25.000000,-15.000000,8.650309
56,47,30.000000,-15.000000,8.628726
57,47,35.000000,-15.000000,8.607503
58,47,40.000000,-15.000000,8.586812
59,47,45.000000,-15.000000,8.566785
60,47,50.000000,-15.000000,8.547306
61,47,55.000000,-15.000000,8.527826
62,47,60.000000,-15.000000,8.508347
63,47,65.000000,-15.000000,8.489433
64,47,70.000000,-15.000000,8.470628
65,47,75.000000,-15.000000,8.452939
66,47,80.000000,-15.000000,8.435267
67,47,85.000000,-15.000000,8.417595
68,47,90.000000,-15.000000,8.399964
69,47,95.000000,-15.000000,8.382437
70,47,100.000000,-15.000000,8.365039
71,47,105.000000,-15.000000,8.347817
72,47,110.000000,-15.000000,8.330595
73,47,115.000000,-15.000000,8.313374
74,47,120.000000,-15.000000,8.296052
75,47,125.000000,-15.000000,8.278689
76,47,130.000000,-15.000000,8.261002
77,47,135.000000,-15.000000,8.243262
78,47,140.000000,-15.000000,8.225521
79,47,145.000000,-15.000000,8.207771
80,47,150.000000,-15.000000,8.189968
81,47,155.000000,-15.000000,8.172102
82,47,160.000000,-15.000000,8.154082
83,47,165.000000,-15.000000,8.136063
84,47,170.000000,-15.000000,8.118043
85,47,175.000000,-15.000000,8.100071
86,47,180.000000,-15.000000,8.082132
87,47,185.000000,-15.000000,8.064485
88,47,190.000000,-15.000000,8.046946
89,47,195.000000,-15.000000,8.029407
90,47,200.000000,-15.000000,8.011869
91,47,205.000000,-15.000000,7.994392
92,47,210.000000,-15.000000,7.976991
93,47,215.000000,-15.000000,7.959975
94,47,220.000000,-15.000000,7.942959
95,47,225.000000,-15.000000,7.925943
96,47,230.000000,-15.000000,7.908916
97,47,235.000000,-15.000000,7.891877
98,47,240.000000,-15.000000,7.874651
99,47,245.000000,-15.000000,7.857299
100,47,250.000000,-15.000000,7.839948
0,48,-250.000000,-10.000000,9.759274
1,48,-245.000000,-10.000000,9.747064
2,48,-240.000000,-10.000000,9.732403
3,48,-235.000000,-10.000000,9.717706
4,48,-230.000000,-10.000000,9.702858
5,48,-225.000000,-10.000000,9.688011
6,48,-220.000000,-10.000000,9.673163
7,48,-215.000000,-10.000000,9.656890
8,48,-210.000000,-10.000000,9.639069
9,48,-205.000000,-10.000000,9.620998
10,48,-200.000000,-10.000000,9.602778
11,48,-195.000000,-10.000000,9.584557
12,48,-190.000000,-10.000000,9.566336
13,48,-185.000000,-10.000000,9.546351
14,48,-180.000000,-10.000000,9.526179
15,48,-175.000000,-10.000000,9.505637
16,48,-170.000000,-10.000000,9.485096
17,48,-165.000000,-10.000000,9.464555
18,48,-160.000000,-10.000000,9.443891
19,48,-155.000000,-10.000000,9.423001
20,48,-150.000000,-10.000000,9.402063
21,48,-145.000000,-10.000000,9.381075
22,48,-140.000000,-10.000000,9.360087
23,48,-135.000000,-10.000000,9.339100
24,48,-130.000000,-10.000000,9.318531
25,48,-125.000000,-10.000000,9.298075
26,48,-120.000000,-10.000000,9.277805
27,48,-115.000000,-10.000000,9.257547
28,48,-110.000000,-10.000000,9.237290
29,48,-105.000000,-10.000000,9.217100
30,48,-100.000000,-10.000000,9.197146
31,48,-95.000000,-10.000000,9.177244
32,48,-90.000000,-10.000000,9.157434
33,48,-85.000000,-10.000000,9.137623
34,48,-80.000000,-10.000000,9.117812
35,48,-75.000000,-10.000000,9.097709
36,48,-70.000000,-10.000000,9.077453
37,48,-65.000000,-10.000000,9.056985
38,48,-60.000000,-10.000000,9.036466
39,48,-55.000000,-10.000000,9.015946
40,48,-50.000000,-10.000000,8.995351
41,48,-45.000000,-10.000000,8.974037
42,48,-40.000000,-10.000000,8.952582
43,48,-35.000000,-10.000000,8.930683
44,48,-30.000000,-10.000000,8.908785
45,48,-25.000000,-10.000000,8.886886
46,48,-20.000000,-10.000000,8.864797
47,48,-15.000000,-10.000000,8.842540
48,48,-10.000000,-10.000000,8.820064
49,48,-5.000000,-10.000000,8.797482
50,48,0.000000,-10.000000,8.774901
51,48,5.000000,-10.000000,8.752320
52,48,10.000000,-10.000000,8.730168
53,48,15.000000,-10.000000,8.708085
54,48,20.000000,-10.000000,8.686439
55,48,25.000000,-10.000000,8.664792
56,48,30.000000,-10.000000,8.643145
57,48,35.000000,-10.000000,8.621852
58,48,40.000000,-10.000000,8.601082
59,48,45.000000,-10.000000,8.580966
60,48,50.000000,-10.000000,8.561390
61,48,55.000000,-10.000000,8.541813
62,48,60.000000,-10.000000,8.522236
63,48,65.000000,-10.000000,8.503203
64,48,70.000000,-10.000000,8.484274
65,48,75.000000,-10.000000,8.466420
66,48,80.000000,-10.000000,8.448581
67,48,85.000000,-10.000000,8.430743
68,48,90.000000,-10.000000,8.412941
69,48,95.000000,-10.000000,8.395235
70,48,100.000000,-10.000000,8.377647
71,48,105.000000,-10.000000,8.360219
72,48,110.000000,-10.000000,8.342792
73,48,115.000000,-10.000000,8.325365
74,48,120.000000,-10.000000,8.307841
75,48,125.000000,-10.000000,8.290277
76,48,130.000000,-10.000000,8.272401
77,48,135.000000,-10.000000,8.254473
78,48,140.000000,-10.000000,8.236545
79,48,145.000000,-10.000000,8.218609
80,48,150.000000,-10.000000,8.200628
81,48,155.000000,-10.000000,8.182593
82,48,160.000000,-10.000000,8.164425
83,48,165.000000,-10.000000,8.146258
84,48,170.000000,-10.000000,8.128090
85,48,175.000000,-10.000000,8.109971
86,48,180.000000,-10.000000,8.091887
87,48,185.000000,-10.000000,8.074101
88,48,190.000000,-10.000000,8.056425
89,48,195.000000,-10.000000,8.038750
90,48,200.000000,-10.000000,8.021075
91,48,205.000000,-10.000000,8.003459
92,48,210.000000,-10.000000,7.985915
93,48,215.000000,-10.000000,7.968737
94,48,220.000000,-10.000000,7.951560
95,48,225.000000,-10.000000,7.934383
96,48,230.000000,-10.000000,7.917194
97,48,235.000000,-10.000000,7.899992
98,48,240.000000,-10.000000,7.882588
99,48,245.000000,-10.000000,7.865049
100,48,250.000000,-10.000000,7.847510
0,49,-250.000000,-5.000000,9.774206
1,49,-245.000000,-5.000000,9.762245
2,49,-240.000000,-5.000000,9.747733
3,49,-235.000000,-5.000000,9.733184
4,49,-230.000000,-5.000000,9.718477
5,49,-225.000000,-5.000000,9.703771
6,49,-220.000000,-5.000000,9.689065
7,49,-215.000000,-5.000000,9.672906
8,49,-210.000000,-5.000000,9.655170
9,49,-205.000000,-5.000000,9.637180
10,49,-200.000000,-5.000000,9.619036
11,49,-195.000000,-5.000000,9.600893
12,49,-190.000000,-5.000000,9.582749
13,49,-185.000000,-5.000000,9.562859
14,49,-180.000000,-5.000000,9.542783
15,49,-175.000000,-5.000000,9.522341
16,49,-170.000000,-5.000000,9.501900
17,49,-165.000000,-5.000000,9.481458
18,49,-160.000000,-5.000000,9.460906
19,49,-155.000000,-5.000000,9.440150
20,49,-150.000000,-5.000000,9.419350
21,49,-145.000000,-5.000000,9.398506
22,49,-140.000000,-5.000000,9.377661
23,49,-135.000000,-5.000000,9.356817
24,49,-130.000000,-5.000000,9.336373
25,49,-125.000000,-5.000000,9.316037
26,49,-120.000000,-5.000000,9.295877
27,49,-115.000000,-5.000000,9.275731
28,49,-110.000000,-5.000000,9.255584
29,49,-105.000000,-5.000000,9.235487
30,49,-100.000000,-5.000000,9.215561
31,49,-95.000000,-5.000000,9.195674
32,49,-90.000000,-5.000000,9.175854
33,49,-85.000000,-5.000000,9.156033
34,49,-80.000000,-5.000000,9.136212
35,49,-75.000000,-5.000000,9.116049
36,49,-70.000000,-5.000000,9.095708
37,49,-65.000000,-5.000000,9.075120
38,49,-60.000000,-5.000000,9.054471
39,49,-55.000000,-5.000000,9.033822
40,49,-50.000000,-5.000000,9.013096
41,49,-45.000000,-5.000000,8.991637
42,49,-40.000000,-5.000000,8.970035
43,49,-35.000000,-5.000000,8.947980
44,49,-30.000000,-5.000000,8.925925
45,49,-25.000000,-5.000000,8.903870
46,49,-20.000000,-5.000000,8.881640
47,49,-15.000000,-5.000000,8.859255
48,49,-10.000000,-5.000000,8.836667
49,49,-5.000000,-5.000000,8.813983
50,49,0.000000,-5.000000,8.791299
51,49,5.000000,-5.000000,8.768615
52,49,10.000000,-5.000000,8.746377
53,49,15.000000,-5.000000,8.724212
54,49,20.000000,-5.000000,8.702501
55,49,25.000000,-5.000000,8.680790
56,49,30.000000,-5.000000,8.659079
57,49,35.000000,-5.000000,8.637715
58,49,40.000000,-5.000000,8.616865
59,49,45.000000,-5.000000,8.596656
60,49,50.000000,-5.000000,8.576975
61,49,55.000000,-5.000000,8.557295
62,49,60.000000,-5.000000,8.537614
63,49,65.000000,-5.000000,8.518451
64,49,70.000000,-5.000000,8.499388
65,49,75.000000,-5.000000,8.481346
66,49,80.000000,-5.000000,8.463320
67,49,85.000000,-5.000000,8.445294
68,49,90.000000,-5.000000,8.427301
69,49,95.000000,-5.000000,8.409393
70,49,100.000000,-5.000000,8.391589
71,49,105.000000,-5.000000,8.373928
72,49,110.000000,-5.000000,8.356268
73,49,115.000000,-5.000000,8.338607
74,49,120.000000,-5.000000,8.320855
75,49,125.000000,-5.000000,8.303066
76,49,130.000000,-5.000000,8.284979
77,49,135.000000,-5.000000,8.266843
78,49,140.000000,-5.000000,8.248707
79,49,145.000000,-5.000000,8.230564
80,49,150.000000,-5.000000,8.212386
81,49,155.000000,-5.000000,8.194164
82,49,160.000000,-5.000000,8.175838
83,49,165.000000,-5.000000,8.157511
84,49,170.000000,-5.000000,8.139185
85,49,175.000000,-5.000000,8.120908
86,49,180.000000,-5.000000,8.102667
87,49,185.000000,-5.000000,8.084730
88,49,190.000000,-5.000000,8.066907
89,49,195.000000,-5.000000,8.049083
90,49,200.000000,-5.000000,8.031261
91,49,205.000000,-5.000000,8.013493
92,49,210.000000,-5.000000,7.995792
93,49,215.000000,-5.000000,7.978432
94,49,220.000000,-5.000000,7.961073
95,49,225.000000,-5.000000,7.943713
96,49,230.000000,-5.000000,7.926342
97,49,235.000000,-5.000000,7.908955
98,49,240.000000,-5.000000,7.891347
99,49,245.000000,-5.000000,7.873591
100,49,250.000000,-5.000000,7.855835
0,50,-250.000000,0.000000,9.789137
1,50,-245.000000,0.000000,9.777425
2,50,-240.000000,0.000000,9.763062
3,50,-235.000000,0.000000,9.748661
4,50,-230.000000,0.000000,9.734096
5,50,-225.000000,0.000000,9.719531
6,50,-220.000000,0.000000,9.704967
7,50,-215.000000,0.000000,9.688922
8,50,-210.000000,0.000000,9.671271
9,50,-205.000000,0.000000,9.653361
10,50,-200.000000,0.000000,9.635295
11,50,-195.000000,0.000000,9.617229
12,50,-190.000000,0.000000,9.599163
13,50,-185.000000,0.000000,9.579366
14,50,-180.000000,0.000000,9.559387
15,50,-175.000000,0.000000,9.539045
16,50,-170.000000,0.000000,9.518703
17,50,-165.000000,0.000000,9.498361
18,50,-160.000000,0.000000,9.477921
19,50,-155.000000,0.000000,9.457299
20,50,-150.000000,0.000000,9.436637
21,50,-145.000000,0.000000,9.415936
22,50,-140.000000,0.000000,9.395235
23,50,-135.000000,0.000000,9.374534
24,50,-130.000000,0.000000,9.354214
25,50,-125.000000,0.000000,9.333998
26,50,-120.000000,0.000000,9.313950
27,50,-115.000000,0.000000,9.293914
28,50,-110.000000,0.000000,9.273879
29,50,-105.000000,0.000000,9.253874
30,50,-100.000000,0.000000,9.233977
31,50,-95.000000,0.000000,9.214104
32,50,-90.000000,0.000000,9.194273
33,50,-85.000000,0.000000,9.174442
34,50,-80.000000,0.000000,9.154611
35,50,-75.000000,0.000000,9.134389
36,50,-70.000000,0.000000,9.113964
37,50,-65.000000,0.000000,9.093254
38,50,-60.000000,0.000000,9.072476
39,50,-55.000000,0.000000,9.051698
40,50,-50.000000,0.000000,9.030841
41,50,-45.000000,0.000000,9.009237
42,50,-40.000000,0.000000,8.987487
43,50,-35.000000,0.000000,8.965277
44,50,-30.000000,0.000000,8.943066
45,50,-25.000000,0.000000,8.920855
46,50,-20.000000,0.000000,8.898483
47,50,-15.000000,0.000000,8.875969
48,50,-10.000000,0.000000,8.853270
49,50,-5.000000,0.000000,8.830483
50,50,0.000000,0.000000,8.807696
51,50,5.000000,0.000000,8.784909
52,50,10.000000,0.000000,8.762586
53,50,15.000000,0.000000,8.740339
54,50,20.000000,0.000000,8.718564
55,50,25.000000,0.000000,8.696789
56,50,30.000000,0.000000,8.675014
57,50,35.000000,0.000000,8.653579
58,50,40.000000,0.000000,8.632647
59,50,45.000000,0.000000,8.612345
60,50,50.000000,0.000000,8.592561
61,50,55.000000,0.000000,8.572777
62,50,60.000000,0.000000,8.552992
63,50,65.000000,0.000000,8.533700
64,50,70.000000,0.000000,8.514501
65,50,75.000000,0.000000,8.496273
66,50,80.000000,0.000000,8.478059
67,50,85.000000,0.000000,8.459846
68,50,90.000000,0.000000,8.441661
69,50,95.000000,0.000000,8.423550
70,50,100.000000,0.000000,8.405531
71,50,105.000000,0.000000,8.387638
72,50,110.000000,0.000000,8.369744
73,50,115.000000,0.000000,8.351850
74,50,120.000000,0.000000,8.333870
75,50,125.000000,0.000000,8.315854
76,50,130.000000,0.000000,8.297557
77,50,135.000000,0.000000,8.279212
78,50,140.000000,0.000000,8.260868
79,50,145.000000,0.000000,8.242519
80,50,150.000000,0.000000,8.224144
81,50,155.000000,0.000000,8.205736
82,50,160.000000,0.000000,8.187251
83,50,165.000000,0.000000,8.168765
84,50,170.000000,0.000000,8.150280
85,50,175.000000,0.000000,8.131845
86,50,180.000000,0.000000,8.113446
87,50,185.000000,0.000000,8.095359
88,50,190.000000,0.000000,8.077388
89,50,195.000000,0.000000,8.059417
90,50,200.000000,0.000000,8.041447
91,50,205.000000,0.000000,8.023526
92,50,210.000000,0.000000,8.005668
93,50,215.000000,0.000000,7.988127
94,50,220.000000,0.000000,7.970585
95,50,225.000000,0.000000,7.953044
96,50,230.000000,0.000000,7.935489
97,50,235.000000,0.000000,7.917918
98,50,240.000000,0.000000,7.900106
99,50,245.000000,0.000000,7.882133
100,50,250.000000,0.000000,7.864160
0,51,-250.000000,5.000000,9.804069
1,51,-245.000000,5.000000,9.792606
2,51,-240.000000,5.000000,9.778392
3,51,-235.000000,5.000000,9.764138
4,51,-230.000000,5.000000,9.749715
5,51,-225.000000,5.000000,9.735292
6,51,-220.000000,5.000000,9.720868
7,51,-215.000000,5.000000,9.704939
8,51,-210.000000,5.000000,9.687373
9,51,-205.000000,5.000000,9.669543
10,51,-200.000000,5.000000,9.651554
11,51,-195.000000,5.000000,9.633565
12,51,-190.000000,5.000000,9.615576
13,51,-185.000000,5.000000,9.595874
14,51,-180.000000,5.000000,9.575991
15,51,-175.000000,5.000000,9.555749
16,51,-170.000000,5.000000,9.535507
17,51,-165.000000,5.000000,9.515265
18,51,-160.000000,5.000000,9.494936
19,51,-155.000000,5.000000,9.474448
20,51,-150.000000,5.000000,9.453925
21,51,-145.000000,5.000000,9.433367
22,51,-140.000000,5.000000,9.412809
23,51,-135.000000,5.000000,9.392251
24,51,-130.000000,5.000000,9.372056
25,51,-125.000000,5.000000,9.351959
26,51,-120.000000,5.000000,9.332023
27,51,-115.000000,5.000000,9.312098
28,51,-110.000000,5.000000,9.292173
29,51,-105.000000,5.000000,9.272261
30,51,-100.000000,5.000000,9.252393
31,51,-95.000000,5.000000,9.232534
32,51,-90.000000,5.000000,9.212693
33,51,-85.000000,5.000000,9.192852
34,51,-80.000000,5.000000,9.173011
35,51,-75.000000,5.000000,9.152728
36,51,-70.000000,5.000000,9.132219
37,51,-65.000000,5.000000,9.111389
38,51,-60.000000,5.000000,9.090481
39,51,-55.000000,5.000000,9.069574
40,51,-50.000000,5.000000,9.048586
41,51,-45.000000,5.000000,9.026838
42,51,-40.000000,5.000000,9.004940
43,51,-35.000000,5.000000,8.982573
44,51,-30.000000,5.000000,8.960206
45,51,-25.000000,5.000000,8.937839
46,51,-20.000000,5.000000,8.915326
47,51,-15.000000,5.000000,8.892684
48,51,-10.000000,5.000000,8.869874
49,51,-5.000000,5.000000,8.846984
50,51,0.000000,5.000000,8.824093
51,51,5.000000,5.000000,8.801203
52,51,10.000000,5.000000,8.778796
53,51,15.000000,5.000000,8.756466
54,51,20.000000,5.000000,8.734627
55,51,25.000000,5.000000,8.712788
56,51,30.000000,5.000000,8.690949
57,51,35.000000,5.000000,8.669443
58,51,40.000000,5.000000,8.648430
59,51,45.000000,5.000000,8.628035
60,51,50.000000,5.000000,8.608147
61,51,55.000000,5.000000,8.588259
62,51,60.000000,5.000000,8.568371
63,51,65.000000,5.000000,8.548948
64,51,70.000000,5.000000,8.529614
65,51,75.000000,5.000000,8.511199
66,51,80.000000,5.000000,8.492798
67,51,85.000000,5.000000,8.474397
68,51,90.000000,5.000000,8.456021
69,51,95.000000,5.000000,8.437708
70,51,100.000000,5.000000,8.419473
71,51,105.000000,5.000000,8.401347
72,51,110.000000,5.000000,8.383220
73,51,115.000000,5.000000,8.365093
74,51,120.000000,5.000000,8.346884
75,51,125.000000,5.000000,8.328642
76,51,130.000000,5.000000,8.310134
77,51,135.000000,5.000000,8.291582
78,51,140.000000,5.000000,8.273030
79,51,145.000000,5.000000,8.254474
80,51,150.000000,5.000000,8.235902
81,51,155.000000,5.000000,8.217308
82,51,160.000000,5.000000,8.198663
83,51,165.000000,5.000000,8.180019
84,51,170.000000,5.000000,8.161374
85,51,175.000000,5.000000,8.142782
86,51,180.000000,5.000000,8.124226
87,51,185.000000,5.000000,8.105989
88,51,190.000000,5.000000,8.087870
89,51,195.000000,5.000000,8.069750
90,51,200.000000,5.000000,8.051632
91,51,205.000000,5.000000,8.033560
92,51,210.000000,5.000000,8.015545
93,51,215.000000,5.000000,7.997822
94,51,220.000000,5.000000,7.980098
95,51,225.000000,5.000000,7.962374
96,51,230.000000,5.000000,7.944636
97,51,235.000000,5.000000,7.926881
98,51,240.000000,5.000000,7.908865
99,51,245.000000,5.000000,7.890675
100,51,250.000000,5.000000,7.872484
0,52,-250.000000,10.000000,9.820697
1,52,-245.000000,10.000000,9.809496
2,52,-240.000000,10.000000,9.795427
3,52,-235.000000,10.000000,9.781318
4,52,-230.000000,10.000000,9.767031
5,52,-225.000000,10.000000,9.752744
6,52,-220.000000,10.000000,9.738458
7,52,-215.000000,10.000000,9.722630
8,52,-210.000000,10.000000,9.705130
9,52,-205.000000,10.000000,9.687359
10,52,-200.000000,10.000000,9.669425
11,52,-195.000000,10.000000,9.651492
12,52,-190.000000,10.000000,9.633558
13,52,-185.000000,10.000000,9.613931
14,52,-180.000000,10.000000,9.594124
15,52,-175.000000,10.000000,9.573962
16,52,-170.000000,10.000000,9.553800
17,52,-165.000000,10.000000,9.533638
18,52,-160.000000,10.000000,9.513406
19,52,-155.000000,10.000000,9.493043
20,52,-150.000000,10.000000,9.472653
21,52,-145.000000,10.000000,9.452234
22,52,-140.000000,10.000000,9.431815
23,52,-135.000000,10.000000,9.411396
24,52,-130.000000,10.000000,9.391327
25,52,-125.000000,10.000000,9.371351
26,52,-120.000000,10.000000,9.351530
27,52,-115.000000,10.000000,9.331720
28,52,-110.000000,10.000000,9.311910
29,52,-105.000000,10.000000,9.292093
30,52,-100.000000,10.000000,9.272251
31,52,-95.000000,10.000000,9.252404
32,52,-90.000000,10.000000,9.232547
33,52,-85.000000,10.000000,9.212690
34,52,-80.000000,10.000000,9.192834
35,52,-75.000000,10.000000,9.172479
36,52,-70.000000,10.000000,9.151869
37,52,-65.000000,10.000000,9.130897
38,52,-60.000000,10.000000,9.109837
39,52,-55.000000,10.000000,9.088778
40,52,-50.000000,10.000000,9.067637
41,52,-45.000000,10.000000,9.045716
42,52,-40.000000,10.000000,9.023643
43,52,-35.000000,10.000000,9.001090
44,52,-30.000000,10.000000,8.978536
45,52,-25.000000,10.000000,8.955982
46,52,-20.000000,10.000000,8.933300
47,52,-15.000000,10.000000,8.910503
48,52,-10.000000,10.000000,8.887557
49,52,-5.000000,10.000000,8.864541
50,52,0.000000,10.000000,8.841524
51,52,5.000000,10.000000,8.818508
52,52,10.000000,10.000000,8.795997
53,52,15.000000,10.000000,8.773569
54,52,20.000000,10.000000,8.751654
55,52,25.000000,10.000000,8.729739
56,52,30.000000,10.000000,8.707824
57,52,35.000000,10.000000,8.686236
58,52,40.000000,10.000000,8.665133
59,52,45.000000,10.000000,8.644635
60,52,50.000000,10.000000,8.624636
61,52,55.000000,10.000000,8.604637
62,52,60.000000,10.000000,8.584637
63,52,65.000000,10.000000,8.565075
64,52,70.000000,10.000000,8.545597
65,52,75.000000,10.000000,8.526983
66,52,80.000000,10.000000,8.508382
67,52,85.000000,10.000000,8.489781
68,52,90.000000,10.000000,8.471199
69,52,95.000000,10.000000,8.452670
70,52,100.000000,10.000000,8.434204
71,52,105.000000,10.000000,8.415827
72,52,110.000000,10.000000,8.397449
73,52,115.000000,10.000000,8.379071
74,52,120.000000,10.000000,8.360616
75,52,125.000000,10.000000,8.342129
76,52,130.000000,10.000000,8.323394
77,52,135.000000,10.000000,8.304616
78,52,140.000000,10.000000,8.285838
79,52,145.000000,10.000000,8.267059
80,52,150.000000,10.000000,8.248273
81,52,155.000000,10.000000,8.229479
82,52,160.000000,10.000000,8.210663
83,52,165.000000,10.000000,8.191848
84,52,170.000000,10.000000,8.173032
85,52,175.000000,10.000000,8.154270
86,52,180.000000,10.000000,8.135546
87,52,185.000000,10.000000,8.117148
88,52,190.000000,10.000000,8.098872
89,52,195.000000,10.000000,8.080595
90,52,200.000000,10.000000,8.062319
91,52,205.000000,10.000000,8.044085
92,52,210.000000,10.000000,8.025903
93,52,215.000000,10.000000,8.007983
94,52,220.000000,10.000000,7.990063
95,52,225.000000,10.000000,7.972142
96,52,230.000000,10.000000,7.954206
97,52,235.000000,10.000000,7.936252
98,52,240.000000,10.000000,7.918010
99,52,245.000000,10.000000,7.899579
100,52,250.000000,10.000000,7.881147
0,53,-250.000000,15.000000,9.838021
1,53,-245.000000,15.000000,9.827088
2,53,-240.000000,15.000000,9.813163
3,53,-235.000000,15.000000,9.799196
4,53,-230.000000,15.000000,9.785044
5,53,-225.000000,15.000000,9.770892
6,53,-220.000000,15.000000,9.756740
7,53,-215.000000,15.000000,9.741010
8,53,-210.000000,15.000000,9.723566
9,53,-205.000000,15.000000,9.705846
10,53,-200.000000,15.000000,9.687959
11,53,-195.000000,15.000000,9.670072
12,53,-190.000000,15.000000,9.652185
13,53,-185.000000,15.000000,9.632623
14,53,-180.000000,15.000000,9.612884
15,53,-175.000000,15.000000,9.592794
16,53,-170.000000,15.000000,9.572705
17,53,-165.000000,15.000000,9.552615
18,53,-160.000000,15.000000,9.532473
19,53,-155.000000,15.000000,9.512233
20,53,-150.000000,15.000000,9.491973
21,53,-145.000000,15.000000,9.471691
22,53,-140.000000,15.000000,9.451410
23,53,-135.000000,15.000000,9.431128
24,53,-130.000000,15.000000,9.411184
25,53,-125.000000,15.000000,9.391331
26,53,-120.000000,15.000000,9.371627
27,53,-115.000000,15.000000,9.351933
28,53,-110.000000,15.000000,9.332240
29,53,-105.000000,15.000000,9.312519
30,53,-100.000000,15.000000,9.292703
31,53,-95.000000,15.000000,9.272865
32,53,-90.000000,15.000000,9.252990
33,53,-85.000000,15.000000,9.233116
34,53,-80.000000,15.000000,9.213241
35,53,-75.000000,15.000000,9.192810
36,53,-70.000000,15.000000,9.172091
37,53,-65.000000,15.000000,9.150968
38,53,-60.000000,15.000000,9.129748
39,53,-55.000000,15.000000,9.108527
40,53,-50.000000,15.000000,9.087223
41,53,-45.000000,15.000000,9.065119
42,53,-40.000000,15.000000,9.042859
43,53,-35.000000,15.000000,9.020107
44,53,-30.000000,15.000000,8.997354
45,53,-25.000000,15.000000,8.974602
46,53,-20.000000,15.000000,8.951737
47,53,-15.000000,15.000000,8.928775
48,53,-10.000000,15.000000,8.905684
49,53,-5.000000,15.000000,8.882532
50,53,0.000000,15.000000,8.859379
51,53,5.000000,15.000000,8.836227
52,53,10.000000,15.000000,8.813606
53,53,15.000000,15.000000,8.791071
54,53,20.000000,15.000000,8.769076
55,53,25.000000,15.000000,8.747080
56,53,30.000000,15.000000,8.725085
57,53,35.000000,15.000000,8.703411
58,53,40.000000,15.000000,8.682213
59,53,45.000000,15.000000,8.661610
60,53,50.000000,15.000000,8.641496
61,53,55.000000,15.000000,8.621382
62,53,60.000000,15.000000,8.601268
63,53,65.000000,15.000000,8.581564
64,53,70.000000,15.000000,8.561937
65,53,75.000000,15.000000,8.543118
66,53,80.000000,15.000000,8.524312
67,53,85.000000,15.000000,8.505506
68,53,90.000000,15.000000,8.486714
69,53,95.000000,15.000000,8.467962
70,53,100.000000,15.000000,8.449259
71,53,105.000000,15.000000,8.430623
72,53,110.000000,15.000000,8.411986
73,53,115.000000,15.000000,8.393350
74,53,120.000000,15.000000,8.374641
75,53,125.000000,15.000000,8.355903
76,53,130.000000,15.000000,8.336932
77,53,135.000000,15.000000,8.317922
78,53,140.000000,15.000000,8.298912
79,53,145.000000,15.000000,8.279903
80,53,150.000000,15.000000,8.260897
81,53,155.000000,15.000000,8.241895
82,53,160.000000,15.000000,8.222904
83,53,165.000000,15.000000,8.203913
84,53,170.000000,15.000000,8.184921
85,53,175.000000,15.000000,8.165985
86,53,180.000000,15.000000,8.147087
87,53,185.000000,15.000000,8.128525
88,53,190.000000,15.000000,8.110087
89,53,195.000000,15.000000,8.091650
90,53,200.000000,15.000000,8.073213
91,53,205.000000,15.000000,8.054812
92,53,210.000000,15.000000,8.036458
93,53,215.000000,15.000000,8.018335
94,53,220.000000,15.000000,8.000213
95,53,225.000000,15.000000,7.982090
96,53,230.000000,15.000000,7.963950
97,53,235.000000,15.000000,7.945789
98,53,240.000000,15.000000,7.927315
99,53,245.000000,15.000000,7.908632
100,53,250.000000,15.000000,7.889950
0,54,-250.000000,20.000000,9.857508
1,54,-245.000000,20.000000,9.846860
2,54,-240.000000,20.000000,9.833075
3,54,-235.000000,20.000000,9.819245
4,54,-230.000000,20.000000,9.805221
5,54,-225.000000,20.000000,9.791198
6,54,-220.000000,20.000000,9.777174
7,54,-215.000000,20.000000,9.761526
8,54,-210.000000,20.000000,9.744114
9,54,-205.000000,20.000000,9.726417
10,54,-200.000000,20.000000,9.708549
11,54,-195.000000,20.000000,9.690680
12,54,-190.000000,20.000000,9.672812
13,54,-185.000000,20.000000,9.653291
14,54,-180.000000,20.000000,9.633594
15,54,-175.000000,20.000000,9.613552
16,54,-170.000000,20.000000,9.593509
17,54,-165.000000,20.000000,9.573466
18,54,-160.000000,20.000000,9.553394
19,54,-155.000000,20.000000,9.533268
20,54,-150.000000,20.000000,9.513130
21,54,-145.000000,20.000000,9.492981
22,54,-140.000000,20.000000,9.472831
23,54,-135.000000,20.000000,9.452681
24,54,-130.000000,20.000000,9.432864
25,54,-125.000000,20.000000,9.413135
26,54,-120.000000,20.000000,9.393553
27,54,-115.000000,20.000000,9.373981
28,54,-110.000000,20.000000,9.354410
29,54,-105.000000,20.000000,9.334789
30,54,-100.000000,20.000000,9.314995
31,54,-95.000000,20.000000,9.295162
32,54,-90.000000,20.000000,9.275262
33,54,-85.000000,20.000000,9.255363
34,54,-80.000000,20.000000,9.235464
35,54,-75.000000,20.000000,9.214939
36,54,-70.000000,20.000000,9.194092
37,54,-65.000000,20.000000,9.172791
38,54,-60.000000,20.000000,9.151381
39,54,-55.000000,20.000000,9.129970
40,54,-50.000000,20.000000,9.108473
41,54,-45.000000,20.000000,9.086152
42,54,-40.000000,20.000000,9.063670
43,54,-35.000000,20.000000,9.040679
44,54,-30.000000,20.000000,9.017689
45,54,-25.000000,20.000000,8.994699
46,54,-20.000000,20.000000,8.971617
47,54,-15.000000,20.000000,8.948455
48,54,-10.000000,20.000000,8.925188
49,54,-5.000000,20.000000,8.901870
50,54,0.000000,20.000000,8.878552
51,54,5.000000,20.000000,8.855235
52,54,10.000000,20.000000,8.832480
53,54,15.000000,20.000000,8.809818
54,54,20.000000,20.000000,8.787727
55,54,25.000000,20.000000,8.765636
56,54,30.000000,20.000000,8.743545
57,54,35.000000,20.000000,8.721771
58,54,40.000000,20.000000,8.700466
59,54,45.000000,20.000000,8.679746
60,54,50.000000,20.000000,8.659508
61,54,55.000000,20.000000,8.639270
62,54,60.000000,20.000000,8.619032
63,54,65.000000,20.000000,8.599173
64,54,70.000000,20.000000,8.579386
65,54,75.000000,20.000000,8.560347
66,54,80.000000,20.000000,8.541319
67,54,85.000000,20.000000,8.522291
68,54,90.000000,20.000000,8.503273
69,54,95.000000,20.000000,8.484281
70,54,100.000000,20.000000,8.465320
71,54,105.000000,20.000000,8.446402
72,54,110.000000,20.000000,8.427484
73,54,115.000000,20.000000,8.408566
74,54,120.000000,20.000000,8.389581
75,54,125.000000,20.000000,8.370569
76,54,130.000000,20.000000,8.351340
77,54,135.000000,20.000000,8.332076
78,54,140.000000,20.000000,8.312812
79,54,145.000000,20.000000,8.293550
80,54,150.000000,20.000000,8.274304
81,54,155.000000,20.000000,8.255076
82,54,160.000000,20.000000,8.235893
83,54,165.000000,20.000000,8.216711
84,54,170.000000,20.000000,8.197529
85,54,175.000000,20.000000,8.178403
86,54,180.000000,20.000000,8.159317
87,54,185.000000,20.000000,8.140577
88,54,190.000000,20.000000,8.121967
89,54,195.000000,20.000000,8.103356
90,54,200.000000,20.000000,8.084745
91,54,205.000000,20.000000,8.066166
92,54,210.000000,20.000000,8.047626
93,54,215.000000,20.000000,8.029282
94,54,220.000000,20.000000,8.010939
95,54,225.000000,20.000000,7.992595
96,54,230.000000,20.000000,7.974232
97,54,235.000000,20.000000,7.955847
98,54,240.000000,20.000000,7.937113
99,54,245.000000,20.000000,7.918148
100,54,250.000000,20.000000,7.899183
0,55,-250.000000,25.000000,9.876995
1,55,-245.000000,25.000000,9.866631
2,55,-240.000000,25.000000,9.852986
3,55,-235.000000,25.000000,9.839293
4,55,-230.000000,25.000000,9.825398
5,55,-225.000000,25.000000,9.811503
6,55,-220.000000,25.000000,9.797608
7,55,-215.000000,25.000000,9.782042
8,55,-210.000000,25.000000,9.764662
9,55,-205.000000,25.000000,9.746988
10,55,-200.000000,25.000000,9.729139
11,55,-195.000000,25.000000,9.711289
12,55,-190.000000,25.000000,9.693440
13,55,-185.000000,25.000000,9.673958
14,55,-180.000000,25.000000,9.654304
15,55,-175.000000,25.000000,9.634309
16,55,-170.000000,25.000000,9.614313
17,55,-165.000000,25.000000,9.594317
18,55,-160.000000,25.000000,9.574316
19,55,-155.000000,25.000000,9.554303
20,55,-150.000000,25.000000,9.534288
21,55,-145.000000,25.000000,9.514270
22,55,-140.000000,25.000000,9.494253
23,55,-135.000000,25.000000,9.474235
24,55,-130.000000,25.000000,9.454543
25,55,-125.000000,25.000000,9.434939
26,55,-120.000000,25.000000,9.415479
27,55,-115.000000,25.000000,9.396029
28,55,-110.000000,25.000000,9.376580
29,55,-105.000000,25.000000,9.357058
30,55,-100.000000,25.000000,9.337286
31,55,-95.000000,25.000000,9.317459
32,55,-90.000000,25.000000,9.297535
33,55,-85.000000,25.000000,9.277610
34,55,-80.000000,25.000000,9.257686
35,55,-75.000000,25.000000,9.237069
36,55,-70.000000,25.000000,9.216093
37,55,-65.000000,25.000000,9.194614
38,55,-60.000000,25.000000,9.173014
39,55,-55.000000,25.000000,9.151413
40,55,-50.000000,25.000000,9.129723
41,55,-45.000000,25.000000,9.107184
42,55,-40.000000,25.000000,9.084480
43,55,-35.000000,25.000000,9.061252
44,55,-30.000000,25.000000,9.038024
45,55,-25.000000,25.000000,9.014796
46,55,-20.000000,25.000000,8.991497
47,55,-15.000000,25.000000,8.968135
48,55,-10.000000,25.000000,8.944692
49,55,-5.000000,25.000000,8.921208
50,55,0.000000,25.000000,8.897725
51,55,5.000000,25.000000,8.874242
52,55,10.000000,25.000000,8.851355
53,55,15.000000,25.000000,8.828564
54,55,20.000000,25.000000,8.806378
55,55,25.000000,25.000000,8.784192
56,55,30.000000,25.000000,8.762006
57,55,35.000000,25.000000,8.740132
58,55,40.000000,25.000000,8.718718
59,55,45.000000,25.000000,8.697882
60,55,50.000000,25.000000,8.677520
61,55,55.000000,25.000000,8.657158
62,55,60.000000,25.000000,8.636795
63,55,65.000000,25.000000,8.616782
64,55,70.000000,25.000000,8.596835
65,55,75.000000,25.000000,8.577575
66,55,80.000000,25.000000,8.558326
67,55,85.000000,25.000000,8.539077
68,55,90.000000,25.000000,8.519833
69,55,95.000000,25.000000,8.500600
70,55,100.000000,25.000000,8.481381
71,55,105.000000,25.000000,8.462181
72,55,110.000000,25.000000,8.442981
73,55,115.000000,25.000000,8.423781
74,55,120.000000,25.000000,8.404520
75,55,125.000000,25.000000,8.385234
76,55,130.000000,25.000000,8.365748
77,55,135.000000,25.000000,8.346230
78,55,140.000000,25.000000,8.326711
79,55,145.000000,25.000000,8.307197
80,55,150.000000,25.000000,8.287710
81,55,155.000000,25.000000,8.268256
82,55,160.000000,25.000000,8.248883
83,55,165.000000,25.000000,8.229509
84,55,170.000000,25.000000,8.210136
85,55,175.000000,25.000000,8.190821
86,55,180.000000,25.000000,8.171547
87,55,185.000000,25.000000,8.152630
88,55,190.000000,25.000000,8.133846
89,55,195.000000,25.000000,8.115062
90,55,200.000000,25.000000,8.096278
91,55,205.000000,25.000000,8.077520
92,55,210.000000,25.000000,8.058794
93,55,215.000000,25.000000,8.040229
94,55,220.000000,25.000000,8.021665
95,55,225.000000,25.000000,8.003100
96,55,230.000000,25.000000,7.984515
97,55,235.000000,25.000000,7.965904
98,55,240.000000,25.000000,7.946911
99,55,245.000000,25.000000,7.927664
100,55,250.000000,25.000000,7.908417
0,56,-250.000000,30.000000,9.896482
1,56,-245.000000,30.000000,9.886403
2,56,-240.000000,30.000000,9.872897
3,56,-235.000000,30.000000,9.859342
4,56,-230.000000,30.000000,9.845575
5,56,-225.000000,30.000000,9.831809
6,56,-220.000000,30.000000,9.818042
7,56,-215.000000,30.000000,9.802558
8,56,-210.000000,30.000000,9.785210
9,56,-205.000000,30.000000,9.767560
10,56,-200.000000,30.000000,9.749729
11,56,-195.000000,30.000000,9.731898
12,56,-190.000000,30.000000,9.714067
13,56,-185.000000,30.000000,9.694626
14,56,-180.000000,30.000000,9.675015
15,56,-175.000000,30.000000,9.655066
16,56,-170.000000,30.000000,9.635117
17,56,-165.000000,30.000000,9.615169
18,56,-160.000000,30.000000,9.595237
19,56,-155.000000,30.000000,9.575338
20,56,-150.000000,30.000000,9.555445
21,56,-145.000000,30.000000,9.535560
22,56,-140.000000,30.000000,9.515674
23,56,-135.000000,30.000000,9.495788
24,56,-130.000000,30.000000,9.476223
25,56,-125.000000,30.000000,9.456744
26,56,-120.000000,30.000000,9.437405
27,56,-115.000000,30.000000,9.418077
28,56,-110.000000,30.000000,9.398749
29,56,-105.000000,30.000000,9.379327
30,56,-100.000000,30.000000,9.359578
31,56,-95.000000,30.000000,9.339756
32,56,-90.000000,30.000000,9.319807
33,56,-85.000000,30.000000,9.299858
34,56,-80.000000,30.000000,9.279909
35,56,-75.000000,30.000000,9.259198
36,56,-70.000000,30.000000,9.238094
37,56,-65.000000,30.000000,9.216437
38,56,-60.000000,30.000000,9.194647
39,56,-55.000000,30.000000,9.172856
40,56,-50.000000,30.000000,9.150973
41,56,-45.000000,30.000000,9.128217
42,56,-40.000000,30.000000,9.105290
43,56,-35.000000,30.000000,9.081825
44,56,-30.000000,30.000000,9.058359
45,56,-25.000000,30.000000,9.034894
46,56,-20.000000,30.000000,9.011377
47,56,-15.000000,30.000000,8.987816
48,56,-10.000000,30.000000,8.964195
49,56,-5.000000,30.000000,8.940547
50,56,0.000000,30.000000,8.916898
51,56,5.000000,30.000000,8.893250
52,56,10.000000,30.000000,8.870229
53,56,15.000000,30.000000,8.847310
54,56,20.000000,30.000000,8.825029
55,56,25.000000,30.000000,8.802748
56,56,30.000000,30.000000,8.780466
57,56,35.000000,30.000000,8.758492
58,56,40.000000,30.000000,8.736971
59,56,45.000000,30.000000,8.716018
60,56,50.000000,30.000000,8.695532
61,56,55.000000,30.000000,8.675045
62,56,60.000000,30.000000,8.654559
63,56,65.000000,30.000000,8.634391
64,56,70.000000,30.000000,8.614283
65,56,75.000000,30.000000,8.594804
66,56,80.000000,30.000000,8.575333
67,56,85.000000,30.000000,8.555863
68,56,90.000000,30.000000,8.536392
69,56,95.000000,30.000000,8.516918
70,56,100.000000,30.000000,8.497441
71,56,105.000000,30.000000,8.477960
72,56,110.000000,30.000000,8.458479
73,56,115.000000,30.000000,8.438997
74,56,120.000000,30.000000,8.419460
75,56,125.000000,30.000000,8.399899
76,56,130.000000,30.000000,8.380156
77,56,135.000000,30.000000,8.360383
78,56,140.000000,30.000000,8.340610
79,56,145.000000,30.000000,8.320843
80,56,150.000000,30.000000,8.301116
81,56,155.000000,30.000000,8.281437
82,56,160.000000,30.000000,8.261872
83,56,165.000000,30.000000,8.242308
84,56,170.000000,30.000000,8.222743
85,56,175.000000,30.000000,8.203239
86,56,180.000000,30.000000,8.183777
87,56,185.000000,30.000000,8.164683
88,56,190.000000,30.000000,8.145725
89,56,195.000000,30.000000,8.126768
90,56,200.000000,30.000000,8.107811
91,56,205.000000,30.000000,8.088874
92,56,210.000000,30.000000,8.069962
93,56,215.000000,30.000000,8.051176
94,56,220.000000,30.000000,8.032391
95,56,225.000000,30.000000,8.013605
96,56,230.000000,30.000000,7.994797
97,56,235.000000,30.000000,7.975961
98,56,240.000000,30.000000,7.956709
99,56,245.000000,30.000000,7.937180
100,56,250.000000,30.000000,7.917651
0,57,-250.000000,35.000000,9.916491
1,57,-245.000000,35.000000,9.906702
2,57,-240.000000,35.000000,9.893334
3,57,-235.000000,35.000000,9.879914
4,57,-230.000000,35.000000,9.866273
5,57,-225.000000,35.000000,9.852633
6,57,-220.000000,35.000000,9.838992
7,57,-215.000000,35.000000,9.823584
8,57,-210.000000,35.000000,9.806256
9,57,-205.000000,35.000000,9.788618
10,57,-200.000000,35.000000,9.770793
11,57,-195.000000,35.000000,9.752969
12,57,-190.000000,35.000000,9.735144
13,57,-185.000000,35.000000,9.715729
14,57,-180.000000,35.000000,9.696146
15,57,-175.000000,35.000000,9.676229
16,57,-170.000000,35.000000,9.656313
17,57,-165.000000,35.000000,9.636396
18,57,-160.000000,35.000000,9.616522
19,57,-155.000000,35.000000,9.596725
20,57,-150.000000,35.000000,9.576945
21,57,-145.000000,35.000000,9.557182
22,57,-140.000000,35.000000,9.537419
23,57,-135.000000,35.000000,9.517656
24,57,-130.000000,35.000000,9.498211
25,57,-125.000000,35.000000,9.478852
26,57,-120.000000,35.000000,9.459633
27,57,-115.000000,35.000000,9.440424
28,57,-110.000000,35.000000,9.421215
29,57,-105.000000,35.000000,9.401890
30,57,-100.000000,35.000000,9.382161
31,57,-95.000000,35.000000,9.362342
32,57,-90.000000,35.000000,9.342367
33,57,-85.000000,35.000000,9.322392
34,57,-80.000000,35.000000,9.302417
35,57,-75.000000,35.000000,9.281610
36,57,-70.000000,35.000000,9.260372
37,57,-65.000000,35.000000,9.238532
38,57,-60.000000,35.000000,9.216544
39,57,-55.000000,35.000000,9.194557
40,57,-50.000000,35.000000,9.172474
41,57,-45.000000,35.000000,9.149491
42,57,-40.000000,35.000000,9.126331
43,57,-35.000000,35.000000,9.102616
44,57,-30.000000,35.000000,9.078901
45,57,-25.000000,35.000000,9.055185
46,57,-20.000000,35.000000,9.031438
47,57,-15.000000,35.000000,9.007664
48,57,-10.000000,35.000000,8.983854
49,57,-5.000000,35.000000,8.960026
50,57,0.000000,35.000000,8.936198
51,57,5.000000,35.000000,8.912371
52,57,10.000000,35.000000,8.889205
53,57,15.000000,35.000000,8.866147
54,57,20.000000,35.000000,8.843761
55,57,25.000000,35.000000,8.821375
56,57,30.000000,35.000000,8.798989
57,57,35.000000,35.000000,8.776906
58,57,40.000000,35.000000,8.755271
59,57,45.000000,35.000000,8.734197
60,57,50.000000,35.000000,8.713584
61,57,55.000000,35.000000,8.692970
62,57,60.000000,35.000000,8.672357
63,57,65.000000,35.000000,8.652032
64,57,70.000000,35.000000,8.631763
65,57,75.000000,35.000000,8.612063
66,57,80.000000,35.000000,8.592372
67,57,85.000000,35.000000,8.572681
68,57,90.000000,35.000000,8.552984
69,57,95.000000,35.000000,8.533269
70,57,100.000000,35.000000,8.513534
71,57,105.000000,35.000000,8.493770
72,57,110.000000,35.000000,8.474006
73,57,115.000000,35.000000,8.454241
74,57,120.000000,35.000000,8.434425
75,57,125.000000,35.000000,8.414588
76,57,130.000000,35.000000,8.394584
77,57,135.000000,35.000000,8.374552
78,57,140.000000,35.000000,8.354520
79,57,145.000000,35.000000,8.334496
80,57,150.000000,35.000000,8.314524
81,57,155.000000,35.000000,8.294613
82,57,160.000000,35.000000,8.274852
83,57,165.000000,35.000000,8.255091
84,57,170.000000,35.000000,8.235330
85,57,175.000000,35.000000,8.215631
86,57,180.000000,35.000000,8.195977
87,57,185.000000,35.000000,8.176701
88,57,190.000000,35.000000,8.157568
89,57,195.000000,35.000000,8.138434
90,57,200.000000,35.000000,8.119300
91,57,205.000000,35.000000,8.100181
92,57,210.000000,35.000000,8.081080
93,57,215.000000,35.000000,8.062071
94,57,220.000000,35.000000,8.043061
95,57,225.000000,35.000000,8.024052
96,57,230.000000,35.000000,8.005018
97,57,235.000000,35.000000,7.985954
98,57,240.000000,35.000000,7.966437
99,57,245.000000,35.000000,7.946619
100,57,250.000000,35.000000,7.926800
0,58,-250.000000,40.000000,9.936797
1,58,-245.000000,40.000000,9.927301
2,58,-240.000000,40.000000,9.914069
3,58,-235.000000,40.000000,9.900784
4,58,-230.000000,40.000000,9.887268
5,58,-225.000000,40.000000,9.873752
6,58,-220.000000,40.000000,9.860236
7,58,-215.000000,40.000000,9.844899
8,58,-210.000000,40.000000,9.827586
9,58,-205.000000,40.000000,9.809952
10,58,-200.000000,40.000000,9.792127
11,58,-195.000000,40.000000,9.774303
12,58,-190.000000,40.000000,9.756478
13,58,-185.000000,40.000000,9.737080
14,58,-180.000000,40.000000,9.717517
15,58,-175.000000,40.000000,9.697624
16,58,-170.000000,40.000000,9.677731
17,58,-165.000000,40.000000,9.657838
18,58,-160.000000,40.000000,9.638013
19,58,-155.000000,40.000000,9.618313
20,58,-150.000000,40.000000,9.598640
21,58,-145.000000,40.000000,9.578994
22,58,-140.000000,40.000000,9.559348
23,58,-135.000000,40.000000,9.539702
24,58,-130.000000,40.000000,9.520374
25,58,-125.000000,40.000000,9.501133
26,58,-120.000000,40.000000,9.482031
27,58,-115.000000,40.000000,9.462940
28,58,-110.000000,40.000000,9.443848
29,58,-105.000000,40.000000,9.424619
30,58,-100.000000,40.000000,9.404910
31,58,-95.000000,40.000000,9.385093
32,58,-90.000000,40.000000,9.365091
33,58,-85.000000,40.000000,9.345089
34,58,-80.000000,40.000000,9.325087
35,58,-75.000000,40.000000,9.304181
36,58,-70.000000,40.000000,9.282808
37,58,-65.000000,40.000000,9.260780
38,58,-60.000000,40.000000,9.238592
39,58,-55.000000,40.000000,9.216404
40,58,-50.000000,40.000000,9.194119
41,58,-45.000000,40.000000,9.170902
42,58,-40.000000,40.000000,9.147504
43,58,-35.000000,40.000000,9.123532
44,58,-30.000000,40.000000,9.099559
45,58,-25.000000,40.000000,9.075587
46,58,-20.000000,40.000000,9.051603
47,58,-15.000000,40.000000,9.027608
48,58,-10.000000,40.000000,9.003600
49,58,-5.000000,40.000000,8.979585
50,58,0.000000,40.000000,8.955570
51,58,5.000000,40.000000,8.931556
52,58,10.000000,40.000000,8.908238
53,58,15.000000,40.000000,8.885034
54,58,20.000000,40.000000,8.862538
55,58,25.000000,40.000000,8.840042
56,58,30.000000,40.000000,8.817547
57,58,35.000000,40.000000,8.795351
58,58,40.000000,40.000000,8.773598
59,58,45.000000,40.000000,8.752400
60,58,50.000000,40.000000,8.731658
61,58,55.000000,40.000000,8.710916
62,58,60.000000,40.000000,8.690174
63,58,65.000000,40.000000,8.669693
64,58,70.000000,40.000000,8.649260
65,58,75.000000,40.000000,8.629341
66,58,80.000000,40.000000,8.609429
67,58,85.000000,40.000000,8.589518
68,58,90.000000,40.000000,8.569594
69,58,95.000000,40.000000,8.549639
70,58,100.000000,40.000000,8.529645
71,58,105.000000,40.000000,8.509597
72,58,110.000000,40.000000,8.489549
73,58,115.000000,40.000000,8.469501
74,58,120.000000,40.000000,8.449406
75,58,125.000000,40.000000,8.429292
76,58,130.000000,40.000000,8.409023
77,58,135.000000,40.000000,8.388729
78,58,140.000000,40.000000,8.368435
79,58,145.000000,40.000000,8.348152
80,58,150.000000,40.000000,8.327932
81,58,155.000000,40.000000,8.307788
82,58,160.000000,40.000000,8.287827
83,58,165.000000,40.000000,8.267867
84,58,170.000000,40.000000,8.247906
85,58,175.000000,40.000000,8.228010
86,58,180.000000,40.000000,8.208159
87,58,185.000000,40.000000,8.188701
88,58,190.000000,40.000000,8.169388
89,58,195.000000,40.000000,8.150076
90,58,200.000000,40.000000,8.130764
91,58,205.000000,40.000000,8.111461
92,58,210.000000,40.000000,8.092169
93,58,215.000000,40.000000,8.072935
94,58,220.000000,40.000000,8.053700
95,58,225.000000,40.000000,8.034466
96,58,230.000000,40.000000,8.015205
97,58,235.000000,40.000000,7.995911
98,58,240.000000,40.000000,7.976126
99,58,245.000000,40.000000,7.956015
100,58,250.000000,40.000000,7.935903
0,59,-250.000000,45.000000,9.958016
1,59,-245.000000,45.000000,9.948821
2,59,-240.000000,45.000000,9.935722
3,59,-235.000000,45.000000,9.922567
4,59,-230.000000,45.000000,9.909172
5,59,-225.000000,45.000000,9.895776
6,59,-220.000000,45.000000,9.882381
7,59,-215.000000,45.000000,9.867104
8,59,-210.000000,45.000000,9.849786
9,59,-205.000000,45.000000,9.832137
10,59,-200.000000,45.000000,9.814290
11,59,-195.000000,45.000000,9.796443
12,59,-190.000000,45.000000,9.778597
13,59,-185.000000,45.000000,9.759192
14,59,-180.000000,45.000000,9.739623
15,59,-175.000000,45.000000,9.719728
16,59,-170.000000,45.000000,9.699833
17,59,-165.000000,45.000000,9.679938
18,59,-160.000000,45.000000,9.660139
19,59,-155.000000,45.000000,9.640516
20,59,-150.000000,45.000000,9.620932
21,59,-145.000000,45.000000,9.601387
22,59,-140.000000,45.000000,9.581842
23,59,-135.000000,45.000000,9.562297
24,59,-130.000000,45.000000,9.543076
25,59,-125.000000,45.000000,9.523944
26,59,-120.000000,45.000000,9.504955
27,59,-115.000000,45.000000,9.485977
28,59,-110.000000,45.000000,9.466998
29,59,-105.000000,45.000000,9.447860
30,59,-100.000000,45.000000,9.428167
31,59,-95.000000,45.000000,9.408350
32,59,-90.000000,45.000000,9.388318
33,59,-85.000000,45.000000,9.368286
34,59,-80.000000,45.000000,9.348255
35,59,-75.000000,45.000000,9.327244
36,59,-70.000000,45.000000,9.305728
37,59,-65.000000,45.000000,9.283501
38,59,-60.000000,45.000000,9.261102
39,59,-55.000000,45.000000,9.238703
40,59,-50.000000,45.000000,9.216202
41,59,-45.000000,45.000000,9.192736
42,59,-40.000000,45.000000,9.169081
43,59,-35.000000,45.000000,9.144829
44,59,-30.000000,45.000000,9.120578
45,59,-25.000000,45.000000,9.096327
46,59,-20.000000,45.000000,9.072083
47,59,-15.000000,45.000000,9.047845
48,59,-10.000000,45.000000,9.023615
49,59,-5.000000,45.000000,8.999390
50,59,0.000000,45.000000,8.975164
51,59,5.000000,45.000000,8.950938
52,59,10.000000,45.000000,8.927449
53,59,15.000000,45.000000,8.904079
54,59,20.000000,45.000000,8.881457
55,59,25.000000,45.000000,8.858835
56,59,30.000000,45.000000,8.836213
57,59,35.000000,45.000000,8.813889
58,59,40.000000,45.000000,8.792007
59,59,45.000000,45.000000,8.770678
60,59,50.000000,45.000000,8.749802
61,59,55.000000,45.000000,8.728927
62,59,60.000000,45.000000,8.708052
63,59,65.000000,45.000000,8.687409
64,59,70.000000,45.000000,8.666811
65,59,75.000000,45.000000,8.646673
66,59,80.000000,45.000000,8.626542
67,59,85.000000,45.000000,8.606411
68,59,90.000000,45.000000,8.586262
69,59,95.000000,45.000000,8.566065
70,59,100.000000,45.000000,8.545811
71,59,105.000000,45.000000,8.525478
72,59,110.000000,45.000000,8.505144
73,59,115.000000,45.000000,8.484811
74,59,120.000000,45.000000,8.464433
75,59,125.000000,45.000000,8.444037
76,59,130.000000,45.000000,8.423497
77,59,135.000000,45.000000,8.402934
78,59,140.000000,45.000000,8.382370
79,59,145.000000,45.000000,8.361819
80,59,150.000000,45.000000,8.341342
81,59,155.000000,45.000000,8.320955
82,59,160.000000,45.000000,8.300786
83,59,165.000000,45.000000,8.280616
84,59,170.000000,45.000000,8.260447
85,59,175.000000,45.000000,8.240344
86,59,180.000000,45.000000,8.220288
87,59,185.000000,45.000000,8.200640
88,59,190.000000,45.000000,8.181144
89,59,195.000000,45.000000,8.161647
90,59,200.000000,45.000000,8.142151
91,59,205.000000,45.000000,8.122658
92,59,210.000000,45.000000,8.103170
93,59,215.000000,45.000000,8.083706
94,59,220.000000,45.000000,8.064242
95,59,225.000000,45.000000,8.044778
96,59,230.000000,45.000000,8.025285
97,59,235.000000,45.000000,8.005756
98,59,240.000000,45.000000,7.985694
99,59,245.000000,45.000000,7.965277
100,59,250.000000,45.000000,7.944859
0,60,-250.000000,50.000000,9.979293
1,60,-245.000000,50.000000,9.970400
2,60,-240.000000,50.000000,9.957434
3,60,-235.000000,50.000000,9.944410
4,60,-230.000000,50.000000,9.931135
5,60,-225.000000,50.000000,9.917859
6,60,-220.000000,50.000000,9.904584
7,60,-215.000000,50.000000,9.889367
8,60,-210.000000,50.000000,9.872042
9,60,-205.000000,50.000000,9.854376
10,60,-200.000000,50.000000,9.836506
11,60,-195.000000,50.000000,9.818636
12,60,-190.000000,50.000000,9.800766
13,60,-185.000000,50.000000,9.781354
14,60,-180.000000,50.000000,9.761778
15,60,-175.000000,50.000000,9.741878
16,60,-170.000000,50.000000,9.721979
17,60,-165.000000,50.000000,9.702080
18,60,-160.000000,50.000000,9.682305
19,60,-155.000000,50.000000,9.662760
20,60,-150.000000,50.000000,9.643264
21,60,-145.000000,50.000000,9.623818
22,60,-140.000000,50.000000,9.604372
23,60,-135.000000,50.000000,9.584926
24,60,-130.000000,50.000000,9.565813
25,60,-125.000000,50.000000,9.546790
26,60,-120.000000,50.000000,9.527913
27,60,-115.000000,50.000000,9.509047
28,60,-110.000000,50.000000,9.490181
29,60,-105.000000,50.000000,9.471134
30,60,-100.000000,50.000000,9.451458
31,60,-95.000000,50.000000,9.431639
32,60,-90.000000,50.000000,9.411578
33,60,-85.000000,50.000000,9.391516
34,60,-80.000000,50.000000,9.371455
35,60,-75.000000,50.000000,9.350339
36,60,-70.000000,50.000000,9.328678
37,60,-65.000000,50.000000,9.306253
38,60,-60.000000,50.000000,9.283642
39,60,-55.000000,50.000000,9.261031
40,60,-50.000000,50.000000,9.238314
41,60,-45.000000,50.000000,9.214596
42,60,-40.000000,50.000000,9.190683
43,60,-35.000000,50.000000,9.166152
44,60,-30.000000,50.000000,9.141620
45,60,-25.000000,50.000000,9.117089
46,60,-20.000000,50.000000,9.092584
47,60,-15.000000,50.000000,9.068101
48,60,-10.000000,50.000000,9.043649
49,60,-5.000000,50.000000,9.019210
50,60,0.000000,50.000000,8.994772
51,60,5.000000,50.000000,8.970333
52,60,10.000000,50.000000,8.946670
53,60,15.000000,50.000000,8.923134
54,60,20.000000,50.000000,8.900384
55,60,25.000000,50.000000,8.877635
56,60,30.000000,50.000000,8.854885
57,60,35.000000,50.000000,8.832434
58,60,40.000000,50.000000,8.810422
59,60,45.000000,50.000000,8.788960
60,60,50.000000,50.000000,8.767951
61,60,55.000000,50.000000,8.746942
62,60,60.000000,50.000000,8.725933
63,60,65.000000,50.000000,8.705130
64,60,70.000000,50.000000,8.684366
65,60,75.000000,50.000000,8.664009
66,60,80.000000,50.000000,8.643658
67,60,85.000000,50.000000,8.623307
68,60,90.000000,50.000000,8.602933
69,60,95.000000,50.000000,8.582496
70,60,100.000000,50.000000,8.561982
71,60,105.000000,50.000000,8.541362
72,60,110.000000,50.000000,8.520743
73,60,115.000000,50.000000,8.500124
74,60,120.000000,50.000000,8.479463
75,60,125.000000,50.000000,8.458785
76,60,130.000000,50.000000,8.437974
77,60,135.000000,50.000000,8.417139
78,60,140.000000,50.000000,8.396305
79,60,145.000000,50.000000,8.375486
80,60,150.000000,50.000000,8.354752
81,60,155.000000,50.000000,8.334122
82,60,160.000000,50.000000,8.313743
83,60,165.000000,50.000000,8.293364
84,60,170.000000,50.000000,8.272985
85,60,175.000000,50.000000,8.252675
86,60,180.000000,50.000000,8.232414
87,60,185.000000,50.000000,8.212576
88,60,190.000000,50.000000,8.192895
89,60,195.000000,50.000000,8.173214
90,60,200.000000,50.000000,8.153533
91,60,205.000000,50.000000,8.133851
92,60,210.000000,50.000000,8.114166
93,60,215.000000,50.000000,8.094472
94,60,220.000000,50.000000,8.074778
95,60,225.000000,50.000000,8.055084
96,60,230.000000,50.000000,8.035358
97,60,235.000000,50.000000,8.015594
98,60,240.000000,50.000000,7.995254
99,60,245.000000,50.000000,7.974530
100,60,250.000000,50.000000,7.953806
0,61,-250.000000,55.000000,10.000570
1,61,-245.000000,55.000000,9.991980
2,61,-240.000000,55.000000,9.979147
3,61,-235.000000,55.000000,9.966253
4,61,-230.000000,55.000000,9.953097
5,61,-225.000000,55.000000,9.939942
6,61,-220.000000,55.000000,9.926787
7,61,-215.000000,55.000000,9.911629
8,61,-210.000000,55.000000,9.894298
9,61,-205.000000,55.000000,9.876616
10,61,-200.000000,55.000000,9.858723
11,61,-195.000000,55.000000,9.840829
12,61,-190.000000,55.000000,9.822936
13,61,-185.000000,55.000000,9.803515
14,61,-180.000000,55.000000,9.783932
15,61,-175.000000,55.000000,9.764029
16,61,-170.000000,55.000000,9.744125
17,61,-165.000000,55.000000,9.724222
18,61,-160.000000,55.000000,9.704472
19,61,-155.000000,55.000000,9.685003
20,61,-150.000000,55.000000,9.665595
21,61,-145.000000,55.000000,9.646249
22,61,-140.000000,55.000000,9.626903
23,61,-135.000000,55.000000,9.607556
24,61,-130.000000,55.000000,9.588550
25,61,-125.000000,55.000000,9.569636
26,61,-120.000000,55.000000,9.550872
27,61,-115.000000,55.000000,9.532118
28,61,-110.000000,55.000000,9.513365
29,61,-105.000000,55.000000,9.494408
30,61,-100.000000,55.000000,9.474748
31,61,-95.000000,55.000000,9.454929
32,61,-90.000000,55.000000,9.434837
33,61,-85.000000,55.000000,9.414746
34,61,-80.000000,55.000000,9.394655
35,61,-75.000000,55.000000,9.373434
36,61,-70.000000,55.000000,9.351629
37,61,-65.000000,55.000000,9.329005
38,61,-60.000000,55.000000,9.306182
39,61,-55.000000,55.000000,9.283359
40,61,-50.000000,55.000000,9.260426
41,61,-45.000000,55.000000,9.236457
42,61,-40.000000,55.000000,9.212285
43,61,-35.000000,55.000000,9.187474
44,61,-30.000000,55.000000,9.162663
45,61,-25.000000,55.000000,9.137851
46,61,-20.000000,55.000000,9.113085
47,61,-15.000000,55.000000,9.088358
48,61,-10.000000,55.000000,9.063682
49,61,-5.000000,55.000000,9.039031
50,61,0.000000,55.000000,9.014380
51,61,5.000000,55.000000,8.989729
52,61,10.000000,55.000000,8.965892
53,61,15.000000,55.000000,8.942188
54,61,20.000000,55.000000,8.919312
55,61,25.000000,55.000000,8.896435
56,61,30.000000,55.000000,8.873558
57,61,35.000000,55.000000,8.850978
58,61,40.000000,55.000000,8.828836
59,61,45.000000,55.000000,8.807242
60,61,50.000000,55.000000,8.786100
61,61,55.000000,55.000000,8.764957
62,61,60.000000,55.000000,8.743814
63,61,65.000000,55.000000,8.722850
64,61,70.000000,55.000000,8.701921
65,61,75.000000,55.000000,8.681345
66,61,80.000000,55.000000,8.660774
67,61,85.000000,55.000000,8.640204
68,61,90.000000,55.000000,8.619604
69,61,95.000000,55.000000,8.598926
70,61,100.000000,55.000000,8.578152
71,61,105.000000,55.000000,8.557247
72,61,110.000000,55.000000,8.536342
73,61,115.000000,55.000000,8.515436
74,61,120.000000,55.000000,8.494493
75,61,125.000000,55.000000,8.473533
76,61,130.000000,55.000000,8.452450
77,61,135.000000,55.000000,8.431345
78,61,140.000000,55.000000,8.410241
79,61,145.000000,55.000000,8.389153
80,61,150.000000,55.000000,8.368162
81,61,155.000000,55.000000,8.347289
82,61,160.000000,55.000000,8.326701
83,61,165.000000,55.000000,8.306112
84,61,170.000000,55.000000,8.285524
85,61,175.000000,55.000000,8.265007
86,61,180.000000,55.000000,8.244540
87,61,185.000000,55.000000,8.224512
88,61,190.000000,55.000000,8.204647
89,61,195.000000,55.000000,8.184781
90,61,200.000000,55.000000,8.164915
91,61,205.000000,55.000000,8.145043
92,61,210.000000,55.000000,8.125162
93,61,215.000000,55.000000,8.105238
94,61,220.000000,55.000000,8.085314
95,61,225.000000,55.000000,8.065390
96,61,230.000000,55.000000,8.045432
97,61,235.000000,55.000000,8.025432
98,61,240.000000,55.000000,8.004814
99,61,245.000000,55.000000,7.983783
100,61,250.000000,55.000000,7.962753
0,62,-250.000000,60.000000,10.021149
1,62,-245.000000,60.000000,10.012859
2,62,-240.000000,60.000000,10.000163
3,62,-235.000000,60.000000,9.987404
4,62,-230.000000,60.000000,9.974374
5,62,-225.000000,60.000000,9.961344
6,62,-220.000000,60.000000,9.948313
7,62,-215.000000,60.000000,9.933222
8,62,-210.000000,60.000000,9.915893
9,62,-205.000000,60.000000,9.898203
10,62,-200.000000,60.000000,9.880296
11,62,-195.000000,60.000000,9.862389
12,62,-190.000000,60.000000,9.844481
13,62,-185.000000,60.000000,9.825058
14,62,-180.000000,60.000000,9.805474
15,62,-175.000000,60.000000,9.785573
16,62,-170.000000,60.000000,9.765671
17,62,-165.000000,60.000000,9.745770
18,62,-160.000000,60.000000,9.726048
19,62,-155.000000,60.000000,9.706657
20,62,-150.000000,60.000000,9.687337
21,62,-145.000000,60.000000,9.668090
22,62,-140.000000,60.000000,9.648842
23,62,-135.000000,60.000000,9.629595
24,62,-130.000000,60.000000,9.610695
25,62,-125.000000,60.000000,9.591888
26,62,-120.000000,60.000000,9.573234
27,62,-115.000000,60.000000,9.554592
28,62,-110.000000,60.000000,9.535949
29,62,-105.000000,60.000000,9.517083
30,62,-100.000000,60.000000,9.497442
31,62,-95.000000,60.000000,9.477625
32,62,-90.000000,60.000000,9.457510
33,62,-85.000000,60.000000,9.437394
34,62,-80.000000,60.000000,9.417278
35,62,-75.000000,60.000000,9.395960
36,62,-70.000000,60.000000,9.374022
37,62,-65.000000,60.000000,9.351211
38,62,-60.000000,60.000000,9.328188
39,62,-55.000000,60.000000,9.305166
40,62,-50.000000,60.000000,9.282031
41,62,-45.000000,60.000000,9.257824
42,62,-40.000000,60.000000,9.233407
43,62,-35.000000,60.000000,9.208329
44,62,-30.000000,60.000000,9.183251
45,62,-25.000000,60.000000,9.158174
46,62,-20.000000,60.000000,9.133158
47,62,-15.000000,60.000000,9.108196
48,62,-10.000000,60.000000,9.083306
49,62,-5.000000,60.000000,9.058450
50,62,0.000000,60.000000,9.033594
51,62,5.000000,60.000000,9.008738
52,62,10.000000,60.000000,8.984734
53,62,15.000000,60.000000,8.960868
54,62,20.000000,60.000000,8.937867
55,62,25.000000,60.000000,8.914866
56,62,30.000000,60.000000,8.891864
57,62,35.000000,60.000000,8.869159
58,62,40.000000,60.000000,8.846890
59,62,45.000000,60.000000,8.825167
60,62,50.000000,60.000000,8.803893
61,62,55.000000,60.000000,8.782620
62,62,60.000000,60.000000,8.761347
63,62,65.000000,60.000000,8.740227
64,62,70.000000,60.000000,8.719137
65,62,75.000000,60.000000,8.698349
66,62,80.000000,60.000000,8.677566
67,62,85.000000,60.000000,8.656784
68,62,90.000000,60.000000,8.635965
69,62,95.000000,60.000000,8.615054
70,62,100.000000,60.000000,8.594028
71,62,105.000000,60.000000,8.572846
72,62,110.000000,60.000000,8.551663
73,62,115.000000,60.000000,8.530481
74,62,120.000000,60.000000,8.509262
75,62,125.000000,60.000000,8.488029
76,62,130.000000,60.000000,8.466679
77,62,135.000000,60.000000,8.445310
78,62,140.000000,60.000000,8.423940
79,62,145.000000,60.000000,8.402589
80,62,150.000000,60.000000,8.381346
81,62,155.000000,60.000000,8.360234
82,62,160.000000,60.000000,8.339437
83,62,165.000000,60.000000,8.318640
84,62,170.000000,60.000000,8.297844
85,62,175.000000,60.000000,8.277121
86,62,180.000000,60.000000,8.256452
87,62,185.000000,60.000000,8.236235
88,62,190.000000,60.000000,8.216186
89,62,195.000000,60.000000,8.196138
90,62,200.000000,60.000000,8.176090
91,62,205.000000,60.000000,8.156029
92,62,210.000000,60.000000,8.135954
93,62,215.000000,60.000000,8.115805
94,62,220.000000,60.000000,8.095656
95,62,225.000000,60.000000,8.075507
96,62,230.000000,60.000000,8.055322
97,62,235.000000,60.000000,8.035093
98,62,240.000000,60.000000,8.014203
99,62,245.000000,60.000000,7.992874
100,62,250.000000,60.000000,7.971544
0,63,-250.000000,65.000000,10.041138
1,63,-245.000000,65.000000,10.033148
2,63,-240.000000,65.000000,10.020593
3,63,-235.000000,65.000000,10.007974
4,63,-230.000000,65.000000,9.995072
5,63,-225.000000,65.000000,9.982171
6,63,-220.000000,65.000000,9.969270
7,63,-215.000000,65.000000,9.954251
8,63,-210.000000,65.000000,9.936932
9,63,-205.000000,65.000000,9.919241
10,63,-200.000000,65.000000,9.901328
11,63,-195.000000,65.000000,9.883414
12,63,-190.000000,65.000000,9.865500
13,63,-185.000000,65.000000,9.846081
14,63,-180.000000,65.000000,9.826501
15,63,-175.000000,65.000000,9.806607
16,63,-170.000000,65.000000,9.786712
17,63,-165.000000,65.000000,9.766818
18,63,-160.000000,65.000000,9.747127
19,63,-155.000000,65.000000,9.727814
20,63,-150.000000,65.000000,9.708582
21,63,-145.000000,65.000000,9.689434
22,63,-140.000000,65.000000,9.670285
23,63,-135.000000,65.000000,9.651136
24,63,-130.000000,65.000000,9.632340
25,63,-125.000000,65.000000,9.613640
26,63,-120.000000,65.000000,9.595096
27,63,-115.000000,65.000000,9.576562
28,63,-110.000000,65.000000,9.558029
29,63,-105.000000,65.000000,9.539253
30,63,-100.000000,65.000000,9.519634
31,63,-95.000000,65.000000,9.499823
32,63,-90.000000,65.000000,9.479687
33,63,-85.000000,65.000000,9.459551
34,63,-80.000000,65.000000,9.439415
35,63,-75.000000,65.000000,9.418008
36,63,-70.000000,65.000000,9.395943
37,63,-65.000000,65.000000,9.372957
38,63,-60.000000,65.000000,9.349746
39,63,-55.000000,65.000000,9.326535
40,63,-50.000000,65.000000,9.303208
41,63,-45.000000,65.000000,9.278774
42,63,-40.000000,65.000000,9.254124
43,63,-35.000000,65.000000,9.228791
44,63,-30.000000,65.000000,9.203458
45,63,-25.000000,65.000000,9.178125
46,63,-20.000000,65.000000,9.152870
47,63,-15.000000,65.000000,9.127684
48,63,-10.000000,65.000000,9.102587
49,63,-5.000000,65.000000,9.077533
50,63,0.000000,65.000000,9.052478
51,63,5.000000,65.000000,9.027424
52,63,10.000000,65.000000,9.003256
53,63,15.000000,65.000000,8.979232
54,63,20.000000,65.000000,8.956109
55,63,25.000000,65.000000,8.932985
56,63,30.000000,65.000000,8.909862
57,63,35.000000,65.000000,8.887032
58,63,40.000000,65.000000,8.864639
59,63,45.000000,65.000000,8.842790
60,63,50.000000,65.000000,8.821389
61,63,55.000000,65.000000,8.799988
62,63,60.000000,65.000000,8.778586
63,63,65.000000,65.000000,8.757314
64,63,70.000000,65.000000,8.736067
65,63,75.000000,65.000000,8.715074
66,63,80.000000,65.000000,8.694085
67,63,85.000000,65.000000,8.673096
68,63,90.000000,65.000000,8.652066
69,63,95.000000,65.000000,8.630928
70,63,100.000000,65.000000,8.609657
71,63,105.000000,65.000000,8.588205
72,63,110.000000,65.000000,8.566752
73,63,115.000000,65.000000,8.545300
74,63,120.000000,65.000000,8.523813
75,63,125.000000,65.000000,8.502312
76,63,130.000000,65.000000,8.480701
77,63,135.000000,65.000000,8.459071
78,63,140.000000,65.000000,8.437441
79,63,145.000000,65.000000,8.415831
80,63,150.000000,65.000000,8.394339
81,63,155.000000,65.000000,8.372990
82,63,160.000000,65.000000,8.351987
83,63,165.000000,65.000000,8.330984
84,63,170.000000,65.000000,8.309980
85,63,175.000000,65.000000,8.289054
86,63,180.000000,65.000000,8.268182
87,63,185.000000,65.000000,8.247778
88,63,190.000000,65.000000,8.227548
89,63,195.000000,65.000000,8.207318
90,63,200.000000,65.000000,8.187088
91,63,205.000000,65.000000,8.166842
92,63,210.000000,65.000000,8.146575
93,63,215.000000,65.000000,8.126206
94,63,220.000000,65.000000,8.105836
95,63,225.000000,65.000000,8.085466
96,63,230.000000,65.000000,8.065058
97,63,235.000000,65.000000,8.044604
98,63,240.000000,65.000000,8.023448
99,63,245.000000,65.000000,8.001827
100,63,250.000000,65.000000,7.980205
0,64,-250.000000,70.000000,10.059542
1,64,-245.000000,70.000000,10.051848
2,64,-240.000000,70.000000,10.039445
3,64,-235.000000,70.000000,10.026975
4,64,-230.000000,70.000000,10.014214
5,64,-225.000000,70.000000,10.001453
6,64,-220.000000,70.000000,9.988692
7,64,-215.000000,70.000000,9.973760
8,64,-210.000000,70.000000,9.956470
9,64,-205.000000,70.000000,9.938800
10,64,-200.000000,70.000000,9.920901
11,64,-195.000000,70.000000,9.903001
12,64,-190.000000,70.000000,9.885102
13,64,-185.000000,70.000000,9.865701
14,64,-180.000000,70.000000,9.846141
15,64,-175.000000,70.000000,9.826266
16,64,-170.000000,70.000000,9.806392
17,64,-165.000000,70.000000,9.786517
18,64,-160.000000,70.000000,9.766868
19,64,-155.000000,70.000000,9.747634
20,64,-150.000000,70.000000,9.728491
21,64,-145.000000,70.000000,9.709439
22,64,-140.000000,70.000000,9.690387
23,64,-135.000000,70.000000,9.671335
24,64,-130.000000,70.000000,9.652641
25,64,-125.000000,70.000000,9.634044
26,64,-120.000000,70.000000,9.615606
27,64,-115.000000,70.000000,9.597178
28,64,-110.000000,70.000000,9.578751
29,64,-105.000000,70.000000,9.560064
30,64,-100.000000,70.000000,9.540472
31,64,-95.000000,70.000000,9.520677
32,64,-90.000000,70.000000,9.500532
33,64,-85.000000,70.000000,9.480388
34,64,-80.000000,70.000000,9.460244
35,64,-75.000000,70.000000,9.438765
36,64,-70.000000,70.000000,9.416598
37,64,-65.000000,70.000000,9.393463
38,64,-60.000000,70.000000,9.370093
39,64,-55.000000,70.000000,9.346723
40,64,-50.000000,70.000000,9.323233
41,64,-45.000000,70.000000,9.298603
42,64,-40.000000,70.000000,9.273750
43,64,-35.000000,70.000000,9.248193
44,64,-30.000000,70.000000,9.222636
45,64,-25.000000,70.000000,9.197079
46,64,-20.000000,70.000000,9.171612
47,64,-15.000000,70.000000,9.146224
48,64,-10.000000,70.000000,9.120940
49,64,-5.000000,70.000000,9.095705
50,64,0.000000,70.000000,9.070470
51,64,5.000000,70.000000,9.045235
52,64,10.000000,70.000000,9.020916
53,64,15.000000,70.000000,8.996746
54,64,20.000000,70.000000,8.973506
55,64,25.000000,70.000000,8.950266
56,64,30.000000,70.000000,8.927026
57,64,35.000000,70.000000,8.904080
58,64,40.000000,70.000000,8.881568
59,64,45.000000,70.000000,8.859600
60,64,50.000000,70.000000,8.838079
61,64,55.000000,70.000000,8.816558
62,64,60.000000,70.000000,8.795036
63,64,65.000000,70.000000,8.773622
64,64,70.000000,70.000000,8.752229
65,64,75.000000,70.000000,8.731047
66,64,80.000000,70.000000,8.709868
67,64,85.000000,70.000000,8.688690
68,64,90.000000,70.000000,8.667464
69,64,95.000000,70.000000,8.646117
70,64,100.000000,70.000000,8.624620
71,64,105.000000,70.000000,8.602917
72,64,110.000000,70.000000,8.581213
73,64,115.000000,70.000000,8.559510
74,64,120.000000,70.000000,8.537773
75,64,125.000000,70.000000,8.516022
76,64,130.000000,70.000000,8.494162
77,64,135.000000,70.000000,8.472284
78,64,140.000000,70.000000,8.450405
79,64,145.000000,70.000000,8.428549
80,64,150.000000,70.000000,8.406818
81,64,155.000000,70.000000,8.385241
82,64,160.000000,70.000000,8.364035
83,64,165.000000,70.000000,8.342828
84,64,170.000000,70.000000,8.321622
85,64,175.000000,70.000000,8.300495
86,64,180.000000,70.000000,8.279424
87,64,185.000000,70.000000,8.258837
88,64,190.000000,70.000000,8.238429
89,64,195.000000,70.000000,8.218022
90,64,200.000000,70.000000,8.197614
91,64,205.000000,70.000000,8.177187
92,64,210.000000,70.000000,8.156734
93,64,215.000000,70.000000,8.136156
94,64,220.000000,70.000000,8.115577
95,64,225.000000,70.000000,8.094999
96,64,230.000000,70.000000,8.074379
97,64,235.000000,70.000000,8.053712
98,64,240.000000,70.000000,8.032306
99,64,245.000000,70.000000,8.010409
100,64,250.000000,70.000000,7.988513
0,65,-250.000000,75.000000,10.077654
1,65,-245.000000,75.000000,10.070256
2,65,-240.000000,75.000000,10.058006
3,65,-235.000000,75.000000,10.045687
4,65,-230.000000,75.000000,10.033068
5,65,-225.000000,75.000000,10.020450
6,65,-220.000000,75.000000,10.007831
7,65,-215.000000,75.000000,9.992989
8,65,-210.000000,75.000000,9.975732
9,65,-205.000000,75.000000,9.958086
10,65,-200.000000,75.000000,9.940205
11,65,-195.000000,75.000000,9.922324
12,65,-190.000000,75.000000,9.904443
13,65,-185.000000,75.000000,9.885063
14,65,-180.000000,75.000000,9.865525
15,65,-175.000000,75.000000,9.845673
16,65,-170.000000,75.000000,9.825821
17,65,-165.000000,75.000000,9.805968
18,65,-160.000000,75.000000,9.786362
19,65,-155.000000,75.000000,9.767208
20,65,-150.000000,75.000000,9.748153
21,65,-145.000000,75.000000,9.729198
22,65,-140.000000,75.000000,9.710242
23,65,-135.000000,75.000000,9.691287
24,65,-130.000000,75.000000,9.672695
25,65,-125.000000,75.000000,9.654201
26,65,-120.000000,75.000000,9.635867
27,65,-115.000000,75.000000,9.617545
28,65,-110.000000,75.000000,9.599223
29,65,-105.000000,75.000000,9.580624
30,65,-100.000000,75.000000,9.561062
31,65,-95.000000,75.000000,9.541283
32,65,-90.000000,75.000000,9.521132
33,65,-85.000000,75.000000,9.500982
34,65,-80.000000,75.000000,9.480831
35,65,-75.000000,75.000000,9.459286
36,65,-70.000000,75.000000,9.437020
37,65,-65.000000,75.000000,9.413742
38,65,-60.000000,75.000000,9.390218
39,65,-55.000000,75.000000,9.366694
40,65,-50.000000,75.000000,9.343047
41,65,-45.000000,75.000000,9.318226
42,65,-40.000000,75.000000,9.293175
43,65,-35.000000,75.000000,9.267400
44,65,-30.000000,75.000000,9.241624
45,65,-25.000000,75.000000,9.215849
46,65,-20.000000,75.000000,9.190175
47,65,-15.000000,75.000000,9.164591
48,65,-10.000000,75.000000,9.139123
49,65,-5.000000,75.000000,9.113710
50,65,0.000000,75.000000,9.088298
51,65,5.000000,75.000000,9.062886
52,65,10.000000,75.000000,9.038418
53,65,15.000000,75.000000,9.014104
54,65,20.000000,75.000000,8.990748
55,65,25.000000,75.000000,8.967393
56,65,30.000000,75.000000,8.944038
57,65,35.000000,75.000000,8.920975
58,65,40.000000,75.000000,8.898347
59,65,45.000000,75.000000,8.876261
60,65,50.000000,75.000000,8.854621
61,65,55.000000,75.000000,8.832981
62,65,60.000000,75.000000,8.811341
63,65,65.000000,75.000000,8.789787
64,65,70.000000,75.000000,8.768249
65,65,75.000000,75.000000,8.746881
66,65,80.000000,75.000000,8.725516
67,65,85.000000,75.000000,8.704151
68,65,90.000000,75.000000,8.682733
69,65,95.000000,75.000000,8.661180
70,65,100.000000,75.000000,8.639459
71,65,105.000000,75.000000,8.617509
72,65,110.000000,75.000000,8.595559
73,65,115.000000,75.000000,8.573609
74,65,120.000000,75.000000,8.551625
75,65,125.000000,75.000000,8.529627
76,65,130.000000,75.000000,8.507521
77,65,135.000000,75.000000,8.485396
78,65,140.000000,75.000000,8.463271
79,65,145.000000,75.000000,8.441170
80,65,150.000000,75.000000,8.419203
81,65,155.000000,75.000000,8.397399
82,65,160.000000,75.000000,8.375990
83,65,165.000000,75.000000,8.354582
84,65,170.000000,75.000000,8.333173
85,65,175.000000,75.000000,8.311845
86,65,180.000000,75.000000,8.290576
87,65,185.000000,75.000000,8.269807
88,65,190.000000,75.000000,8.249222
89,65,195.000000,75.000000,8.228638
90,65,200.000000,75.000000,8.208054
91,65,205.000000,75.000000,8.187446
92,65,210.000000,75.000000,8.166809
93,65,215.000000,75.000000,8.146023
94,65,220.000000,75.000000,8.125238
95,65,225.000000,75.000000,8.104452
96,65,230.000000,75.000000,8.083624
97,65,235.000000,75.000000,8.062745
98,65,240.000000,75.000000,8.041092
99,65,245.000000,75.000000,8.018924
100,65,250.000000,75.000000,7.996756
0,66,-250.000000,80.000000,10.095766
1,66,-245.000000,80.000000,10.088663
2,66,-240.000000,80.000000,10.076567
3,66,-235.000000,80.000000,10.064399
4,66,-230.000000,80.000000,10.051923
5,66,-225.000000,80.000000,10.039446
6,66,-220.000000,80.000000,10.026970
7,66,-215.000000,80.000000,10.012218
8,66,-210.000000,80.000000,9.994995
9,66,-205.000000,80.000000,9.977372
10,66,-200.000000,80.000000,9.959509
11,66,-195.000000,80.000000,9.941647
12,66,-190.000000,80.000000,9.923784
13,66,-185.000000,80.000000,9.904426
14,66,-180.000000,80.000000,9.884909
15,66,-175.000000,80.000000,9.865079
16,66,-170.000000,80.000000,9.845249
17,66,-165.000000,80.000000,9.825419
18,66,-160.000000,80.000000,9.805856
19,66,-155.000000,80.000000,9.786783
20,66,-150.000000,80.000000,9.767816
21,66,-145.000000,80.000000,9.748957
22,66,-140.000000,80.000000,9.730098
23,66,-135.000000,80.000000,9.711239
24,66,-130.000000,80.000000,9.692748
25,66,-125.000000,80.000000,9.674357
26,66,-120.000000,80.000000,9.656128
27,66,-115.000000,80.000000,9.637911
28,66,-110.000000,80.000000,9.619694
29,66,-105.000000,80.000000,9.601183
30,66,-100.000000,80.000000,9.581651
31,66,-95.000000,80.000000,9.561889
32,66,-90.000000,80.000000,9.541732
33,66,-85.000000,80.000000,9.521575
34,66,-80.000000,80.000000,9.501418
35,66,-75.000000,80.000000,9.479806
36,66,-70.000000,80.000000,9.457441
37,66,-65.000000,80.000000,9.434020
38,66,-60.000000,80.000000,9.410343
39,66,-55.000000,80.000000,9.386665
40,66,-50.000000,80.000000,9.362860
41,66,-45.000000,80.000000,9.337848
42,66,-40.000000,80.000000,9.312600
43,66,-35.000000,80.000000,9.286606
44,66,-30.000000,80.000000,9.260613
45,66,-25.000000,80.000000,9.234619
46,66,-20.000000,80.000000,9.208738
47,66,-15.000000,80.000000,9.182957
48,66,-10.000000,80.000000,9.157305
49,66,-5.000000,80.000000,9.131716
50,66,0.000000,80.000000,9.106126
51,66,5.000000,80.000000,9.080536
52,66,10.000000,80.000000,9.055919
53,66,15.000000,80.000000,9.031461
54,66,20.000000,80.000000,9.007990
55,66,25.000000,80.000000,8.984520
56,66,30.000000,80.000000,8.961049
57,66,35.000000,80.000000,8.937871
58,66,40.000000,80.000000,8.915126
59,66,45.000000,80.000000,8.892922
60,66,50.000000,80.000000,8.871163
61,66,55.000000,80.000000,8.849404
62,66,60.000000,80.000000,8.827645
63,66,65.000000,80.000000,8.805951
64,66,70.000000,80.000000,8.784269
65,66,75.000000,80.000000,8.762715
66,66,80.000000,80.000000,8.741163
67,66,85.000000,80.000000,8.719612
68,66,90.000000,80.000000,8.698002
69,66,95.000000,80.000000,8.676243
70,66,100.000000,80.000000,8.654299
71,66,105.000000,80.000000,8.632102
72,66,110.000000,80.000000,8.609904
73,66,115.000000,80.000000,8.587707
74,66,120.000000,80.000000,8.565476
75,66,125.000000,80.000000,8.543232
76,66,130.000000,80.000000,8.520879
77,66,135.000000,80.000000,8.498508
78,66,140.000000,80.000000,8.476137
79,66,145.000000,80.000000,8.453791
80,66,150.000000,80.000000,8.431587
81,66,155.000000,80.000000,8.409557
82,66,160.000000,80.000000,8.387946
83,66,165.000000,80.000000,8.366335
84,66,170.000000,80.000000,8.344723
85,66,175.000000,80.000000,8.323196
86,66,180.000000,80.000000,8.301729
87,66,185.000000,80.000000,8.280777
88,66,190.000000,80.000000,8.260016
89,66,195.000000,80.000000,8.239255
90,66,200.000000,80.000000,8.218493
91,66,205.000000,80.000000,8.197705
92,66,210.000000,80.000000,8.176883
93,66,215.000000,80.000000,8.155890
94,66,220.000000,80.000000,8.134898
95,66,225.000000,80.000000,8.113906
96,66,230.000000,80.000000,8.092869
97,66,235.000000,80.000000,8.071779
98,66,240.000000,80.000000,8.049878
99,66,245.000000,80.000000,8.027439
100,66,250.000000,80.000000,8.004999
0,67,-250.000000,85.000000,10.112805
1,67,-245.000000,85.000000,10.105997
2,67,-240.000000,85.000000,10.094062
3,67,-235.000000,85.000000,10.082054
4,67,-230.000000,85.000000,10.069729
5,67,-225.000000,85.000000,10.057404
6,67,-220.000000,85.000000,10.045079
7,67,-215.000000,85.000000,10.030430
8,67,-210.000000,85.000000,10.013258
9,67,-205.000000,85.000000,9.995678
10,67,-200.000000,85.000000,9.977853
11,67,-195.000000,85.000000,9.960028
12,67,-190.000000,85.000000,9.942204
13,67,-185.000000,85.000000,9.922885
14,67,-180.000000,85.000000,9.903408
15,67,-175.000000,85.000000,9.883618
16,67,-170.000000,85.000000,9.863828
17,67,-165.000000,85.000000,9.844038
18,67,-160.000000,85.000000,9.824532
19,67,-155.000000,85.000000,9.805548
20,67,-150.000000,85.000000,9.786678
21,67,-145.000000,85.000000,9.767923
22,67,-140.000000,85.000000,9.749168
23,67,-135.000000,85.000000,9.730413
24,67,-130.000000,85.000000,9.712028
25,67,-125.000000,85.000000,9.693742
26,67,-120.000000,85.000000,9.675621
27,67,-115.000000,85.000000,9.657510
28,67,-110.000000,85.000000,9.639400
29,67,-105.000000,85.000000,9.620980
30,67,-100.000000,85.000000,9.601484
31,67,-95.000000,85.000000,9.581745
32,67,-90.000000,85.000000,9.561590
33,67,-85.000000,85.000000,9.541436
34,67,-80.000000,85.000000,9.521281
35,67,-75.000000,85.000000,9.499614
36,67,-70.000000,85.000000,9.477166
37,67,-65.000000,85.000000,9.453621
38,67,-60.000000,85.000000,9.429810
39,67,-55.000000,85.000000,9.405999
40,67,-50.000000,85.000000,9.382057
41,67,-45.000000,85.000000,9.356876
42,67,-40.000000,85.000000,9.331454
43,67,-35.000000,85.000000,9.305267
44,67,-30.000000,85.000000,9.279080
45,67,-25.000000,85.000000,9.252893
46,67,-20.000000,85.000000,9.226829
47,67,-15.000000,85.000000,9.200873
48,67,-10.000000,85.000000,9.175059
49,67,-5.000000,85.000000,9.149312
50,67,0.000000,85.000000,9.123565
51,67,5.000000,85.000000,9.097818
52,67,10.000000,85.000000,9.073068
53,67,15.000000,85.000000,9.048480
54,67,20.000000,85.000000,9.024905
55,67,25.000000,85.000000,9.001330
56,67,30.000000,85.000000,8.977755
57,67,35.000000,85.000000,8.954471
58,67,40.000000,85.000000,8.931618
59,67,45.000000,85.000000,8.909303
60,67,50.000000,85.000000,8.887431
61,67,55.000000,85.000000,8.865559
62,67,60.000000,85.000000,8.843688
63,67,65.000000,85.000000,8.821860
64,67,70.000000,85.000000,8.800040
65,67,75.000000,85.000000,8.778306
66,67,80.000000,85.000000,8.756574
67,67,85.000000,85.000000,8.734842
68,67,90.000000,85.000000,8.713048
69,67,95.000000,85.000000,8.691089
70,67,100.000000,85.000000,8.668929
71,67,105.000000,85.000000,8.646493
72,67,110.000000,85.000000,8.624056
73,67,115.000000,85.000000,8.601620
74,67,120.000000,85.000000,8.579150
75,67,125.000000,85.000000,8.556667
76,67,130.000000,85.000000,8.534074
77,67,135.000000,85.000000,8.511464
78,67,140.000000,85.000000,8.488853
79,67,145.000000,85.000000,8.466269
80,67,150.000000,85.000000,8.443835
81,67,155.000000,85.000000,8.421584
82,67,160.000000,85.000000,8.399774
83,67,165.000000,85.000000,8.377964
84,67,170.000000,85.000000,8.356154
85,67,175.000000,85.000000,8.334431
86,67,180.000000,85.000000,8.312770
87,67,185.000000,85.000000,8.291638
88,67,190.000000,85.000000,8.270703
89,67,195.000000,85.000000,8.249768
90,67,200.000000,85.000000,8.228833
91,67,205.000000,85.000000,8.207867
92,67,210.000000,85.000000,8.186864
93,67,215.000000,85.000000,8.165672
94,67,220.000000,85.000000,8.144480
95,67,225.000000,85.000000,8.123287
96,67,230.000000,85.000000,8.102048
97,67,235.000000,85.000000,8.080754
98,67,240.000000,85.000000,8.058616
99,67,245.000000,85.000000,8.035918
100,67,250.000000,85.000000,8.013221
0,68,-250.000000,90.000000,10.128524
1,68,-245.000000,90.000000,10.122008
2,68,-240.000000,90.000000,10.110245
3,68,-235.000000,90.000000,10.098406
4,68,-230.000000,90.000000,10.086244
5,68,-225.000000,90.000000,10.074081
6,68,-220.000000,90.000000,10.061919
7,68,-215.000000,90.000000,10.047390
8,68,-210.000000,90.000000,10.030291
9,68,-205.000000,90.000000,10.012777
10,68,-200.000000,90.000000,9.995014
11,68,-195.000000,90.000000,9.977251
12,68,-190.000000,90.000000,9.959488
13,68,-185.000000,90.000000,9.940231
14,68,-180.000000,90.000000,9.920815
15,68,-175.000000,90.000000,9.901087
16,68,-170.000000,90.000000,9.881359
17,68,-165.000000,90.000000,9.861631
18,68,-160.000000,90.000000,9.842200
19,68,-155.000000,90.000000,9.823318
20,68,-150.000000,90.000000,9.804555
21,68,-145.000000,90.000000,9.785913
22,68,-140.000000,90.000000,9.767270
23,68,-135.000000,90.000000,9.748627
24,68,-130.000000,90.000000,9.730353
25,68,-125.000000,90.000000,9.712178
26,68,-120.000000,90.000000,9.694165
27,68,-115.000000,90.000000,9.676164
28,68,-110.000000,90.000000,9.658163
29,68,-105.000000,90.000000,9.639838
30,68,-100.000000,90.000000,9.620385
31,68,-95.000000,90.000000,9.600677
32,68,-90.000000,90.000000,9.580535
33,68,-85.000000,90.000000,9.560392
34,68,-80.000000,90.000000,9.540250
35,68,-75.000000,90.000000,9.518545
36,68,-70.000000,90.000000,9.496033
37,68,-65.000000,90.000000,9.472388
38,68,-60.000000,90.000000,9.448467
39,68,-55.000000,90.000000,9.424546
40,68,-50.000000,90.000000,9.400492
41,68,-45.000000,90.000000,9.375172
42,68,-40.000000,90.000000,9.349604
43,68,-35.000000,90.000000,9.323255
44,68,-30.000000,90.000000,9.296906
45,68,-25.000000,90.000000,9.270557
46,68,-20.000000,90.000000,9.244338
47,68,-15.000000,90.000000,9.218236
48,68,-10.000000,90.000000,9.192284
49,68,-5.000000,90.000000,9.166404
50,68,0.000000,90.000000,9.140524
51,68,5.000000,90.000000,9.114644
52,68,10.000000,90.000000,9.089781
53,68,15.000000,90.000000,9.065083
54,68,20.000000,90.000000,9.041417
55,68,25.000000,90.000000,9.017751
56,68,30.000000,90.000000,8.994085
57,68,35.000000,90.000000,8.970708
58,68,40.000000,90.000000,8.947757
59,68,45.000000,90.000000,8.925340
60,68,50.000000,90.000000,8.903363
61,68,55.000000,90.000000,8.881385
62,68,60.000000,90.000000,8.859408
63,68,65.000000,90.000000,8.837453
64,68,70.000000,90.000000,8.815503
65,68,75.000000,90.000000,8.793598
66,68,80.000000,90.000000,8.771693
67,68,85.000000,90.000000,8.749789
68,68,90.000000,90.000000,8.727817
69,68,95.000000,90.000000,8.705667
70,68,100.000000,90.000000,8.683301
71,68,105.000000,90.000000,8.660635
72,68,110.000000,90.000000,8.637970
73,68,115.000000,90.000000,8.615304
74,68,120.000000,90.000000,8.592605
75,68,125.000000,90.000000,8.569892
76,68,130.000000,90.000000,8.547069
77,68,135.000000,90.000000,8.524227
78,68,140.000000,90.000000,8.501386
79,68,145.000000,90.000000,8.478571
80,68,150.000000,90.000000,8.455915
81,68,155.000000,90.000000,8.433449
82,68,160.000000,90.000000,8.411445
83,68,165.000000,90.000000,8.389442
84,68,170.000000,90.000000,8.367438
85,68,175.000000,90.000000,8.345523
86,68,180.000000,90.000000,8.323672
87,68,185.000000,90.000000,8.302365
88,68,190.000000,90.000000,8.281260
89,68,195.000000,90.000000,8.260155
90,68,200.000000,90.000000,8.239049
91,68,205.000000,90.000000,8.217911
92,68,210.000000,90.000000,8.196733
93,68,215.000000,90.000000,8.175348
94,68,220.000000,90.000000,8.153964
95,68,225.000000,90.000000,8.132579
96,68,230.000000,90.000000,8.111147
97,68,235.000000,90.000000,8.089657
98,68,240.000000,90.000000,8.067295
99,68,245.000000,90.000000,8.044355
100,68,250.000000,90.000000,8.021415
0,69,-250.000000,95.000000,10.140997
1,69,-245.000000,95.000000,10.134768
2,69,-240.000000,95.000000,10.123201
3,69,-235.000000,95.000000,10.111557
4,69,-230.000000,95.000000,10.099584
5,69,-225.000000,95.000000,10.087611
6,69,-220.000000,95.000000,10.075638
7,69,-215.000000,95.000000,10.061270
8,69,-210.000000,95.000000,10.044300
9,69,-205.000000,95.000000,10.026910
10,69,-200.000000,95.000000,10.009267
11,69,-195.000000,95.000000,9.991624
12,69,-190.000000,95.000000,9.973982
13,69,-185.000000,95.000000,9.954841
14,69,-180.000000,95.000000,9.935542
15,69,-175.000000,95.000000,9.915929
16,69,-170.000000,95.000000,9.896316
17,69,-165.000000,95.000000,9.876703
18,69,-160.000000,95.000000,9.857392
19,69,-155.000000,95.000000,9.838641
20,69,-150.000000,95.000000,9.820010
21,69,-145.000000,95.000000,9.801502
22,69,-140.000000,95.000000,9.782994
23,69,-135.000000,95.000000,9.764485
24,69,-130.000000,95.000000,9.746334
25,69,-125.000000,95.000000,9.728279
26,69,-120.000000,95.000000,9.710381
27,69,-115.000000,95.000000,9.692494
28,69,-110.000000,95.000000,9.674607
29,69,-105.000000,95.000000,9.656384
30,69,-100.000000,95.000000,9.636994
31,69,-95.000000,95.000000,9.617339
32,69,-90.000000,95.000000,9.597234
33,69,-85.000000,95.000000,9.577128
34,69,-80.000000,95.000000,9.557023
35,69,-75.000000,95.000000,9.535320
36,69,-70.000000,95.000000,9.512791
37,69,-65.000000,95.000000,9.489103
38,69,-60.000000,95.000000,9.465133
39,69,-55.000000,95.000000,9.441164
40,69,-50.000000,95.000000,9.417058
41,69,-45.000000,95.000000,9.391668
42,69,-40.000000,95.000000,9.366026
43,69,-35.000000,95.000000,9.339590
44,69,-30.000000,95.000000,9.313154
45,69,-25.000000,95.000000,9.286719
46,69,-20.000000,95.000000,9.260418
47,69,-15.000000,95.000000,9.234236
48,69,-10.000000,95.000000,9.208210
49,69,-5.000000,95.000000,9.182258
50,69,0.000000,95.000000,9.156305
51,69,5.000000,95.000000,9.130353
52,69,10.000000,95.000000,9.105424
53,69,15.000000,95.000000,9.080661
54,69,20.000000,95.000000,9.056938
55,69,25.000000,95.000000,9.033214
56,69,30.000000,95.000000,9.009490
57,69,35.000000,95.000000,8.986050
58,69,40.000000,95.000000,8.963029
59,69,45.000000,95.000000,8.940532
60,69,50.000000,95.000000,8.918466
61,69,55.000000,95.000000,8.896401
62,69,60.000000,95.000000,8.874336
63,69,65.000000,95.000000,8.852273
64,69,70.000000,95.000000,8.830210
65,69,75.000000,95.000000,8.808153
66,69,80.000000,95.000000,8.786095
67,69,85.000000,95.000000,8.764038
68,69,90.000000,95.000000,8.741908
69,69,95.000000,95.000000,8.719589
70,69,100.000000,95.000000,8.697038
71,69,105.000000,95.000000,8.674167
72,69,110.000000,95.000000,8.651297
73,69,115.000000,95.000000,8.628426
74,69,120.000000,95.000000,8.605521
75,69,125.000000,95.000000,8.582601
76,69,130.000000,95.000000,8.559568
77,69,135.000000,95.000000,8.536517
78,69,140.000000,95.000000,8.513465
79,69,145.000000,95.000000,8.490441
80,69,150.000000,95.000000,8.467581
81,69,155.000000,95.000000,8.444917
82,69,160.000000,95.000000,8.422732
83,69,165.000000,95.000000,8.400546
84,69,170.000000,95.000000,8.378360
85,69,175.000000,95.000000,8.356265
86,69,180.000000,95.000000,8.334236
87,69,185.000000,95.000000,8.312762
88,69,190.000000,95.000000,8.291497
89,69,195.000000,95.000000,8.270231
90,69,200.000000,95.000000,8.248964
91,69,205.000000,95.000000,8.227664
92,69,210.000000,95.000000,8.206321
93,69,215.000000,95.000000,8.184765
94,69,220.000000,95.000000,8.163208
95,69,225.000000,95.000000,8.141652
96,69,230.000000,95.000000,8.120046
97,69,235.000000,95.000000,8.098382
98,69,240.000000,95.000000,8.075829
99,69,245.000000,95.000000,8.052685
100,69,250.000000,95.000000,8.029542
0,70,-250.000000,100.000000,10.152386
1,70,-245.000000,100.000000,10.146442
2,70,-240.000000,100.000000,10.135080
3,70,-235.000000,100.000000,10.123639
4,70,-230.000000,100.000000,10.111865
5,70,-225.000000,100.000000,10.100091
6,70,-220.000000,100.000000,10.088316
7,70,-215.000000,100.000000,10.074122
8,70,-210.000000,100.000000,10.057299
9,70,-205.000000,100.000000,10.040052
10,70,-200.000000,100.000000,10.022549
11,70,-195.000000,100.000000,10.005047
12,70,-190.000000,100.000000,9.987545
13,70,-185.000000,100.000000,9.968539
14,70,-180.000000,100.000000,9.949374
15,70,-175.000000,100.000000,9.929893
16,70,-170.000000,100.000000,9.910413
17,70,-165.000000,100.000000,9.890933
18,70,-160.000000,100.000000,9.871758
19,70,-155.000000,100.000000,9.853146
20,70,-150.000000,100.000000,9.834656
21,70,-145.000000,100.000000,9.816290
22,70,-140.000000,100.000000,9.797923
23,70,-135.000000,100.000000,9.779557
24,70,-130.000000,100.000000,9.761532
25,70,-125.000000,100.000000,9.743600
26,70,-120.000000,100.000000,9.725819
27,70,-115.000000,100.000000,9.708048
28,70,-110.000000,100.000000,9.690278
29,70,-105.000000,100.000000,9.672160
30,70,-100.000000,100.000000,9.652838
31,70,-95.000000,100.000000,9.633243
32,70,-90.000000,100.000000,9.613183
33,70,-85.000000,100.000000,9.593123
34,70,-80.000000,100.000000,9.573063
35,70,-75.000000,100.000000,9.551375
36,70,-70.000000,100.000000,9.528845
37,70,-65.000000,100.000000,9.505133
38,70,-60.000000,100.000000,9.481135
39,70,-55.000000,100.000000,9.457136
40,70,-50.000000,100.000000,9.433001
41,70,-45.000000,100.000000,9.407563
42,70,-40.000000,100.000000,9.381870
43,70,-35.000000,100.000000,9.355373
44,70,-30.000000,100.000000,9.328876
45,70,-25.000000,100.000000,9.302380
46,70,-20.000000,100.000000,9.276020
47,70,-15.000000,100.000000,9.249782
48,70,-10.000000,100.000000,9.223702
49,70,-5.000000,100.000000,9.197698
50,70,0.000000,100.000000,9.171694
51,70,5.000000,100.000000,9.145689
52,70,10.000000,100.000000,9.120710
53,70,15.000000,100.000000,9.095898
54,70,20.000000,100.000000,9.072128
55,70,25.000000,100.000000,9.048357
56,70,30.000000,100.000000,9.024586
57,70,35.000000,100.000000,9.001093
58,70,40.000000,100.000000,8.978010
59,70,45.000000,100.000000,8.955441
60,70,50.000000,100.000000,8.933294
61,70,55.000000,100.000000,8.911146
62,70,60.000000,100.000000,8.888999
63,70,65.000000,100.000000,8.866834
64,70,70.000000,100.000000,8.844666
65,70,75.000000,100.000000,8.822462
66,70,80.000000,100.000000,8.800258
67,70,85.000000,100.000000,8.778054
68,70,90.000000,100.000000,8.755773
69,70,95.000000,100.000000,8.733291
70,70,100.000000,100.000000,8.710563
71,70,105.000000,100.000000,8.687495
72,70,110.000000,100.000000,8.664428
73,70,115.000000,100.000000,8.641361
74,70,120.000000,100.000000,8.618257
75,70,125.000000,100.000000,8.595139
76,70,130.000000,100.000000,8.571903
77,70,135.000000,100.000000,8.548648
78,70,140.000000,100.000000,8.525393
79,70,145.000000,100.000000,8.502167
80,70,150.000000,100.000000,8.479109
81,70,155.000000,100.000000,8.456253
82,70,160.000000,100.000000,8.433889
83,70,165.000000,100.000000,8.411525
84,70,170.000000,100.000000,8.389161
85,70,175.000000,100.000000,8.366890
86,70,180.000000,100.000000,8.344686
87,70,185.000000,100.000000,8.323050
88,70,190.000000,100.000000,8.301626
89,70,195.000000,100.000000,8.280202
90,70,200.000000,100.000000,8.258778
91,70,205.000000,100.000000,8.237319
92,70,210.000000,100.000000,8.215816
93,70,215.000000,100.000000,8.194094
94,70,220.000000,100.000000,8.172373
95,70,225.000000,100.000000,8.150651
96,70,230.000000,100.000000,8.128880
97,70,235.000000,100.000000,8.107049
98,70,240.000000,100.000000,8.084315
99,70,245.000000,100.000000,8.060981
100,70,250.000000,100.000000,8.037647
0,71,-250.000000,105.000000,10.163775
1,71,-245.000000,105.000000,10.158116
2,71,-240.000000,105.000000,10.146958
3,71,-235.000000,105.000000,10.135722
4,71,-230.000000,105.000000,10.124146
5,71,-225.000000,105.000000,10.112570
6,71,-220.000000,105.000000,10.100995
7,71,-215.000000,105.000000,10.086974
8,71,-210.000000,105.000000,10.070298
9,71,-205.000000,105.000000,10.053194
10,71,-200.000000,105.000000,10.035832
11,71,-195.000000,105.000000,10.018470
12,71,-190.000000,105.000000,10.001108
13,71,-185.000000,105.000000,9.982236
14,71,-180.000000,105.000000,9.963205
15,71,-175.000000,105.000000,9.943858
16,71,-170.000000,105.000000,9.924510
17,71,-165.000000,105.000000,9.905163
18,71,-160.000000,105.000000,9.886123
19,71,-155.000000,105.000000,9.867651
20,71,-150.000000,105.000000,9.849302
21,71,-145.000000,105.000000,9.831078
22,71,-140.000000,105.000000,9.812853
23,71,-135.000000,105.000000,9.794628
24,71,-130.000000,105.000000,9.776731
25,71,-125.000000,105.000000,9.758922
26,71,-120.000000,105.000000,9.741257
27,71,-115.000000,105.000000,9.723603
28,71,-110.000000,105.000000,9.705948
29,71,-105.000000,105.000000,9.687936
30,71,-100.000000,105.000000,9.668682
31,71,-95.000000,105.000000,9.649147
32,71,-90.000000,105.000000,9.629133
33,71,-85.000000,105.000000,9.609118
34,71,-80.000000,105.000000,9.589104
35,71,-75.000000,105.000000,9.567430
36,71,-70.000000,105.000000,9.544899
37,71,-65.000000,105.000000,9.521164
38,71,-60.000000,105.000000,9.497137
39,71,-55.000000,105.000000,9.473109
40,71,-50.000000,105.000000,9.448943
41,71,-45.000000,105.000000,9.423457
42,71,-40.000000,105.000000,9.397714
43,71,-35.000000,105.000000,9.371156
44,71,-30.000000,105.000000,9.344598
45,71,-25.000000,105.000000,9.318041
46,71,-20.000000,105.000000,9.291623
47,71,-15.000000,105.000000,9.265328
48,71,-10.000000,105.000000,9.239195
49,71,-5.000000,105.000000,9.213138
50,71,0.000000,105.000000,9.187082
51,71,5.000000,105.000000,9.161025
52,71,10.000000,105.000000,9.135997
53,71,15.000000,105.000000,9.111135
54,71,20.000000,105.000000,9.087318
55,71,25.000000,105.000000,9.063500
56,71,30.000000,105.000000,9.039683
57,71,35.000000,105.000000,9.016137
58,71,40.000000,105.000000,8.992992
59,71,45.000000,105.000000,8.970350
60,71,50.000000,105.000000,8.948121
61,71,55.000000,105.000000,8.925892
62,71,60.000000,105.000000,8.903663
63,71,65.000000,105.000000,8.881395
64,71,70.000000,105.000000,8.859121
65,71,75.000000,105.000000,8.836771
66,71,80.000000,105.000000,8.814421
67,71,85.000000,105.000000,8.792070
68,71,90.000000,105.000000,8.769638
69,71,95.000000,105.000000,8.746993
70,71,100.000000,105.000000,8.724088
71,71,105.000000,105.000000,8.700824
72,71,110.000000,105.000000,8.677559
73,71,115.000000,105.000000,8.654295
74,71,120.000000,105.000000,8.630993
75,71,125.000000,105.000000,8.607676
76,71,130.000000,105.000000,8.584238
77,71,135.000000,105.000000,8.560780
78,71,140.000000,105.000000,8.537322
79,71,145.000000,105.000000,8.513893
80,71,150.000000,105.000000,8.490637
81,71,155.000000,105.000000,8.467589
82,71,160.000000,105.000000,8.445047
83,71,165.000000,105.000000,8.422505
84,71,170.000000,105.000000,8.399963
85,71,175.000000,105.000000,8.377515
86,71,180.000000,105.000000,8.355136
87,71,185.000000,105.000000,8.333338
88,71,190.000000,105.000000,8.311756
89,71,195.000000,105.000000,8.290174
90,71,200.000000,105.000000,8.268592
91,71,205.000000,105.000000,8.246974
92,71,210.000000,105.000000,8.225311
93,71,215.000000,105.000000,8.203424
94,71,220.000000,105.000000,8.181537
95,71,225.000000,105.000000,8.159650
96,71,230.000000,105.000000,8.137713
97,71,235.000000,105.000000,8.115715
98,71,240.000000,105.000000,8.092800
99,71,245.000000,105.000000,8.069276
100,71,250.000000,105.000000,8.045752
0,72,-250.000000,110.000000,10.174565
1,72,-245.000000,110.000000,10.169193
2,72,-240.000000,110.000000,10.158246
3,72,-235.000000,110.000000,10.147219
4,72,-230.000000,110.000000,10.135849
5,72,-225.000000,110.000000,10.124478
6,72,-220.000000,110.000000,10.113108
7,72,-215.000000,110.000000,10.099270
8,72,-210.000000,110.000000,10.082754
9,72,-205.000000,110.000000,10.065805
10,72,-200.000000,110.000000,10.048596
11,72,-195.000000,110.000000,10.031387
12,72,-190.000000,110.000000,10.014178
13,72,-185.000000,110.000000,9.995454
14,72,-180.000000,110.000000,9.976569
15,72,-175.000000,110.000000,9.957367
16,72,-170.000000,110.000000,9.938166
17,72,-165.000000,110.000000,9.918964
18,72,-160.000000,110.000000,9.900071
19,72,-155.000000,110.000000,9.881747
20,72,-150.000000,110.000000,9.863547
21,72,-145.000000,110.000000,9.845472
22,72,-140.000000,110.000000,9.827396
23,72,-135.000000,110.000000,9.809321
24,72,-130.000000,110.000000,9.791556
25,72,-125.000000,110.000000,9.773875
26,72,-120.000000,110.000000,9.756330
27,72,-115.000000,110.000000,9.738796
28,72,-110.000000,110.000000,9.721261
29,72,-105.000000,110.000000,9.703359
30,72,-100.000000,110.000000,9.684178
31,72,-95.000000,110.000000,9.664708
32,72,-90.000000,110.000000,9.644745
33,72,-85.000000,110.000000,9.624782
34,72,-80.000000,110.000000,9.604819
35,72,-75.000000,110.000000,9.583169
36,72,-70.000000,110.000000,9.560647
37,72,-65.000000,110.000000,9.536900
38,72,-60.000000,110.000000,9.512857
39,72,-55.000000,110.000000,9.488813
40,72,-50.000000,110.000000,9.464629
41,72,-45.000000,110.000000,9.439111
42,72,-40.000000,110.000000,9.413332
43,72,-35.000000,110.000000,9.386730
44,72,-30.000000,110.000000,9.360128
45,72,-25.000000,110.000000,9.333526
46,72,-20.000000,110.000000,9.307066
47,72,-15.000000,110.000000,9.280732
48,72,-10.000000,110.000000,9.254561
49,72,-5.000000,110.000000,9.228467
50,72,0.000000,110.000000,9.202374
51,72,5.000000,110.000000,9.176281
52,72,10.000000,110.000000,9.151216
53,72,15.000000,110.000000,9.126318
54,72,20.000000,110.000000,9.102464
55,72,25.000000,110.000000,9.078609
56,72,30.000000,110.000000,9.054755
57,72,35.000000,110.000000,9.031165
58,72,40.000000,110.000000,9.007967
59,72,45.000000,110.000000,8.985257
60,72,50.000000,110.000000,8.962950
61,72,55.000000,110.000000,8.940644
62,72,60.000000,110.000000,8.918337
63,72,65.000000,110.000000,8.895971
64,72,70.000000,110.000000,8.873593
65,72,75.000000,110.000000,8.851099
66,72,80.000000,110.000000,8.828603
67,72,85.000000,110.000000,8.806107
68,72,90.000000,110.000000,8.783526
69,72,95.000000,110.000000,8.760719
70,72,100.000000,110.000000,8.737638
71,72,105.000000,110.000000,8.714177
72,72,110.000000,110.000000,8.690717
73,72,115.000000,110.000000,8.667257
74,72,120.000000,110.000000,8.643758
75,72,125.000000,110.000000,8.620243
76,72,130.000000,110.000000,8.596604
77,72,135.000000,110.000000,8.572944
78,72,140.000000,110.000000,8.549283
79,72,145.000000,110.000000,8.525653
80,72,150.000000,110.000000,8.502201
81,72,155.000000,110.000000,8.478962
82,72,160.000000,110.000000,8.456243
83,72,165.000000,110.000000,8.433524
84,72,170.000000,110.000000,8.410805
85,72,175.000000,110.000000,8.388183
86,72,180.000000,110.000000,8.365630
87,72,185.000000,110.000000,8.343671
88,72,190.000000,110.000000,8.321932
89,72,195.000000,110.000000,8.300194
90,72,200.000000,110.000000,8.278454
91,72,205.000000,110.000000,8.256679
92,72,210.000000,110.000000,8.234859
93,72,215.000000,110.000000,8.212810
94,72,220.000000,110.000000,8.190762
95,72,225.000000,110.000000,8.168713
96,72,230.000000,110.000000,8.146613
97,72,235.000000,110.000000,8.124452
98,72,240.000000,110.000000,8.101363
99,72,245.000000,110.000000,8.077657
100,72,250.000000,110.000000,8.053951
0,73,-250.000000,115.000000,10.184257
1,73,-245.000000,115.000000,10.179175
2,73,-240.000000,115.000000,10.168451
3,73,-235.000000,115.000000,10.157646
4,73,-230.000000,115.000000,10.146493
5,73,-225.000000,115.000000,10.135340
6,73,-220.000000,115.000000,10.124187
7,73,-215.000000,115.000000,10.110549
8,73,-210.000000,115.000000,10.094214
9,73,-205.000000,115.000000,10.077443
10,73,-200.000000,115.000000,10.060411
11,73,-195.000000,115.000000,10.043378
12,73,-190.000000,115.000000,10.026345
13,73,-185.000000,115.000000,10.007792
14,73,-180.000000,115.000000,9.989077
15,73,-175.000000,115.000000,9.970045
16,73,-170.000000,115.000000,9.951012
17,73,-165.000000,115.000000,9.931979
18,73,-160.000000,115.000000,9.913254
19,73,-155.000000,115.000000,9.895094
20,73,-150.000000,115.000000,9.877058
21,73,-145.000000,115.000000,9.859145
22,73,-140.000000,115.000000,9.841233
23,73,-135.000000,115.000000,9.823320
24,73,-130.000000,115.000000,9.805697
25,73,-125.000000,115.000000,9.788153
26,73,-120.000000,115.000000,9.770735
27,73,-115.000000,115.000000,9.753327
28,73,-110.000000,115.000000,9.735919
29,73,-105.000000,115.000000,9.718134
30,73,-100.000000,115.000000,9.699036
31,73,-95.000000,115.000000,9.679642
32,73,-90.000000,115.000000,9.659742
33,73,-85.000000,115.000000,9.639841
34,73,-80.000000,115.000000,9.619941
35,73,-75.000000,115.000000,9.598330
36,73,-70.000000,115.000000,9.575835
37,73,-65.000000,115.000000,9.552099
38,73,-60.000000,115.000000,9.528062
39,73,-55.000000,115.000000,9.504025
40,73,-50.000000,115.000000,9.479846
41,73,-45.000000,115.000000,9.454323
42,73,-40.000000,115.000000,9.428537
43,73,-35.000000,115.000000,9.401921
44,73,-30.000000,115.000000,9.375306
45,73,-25.000000,115.000000,9.348691
46,73,-20.000000,115.000000,9.322219
47,73,-15.000000,115.000000,9.295874
48,73,-10.000000,115.000000,9.269694
49,73,-5.000000,115.000000,9.243593
50,73,0.000000,115.000000,9.217492
51,73,5.000000,115.000000,9.191391
52,73,10.000000,115.000000,9.166313
53,73,15.000000,115.000000,9.141401
54,73,20.000000,115.000000,9.117528
55,73,25.000000,115.000000,9.093655
56,73,30.000000,115.000000,9.069783
57,73,35.000000,115.000000,9.046166
58,73,40.000000,115.000000,9.022927
59,73,45.000000,115.000000,9.000161
60,73,50.000000,115.000000,8.977784
61,73,55.000000,115.000000,8.955408
62,73,60.000000,115.000000,8.933031
63,73,65.000000,115.000000,8.910572
64,73,70.000000,115.000000,8.888098
65,73,75.000000,115.000000,8.865461
66,73,80.000000,115.000000,8.842822
67,73,85.000000,115.000000,8.820183
68,73,90.000000,115.000000,8.797454
69,73,95.000000,115.000000,8.774488
70,73,100.000000,115.000000,8.751232
71,73,105.000000,115.000000,8.727578
72,73,110.000000,115.000000,8.703923
73,73,115.000000,115.000000,8.680268
74,73,120.000000,115.000000,8.656574
75,73,125.000000,115.000000,8.632864
76,73,130.000000,115.000000,8.609026
77,73,135.000000,115.000000,8.585166
78,73,140.000000,115.000000,8.561306
79,73,145.000000,115.000000,8.537478
80,73,150.000000,115.000000,8.513831
81,73,155.000000,115.000000,8.490404
82,73,160.000000,115.000000,8.467510
83,73,165.000000,115.000000,8.444616
84,73,170.000000,115.000000,8.421722
85,73,175.000000,115.000000,8.398928
86,73,180.000000,115.000000,8.376204
87,73,185.000000,115.000000,8.354085
88,73,190.000000,115.000000,8.332193
89,73,195.000000,115.000000,8.310300
90,73,200.000000,115.000000,8.288407
91,73,205.000000,115.000000,8.266477
92,73,210.000000,115.000000,8.244503
93,73,215.000000,115.000000,8.222299
94,73,220.000000,115.000000,8.200095
95,73,225.000000,115.000000,8.177891
96,73,230.000000,115.000000,8.155636
97,73,235.000000,115.000000,8.133319
98,73,240.000000,115.000000,8.110067
99,73,245.000000,115.000000,8.086194
100,73,250.000000,115.000000,8.062321
0,74,-250.000000,120.000000,10.191416
1,74,-245.000000,120.000000,10.186633
2,74,-240.000000,120.000000,10.176158
3,74,-235.000000,120.000000,10.165602
4,74,-230.000000,120.000000,10.154694
5,74,-225.000000,120.000000,10.143787
6,74,-220.000000,120.000000,10.132880
7,74,-215.000000,120.000000,10.119481
8,74,-210.000000,120.000000,10.103378
9,74,-205.000000,120.000000,10.086838
10,74,-200.000000,120.000000,10.070035
11,74,-195.000000,120.000000,10.053233
12,74,-190.000000,120.000000,10.036430
13,74,-185.000000,120.000000,10.018101
14,74,-180.000000,120.000000,9.999611
15,74,-175.000000,120.000000,9.980801
16,74,-170.000000,120.000000,9.961992
17,74,-165.000000,120.000000,9.943182
18,74,-160.000000,120.000000,9.924671
19,74,-155.000000,120.000000,9.906713
20,74,-150.000000,120.000000,9.888874
21,74,-145.000000,120.000000,9.871156
22,74,-140.000000,120.000000,9.853438
23,74,-135.000000,120.000000,9.835720
24,74,-130.000000,120.000000,9.818262
25,74,-125.000000,120.000000,9.800873
26,74,-120.000000,120.000000,9.783599
27,74,-115.000000,120.000000,9.766333
28,74,-110.000000,120.000000,9.749067
29,74,-105.000000,120.000000,9.731415
30,74,-100.000000,120.000000,9.712423
31,74,-95.000000,120.000000,9.693128
32,74,-90.000000,120.000000,9.673316
33,74,-85.000000,120.000000,9.653504
34,74,-80.000000,120.000000,9.633691
35,74,-75.000000,120.000000,9.612156
36,74,-70.000000,120.000000,9.589731
37,74,-65.000000,120.000000,9.566056
38,74,-60.000000,120.000000,9.542078
39,74,-55.000000,120.000000,9.518100
40,74,-50.000000,120.000000,9.493980
41,74,-45.000000,120.000000,9.468515
42,74,-40.000000,120.000000,9.442788
43,74,-35.000000,120.000000,9.416230
44,74,-30.000000,120.000000,9.389673
45,74,-25.000000,120.000000,9.363115
46,74,-20.000000,120.000000,9.336701
47,74,-15.000000,120.000000,9.310414
48,74,-10.000000,120.000000,9.284292
49,74,-5.000000,120.000000,9.258249
50,74,0.000000,120.000000,9.232205
51,74,5.000000,120.000000,9.206162
52,74,10.000000,120.000000,9.181126
53,74,15.000000,120.000000,9.156254
54,74,20.000000,120.000000,9.132405
55,74,25.000000,120.000000,9.108557
56,74,30.000000,120.000000,9.084708
57,74,35.000000,120.000000,9.061102
58,74,40.000000,120.000000,9.037855
59,74,45.000000,120.000000,9.015057
60,74,50.000000,120.000000,8.992628
61,74,55.000000,120.000000,8.970200
62,74,60.000000,120.000000,8.947771
63,74,65.000000,120.000000,8.925234
64,74,70.000000,120.000000,8.902675
65,74,75.000000,120.000000,8.879902
66,74,80.000000,120.000000,8.857125
67,74,85.000000,120.000000,8.834348
68,74,90.000000,120.000000,8.811476
69,74,95.000000,120.000000,8.788356
70,74,100.000000,120.000000,8.764930
71,74,105.000000,120.000000,8.741085
72,74,110.000000,120.000000,8.717240
73,74,115.000000,120.000000,8.693395
74,74,120.000000,120.000000,8.669510
75,74,125.000000,120.000000,8.645609
76,74,130.000000,120.000000,8.621577
77,74,135.000000,120.000000,8.597523
78,74,140.000000,120.000000,8.573470
79,74,145.000000,120.000000,8.549448
80,74,150.000000,120.000000,8.525613
81,74,155.000000,120.000000,8.502003
82,74,160.000000,120.000000,8.478940
83,74,165.000000,120.000000,8.455877
84,74,170.000000,120.000000,8.432813
85,74,175.000000,120.000000,8.409851
86,74,180.000000,120.000000,8.386961
87,74,185.000000,120.000000,8.364690
88,74,190.000000,120.000000,8.342649
89,74,195.000000,120.000000,8.320608
90,74,200.000000,120.000000,8.298566
91,74,205.000000,120.000000,8.276489
92,74,210.000000,120.000000,8.254368
93,74,215.000000,120.000000,8.232024
94,74,220.000000,120.000000,8.209680
95,74,225.000000,120.000000,8.187336
96,74,230.000000,120.000000,8.164941
97,74,235.000000,120.000000,8.142484
98,74,240.000000,120.000000,8.119098
99,74,245.000000,120.000000,8.095093
100,74,250.000000,120.000000,8.071089
0,75,-250.000000,125.000000,10.197241
1,75,-245.000000,125.000000,10.192761
2,75,-240.000000,125.000000,10.182550
3,75,-235.000000,125.000000,10.172257
4,75,-230.000000,125.000000,10.161610
5,75,-225.000000,125.000000,10.150963
6,75,-220.000000,125.000000,10.140316
7,75,-215.000000,125.000000,10.127178
8,75,-210.000000,125.000000,10.111333
9,75,-205.000000,125.000000,10.095051
10,75,-200.000000,125.000000,10.078507
11,75,-195.000000,125.000000,10.061963
12,75,-190.000000,125.000000,10.045418
13,75,-185.000000,125.000000,10.027343
14,75,-180.000000,125.000000,10.009105
15,75,-175.000000,125.000000,9.990547
16,75,-170.000000,125.000000,9.971988
17,75,-165.000000,125.000000,9.953430
18,75,-160.000000,125.000000,9.935159
19,75,-155.000000,125.000000,9.917421
20,75,-150.000000,125.000000,9.899798
21,75,-145.000000,125.000000,9.882291
22,75,-140.000000,125.000000,9.864785
23,75,-135.000000,125.000000,9.847278
24,75,-130.000000,125.000000,9.829996
25,75,-125.000000,125.000000,9.812774
26,75,-120.000000,125.000000,9.795651
27,75,-115.000000,125.000000,9.778535
28,75,-110.000000,125.000000,9.761419
29,75,-105.000000,125.000000,9.743910
30,75,-100.000000,125.000000,9.725035
31,75,-95.000000,125.000000,9.705852
32,75,-90.000000,125.000000,9.686141
33,75,-85.000000,125.000000,9.666430
34,75,-80.000000,125.000000,9.646720
35,75,-75.000000,125.000000,9.625280
36,75,-70.000000,125.000000,9.602947
37,75,-65.000000,125.000000,9.579360
38,75,-60.000000,125.000000,9.555469
39,75,-55.000000,125.000000,9.531577
40,75,-50.000000,125.000000,9.507544
41,75,-45.000000,125.000000,9.482171
42,75,-40.000000,125.000000,9.456536
43,75,-35.000000,125.000000,9.430074
44,75,-30.000000,125.000000,9.403612
45,75,-25.000000,125.000000,9.377150
46,75,-20.000000,125.000000,9.350830
47,75,-15.000000,125.000000,9.324637
48,75,-10.000000,125.000000,9.298608
49,75,-5.000000,125.000000,9.272657
50,75,0.000000,125.000000,9.246706
51,75,5.000000,125.000000,9.220755
52,75,10.000000,125.000000,9.195791
53,75,15.000000,125.000000,9.170987
54,75,20.000000,125.000000,9.147184
55,75,25.000000,125.000000,9.123381
56,75,30.000000,125.000000,9.099579
57,75,35.000000,125.000000,9.076004
58,75,40.000000,125.000000,9.052766
59,75,45.000000,125.000000,9.029948
60,75,50.000000,125.000000,9.007478
61,75,55.000000,125.000000,8.985007
62,75,60.000000,125.000000,8.962536
63,75,65.000000,125.000000,8.939927
64,75,70.000000,125.000000,8.917292
65,75,75.000000,125.000000,8.894384
66,75,80.000000,125.000000,8.871472
67,75,85.000000,125.000000,8.848560
68,75,90.000000,125.000000,8.825549
69,75,95.000000,125.000000,8.802275
70,75,100.000000,125.000000,8.778683
71,75,105.000000,125.000000,8.754649
72,75,110.000000,125.000000,8.730616
73,75,115.000000,125.000000,8.706583
74,75,120.000000,125.000000,8.682509
75,75,125.000000,125.000000,8.658418
76,75,130.000000,125.000000,8.634196
77,75,135.000000,125.000000,8.609952
78,75,140.000000,125.000000,8.585707
79,75,145.000000,125.000000,8.561496
80,75,150.000000,125.000000,8.537475
81,75,155.000000,125.000000,8.513686
82,75,160.000000,125.000000,8.490456
83,75,165.000000,125.000000,8.467226
84,75,170.000000,125.000000,8.443996
85,75,175.000000,125.000000,8.420869
86,75,180.000000,125.000000,8.397816
87,75,185.000000,125.000000,8.375394
88,75,190.000000,125.000000,8.353208
89,75,195.000000,125.000000,8.331022
90,75,200.000000,125.000000,8.308834
91,75,205.000000,125.000000,8.286614
92,75,210.000000,125.000000,8.264351
93,75,215.000000,125.000000,8.241874
94,75,220.000000,125.000000,8.219398
95,75,225.000000,125.000000,8.196922
96,75,230.000000,125.000000,8.174395
97,75,235.000000,125.000000,8.151807
98,75,240.000000,125.000000,8.128300
99,75,245.000000,125.000000,8.104183
100,75,250.000000,125.000000,8.080065
0,76,-250.000000,130.000000,10.203067
1,76,-245.000000,130.000000,10.198890
2,76,-240.000000,130.000000,10.188942
3,76,-235.000000,130.000000,10.178912
4,76,-230.000000,130.000000,10.168526
5,76,-225.000000,130.000000,10.158139
6,76,-220.000000,130.000000,10.147753
7,76,-215.000000,130.000000,10.134874
8,76,-210.000000,130.000000,10.119288
9,76,-205.000000,130.000000,10.103265
10,76,-200.000000,130.000000,10.086979
11,76,-195.000000,130.000000,10.070693
12,76,-190.000000,130.000000,10.054407
13,76,-185.000000,130.000000,10.036584
14,76,-180.000000,130.000000,10.018599
15,76,-175.000000,130.000000,10.000292
16,76,-170.000000,130.000000,9.981985
17,76,-165.000000,130.000000,9.963678
18,76,-160.000000,130.000000,9.945648
19,76,-155.000000,130.000000,9.928129
20,76,-150.000000,130.000000,9.910722
21,76,-145.000000,130.000000,9.893426
22,76,-140.000000,130.000000,9.876131
23,76,-135.000000,130.000000,9.858836
24,76,-130.000000,130.000000,9.841729
25,76,-125.000000,130.000000,9.824674
26,76,-120.000000,130.000000,9.807703
27,76,-115.000000,130.000000,9.790737
28,76,-110.000000,130.000000,9.773771
29,76,-105.000000,130.000000,9.756405
30,76,-100.000000,130.000000,9.737647
31,76,-95.000000,130.000000,9.718575
32,76,-90.000000,130.000000,9.698966
33,76,-85.000000,130.000000,9.679357
34,76,-80.000000,130.000000,9.659748
35,76,-75.000000,130.000000,9.638404
36,76,-70.000000,130.000000,9.616163
37,76,-65.000000,130.000000,9.592664
38,76,-60.000000,130.000000,9.568859
39,76,-55.000000,130.000000,9.545054
40,76,-50.000000,130.000000,9.521108
41,76,-45.000000,130.000000,9.495827
42,76,-40.000000,130.000000,9.470284
43,76,-35.000000,130.000000,9.443918
44,76,-30.000000,130.000000,9.417551
45,76,-25.000000,130.000000,9.391184
46,76,-20.000000,130.000000,9.364959
47,76,-15.000000,130.000000,9.338860
48,76,-10.000000,130.000000,9.312923
49,76,-5.000000,130.000000,9.287065
50,76,0.000000,130.000000,9.261207
51,76,5.000000,130.000000,9.235348
52,76,10.000000,130.000000,9.210455
53,76,15.000000,130.000000,9.185719
54,76,20.000000,130.000000,9.161963
55,76,25.000000,130.000000,9.138206
56,76,30.000000,130.000000,9.114450
57,76,35.000000,130.000000,9.090906
58,76,40.000000,130.000000,9.067676
59,76,45.000000,130.000000,9.044840
60,76,50.000000,130.000000,9.022327
61,76,55.000000,130.000000,8.999814
62,76,60.000000,130.000000,8.977300
63,76,65.000000,130.000000,8.954620
64,76,70.000000,130.000000,8.931908
65,76,75.000000,130.000000,8.908866
66,76,80.000000,130.000000,8.885819
67,76,85.000000,130.000000,8.862772
68,76,90.000000,130.000000,8.839621
69,76,95.000000,130.000000,8.816195
70,76,100.000000,130.000000,8.792435
71,76,105.000000,130.000000,8.768213
72,76,110.000000,130.000000,8.743992
73,76,115.000000,130.000000,8.719770
74,76,120.000000,130.000000,8.695507
75,76,125.000000,130.000000,8.671228
76,76,130.000000,130.000000,8.646815
77,76,135.000000,130.000000,8.622380
78,76,140.000000,130.000000,8.597945
79,76,145.000000,130.000000,8.573544
80,76,150.000000,130.000000,8.549338
81,76,155.000000,130.000000,8.525368
82,76,160.000000,130.000000,8.501972
83,76,165.000000,130.000000,8.478575
84,76,170.000000,130.000000,8.455178
85,76,175.000000,130.000000,8.431887
86,76,180.000000,130.000000,8.408671
87,76,185.000000,130.000000,8.386099
88,76,190.000000,130.000000,8.363767
89,76,195.000000,130.000000,8.341435
90,76,200.000000,130.000000,8.319103
91,76,205.000000,130.000000,8.296738
92,76,210.000000,130.000000,8.274333
93,76,215.000000,130.000000,8.251724
94,76,220.000000,130.000000,8.229116
95,76,225.000000,130.000000,8.206507
96,76,230.000000,130.000000,8.183848
97,76,235.000000,130.000000,8.161130
98,76,240.000000,130.000000,8.137503
99,76,245.000000,130.000000,8.113272
100,76,250.000000,130.000000,8.089041
0,77,-250.000000,135.000000,10.208871
1,77,-245.000000,135.000000,10.205002
2,77,-240.000000,135.000000,10.195320
3,77,-235.000000,135.000000,10.185555
4,77,-230.000000,135.000000,10.175431
5,77,-225.000000,135.000000,10.165308
6,77,-220.000000,135.000000,10.155184
7,77,-215.000000,135.000000,10.142566
8,77,-210.000000,135.000000,10.127240
9,77,-205.000000,135.000000,10.111477
10,77,-200.000000,135.000000,10.095451
11,77,-195.000000,135.000000,10.079425
12,77,-190.000000,135.000000,10.063399
13,77,-185.000000,135.000000,10.045832
14,77,-180.000000,135.000000,10.028101
15,77,-175.000000,135.000000,10.010048
16,77,-170.000000,135.000000,9.991995
17,77,-165.000000,135.000000,9.973942
18,77,-160.000000,135.000000,9.956156
19,77,-155.000000,135.000000,9.938861
20,77,-150.000000,135.000000,9.921673
21,77,-145.000000,135.000000,9.904592
22,77,-140.000000,135.000000,9.887512
23,77,-135.000000,135.000000,9.870431
24,77,-130.000000,135.000000,9.853505
25,77,-125.000000,135.000000,9.836620
26,77,-120.000000,135.000000,9.819803
27,77,-115.000000,135.000000,9.802991
28,77,-110.000000,135.000000,9.786178
29,77,-105.000000,135.000000,9.768958
30,77,-100.000000,135.000000,9.750320
31,77,-95.000000,135.000000,9.731362
32,77,-90.000000,135.000000,9.711857
33,77,-85.000000,135.000000,9.692352
34,77,-80.000000,135.000000,9.672846
35,77,-75.000000,135.000000,9.651599
36,77,-70.000000,135.000000,9.629453
37,77,-65.000000,135.000000,9.606043
38,77,-60.000000,135.000000,9.582327
39,77,-55.000000,135.000000,9.558611
40,77,-50.000000,135.000000,9.534754
41,77,-45.000000,135.000000,9.509567
42,77,-40.000000,135.000000,9.484120
43,77,-35.000000,135.000000,9.457852
44,77,-30.000000,135.000000,9.431584
45,77,-25.000000,135.000000,9.405315
46,77,-20.000000,135.000000,9.379189
47,77,-15.000000,135.000000,9.353187
48,77,-10.000000,135.000000,9.327349
49,77,-5.000000,135.000000,9.301588
50,77,0.000000,135.000000,9.275828
51,77,5.000000,135.000000,9.250067
52,77,10.000000,135.000000,9.225250
53,77,15.000000,135.000000,9.200587
54,77,20.000000,135.000000,9.176881
55,77,25.000000,135.000000,9.153176
56,77,30.000000,135.000000,9.129471
57,77,35.000000,135.000000,9.105962
58,77,40.000000,135.000000,9.082744
59,77,45.000000,135.000000,9.059891
60,77,50.000000,135.000000,9.037337
61,77,55.000000,135.000000,9.014783
62,77,60.000000,135.000000,8.992229
63,77,65.000000,135.000000,8.969478
64,77,70.000000,135.000000,8.946689
65,77,75.000000,135.000000,8.923510
66,77,80.000000,135.000000,8.900325
67,77,85.000000,135.000000,8.877141
68,77,90.000000,135.000000,8.853847
69,77,95.000000,135.000000,8.830266
70,77,100.000000,135.000000,8.806335
71,77,105.000000,135.000000,8.781921
72,77,110.000000,135.000000,8.757506
73,77,115.000000,135.000000,8.733092
74,77,120.000000,135.000000,8.708636
75,77,125.000000,135.000000,8.684163
76,77,130.000000,135.000000,8.659556
77,77,135.000000,135.000000,8.634927
78,77,140.000000,135.000000,8.610297
79,77,145.000000,135.000000,8.585702
80,77,150.000000,135.000000,8.561307
81,77,155.000000,135.000000,8.537155
82,77,160.000000,135.000000,8.513590
83,77,165.000000,135.000000,8.490025
84,77,170.000000,135.000000,8.466460
85,77,175.000000,135.000000,8.443002
86,77,180.000000,135.000000,8.419622
87,77,185.000000,135.000000,8.396899
88,77,190.000000,135.000000,8.374421
89,77,195.000000,135.000000,8.351943
90,77,200.000000,135.000000,8.329465
91,77,205.000000,135.000000,8.306956
92,77,210.000000,135.000000,8.284409
93,77,215.000000,135.000000,8.261668
94,77,220.000000,135.000000,8.238927
95,77,225.000000,135.000000,8.216187
96,77,230.000000,135.000000,8.193396
97,77,235.000000,135.000000,8.170547
98,77,240.000000,135.000000,8.146801
99,77,245.000000,135.000000,8.122458
100,77,250.000000,135.000000,8.098115
0,78,-250.000000,140.000000,10.214618
1,78,-245.000000,140.000000,10.211068
2,78,-240.000000,140.000000,10.201658
3,78,-235.000000,140.000000,10.192164
4,78,-230.000000,140.000000,10.182309
5,78,-225.000000,140.000000,10.172454
6,78,-220.000000,140.000000,10.162599
7,78,-215.000000,140.000000,10.150248
8,78,-210.000000,140.000000,10.135187
9,78,-205.000000,140.000000,10.119688
10,78,-200.000000,140.000000,10.103926
11,78,-195.000000,140.000000,10.088165
12,78,-190.000000,140.000000,10.072403
13,78,-185.000000,140.000000,10.055098
14,78,-180.000000,140.000000,10.037630
15,78,-175.000000,140.000000,10.019838
16,78,-170.000000,140.000000,10.002047
17,78,-165.000000,140.000000,9.984255
18,78,-160.000000,140.000000,9.966721
19,78,-155.000000,140.000000,9.949659
20,78,-150.000000,140.000000,9.932701
21,78,-145.000000,140.000000,9.915846
22,78,-140.000000,140.000000,9.898991
23,78,-135.000000,140.000000,9.882136
24,78,-130.000000,140.000000,9.865399
25,78,-125.000000,140.000000,9.848695
26,78,-120.000000,140.000000,9.832042
27,78,-115.000000,140.000000,9.815393
28,78,-110.000000,140.000000,9.798744
29,78,-105.000000,140.000000,9.781679
30,78,-100.000000,140.000000,9.763168
31,78,-95.000000,140.000000,9.744331
32,78,-90.000000,140.000000,9.724936
33,78,-85.000000,140.000000,9.705540
34,78,-80.000000,140.000000,9.686145
35,78,-75.000000,140.000000,9.665001
36,78,-70.000000,140.000000,9.642955
37,78,-65.000000,140.000000,9.619640
38,78,-60.000000,140.000000,9.596018
39,78,-55.000000,140.000000,9.572395
40,78,-50.000000,140.000000,9.548633
41,78,-45.000000,140.000000,9.523548
42,78,-40.000000,140.000000,9.498205
43,78,-35.000000,140.000000,9.472045
44,78,-30.000000,140.000000,9.445885
45,78,-25.000000,140.000000,9.419725
46,78,-20.000000,140.000000,9.393708
47,78,-15.000000,140.000000,9.367817
48,78,-10.000000,140.000000,9.342090
49,78,-5.000000,140.000000,9.316442
50,78,0.000000,140.000000,9.290794
51,78,5.000000,140.000000,9.265145
52,78,10.000000,140.000000,9.240419
53,78,15.000000,140.000000,9.215842
54,78,20.000000,140.000000,9.192202
55,78,25.000000,140.000000,9.168561
56,78,30.000000,140.000000,9.144920
57,78,35.000000,140.000000,9.121459
58,78,40.000000,140.000000,9.098264
59,78,45.000000,140.000000,9.075400
60,78,50.000000,140.000000,9.052810
61,78,55.000000,140.000000,9.030219
62,78,60.000000,140.000000,9.007629
63,78,65.000000,140.000000,8.984807
64,78,70.000000,140.000000,8.961941
65,78,75.000000,140.000000,8.938619
66,78,80.000000,140.000000,8.915289
67,78,85.000000,140.000000,8.891960
68,78,90.000000,140.000000,8.868516
69,78,95.000000,140.000000,8.844771
70,78,100.000000,140.000000,8.820658
71,78,105.000000,140.000000,8.796038
72,78,110.000000,140.000000,8.771418
73,78,115.000000,140.000000,8.746798
74,78,120.000000,140.000000,8.722136
75,78,125.000000,140.000000,8.697458
76,78,130.000000,140.000000,8.672646
77,78,135.000000,140.000000,8.647812
78,78,140.000000,140.000000,8.622977
79,78,145.000000,140.000000,8.598178
80,78,150.000000,140.000000,8.573585
81,78,155.000000,140.000000,8.549243
82,78,160.000000,140.000000,8.525504
83,78,165.000000,140.000000,8.501765
84,78,170.000000,140.000000,8.478027
85,78,175.000000,140.000000,8.454398
86,78,180.000000,140.000000,8.430849
87,78,185.000000,140.000000,8.407973
88,78,190.000000,140.000000,8.385348
89,78,195.000000,140.000000,8.362723
90,78,200.000000,140.000000,8.340097
91,78,205.000000,140.000000,8.317443
92,78,210.000000,140.000000,8.294753
93,78,215.000000,140.000000,8.271881
94,78,220.000000,140.000000,8.249008
95,78,225.000000,140.000000,8.226136
96,78,230.000000,140.000000,8.203214
97,78,235.000000,140.000000,8.180235
98,78,240.000000,140.000000,8.156372
99,78,245.000000,140.000000,8.131921
100,78,250.000000,140.000000,8.107470
0,79,-250.000000,145.000000,10.220234
1,79,-245.000000,145.000000,10.217031
2,79,-240.000000,145.000000,10.207908
3,79,-235.000000,145.000000,10.198699
4,79,-230.000000,145.000000,10.189125
5,79,-225.000000,145.000000,10.179551
6,79,-220.000000,145.000000,10.169977
7,79,-215.000000,145.000000,10.157905
8,79,-210.000000,145.000000,10.143119
9,79,-205.000000,145.000000,10.127895
10,79,-200.000000,145.000000,10.112407
11,79,-195.000000,145.000000,10.096920
12,79,-190.000000,145.000000,10.081432
13,79,-185.000000,145.000000,10.064405
14,79,-180.000000,145.000000,10.047215
15,79,-175.000000,145.000000,10.029702
16,79,-170.000000,145.000000,10.012189
17,79,-165.000000,145.000000,9.994676
18,79,-160.000000,145.000000,9.977412
19,79,-155.000000,145.000000,9.960606
20,79,-150.000000,145.000000,9.943900
21,79,-145.000000,145.000000,9.927294
22,79,-140.000000,145.000000,9.910688
23,79,-135.000000,145.000000,9.894083
24,79,-130.000000,145.000000,9.877558
25,79,-125.000000,145.000000,9.861056
26,79,-120.000000,145.000000,9.844589
27,79,-115.000000,145.000000,9.828125
28,79,-110.000000,145.000000,9.811660
29,79,-105.000000,145.000000,9.794771
30,79,-100.000000,145.000000,9.776403
31,79,-95.000000,145.000000,9.757702
32,79,-90.000000,145.000000,9.738431
33,79,-85.000000,145.000000,9.719159
34,79,-80.000000,145.000000,9.699887
35,79,-75.000000,145.000000,9.678860
36,79,-70.000000,145.000000,9.656926
37,79,-65.000000,145.000000,9.633718
38,79,-60.000000,145.000000,9.610202
39,79,-55.000000,145.000000,9.586685
40,79,-50.000000,145.000000,9.563030
41,79,-45.000000,145.000000,9.538065
42,79,-40.000000,145.000000,9.512843
43,79,-35.000000,145.000000,9.486813
44,79,-30.000000,145.000000,9.460782
45,79,-25.000000,145.000000,9.434752
46,79,-20.000000,145.000000,9.408868
47,79,-15.000000,145.000000,9.383115
48,79,-10.000000,145.000000,9.357531
49,79,-5.000000,145.000000,9.332028
50,79,0.000000,145.000000,9.306524
51,79,5.000000,145.000000,9.281021
52,79,10.000000,145.000000,9.256416
53,79,15.000000,145.000000,9.231958
54,79,20.000000,145.000000,9.208413
55,79,25.000000,145.000000,9.184867
56,79,30.000000,145.000000,9.161321
57,79,35.000000,145.000000,9.137934
58,79,40.000000,145.000000,9.114782
59,79,45.000000,145.000000,9.091924
60,79,50.000000,145.000000,9.069306
61,79,55.000000,145.000000,9.046689
62,79,60.000000,145.000000,9.024072
63,79,65.000000,145.000000,9.001182
64,79,70.000000,145.000000,8.978239
65,79,75.000000,145.000000,8.954757
66,79,80.000000,145.000000,8.931267
67,79,85.000000,145.000000,8.907777
68,79,90.000000,145.000000,8.884166
69,79,95.000000,145.000000,8.860237
70,79,100.000000,145.000000,8.835918
71,79,105.000000,145.000000,8.811064
72,79,110.000000,145.000000,8.786210
73,79,115.000000,145.000000,8.761356
74,79,120.000000,145.000000,8.736461
75,79,125.000000,145.000000,8.711550
76,79,130.000000,145.000000,8.686509
77,79,135.000000,145.000000,8.661447
78,79,140.000000,145.000000,8.636384
79,79,145.000000,145.000000,8.611358
80,79,150.000000,145.000000,8.586547
81,79,155.000000,145.000000,8.561995
82,79,160.000000,145.000000,8.538072
83,79,165.000000,145.000000,8.514149
84,79,170.000000,145.000000,8.490226
85,79,175.000000,145.000000,8.466416
86,79,180.000000,145.000000,8.442688
87,79,185.000000,145.000000,8.419654
88,79,190.000000,145.000000,8.396879
89,79,195.000000,145.000000,8.374104
90,79,200.000000,145.000000,8.351328
91,79,205.000000,145.000000,8.328526
92,79,210.000000,145.000000,8.305691
93,79,215.000000,145.000000,8.282688
94,79,220.000000,145.000000,8.259685
95,79,225.000000,145.000000,8.236682
96,79,230.000000,145.000000,8.213631
97,79,235.000000,145.000000,8.190523
98,79,240.000000,145.000000,8.166548
99,79,245.000000,145.000000,8.141997
100,79,250.000000,145.000000,8.117446
0,80,-250.000000,150.000000,10.225747
1,80,-245.000000,150.000000,10.222914
2,80,-240.000000,150.000000,10.214088
3,80,-235.000000,150.000000,10.205175
4,80,-230.000000,150.000000,10.195892
5,80,-225.000000,150.000000,10.186610
6,80,-220.000000,150.000000,10.177328
7,80,-215.000000,150.000000,10.165542
8,80,-210.000000,150.000000,10.151040
9,80,-205.000000,150.000000,10.136098
10,80,-200.000000,150.000000,10.120893
11,80,-195.000000,150.000000,10.105687
12,80,-190.000000,150.000000,10.090482
13,80,-185.000000,150.000000,10.073744
14,80,-180.000000,150.000000,10.056844
15,80,-175.000000,150.000000,10.039623
16,80,-170.000000,150.000000,10.022402
17,80,-165.000000,150.000000,10.005181
18,80,-160.000000,150.000000,9.988202
19,80,-155.000000,150.000000,9.971669
20,80,-150.000000,150.000000,9.955233
21,80,-145.000000,150.000000,9.938895
22,80,-140.000000,150.000000,9.922557
23,80,-135.000000,150.000000,9.906219
24,80,-130.000000,150.000000,9.889924
25,80,-125.000000,150.000000,9.873641
26,80,-120.000000,150.000000,9.857377
27,80,-115.000000,150.000000,9.841114
28,80,-110.000000,150.000000,9.824852
29,80,-105.000000,150.000000,9.808154
30,80,-100.000000,150.000000,9.789942
31,80,-95.000000,150.000000,9.771389
32,80,-90.000000,150.000000,9.752252
33,80,-85.000000,150.000000,9.733115
34,80,-80.000000,150.000000,9.713978
35,80,-75.000000,150.000000,9.693077
36,80,-70.000000,150.000000,9.671266
37,80,-65.000000,150.000000,9.648175
38,80,-60.000000,150.000000,9.624773
39,80,-55.000000,150.000000,9.601371
40,80,-50.000000,150.000000,9.577833
41,80,-45.000000,150.000000,9.553001
42,80,-40.000000,150.000000,9.527915
43,80,-35.000000,150.000000,9.502031
44,80,-30.000000,150.000000,9.476147
45,80,-25.000000,150.000000,9.450262
46,80,-20.000000,150.000000,9.424532
47,80,-15.000000,150.000000,9.398938
48,80,-10.000000,150.000000,9.373520
49,80,-5.000000,150.000000,9.348188
50,80,0.000000,150.000000,9.322855
51,80,5.000000,150.000000,9.297522
52,80,10.000000,150.000000,9.273065
53,80,15.000000,150.000000,9.248749
54,80,20.000000,150.000000,9.225322
55,80,25.000000,150.000000,9.201896
56,80,30.000000,150.000000,9.178469
57,80,35.000000,150.000000,9.155177
58,80,40.000000,150.000000,9.132085
59,80,45.000000,150.000000,9.109243
60,80,50.000000,150.000000,9.086607
61,80,55.000000,150.000000,9.063971
62,80,60.000000,150.000000,9.041334
63,80,65.000000,150.000000,9.018377
64,80,70.000000,150.000000,8.995357
65,80,75.000000,150.000000,8.971704
66,80,80.000000,150.000000,8.948041
67,80,85.000000,150.000000,8.924378
68,80,90.000000,150.000000,8.900586
69,80,95.000000,150.000000,8.876457
70,80,100.000000,150.000000,8.851914
71,80,105.000000,150.000000,8.826804
72,80,110.000000,150.000000,8.801693
73,80,115.000000,150.000000,8.776582
74,80,120.000000,150.000000,8.751433
75,80,125.000000,150.000000,8.726268
76,80,130.000000,150.000000,8.700980
77,80,135.000000,150.000000,8.675670
78,80,140.000000,150.000000,8.650361
79,80,145.000000,150.000000,8.625091
80,80,150.000000,150.000000,8.600044
81,80,155.000000,150.000000,8.575270
82,80,160.000000,150.000000,8.551154
83,80,165.000000,150.000000,8.527037
84,80,170.000000,150.000000,8.502921
85,80,175.000000,150.000000,8.478922
86,80,180.000000,150.000000,8.455007
87,80,185.000000,150.000000,8.431812
88,80,190.000000,150.000000,8.408885
89,80,195.000000,150.000000,8.385957
90,80,200.000000,150.000000,8.363029
91,80,205.000000,150.000000,8.340077
92,80,210.000000,150.000000,8.317096
93,80,215.000000,150.000000,8.293963
94,80,220.000000,150.000000,8.270830
95,80,225.000000,150.000000,8.247698
96,80,230.000000,150.000000,8.224518
97,80,235.000000,150.000000,8.201283
98,80,240.000000,150.000000,8.177200
99,80,245.000000,150.000000,8.152555
100,80,250.000000,150.000000,8.127910
0,81,-250.000000,155.000000,10.231261
1,81,-245.000000,155.000000,10.228797
2,81,-240.000000,155.000000,10.220268
3,81,-235.000000,155.000000,10.211651
4,81,-230.000000,155.000000,10.202660
5,81,-225.000000,155.000000,10.193669
6,81,-220.000000,155.000000,10.184678
7,81,-215.000000,155.000000,10.173180
8,81,-210.000000,155.000000,10.158961
9,81,-205.000000,155.000000,10.144301
10,81,-200.000000,155.000000,10.129378
11,81,-195.000000,155.000000,10.114454
12,81,-190.000000,155.000000,10.099531
13,81,-185.000000,155.000000,10.083083
14,81,-180.000000,155.000000,10.066473
15,81,-175.000000,155.000000,10.049544
16,81,-170.000000,155.000000,10.032615
17,81,-165.000000,155.000000,10.015686
18,81,-160.000000,155.000000,9.998992
19,81,-155.000000,155.000000,9.982733
20,81,-150.000000,155.000000,9.966567
21,81,-145.000000,155.000000,9.950497
22,81,-140.000000,155.000000,9.934426
23,81,-135.000000,155.000000,9.918356
24,81,-130.000000,155.000000,9.902291
25,81,-125.000000,155.000000,9.886227
26,81,-120.000000,155.000000,9.870166
27,81,-115.000000,155.000000,9.854104
28,81,-110.000000,155.000000,9.838043
29,81,-105.000000,155.000000,9.821536
30,81,-100.000000,155.000000,9.803481
31,81,-95.000000,155.000000,9.785076
32,81,-90.000000,155.000000,9.766074
33,81,-85.000000,155.000000,9.747071
34,81,-80.000000,155.000000,9.728069
35,81,-75.000000,155.000000,9.707295
36,81,-70.000000,155.000000,9.685605
37,81,-65.000000,155.000000,9.662631
38,81,-60.000000,155.000000,9.639344
39,81,-55.000000,155.000000,9.616058
40,81,-50.000000,155.000000,9.592636
41,81,-45.000000,155.000000,9.567937
42,81,-40.000000,155.000000,9.542987
43,81,-35.000000,155.000000,9.517249
44,81,-30.000000,155.000000,9.491511
45,81,-25.000000,155.000000,9.465773
46,81,-20.000000,155.000000,9.440196
47,81,-15.000000,155.000000,9.414760
48,81,-10.000000,155.000000,9.389510
49,81,-5.000000,155.000000,9.364348
50,81,0.000000,155.000000,9.339186
51,81,5.000000,155.000000,9.314024
52,81,10.000000,155.000000,9.289713
53,81,15.000000,155.000000,9.265540
54,81,20.000000,155.000000,9.242232
55,81,25.000000,155.000000,9.218924
56,81,30.000000,155.000000,9.195616
57,81,35.000000,155.000000,9.172420
58,81,40.000000,155.000000,9.149388
59,81,45.000000,155.000000,9.126563
60,81,50.000000,155.000000,9.103908
61,81,55.000000,155.000000,9.081252
62,81,60.000000,155.000000,9.058597
63,81,65.000000,155.000000,9.035572
64,81,70.000000,155.000000,9.012476
65,81,75.000000,155.000000,8.988651
66,81,80.000000,155.000000,8.964814
67,81,85.000000,155.000000,8.940978
68,81,90.000000,155.000000,8.917006
69,81,95.000000,155.000000,8.892676
70,81,100.000000,155.000000,8.867910
71,81,105.000000,155.000000,8.842543
72,81,110.000000,155.000000,8.817176
73,81,115.000000,155.000000,8.791809
74,81,120.000000,155.000000,8.766405
75,81,125.000000,155.000000,8.740987
76,81,130.000000,155.000000,8.715450
77,81,135.000000,155.000000,8.689894
78,81,140.000000,155.000000,8.664338
79,81,145.000000,155.000000,8.638823
80,81,150.000000,155.000000,8.613542
81,81,155.000000,155.000000,8.588545
82,81,160.000000,155.000000,8.564235
83,81,165.000000,155.000000,8.539925
84,81,170.000000,155.000000,8.515616
85,81,175.000000,155.000000,8.491428
86,81,180.000000,155.000000,8.467327
87,81,185.000000,155.000000,8.443970
88,81,190.000000,155.000000,8.420890
89,81,195.000000,155.000000,8.397810
90,81,200.000000,155.000000,8.374730
91,81,205.000000,155.000000,8.351628
92,81,210.000000,155.000000,8.328500
93,81,215.000000,155.000000,8.305238
94,81,220.000000,155.000000,8.281975
95,81,225.000000,155.000000,8.258713
96,81,230.000000,155.000000,8.235405
97,81,235.000000,155.000000,8.212042
98,81,240.000000,155.000000,8.187853
99,81,245.000000,155.000000,8.163113
100,81,250.000000,155.000000,8.138374
0,82,-250.000000,160.000000,10.236926
1,82,-245.000000,160.000000,10.234834
2,82,-240.000000,160.000000,10.226601
3,82,-235.000000,160.000000,10.218279
4,82,-230.000000,160.000000,10.209580
5,82,-225.000000,160.000000,10.200880
6,82,-220.000000,160.000000,10.192180
7,82,-215.000000,160.000000,10.180968
8,82,-210.000000,160.000000,10.167029
9,82,-205.000000,160.000000,10.152649
10,82,-200.000000,160.000000,10.138005
11,82,-195.000000,160.000000,10.123361
12,82,-190.000000,160.000000,10.108717
13,82,-185.000000,160.000000,10.092556
14,82,-180.000000,160.000000,10.076234
15,82,-175.000000,160.000000,10.059595
16,82,-170.000000,160.000000,10.042957
17,82,-165.000000,160.000000,10.026318
18,82,-160.000000,160.000000,10.009908
19,82,-155.000000,160.000000,9.993922
20,82,-150.000000,160.000000,9.978027
21,82,-145.000000,160.000000,9.962225
22,82,-140.000000,160.000000,9.946423
23,82,-135.000000,160.000000,9.930621
24,82,-130.000000,160.000000,9.914787
25,82,-125.000000,160.000000,9.898944
26,82,-120.000000,160.000000,9.883087
27,82,-115.000000,160.000000,9.867229
28,82,-110.000000,160.000000,9.851371
29,82,-105.000000,160.000000,9.835057
30,82,-100.000000,160.000000,9.817159
31,82,-95.000000,160.000000,9.798903
32,82,-90.000000,160.000000,9.780035
33,82,-85.000000,160.000000,9.761167
34,82,-80.000000,160.000000,9.742299
35,82,-75.000000,160.000000,9.721650
36,82,-70.000000,160.000000,9.700082
37,82,-65.000000,160.000000,9.677222
38,82,-60.000000,160.000000,9.654048
39,82,-55.000000,160.000000,9.630874
40,82,-50.000000,160.000000,9.607567
41,82,-45.000000,160.000000,9.582999
42,82,-40.000000,160.000000,9.558183
43,82,-35.000000,160.000000,9.532589
44,82,-30.000000,160.000000,9.506994
45,82,-25.000000,160.000000,9.481400
46,82,-20.000000,160.000000,9.455974
47,82,-15.000000,160.000000,9.430696
48,82,-10.000000,160.000000,9.405611
49,82,-5.000000,160.000000,9.380619
50,82,0.000000,160.000000,9.355628
51,82,5.000000,160.000000,9.330636
52,82,10.000000,160.000000,9.306472
53,82,15.000000,160.000000,9.282443
54,82,20.000000,160.000000,9.259255
55,82,25.000000,160.000000,9.236066
56,82,30.000000,160.000000,9.212878
57,82,35.000000,160.000000,9.189778
58,82,40.000000,160.000000,9.166807
59,82,45.000000,160.000000,9.143999
60,82,50.000000,160.000000,9.121325
61,82,55.000000,160.000000,9.098650
62,82,60.000000,160.000000,9.075976
63,82,65.000000,160.000000,9.052883
64,82,70.000000,160.000000,9.029709
65,82,75.000000,160.000000,9.005710
66,82,80.000000,160.000000,8.981699
67,82,85.000000,160.000000,8.957687
68,82,90.000000,160.000000,8.933532
69,82,95.000000,160.000000,8.908999
70,82,100.000000,160.000000,8.884006
71,82,105.000000,160.000000,8.858378
72,82,110.000000,160.000000,8.832751
73,82,115.000000,160.000000,8.807123
74,82,120.000000,160.000000,8.781461
75,82,125.000000,160.000000,8.755784
76,82,130.000000,160.000000,8.729997
77,82,135.000000,160.000000,8.704191
78,82,140.000000,160.000000,8.678385
79,82,145.000000,160.000000,8.652621
80,82,150.000000,160.000000,8.627101
81,82,155.000000,160.000000,8.601879
82,82,160.000000,160.000000,8.577374
83,82,165.000000,160.000000,8.552870
84,82,170.000000,160.000000,8.528365
85,82,175.000000,160.000000,8.503986
86,82,180.000000,160.000000,8.479697
87,82,185.000000,160.000000,8.456178
88,82,190.000000,160.000000,8.432945
89,82,195.000000,160.000000,8.409712
90,82,200.000000,160.000000,8.386478
91,82,205.000000,160.000000,8.363227
92,82,210.000000,160.000000,8.339951
93,82,215.000000,160.000000,8.316558
94,82,220.000000,160.000000,8.293165
95,82,225.000000,160.000000,8.269772
96,82,230.000000,160.000000,8.246335
97,82,235.000000,160.000000,8.222844
98,82,240.000000,160.000000,8.198545
99,82,245.000000,160.000000,8.173710
100,82,250.000000,160.000000,8.148875
0,83,-250.000000,165.000000,10.243358
1,83,-245.000000,165.000000,10.241653
2,83,-240.000000,165.000000,10.233715
3,83,-235.000000,165.000000,10.225688
4,83,-230.000000,165.000000,10.217276
5,83,-225.000000,165.000000,10.208865
6,83,-220.000000,165.000000,10.200453
7,83,-215.000000,165.000000,10.189520
8,83,-210.000000,165.000000,10.175849
9,83,-205.000000,165.000000,10.161735
10,83,-200.000000,165.000000,10.147356
11,83,-195.000000,165.000000,10.132977
12,83,-190.000000,165.000000,10.118598
13,83,-185.000000,165.000000,10.102714
14,83,-180.000000,165.000000,10.086671
15,83,-175.000000,165.000000,10.070313
16,83,-170.000000,165.000000,10.053955
17,83,-165.000000,165.000000,10.037597
18,83,-160.000000,165.000000,10.021466
19,83,-155.000000,165.000000,10.005753
20,83,-150.000000,165.000000,9.990132
21,83,-145.000000,165.000000,9.974602
22,83,-140.000000,165.000000,9.959073
23,83,-135.000000,165.000000,9.943543
24,83,-130.000000,165.000000,9.927946
25,83,-125.000000,165.000000,9.912332
26,83,-120.000000,165.000000,9.896688
27,83,-115.000000,165.000000,9.881043
28,83,-110.000000,165.000000,9.865397
29,83,-105.000000,165.000000,9.849283
30,83,-100.000000,165.000000,9.831544
31,83,-95.000000,165.000000,9.813438
32,83,-90.000000,165.000000,9.794705
33,83,-85.000000,165.000000,9.775972
34,83,-80.000000,165.000000,9.757238
35,83,-75.000000,165.000000,9.736711
36,83,-70.000000,165.000000,9.715256
37,83,-65.000000,165.000000,9.692500
38,83,-60.000000,165.000000,9.669428
39,83,-55.000000,165.000000,9.646355
40,83,-50.000000,165.000000,9.623152
41,83,-45.000000,165.000000,9.598702
42,83,-40.000000,165.000000,9.574008
43,83,-35.000000,165.000000,9.548545
44,83,-30.000000,165.000000,9.523082
45,83,-25.000000,165.000000,9.497619
46,83,-20.000000,165.000000,9.472335
47,83,-15.000000,165.000000,9.447208
48,83,-10.000000,165.000000,9.422286
49,83,-5.000000,165.000000,9.397461
50,83,0.000000,165.000000,9.372637
51,83,5.000000,165.000000,9.347813
52,83,10.000000,165.000000,9.323797
53,83,15.000000,165.000000,9.299913
54,83,20.000000,165.000000,9.276850
55,83,25.000000,165.000000,9.253787
56,83,30.000000,165.000000,9.230724
57,83,35.000000,165.000000,9.207724
58,83,40.000000,165.000000,9.184818
59,83,45.000000,165.000000,9.162029
60,83,50.000000,165.000000,9.139336
61,83,55.000000,165.000000,9.116643
62,83,60.000000,165.000000,9.093950
63,83,65.000000,165.000000,9.070786
64,83,70.000000,165.000000,9.047532
65,83,75.000000,165.000000,9.023347
66,83,80.000000,165.000000,8.999147
67,83,85.000000,165.000000,8.974948
68,83,90.000000,165.000000,8.950597
69,83,95.000000,165.000000,8.925848
70,83,100.000000,165.000000,8.900610
71,83,105.000000,165.000000,8.874701
72,83,110.000000,165.000000,8.848793
73,83,115.000000,165.000000,8.822884
74,83,120.000000,165.000000,8.796943
75,83,125.000000,165.000000,8.770990
76,83,130.000000,165.000000,8.744932
77,83,135.000000,165.000000,8.718858
78,83,140.000000,165.000000,8.692783
79,83,145.000000,165.000000,8.666753
80,83,150.000000,165.000000,8.640980
81,83,155.000000,165.000000,8.615518
82,83,160.000000,165.000000,8.590808
83,83,165.000000,165.000000,8.566099
84,83,170.000000,165.000000,8.541390
85,83,175.000000,165.000000,8.516811
86,83,180.000000,165.000000,8.492326
87,83,185.000000,165.000000,8.468639
88,83,190.000000,165.000000,8.445250
89,83,195.000000,165.000000,8.421860
90,83,200.000000,165.000000,8.398470
91,83,205.000000,165.000000,8.375065
92,83,210.000000,165.000000,8.351639
93,83,215.000000,165.000000,8.328111
94,83,220.000000,165.000000,8.304583
95,83,225.000000,165.000000,8.281055
96,83,230.000000,165.000000,8.257484
97,83,235.000000,165.000000,8.233860
98,83,240.000000,165.000000,8.209447
99,83,245.000000,165.000000,8.184508
100,83,250.000000,165.000000,8.159570
0,84,-250.000000,170.000000,10.251467
1,84,-245.000000,170.000000,10.250180
2,84,-240.000000,170.000000,10.242534
3,84,-235.000000,170.000000,10.234797
4,84,-230.000000,170.000000,10.226668
5,84,-225.000000,170.000000,10.218539
6,84,-220.000000,170.000000,10.210410
7,84,-215.000000,170.000000,10.199739
8,84,-210.000000,170.000000,10.186308
9,84,-205.000000,170.000000,10.172430
10,84,-200.000000,170.000000,10.158285
11,84,-195.000000,170.000000,10.144140
12,84,-190.000000,170.000000,10.129995
13,84,-185.000000,170.000000,10.114366
14,84,-180.000000,170.000000,10.098580
15,84,-175.000000,170.000000,10.082482
16,84,-170.000000,170.000000,10.066385
17,84,-165.000000,170.000000,10.050288
18,84,-160.000000,170.000000,10.034423
19,84,-155.000000,170.000000,10.018987
20,84,-150.000000,170.000000,10.003644
21,84,-145.000000,170.000000,9.988395
22,84,-140.000000,170.000000,9.973146
23,84,-135.000000,170.000000,9.957897
24,84,-130.000000,170.000000,9.942553
25,84,-125.000000,170.000000,9.927184
26,84,-120.000000,170.000000,9.911772
27,84,-115.000000,170.000000,9.896358
28,84,-110.000000,170.000000,9.880943
29,84,-105.000000,170.000000,9.865046
30,84,-100.000000,170.000000,9.847473
31,84,-95.000000,170.000000,9.829522
32,84,-90.000000,170.000000,9.810923
33,84,-85.000000,170.000000,9.792324
34,84,-80.000000,170.000000,9.773726
35,84,-75.000000,170.000000,9.753309
36,84,-70.000000,170.000000,9.731953
37,84,-65.000000,170.000000,9.709277
38,84,-60.000000,170.000000,9.686281
39,84,-55.000000,170.000000,9.663286
40,84,-50.000000,170.000000,9.640160
41,84,-45.000000,170.000000,9.615803
42,84,-40.000000,170.000000,9.591206
43,84,-35.000000,170.000000,9.565848
44,84,-30.000000,170.000000,9.540490
45,84,-25.000000,170.000000,9.515132
46,84,-20.000000,170.000000,9.489969
47,84,-15.000000,170.000000,9.464977
48,84,-10.000000,170.000000,9.440208
49,84,-5.000000,170.000000,9.415547
50,84,0.000000,170.000000,9.390885
51,84,5.000000,170.000000,9.366223
52,84,10.000000,170.000000,9.342358
53,84,15.000000,170.000000,9.318623
54,84,20.000000,170.000000,9.295696
55,84,25.000000,170.000000,9.272769
56,84,30.000000,170.000000,9.249842
57,84,35.000000,170.000000,9.226953
58,84,40.000000,170.000000,9.204118
59,84,45.000000,170.000000,9.181352
60,84,50.000000,170.000000,9.158643
61,84,55.000000,170.000000,9.135933
62,84,60.000000,170.000000,9.113224
63,84,65.000000,170.000000,9.089981
64,84,70.000000,170.000000,9.066637
65,84,75.000000,170.000000,9.042240
66,84,80.000000,170.000000,9.017828
67,84,85.000000,170.000000,8.993415
68,84,90.000000,170.000000,8.968841
69,84,95.000000,170.000000,8.943842
70,84,100.000000,170.000000,8.918323
71,84,105.000000,170.000000,8.892089
72,84,110.000000,170.000000,8.865854
73,84,115.000000,170.000000,8.839620
74,84,120.000000,170.000000,8.813357
75,84,125.000000,170.000000,8.787083
76,84,130.000000,170.000000,8.760716
77,84,135.000000,170.000000,8.734333
78,84,140.000000,170.000000,8.707951
79,84,145.000000,170.000000,8.681616
80,84,150.000000,170.000000,8.655553
81,84,155.000000,170.000000,8.629820
82,84,160.000000,170.000000,8.604886
83,84,165.000000,170.000000,8.579951
84,84,170.000000,170.000000,8.555017
85,84,175.000000,170.000000,8.530219
86,84,180.000000,170.000000,8.505519
87,84,185.000000,170.000000,8.481655
88,84,190.000000,170.000000,8.458101
89,84,195.000000,170.000000,8.434547
90,84,200.000000,170.000000,8.410994
91,84,205.000000,170.000000,8.387426
92,84,210.000000,170.000000,8.363841
93,84,215.000000,170.000000,8.340170
94,84,220.000000,170.000000,8.316498
95,84,225.000000,170.000000,8.292826
96,84,230.000000,170.000000,8.269112
97,84,235.000000,170.000000,8.245346
98,84,240.000000,170.000000,8.220803
99,84,245.000000,170.000000,8.195743
100,84,250.000000,170.000000,8.170683
0,85,-250.000000,175.000000,10.261500
1,85,-245.000000,175.000000,10.260667
2,85,-240.000000,175.000000,10.253310
3,85,-235.000000,175.000000,10.245859
4,85,-230.000000,175.000000,10.238006
5,85,-225.000000,175.000000,10.230152
6,85,-220.000000,175.000000,10.222299
7,85,-215.000000,175.000000,10.211871
8,85,-210.000000,175.000000,10.198648
9,85,-205.000000,175.000000,10.184973
10,85,-200.000000,175.000000,10.171027
11,85,-195.000000,175.000000,10.157080
12,85,-190.000000,175.000000,10.143134
13,85,-185.000000,175.000000,10.127733
14,85,-180.000000,175.000000,10.112178
15,85,-175.000000,175.000000,10.096318
16,85,-170.000000,175.000000,10.080459
17,85,-165.000000,175.000000,10.064599
18,85,-160.000000,175.000000,10.048986
19,85,-155.000000,175.000000,10.033829
20,85,-150.000000,175.000000,10.018771
21,85,-145.000000,175.000000,10.003813
22,85,-140.000000,175.000000,9.988854
23,85,-135.000000,175.000000,9.973896
24,85,-130.000000,175.000000,9.958821
25,85,-125.000000,175.000000,9.943715
26,85,-120.000000,175.000000,9.928557
27,85,-115.000000,175.000000,9.913396
28,85,-110.000000,175.000000,9.898235
29,85,-105.000000,175.000000,9.882574
30,85,-100.000000,175.000000,9.865173
31,85,-95.000000,175.000000,9.847381
32,85,-90.000000,175.000000,9.828917
33,85,-85.000000,175.000000,9.810454
34,85,-80.000000,175.000000,9.791990
35,85,-75.000000,175.000000,9.771672
36,85,-70.000000,175.000000,9.750396
37,85,-65.000000,175.000000,9.727775
38,85,-60.000000,175.000000,9.704828
39,85,-55.000000,175.000000,9.681880
40,85,-50.000000,175.000000,9.658804
41,85,-45.000000,175.000000,9.634511
42,85,-40.000000,175.000000,9.609979
43,85,-35.000000,175.000000,9.584696
44,85,-30.000000,175.000000,9.559412
45,85,-25.000000,175.000000,9.534129
46,85,-20.000000,175.000000,9.509063
47,85,-15.000000,175.000000,9.484189
48,85,-10.000000,175.000000,9.459564
49,85,-5.000000,175.000000,9.435059
50,85,0.000000,175.000000,9.410554
51,85,5.000000,175.000000,9.386049
52,85,10.000000,175.000000,9.362337
53,85,15.000000,175.000000,9.338754
54,85,20.000000,175.000000,9.315977
55,85,25.000000,175.000000,9.293200
56,85,30.000000,175.000000,9.270422
57,85,35.000000,175.000000,9.247654
58,85,40.000000,175.000000,9.224899
59,85,45.000000,175.000000,9.202161
60,85,50.000000,175.000000,9.179437
61,85,55.000000,175.000000,9.156713
62,85,60.000000,175.000000,9.133988
63,85,65.000000,175.000000,9.110660
64,85,70.000000,175.000000,9.087215
65,85,75.000000,175.000000,9.062578
66,85,80.000000,175.000000,9.037922
67,85,85.000000,175.000000,9.013266
68,85,90.000000,175.000000,8.988437
69,85,95.000000,175.000000,8.963151
70,85,100.000000,175.000000,8.937308
71,85,105.000000,175.000000,8.910697
72,85,110.000000,175.000000,8.884086
73,85,115.000000,175.000000,8.857475
74,85,120.000000,175.000000,8.830840
75,85,125.000000,175.000000,8.804195
76,85,130.000000,175.000000,8.777472
77,85,135.000000,175.000000,8.750737
78,85,140.000000,175.000000,8.724001
79,85,145.000000,175.000000,8.697316
80,85,150.000000,175.000000,8.670923
81,85,155.000000,175.000000,8.644884
82,85,160.000000,175.000000,8.619701
83,85,165.000000,175.000000,8.594518
84,85,170.000000,175.000000,8.569335
85,85,175.000000,175.000000,8.544296
86,85,180.000000,175.000000,8.519360
87,85,185.000000,175.000000,8.495306
88,85,190.000000,175.000000,8.471579
89,85,195.000000,175.000000,8.447853
90,85,200.000000,175.000000,8.424127
91,85,205.000000,175.000000,8.400388
92,85,210.000000,175.000000,8.376636
93,85,215.000000,175.000000,8.352810
94,85,220.000000,175.000000,8.328984
95,85,225.000000,175.000000,8.305158
96,85,230.000000,175.000000,8.281290
97,85,235.000000,175.000000,8.257370
98,85,240.000000,175.000000,8.232681
99,85,245.000000,175.000000,8.207480
100,85,250.000000,175.000000,8.182279
0,86,-250.000000,180.000000,10.271533
1,86,-245.000000,180.000000,10.271155
2,86,-240.000000,180.000000,10.264086
3,86,-235.000000,180.000000,10.256921
4,86,-230.000000,180.000000,10.249343
5,86,-225.000000,180.000000,10.241766
6,86,-220.000000,180.000000,10.234188
7,86,-215.000000,180.000000,10.224004
8,86,-210.000000,180.000000,10.210988
9,86,-205.000000,180.000000,10.197515
10,86,-200.000000,180.000000,10.183768
11,86,-195.000000,180.000000,10.170020
12,86,-190.000000,180.000000,10.156273
13,86,-185.000000,180.000000,10.141100
14,86,-180.000000,180.000000,10.125776
15,86,-175.000000,180.000000,10.110154
16,86,-170.000000,180.000000,10.094532
17,86,-165.000000,180.000000,10.078910
18,86,-160.000000,180.000000,10.063550
19,86,-155.000000,180.000000,10.048672
20,86,-150.000000,180.000000,10.033898
21,86,-145.000000,180.000000,10.019230
22,86,-140.000000,180.000000,10.004562
23,86,-135.000000,180.000000,9.989895
24,86,-130.000000,180.000000,9.975089
25,86,-125.000000,180.000000,9.960246
26,86,-120.000000,180.000000,9.945343
27,86,-115.000000,180.000000,9.930435
28,86,-110.000000,180.000000,9.915527
29,86,-105.000000,180.000000,9.900101
30,86,-100.000000,180.000000,9.882874
31,86,-95.000000,180.000000,9.865240
32,86,-90.000000,180.000000,9.846912
33,86,-85.000000,180.000000,9.828583
34,86,-80.000000,180.000000,9.810254
35,86,-75.000000,180.000000,9.790035
36,86,-70.000000,180.000000,9.768840
37,86,-65.000000,180.000000,9.746273
38,86,-60.000000,180.000000,9.723374
39,86,-55.000000,180.000000,9.700475
40,86,-50.000000,180.000000,9.677448
41,86,-45.000000,180.000000,9.653218
42,86,-40.000000,180.000000,9.628752
43,86,-35.000000,180.000000,9.603544
44,86,-30.000000,180.000000,9.578335
45,86,-25.000000,180.000000,9.553126
46,86,-20.000000,180.000000,9.528158
47,86,-15.000000,180.000000,9.503401
48,86,-10.000000,180.000000,9.478921
49,86,-5.000000,180.000000,9.454572
50,86,0.000000,180.000000,9.430223
51,86,5.000000,180.000000,9.405875
52,86,10.000000,180.000000,9.382316
53,86,15.000000,180.000000,9.358886
54,86,20.000000,180.000000,9.336258
55,86,25.000000,180.000000,9.313630
56,86,30.000000,180.000000,9.291002
57,86,35.000000,180.000000,9.268355
58,86,40.000000,180.000000,9.245680
59,86,45.000000,180.000000,9.222970
60,86,50.000000,180.000000,9.200231
61,86,55.000000,180.000000,9.177492
62,86,60.000000,180.000000,9.154753
63,86,65.000000,180.000000,9.131338
64,86,70.000000,180.000000,9.107793
65,86,75.000000,180.000000,9.082915
66,86,80.000000,180.000000,9.058016
67,86,85.000000,180.000000,9.033117
68,86,90.000000,180.000000,9.008033
69,86,95.000000,180.000000,8.982461
70,86,100.000000,180.000000,8.956294
71,86,105.000000,180.000000,8.929306
72,86,110.000000,180.000000,8.902318
73,86,115.000000,180.000000,8.875330
74,86,120.000000,180.000000,8.848322
75,86,125.000000,180.000000,8.821307
76,86,130.000000,180.000000,8.794229
77,86,135.000000,180.000000,8.767140
78,86,140.000000,180.000000,8.740052
79,86,145.000000,180.000000,8.713017
80,86,150.000000,180.000000,8.686293
81,86,155.000000,180.000000,8.659948
82,86,160.000000,180.000000,8.634516
83,86,165.000000,180.000000,8.609085
84,86,170.000000,180.000000,8.583653
85,86,175.000000,180.000000,8.558373
86,86,180.000000,180.000000,8.533201
87,86,185.000000,180.000000,8.508957
88,86,190.000000,180.000000,8.485058
89,86,195.000000,180.000000,8.461159
90,86,200.000000,180.000000,8.437259
91,86,205.000000,180.000000,8.413351
92,86,210.000000,180.000000,8.389430
93,86,215.000000,180.000000,8.365450
94,86,220.000000,180.000000,8.341470
95,86,225.000000,180.000000,8.317490
96,86,230.000000,180.000000,8.293467
97,86,235.000000,180.000000,8.269395
98,86,240.000000,180.000000,8.244559
99,86,245.000000,180.000000,8.219217
100,86,250.000000,180.000000,8.193875
0,87,-250.000000,185.000000,10.281616
1,87,-245.000000,185.000000,10.281693
2,87,-240.000000,185.000000,10.274912
3,87,-235.000000,185.000000,10.268033
4,87,-230.000000,185.000000,10.260730
5,87,-225.000000,185.000000,10.253428
6,87,-220.000000,185.000000,10.246126
7,87,-215.000000,185.000000,10.236183
8,87,-210.000000,185.000000,10.223374
9,87,-205.000000,185.000000,10.210103
10,87,-200.000000,185.000000,10.196553
11,87,-195.000000,185.000000,10.183003
12,87,-190.000000,185.000000,10.169453
13,87,-185.000000,185.000000,10.154507
14,87,-180.000000,185.000000,10.139414
15,87,-175.000000,185.000000,10.124028
16,87,-170.000000,185.000000,10.108643
17,87,-165.000000,185.000000,10.093258
18,87,-160.000000,185.000000,10.078148
19,87,-155.000000,185.000000,10.063549
20,87,-150.000000,185.000000,10.049060
21,87,-145.000000,185.000000,10.034682
22,87,-140.000000,185.000000,10.020305
23,87,-135.000000,185.000000,10.005928
24,87,-130.000000,185.000000,9.991391
25,87,-125.000000,185.000000,9.976812
26,87,-120.000000,185.000000,9.962163
27,87,-115.000000,185.000000,9.947509
28,87,-110.000000,185.000000,9.932854
29,87,-105.000000,185.000000,9.917664
30,87,-100.000000,185.000000,9.900610
31,87,-95.000000,185.000000,9.883135
32,87,-90.000000,185.000000,9.864941
33,87,-85.000000,185.000000,9.846747
34,87,-80.000000,185.000000,9.828553
35,87,-75.000000,185.000000,9.808433
36,87,-70.000000,185.000000,9.787317
37,87,-65.000000,185.000000,9.764804
38,87,-60.000000,185.000000,9.741952
39,87,-55.000000,185.000000,9.719099
40,87,-50.000000,185.000000,9.696121
41,87,-45.000000,185.000000,9.671953
42,87,-40.000000,185.000000,9.647552
43,87,-35.000000,185.000000,9.622417
44,87,-30.000000,185.000000,9.597282
45,87,-25.000000,185.000000,9.572147
46,87,-20.000000,185.000000,9.547275
47,87,-15.000000,185.000000,9.522635
48,87,-10.000000,185.000000,9.498297
49,87,-5.000000,185.000000,9.474105
50,87,0.000000,185.000000,9.449912
51,87,5.000000,185.000000,9.425719
52,87,10.000000,185.000000,9.402313
53,87,15.000000,185.000000,9.379036
54,87,20.000000,185.000000,9.356557
55,87,25.000000,185.000000,9.334079
56,87,30.000000,185.000000,9.311600
57,87,35.000000,185.000000,9.289075
58,87,40.000000,185.000000,9.266479
59,87,45.000000,185.000000,9.243797
60,87,50.000000,185.000000,9.221043
61,87,55.000000,185.000000,9.198289
62,87,60.000000,185.000000,9.175535
63,87,65.000000,185.000000,9.152033
64,87,70.000000,185.000000,9.128389
65,87,75.000000,185.000000,9.103269
66,87,80.000000,185.000000,9.078126
67,87,85.000000,185.000000,9.052984
68,87,90.000000,185.000000,9.027644
69,87,95.000000,185.000000,9.001785
70,87,100.000000,185.000000,8.975292
71,87,105.000000,185.000000,8.947927
72,87,110.000000,185.000000,8.920561
73,87,115.000000,185.000000,8.893195
74,87,120.000000,185.000000,8.865815
75,87,125.000000,185.000000,8.838428
76,87,130.000000,185.000000,8.810993
77,87,135.000000,185.000000,8.783551
78,87,140.000000,185.000000,8.756108
79,87,145.000000,185.000000,8.728722
80,87,150.000000,185.000000,8.701668
81,87,155.000000,185.000000,8.675016
82,87,160.000000,185.000000,8.649335
83,87,165.000000,185.000000,8.623654
84,87,170.000000,185.000000,8.597974
85,87,175.000000,185.000000,8.572452
86,87,180.000000,185.000000,8.547044
87,87,185.000000,185.000000,8.522610
88,87,190.000000,185.000000,8.498538
89,87,195.000000,185.000000,8.474466
90,87,200.000000,185.000000,8.450394
91,87,205.000000,185.000000,8.426314
92,87,210.000000,185.000000,8.402226
93,87,215.000000,185.000000,8.378091
94,87,220.000000,185.000000,8.353956
95,87,225.000000,185.000000,8.329821
96,87,230.000000,185.000000,8.305645
97,87,235.000000,185.000000,8.281419
98,87,240.000000,185.000000,8.256437
99,87,245.000000,185.000000,8.230953
100,87,250.000000,185.000000,8.205468
0,88,-250.000000,190.000000,10.292378
1,88,-245.000000,190.000000,10.292915
2,88,-240.000000,190.000000,10.286416
3,88,-235.000000,190.000000,10.279815
4,88,-230.000000,190.000000,10.272781
5,88,-225.000000,190.000000,10.265747
6,88,-220.000000,190.000000,10.258712
7,88,-215.000000,190.000000,10.249001
8,88,-210.000000,190.000000,10.236383
9,88,-205.000000,190.000000,10.223295
10,88,-200.000000,190.000000,10.209925
11,88,-195.000000,190.000000,10.196556
12,88,-190.000000,190.000000,10.183186
13,88,-185.000000,190.000000,10.168453
14,88,-180.000000,190.000000,10.153577
15,88,-175.000000,190.000000,10.138414
16,88,-170.000000,190.000000,10.123252
17,88,-165.000000,190.000000,10.108090
18,88,-160.000000,190.000000,10.093222
19,88,-155.000000,190.000000,10.078896
20,88,-150.000000,190.000000,10.064688
21,88,-145.000000,190.000000,10.050599
22,88,-140.000000,190.000000,10.036511
23,88,-135.000000,190.000000,10.022422
24,88,-130.000000,190.000000,10.008156
25,88,-125.000000,190.000000,9.993843
26,88,-120.000000,190.000000,9.979451
27,88,-115.000000,190.000000,9.965054
28,88,-110.000000,190.000000,9.950657
29,88,-105.000000,190.000000,9.935705
30,88,-100.000000,190.000000,9.918823
31,88,-95.000000,190.000000,9.901505
32,88,-90.000000,190.000000,9.883443
33,88,-85.000000,190.000000,9.865380
34,88,-80.000000,190.000000,9.847318
35,88,-75.000000,190.000000,9.827289
36,88,-70.000000,190.000000,9.806243
37,88,-65.000000,190.000000,9.783770
38,88,-60.000000,190.000000,9.760951
39,88,-55.000000,190.000000,9.738132
40,88,-50.000000,190.000000,9.715189
41,88,-45.000000,190.000000,9.691068
42,88,-40.000000,190.000000,9.666716
43,88,-35.000000,190.000000,9.641638
44,88,-30.000000,190.000000,9.616560
45,88,-25.000000,190.000000,9.591482
46,88,-20.000000,190.000000,9.566692
47,88,-15.000000,190.000000,9.542156
48,88,-10.000000,190.000000,9.517952
49,88,-5.000000,190.000000,9.493906
50,88,0.000000,190.000000,9.469860
51,88,5.000000,190.000000,9.445814
52,88,10.000000,190.000000,9.422556
53,88,15.000000,190.000000,9.399427
54,88,20.000000,190.000000,9.377097
55,88,25.000000,190.000000,9.354767
56,88,30.000000,190.000000,9.332437
57,88,35.000000,190.000000,9.310032
58,88,40.000000,190.000000,9.287516
59,88,45.000000,190.000000,9.264861
60,88,50.000000,190.000000,9.242092
61,88,55.000000,190.000000,9.219323
62,88,60.000000,190.000000,9.196554
63,88,65.000000,190.000000,9.172963
64,88,70.000000,190.000000,9.149216
65,88,75.000000,190.000000,9.123847
66,88,80.000000,190.000000,9.098453
67,88,85.000000,190.000000,9.073060
68,88,90.000000,190.000000,9.047457
69,88,95.000000,190.000000,9.021302
70,88,100.000000,190.000000,8.994474
71,88,105.000000,190.000000,8.966717
72,88,110.000000,190.000000,8.938961
73,88,115.000000,190.000000,8.911204
74,88,120.000000,190.000000,8.883438
75,88,125.000000,190.000000,8.855667
76,88,130.000000,190.000000,8.827864
77,88,135.000000,190.000000,8.800055
78,88,140.000000,190.000000,8.772247
79,88,145.000000,190.000000,8.744499
80,88,150.000000,190.000000,8.717103
81,88,155.000000,190.000000,8.690135
82,88,160.000000,190.000000,8.664199
83,88,165.000000,190.000000,8.638264
84,88,170.000000,190.000000,8.612329
85,88,175.000000,190.000000,8.586560
86,88,180.000000,190.000000,8.560911
87,88,185.000000,190.000000,8.536284
88,88,190.000000,190.000000,8.512038
89,88,195.000000,190.000000,8.487792
90,88,200.000000,190.000000,8.463545
91,88,205.000000,190.000000,8.439293
92,88,210.000000,190.000000,8.415035
93,88,215.000000,190.000000,8.390742
94,88,220.000000,190.000000,8.366450
95,88,225.000000,190.000000,8.342157
96,88,230.000000,190.000000,8.317823
97,88,235.000000,190.000000,8.293440
98,88,240.000000,190.000000,8.268304
99,88,245.000000,190.000000,8.242669
100,88,250.000000,190.000000,8.217033
0,89,-250.000000,195.000000,10.304641
1,89,-245.000000,195.000000,10.305652
2,89,-240.000000,195.000000,10.299420
3,89,-235.000000,195.000000,10.293084
4,89,-230.000000,195.000000,10.286302
5,89,-225.000000,195.000000,10.279519
6,89,-220.000000,195.000000,10.272737
7,89,-215.000000,195.000000,10.263231
8,89,-210.000000,195.000000,10.250768
9,89,-205.000000,195.000000,10.237827
10,89,-200.000000,195.000000,10.224600
11,89,-195.000000,195.000000,10.211372
12,89,-190.000000,195.000000,10.198145
13,89,-185.000000,195.000000,10.183593
14,89,-180.000000,195.000000,10.168901
15,89,-175.000000,195.000000,10.153932
16,89,-170.000000,195.000000,10.138963
17,89,-165.000000,195.000000,10.123994
18,89,-160.000000,195.000000,10.109344
19,89,-155.000000,195.000000,10.095283
20,89,-150.000000,195.000000,10.081350
21,89,-145.000000,195.000000,10.067545
22,89,-140.000000,195.000000,10.053741
23,89,-135.000000,195.000000,10.039937
24,89,-130.000000,195.000000,10.025944
25,89,-125.000000,195.000000,10.011901
26,89,-120.000000,195.000000,9.997776
27,89,-115.000000,195.000000,9.983644
28,89,-110.000000,195.000000,9.969512
29,89,-105.000000,195.000000,9.954804
30,89,-100.000000,195.000000,9.938092
31,89,-95.000000,195.000000,9.920928
32,89,-90.000000,195.000000,9.902990
33,89,-85.000000,195.000000,9.885052
34,89,-80.000000,195.000000,9.867115
35,89,-75.000000,195.000000,9.847159
36,89,-70.000000,195.000000,9.826162
37,89,-65.000000,195.000000,9.803701
38,89,-60.000000,195.000000,9.780885
39,89,-55.000000,195.000000,9.758069
40,89,-50.000000,195.000000,9.735129
41,89,-45.000000,195.000000,9.711021
42,89,-40.000000,195.000000,9.686685
43,89,-35.000000,195.000000,9.661628
44,89,-30.000000,195.000000,9.636570
45,89,-25.000000,195.000000,9.611513
46,89,-20.000000,195.000000,9.586773
47,89,-15.000000,195.000000,9.562314
48,89,-10.000000,195.000000,9.538221
49,89,-5.000000,195.000000,9.514302
50,89,0.000000,195.000000,9.490383
51,89,5.000000,195.000000,9.466465
52,89,10.000000,195.000000,9.443343
53,89,15.000000,195.000000,9.420351
54,89,20.000000,195.000000,9.398169
55,89,25.000000,195.000000,9.375987
56,89,30.000000,195.000000,9.353804
57,89,35.000000,195.000000,9.331519
58,89,40.000000,195.000000,9.309081
59,89,45.000000,195.000000,9.286452
60,89,50.000000,195.000000,9.263667
61,89,55.000000,195.000000,9.240882
62,89,60.000000,195.000000,9.218097
63,89,65.000000,195.000000,9.194412
64,89,70.000000,195.000000,9.170554
65,89,75.000000,195.000000,9.144921
66,89,80.000000,195.000000,9.119261
67,89,85.000000,195.000000,9.093601
68,89,90.000000,195.000000,9.067717
69,89,95.000000,195.000000,9.041247
70,89,100.000000,195.000000,9.014058
71,89,105.000000,195.000000,8.985882
72,89,110.000000,195.000000,8.957706
73,89,115.000000,195.000000,8.929530
74,89,120.000000,195.000000,8.901350
75,89,125.000000,195.000000,8.873167
76,89,130.000000,195.000000,8.844969
77,89,135.000000,195.000000,8.816769
78,89,140.000000,195.000000,8.788568
79,89,145.000000,195.000000,8.760433
80,89,150.000000,195.000000,8.732672
81,89,155.000000,195.000000,8.705368
82,89,160.000000,195.000000,8.679165
83,89,165.000000,195.000000,8.652962
84,89,170.000000,195.000000,8.626759
85,89,175.000000,195.000000,8.600733
86,89,180.000000,195.000000,8.574831
87,89,185.000000,195.000000,8.550007
88,89,190.000000,195.000000,8.525583
89,89,195.000000,195.000000,8.501159
90,89,200.000000,195.000000,8.476735
91,89,205.000000,195.000000,8.452307
92,89,210.000000,195.000000,8.427874
93,89,215.000000,195.000000,8.403417
94,89,220.000000,195.000000,8.378960
95,89,225.000000,195.000000,8.354502
96,89,230.000000,195.000000,8.330003
97,89,235.000000,195.000000,8.305454
98,89,240.000000,195.000000,8.280150
99,89,245.000000,195.000000,8.254343
100,89,250.000000,195.000000,8.228536
0,90,-250.000000,200.000000,10.319451
1,90,-245.000000,200.000000,10.320957
2,90,-240.000000,200.000000,10.314969
3,90,-235.000000,200.000000,10.308873
4,90,-230.000000,200.000000,10.302316
5,90,-225.000000,200.000000,10.295758
6,90,-220.000000,200.000000,10.289200
7,90,-215.000000,200.000000,10.279857
8,90,-210.000000,200.000000,10.267489
9,90,-205.000000,200.000000,10.254632
10,90,-200.000000,200.000000,10.241482
11,90,-195.000000,200.000000,10.228332
12,90,-190.000000,200.000000,10.215182
13,90,-185.000000,200.000000,10.200758
14,90,-180.000000,200.000000,10.186198
15,90,-175.000000,200.000000,10.171372
16,90,-170.000000,200.000000,10.156545
17,90,-165.000000,200.000000,10.141719
18,90,-160.000000,200.000000,10.127248
19,90,-155.000000,200.000000,10.113435
20,90,-150.000000,200.000000,10.099764
21,90,-145.000000,200.000000,10.086237
22,90,-140.000000,200.000000,10.072710
23,90,-135.000000,200.000000,10.059184
24,90,-130.000000,200.000000,10.045470
25,90,-125.000000,200.000000,10.031705
26,90,-120.000000,200.000000,10.017858
27,90,-115.000000,200.000000,10.004006
28,90,-110.000000,200.000000,9.990153
29,90,-105.000000,200.000000,9.975698
30,90,-100.000000,200.000000,9.959153
31,90,-95.000000,200.000000,9.942135
32,90,-90.000000,200.000000,9.924311
33,90,-85.000000,200.000000,9.906486
34,90,-80.000000,200.000000,9.888661
35,90,-75.000000,200.000000,9.868752
36,90,-70.000000,200.000000,9.847767
37,90,-65.000000,200.000000,9.825269
38,90,-60.000000,200.000000,9.802403
39,90,-55.000000,200.000000,9.779538
40,90,-50.000000,200.000000,9.756550
41,90,-45.000000,200.000000,9.732398
42,90,-40.000000,200.000000,9.708019
43,90,-35.000000,200.000000,9.682921
44,90,-30.000000,200.000000,9.657823
45,90,-25.000000,200.000000,9.632725
46,90,-20.000000,200.000000,9.607982
47,90,-15.000000,200.000000,9.583553
48,90,-10.000000,200.000000,9.559533
49,90,-5.000000,200.000000,9.535708
50,90,0.000000,200.000000,9.511882
51,90,5.000000,200.000000,9.488057
52,90,10.000000,200.000000,9.465053
53,90,15.000000,200.000000,9.442182
54,90,20.000000,200.000000,9.420145
55,90,25.000000,200.000000,9.398107
56,90,30.000000,200.000000,9.376070
57,90,35.000000,200.000000,9.353901
58,90,40.000000,200.000000,9.331540
59,90,45.000000,200.000000,9.308936
60,90,50.000000,200.000000,9.286134
61,90,55.000000,200.000000,9.263331
62,90,60.000000,200.000000,9.240529
63,90,65.000000,200.000000,9.216740
64,90,70.000000,200.000000,9.192762
65,90,75.000000,200.000000,9.166838
66,90,80.000000,200.000000,9.140884
67,90,85.000000,200.000000,9.114929
68,90,90.000000,200.000000,9.088736
69,90,95.000000,200.000000,9.061916
70,90,100.000000,200.000000,9.034328
71,90,105.000000,200.000000,9.005684
72,90,110.000000,200.000000,8.977039
73,90,115.000000,200.000000,8.948395
74,90,120.000000,200.000000,8.919752
75,90,125.000000,200.000000,8.891110
76,90,130.000000,200.000000,8.862473
77,90,135.000000,200.000000,8.833836
78,90,140.000000,200.000000,8.805199
79,90,145.000000,200.000000,8.776632
80,90,150.000000,200.000000,8.748468
81,90,155.000000,200.000000,8.720794
82,90,160.000000,200.000000,8.694302
83,90,165.000000,200.000000,8.667811
84,90,170.000000,200.000000,8.641319
85,90,175.000000,200.000000,8.615014
86,90,180.000000,200.000000,8.588842
87,90,185.000000,200.000000,8.563810
88,90,190.000000,200.000000,8.539204
89,90,195.000000,200.000000,8.514597
90,90,200.000000,200.000000,8.489990
91,90,205.000000,200.000000,8.465380
92,90,210.000000,200.000000,8.440765
93,90,215.000000,200.000000,8.416131
94,90,220.000000,200.000000,8.391497
95,90,225.000000,200.000000,8.366862
96,90,230.000000,200.000000,8.342186
97,90,235.000000,200.000000,8.317458
98,90,240.000000,200.000000,8.291958
99,90,245.000000,200.000000,8.265945
100,90,250.000000,200.000000,8.239932
0,91,-250.000000,205.000000,10.334261
1,91,-245.000000,205.000000,10.336262
2,91,-240.000000,205.000000,10.330518
3,91,-235.000000,205.000000,10.324663
4,91,-230.000000,205.000000,10.318330
5,91,-225.000000,205.000000,10.311996
6,91,-220.000000,205.000000,10.305663
7,91,-215.000000,205.000000,10.296482
8,91,-210.000000,205.000000,10.284210
9,91,-205.000000,205.000000,10.271437
10,91,-200.000000,205.000000,10.258365
11,91,-195.000000,205.000000,10.245293
12,91,-190.000000,205.000000,10.232220
13,91,-185.000000,205.000000,10.217922
14,91,-180.000000,205.000000,10.203495
15,91,-175.000000,205.000000,10.188811
16,91,-170.000000,205.000000,10.174127
17,91,-165.000000,205.000000,10.159443
18,91,-160.000000,205.000000,10.145152
19,91,-155.000000,205.000000,10.131587
20,91,-150.000000,205.000000,10.118178
21,91,-145.000000,205.000000,10.104929
22,91,-140.000000,205.000000,10.091680
23,91,-135.000000,205.000000,10.078430
24,91,-130.000000,205.000000,10.064995
25,91,-125.000000,205.000000,10.051509
26,91,-120.000000,205.000000,10.037941
27,91,-115.000000,205.000000,10.024367
28,91,-110.000000,205.000000,10.010793
29,91,-105.000000,205.000000,9.996593
30,91,-100.000000,205.000000,9.980214
31,91,-95.000000,205.000000,9.963343
32,91,-90.000000,205.000000,9.945631
33,91,-85.000000,205.000000,9.927920
34,91,-80.000000,205.000000,9.910208
35,91,-75.000000,205.000000,9.890345
36,91,-70.000000,205.000000,9.869371
37,91,-65.000000,205.000000,9.846836
38,91,-60.000000,205.000000,9.823922
39,91,-55.000000,205.000000,9.801008
40,91,-50.000000,205.000000,9.777972
41,91,-45.000000,205.000000,9.753776
42,91,-40.000000,205.000000,9.729353
43,91,-35.000000,205.000000,9.704214
44,91,-30.000000,205.000000,9.679075
45,91,-25.000000,205.000000,9.653937
46,91,-20.000000,205.000000,9.629191
47,91,-15.000000,205.000000,9.604792
48,91,-10.000000,205.000000,9.580844
49,91,-5.000000,205.000000,9.557113
50,91,0.000000,205.000000,9.533381
51,91,5.000000,205.000000,9.509650
52,91,10.000000,205.000000,9.486763
53,91,15.000000,205.000000,9.464013
54,91,20.000000,205.000000,9.442120
55,91,25.000000,205.000000,9.420228
56,91,30.000000,205.000000,9.398335
57,91,35.000000,205.000000,9.376284
58,91,40.000000,205.000000,9.353999
59,91,45.000000,205.000000,9.331420
60,91,50.000000,205.000000,9.308600
61,91,55.000000,205.000000,9.285781
62,91,60.000000,205.000000,9.262961
63,91,65.000000,205.000000,9.239068
64,91,70.000000,205.000000,9.214970
65,91,75.000000,205.000000,9.188755
66,91,80.000000,205.000000,9.162506
67,91,85.000000,205.000000,9.136258
68,91,90.000000,205.000000,9.109756
69,91,95.000000,205.000000,9.082585
70,91,100.000000,205.000000,9.054597
71,91,105.000000,205.000000,9.025485
72,91,110.000000,205.000000,8.996372
73,91,115.000000,205.000000,8.967260
74,91,120.000000,205.000000,8.938155
75,91,125.000000,205.000000,8.909053
76,91,130.000000,205.000000,8.879976
77,91,135.000000,205.000000,8.850904
78,91,140.000000,205.000000,8.821831
79,91,145.000000,205.000000,8.792832
80,91,150.000000,205.000000,8.764265
81,91,155.000000,205.000000,8.736220
82,91,160.000000,205.000000,8.709440
83,91,165.000000,205.000000,8.682659
84,91,170.000000,205.000000,8.655879
85,91,175.000000,205.000000,8.629296
86,91,180.000000,205.000000,8.602853
87,91,185.000000,205.000000,8.577614
88,91,190.000000,205.000000,8.552824
89,91,195.000000,205.000000,8.528034
90,91,200.000000,205.000000,8.503245
91,91,205.000000,205.000000,8.478452
92,91,210.000000,205.000000,8.453657
93,91,215.000000,205.000000,8.428845
94,91,220.000000,205.000000,8.404034
95,91,225.000000,205.000000,8.379223
96,91,230.000000,205.000000,8.354368
97,91,235.000000,205.000000,8.329461
98,91,240.000000,205.000000,8.303766
99,91,245.000000,205.000000,8.277547
100,91,250.000000,205.000000,8.251327
0,92,-250.000000,210.000000,10.349072
1,92,-245.000000,210.000000,10.351568
2,92,-240.000000,210.000000,10.346067
3,92,-235.000000,210.000000,10.340452
4,92,-230.000000,210.000000,10.334343
5,92,-225.000000,210.000000,10.328235
6,92,-220.000000,210.000000,10.322126
7,92,-215.000000,210.000000,10.313108
8,92,-210.000000,210.000000,10.300930
9,92,-205.000000,210.000000,10.288242
10,92,-200.000000,210.000000,10.275247
11,92,-195.000000,210.000000,10.262253
12,92,-190.000000,210.000000,10.249258
13,92,-185.000000,210.000000,10.235087
14,92,-180.000000,210.000000,10.220792
15,92,-175.000000,210.000000,10.206250
16,92,-170.000000,210.000000,10.191709
17,92,-165.000000,210.000000,10.177167
18,92,-160.000000,210.000000,10.163056
19,92,-155.000000,210.000000,10.149738
20,92,-150.000000,210.000000,10.136593
21,92,-145.000000,210.000000,10.123621
22,92,-140.000000,210.000000,10.110649
23,92,-135.000000,210.000000,10.097677
24,92,-130.000000,210.000000,10.084520
25,92,-125.000000,210.000000,10.071313
26,92,-120.000000,210.000000,10.058024
27,92,-115.000000,210.000000,10.044729
28,92,-110.000000,210.000000,10.031434
29,92,-105.000000,210.000000,10.017487
30,92,-100.000000,210.000000,10.001274
31,92,-95.000000,210.000000,9.984551
32,92,-90.000000,210.000000,9.966952
33,92,-85.000000,210.000000,9.949354
34,92,-80.000000,210.000000,9.931755
35,92,-75.000000,210.000000,9.911938
36,92,-70.000000,210.000000,9.890976
37,92,-65.000000,210.000000,9.868403
38,92,-60.000000,210.000000,9.845440
39,92,-55.000000,210.000000,9.822478
40,92,-50.000000,210.000000,9.799393
41,92,-45.000000,210.000000,9.775153
42,92,-40.000000,210.000000,9.750687
43,92,-35.000000,210.000000,9.725507
44,92,-30.000000,210.000000,9.700328
45,92,-25.000000,210.000000,9.675149
46,92,-20.000000,210.000000,9.650400
47,92,-15.000000,210.000000,9.626031
48,92,-10.000000,210.000000,9.602156
49,92,-5.000000,210.000000,9.578518
50,92,0.000000,210.000000,9.554880
51,92,5.000000,210.000000,9.531243
52,92,10.000000,210.000000,9.508473
53,92,15.000000,210.000000,9.485844
54,92,20.000000,210.000000,9.464096
55,92,25.000000,210.000000,9.442348
56,92,30.000000,210.000000,9.420601
57,92,35.000000,210.000000,9.398667
58,92,40.000000,210.000000,9.376457
59,92,45.000000,210.000000,9.353904
60,92,50.000000,210.000000,9.331067
61,92,55.000000,210.000000,9.308230
62,92,60.000000,210.000000,9.285393
63,92,65.000000,210.000000,9.261396
64,92,70.000000,210.000000,9.237178
65,92,75.000000,210.000000,9.210671
66,92,80.000000,210.000000,9.184129
67,92,85.000000,210.000000,9.157587
68,92,90.000000,210.000000,9.130775
69,92,95.000000,210.000000,9.103254
70,92,100.000000,210.000000,9.074867
71,92,105.000000,210.000000,9.045286
72,92,110.000000,210.000000,9.015705
73,92,115.000000,210.000000,8.986125
74,92,120.000000,210.000000,8.956558
75,92,125.000000,210.000000,8.926997
76,92,130.000000,210.000000,8.897480
77,92,135.000000,210.000000,8.867971
78,92,140.000000,210.000000,8.838462
79,92,145.000000,210.000000,8.809032
80,92,150.000000,210.000000,8.780061
81,92,155.000000,210.000000,8.751646
82,92,160.000000,210.000000,8.724577
83,92,165.000000,210.000000,8.697508
84,92,170.000000,210.000000,8.670439
85,92,175.000000,210.000000,8.643577
86,92,180.000000,210.000000,8.616863
87,92,185.000000,210.000000,8.591418
88,92,190.000000,210.000000,8.566445
89,92,195.000000,210.000000,8.541472
90,92,200.000000,210.000000,8.516499
91,92,205.000000,210.000000,8.491525
92,92,210.000000,210.000000,8.466548
93,92,215.000000,210.000000,8.441559
94,92,220.000000,210.000000,8.416571
95,92,225.000000,210.000000,8.391583
96,92,230.000000,210.000000,8.366550
97,92,235.000000,210.000000,8.341464
98,92,240.000000,210.000000,8.315574
99,92,245.000000,210.000000,8.289149
100,92,250.000000,210.000000,8.262723
0,93,-250.000000,215.000000,10.363941
1,93,-245.000000,215.000000,10.366927
2,93,-240.000000,215.000000,10.361663
3,93,-235.000000,215.000000,10.356282
4,93,-230.000000,215.000000,10.350392
5,93,-225.000000,215.000000,10.344501
6,93,-220.000000,215.000000,10.338611
7,93,-215.000000,215.000000,10.329748
8,93,-210.000000,215.000000,10.317657
9,93,-205.000000,215.000000,10.305045
10,93,-200.000000,215.000000,10.292120
11,93,-195.000000,215.000000,10.279194
12,93,-190.000000,215.000000,10.266269
13,93,-185.000000,215.000000,10.252217
14,93,-180.000000,215.000000,10.238047
15,93,-175.000000,215.000000,10.223640
16,93,-170.000000,215.000000,10.209234
17,93,-165.000000,215.000000,10.194827
18,93,-160.000000,215.000000,10.180889
19,93,-155.000000,215.000000,10.167814
20,93,-150.000000,215.000000,10.154925
21,93,-145.000000,215.000000,10.142226
22,93,-140.000000,215.000000,10.129528
23,93,-135.000000,215.000000,10.116829
24,93,-130.000000,215.000000,10.103946
25,93,-125.000000,215.000000,10.091015
26,93,-120.000000,215.000000,10.078002
27,93,-115.000000,215.000000,10.064984
28,93,-110.000000,215.000000,10.051965
29,93,-105.000000,215.000000,10.038270
30,93,-100.000000,215.000000,10.022221
31,93,-95.000000,215.000000,10.005641
32,93,-90.000000,215.000000,9.988152
33,93,-85.000000,215.000000,9.970664
34,93,-80.000000,215.000000,9.953175
35,93,-75.000000,215.000000,9.933401
36,93,-70.000000,215.000000,9.912445
37,93,-65.000000,215.000000,9.889831
38,93,-60.000000,215.000000,9.866814
39,93,-55.000000,215.000000,9.843797
40,93,-50.000000,215.000000,9.820659
41,93,-45.000000,215.000000,9.796368
42,93,-40.000000,215.000000,9.771853
43,93,-35.000000,215.000000,9.746626
44,93,-30.000000,215.000000,9.721400
45,93,-25.000000,215.000000,9.696173
46,93,-20.000000,215.000000,9.671415
47,93,-15.000000,215.000000,9.647069
48,93,-10.000000,215.000000,9.623262
49,93,-5.000000,215.000000,9.599713
50,93,0.000000,215.000000,9.576163
51,93,5.000000,215.000000,9.552613
52,93,10.000000,215.000000,9.529956
53,93,15.000000,215.000000,9.507444
54,93,20.000000,215.000000,9.485839
55,93,25.000000,215.000000,9.464233
56,93,30.000000,215.000000,9.442628
57,93,35.000000,215.000000,9.420809
58,93,40.000000,215.000000,9.398675
59,93,45.000000,215.000000,9.376145
60,93,50.000000,215.000000,9.353291
61,93,55.000000,215.000000,9.330437
62,93,60.000000,215.000000,9.307583
63,93,65.000000,215.000000,9.283484
64,93,70.000000,215.000000,9.259145
65,93,75.000000,215.000000,9.232349
66,93,80.000000,215.000000,9.205514
67,93,85.000000,215.000000,9.178679
68,93,90.000000,215.000000,9.151560
69,93,95.000000,215.000000,9.123690
70,93,100.000000,215.000000,9.094905
71,93,105.000000,215.000000,9.064857
72,93,110.000000,215.000000,9.034810
73,93,115.000000,215.000000,9.004762
74,93,120.000000,215.000000,8.974735
75,93,125.000000,215.000000,8.944716
76,93,130.000000,215.000000,8.914761
77,93,135.000000,215.000000,8.884817
78,93,140.000000,215.000000,8.854874
79,93,145.000000,215.000000,8.825014
80,93,150.000000,215.000000,8.795640
81,93,155.000000,215.000000,8.766857
82,93,160.000000,215.000000,8.739501
83,93,165.000000,215.000000,8.712145
84,93,170.000000,215.000000,8.684789
85,93,175.000000,215.000000,8.657651
86,93,180.000000,215.000000,8.630668
87,93,185.000000,215.000000,8.605018
88,93,190.000000,215.000000,8.579864
89,93,195.000000,215.000000,8.554710
90,93,200.000000,215.000000,8.529556
91,93,205.000000,215.000000,8.504401
92,93,210.000000,215.000000,8.479245
93,93,215.000000,215.000000,8.454081
94,93,220.000000,215.000000,8.428916
95,93,225.000000,215.000000,8.403752
96,93,230.000000,215.000000,8.378542
97,93,235.000000,215.000000,8.353278
98,93,240.000000,215.000000,8.327192
99,93,245.000000,215.000000,8.300559
100,93,250.000000,215.000000,8.273925
0,94,-250.000000,220.000000,10.378959
1,94,-245.000000,220.000000,10.382420
2,94,-240.000000,220.000000,10.377378
3,94,-235.000000,220.000000,10.372214
4,94,-230.000000,220.000000,10.366526
5,94,-225.000000,220.000000,10.360837
6,94,-220.000000,220.000000,10.355149
7,94,-215.000000,220.000000,10.346423
8,94,-210.000000,220.000000,10.334399
9,94,-205.000000,220.000000,10.321842
10,94,-200.000000,220.000000,10.308966
11,94,-195.000000,220.000000,10.296089
12,94,-190.000000,220.000000,10.283212
13,94,-185.000000,220.000000,10.269261
14,94,-180.000000,220.000000,10.255196
15,94,-175.000000,220.000000,10.240905
16,94,-170.000000,220.000000,10.226615
17,94,-165.000000,220.000000,10.212324
18,94,-160.000000,220.000000,10.198541
19,94,-155.000000,220.000000,10.185695
20,94,-150.000000,220.000000,10.173052
21,94,-145.000000,220.000000,10.160614
22,94,-140.000000,220.000000,10.148177
23,94,-135.000000,220.000000,10.135739
24,94,-130.000000,220.000000,10.123123
25,94,-125.000000,220.000000,10.110459
26,94,-120.000000,220.000000,10.097716
27,94,-115.000000,220.000000,10.084968
28,94,-110.000000,220.000000,10.072220
29,94,-105.000000,220.000000,10.058769
30,94,-100.000000,220.000000,10.042877
31,94,-95.000000,220.000000,10.026434
32,94,-90.000000,220.000000,10.009048
33,94,-85.000000,220.000000,9.991662
34,94,-80.000000,220.000000,9.974276
35,94,-75.000000,220.000000,9.954534
36,94,-70.000000,220.000000,9.933575
37,94,-65.000000,220.000000,9.910905
38,94,-60.000000,220.000000,9.887821
39,94,-55.000000,220.000000,9.864737
40,94,-50.000000,220.000000,9.841531
41,94,-45.000000,220.000000,9.817175
42,94,-40.000000,220.000000,9.792595
43,94,-35.000000,220.000000,9.767304
44,94,-30.000000,220.000000,9.742014
45,94,-25.000000,220.000000,9.716723
46,94,-20.000000,220.000000,9.691939
47,94,-15.000000,220.000000,9.667602
48,94,-10.000000,220.000000,9.643848
49,94,-5.000000,220.000000,9.620373
50,94,0.000000,220.000000,9.596897
51,94,5.000000,220.000000,9.573421
52,94,10.000000,220.000000,9.550867
53,94,15.000000,220.000000,9.528462
54,94,20.000000,220.000000,9.506992
55,94,25.000000,220.000000,9.485523
56,94,30.000000,220.000000,9.464053
57,94,35.000000,220.000000,9.442344
58,94,40.000000,220.000000,9.420281
59,94,45.000000,220.000000,9.397775
60,94,50.000000,220.000000,9.374904
61,94,55.000000,220.000000,9.352034
62,94,60.000000,220.000000,9.329163
63,94,65.000000,220.000000,9.304961
64,94,70.000000,220.000000,9.280505
65,94,75.000000,220.000000,9.253422
66,94,80.000000,220.000000,9.226299
67,94,85.000000,220.000000,9.199175
68,94,90.000000,220.000000,9.171752
69,94,95.000000,220.000000,9.143538
70,94,100.000000,220.000000,9.114357
71,94,105.000000,220.000000,9.083847
72,94,110.000000,220.000000,9.053336
73,94,115.000000,220.000000,9.022826
74,94,120.000000,220.000000,8.992342
75,94,125.000000,220.000000,8.961868
76,94,130.000000,220.000000,8.931479
77,94,135.000000,220.000000,8.901104
78,94,140.000000,220.000000,8.870729
79,94,145.000000,220.000000,8.840443
80,94,150.000000,220.000000,8.810671
81,94,155.000000,220.000000,8.781524
82,94,160.000000,220.000000,8.753886
83,94,165.000000,220.000000,8.726247
84,94,170.000000,220.000000,8.698609
85,94,175.000000,220.000000,8.671198
86,94,180.000000,220.000000,8.643951
87,94,185.000000,220.000000,8.618102
88,94,190.000000,220.000000,8.592772
89,94,195.000000,220.000000,8.567443
90,94,200.000000,220.000000,8.542114
91,94,205.000000,220.000000,8.516783
92,94,210.000000,220.000000,8.491452
93,94,215.000000,220.000000,8.466114
94,94,220.000000,220.000000,8.440776
95,94,225.000000,220.000000,8.415438
96,94,230.000000,220.000000,8.390054
97,94,235.000000,220.000000,8.364613
98,94,240.000000,220.000000,8.338329
99,94,245.000000,220.000000,8.311483
100,94,250.000000,220.000000,8.284637
0,95,-250.000000,225.000000,10.394362
1,95,-245.000000,225.000000,10.398264
2,95,-240.000000,225.000000,10.393401
3,95,-235.000000,225.000000,10.388413
4,95,-230.000000,225.000000,10.382884
5,95,-225.000000,225.000000,10.377354
6,95,-220.000000,225.000000,10.371825
7,95,-215.000000,225.000000,10.363189
8,95,-210.000000,225.000000,10.351180
9,95,-205.000000,225.000000,10.338626
10,95,-200.000000,225.000000,10.325744
11,95,-195.000000,225.000000,10.312863
12,95,-190.000000,225.000000,10.299981
13,95,-185.000000,225.000000,10.286079
14,95,-180.000000,225.000000,10.272069
15,95,-175.000000,225.000000,10.257845
16,95,-170.000000,225.000000,10.243621
17,95,-165.000000,225.000000,10.229398
18,95,-160.000000,225.000000,10.215726
19,95,-155.000000,225.000000,10.203075
20,95,-150.000000,225.000000,10.190644
21,95,-145.000000,225.000000,10.178437
22,95,-140.000000,225.000000,10.166230
23,95,-135.000000,225.000000,10.154023
24,95,-130.000000,225.000000,10.141651
25,95,-125.000000,225.000000,10.129235
26,95,-120.000000,225.000000,10.116746
27,95,-115.000000,225.000000,10.104252
28,95,-110.000000,225.000000,10.091758
29,95,-105.000000,225.000000,10.078535
30,95,-100.000000,225.000000,10.062781
31,95,-95.000000,225.000000,10.046456
32,95,-90.000000,225.000000,10.029153
33,95,-85.000000,225.000000,10.011851
34,95,-80.000000,225.000000,9.994548
35,95,-75.000000,225.000000,9.974813
36,95,-70.000000,225.000000,9.953821
37,95,-65.000000,225.000000,9.931063
38,95,-60.000000,225.000000,9.907877
39,95,-55.000000,225.000000,9.884691
40,95,-50.000000,225.000000,9.861383
41,95,-45.000000,225.000000,9.836922
42,95,-40.000000,225.000000,9.812236
43,95,-35.000000,225.000000,9.786838
44,95,-30.000000,225.000000,9.761440
45,95,-25.000000,225.000000,9.736041
46,95,-20.000000,225.000000,9.711191
47,95,-15.000000,225.000000,9.686823
48,95,-10.000000,225.000000,9.663084
49,95,-5.000000,225.000000,9.639647
50,95,0.000000,225.000000,9.616209
51,95,5.000000,225.000000,9.592771
52,95,10.000000,225.000000,9.570292
53,95,15.000000,225.000000,9.547968
54,95,20.000000,225.000000,9.526617
55,95,25.000000,225.000000,9.505267
56,95,30.000000,225.000000,9.483916
57,95,35.000000,225.000000,9.462303
58,95,40.000000,225.000000,9.440302
59,95,45.000000,225.000000,9.417815
60,95,50.000000,225.000000,9.394929
61,95,55.000000,225.000000,9.372043
62,95,60.000000,225.000000,9.349157
63,95,65.000000,225.000000,9.324858
64,95,70.000000,225.000000,9.300288
65,95,75.000000,225.000000,9.272928
66,95,80.000000,225.000000,9.245526
67,95,85.000000,225.000000,9.218123
68,95,90.000000,225.000000,9.190405
69,95,95.000000,225.000000,9.161856
70,95,100.000000,225.000000,9.132291
71,95,105.000000,225.000000,9.101327
72,95,110.000000,225.000000,9.070364
73,95,115.000000,225.000000,9.039400
74,95,120.000000,225.000000,9.008469
75,95,125.000000,225.000000,8.977550
76,95,130.000000,225.000000,8.946736
77,95,135.000000,225.000000,8.915939
78,95,140.000000,225.000000,8.885143
79,95,145.000000,225.000000,8.854440
80,95,150.000000,225.000000,8.824279
81,95,155.000000,225.000000,8.794778
82,95,160.000000,225.000000,8.766869
83,95,165.000000,225.000000,8.738960
84,95,170.000000,225.000000,8.711052
85,95,175.000000,225.000000,8.683382
86,95,180.000000,225.000000,8.655883
87,95,185.000000,225.000000,8.629847
88,95,190.000000,225.000000,8.604356
89,95,195.000000,225.000000,8.578865
90,95,200.000000,225.000000,8.553373
91,95,205.000000,225.000000,8.527881
92,95,210.000000,225.000000,8.502386
93,95,215.000000,225.000000,8.476881
94,95,220.000000,225.000000,8.451376
95,95,225.000000,225.000000,8.425871
96,95,230.000000,225.000000,8.400317
97,95,235.000000,225.000000,8.374706
98,95,240.000000,225.000000,8.348218
99,95,245.000000,225.000000,8.321148
100,95,250.000000,225.000000,8.294077
0,96,-250.000000,230.000000,10.409766
1,96,-245.000000,230.000000,10.414108
2,96,-240.000000,230.000000,10.409424
3,96,-235.000000,230.000000,10.404611
4,96,-230.000000,230.000000,10.399241
5,96,-225.000000,230.000000,10.393872
6,96,-220.000000,230.000000,10.388502
7,96,-215.000000,230.000000,10.379956
8,96,-210.000000,230.000000,10.367961
9,96,-205.000000,230.000000,10.355409
10,96,-200.000000,230.000000,10.342523
11,96,-195.000000,230.000000,10.329636
12,96,-190.000000,230.000000,10.316749
13,96,-185.000000,230.000000,10.302897
14,96,-180.000000,230.000000,10.288942
15,96,-175.000000,230.000000,10.274785
16,96,-170.000000,230.000000,10.260628
17,96,-165.000000,230.000000,10.246471
18,96,-160.000000,230.000000,10.232911
19,96,-155.000000,230.000000,10.220454
20,96,-150.000000,230.000000,10.208236
21,96,-145.000000,230.000000,10.196259
22,96,-140.000000,230.000000,10.184283
23,96,-135.000000,230.000000,10.172306
24,96,-130.000000,230.000000,10.160179
25,96,-125.000000,230.000000,10.148010
26,96,-120.000000,230.000000,10.135775
27,96,-115.000000,230.000000,10.123535
28,96,-110.000000,230.000000,10.111295
29,96,-105.000000,230.000000,10.098301
30,96,-100.000000,230.000000,10.082685
31,96,-95.000000,230.000000,10.066478
32,96,-90.000000,230.000000,10.049259
33,96,-85.000000,230.000000,10.032040
34,96,-80.000000,230.000000,10.014820
35,96,-75.000000,230.000000,9.995091
36,96,-70.000000,230.000000,9.974066
37,96,-65.000000,230.000000,9.951220
38,96,-60.000000,230.000000,9.927933
39,96,-55.000000,230.000000,9.904645
40,96,-50.000000,230.000000,9.881235
41,96,-45.000000,230.000000,9.856669
42,96,-40.000000,230.000000,9.831877
43,96,-35.000000,230.000000,9.806371
44,96,-30.000000,230.000000,9.780866
45,96,-25.000000,230.000000,9.755360
46,96,-20.000000,230.000000,9.730442
47,96,-15.000000,230.000000,9.706043
48,96,-10.000000,230.000000,9.682320
49,96,-5.000000,230.000000,9.658920
50,96,0.000000,230.000000,9.635521
51,96,5.000000,230.000000,9.612121
52,96,10.000000,230.000000,9.589716
53,96,15.000000,230.000000,9.567474
54,96,20.000000,230.000000,9.546242
55,96,25.000000,230.000000,9.525010
56,96,30.000000,230.000000,9.503779
57,96,35.000000,230.000000,9.482261
58,96,40.000000,230.000000,9.460322
59,96,45.000000,230.000000,9.437855
60,96,50.000000,230.000000,9.414954
61,96,55.000000,230.000000,9.392053
62,96,60.000000,230.000000,9.369151
63,96,65.000000,230.000000,9.344754
64,96,70.000000,230.000000,9.320070
65,96,75.000000,230.000000,9.292434
66,96,80.000000,230.000000,9.264753
67,96,85.000000,230.000000,9.237071
68,96,90.000000,230.000000,9.209058
69,96,95.000000,230.000000,9.180174
70,96,100.000000,230.000000,9.150224
71,96,105.000000,230.000000,9.118807
72,96,110.000000,230.000000,9.087391
73,96,115.000000,230.000000,9.055974
74,96,120.000000,230.000000,9.024596
75,96,125.000000,230.000000,8.993233
76,96,130.000000,230.000000,8.961993
77,96,135.000000,230.000000,8.930775
78,96,140.000000,230.000000,8.899556
79,96,145.000000,230.000000,8.868436
80,96,150.000000,230.000000,8.837887
81,96,155.000000,230.000000,8.808032
82,96,160.000000,230.000000,8.779853
83,96,165.000000,230.000000,8.751674
84,96,170.000000,230.000000,8.723495
85,96,175.000000,230.000000,8.695565
86,96,180.000000,230.000000,8.667815
87,96,185.000000,230.000000,8.641592
88,96,190.000000,230.000000,8.615939
89,96,195.000000,230.000000,8.590286
90,96,200.000000,230.000000,8.564633
91,96,205.000000,230.000000,8.538978
92,96,210.000000,230.000000,8.513320
93,96,215.000000,230.000000,8.487648
94,96,220.000000,230.000000,8.461976
95,96,225.000000,230.000000,8.436303
96,96,230.000000,230.000000,8.410581
97,96,235.000000,230.000000,8.384799
98,96,240.000000,230.000000,8.358108
99,96,245.000000,230.000000,8.330813
100,96,250.000000,230.000000,8.303518
0,97,-250.000000,235.000000,10.425170
1,97,-245.000000,235.000000,10.429952
2,97,-240.000000,235.000000,10.425448
3,97,-235.000000,235.000000,10.420810
4,97,-230.000000,235.000000,10.415599
5,97,-225.000000,235.000000,10.410389
6,97,-220.000000,235.000000,10.405178
7,97,-215.000000,235.000000,10.396722
8,97,-210.000000,235.000000,10.384742
9,97,-205.000000,235.000000,10.372192
10,97,-200.000000,235.000000,10.359301
11,97,-195.000000,235.000000,10.346409
12,97,-190.000000,235.000000,10.333518
13,97,-185.000000,235.000000,10.319715
14,97,-180.000000,235.000000,10.305816
15,97,-175.000000,235.000000,10.291725
16,97,-170.000000,235.000000,10.277635
17,97,-165.000000,235.000000,10.263545
18,97,-160.000000,235.000000,10.250097
19,97,-155.000000,235.000000,10.237834
20,97,-150.000000,235.000000,10.225828
21,97,-145.000000,235.000000,10.214082
22,97,-140.000000,235.000000,10.202336
23,97,-135.000000,235.000000,10.190590
24,97,-130.000000,235.000000,10.178706
25,97,-125.000000,235.000000,10.166786
26,97,-120.000000,235.000000,10.154804
27,97,-115.000000,235.000000,10.142819
28,97,-110.000000,235.000000,10.130833
29,97,-105.000000,235.000000,10.118067
30,97,-100.000000,235.000000,10.102590
31,97,-95.000000,235.000000,10.086500
32,97,-90.000000,235.000000,10.069364
33,97,-85.000000,235.000000,10.052228
34,97,-80.000000,235.000000,10.035092
35,97,-75.000000,235.000000,10.015370
36,97,-70.000000,235.000000,9.994312
37,97,-65.000000,235.000000,9.971378
38,97,-60.000000,235.000000,9.947988
39,97,-55.000000,235.000000,9.924599
40,97,-50.000000,235.000000,9.901087
41,97,-45.000000,235.000000,9.876416
42,97,-40.000000,235.000000,9.851518
43,97,-35.000000,235.000000,9.825905
44,97,-30.000000,235.000000,9.800292
45,97,-25.000000,235.000000,9.774678
46,97,-20.000000,235.000000,9.749694
47,97,-15.000000,235.000000,9.725263
48,97,-10.000000,235.000000,9.701556
49,97,-5.000000,235.000000,9.678194
50,97,0.000000,235.000000,9.654833
51,97,5.000000,235.000000,9.631471
52,97,10.000000,235.000000,9.609141
53,97,15.000000,235.000000,9.586980
54,97,20.000000,235.000000,9.565867
55,97,25.000000,235.000000,9.544754
56,97,30.000000,235.000000,9.523641
57,97,35.000000,235.000000,9.502220
58,97,40.000000,235.000000,9.480343
59,97,45.000000,235.000000,9.457895
60,97,50.000000,235.000000,9.434979
61,97,55.000000,235.000000,9.412062
62,97,60.000000,235.000000,9.389146
63,97,65.000000,235.000000,9.364650
64,97,70.000000,235.000000,9.339853
65,97,75.000000,235.000000,9.311940
66,97,80.000000,235.000000,9.283980
67,97,85.000000,235.000000,9.256019
68,97,90.000000,235.000000,9.227712
69,97,95.000000,235.000000,9.198492
70,97,100.000000,235.000000,9.168158
71,97,105.000000,235.000000,9.136288
72,97,110.000000,235.000000,9.104418
73,97,115.000000,235.000000,9.072548
74,97,120.000000,235.000000,9.040723
75,97,125.000000,235.000000,9.008915
76,97,130.000000,235.000000,8.977251
77,97,135.000000,235.000000,8.945610
78,97,140.000000,235.000000,8.913969
79,97,145.000000,235.000000,8.882432
80,97,150.000000,235.000000,8.851495
81,97,155.000000,235.000000,8.821286
82,97,160.000000,235.000000,8.792837
83,97,165.000000,235.000000,8.764387
84,97,170.000000,235.000000,8.735938
85,97,175.000000,235.000000,8.707749
86,97,180.000000,235.000000,8.679746
87,97,185.000000,235.000000,8.653338
88,97,190.000000,235.000000,8.627523
89,97,195.000000,235.000000,8.601708
90,97,200.000000,235.000000,8.575893
91,97,205.000000,235.000000,8.550075
92,97,210.000000,235.000000,8.524254
93,97,215.000000,235.000000,8.498415
94,97,220.000000,235.000000,8.472575
95,97,225.000000,235.000000,8.446736
96,97,230.000000,235.000000,8.420845
97,97,235.000000,235.000000,8.394892
98,97,240.000000,235.000000,8.367997
99,97,245.000000,235.000000,8.340478
100,97,250.000000,235.000000,8.312958
0,98,-250.000000,240.000000,10.440390
1,98,-245.000000,240.000000,10.445607
2,98,-240.000000,240.000000,10.441278
3,98,-235.000000,240.000000,10.436813
4,98,-230.000000,240.000000,10.431759
5,98,-225.000000,240.000000,10.426705
6,98,-220.000000,240.000000,10.421651
7,98,-215.000000,240.000000,10.413282
8,98,-210.000000,240.000000,10.401315
9,98,-205.000000,240.000000,10.388767
10,98,-200.000000,240.000000,10.375870
11,98,-195.000000,240.000000,10.362972
12,98,-190.000000,240.000000,10.350075
13,98,-185.000000,240.000000,10.336320
14,98,-180.000000,240.000000,10.322474
15,98,-175.000000,240.000000,10.308449
16,98,-170.000000,240.000000,10.294423
17,98,-165.000000,240.000000,10.280398
18,98,-160.000000,240.000000,10.267060
19,98,-155.000000,240.000000,10.254988
20,98,-150.000000,240.000000,10.243192
21,98,-145.000000,240.000000,10.231673
22,98,-140.000000,240.000000,10.220154
23,98,-135.000000,240.000000,10.208635
24,98,-130.000000,240.000000,10.196993
25,98,-125.000000,240.000000,10.185316
26,98,-120.000000,240.000000,10.173585
27,98,-115.000000,240.000000,10.161851
28,98,-110.000000,240.000000,10.150116
29,98,-105.000000,240.000000,10.137575
30,98,-100.000000,240.000000,10.122234
31,98,-95.000000,240.000000,10.106261
32,98,-90.000000,240.000000,10.089207
33,98,-85.000000,240.000000,10.072152
34,98,-80.000000,240.000000,10.055098
35,98,-75.000000,240.000000,10.035382
36,98,-70.000000,240.000000,10.014291
37,98,-65.000000,240.000000,9.991269
38,98,-60.000000,240.000000,9.967778
39,98,-55.000000,240.000000,9.944287
40,98,-50.000000,240.000000,9.920674
41,98,-45.000000,240.000000,9.895898
42,98,-40.000000,240.000000,9.870895
43,98,-35.000000,240.000000,9.845175
44,98,-30.000000,240.000000,9.819454
45,98,-25.000000,240.000000,9.793734
46,98,-20.000000,240.000000,9.768682
47,98,-15.000000,240.000000,9.744220
48,98,-10.000000,240.000000,9.720528
49,98,-5.000000,240.000000,9.697203
50,98,0.000000,240.000000,9.673878
51,98,5.000000,240.000000,9.650552
52,98,10.000000,240.000000,9.628297
53,98,15.000000,240.000000,9.606215
54,98,20.000000,240.000000,9.585219
55,98,25.000000,240.000000,9.564224
56,98,30.000000,240.000000,9.543228
57,98,35.000000,240.000000,9.521901
58,98,40.000000,240.000000,9.500085
59,98,45.000000,240.000000,9.477657
60,98,50.000000,240.000000,9.454725
61,98,55.000000,240.000000,9.431794
62,98,60.000000,240.000000,9.408862
63,98,65.000000,240.000000,9.384270
64,98,70.000000,240.000000,9.359360
65,98,75.000000,240.000000,9.331175
66,98,80.000000,240.000000,9.302939
67,98,85.000000,240.000000,9.274703
68,98,90.000000,240.000000,9.246105
69,98,95.000000,240.000000,9.216554
70,98,100.000000,240.000000,9.185840
71,98,105.000000,240.000000,9.153522
72,98,110.000000,240.000000,9.121205
73,98,115.000000,240.000000,9.088888
74,98,120.000000,240.000000,9.056621
75,98,125.000000,240.000000,9.024374
76,98,130.000000,240.000000,8.992290
77,98,135.000000,240.000000,8.960233
78,98,140.000000,240.000000,8.928175
79,98,145.000000,240.000000,8.896227
80,98,150.000000,240.000000,8.864906
81,98,155.000000,240.000000,8.834347
82,98,160.000000,240.000000,8.805631
83,98,165.000000,240.000000,8.776915
84,98,170.000000,240.000000,8.748199
85,98,175.000000,240.000000,8.719754
86,98,180.000000,240.000000,8.691502
87,98,185.000000,240.000000,8.664910
88,98,190.000000,240.000000,8.638936
89,98,195.000000,240.000000,8.612961
90,98,200.000000,240.000000,8.586987
91,98,205.000000,240.000000,8.561009
92,98,210.000000,240.000000,8.535027
93,98,215.000000,240.000000,8.509022
94,98,220.000000,240.000000,8.483018
95,98,225.000000,240.000000,8.457014
96,98,230.000000,240.000000,8.430956
97,98,235.000000,240.000000,8.404833
98,98,240.000000,240.000000,8.377738
99,98,245.000000,240.000000,8.349996
100,98,250.000000,240.000000,8.322254
0,99,-250.000000,245.000000,10.454882
1,99,-245.000000,245.000000,10.460507
2,99,-240.000000,245.000000,10.456342
3,99,-235.000000,245.000000,10.452037
4,99,-230.000000,245.000000,10.447128
5,99,-225.000000,245.000000,10.442219
6,99,-220.000000,245.000000,10.437310
7,99,-215.000000,245.000000,10.429021
8,99,-210.000000,245.000000,10.417063
9,99,-205.000000,245.000000,10.404511
10,99,-200.000000,245.000000,10.391604
11,99,-195.000000,245.000000,10.378696
12,99,-190.000000,245.000000,10.365789
13,99,-185.000000,245.000000,10.352076
14,99,-180.000000,245.000000,10.338277
15,99,-175.000000,245.000000,10.324310
16,99,-170.000000,245.000000,10.310342
17,99,-165.000000,245.000000,10.296375
18,99,-160.000000,245.000000,10.283137
19,99,-155.000000,245.000000,10.271246
20,99,-150.000000,245.000000,10.259646
21,99,-145.000000,245.000000,10.248341
22,99,-140.000000,245.000000,10.237036
23,99,-135.000000,245.000000,10.225731
24,99,-130.000000,245.000000,10.214316
25,99,-125.000000,245.000000,10.202871
26,99,-120.000000,245.000000,10.191377
27,99,-115.000000,245.000000,10.179880
28,99,-110.000000,245.000000,10.168383
29,99,-105.000000,245.000000,10.156055
30,99,-100.000000,245.000000,10.140842
31,99,-95.000000,245.000000,10.124978
32,99,-90.000000,245.000000,10.108001
33,99,-85.000000,245.000000,10.091023
34,99,-80.000000,245.000000,10.074045
35,99,-75.000000,245.000000,10.054332
36,99,-70.000000,245.000000,10.033208
37,99,-65.000000,245.000000,10.010099
38,99,-60.000000,245.000000,9.986509
39,99,-55.000000,245.000000,9.962919
40,99,-50.000000,245.000000,9.939206
41,99,-45.000000,245.000000,9.914327
42,99,-40.000000,245.000000,9.889220
43,99,-35.000000,245.000000,9.863394
44,99,-30.000000,245.000000,9.837568
45,99,-25.000000,245.000000,9.811742
46,99,-20.000000,245.000000,9.786623
47,99,-15.000000,245.000000,9.762127
48,99,-10.000000,245.000000,9.738445
49,99,-5.000000,245.000000,9.715152
50,99,0.000000,245.000000,9.691859
51,99,5.000000,245.000000,9.668566
52,99,10.000000,245.000000,9.646378
53,99,15.000000,245.000000,9.624370
54,99,20.000000,245.000000,9.603485
55,99,25.000000,245.000000,9.582599
56,99,30.000000,245.000000,9.561713
57,99,35.000000,245.000000,9.540476
58,99,40.000000,245.000000,9.518717
59,99,45.000000,245.000000,9.496308
60,99,50.000000,245.000000,9.473362
61,99,55.000000,245.000000,9.450416
62,99,60.000000,245.000000,9.427471
63,99,65.000000,245.000000,9.402788
64,99,70.000000,245.000000,9.377772
65,99,75.000000,245.000000,9.349328
66,99,80.000000,245.000000,9.320831
67,99,85.000000,245.000000,9.292333
68,99,90.000000,245.000000,9.263460
69,99,95.000000,245.000000,9.233595
70,99,100.000000,245.000000,9.202520
71,99,105.000000,245.000000,9.169778
72,99,110.000000,245.000000,9.137036
73,99,115.000000,245.000000,9.104294
74,99,120.000000,245.000000,9.071608
75,99,125.000000,245.000000,9.038944
76,99,130.000000,245.000000,9.006461
77,99,135.000000,245.000000,8.974008
78,99,140.000000,245.000000,8.941555
79,99,145.000000,245.000000,8.909215
80,99,150.000000,245.000000,8.877530
81,99,155.000000,245.000000,8.846640
82,99,160.000000,245.000000,8.817671
83,99,165.000000,245.000000,8.788702
84,99,170.000000,245.000000,8.759733
85,99,175.000000,245.000000,8.731046
86,99,180.000000,245.000000,8.702559
87,99,185.000000,245.000000,8.675793
88,99,190.000000,245.000000,8.649669
89,99,195.000000,245.000000,8.623544
90,99,200.000000,245.000000,8.597419
91,99,205.000000,245.000000,8.571290
92,99,210.000000,245.000000,8.545156
93,99,215.000000,245.000000,8.518995
94,99,220.000000,245.000000,8.492834
95,99,225.000000,245.000000,8.466673
96,99,230.000000,245.000000,8.440456
97,99,235.000000,245.000000,8.414174
98,99,240.000000,245.000000,8.386886
99,99,245.000000,245.000000,8.358930
100,99,250.000000,245.000000,8.330975
0,100,-250.000000,250.000000,10.466192
1,100,-245.000000,250.000000,10.472118
2,100,-240.000000,250.000000,10.468063
3,100,-235.000000,250.000000,10.463865
4,100,-230.000000,250.000000,10.459052
5,100,-225.000000,250.000000,10.454238
6,100,-220.000000,250.000000,10.449424
7,100,-215.000000,250.000000,10.441179
8,100,-210.000000,250.000000,10.429208
9,100,-205.000000,250.000000,10.416634
10,100,-200.000000,250.000000,10.403699
11,100,-195.000000,250.000000,10.390764
12,100,-190.000000,250.000000,10.377828
13,100,-185.000000,250.000000,10.364129
14,100,-180.000000,250.000000,10.350350
15,100,-175.000000,250.000000,10.336410
16,100,-170.000000,250.000000,10.322470
17,100,-165.000000,250.000000,10.308530
18,100,-160.000000,250.000000,10.295355
19,100,-155.000000,250.000000,10.283592
20,100,-150.000000,250.000000,10.272134
21,100,-145.000000,250.000000,10.260985
22,100,-140.000000,250.000000,10.249836
23,100,-135.000000,250.000000,10.238688
24,100,-130.000000,250.000000,10.227442
25,100,-125.000000,250.000000,10.216170
26,100,-120.000000,250.000000,10.204856
27,100,-115.000000,250.000000,10.193538
28,100,-110.000000,250.000000,10.182221
29,100,-105.000000,250.000000,10.170054
30,100,-100.000000,250.000000,10.154934
31,100,-95.000000,250.000000,10.139149
32,100,-90.000000,250.000000,10.122223
33,100,-85.000000,250.000000,10.105298
34,100,-80.000000,250.000000,10.088373
35,100,-75.000000,250.000000,10.068654
36,100,-70.000000,250.000000,10.047492
37,100,-65.000000,250.000000,10.024303
38,100,-60.000000,250.000000,10.000622
39,100,-55.000000,250.000000,9.976941
40,100,-50.000000,250.000000,9.953137
41,100,-45.000000,250.000000,9.928163
42,100,-40.000000,250.000000,9.902959
43,100,-35.000000,250.000000,9.877033
44,100,-30.000000,250.000000,9.851108
45,100,-25.000000,250.000000,9.825182
46,100,-20.000000,250.000000,9.799994
47,100,-15.000000,250.000000,9.775457
48,100,-10.000000,250.000000,9.751769
49,100,-5.000000,250.000000,9.728487
50,100,0.000000,250.000000,9.705204
51,100,5.000000,250.000000,9.681922
52,100,10.000000,250.000000,9.659777
53,100,15.000000,250.000000,9.637816
54,100,20.000000,250.000000,9.617011
55,100,25.000000,250.000000,9.596206
56,100,30.000000,250.000000,9.575400
57,100,35.000000,250.000000,9.554227
58,100,40.000000,250.000000,9.532511
59,100,45.000000,250.000000,9.510116
60,100,50.000000,250.000000,9.487161
61,100,55.000000,250.000000,9.464207
62,100,60.000000,250.000000,9.441252
63,100,65.000000,250.000000,9.416501
64,100,70.000000,250.000000,9.391406
65,100,75.000000,250.000000,9.362765
66,100,80.000000,250.000000,9.334069
67,100,85.000000,250.000000,9.305374
68,100,90.000000,250.000000,9.276290
69,100,95.000000,250.000000,9.246186
70,100,100.000000,250.000000,9.214835
71,100,105.000000,250.000000,9.181767
72,100,110.000000,250.000000,9.148698
73,100,115.000000,250.000000,9.115629
74,100,120.000000,250.000000,9.082621
75,100,125.000000,250.000000,9.049636
76,100,130.000000,250.000000,9.016847
77,100,135.000000,250.000000,8.984089
78,100,140.000000,250.000000,8.951332
79,100,145.000000,250.000000,8.918692
80,100,150.000000,250.000000,8.886727
81,100,155.000000,250.000000,8.855584
82,100,160.000000,250.000000,8.826423
83,100,165.000000,250.000000,8.797263
84,100,170.000000,250.000000,8.768103
85,100,175.000000,250.000000,8.739232
86,100,180.000000,250.000000,8.710567
87,100,185.000000,250.000000,8.683673
88,100,190.000000,250.000000,8.657437
89,100,195.000000,250.000000,8.631202
90,100,200.000000,250.000000,8.604966
91,100,205.000000,250.000000,8.578725
92,100,210.000000,250.000000,8.552478
93,100,215.000000,250.000000,8.526197
94,100,220.000000,250.000000,8.499916
95,100,225.000000,250.000000,8.473635
96,100,230.000000,250.000000,8.447297
97,100,235.000000,250.000000,8.420891
98,100,240.000000,250.000000,8.393449
99,100,245.000000,250.000000,8.365319
100,100,250.000000,250.000000,8.337189
