ix,iy,x_m,y_m,depth_m
0,0,-250.000000,-250.000000,10.431310
1,0,-245.000000,-250.000000,10.374603
2,0,-240.000000,-250.000000,10.323515
3,0,-235.000000,-250.000000,10.272508
4,0,-230.000000,-250.000000,10.221847
5,0,-225.000000,-250.000000,10.171187
6,0,-220.000000,-250.000000,10.120526
7,0,-215.000000,-250.000000,10.071160
8,0,-210.000000,-250.000000,10.023201
9,0,-205.000000,-250.000000,9.975468
10,0,-200.000000,-250.000000,9.927873
11,0,-195.000000,-250.000000,9.880277
12,0,-190.000000,-250.000000,9.832681
13,0,-185.000000,-250.000000,9.786343
14,0,-180.000000,-250.000000,9.740139
15,0,-175.000000,-250.000000,9.694198
16,0,-170.000000,-250.000000,9.648256
17,0,-165.000000,-250.000000,9.602315
18,0,-160.000000,-250.000000,9.557062
19,0,-155.000000,-250.000000,9.513079
20,0,-150.000000,-250.000000,9.469370
21,0,-145.000000,-250.000000,9.425940
22,0,-140.000000,-250.000000,9.382510
23,0,-135.000000,-250.000000,9.339080
24,0,-130.000000,-250.000000,9.297422
25,0,-125.000000,-250.000000,9.256243
26,0,-120.000000,-250.000000,9.215844
27,0,-115.000000,-250.000000,9.175502
28,0,-110.000000,-250.000000,9.135160
29,0,-105.000000,-250.000000,9.095044
30,0,-100.000000,-250.000000,9.055712
31,0,-95.000000,-250.000000,9.016557
32,0,-90.000000,-250.000000,8.977704
33,0,-85.000000,-250.000000,8.938852
34,0,-80.000000,-250.000000,8.900000
35,0,-75.000000,-250.000000,8.860642
36,0,-70.000000,-250.000000,8.821025
37,0,-65.000000,-250.000000,8.781041
38,0,-60.000000,-250.000000,8.740968
39,0,-55.000000,-250.000000,8.700895
40,0,-50.000000,-250.000000,8.660692
41,0,-45.000000,-250.000000,8.619258
42,0,-40.000000,-250.000000,8.577582
43,0,-35.000000,-250.000000,8.535147
44,0,-30.000000,-250.000000,8.492711
45,0,-25.000000,-250.000000,8.450276
46,0,-20.000000,-250.000000,8.407662
47,0,-15.000000,-250.000000,8.364892
48,0,-10.000000,-250.000000,8.321917
49,0,-5.000000,-250.000000,8.278843
50,0,0.000000,-250.000000,8.235770
51,0,5.000000,-250.000000,8.192697
52,0,10.000000,-250.000000,8.150831
53,0,15.000000,-250.000000,8.109162
54,0,20.000000,-250.000000,8.068719
55,0,25.000000,-250.000000,8.028276
56,0,30.000000,-250.000000,7.987833
57,0,35.000000,-250.000000,7.948219
58,0,40.000000,-250.000000,7.909833
59,0,45.000000,-250.000000,7.872981
60,0,50.000000,-250.000000,7.837392
61,0,55.000000,-250.000000,7.801803
62,0,60.000000,-250.000000,7.766213
63,0,65.000000,-250.000000,7.732016
64,0,70.000000,-250.000000,7.698085
65,0,75.000000,-250.000000,7.666900
66,0,80.000000,-250.000000,7.635757
67,0,85.000000,-250.000000,7.604615
68,0,90.000000,-250.000000,7.573659
69,0,95.000000,-250.000000,7.543193
70,0,100.000000,-250.000000,7.513325
71,0,105.000000,-250.000000,7.484283
72,0,110.000000,-250.000000,7.455240
73,0,115.000000,-250.000000,7.426197
74,0,120.000000,-250.000000,7.397181
75,0,125.000000,-250.000000,7.368175
76,0,130.000000,-250.000000,7.339255
77,0,135.000000,-250.000000,7.310349
78,0,140.000000,-250.000000,7.281443
79,0,145.000000,-250.000000,7.252548
80,0,150.000000,-250.000000,7.223719
81,0,155.000000,-250.000000,7.194969
82,0,160.000000,-250.000000,7.166411
83,0,165.000000,-250.000000,7.137853
84,0,170.000000,-250.000000,7.109295
85,0,175.000000,-250.000000,7.080956
86,0,180.000000,-250.000000,7.052774
87,0,185.000000,-250.000000,7.025934
88,0,190.000000,-250.000000,6.999595
89,0,195.000000,-250.000000,6.973255
90,0,200.000000,-250.000000,6.946923
91,0,205.000000,-250.000000,6.920992
92,0,210.000000,-250.000000,6.895562
93,0,215.000000,-250.000000,6.872671
94,0,220.000000,-250.000000,6.849780
95,0,225.000000,-250.000000,6.826889
96,0,230.000000,-250.000000,6.804074
97,0,235.000000,-250.000000,6.781350
98,0,240.000000,-250.000000,6.760005
99,0,245.000000,-250.000000,6.739578
100,0,250.000000,-250.000000,6.719151
0,1,-250.000000,-245.000000,10.443171
1,1,-245.000000,-245.000000,10.387725
2,1,-240.000000,-245.000000,10.337413
3,1,-235.000000,-245.000000,10.287174
4,1,-230.000000,-245.000000,10.237251
5,1,-225.000000,-245.000000,10.187329
6,1,-220.000000,-245.000000,10.137407
7,1,-215.000000,-245.000000,10.088595
8,1,-210.000000,-245.000000,10.040989
9,1,-205.000000,-245.000000,9.993578
10,1,-200.000000,-245.000000,9.946284
11,1,-195.000000,-245.000000,9.898990
12,1,-190.000000,-245.000000,9.851696
13,1,-185.000000,-245.000000,9.805472
14,1,-180.000000,-245.000000,9.759362
15,1,-175.000000,-245.000000,9.713476
16,1,-170.000000,-245.000000,9.667590
17,1,-165.000000,-245.000000,9.621704
18,1,-160.000000,-245.000000,9.576484
19,1,-155.000000,-245.000000,9.532494
20,1,-150.000000,-245.000000,9.488769
21,1,-145.000000,-245.000000,9.445314
22,1,-140.000000,-245.000000,9.401859
23,1,-135.000000,-245.000000,9.358404
24,1,-130.000000,-245.000000,9.316745
25,1,-125.000000,-245.000000,9.275570
26,1,-120.000000,-245.000000,9.235187
27,1,-115.000000,-245.000000,9.194861
28,1,-110.000000,-245.000000,9.154535
29,1,-105.000000,-245.000000,9.114456
30,1,-100.000000,-245.000000,9.075238
31,1,-95.000000,-245.000000,9.036214
32,1,-90.000000,-245.000000,8.997523
33,1,-85.000000,-245.000000,8.958831
34,1,-80.000000,-245.000000,8.920139
35,1,-75.000000,-245.000000,8.881037
36,1,-70.000000,-245.000000,8.841724
37,1,-65.000000,-245.000000,8.802113
38,1,-60.000000,-245.000000,8.762429
39,1,-55.000000,-245.000000,8.722746
40,1,-50.000000,-245.000000,8.682947
41,1,-45.000000,-245.000000,8.642044
42,1,-40.000000,-245.000000,8.600925
43,1,-35.000000,-245.000000,8.559125
44,1,-30.000000,-245.000000,8.517325
45,1,-25.000000,-245.000000,8.475525
46,1,-20.000000,-245.000000,8.433588
47,1,-15.000000,-245.000000,8.391532
48,1,-10.000000,-245.000000,8.349319
49,1,-5.000000,-245.000000,8.307030
50,1,0.000000,-245.000000,8.264742
51,1,5.000000,-245.000000,8.222454
52,1,10.000000,-245.000000,8.181354
53,1,15.000000,-245.000000,8.140447
54,1,20.000000,-245.000000,8.100746
55,1,25.000000,-245.000000,8.061045
56,1,30.000000,-245.000000,8.021344
57,1,35.000000,-245.000000,7.982434
58,1,40.000000,-245.000000,7.944692
59,1,45.000000,-245.000000,7.908414
60,1,50.000000,-245.000000,7.873337
61,1,55.000000,-245.000000,7.838261
62,1,60.000000,-245.000000,7.803185
63,1,65.000000,-245.000000,7.769414
64,1,70.000000,-245.000000,7.735892
65,1,75.000000,-245.000000,7.704946
66,1,80.000000,-245.000000,7.674040
67,1,85.000000,-245.000000,7.643133
68,1,90.000000,-245.000000,7.612400
69,1,95.000000,-245.000000,7.582124
70,1,100.000000,-245.000000,7.552405
71,1,105.000000,-245.000000,7.523455
72,1,110.000000,-245.000000,7.494505
73,1,115.000000,-245.000000,7.465555
74,1,120.000000,-245.000000,7.436639
75,1,125.000000,-245.000000,7.407737
76,1,130.000000,-245.000000,7.378946
77,1,135.000000,-245.000000,7.350173
78,1,140.000000,-245.000000,7.321401
79,1,145.000000,-245.000000,7.292642
80,1,150.000000,-245.000000,7.263963
81,1,155.000000,-245.000000,7.235380
82,1,160.000000,-245.000000,7.207031
83,1,165.000000,-245.000000,7.178682
84,1,170.000000,-245.000000,7.150333
85,1,175.000000,-245.000000,7.122194
86,1,180.000000,-245.000000,7.094205
87,1,185.000000,-245.000000,7.067501
88,1,190.000000,-245.000000,7.041276
89,1,195.000000,-245.000000,7.015052
90,1,200.000000,-245.000000,6.988834
91,1,205.000000,-245.000000,6.962983
92,1,210.000000,-245.000000,6.937590
93,1,215.000000,-245.000000,6.914517
94,1,220.000000,-245.000000,6.891445
95,1,225.000000,-245.000000,6.868372
96,1,230.000000,-245.000000,6.845366
97,1,235.000000,-245.000000,6.822439
98,1,240.000000,-245.000000,6.800714
99,1,245.000000,-245.000000,6.779789
100,1,250.000000,-245.000000,6.758864
0,2,-250.000000,-240.000000,10.455063
1,2,-245.000000,-240.000000,10.400889
2,2,-240.000000,-240.000000,10.351352
3,2,-235.000000,-240.000000,10.301882
4,2,-230.000000,-240.000000,10.252698
5,2,-225.000000,-240.000000,10.203514
6,2,-220.000000,-240.000000,10.154330
7,2,-215.000000,-240.000000,10.106065
8,2,-210.000000,-240.000000,10.058798
9,2,-205.000000,-240.000000,10.011691
10,2,-200.000000,-240.000000,9.964682
11,2,-195.000000,-240.000000,9.917672
12,2,-190.000000,-240.000000,9.870662
13,2,-185.000000,-240.000000,9.824527
14,2,-180.000000,-240.000000,9.778485
15,2,-175.000000,-240.000000,9.732626
16,2,-170.000000,-240.000000,9.686767
17,2,-165.000000,-240.000000,9.640907
18,2,-160.000000,-240.000000,9.595693
19,2,-155.000000,-240.000000,9.551668
20,2,-150.000000,-240.000000,9.507901
21,2,-145.000000,-240.000000,9.464394
22,2,-140.000000,-240.000000,9.420888
23,2,-135.000000,-240.000000,9.377382
24,2,-130.000000,-240.000000,9.335701
25,2,-125.000000,-240.000000,9.294513
26,2,-120.000000,-240.000000,9.254130
27,2,-115.000000,-240.000000,9.213806
28,2,-110.000000,-240.000000,9.173481
29,2,-105.000000,-240.000000,9.133427
30,2,-100.000000,-240.000000,9.094316
31,2,-95.000000,-240.000000,9.055419
32,2,-90.000000,-240.000000,9.016885
33,2,-85.000000,-240.000000,8.978351
34,2,-80.000000,-240.000000,8.939817
35,2,-75.000000,-240.000000,8.900972
36,2,-70.000000,-240.000000,8.861966
37,2,-65.000000,-240.000000,8.822734
38,2,-60.000000,-240.000000,8.783448
39,2,-55.000000,-240.000000,8.744161
40,2,-50.000000,-240.000000,8.704772
41,2,-45.000000,-240.000000,8.664412
42,2,-40.000000,-240.000000,8.623862
43,2,-35.000000,-240.000000,8.582713
44,2,-30.000000,-240.000000,8.541564
45,2,-25.000000,-240.000000,8.500414
46,2,-20.000000,-240.000000,8.459172
47,2,-15.000000,-240.000000,8.417849
48,2,-10.000000,-240.000000,8.376420
49,2,-5.000000,-240.000000,8.334940
50,2,0.000000,-240.000000,8.293459
51,2,5.000000,-240.000000,8.251979
52,2,10.000000,-240.000000,8.211669
53,2,15.000000,-240.000000,8.171550
54,2,20.000000,-240.000000,8.132619
55,2,25.000000,-240.000000,8.093688
56,2,30.000000,-240.000000,8.054757
57,2,35.000000,-240.000000,8.016576
58,2,40.000000,-240.000000,7.979506
59,2,45.000000,-240.000000,7.943825
60,2,50.000000,-240.000000,7.909286
61,2,55.000000,-240.000000,7.874747
62,2,60.000000,-240.000000,7.840208
63,2,65.000000,-240.000000,7.806885
64,2,70.000000,-240.000000,7.773794
65,2,75.000000,-240.000000,7.743102
66,2,80.000000,-240.000000,7.712448
67,2,85.000000,-240.000000,7.681793
68,2,90.000000,-240.000000,7.651299
69,2,95.000000,-240.000000,7.621227
70,2,100.000000,-240.000000,7.591670
71,2,105.000000,-240.000000,7.562824
72,2,110.000000,-240.000000,7.533978
73,2,115.000000,-240.000000,7.505132
74,2,120.000000,-240.000000,7.476329
75,2,125.000000,-240.000000,7.447543
76,2,130.000000,-240.000000,7.418896
77,2,135.000000,-240.000000,7.390272
78,2,140.000000,-240.000000,7.361648
79,2,145.000000,-240.000000,7.333041
80,2,150.000000,-240.000000,7.304528
81,2,155.000000,-240.000000,7.276131
82,2,160.000000,-240.000000,7.248012
83,2,165.000000,-240.000000,7.219894
84,2,170.000000,-240.000000,7.191775
85,2,175.000000,-240.000000,7.163857
86,2,180.000000,-240.000000,7.136082
87,2,185.000000,-240.000000,7.109534
88,2,190.000000,-240.000000,7.083444
89,2,195.000000,-240.000000,7.057353
90,2,200.000000,-240.000000,7.031269
91,2,205.000000,-240.000000,7.005515
92,2,210.000000,-240.000000,6.980174
93,2,215.000000,-240.000000,6.956924
94,2,220.000000,-240.000000,6.933675
95,2,225.000000,-240.000000,6.910425
96,2,230.000000,-240.000000,6.887231
97,2,235.000000,-240.000000,6.864105
98,2,240.000000,-240.000000,6.841994
99,2,245.000000,-240.000000,6.820558
100,2,250.000000,-240.000000,6.799122
0,3,-250.000000,-235.000000,10.467101
1,3,-245.000000,-235.000000,10.414243
2,3,-240.000000,-235.000000,10.365486
3,3,-235.000000,-235.000000,10.316788
4,3,-230.000000,-235.000000,10.268343
5,3,-225.000000,-235.000000,10.219898
6,3,-220.000000,-235.000000,10.171453
7,3,-215.000000,-235.000000,10.123701
8,3,-210.000000,-235.000000,10.076702
9,3,-205.000000,-235.000000,10.029824
10,3,-200.000000,-235.000000,9.983019
11,3,-195.000000,-235.000000,9.936214
12,3,-190.000000,-235.000000,9.889410
13,3,-185.000000,-235.000000,9.843244
14,3,-180.000000,-235.000000,9.797147
15,3,-175.000000,-235.000000,9.751183
16,3,-170.000000,-235.000000,9.705219
17,3,-165.000000,-235.000000,9.659255
18,3,-160.000000,-235.000000,9.613917
19,3,-155.000000,-235.000000,9.569734
20,3,-150.000000,-235.000000,9.525802
21,3,-145.000000,-235.000000,9.482123
22,3,-140.000000,-235.000000,9.438443
23,3,-135.000000,-235.000000,9.394764
24,3,-130.000000,-235.000000,9.352971
25,3,-125.000000,-235.000000,9.311687
26,3,-120.000000,-235.000000,9.271234
27,3,-115.000000,-235.000000,9.230841
28,3,-110.000000,-235.000000,9.190448
29,3,-105.000000,-235.000000,9.150359
30,3,-100.000000,-235.000000,9.111326
31,3,-95.000000,-235.000000,9.072531
32,3,-90.000000,-235.000000,9.034143
33,3,-85.000000,-235.000000,8.995756
34,3,-80.000000,-235.000000,8.957368
35,3,-75.000000,-235.000000,8.918786
36,3,-70.000000,-235.000000,8.880103
37,3,-65.000000,-235.000000,8.841280
38,3,-60.000000,-235.000000,8.802422
39,3,-55.000000,-235.000000,8.763564
40,3,-50.000000,-235.000000,8.724620
41,3,-45.000000,-235.000000,8.684857
42,3,-40.000000,-235.000000,8.644933
43,3,-35.000000,-235.000000,8.604504
44,3,-30.000000,-235.000000,8.564075
45,3,-25.000000,-235.000000,8.523647
46,3,-20.000000,-235.000000,8.483180
47,3,-15.000000,-235.000000,8.442679
48,3,-10.000000,-235.000000,8.402134
49,3,-5.000000,-235.000000,8.361568
50,3,0.000000,-235.000000,8.321003
51,3,5.000000,-235.000000,8.280437
52,3,10.000000,-235.000000,8.241033
53,3,15.000000,-235.000000,8.201818
54,3,20.000000,-235.000000,8.163783
55,3,25.000000,-235.000000,8.125748
56,3,30.000000,-235.000000,8.087713
57,3,35.000000,-235.000000,8.050386
58,3,40.000000,-235.000000,8.014107
59,3,45.000000,-235.000000,7.979139
60,3,50.000000,-235.000000,7.945248
61,3,55.000000,-235.000000,7.911357
62,3,60.000000,-235.000000,7.877466
63,3,65.000000,-235.000000,7.844690
64,3,70.000000,-235.000000,7.812128
65,3,75.000000,-235.000000,7.781765
66,3,80.000000,-235.000000,7.751436
67,3,85.000000,-235.000000,7.721107
68,3,90.000000,-235.000000,7.690923
69,3,95.000000,-235.000000,7.661122
70,3,100.000000,-235.000000,7.631789
71,3,105.000000,-235.000000,7.603100
72,3,110.000000,-235.000000,7.574410
73,3,115.000000,-235.000000,7.545721
74,3,120.000000,-235.000000,7.517086
75,3,125.000000,-235.000000,7.488474
76,3,130.000000,-235.000000,7.460040
77,3,135.000000,-235.000000,7.431636
78,3,140.000000,-235.000000,7.403231
79,3,145.000000,-235.000000,7.374847
80,3,150.000000,-235.000000,7.346578
81,3,155.000000,-235.000000,7.318450
82,3,160.000000,-235.000000,7.290661
83,3,165.000000,-235.000000,7.262872
84,3,170.000000,-235.000000,7.235083
85,3,175.000000,-235.000000,7.207484
86,3,180.000000,-235.000000,7.180021
87,3,185.000000,-235.000000,7.153720
88,3,190.000000,-235.000000,7.127851
89,3,195.000000,-235.000000,7.101982
90,3,200.000000,-235.000000,7.076119
91,3,205.000000,-235.000000,7.050543
92,3,210.000000,-235.000000,7.025324
93,3,215.000000,-235.000000,7.001918
94,3,220.000000,-235.000000,6.978512
95,3,225.000000,-235.000000,6.955106
96,3,230.000000,-235.000000,6.931744
97,3,235.000000,-235.000000,6.908433
98,3,240.000000,-235.000000,6.885905
99,3,245.000000,-235.000000,6.863899
100,3,250.000000,-235.000000,6.841892
0,4,-250.000000,-230.000000,10.479140
1,4,-245.000000,-230.000000,10.427599
2,4,-240.000000,-230.000000,10.379622
3,4,-235.000000,-230.000000,10.331696
4,4,-230.000000,-230.000000,10.283990
5,4,-225.000000,-230.000000,10.236284
6,4,-220.000000,-230.000000,10.188578
7,4,-215.000000,-230.000000,10.141338
8,4,-210.000000,-230.000000,10.094607
9,4,-205.000000,-230.000000,10.047957
10,4,-200.000000,-230.000000,10.001356
11,4,-195.000000,-230.000000,9.954755
12,4,-190.000000,-230.000000,9.908155
13,4,-185.000000,-230.000000,9.861958
14,4,-180.000000,-230.000000,9.815803
15,4,-175.000000,-230.000000,9.769734
16,4,-170.000000,-230.000000,9.723664
17,4,-165.000000,-230.000000,9.677594
18,4,-160.000000,-230.000000,9.632132
19,4,-155.000000,-230.000000,9.587790
20,4,-150.000000,-230.000000,9.543691
21,4,-145.000000,-230.000000,9.499837
22,4,-140.000000,-230.000000,9.455984
23,4,-135.000000,-230.000000,9.412130
24,4,-130.000000,-230.000000,9.370223
25,4,-125.000000,-230.000000,9.328842
26,4,-120.000000,-230.000000,9.288319
27,4,-115.000000,-230.000000,9.247858
28,4,-110.000000,-230.000000,9.207396
29,4,-105.000000,-230.000000,9.167271
30,4,-100.000000,-230.000000,9.128315
31,4,-95.000000,-230.000000,9.089622
32,4,-90.000000,-230.000000,9.051380
33,4,-85.000000,-230.000000,9.013139
34,4,-80.000000,-230.000000,8.974897
35,4,-75.000000,-230.000000,8.936578
36,4,-70.000000,-230.000000,8.898219
37,4,-65.000000,-230.000000,8.859804
38,4,-60.000000,-230.000000,8.821375
39,4,-55.000000,-230.000000,8.782946
40,4,-50.000000,-230.000000,8.744447
41,4,-45.000000,-230.000000,8.705281
42,4,-40.000000,-230.000000,8.665985
43,4,-35.000000,-230.000000,8.626278
44,4,-30.000000,-230.000000,8.586570
45,4,-25.000000,-230.000000,8.546862
46,4,-20.000000,-230.000000,8.507171
47,4,-15.000000,-230.000000,8.467493
48,4,-10.000000,-230.000000,8.427834
49,4,-5.000000,-230.000000,8.388184
50,4,0.000000,-230.000000,8.348534
51,4,5.000000,-230.000000,8.308884
52,4,10.000000,-230.000000,8.270387
53,4,15.000000,-230.000000,8.232078
54,4,20.000000,-230.000000,8.194940
55,4,25.000000,-230.000000,8.157802
56,4,30.000000,-230.000000,8.120665
57,4,35.000000,-230.000000,8.084193
58,4,40.000000,-230.000000,8.048706
59,4,45.000000,-230.000000,8.014451
60,4,50.000000,-230.000000,7.981210
61,4,55.000000,-230.000000,7.947969
62,4,60.000000,-230.000000,7.914727
63,4,65.000000,-230.000000,7.882500
64,4,70.000000,-230.000000,7.850466
65,4,75.000000,-230.000000,7.820433
66,4,80.000000,-230.000000,7.790430
67,4,85.000000,-230.000000,7.760427
68,4,90.000000,-230.000000,7.730555
69,4,95.000000,-230.000000,7.701026
70,4,100.000000,-230.000000,7.671916
71,4,105.000000,-230.000000,7.643384
72,4,110.000000,-230.000000,7.614852
73,4,115.000000,-230.000000,7.586320
74,4,120.000000,-230.000000,7.557855
75,4,125.000000,-230.000000,7.529417
76,4,130.000000,-230.000000,7.501197
77,4,135.000000,-230.000000,7.473012
78,4,140.000000,-230.000000,7.444828
79,4,145.000000,-230.000000,7.416667
80,4,150.000000,-230.000000,7.388643
81,4,155.000000,-230.000000,7.360785
82,4,160.000000,-230.000000,7.333327
83,4,165.000000,-230.000000,7.305869
84,4,170.000000,-230.000000,7.278411
85,4,175.000000,-230.000000,7.251132
86,4,180.000000,-230.000000,7.223981
87,4,185.000000,-230.000000,7.197927
88,4,190.000000,-230.000000,7.172281
89,4,195.000000,-230.000000,7.146635
90,4,200.000000,-230.000000,7.120994
91,4,205.000000,-230.000000,7.095596
92,4,210.000000,-230.000000,7.070500
93,4,215.000000,-230.000000,7.046938
94,4,220.000000,-230.000000,7.023376
95,4,225.000000,-230.000000,6.999814
96,4,230.000000,-230.000000,6.976283
97,4,235.000000,-230.000000,6.952788
98,4,240.000000,-230.000000,6.929844
99,4,245.000000,-230.000000,6.907265
100,4,250.000000,-230.000000,6.884687
0,5,-250.000000,-225.000000,10.491181
1,5,-245.000000,-225.000000,10.440958
2,5,-240.000000,-225.000000,10.393760
3,5,-235.000000,-225.000000,10.346606
4,5,-230.000000,-225.000000,10.299639
5,5,-225.000000,-225.000000,10.252672
6,5,-220.000000,-225.000000,10.205704
7,5,-215.000000,-225.000000,10.158978
8,5,-210.000000,-225.000000,10.112513
9,5,-205.000000,-225.000000,10.066090
10,5,-200.000000,-225.000000,10.019692
11,5,-195.000000,-225.000000,9.973295
12,5,-190.000000,-225.000000,9.926898
13,5,-185.000000,-225.000000,9.880668
14,5,-180.000000,-225.000000,9.834455
15,5,-175.000000,-225.000000,9.788278
16,5,-170.000000,-225.000000,9.742101
17,5,-165.000000,-225.000000,9.695924
18,5,-160.000000,-225.000000,9.650335
19,5,-155.000000,-225.000000,9.605833
20,5,-150.000000,-225.000000,9.561566
21,5,-145.000000,-225.000000,9.517537
22,5,-140.000000,-225.000000,9.473508
23,5,-135.000000,-225.000000,9.429479
24,5,-130.000000,-225.000000,9.387457
25,5,-125.000000,-225.000000,9.345978
26,5,-120.000000,-225.000000,9.305384
27,5,-115.000000,-225.000000,9.264853
28,5,-110.000000,-225.000000,9.224322
29,5,-105.000000,-225.000000,9.184161
30,5,-100.000000,-225.000000,9.145281
31,5,-95.000000,-225.000000,9.106690
32,5,-90.000000,-225.000000,9.068595
33,5,-85.000000,-225.000000,9.030499
34,5,-80.000000,-225.000000,8.992404
35,5,-75.000000,-225.000000,8.954348
36,5,-70.000000,-225.000000,8.916313
37,5,-65.000000,-225.000000,8.878306
38,5,-60.000000,-225.000000,8.840306
39,5,-55.000000,-225.000000,8.802307
40,5,-50.000000,-225.000000,8.764253
41,5,-45.000000,-225.000000,8.725685
42,5,-40.000000,-225.000000,8.687017
43,5,-35.000000,-225.000000,8.648031
44,5,-30.000000,-225.000000,8.609046
45,5,-25.000000,-225.000000,8.570060
46,5,-20.000000,-225.000000,8.531145
47,5,-15.000000,-225.000000,8.492291
48,5,-10.000000,-225.000000,8.453519
49,5,-5.000000,-225.000000,8.414786
50,5,0.000000,-225.000000,8.376053
51,5,5.000000,-225.000000,8.337319
52,5,10.000000,-225.000000,8.299731
53,5,15.000000,-225.000000,8.262329
54,5,20.000000,-225.000000,8.226090
55,5,25.000000,-225.000000,8.189850
56,5,30.000000,-225.000000,8.153611
57,5,35.000000,-225.000000,8.117996
58,5,40.000000,-225.000000,8.083302
59,5,45.000000,-225.000000,8.049763
60,5,50.000000,-225.000000,8.017172
61,5,55.000000,-225.000000,7.984582
62,5,60.000000,-225.000000,7.951991
63,5,65.000000,-225.000000,7.920313
64,5,70.000000,-225.000000,7.888809
65,5,75.000000,-225.000000,7.859106
66,5,80.000000,-225.000000,7.829430
67,5,85.000000,-225.000000,7.799755
68,5,90.000000,-225.000000,7.770195
69,5,95.000000,-225.000000,7.740938
70,5,100.000000,-225.000000,7.712053
71,5,105.000000,-225.000000,7.683679
72,5,110.000000,-225.000000,7.655305
73,5,115.000000,-225.000000,7.626930
74,5,120.000000,-225.000000,7.598635
75,5,125.000000,-225.000000,7.570373
76,5,130.000000,-225.000000,7.542366
77,5,135.000000,-225.000000,7.514403
78,5,140.000000,-225.000000,7.486439
79,5,145.000000,-225.000000,7.458503
80,5,150.000000,-225.000000,7.430724
81,5,155.000000,-225.000000,7.403136
82,5,160.000000,-225.000000,7.376010
83,5,165.000000,-225.000000,7.348884
84,5,170.000000,-225.000000,7.321758
85,5,175.000000,-225.000000,7.294801
86,5,180.000000,-225.000000,7.267963
87,5,185.000000,-225.000000,7.242158
88,5,190.000000,-225.000000,7.216736
89,5,195.000000,-225.000000,7.191314
90,5,200.000000,-225.000000,7.165896
91,5,205.000000,-225.000000,7.140676
92,5,210.000000,-225.000000,7.115704
93,5,215.000000,-225.000000,7.091986
94,5,220.000000,-225.000000,7.068268
95,5,225.000000,-225.000000,7.044551
96,5,230.000000,-225.000000,7.020851
97,5,235.000000,-225.000000,6.997172
98,5,240.000000,-225.000000,6.973810
99,5,245.000000,-225.000000,6.950660
100,5,250.000000,-225.000000,6.927510
0,6,-250.000000,-220.000000,10.503221
1,6,-245.000000,-220.000000,10.454316
2,6,-240.000000,-220.000000,10.407898
3,6,-235.000000,-220.000000,10.361516
4,6,-230.000000,-220.000000,10.315288
5,6,-225.000000,-220.000000,10.269060
6,6,-220.000000,-220.000000,10.222831
7,6,-215.000000,-220.000000,10.176617
8,6,-210.000000,-220.000000,10.130419
9,6,-205.000000,-220.000000,10.084223
10,6,-200.000000,-220.000000,10.038029
11,6,-195.000000,-220.000000,9.991835
12,6,-190.000000,-220.000000,9.945640
13,6,-185.000000,-220.000000,9.899377
14,6,-180.000000,-220.000000,9.853107
15,6,-175.000000,-220.000000,9.806823
16,6,-170.000000,-220.000000,9.760538
17,6,-165.000000,-220.000000,9.714254
18,6,-160.000000,-220.000000,9.668539
19,6,-155.000000,-220.000000,9.623876
20,6,-150.000000,-220.000000,9.579441
21,6,-145.000000,-220.000000,9.535236
22,6,-140.000000,-220.000000,9.491032
23,6,-135.000000,-220.000000,9.446827
24,6,-130.000000,-220.000000,9.404692
25,6,-125.000000,-220.000000,9.363114
26,6,-120.000000,-220.000000,9.322449
27,6,-115.000000,-220.000000,9.281849
28,6,-110.000000,-220.000000,9.241249
29,6,-105.000000,-220.000000,9.201050
30,6,-100.000000,-220.000000,9.162247
31,6,-95.000000,-220.000000,9.123759
32,6,-90.000000,-220.000000,9.085809
33,6,-85.000000,-220.000000,9.047860
34,6,-80.000000,-220.000000,9.009910
35,6,-75.000000,-220.000000,8.972117
36,6,-70.000000,-220.000000,8.934406
37,6,-65.000000,-220.000000,8.896808
38,6,-60.000000,-220.000000,8.859238
39,6,-55.000000,-220.000000,8.821667
40,6,-50.000000,-220.000000,8.784059
41,6,-45.000000,-220.000000,8.746089
42,6,-40.000000,-220.000000,8.708049
43,6,-35.000000,-220.000000,8.669785
44,6,-30.000000,-220.000000,8.631521
45,6,-25.000000,-220.000000,8.593257
46,6,-20.000000,-220.000000,8.555118
47,6,-15.000000,-220.000000,8.517090
48,6,-10.000000,-220.000000,8.479204
49,6,-5.000000,-220.000000,8.441388
50,6,0.000000,-220.000000,8.403571
51,6,5.000000,-220.000000,8.365755
52,6,10.000000,-220.000000,8.329075
53,6,15.000000,-220.000000,8.292580
54,6,20.000000,-220.000000,8.257239
55,6,25.000000,-220.000000,8.221899
56,6,30.000000,-220.000000,8.186558
57,6,35.000000,-220.000000,8.151798
58,6,40.000000,-220.000000,8.117899
59,6,45.000000,-220.000000,8.085074
60,6,50.000000,-220.000000,8.053135
61,6,55.000000,-220.000000,8.021195
62,6,60.000000,-220.000000,7.989255
63,6,65.000000,-220.000000,7.958126
64,6,70.000000,-220.000000,7.927152
65,6,75.000000,-220.000000,7.897779
66,6,80.000000,-220.000000,7.868431
67,6,85.000000,-220.000000,7.839082
68,6,90.000000,-220.000000,7.809834
69,6,95.000000,-220.000000,7.780851
70,6,100.000000,-220.000000,7.752190
71,6,105.000000,-220.000000,7.723973
72,6,110.000000,-220.000000,7.695757
73,6,115.000000,-220.000000,7.667541
74,6,120.000000,-220.000000,7.639416
75,6,125.000000,-220.000000,7.611328
76,6,130.000000,-220.000000,7.583536
77,6,135.000000,-220.000000,7.555793
78,6,140.000000,-220.000000,7.528051
79,6,145.000000,-220.000000,7.500339
80,6,150.000000,-220.000000,7.472805
81,6,155.000000,-220.000000,7.445488
82,6,160.000000,-220.000000,7.418694
83,6,165.000000,-220.000000,7.391900
84,6,170.000000,-220.000000,7.365106
85,6,175.000000,-220.000000,7.338469
86,6,180.000000,-220.000000,7.311946
87,6,185.000000,-220.000000,7.286388
88,6,190.000000,-220.000000,7.261190
89,6,195.000000,-220.000000,7.235992
90,6,200.000000,-220.000000,7.210797
91,6,205.000000,-220.000000,7.185756
92,6,210.000000,-220.000000,7.160907
93,6,215.000000,-220.000000,7.137034
94,6,220.000000,-220.000000,7.113161
95,6,225.000000,-220.000000,7.089287
96,6,230.000000,-220.000000,7.065419
97,6,235.000000,-220.000000,7.041556
98,6,240.000000,-220.000000,7.017777
99,6,245.000000,-220.000000,6.994055
100,6,250.000000,-220.000000,6.970333
0,7,-250.000000,-215.000000,10.515239
1,7,-245.000000,-215.000000,10.467639
2,7,-240.000000,-215.000000,10.421994
3,7,-235.000000,-215.000000,10.376378
4,7,-230.000000,-215.000000,10.330882
5,7,-225.000000,-215.000000,10.285387
6,7,-220.000000,-215.000000,10.239891
7,7,-215.000000,-215.000000,10.194184
8,7,-210.000000,-215.000000,10.148248
9,7,-205.000000,-215.000000,10.102275
10,7,-200.000000,-215.000000,10.056279
11,7,-195.000000,-215.000000,10.010284
12,7,-190.000000,-215.000000,9.964288
13,7,-185.000000,-215.000000,9.917988
14,7,-180.000000,-215.000000,9.871656
15,7,-175.000000,-215.000000,9.825260
16,7,-170.000000,-215.000000,9.778864
17,7,-165.000000,-215.000000,9.732468
18,7,-160.000000,-215.000000,9.686624
19,7,-155.000000,-215.000000,9.641798
20,7,-150.000000,-215.000000,9.597193
21,7,-145.000000,-215.000000,9.552811
22,7,-140.000000,-215.000000,9.508429
23,7,-135.000000,-215.000000,9.464047
24,7,-130.000000,-215.000000,9.421796
25,7,-125.000000,-215.000000,9.380121
26,7,-120.000000,-215.000000,9.339385
27,7,-115.000000,-215.000000,9.298716
28,7,-110.000000,-215.000000,9.258048
29,7,-105.000000,-215.000000,9.217813
30,7,-100.000000,-215.000000,9.179088
31,7,-95.000000,-215.000000,9.140702
32,7,-90.000000,-215.000000,9.102900
33,7,-85.000000,-215.000000,9.065097
34,7,-80.000000,-215.000000,9.027294
35,7,-75.000000,-215.000000,8.989764
36,7,-70.000000,-215.000000,8.952375
37,7,-65.000000,-215.000000,8.915184
38,7,-60.000000,-215.000000,8.878041
39,7,-55.000000,-215.000000,8.840898
40,7,-50.000000,-215.000000,8.803732
41,7,-45.000000,-215.000000,8.766356
42,7,-40.000000,-215.000000,8.728938
43,7,-35.000000,-215.000000,8.691390
44,7,-30.000000,-215.000000,8.653842
45,7,-25.000000,-215.000000,8.616294
46,7,-20.000000,-215.000000,8.578925
47,7,-15.000000,-215.000000,8.541713
48,7,-10.000000,-215.000000,8.504708
49,7,-5.000000,-215.000000,8.467800
50,7,0.000000,-215.000000,8.430893
51,7,5.000000,-215.000000,8.393985
52,7,10.000000,-215.000000,8.358207
53,7,15.000000,-215.000000,8.322612
54,7,20.000000,-215.000000,8.288165
55,7,25.000000,-215.000000,8.253717
56,7,30.000000,-215.000000,8.219269
57,7,35.000000,-215.000000,8.185361
58,7,40.000000,-215.000000,8.152251
59,7,45.000000,-215.000000,8.120139
60,7,50.000000,-215.000000,8.088848
61,7,55.000000,-215.000000,8.057556
62,7,60.000000,-215.000000,8.026265
63,7,65.000000,-215.000000,7.995685
64,7,70.000000,-215.000000,7.965240
65,7,75.000000,-215.000000,7.936198
66,7,80.000000,-215.000000,7.907178
67,7,85.000000,-215.000000,7.878157
68,7,90.000000,-215.000000,7.849222
69,7,95.000000,-215.000000,7.820512
70,7,100.000000,-215.000000,7.792077
71,7,105.000000,-215.000000,7.764020
72,7,110.000000,-215.000000,7.735963
73,7,115.000000,-215.000000,7.707906
74,7,120.000000,-215.000000,7.679953
75,7,125.000000,-215.000000,7.652041
76,7,130.000000,-215.000000,7.624464
77,7,135.000000,-215.000000,7.596943
78,7,140.000000,-215.000000,7.569422
79,7,145.000000,-215.000000,7.541936
80,7,150.000000,-215.000000,7.514648
81,7,155.000000,-215.000000,7.487603
82,7,160.000000,-215.000000,7.461141
83,7,165.000000,-215.000000,7.434679
84,7,170.000000,-215.000000,7.408218
85,7,175.000000,-215.000000,7.381904
86,7,180.000000,-215.000000,7.355694
87,7,185.000000,-215.000000,7.330386
88,7,190.000000,-215.000000,7.305413
89,7,195.000000,-215.000000,7.280441
90,7,200.000000,-215.000000,7.255470
91,7,205.000000,-215.000000,7.230609
92,7,210.000000,-215.000000,7.205886
93,7,215.000000,-215.000000,7.181860
94,7,220.000000,-215.000000,7.157833
95,7,225.000000,-215.000000,7.133806
96,7,230.000000,-215.000000,7.109772
97,7,235.000000,-215.000000,7.085727
98,7,240.000000,-215.000000,7.061534
99,7,245.000000,-215.000000,7.037242
100,7,250.000000,-215.000000,7.012950
0,8,-250.000000,-210.000000,10.527007
1,8,-245.000000,-210.000000,10.480575
2,8,-240.000000,-210.000000,10.435631
3,8,-235.000000,-210.000000,10.390708
4,8,-230.000000,-210.000000,10.345877
5,8,-225.000000,-210.000000,10.301047
6,8,-220.000000,-210.000000,10.256216
7,8,-215.000000,-210.000000,10.210956
8,8,-210.000000,-210.000000,10.165231
9,8,-205.000000,-210.000000,10.119430
10,8,-200.000000,-210.000000,10.073585
11,8,-195.000000,-210.000000,10.027739
12,8,-190.000000,-210.000000,9.981893
13,8,-185.000000,-210.000000,9.935511
14,8,-180.000000,-210.000000,9.889072
15,8,-175.000000,-210.000000,9.842520
16,8,-170.000000,-210.000000,9.795969
17,8,-165.000000,-210.000000,9.749417
18,8,-160.000000,-210.000000,9.703405
19,8,-155.000000,-210.000000,9.658391
20,8,-150.000000,-210.000000,9.613591
21,8,-145.000000,-210.000000,9.569011
22,8,-140.000000,-210.000000,9.524430
23,8,-135.000000,-210.000000,9.479849
24,8,-130.000000,-210.000000,9.437479
25,8,-125.000000,-210.000000,9.395705
26,8,-120.000000,-210.000000,9.354906
27,8,-115.000000,-210.000000,9.314177
28,8,-110.000000,-210.000000,9.273448
29,8,-105.000000,-210.000000,9.233186
30,8,-100.000000,-210.000000,9.194547
31,8,-95.000000,-210.000000,9.156274
32,8,-90.000000,-210.000000,9.118628
33,8,-85.000000,-210.000000,9.080982
34,8,-80.000000,-210.000000,9.043337
35,8,-75.000000,-210.000000,9.006065
36,8,-70.000000,-210.000000,8.968987
37,8,-65.000000,-210.000000,8.932180
38,8,-60.000000,-210.000000,8.895439
39,8,-55.000000,-210.000000,8.858698
40,8,-50.000000,-210.000000,8.821949
41,8,-45.000000,-210.000000,8.785116
42,8,-40.000000,-210.000000,8.748266
43,8,-35.000000,-210.000000,8.711365
44,8,-30.000000,-210.000000,8.674465
45,8,-25.000000,-210.000000,8.637564
46,8,-20.000000,-210.000000,8.600891
47,8,-15.000000,-210.000000,8.564420
48,8,-10.000000,-210.000000,8.528212
49,8,-5.000000,-210.000000,8.492129
50,8,0.000000,-210.000000,8.456046
51,8,5.000000,-210.000000,8.419963
52,8,10.000000,-210.000000,8.385012
53,8,15.000000,-210.000000,8.350246
54,8,20.000000,-210.000000,8.316629
55,8,25.000000,-210.000000,8.283012
56,8,30.000000,-210.000000,8.249395
57,8,35.000000,-210.000000,8.216283
58,8,40.000000,-210.000000,8.183917
59,8,45.000000,-210.000000,8.152486
60,8,50.000000,-210.000000,8.121822
61,8,55.000000,-210.000000,8.091158
62,8,60.000000,-210.000000,8.060495
63,8,65.000000,-210.000000,8.030451
64,8,70.000000,-210.000000,8.000526
65,8,75.000000,-210.000000,7.971824
66,8,80.000000,-210.000000,7.943141
67,8,85.000000,-210.000000,7.914457
68,8,90.000000,-210.000000,7.885845
69,8,95.000000,-210.000000,7.857421
70,8,100.000000,-210.000000,7.829224
71,8,105.000000,-210.000000,7.801343
72,8,110.000000,-210.000000,7.773462
73,8,115.000000,-210.000000,7.745581
74,8,120.000000,-210.000000,7.717814
75,8,125.000000,-210.000000,7.690093
76,8,130.000000,-210.000000,7.662741
77,8,135.000000,-210.000000,7.635451
78,8,140.000000,-210.000000,7.608162
79,8,145.000000,-210.000000,7.580910
80,8,150.000000,-210.000000,7.553877
81,8,155.000000,-210.000000,7.527111
82,8,160.000000,-210.000000,7.500989
83,8,165.000000,-210.000000,7.474866
84,8,170.000000,-210.000000,7.448744
85,8,175.000000,-210.000000,7.422759
86,8,180.000000,-210.000000,7.396872
87,8,185.000000,-210.000000,7.371827
88,8,190.000000,-210.000000,7.347096
89,8,195.000000,-210.000000,7.322364
90,8,200.000000,-210.000000,7.297634
91,8,205.000000,-210.000000,7.272971
92,8,210.000000,-210.000000,7.248392
93,8,215.000000,-210.000000,7.224239
94,8,220.000000,-210.000000,7.200087
95,8,225.000000,-210.000000,7.175934
96,8,230.000000,-210.000000,7.151760
97,8,235.000000,-210.000000,7.127562
98,8,240.000000,-210.000000,7.102980
99,8,245.000000,-210.000000,7.078144
100,8,250.000000,-210.000000,7.053308
0,9,-250.000000,-205.000000,10.538767
1,9,-245.000000,-205.000000,10.493499
2,9,-240.000000,-205.000000,10.449253
3,9,-235.000000,-205.000000,10.405022
4,9,-230.000000,-205.000000,10.360854
5,9,-225.000000,-205.000000,10.316686
6,9,-220.000000,-205.000000,10.272518
7,9,-215.000000,-205.000000,10.227704
8,9,-210.000000,-205.000000,10.182188
9,9,-205.000000,-205.000000,10.136558
10,9,-200.000000,-205.000000,10.090861
11,9,-195.000000,-205.000000,10.045164
12,9,-190.000000,-205.000000,9.999466
13,9,-185.000000,-205.000000,9.953000
14,9,-180.000000,-205.000000,9.906453
15,9,-175.000000,-205.000000,9.859744
16,9,-170.000000,-205.000000,9.813036
17,9,-165.000000,-205.000000,9.766327
18,9,-160.000000,-205.000000,9.720147
19,9,-155.000000,-205.000000,9.674942
20,9,-150.000000,-205.000000,9.629948
21,9,-145.000000,-205.000000,9.585168
22,9,-140.000000,-205.000000,9.540388
23,9,-135.000000,-205.000000,9.495608
24,9,-130.000000,-205.000000,9.453118
25,9,-125.000000,-205.000000,9.411246
26,9,-120.000000,-205.000000,9.370384
27,9,-115.000000,-205.000000,9.329594
28,9,-110.000000,-205.000000,9.288805
29,9,-105.000000,-205.000000,9.248515
30,9,-100.000000,-205.000000,9.209964
31,9,-95.000000,-205.000000,9.171804
32,9,-90.000000,-205.000000,9.134315
33,9,-85.000000,-205.000000,9.096827
34,9,-80.000000,-205.000000,9.059338
35,9,-75.000000,-205.000000,9.022325
36,9,-70.000000,-205.000000,8.985557
37,9,-65.000000,-205.000000,8.949134
38,9,-60.000000,-205.000000,8.912794
39,9,-55.000000,-205.000000,8.876455
40,9,-50.000000,-205.000000,8.840120
41,9,-45.000000,-205.000000,8.803829
42,9,-40.000000,-205.000000,8.767546
43,9,-35.000000,-205.000000,8.731291
44,9,-30.000000,-205.000000,8.695035
45,9,-25.000000,-205.000000,8.658779
46,9,-20.000000,-205.000000,8.622801
47,9,-15.000000,-205.000000,8.587068
48,9,-10.000000,-205.000000,8.551655
49,9,-5.000000,-205.000000,8.516394
50,9,0.000000,-205.000000,8.481133
51,9,5.000000,-205.000000,8.445872
52,9,10.000000,-205.000000,8.411746
53,9,15.000000,-205.000000,8.377805
54,9,20.000000,-205.000000,8.345017
55,9,25.000000,-205.000000,8.312230
56,9,30.000000,-205.000000,8.279442
57,9,35.000000,-205.000000,8.247124
58,9,40.000000,-205.000000,8.215502
59,9,45.000000,-205.000000,8.184750
60,9,50.000000,-205.000000,8.154713
61,9,55.000000,-205.000000,8.124676
62,9,60.000000,-205.000000,8.094639
63,9,65.000000,-205.000000,8.065132
64,9,70.000000,-205.000000,8.035726
65,9,75.000000,-205.000000,8.007364
66,9,80.000000,-205.000000,7.979018
67,9,85.000000,-205.000000,7.950673
68,9,90.000000,-205.000000,7.922384
69,9,95.000000,-205.000000,7.894245
70,9,100.000000,-205.000000,7.866288
71,9,105.000000,-205.000000,7.838583
72,9,110.000000,-205.000000,7.810878
73,9,115.000000,-205.000000,7.783173
74,9,120.000000,-205.000000,7.755593
75,9,125.000000,-205.000000,7.728064
76,9,130.000000,-205.000000,7.700938
77,9,135.000000,-205.000000,7.673879
78,9,140.000000,-205.000000,7.646821
79,9,145.000000,-205.000000,7.619804
80,9,150.000000,-205.000000,7.593026
81,9,155.000000,-205.000000,7.566540
82,9,160.000000,-205.000000,7.540757
83,9,165.000000,-205.000000,7.514974
84,9,170.000000,-205.000000,7.489191
85,9,175.000000,-205.000000,7.463536
86,9,180.000000,-205.000000,7.437972
87,9,185.000000,-205.000000,7.413190
88,9,190.000000,-205.000000,7.388700
89,9,195.000000,-205.000000,7.364210
90,9,200.000000,-205.000000,7.339721
91,9,205.000000,-205.000000,7.315256
92,9,210.000000,-205.000000,7.290822
93,9,215.000000,-205.000000,7.266544
94,9,220.000000,-205.000000,7.242267
95,9,225.000000,-205.000000,7.217989
96,9,230.000000,-205.000000,7.193677
97,9,235.000000,-205.000000,7.169325
98,9,240.000000,-205.000000,7.144355
99,9,245.000000,-205.000000,7.118976
100,9,250.000000,-205.000000,7.093597
0,10,-250.000000,-200.000000,10.550515
1,10,-245.000000,-200.000000,10.506404
2,10,-240.000000,-200.000000,10.462853
3,10,-235.000000,-200.000000,10.419310
4,10,-230.000000,-200.000000,10.375802
5,10,-225.000000,-200.000000,10.332293
6,10,-220.000000,-200.000000,10.288784
7,10,-215.000000,-200.000000,10.244413
8,10,-210.000000,-200.000000,10.199104
9,10,-205.000000,-200.000000,10.153643
10,10,-200.000000,-200.000000,10.108091
11,10,-195.000000,-200.000000,10.062540
12,10,-190.000000,-200.000000,10.016988
13,10,-185.000000,-200.000000,9.970436
14,10,-180.000000,-200.000000,9.923778
15,10,-175.000000,-200.000000,9.876911
16,10,-170.000000,-200.000000,9.830043
17,10,-165.000000,-200.000000,9.783176
18,10,-160.000000,-200.000000,9.736825
19,10,-155.000000,-200.000000,9.691429
20,10,-150.000000,-200.000000,9.646239
21,10,-145.000000,-200.000000,9.601258
22,10,-140.000000,-200.000000,9.556278
23,10,-135.000000,-200.000000,9.511297
24,10,-130.000000,-200.000000,9.468687
25,10,-125.000000,-200.000000,9.426718
26,10,-120.000000,-200.000000,9.385793
27,10,-115.000000,-200.000000,9.344943
28,10,-110.000000,-200.000000,9.304094
29,10,-105.000000,-200.000000,9.263777
30,10,-100.000000,-200.000000,9.225313
31,10,-95.000000,-200.000000,9.187267
32,10,-90.000000,-200.000000,9.149936
33,10,-85.000000,-200.000000,9.112605
34,10,-80.000000,-200.000000,9.075274
35,10,-75.000000,-200.000000,9.038519
36,10,-70.000000,-200.000000,9.002061
37,10,-65.000000,-200.000000,8.966020
38,10,-60.000000,-200.000000,8.930081
39,10,-55.000000,-200.000000,8.894142
40,10,-50.000000,-200.000000,8.858221
41,10,-45.000000,-200.000000,8.822469
42,10,-40.000000,-200.000000,8.786751
43,10,-35.000000,-200.000000,8.751137
44,10,-30.000000,-200.000000,8.715523
45,10,-25.000000,-200.000000,8.679909
46,10,-20.000000,-200.000000,8.644621
47,10,-15.000000,-200.000000,8.609623
48,10,-10.000000,-200.000000,8.575000
49,10,-5.000000,-200.000000,8.540557
50,10,0.000000,-200.000000,8.506114
51,10,5.000000,-200.000000,8.471671
52,10,10.000000,-200.000000,8.438367
53,10,15.000000,-200.000000,8.405248
54,10,20.000000,-200.000000,8.373286
55,10,25.000000,-200.000000,8.341324
56,10,30.000000,-200.000000,8.309362
57,10,35.000000,-200.000000,8.277836
58,10,40.000000,-200.000000,8.246955
59,10,45.000000,-200.000000,8.216881
60,10,50.000000,-200.000000,8.187470
61,10,55.000000,-200.000000,8.158059
62,10,60.000000,-200.000000,8.128648
63,10,65.000000,-200.000000,8.099676
64,10,70.000000,-200.000000,8.070789
65,10,75.000000,-200.000000,8.042768
66,10,80.000000,-200.000000,8.014760
67,10,85.000000,-200.000000,7.986752
68,10,90.000000,-200.000000,7.958787
69,10,95.000000,-200.000000,7.930934
70,10,100.000000,-200.000000,7.903218
71,10,105.000000,-200.000000,7.875690
72,10,110.000000,-200.000000,7.848162
73,10,115.000000,-200.000000,7.820635
74,10,120.000000,-200.000000,7.793242
75,10,125.000000,-200.000000,7.765904
76,10,130.000000,-200.000000,7.739004
77,10,135.000000,-200.000000,7.712178
78,10,140.000000,-200.000000,7.685351
79,10,145.000000,-200.000000,7.658569
80,10,150.000000,-200.000000,7.632048
81,10,155.000000,-200.000000,7.605842
82,10,160.000000,-200.000000,7.580398
83,10,165.000000,-200.000000,7.554955
84,10,170.000000,-200.000000,7.529511
85,10,175.000000,-200.000000,7.504186
86,10,180.000000,-200.000000,7.478946
87,10,185.000000,-200.000000,7.454429
88,10,190.000000,-200.000000,7.430181
89,10,195.000000,-200.000000,7.405933
90,10,200.000000,-200.000000,7.381685
91,10,205.000000,-200.000000,7.357420
92,10,210.000000,-200.000000,7.333131
93,10,215.000000,-200.000000,7.308730
94,10,220.000000,-200.000000,7.284328
95,10,225.000000,-200.000000,7.259927
96,10,230.000000,-200.000000,7.235478
97,10,235.000000,-200.000000,7.210974
98,10,240.000000,-200.000000,7.185618
99,10,245.000000,-200.000000,7.159697
100,10,250.000000,-200.000000,7.133776
0,11,-250.000000,-195.000000,10.562263
1,11,-245.000000,-195.000000,10.519310
2,11,-240.000000,-195.000000,10.476453
3,11,-235.000000,-195.000000,10.433598
4,11,-230.000000,-195.000000,10.390749
5,11,-225.000000,-195.000000,10.347900
6,11,-220.000000,-195.000000,10.305051
7,11,-215.000000,-195.000000,10.261122
8,11,-210.000000,-195.000000,10.216019
9,11,-205.000000,-195.000000,10.170728
10,11,-200.000000,-195.000000,10.125322
11,11,-195.000000,-195.000000,10.079916
12,11,-190.000000,-195.000000,10.034511
13,11,-185.000000,-195.000000,9.987873
14,11,-180.000000,-195.000000,9.941104
15,11,-175.000000,-195.000000,9.894077
16,11,-170.000000,-195.000000,9.847051
17,11,-165.000000,-195.000000,9.800024
18,11,-160.000000,-195.000000,9.753503
19,11,-155.000000,-195.000000,9.707915
20,11,-150.000000,-195.000000,9.662530
21,11,-145.000000,-195.000000,9.617349
22,11,-140.000000,-195.000000,9.572168
23,11,-135.000000,-195.000000,9.526987
24,11,-130.000000,-195.000000,9.484257
25,11,-125.000000,-195.000000,9.442189
26,11,-120.000000,-195.000000,9.401202
27,11,-115.000000,-195.000000,9.360292
28,11,-110.000000,-195.000000,9.319383
29,11,-105.000000,-195.000000,9.279039
30,11,-100.000000,-195.000000,9.240663
31,11,-95.000000,-195.000000,9.202730
32,11,-90.000000,-195.000000,9.165557
33,11,-85.000000,-195.000000,9.128383
34,11,-80.000000,-195.000000,9.091210
35,11,-75.000000,-195.000000,9.054713
36,11,-70.000000,-195.000000,9.018564
37,11,-65.000000,-195.000000,8.982907
38,11,-60.000000,-195.000000,8.947368
39,11,-55.000000,-195.000000,8.911829
40,11,-50.000000,-195.000000,8.876321
41,11,-45.000000,-195.000000,8.841109
42,11,-40.000000,-195.000000,8.805955
43,11,-35.000000,-195.000000,8.770982
44,11,-30.000000,-195.000000,8.736010
45,11,-25.000000,-195.000000,8.701038
46,11,-20.000000,-195.000000,8.666442
47,11,-15.000000,-195.000000,8.632177
48,11,-10.000000,-195.000000,8.598345
49,11,-5.000000,-195.000000,8.564720
50,11,0.000000,-195.000000,8.531095
51,11,5.000000,-195.000000,8.497469
52,11,10.000000,-195.000000,8.464987
53,11,15.000000,-195.000000,8.432691
54,11,20.000000,-195.000000,8.401555
55,11,25.000000,-195.000000,8.370419
56,11,30.000000,-195.000000,8.339283
57,11,35.000000,-195.000000,8.308549
58,11,40.000000,-195.000000,8.278409
59,11,45.000000,-195.000000,8.249012
60,11,50.000000,-195.000000,8.220227
61,11,55.000000,-195.000000,8.191442
62,11,60.000000,-195.000000,8.162657
63,11,65.000000,-195.000000,8.134221
64,11,70.000000,-195.000000,8.105852
65,11,75.000000,-195.000000,8.078171
66,11,80.000000,-195.000000,8.050502
67,11,85.000000,-195.000000,8.022832
68,11,90.000000,-195.000000,7.995191
69,11,95.000000,-195.000000,7.967624
70,11,100.000000,-195.000000,7.940148
71,11,105.000000,-195.000000,7.912797
72,11,110.000000,-195.000000,7.885447
73,11,115.000000,-195.000000,7.858096
74,11,120.000000,-195.000000,7.830891
75,11,125.000000,-195.000000,7.803745
76,11,130.000000,-195.000000,7.777071
77,11,135.000000,-195.000000,7.750477
78,11,140.000000,-195.000000,7.723882
79,11,145.000000,-195.000000,7.697335
80,11,150.000000,-195.000000,7.671069
81,11,155.000000,-195.000000,7.645143
82,11,160.000000,-195.000000,7.620039
83,11,165.000000,-195.000000,7.594936
84,11,170.000000,-195.000000,7.569832
85,11,175.000000,-195.000000,7.544837
86,11,180.000000,-195.000000,7.519920
87,11,185.000000,-195.000000,7.495667
88,11,190.000000,-195.000000,7.471662
89,11,195.000000,-195.000000,7.447656
90,11,200.000000,-195.000000,7.423650
91,11,205.000000,-195.000000,7.399583
92,11,210.000000,-195.000000,7.375441
93,11,215.000000,-195.000000,7.350915
94,11,220.000000,-195.000000,7.326390
95,11,225.000000,-195.000000,7.301865
96,11,230.000000,-195.000000,7.277280
97,11,235.000000,-195.000000,7.252623
98,11,240.000000,-195.000000,7.226881
99,11,245.000000,-195.000000,7.200418
100,11,250.000000,-195.000000,7.173955
0,12,-250.000000,-190.000000,10.574010
1,12,-245.000000,-190.000000,10.532215
2,12,-240.000000,-190.000000,10.490053
3,12,-235.000000,-190.000000,10.447886
4,12,-230.000000,-190.000000,10.405697
5,12,-225.000000,-190.000000,10.363507
6,12,-220.000000,-190.000000,10.321317
7,12,-215.000000,-190.000000,10.277830
8,12,-210.000000,-190.000000,10.232935
9,12,-205.000000,-190.000000,10.187812
10,12,-200.000000,-190.000000,10.142552
11,12,-195.000000,-190.000000,10.097293
12,12,-190.000000,-190.000000,10.052033
13,12,-185.000000,-190.000000,10.005309
14,12,-180.000000,-190.000000,9.958430
15,12,-175.000000,-190.000000,9.911244
16,12,-170.000000,-190.000000,9.864058
17,12,-165.000000,-190.000000,9.816873
18,12,-160.000000,-190.000000,9.770181
19,12,-155.000000,-190.000000,9.724402
20,12,-150.000000,-190.000000,9.678821
21,12,-145.000000,-190.000000,9.633439
22,12,-140.000000,-190.000000,9.588058
23,12,-135.000000,-190.000000,9.542676
24,12,-130.000000,-190.000000,9.499827
25,12,-125.000000,-190.000000,9.457661
26,12,-120.000000,-190.000000,9.416611
27,12,-115.000000,-190.000000,9.375641
28,12,-110.000000,-190.000000,9.334672
29,12,-105.000000,-190.000000,9.294301
30,12,-100.000000,-190.000000,9.256012
31,12,-95.000000,-190.000000,9.218193
32,12,-90.000000,-190.000000,9.181177
33,12,-85.000000,-190.000000,9.144162
34,12,-80.000000,-190.000000,9.107146
35,12,-75.000000,-190.000000,9.070907
36,12,-70.000000,-190.000000,9.035068
37,12,-65.000000,-190.000000,8.999793
38,12,-60.000000,-190.000000,8.964655
39,12,-55.000000,-190.000000,8.929516
40,12,-50.000000,-190.000000,8.894422
41,12,-45.000000,-190.000000,8.859749
42,12,-40.000000,-190.000000,8.825159
43,12,-35.000000,-190.000000,8.790828
44,12,-30.000000,-190.000000,8.756498
45,12,-25.000000,-190.000000,8.722167
46,12,-20.000000,-190.000000,8.688262
47,12,-15.000000,-190.000000,8.654732
48,12,-10.000000,-190.000000,8.621691
49,12,-5.000000,-190.000000,8.588883
50,12,0.000000,-190.000000,8.556076
51,12,5.000000,-190.000000,8.523268
52,12,10.000000,-190.000000,8.491608
53,12,15.000000,-190.000000,8.460133
54,12,20.000000,-190.000000,8.429823
55,12,25.000000,-190.000000,8.399513
56,12,30.000000,-190.000000,8.369203
57,12,35.000000,-190.000000,8.339261
58,12,40.000000,-190.000000,8.309862
59,12,45.000000,-190.000000,8.281144
60,12,50.000000,-190.000000,8.252984
61,12,55.000000,-190.000000,8.224825
62,12,60.000000,-190.000000,8.196666
63,12,65.000000,-190.000000,8.168765
64,12,70.000000,-190.000000,8.140915
65,12,75.000000,-190.000000,8.113575
66,12,80.000000,-190.000000,8.086244
67,12,85.000000,-190.000000,8.058912
68,12,90.000000,-190.000000,8.031595
69,12,95.000000,-190.000000,8.004314
70,12,100.000000,-190.000000,7.977078
71,12,105.000000,-190.000000,7.949905
72,12,110.000000,-190.000000,7.922731
73,12,115.000000,-190.000000,7.895557
74,12,120.000000,-190.000000,7.868540
75,12,125.000000,-190.000000,7.841586
76,12,130.000000,-190.000000,7.815138
77,12,135.000000,-190.000000,7.788775
78,12,140.000000,-190.000000,7.762412
79,12,145.000000,-190.000000,7.736101
80,12,150.000000,-190.000000,7.710091
81,12,155.000000,-190.000000,7.684445
82,12,160.000000,-190.000000,7.659681
83,12,165.000000,-190.000000,7.634917
84,12,170.000000,-190.000000,7.610153
85,12,175.000000,-190.000000,7.585488
86,12,180.000000,-190.000000,7.560893
87,12,185.000000,-190.000000,7.536905
88,12,190.000000,-190.000000,7.513142
89,12,195.000000,-190.000000,7.489380
90,12,200.000000,-190.000000,7.465615
91,12,205.000000,-190.000000,7.441747
92,12,210.000000,-190.000000,7.417750
93,12,215.000000,-190.000000,7.393101
94,12,220.000000,-190.000000,7.368452
95,12,225.000000,-190.000000,7.343803
96,12,230.000000,-190.000000,7.319081
97,12,235.000000,-190.000000,7.294272
98,12,240.000000,-190.000000,7.268144
99,12,245.000000,-190.000000,7.241139
100,12,250.000000,-190.000000,7.214134
0,13,-250.000000,-185.000000,10.581863
1,13,-245.000000,-185.000000,10.540974
2,13,-240.000000,-185.000000,10.499397
3,13,-235.000000,-185.000000,10.457810
4,13,-230.000000,-185.000000,10.416180
5,13,-225.000000,-185.000000,10.374550
6,13,-220.000000,-185.000000,10.332921
7,13,-215.000000,-185.000000,10.289835
8,13,-210.000000,-185.000000,10.245169
9,13,-205.000000,-185.000000,10.200247
10,13,-200.000000,-185.000000,10.155172
11,13,-195.000000,-185.000000,10.110097
12,13,-190.000000,-185.000000,10.065022
13,13,-185.000000,-185.000000,10.018310
14,13,-180.000000,-185.000000,9.971425
15,13,-175.000000,-185.000000,9.924196
16,13,-170.000000,-185.000000,9.876968
17,13,-165.000000,-185.000000,9.829739
18,13,-160.000000,-185.000000,9.782997
19,13,-155.000000,-185.000000,9.737153
20,13,-150.000000,-185.000000,9.691502
21,13,-145.000000,-185.000000,9.646049
22,13,-140.000000,-185.000000,9.600596
23,13,-135.000000,-185.000000,9.555142
24,13,-130.000000,-185.000000,9.512282
25,13,-125.000000,-185.000000,9.470120
26,13,-120.000000,-185.000000,9.429102
27,13,-115.000000,-185.000000,9.388166
28,13,-110.000000,-185.000000,9.347230
29,13,-105.000000,-185.000000,9.306916
30,13,-100.000000,-185.000000,9.268764
31,13,-95.000000,-185.000000,9.231100
32,13,-90.000000,-185.000000,9.194271
33,13,-85.000000,-185.000000,9.157441
34,13,-80.000000,-185.000000,9.120612
35,13,-75.000000,-185.000000,9.084625
36,13,-70.000000,-185.000000,9.049073
37,13,-65.000000,-185.000000,9.014131
38,13,-60.000000,-185.000000,8.979338
39,13,-55.000000,-185.000000,8.944546
40,13,-50.000000,-185.000000,8.909806
41,13,-45.000000,-185.000000,8.875568
42,13,-40.000000,-185.000000,8.841429
43,13,-35.000000,-185.000000,8.807601
44,13,-30.000000,-185.000000,8.773772
45,13,-25.000000,-185.000000,8.739943
46,13,-20.000000,-185.000000,8.706573
47,13,-15.000000,-185.000000,8.673607
48,13,-10.000000,-185.000000,8.641168
49,13,-5.000000,-185.000000,8.608981
50,13,0.000000,-185.000000,8.576794
51,13,5.000000,-185.000000,8.544607
52,13,10.000000,-185.000000,8.513571
53,13,15.000000,-185.000000,8.482722
54,13,20.000000,-185.000000,8.453042
55,13,25.000000,-185.000000,8.423362
56,13,30.000000,-185.000000,8.393682
57,13,35.000000,-185.000000,8.364346
58,13,40.000000,-185.000000,8.335520
59,13,45.000000,-185.000000,8.307331
60,13,50.000000,-185.000000,8.279666
61,13,55.000000,-185.000000,8.252001
62,13,60.000000,-185.000000,8.224336
63,13,65.000000,-185.000000,8.196867
64,13,70.000000,-185.000000,8.169434
65,13,75.000000,-185.000000,8.142387
66,13,80.000000,-185.000000,8.115347
67,13,85.000000,-185.000000,8.088306
68,13,90.000000,-185.000000,8.061268
69,13,95.000000,-185.000000,8.034239
70,13,100.000000,-185.000000,8.007221
71,13,105.000000,-185.000000,7.980218
72,13,110.000000,-185.000000,7.953214
73,13,115.000000,-185.000000,7.926211
74,13,120.000000,-185.000000,7.899369
75,13,125.000000,-185.000000,7.872594
76,13,130.000000,-185.000000,7.846345
77,13,135.000000,-185.000000,7.820183
78,13,140.000000,-185.000000,7.794021
79,13,145.000000,-185.000000,7.767914
80,13,150.000000,-185.000000,7.742120
81,13,155.000000,-185.000000,7.716707
82,13,160.000000,-185.000000,7.692215
83,13,165.000000,-185.000000,7.667722
84,13,170.000000,-185.000000,7.643230
85,13,175.000000,-185.000000,7.618829
86,13,180.000000,-185.000000,7.594494
87,13,185.000000,-185.000000,7.570718
88,13,190.000000,-185.000000,7.547150
89,13,195.000000,-185.000000,7.523583
90,13,200.000000,-185.000000,7.500012
91,13,205.000000,-185.000000,7.476307
92,13,210.000000,-185.000000,7.452433
93,13,215.000000,-185.000000,7.427703
94,13,220.000000,-185.000000,7.402973
95,13,225.000000,-185.000000,7.378243
96,13,230.000000,-185.000000,7.353431
97,13,235.000000,-185.000000,7.328519
98,13,240.000000,-185.000000,7.302108
99,13,245.000000,-185.000000,7.274700
100,13,250.000000,-185.000000,7.247292
0,14,-250.000000,-180.000000,10.589517
1,14,-245.000000,-180.000000,10.549522
2,14,-240.000000,-180.000000,10.508524
3,14,-235.000000,-180.000000,10.467511
4,14,-230.000000,-180.000000,10.426436
5,14,-225.000000,-180.000000,10.385361
6,14,-220.000000,-180.000000,10.344286
7,14,-215.000000,-180.000000,10.301600
8,14,-210.000000,-180.000000,10.257164
9,14,-205.000000,-180.000000,10.212446
10,14,-200.000000,-180.000000,10.167557
11,14,-195.000000,-180.000000,10.122669
12,14,-190.000000,-180.000000,10.077781
13,14,-185.000000,-180.000000,10.031085
14,14,-180.000000,-180.000000,9.984198
15,14,-175.000000,-180.000000,9.936933
16,14,-170.000000,-180.000000,9.889668
17,14,-165.000000,-180.000000,9.842403
18,14,-160.000000,-180.000000,9.795616
19,14,-155.000000,-180.000000,9.749713
20,14,-150.000000,-180.000000,9.704000
21,14,-145.000000,-180.000000,9.658482
22,14,-140.000000,-180.000000,9.612963
23,14,-135.000000,-180.000000,9.567444
24,14,-130.000000,-180.000000,9.524578
25,14,-125.000000,-180.000000,9.482427
26,14,-120.000000,-180.000000,9.441445
27,14,-115.000000,-180.000000,9.400547
28,14,-110.000000,-180.000000,9.359649
29,14,-105.000000,-180.000000,9.319396
30,14,-100.000000,-180.000000,9.281384
31,14,-95.000000,-180.000000,9.243877
32,14,-90.000000,-180.000000,9.207235
33,14,-85.000000,-180.000000,9.170594
34,14,-80.000000,-180.000000,9.133952
35,14,-75.000000,-180.000000,9.098217
36,14,-70.000000,-180.000000,9.062950
37,14,-65.000000,-180.000000,9.028340
38,14,-60.000000,-180.000000,8.993890
39,14,-55.000000,-180.000000,8.959439
40,14,-50.000000,-180.000000,8.925051
41,14,-45.000000,-180.000000,8.891244
42,14,-40.000000,-180.000000,8.857551
43,14,-35.000000,-180.000000,8.824216
44,14,-30.000000,-180.000000,8.790882
45,14,-25.000000,-180.000000,8.757548
46,14,-20.000000,-180.000000,8.724705
47,14,-15.000000,-180.000000,8.692294
48,14,-10.000000,-180.000000,8.660448
49,14,-5.000000,-180.000000,8.628871
50,14,0.000000,-180.000000,8.597294
51,14,5.000000,-180.000000,8.565717
52,14,10.000000,-180.000000,8.535296
53,14,15.000000,-180.000000,8.505063
54,14,20.000000,-180.000000,8.476003
55,14,25.000000,-180.000000,8.446943
56,14,30.000000,-180.000000,8.417883
57,14,35.000000,-180.000000,8.389145
58,14,40.000000,-180.000000,8.360882
59,14,45.000000,-180.000000,8.333215
60,14,50.000000,-180.000000,8.306038
61,14,55.000000,-180.000000,8.278861
62,14,60.000000,-180.000000,8.251683
63,14,65.000000,-180.000000,8.224639
64,14,70.000000,-180.000000,8.197620
65,14,75.000000,-180.000000,8.170863
66,14,80.000000,-180.000000,8.144111
67,14,85.000000,-180.000000,8.117358
68,14,90.000000,-180.000000,8.090598
69,14,95.000000,-180.000000,8.063820
70,14,100.000000,-180.000000,8.037018
71,14,105.000000,-180.000000,8.010184
72,14,110.000000,-180.000000,7.983350
73,14,115.000000,-180.000000,7.956517
74,14,120.000000,-180.000000,7.929851
75,14,125.000000,-180.000000,7.903254
76,14,130.000000,-180.000000,7.877201
77,14,135.000000,-180.000000,7.851239
78,14,140.000000,-180.000000,7.825277
79,14,145.000000,-180.000000,7.799371
80,14,150.000000,-180.000000,7.773792
81,14,155.000000,-180.000000,7.748610
82,14,160.000000,-180.000000,7.724386
83,14,165.000000,-180.000000,7.700162
84,14,170.000000,-180.000000,7.675938
85,14,175.000000,-180.000000,7.651798
86,14,180.000000,-180.000000,7.627718
87,14,185.000000,-180.000000,7.604152
88,14,190.000000,-180.000000,7.580777
89,14,195.000000,-180.000000,7.557402
90,14,200.000000,-180.000000,7.534024
91,14,205.000000,-180.000000,7.510479
92,14,210.000000,-180.000000,7.486726
93,14,215.000000,-180.000000,7.461917
94,14,220.000000,-180.000000,7.437109
95,14,225.000000,-180.000000,7.412301
96,14,230.000000,-180.000000,7.387400
97,14,235.000000,-180.000000,7.362388
98,14,240.000000,-180.000000,7.335700
99,14,245.000000,-180.000000,7.307896
100,14,250.000000,-180.000000,7.280093
0,15,-250.000000,-175.000000,10.596795
1,15,-245.000000,-175.000000,10.557669
2,15,-240.000000,-175.000000,10.517239
3,15,-235.000000,-175.000000,10.476790
4,15,-230.000000,-175.000000,10.436260
5,15,-225.000000,-175.000000,10.395731
6,15,-220.000000,-175.000000,10.355202
7,15,-215.000000,-175.000000,10.312911
8,15,-210.000000,-175.000000,10.268707
9,15,-205.000000,-175.000000,10.224195
10,15,-200.000000,-175.000000,10.179497
11,15,-195.000000,-175.000000,10.134799
12,15,-190.000000,-175.000000,10.090101
13,15,-185.000000,-175.000000,10.043432
14,15,-180.000000,-175.000000,9.996554
15,15,-175.000000,-175.000000,9.949263
16,15,-170.000000,-175.000000,9.901972
17,15,-165.000000,-175.000000,9.854681
18,15,-160.000000,-175.000000,9.807862
19,15,-155.000000,-175.000000,9.761911
20,15,-150.000000,-175.000000,9.716149
21,15,-145.000000,-175.000000,9.670578
22,15,-140.000000,-175.000000,9.625006
23,15,-135.000000,-175.000000,9.579435
24,15,-130.000000,-175.000000,9.536573
25,15,-125.000000,-175.000000,9.494442
26,15,-120.000000,-175.000000,9.453505
27,15,-115.000000,-175.000000,9.412655
28,15,-110.000000,-175.000000,9.371805
29,15,-105.000000,-175.000000,9.331620
30,15,-100.000000,-175.000000,9.293753
31,15,-95.000000,-175.000000,9.256407
32,15,-90.000000,-175.000000,9.219956
33,15,-85.000000,-175.000000,9.183505
34,15,-80.000000,-175.000000,9.147054
35,15,-75.000000,-175.000000,9.111570
36,15,-70.000000,-175.000000,9.076585
37,15,-65.000000,-175.000000,9.042302
38,15,-60.000000,-175.000000,9.008189
39,15,-55.000000,-175.000000,8.974077
40,15,-50.000000,-175.000000,8.940033
41,15,-45.000000,-175.000000,8.906646
42,15,-40.000000,-175.000000,8.873388
43,15,-35.000000,-175.000000,8.840535
44,15,-30.000000,-175.000000,8.807682
45,15,-25.000000,-175.000000,8.774829
46,15,-20.000000,-175.000000,8.742498
47,15,-15.000000,-175.000000,8.710626
48,15,-10.000000,-175.000000,8.679354
49,15,-5.000000,-175.000000,8.648368
50,15,0.000000,-175.000000,8.617383
51,15,5.000000,-175.000000,8.586397
52,15,10.000000,-175.000000,8.556571
53,15,15.000000,-175.000000,8.526934
54,15,20.000000,-175.000000,8.498476
55,15,25.000000,-175.000000,8.470017
56,15,30.000000,-175.000000,8.441558
57,15,35.000000,-175.000000,8.413399
58,15,40.000000,-175.000000,8.385685
59,15,45.000000,-175.000000,8.358525
60,15,50.000000,-175.000000,8.331823
61,15,55.000000,-175.000000,8.305121
62,15,60.000000,-175.000000,8.278418
63,15,65.000000,-175.000000,8.251789
64,15,70.000000,-175.000000,8.225174
65,15,75.000000,-175.000000,8.198702
66,15,80.000000,-175.000000,8.172234
67,15,85.000000,-175.000000,8.145765
68,15,90.000000,-175.000000,8.119278
69,15,95.000000,-175.000000,8.092746
70,15,100.000000,-175.000000,8.066159
71,15,105.000000,-175.000000,8.039494
72,15,110.000000,-175.000000,8.012830
73,15,115.000000,-175.000000,7.986165
74,15,120.000000,-175.000000,7.959674
75,15,125.000000,-175.000000,7.933254
76,15,130.000000,-175.000000,7.907394
77,15,135.000000,-175.000000,7.881629
78,15,140.000000,-175.000000,7.855863
79,15,145.000000,-175.000000,7.830157
80,15,150.000000,-175.000000,7.804789
81,15,155.000000,-175.000000,7.779832
82,15,160.000000,-175.000000,7.755870
83,15,165.000000,-175.000000,7.731908
84,15,170.000000,-175.000000,7.707946
85,15,175.000000,-175.000000,7.684061
86,15,180.000000,-175.000000,7.660230
87,15,185.000000,-175.000000,7.636869
88,15,190.000000,-175.000000,7.613682
89,15,195.000000,-175.000000,7.590495
90,15,200.000000,-175.000000,7.567304
91,15,205.000000,-175.000000,7.543916
92,15,210.000000,-175.000000,7.520282
93,15,215.000000,-175.000000,7.495399
94,15,220.000000,-175.000000,7.470517
95,15,225.000000,-175.000000,7.445634
96,15,230.000000,-175.000000,7.420649
97,15,235.000000,-175.000000,7.395542
98,15,240.000000,-175.000000,7.368586
99,15,245.000000,-175.000000,7.340401
100,15,250.000000,-175.000000,7.312215
0,16,-250.000000,-170.000000,10.604072
1,16,-245.000000,-170.000000,10.565816
2,16,-240.000000,-170.000000,10.525954
3,16,-235.000000,-170.000000,10.486069
4,16,-230.000000,-170.000000,10.446085
5,16,-225.000000,-170.000000,10.406101
6,16,-220.000000,-170.000000,10.366117
7,16,-215.000000,-170.000000,10.324221
8,16,-210.000000,-170.000000,10.280250
9,16,-205.000000,-170.000000,10.235944
10,16,-200.000000,-170.000000,10.191436
11,16,-195.000000,-170.000000,10.146929
12,16,-190.000000,-170.000000,10.102421
13,16,-185.000000,-170.000000,10.055778
14,16,-180.000000,-170.000000,10.008909
15,16,-175.000000,-170.000000,9.961593
16,16,-170.000000,-170.000000,9.914276
17,16,-165.000000,-170.000000,9.866960
18,16,-160.000000,-170.000000,9.820107
19,16,-155.000000,-170.000000,9.774110
20,16,-150.000000,-170.000000,9.728298
21,16,-145.000000,-170.000000,9.682674
22,16,-140.000000,-170.000000,9.637050
23,16,-135.000000,-170.000000,9.591425
24,16,-130.000000,-170.000000,9.548568
25,16,-125.000000,-170.000000,9.506457
26,16,-120.000000,-170.000000,9.465566
27,16,-115.000000,-170.000000,9.424763
28,16,-110.000000,-170.000000,9.383960
29,16,-105.000000,-170.000000,9.343845
30,16,-100.000000,-170.000000,9.306121
31,16,-95.000000,-170.000000,9.268937
32,16,-90.000000,-170.000000,9.232677
33,16,-85.000000,-170.000000,9.196416
34,16,-80.000000,-170.000000,9.160155
35,16,-75.000000,-170.000000,9.124923
36,16,-70.000000,-170.000000,9.090221
37,16,-65.000000,-170.000000,9.056264
38,16,-60.000000,-170.000000,9.022489
39,16,-55.000000,-170.000000,8.988714
40,16,-50.000000,-170.000000,8.955016
41,16,-45.000000,-170.000000,8.922049
42,16,-40.000000,-170.000000,8.889226
43,16,-35.000000,-170.000000,8.856854
44,16,-30.000000,-170.000000,8.824482
45,16,-25.000000,-170.000000,8.792110
46,16,-20.000000,-170.000000,8.760291
47,16,-15.000000,-170.000000,8.728958
48,16,-10.000000,-170.000000,8.698260
49,16,-5.000000,-170.000000,8.667865
50,16,0.000000,-170.000000,8.637471
51,16,5.000000,-170.000000,8.607077
52,16,10.000000,-170.000000,8.577847
53,16,15.000000,-170.000000,8.548806
54,16,20.000000,-170.000000,8.520948
55,16,25.000000,-170.000000,8.493091
56,16,30.000000,-170.000000,8.465233
57,16,35.000000,-170.000000,8.437654
58,16,40.000000,-170.000000,8.410487
59,16,45.000000,-170.000000,8.383835
60,16,50.000000,-170.000000,8.357608
61,16,55.000000,-170.000000,8.331381
62,16,60.000000,-170.000000,8.305153
63,16,65.000000,-170.000000,8.278939
64,16,70.000000,-170.000000,8.252727
65,16,75.000000,-170.000000,8.226542
66,16,80.000000,-170.000000,8.200356
67,16,85.000000,-170.000000,8.174171
68,16,90.000000,-170.000000,8.147958
69,16,95.000000,-170.000000,8.121673
70,16,100.000000,-170.000000,8.095300
71,16,105.000000,-170.000000,8.068804
72,16,110.000000,-170.000000,8.042309
73,16,115.000000,-170.000000,8.015814
74,16,120.000000,-170.000000,7.989497
75,16,125.000000,-170.000000,7.963253
76,16,130.000000,-170.000000,7.937588
77,16,135.000000,-170.000000,7.912019
78,16,140.000000,-170.000000,7.886450
79,16,145.000000,-170.000000,7.860942
80,16,150.000000,-170.000000,7.835785
81,16,155.000000,-170.000000,7.811055
82,16,160.000000,-170.000000,7.787355
83,16,165.000000,-170.000000,7.763654
84,16,170.000000,-170.000000,7.739954
85,16,175.000000,-170.000000,7.716323
86,16,180.000000,-170.000000,7.692742
87,16,185.000000,-170.000000,7.669585
88,16,190.000000,-170.000000,7.646587
89,16,195.000000,-170.000000,7.623588
90,16,200.000000,-170.000000,7.600585
91,16,205.000000,-170.000000,7.577354
92,16,210.000000,-170.000000,7.553839
93,16,215.000000,-170.000000,7.528881
94,16,220.000000,-170.000000,7.503924
95,16,225.000000,-170.000000,7.478967
96,16,230.000000,-170.000000,7.453898
97,16,235.000000,-170.000000,7.428696
98,16,240.000000,-170.000000,7.401473
99,16,245.000000,-170.000000,7.372905
100,16,250.000000,-170.000000,7.344338
0,17,-250.000000,-165.000000,10.611350
1,17,-245.000000,-165.000000,10.573963
2,17,-240.000000,-165.000000,10.534669
3,17,-235.000000,-165.000000,10.495348
4,17,-230.000000,-165.000000,10.455909
5,17,-225.000000,-165.000000,10.416471
6,17,-220.000000,-165.000000,10.377032
7,17,-215.000000,-165.000000,10.335532
8,17,-210.000000,-165.000000,10.291793
9,17,-205.000000,-165.000000,10.247693
10,17,-200.000000,-165.000000,10.203376
11,17,-195.000000,-165.000000,10.159059
12,17,-190.000000,-165.000000,10.114741
13,17,-185.000000,-165.000000,10.068125
14,17,-180.000000,-165.000000,10.021264
15,17,-175.000000,-165.000000,9.973923
16,17,-170.000000,-165.000000,9.926581
17,17,-165.000000,-165.000000,9.879239
18,17,-160.000000,-165.000000,9.832353
19,17,-155.000000,-165.000000,9.786309
20,17,-150.000000,-165.000000,9.740447
21,17,-145.000000,-165.000000,9.694770
22,17,-140.000000,-165.000000,9.649093
23,17,-135.000000,-165.000000,9.603416
24,17,-130.000000,-165.000000,9.560563
25,17,-125.000000,-165.000000,9.518473
26,17,-120.000000,-165.000000,9.477627
27,17,-115.000000,-165.000000,9.436871
28,17,-110.000000,-165.000000,9.396115
29,17,-105.000000,-165.000000,9.356069
30,17,-100.000000,-165.000000,9.318490
31,17,-95.000000,-165.000000,9.281467
32,17,-90.000000,-165.000000,9.245397
33,17,-85.000000,-165.000000,9.209327
34,17,-80.000000,-165.000000,9.173257
35,17,-75.000000,-165.000000,9.138275
36,17,-70.000000,-165.000000,9.103856
37,17,-65.000000,-165.000000,9.070227
38,17,-60.000000,-165.000000,9.036789
39,17,-55.000000,-165.000000,9.003351
40,17,-50.000000,-165.000000,8.969998
41,17,-45.000000,-165.000000,8.937452
42,17,-40.000000,-165.000000,8.905064
43,17,-35.000000,-165.000000,8.873173
44,17,-30.000000,-165.000000,8.841282
45,17,-25.000000,-165.000000,8.809391
46,17,-20.000000,-165.000000,8.778084
47,17,-15.000000,-165.000000,8.747290
48,17,-10.000000,-165.000000,8.717166
49,17,-5.000000,-165.000000,8.687363
50,17,0.000000,-165.000000,8.657559
51,17,5.000000,-165.000000,8.627756
52,17,10.000000,-165.000000,8.599122
53,17,15.000000,-165.000000,8.570678
54,17,20.000000,-165.000000,8.543421
55,17,25.000000,-165.000000,8.516165
56,17,30.000000,-165.000000,8.488908
57,17,35.000000,-165.000000,8.461908
58,17,40.000000,-165.000000,8.435289
59,17,45.000000,-165.000000,8.409145
60,17,50.000000,-165.000000,8.383393
61,17,55.000000,-165.000000,8.357640
62,17,60.000000,-165.000000,8.331888
63,17,65.000000,-165.000000,8.306089
64,17,70.000000,-165.000000,8.280281
65,17,75.000000,-165.000000,8.254381
66,17,80.000000,-165.000000,8.228479
67,17,85.000000,-165.000000,8.202577
68,17,90.000000,-165.000000,8.176638
69,17,95.000000,-165.000000,8.150600
70,17,100.000000,-165.000000,8.124440
71,17,105.000000,-165.000000,8.098114
72,17,110.000000,-165.000000,8.071788
73,17,115.000000,-165.000000,8.045462
74,17,120.000000,-165.000000,8.019320
75,17,125.000000,-165.000000,7.993253
76,17,130.000000,-165.000000,7.967781
77,17,135.000000,-165.000000,7.942409
78,17,140.000000,-165.000000,7.917037
79,17,145.000000,-165.000000,7.891728
80,17,150.000000,-165.000000,7.866782
81,17,155.000000,-165.000000,7.842277
82,17,160.000000,-165.000000,7.818839
83,17,165.000000,-165.000000,7.795401
84,17,170.000000,-165.000000,7.771962
85,17,175.000000,-165.000000,7.748586
86,17,180.000000,-165.000000,7.725254
87,17,185.000000,-165.000000,7.702302
88,17,190.000000,-165.000000,7.679491
89,17,195.000000,-165.000000,7.656681
90,17,200.000000,-165.000000,7.633865
91,17,205.000000,-165.000000,7.610791
92,17,210.000000,-165.000000,7.587395
93,17,215.000000,-165.000000,7.562363
94,17,220.000000,-165.000000,7.537332
95,17,225.000000,-165.000000,7.512300
96,17,230.000000,-165.000000,7.487147
97,17,235.000000,-165.000000,7.461850
98,17,240.000000,-165.000000,7.434359
99,17,245.000000,-165.000000,7.405409
100,17,250.000000,-165.000000,7.376460
0,18,-250.000000,-160.000000,10.612295
1,18,-245.000000,-160.000000,10.575547
2,18,-240.000000,-160.000000,10.536733
3,18,-235.000000,-160.000000,10.497890
4,18,-230.000000,-160.000000,10.458919
5,18,-225.000000,-160.000000,10.419949
6,18,-220.000000,-160.000000,10.380978
7,18,-215.000000,-160.000000,10.339874
8,18,-210.000000,-160.000000,10.296453
9,18,-205.000000,-160.000000,10.252658
10,18,-200.000000,-160.000000,10.208638
11,18,-195.000000,-160.000000,10.164618
12,18,-190.000000,-160.000000,10.120597
13,18,-185.000000,-160.000000,10.074197
14,18,-180.000000,-160.000000,10.027545
15,18,-175.000000,-160.000000,9.980394
16,18,-170.000000,-160.000000,9.933244
17,18,-165.000000,-160.000000,9.886093
18,18,-160.000000,-160.000000,9.839390
19,18,-155.000000,-160.000000,9.793514
20,18,-150.000000,-160.000000,9.747816
21,18,-145.000000,-160.000000,9.702300
22,18,-140.000000,-160.000000,9.656783
23,18,-135.000000,-160.000000,9.611267
24,18,-130.000000,-160.000000,9.568587
25,18,-125.000000,-160.000000,9.526672
26,18,-120.000000,-160.000000,9.486007
27,18,-115.000000,-160.000000,9.445432
28,18,-110.000000,-160.000000,9.404857
29,18,-105.000000,-160.000000,9.364999
30,18,-100.000000,-160.000000,9.327632
31,18,-95.000000,-160.000000,9.290827
32,18,-90.000000,-160.000000,9.254983
33,18,-85.000000,-160.000000,9.219140
34,18,-80.000000,-160.000000,9.183296
35,18,-75.000000,-160.000000,9.148566
36,18,-70.000000,-160.000000,9.114410
37,18,-65.000000,-160.000000,9.081063
38,18,-60.000000,-160.000000,9.047911
39,18,-55.000000,-160.000000,9.014759
40,18,-50.000000,-160.000000,8.981696
41,18,-45.000000,-160.000000,8.949474
42,18,-40.000000,-160.000000,8.917416
43,18,-35.000000,-160.000000,8.885876
44,18,-30.000000,-160.000000,8.854337
45,18,-25.000000,-160.000000,8.822798
46,18,-20.000000,-160.000000,8.791855
47,18,-15.000000,-160.000000,8.761437
48,18,-10.000000,-160.000000,8.731705
49,18,-5.000000,-160.000000,8.702300
50,18,0.000000,-160.000000,8.672896
51,18,5.000000,-160.000000,8.643491
52,18,10.000000,-160.000000,8.615252
53,18,15.000000,-160.000000,8.587203
54,18,20.000000,-160.000000,8.560338
55,18,25.000000,-160.000000,8.533473
56,18,30.000000,-160.000000,8.506609
57,18,35.000000,-160.000000,8.479988
58,18,40.000000,-160.000000,8.453729
59,18,45.000000,-160.000000,8.427922
60,18,50.000000,-160.000000,8.402488
61,18,55.000000,-160.000000,8.377053
62,18,60.000000,-160.000000,8.351618
63,18,65.000000,-160.000000,8.326104
64,18,70.000000,-160.000000,8.300576
65,18,75.000000,-160.000000,8.274891
66,18,80.000000,-160.000000,8.249204
67,18,85.000000,-160.000000,8.223517
68,18,90.000000,-160.000000,8.197787
69,18,95.000000,-160.000000,8.171943
70,18,100.000000,-160.000000,8.145960
71,18,105.000000,-160.000000,8.119784
72,18,110.000000,-160.000000,8.093609
73,18,115.000000,-160.000000,8.067434
74,18,120.000000,-160.000000,8.041443
75,18,125.000000,-160.000000,8.015528
76,18,130.000000,-160.000000,7.990209
77,18,135.000000,-160.000000,7.964991
78,18,140.000000,-160.000000,7.939773
79,18,145.000000,-160.000000,7.914618
80,18,150.000000,-160.000000,7.889830
81,18,155.000000,-160.000000,7.865486
82,18,160.000000,-160.000000,7.842219
83,18,165.000000,-160.000000,7.818952
84,18,170.000000,-160.000000,7.795684
85,18,175.000000,-160.000000,7.772473
86,18,180.000000,-160.000000,7.749304
87,18,185.000000,-160.000000,7.726482
88,18,190.000000,-160.000000,7.703790
89,18,195.000000,-160.000000,7.681098
90,18,200.000000,-160.000000,7.658400
91,18,205.000000,-160.000000,7.635428
92,18,210.000000,-160.000000,7.612112
93,18,215.000000,-160.000000,7.587054
94,18,220.000000,-160.000000,7.561996
95,18,225.000000,-160.000000,7.536939
96,18,230.000000,-160.000000,7.511755
97,18,235.000000,-160.000000,7.486421
98,18,240.000000,-160.000000,7.458800
99,18,245.000000,-160.000000,7.429660
100,18,250.000000,-160.000000,7.400519
0,19,-250.000000,-155.000000,10.612206
1,19,-245.000000,-155.000000,10.576058
2,19,-240.000000,-155.000000,10.537710
3,19,-235.000000,-155.000000,10.499331
4,19,-230.000000,-155.000000,10.460816
5,19,-225.000000,-155.000000,10.422301
6,19,-220.000000,-155.000000,10.383786
7,19,-215.000000,-155.000000,10.343078
8,19,-210.000000,-155.000000,10.299988
9,19,-205.000000,-155.000000,10.256514
10,19,-200.000000,-155.000000,10.212808
11,19,-195.000000,-155.000000,10.169103
12,19,-190.000000,-155.000000,10.125398
13,19,-185.000000,-155.000000,10.079245
14,19,-180.000000,-155.000000,10.032834
15,19,-175.000000,-155.000000,9.985909
16,19,-170.000000,-155.000000,9.938985
17,19,-165.000000,-155.000000,9.892061
18,19,-160.000000,-155.000000,9.845577
19,19,-155.000000,-155.000000,9.799903
20,19,-150.000000,-155.000000,9.754404
21,19,-145.000000,-155.000000,9.709083
22,19,-140.000000,-155.000000,9.663763
23,19,-135.000000,-155.000000,9.618442
24,19,-130.000000,-155.000000,9.575961
25,19,-125.000000,-155.000000,9.534247
26,19,-120.000000,-155.000000,9.493786
27,19,-115.000000,-155.000000,9.453414
28,19,-110.000000,-155.000000,9.413042
29,19,-105.000000,-155.000000,9.373392
30,19,-100.000000,-155.000000,9.336247
31,19,-95.000000,-155.000000,9.299668
32,19,-90.000000,-155.000000,9.264057
33,19,-85.000000,-155.000000,9.228446
34,19,-80.000000,-155.000000,9.192835
35,19,-75.000000,-155.000000,9.158356
36,19,-70.000000,-155.000000,9.124461
37,19,-65.000000,-155.000000,9.091388
38,19,-60.000000,-155.000000,9.058514
39,19,-55.000000,-155.000000,9.025640
40,19,-50.000000,-155.000000,8.992857
41,19,-45.000000,-155.000000,8.960943
42,19,-40.000000,-155.000000,8.929198
43,19,-35.000000,-155.000000,8.897989
44,19,-30.000000,-155.000000,8.866780
45,19,-25.000000,-155.000000,8.835571
46,19,-20.000000,-155.000000,8.804969
47,19,-15.000000,-155.000000,8.774901
48,19,-10.000000,-155.000000,8.745530
49,19,-5.000000,-155.000000,8.716493
50,19,0.000000,-155.000000,8.687455
51,19,5.000000,-155.000000,8.658418
52,19,10.000000,-155.000000,8.630542
53,19,15.000000,-155.000000,8.602855
54,19,20.000000,-155.000000,8.576348
55,19,25.000000,-155.000000,8.549840
56,19,30.000000,-155.000000,8.523333
57,19,35.000000,-155.000000,8.497059
58,19,40.000000,-155.000000,8.471130
59,19,45.000000,-155.000000,8.445632
60,19,50.000000,-155.000000,8.420489
61,19,55.000000,-155.000000,8.395347
62,19,60.000000,-155.000000,8.370204
63,19,65.000000,-155.000000,8.344954
64,19,70.000000,-155.000000,8.319685
65,19,75.000000,-155.000000,8.294205
66,19,80.000000,-155.000000,8.268721
67,19,85.000000,-155.000000,8.243238
68,19,90.000000,-155.000000,8.217706
69,19,95.000000,-155.000000,8.192048
70,19,100.000000,-155.000000,8.166234
71,19,105.000000,-155.000000,8.140207
72,19,110.000000,-155.000000,8.114179
73,19,115.000000,-155.000000,8.088152
74,19,120.000000,-155.000000,8.062309
75,19,125.000000,-155.000000,8.036541
76,19,130.000000,-155.000000,8.011369
77,19,135.000000,-155.000000,7.986298
78,19,140.000000,-155.000000,7.961226
79,19,145.000000,-155.000000,7.936218
80,19,150.000000,-155.000000,7.911579
81,19,155.000000,-155.000000,7.887386
82,19,160.000000,-155.000000,7.864275
83,19,165.000000,-155.000000,7.841164
84,19,170.000000,-155.000000,7.818052
85,19,175.000000,-155.000000,7.794993
86,19,180.000000,-155.000000,7.771971
87,19,185.000000,-155.000000,7.749267
88,19,190.000000,-155.000000,7.726682
89,19,195.000000,-155.000000,7.704098
90,19,200.000000,-155.000000,7.681507
91,19,205.000000,-155.000000,7.658626
92,19,210.000000,-155.000000,7.635384
93,19,215.000000,-155.000000,7.610309
94,19,220.000000,-155.000000,7.585233
95,19,225.000000,-155.000000,7.560157
96,19,230.000000,-155.000000,7.534951
97,19,235.000000,-155.000000,7.509589
98,19,240.000000,-155.000000,7.481862
99,19,245.000000,-155.000000,7.452562
100,19,250.000000,-155.000000,7.423262
0,20,-250.000000,-150.000000,10.610954
1,20,-245.000000,-150.000000,10.575364
2,20,-240.000000,-150.000000,10.537466
3,20,-235.000000,-150.000000,10.499535
4,20,-230.000000,-150.000000,10.461461
5,20,-225.000000,-150.000000,10.423388
6,20,-220.000000,-150.000000,10.385314
7,20,-215.000000,-150.000000,10.345002
8,20,-210.000000,-150.000000,10.302259
9,20,-205.000000,-150.000000,10.259124
10,20,-200.000000,-150.000000,10.215753
11,20,-195.000000,-150.000000,10.172382
12,20,-190.000000,-150.000000,10.129011
13,20,-185.000000,-150.000000,10.083141
14,20,-180.000000,-150.000000,10.037006
15,20,-175.000000,-150.000000,9.990349
16,20,-170.000000,-150.000000,9.943691
17,20,-165.000000,-150.000000,9.897033
18,20,-160.000000,-150.000000,9.850806
19,20,-155.000000,-150.000000,9.805374
20,20,-150.000000,-150.000000,9.760114
21,20,-145.000000,-150.000000,9.715028
22,20,-140.000000,-150.000000,9.669942
23,20,-135.000000,-150.000000,9.624856
24,20,-130.000000,-150.000000,9.582607
25,20,-125.000000,-150.000000,9.541122
26,20,-120.000000,-150.000000,9.500888
27,20,-115.000000,-150.000000,9.460744
28,20,-110.000000,-150.000000,9.420600
29,20,-105.000000,-150.000000,9.381179
30,20,-100.000000,-150.000000,9.344270
31,20,-95.000000,-150.000000,9.307928
32,20,-90.000000,-150.000000,9.272556
33,20,-85.000000,-150.000000,9.237184
34,20,-80.000000,-150.000000,9.201812
35,20,-75.000000,-150.000000,9.167583
36,20,-70.000000,-150.000000,9.133946
37,20,-65.000000,-150.000000,9.101139
38,20,-60.000000,-150.000000,9.068533
39,20,-55.000000,-150.000000,9.035927
40,20,-50.000000,-150.000000,9.003415
41,20,-45.000000,-150.000000,8.971791
42,20,-40.000000,-150.000000,8.940341
43,20,-35.000000,-150.000000,8.909438
44,20,-30.000000,-150.000000,8.878536
45,20,-25.000000,-150.000000,8.847634
46,20,-20.000000,-150.000000,8.817345
47,20,-15.000000,-150.000000,8.787596
48,20,-10.000000,-150.000000,8.758554
49,20,-5.000000,-150.000000,8.729848
50,20,0.000000,-150.000000,8.701142
51,20,5.000000,-150.000000,8.672437
52,20,10.000000,-150.000000,8.644887
53,20,15.000000,-150.000000,8.617525
54,20,20.000000,-150.000000,8.591337
55,20,25.000000,-150.000000,8.565149
56,20,30.000000,-150.000000,8.538961
57,20,35.000000,-150.000000,8.512996
58,20,40.000000,-150.000000,8.487362
59,20,45.000000,-150.000000,8.462142
60,20,50.000000,-150.000000,8.437263
61,20,55.000000,-150.000000,8.412383
62,20,60.000000,-150.000000,8.387503
63,20,65.000000,-150.000000,8.362494
64,20,70.000000,-150.000000,8.337461
65,20,75.000000,-150.000000,8.312172
66,20,80.000000,-150.000000,8.286880
67,20,85.000000,-150.000000,8.261587
68,20,90.000000,-150.000000,8.236243
69,20,95.000000,-150.000000,8.210760
70,20,100.000000,-150.000000,8.185109
71,20,105.000000,-150.000000,8.159226
72,20,110.000000,-150.000000,8.133343
73,20,115.000000,-150.000000,8.107460
74,20,120.000000,-150.000000,8.081760
75,20,125.000000,-150.000000,8.056135
76,20,130.000000,-150.000000,8.031103
77,20,135.000000,-150.000000,8.006171
78,20,140.000000,-150.000000,7.981238
79,20,145.000000,-150.000000,7.956369
80,20,150.000000,-150.000000,7.931868
81,20,155.000000,-150.000000,7.907815
82,20,160.000000,-150.000000,7.884843
83,20,165.000000,-150.000000,7.861871
84,20,170.000000,-150.000000,7.838899
85,20,175.000000,-150.000000,7.815975
86,20,180.000000,-150.000000,7.793084
87,20,185.000000,-150.000000,7.770485
88,20,190.000000,-150.000000,7.747995
89,20,195.000000,-150.000000,7.725504
90,20,200.000000,-150.000000,7.703007
91,20,205.000000,-150.000000,7.680209
92,20,210.000000,-150.000000,7.657034
93,20,215.000000,-150.000000,7.631949
94,20,220.000000,-150.000000,7.606864
95,20,225.000000,-150.000000,7.581779
96,20,230.000000,-150.000000,7.556561
97,20,235.000000,-150.000000,7.531182
98,20,240.000000,-150.000000,7.503372
99,20,245.000000,-150.000000,7.473948
100,20,250.000000,-150.000000,7.444523
0,21,-250.000000,-145.000000,10.609702
1,21,-245.000000,-145.000000,10.574670
2,21,-240.000000,-145.000000,10.537222
3,21,-235.000000,-145.000000,10.499739
4,21,-230.000000,-145.000000,10.462106
5,21,-225.000000,-145.000000,10.424474
6,21,-220.000000,-145.000000,10.386842
7,21,-215.000000,-145.000000,10.346926
8,21,-210.000000,-145.000000,10.304531
9,21,-205.000000,-145.000000,10.261734
10,21,-200.000000,-145.000000,10.218698
11,21,-195.000000,-145.000000,10.175661
12,21,-190.000000,-145.000000,10.132624
13,21,-185.000000,-145.000000,10.087037
14,21,-180.000000,-145.000000,10.041179
15,21,-175.000000,-145.000000,9.994788
16,21,-170.000000,-145.000000,9.948397
17,21,-165.000000,-145.000000,9.902006
18,21,-160.000000,-145.000000,9.856036
19,21,-155.000000,-145.000000,9.810846
20,21,-150.000000,-145.000000,9.765824
21,21,-145.000000,-145.000000,9.720973
22,21,-140.000000,-145.000000,9.676122
23,21,-135.000000,-145.000000,9.631271
24,21,-130.000000,-145.000000,9.589252
25,21,-125.000000,-145.000000,9.547997
26,21,-120.000000,-145.000000,9.507991
27,21,-115.000000,-145.000000,9.468074
28,21,-110.000000,-145.000000,9.428158
29,21,-105.000000,-145.000000,9.388966
30,21,-100.000000,-145.000000,9.352293
31,21,-95.000000,-145.000000,9.316187
32,21,-90.000000,-145.000000,9.281054
33,21,-85.000000,-145.000000,9.245921
34,21,-80.000000,-145.000000,9.210788
35,21,-75.000000,-145.000000,9.176811
36,21,-70.000000,-145.000000,9.143431
37,21,-65.000000,-145.000000,9.110890
38,21,-60.000000,-145.000000,9.078552
39,21,-55.000000,-145.000000,9.046215
40,21,-50.000000,-145.000000,9.013973
41,21,-45.000000,-145.000000,8.982639
42,21,-40.000000,-145.000000,8.951483
43,21,-35.000000,-145.000000,8.920887
44,21,-30.000000,-145.000000,8.890291
45,21,-25.000000,-145.000000,8.859696
46,21,-20.000000,-145.000000,8.829720
47,21,-15.000000,-145.000000,8.800292
48,21,-10.000000,-145.000000,8.771577
49,21,-5.000000,-145.000000,8.743203
50,21,0.000000,-145.000000,8.714829
51,21,5.000000,-145.000000,8.686456
52,21,10.000000,-145.000000,8.659232
53,21,15.000000,-145.000000,8.632195
54,21,20.000000,-145.000000,8.606326
55,21,25.000000,-145.000000,8.580457
56,21,30.000000,-145.000000,8.554588
57,21,35.000000,-145.000000,8.528933
58,21,40.000000,-145.000000,8.503595
59,21,45.000000,-145.000000,8.478653
60,21,50.000000,-145.000000,8.454036
61,21,55.000000,-145.000000,8.429419
62,21,60.000000,-145.000000,8.404803
63,21,65.000000,-145.000000,8.380034
64,21,70.000000,-145.000000,8.355237
65,21,75.000000,-145.000000,8.330140
66,21,80.000000,-145.000000,8.305038
67,21,85.000000,-145.000000,8.279937
68,21,90.000000,-145.000000,8.254779
69,21,95.000000,-145.000000,8.229472
70,21,100.000000,-145.000000,8.203984
71,21,105.000000,-145.000000,8.178245
72,21,110.000000,-145.000000,8.152507
73,21,115.000000,-145.000000,8.126768
74,21,120.000000,-145.000000,8.101212
75,21,125.000000,-145.000000,8.075730
76,21,130.000000,-145.000000,8.050837
77,21,135.000000,-145.000000,8.026043
78,21,140.000000,-145.000000,8.001249
79,21,145.000000,-145.000000,7.976519
80,21,150.000000,-145.000000,7.952157
81,21,155.000000,-145.000000,7.928243
82,21,160.000000,-145.000000,7.905411
83,21,165.000000,-145.000000,7.882578
84,21,170.000000,-145.000000,7.859746
85,21,175.000000,-145.000000,7.836956
86,21,180.000000,-145.000000,7.814198
87,21,185.000000,-145.000000,7.791703
88,21,190.000000,-145.000000,7.769307
89,21,195.000000,-145.000000,7.746910
90,21,200.000000,-145.000000,7.724508
91,21,205.000000,-145.000000,7.701791
92,21,210.000000,-145.000000,7.678683
93,21,215.000000,-145.000000,7.653589
94,21,220.000000,-145.000000,7.628495
95,21,225.000000,-145.000000,7.603401
96,21,230.000000,-145.000000,7.578170
97,21,235.000000,-145.000000,7.552774
98,21,240.000000,-145.000000,7.524883
99,21,245.000000,-145.000000,7.495334
100,21,250.000000,-145.000000,7.465785
0,22,-250.000000,-140.000000,10.608450
1,22,-245.000000,-140.000000,10.573976
2,22,-240.000000,-140.000000,10.536977
3,22,-235.000000,-140.000000,10.499942
4,22,-230.000000,-140.000000,10.462752
5,22,-225.000000,-140.000000,10.425561
6,22,-220.000000,-140.000000,10.388370
7,22,-215.000000,-140.000000,10.348851
8,22,-210.000000,-140.000000,10.306802
9,22,-205.000000,-140.000000,10.264345
10,22,-200.000000,-140.000000,10.221642
11,22,-195.000000,-140.000000,10.178940
12,22,-190.000000,-140.000000,10.136237
13,22,-185.000000,-140.000000,10.090932
14,22,-180.000000,-140.000000,10.045352
15,22,-175.000000,-140.000000,9.999227
16,22,-170.000000,-140.000000,9.953103
17,22,-165.000000,-140.000000,9.906978
18,22,-160.000000,-140.000000,9.861266
19,22,-155.000000,-140.000000,9.816318
20,22,-150.000000,-140.000000,9.771534
21,22,-145.000000,-140.000000,9.726918
22,22,-140.000000,-140.000000,9.682302
23,22,-135.000000,-140.000000,9.637686
24,22,-130.000000,-140.000000,9.595897
25,22,-125.000000,-140.000000,9.554872
26,22,-120.000000,-140.000000,9.515094
27,22,-115.000000,-140.000000,9.475405
28,22,-110.000000,-140.000000,9.435716
29,22,-105.000000,-140.000000,9.396753
30,22,-100.000000,-140.000000,9.360315
31,22,-95.000000,-140.000000,9.324447
32,22,-90.000000,-140.000000,9.289553
33,22,-85.000000,-140.000000,9.254659
34,22,-80.000000,-140.000000,9.219765
35,22,-75.000000,-140.000000,9.186039
36,22,-70.000000,-140.000000,9.152916
37,22,-65.000000,-140.000000,9.120641
38,22,-60.000000,-140.000000,9.088572
39,22,-55.000000,-140.000000,9.056503
40,22,-50.000000,-140.000000,9.024531
41,22,-45.000000,-140.000000,8.993488
42,22,-40.000000,-140.000000,8.962626
43,22,-35.000000,-140.000000,8.932336
44,22,-30.000000,-140.000000,8.902047
45,22,-25.000000,-140.000000,8.871758
46,22,-20.000000,-140.000000,8.842096
47,22,-15.000000,-140.000000,8.812987
48,22,-10.000000,-140.000000,8.784601
49,22,-5.000000,-140.000000,8.756559
50,22,0.000000,-140.000000,8.728517
51,22,5.000000,-140.000000,8.700475
52,22,10.000000,-140.000000,8.673577
53,22,15.000000,-140.000000,8.646865
54,22,20.000000,-140.000000,8.621315
55,22,25.000000,-140.000000,8.595766
56,22,30.000000,-140.000000,8.570216
57,22,35.000000,-140.000000,8.544870
58,22,40.000000,-140.000000,8.519828
59,22,45.000000,-140.000000,8.495163
60,22,50.000000,-140.000000,8.470809
61,22,55.000000,-140.000000,8.446456
62,22,60.000000,-140.000000,8.422102
63,22,65.000000,-140.000000,8.397574
64,22,70.000000,-140.000000,8.373013
65,22,75.000000,-140.000000,8.348108
66,22,80.000000,-140.000000,8.323197
67,22,85.000000,-140.000000,8.298286
68,22,90.000000,-140.000000,8.273315
69,22,95.000000,-140.000000,8.248184
70,22,100.000000,-140.000000,8.222858
71,22,105.000000,-140.000000,8.197264
72,22,110.000000,-140.000000,8.171671
73,22,115.000000,-140.000000,8.146077
74,22,120.000000,-140.000000,8.120664
75,22,125.000000,-140.000000,8.095324
76,22,130.000000,-140.000000,8.070571
77,22,135.000000,-140.000000,8.045916
78,22,140.000000,-140.000000,8.021261
79,22,145.000000,-140.000000,7.996669
80,22,150.000000,-140.000000,7.972447
81,22,155.000000,-140.000000,7.948672
82,22,160.000000,-140.000000,7.925979
83,22,165.000000,-140.000000,7.903285
84,22,170.000000,-140.000000,7.880592
85,22,175.000000,-140.000000,7.857938
86,22,180.000000,-140.000000,7.835311
87,22,185.000000,-140.000000,7.812921
88,22,190.000000,-140.000000,7.790619
89,22,195.000000,-140.000000,7.768317
90,22,200.000000,-140.000000,7.746008
91,22,205.000000,-140.000000,7.723374
92,22,210.000000,-140.000000,7.700333
93,22,215.000000,-140.000000,7.675230
94,22,220.000000,-140.000000,7.650127
95,22,225.000000,-140.000000,7.625023
96,22,230.000000,-140.000000,7.599779
97,22,235.000000,-140.000000,7.574366
98,22,240.000000,-140.000000,7.546394
99,22,245.000000,-140.000000,7.516720
100,22,250.000000,-140.000000,7.487047
0,23,-250.000000,-135.000000,10.601858
1,23,-245.000000,-135.000000,10.567788
2,23,-240.000000,-135.000000,10.531187
3,23,-235.000000,-135.000000,10.494549
4,23,-230.000000,-135.000000,10.457755
5,23,-225.000000,-135.000000,10.420962
6,23,-220.000000,-135.000000,10.384168
7,23,-215.000000,-135.000000,10.345060
8,23,-210.000000,-135.000000,10.303440
9,23,-205.000000,-135.000000,10.261414
10,23,-200.000000,-135.000000,10.219145
11,23,-195.000000,-135.000000,10.176875
12,23,-190.000000,-135.000000,10.134606
13,23,-185.000000,-135.000000,10.089750
14,23,-180.000000,-135.000000,10.044621
15,23,-175.000000,-135.000000,9.998950
16,23,-170.000000,-135.000000,9.953279
17,23,-165.000000,-135.000000,9.907609
18,23,-160.000000,-135.000000,9.862342
19,23,-155.000000,-135.000000,9.817820
20,23,-150.000000,-135.000000,9.773459
21,23,-145.000000,-135.000000,9.729262
22,23,-140.000000,-135.000000,9.685064
23,23,-135.000000,-135.000000,9.640867
24,23,-130.000000,-135.000000,9.599453
25,23,-125.000000,-135.000000,9.558791
26,23,-120.000000,-135.000000,9.519356
27,23,-115.000000,-135.000000,9.480009
28,23,-110.000000,-135.000000,9.440663
29,23,-105.000000,-135.000000,9.402031
30,23,-100.000000,-135.000000,9.365886
31,23,-95.000000,-135.000000,9.330301
32,23,-90.000000,-135.000000,9.295677
33,23,-85.000000,-135.000000,9.261053
34,23,-80.000000,-135.000000,9.226428
35,23,-75.000000,-135.000000,9.192955
36,23,-70.000000,-135.000000,9.160076
37,23,-65.000000,-135.000000,9.128032
38,23,-60.000000,-135.000000,9.096190
39,23,-55.000000,-135.000000,9.064349
40,23,-50.000000,-135.000000,9.032605
41,23,-45.000000,-135.000000,9.001778
42,23,-40.000000,-135.000000,8.971131
43,23,-35.000000,-135.000000,8.941050
44,23,-30.000000,-135.000000,8.910968
45,23,-25.000000,-135.000000,8.880887
46,23,-20.000000,-135.000000,8.851428
47,23,-15.000000,-135.000000,8.822517
48,23,-10.000000,-135.000000,8.794321
49,23,-5.000000,-135.000000,8.766467
50,23,0.000000,-135.000000,8.738613
51,23,5.000000,-135.000000,8.710759
52,23,10.000000,-135.000000,8.684036
53,23,15.000000,-135.000000,8.657498
54,23,20.000000,-135.000000,8.632109
55,23,25.000000,-135.000000,8.606720
56,23,30.000000,-135.000000,8.581331
57,23,35.000000,-135.000000,8.556143
58,23,40.000000,-135.000000,8.531251
59,23,45.000000,-135.000000,8.506731
60,23,50.000000,-135.000000,8.482517
61,23,55.000000,-135.000000,8.458302
62,23,60.000000,-135.000000,8.434088
63,23,65.000000,-135.000000,8.409696
64,23,70.000000,-135.000000,8.385270
65,23,75.000000,-135.000000,8.360494
66,23,80.000000,-135.000000,8.335713
67,23,85.000000,-135.000000,8.310931
68,23,90.000000,-135.000000,8.286088
69,23,95.000000,-135.000000,8.261084
70,23,100.000000,-135.000000,8.235881
71,23,105.000000,-135.000000,8.210407
72,23,110.000000,-135.000000,8.184933
73,23,115.000000,-135.000000,8.159459
74,23,120.000000,-135.000000,8.134161
75,23,125.000000,-135.000000,8.108935
76,23,130.000000,-135.000000,8.084280
77,23,135.000000,-135.000000,8.059721
78,23,140.000000,-135.000000,8.035163
79,23,145.000000,-135.000000,8.010666
80,23,150.000000,-135.000000,7.986532
81,23,155.000000,-135.000000,7.962839
82,23,160.000000,-135.000000,7.940208
83,23,165.000000,-135.000000,7.917578
84,23,170.000000,-135.000000,7.894947
85,23,175.000000,-135.000000,7.872353
86,23,180.000000,-135.000000,7.849785
87,23,185.000000,-135.000000,7.827438
88,23,190.000000,-135.000000,7.805173
89,23,195.000000,-135.000000,7.782908
90,23,200.000000,-135.000000,7.760637
91,23,205.000000,-135.000000,7.738039
92,23,210.000000,-135.000000,7.715034
93,23,215.000000,-135.000000,7.689963
94,23,220.000000,-135.000000,7.664892
95,23,225.000000,-135.000000,7.639821
96,23,230.000000,-135.000000,7.614609
97,23,235.000000,-135.000000,7.589228
98,23,240.000000,-135.000000,7.561292
99,23,245.000000,-135.000000,7.531658
100,23,250.000000,-135.000000,7.502024
0,24,-250.000000,-130.000000,10.593734
1,24,-245.000000,-130.000000,10.560024
2,24,-240.000000,-130.000000,10.523805
3,24,-235.000000,-130.000000,10.487550
4,24,-230.000000,-130.000000,10.451140
5,24,-225.000000,-130.000000,10.414730
6,24,-220.000000,-130.000000,10.378321
7,24,-215.000000,-130.000000,10.339630
8,24,-210.000000,-130.000000,10.298462
9,24,-205.000000,-130.000000,10.256894
10,24,-200.000000,-130.000000,10.215086
11,24,-195.000000,-130.000000,10.173277
12,24,-190.000000,-130.000000,10.131469
13,24,-185.000000,-130.000000,10.087111
14,24,-180.000000,-130.000000,10.042482
15,24,-175.000000,-130.000000,9.997319
16,24,-170.000000,-130.000000,9.952157
17,24,-165.000000,-130.000000,9.906994
18,24,-160.000000,-130.000000,9.862225
19,24,-155.000000,-130.000000,9.818183
20,24,-150.000000,-130.000000,9.774298
21,24,-145.000000,-130.000000,9.730572
22,24,-140.000000,-130.000000,9.686846
23,24,-135.000000,-130.000000,9.643120
24,24,-130.000000,-130.000000,9.602123
25,24,-125.000000,-130.000000,9.561862
26,24,-120.000000,-130.000000,9.522803
27,24,-115.000000,-130.000000,9.483832
28,24,-110.000000,-130.000000,9.444860
29,24,-105.000000,-130.000000,9.406589
30,24,-100.000000,-130.000000,9.370753
31,24,-95.000000,-130.000000,9.335466
32,24,-90.000000,-130.000000,9.301120
33,24,-85.000000,-130.000000,9.266774
34,24,-80.000000,-130.000000,9.232428
35,24,-75.000000,-130.000000,9.199207
36,24,-70.000000,-130.000000,9.166568
37,24,-65.000000,-130.000000,9.134745
38,24,-60.000000,-130.000000,9.103120
39,24,-55.000000,-130.000000,9.071495
40,24,-50.000000,-130.000000,9.039965
41,24,-45.000000,-130.000000,9.009334
42,24,-40.000000,-130.000000,8.978879
43,24,-35.000000,-130.000000,8.948978
44,24,-30.000000,-130.000000,8.919077
45,24,-25.000000,-130.000000,8.889176
46,24,-20.000000,-130.000000,8.859887
47,24,-15.000000,-130.000000,8.831138
48,24,-10.000000,-130.000000,8.803094
49,24,-5.000000,-130.000000,8.775386
50,24,0.000000,-130.000000,8.747678
51,24,5.000000,-130.000000,8.719971
52,24,10.000000,-130.000000,8.693380
53,24,15.000000,-130.000000,8.666972
54,24,20.000000,-130.000000,8.641698
55,24,25.000000,-130.000000,8.616424
56,24,30.000000,-130.000000,8.591151
57,24,35.000000,-130.000000,8.566076
58,24,40.000000,-130.000000,8.541295
59,24,45.000000,-130.000000,8.516881
60,24,50.000000,-130.000000,8.492771
61,24,55.000000,-130.000000,8.468660
62,24,60.000000,-130.000000,8.444549
63,24,65.000000,-130.000000,8.420263
64,24,70.000000,-130.000000,8.395943
65,24,75.000000,-130.000000,8.371279
66,24,80.000000,-130.000000,8.346609
67,24,85.000000,-130.000000,8.321939
68,24,90.000000,-130.000000,8.297208
69,24,95.000000,-130.000000,8.272315
70,24,100.000000,-130.000000,8.247225
71,24,105.000000,-130.000000,8.221863
72,24,110.000000,-130.000000,8.196501
73,24,115.000000,-130.000000,8.171140
74,24,120.000000,-130.000000,8.145949
75,24,125.000000,-130.000000,8.120828
76,24,130.000000,-130.000000,8.096260
77,24,135.000000,-130.000000,8.071786
78,24,140.000000,-130.000000,8.047311
79,24,145.000000,-130.000000,8.022897
80,24,150.000000,-130.000000,7.998838
81,24,155.000000,-130.000000,7.975209
82,24,160.000000,-130.000000,7.952619
83,24,165.000000,-130.000000,7.930029
84,24,170.000000,-130.000000,7.907439
85,24,175.000000,-130.000000,7.884884
86,24,180.000000,-130.000000,7.862353
87,24,185.000000,-130.000000,7.840031
88,24,190.000000,-130.000000,7.817787
89,24,195.000000,-130.000000,7.795544
90,24,200.000000,-130.000000,7.773293
91,24,205.000000,-130.000000,7.750719
92,24,210.000000,-130.000000,7.727741
93,24,215.000000,-130.000000,7.702714
94,24,220.000000,-130.000000,7.677687
95,24,225.000000,-130.000000,7.652660
96,24,230.000000,-130.000000,7.627493
97,24,235.000000,-130.000000,7.602159
98,24,240.000000,-130.000000,7.574294
99,24,245.000000,-130.000000,7.544745
100,24,250.000000,-130.000000,7.515197
0,25,-250.000000,-125.000000,10.583912
1,25,-245.000000,-125.000000,10.550513
2,25,-240.000000,-125.000000,10.514659
3,25,-235.000000,-125.000000,10.478771
4,25,-230.000000,-125.000000,10.442731
5,25,-225.000000,-125.000000,10.406691
6,25,-220.000000,-125.000000,10.370651
7,25,-215.000000,-125.000000,10.332382
8,25,-210.000000,-125.000000,10.291693
9,25,-205.000000,-125.000000,10.250612
10,25,-200.000000,-125.000000,10.209296
11,25,-195.000000,-125.000000,10.167981
12,25,-190.000000,-125.000000,10.126665
13,25,-185.000000,-125.000000,10.082857
14,25,-180.000000,-125.000000,10.038784
15,25,-175.000000,-125.000000,9.994189
16,25,-170.000000,-125.000000,9.949594
17,25,-165.000000,-125.000000,9.904999
18,25,-160.000000,-125.000000,9.860788
19,25,-155.000000,-125.000000,9.817284
20,25,-150.000000,-125.000000,9.773933
21,25,-145.000000,-125.000000,9.730737
22,25,-140.000000,-125.000000,9.687542
23,25,-135.000000,-125.000000,9.644346
24,25,-130.000000,-125.000000,9.603810
25,25,-125.000000,-125.000000,9.563993
26,25,-120.000000,-125.000000,9.525348
27,25,-115.000000,-125.000000,9.486787
28,25,-110.000000,-125.000000,9.448227
29,25,-105.000000,-125.000000,9.410348
30,25,-100.000000,-125.000000,9.374840
31,25,-95.000000,-125.000000,9.339867
32,25,-90.000000,-125.000000,9.305809
33,25,-85.000000,-125.000000,9.271750
34,25,-80.000000,-125.000000,9.237692
35,25,-75.000000,-125.000000,9.204725
36,25,-70.000000,-125.000000,9.172320
37,25,-65.000000,-125.000000,9.140707
38,25,-60.000000,-125.000000,9.109286
39,25,-55.000000,-125.000000,9.077865
40,25,-50.000000,-125.000000,9.046536
41,25,-45.000000,-125.000000,9.016077
42,25,-40.000000,-125.000000,8.985788
43,25,-35.000000,-125.000000,8.956036
44,25,-30.000000,-125.000000,8.926284
45,25,-25.000000,-125.000000,8.896532
46,25,-20.000000,-125.000000,8.867378
47,25,-15.000000,-125.000000,8.838753
48,25,-10.000000,-125.000000,8.810817
49,25,-5.000000,-125.000000,8.783210
50,25,0.000000,-125.000000,8.755603
51,25,5.000000,-125.000000,8.727995
52,25,10.000000,-125.000000,8.701489
53,25,15.000000,-125.000000,8.675162
54,25,20.000000,-125.000000,8.649954
55,25,25.000000,-125.000000,8.624745
56,25,30.000000,-125.000000,8.599536
57,25,35.000000,-125.000000,8.574526
58,25,40.000000,-125.000000,8.549809
59,25,45.000000,-125.000000,8.525460
60,25,50.000000,-125.000000,8.501414
61,25,55.000000,-125.000000,8.477367
62,25,60.000000,-125.000000,8.453320
63,25,65.000000,-125.000000,8.429107
64,25,70.000000,-125.000000,8.404862
65,25,75.000000,-125.000000,8.380289
66,25,80.000000,-125.000000,8.355711
67,25,85.000000,-125.000000,8.331133
68,25,90.000000,-125.000000,8.306495
69,25,95.000000,-125.000000,8.281698
70,25,100.000000,-125.000000,8.256708
71,25,105.000000,-125.000000,8.231451
72,25,110.000000,-125.000000,8.206194
73,25,115.000000,-125.000000,8.180937
74,25,120.000000,-125.000000,8.155844
75,25,125.000000,-125.000000,8.130818
76,25,130.000000,-125.000000,8.106325
77,25,135.000000,-125.000000,8.081921
78,25,140.000000,-125.000000,8.057516
79,25,145.000000,-125.000000,8.033172
80,25,150.000000,-125.000000,8.009171
81,25,155.000000,-125.000000,7.985588
82,25,160.000000,-125.000000,7.963014
83,25,165.000000,-125.000000,7.940441
84,25,170.000000,-125.000000,7.917867
85,25,175.000000,-125.000000,7.895327
86,25,180.000000,-125.000000,7.872810
87,25,185.000000,-125.000000,7.850494
88,25,190.000000,-125.000000,7.828253
89,25,195.000000,-125.000000,7.806012
90,25,200.000000,-125.000000,7.783765
91,25,205.000000,-125.000000,7.761200
92,25,210.000000,-125.000000,7.738239
93,25,215.000000,-125.000000,7.713269
94,25,220.000000,-125.000000,7.688299
95,25,225.000000,-125.000000,7.663329
96,25,230.000000,-125.000000,7.638221
97,25,235.000000,-125.000000,7.612950
98,25,240.000000,-125.000000,7.585192
99,25,245.000000,-125.000000,7.555782
100,25,250.000000,-125.000000,7.526372
0,26,-250.000000,-120.000000,10.574091
1,26,-245.000000,-120.000000,10.541002
2,26,-240.000000,-120.000000,10.505514
3,26,-235.000000,-120.000000,10.469992
4,26,-230.000000,-120.000000,10.434322
5,26,-225.000000,-120.000000,10.398652
6,26,-220.000000,-120.000000,10.362982
7,26,-215.000000,-120.000000,10.325135
8,26,-210.000000,-120.000000,10.284923
9,26,-205.000000,-120.000000,10.244330
10,26,-200.000000,-120.000000,10.203507
11,26,-195.000000,-120.000000,10.162684
12,26,-190.000000,-120.000000,10.121861
13,26,-185.000000,-120.000000,10.078602
14,26,-180.000000,-120.000000,10.035085
15,26,-175.000000,-120.000000,9.991058
16,26,-170.000000,-120.000000,9.947031
17,26,-165.000000,-120.000000,9.903004
18,26,-160.000000,-120.000000,9.859350
19,26,-155.000000,-120.000000,9.816385
20,26,-150.000000,-120.000000,9.773568
21,26,-145.000000,-120.000000,9.730902
22,26,-140.000000,-120.000000,9.688237
23,26,-135.000000,-120.000000,9.645571
24,26,-130.000000,-120.000000,9.605498
25,26,-125.000000,-120.000000,9.566124
26,26,-120.000000,-120.000000,9.527892
27,26,-115.000000,-120.000000,9.489743
28,26,-110.000000,-120.000000,9.451594
29,26,-105.000000,-120.000000,9.414108
30,26,-100.000000,-120.000000,9.378927
31,26,-95.000000,-120.000000,9.344267
32,26,-90.000000,-120.000000,9.310497
33,26,-85.000000,-120.000000,9.276727
34,26,-80.000000,-120.000000,9.242956
35,26,-75.000000,-120.000000,9.210242
36,26,-70.000000,-120.000000,9.178073
37,26,-65.000000,-120.000000,9.146670
38,26,-60.000000,-120.000000,9.115453
39,26,-55.000000,-120.000000,9.084235
40,26,-50.000000,-120.000000,9.053107
41,26,-45.000000,-120.000000,9.022820
42,26,-40.000000,-120.000000,8.992697
43,26,-35.000000,-120.000000,8.963094
44,26,-30.000000,-120.000000,8.933491
45,26,-25.000000,-120.000000,8.903887
46,26,-20.000000,-120.000000,8.874870
47,26,-15.000000,-120.000000,8.846368
48,26,-10.000000,-120.000000,8.818540
49,26,-5.000000,-120.000000,8.791033
50,26,0.000000,-120.000000,8.763527
51,26,5.000000,-120.000000,8.736020
52,26,10.000000,-120.000000,8.709598
53,26,15.000000,-120.000000,8.683353
54,26,20.000000,-120.000000,8.658209
55,26,25.000000,-120.000000,8.633065
56,26,30.000000,-120.000000,8.607921
57,26,35.000000,-120.000000,8.582976
58,26,40.000000,-120.000000,8.558324
59,26,45.000000,-120.000000,8.534039
60,26,50.000000,-120.000000,8.510057
61,26,55.000000,-120.000000,8.486074
62,26,60.000000,-120.000000,8.462091
63,26,65.000000,-120.000000,8.437951
64,26,70.000000,-120.000000,8.413781
65,26,75.000000,-120.000000,8.389299
66,26,80.000000,-120.000000,8.364813
67,26,85.000000,-120.000000,8.340327
68,26,90.000000,-120.000000,8.315782
69,26,95.000000,-120.000000,8.291081
70,26,100.000000,-120.000000,8.266191
71,26,105.000000,-120.000000,8.241038
72,26,110.000000,-120.000000,8.215886
73,26,115.000000,-120.000000,8.190733
74,26,120.000000,-120.000000,8.165739
75,26,125.000000,-120.000000,8.140809
76,26,130.000000,-120.000000,8.116389
77,26,135.000000,-120.000000,8.092056
78,26,140.000000,-120.000000,8.067722
79,26,145.000000,-120.000000,8.043446
80,26,150.000000,-120.000000,8.019504
81,26,155.000000,-120.000000,7.995967
82,26,160.000000,-120.000000,7.973410
83,26,165.000000,-120.000000,7.950852
84,26,170.000000,-120.000000,7.928295
85,26,175.000000,-120.000000,7.905769
86,26,180.000000,-120.000000,7.883266
87,26,185.000000,-120.000000,7.860956
88,26,190.000000,-120.000000,7.838719
89,26,195.000000,-120.000000,7.816481
90,26,200.000000,-120.000000,7.794237
91,26,205.000000,-120.000000,7.771681
92,26,210.000000,-120.000000,7.748738
93,26,215.000000,-120.000000,7.723824
94,26,220.000000,-120.000000,7.698911
95,26,225.000000,-120.000000,7.673998
96,26,230.000000,-120.000000,7.648950
97,26,235.000000,-120.000000,7.623741
98,26,240.000000,-120.000000,7.596091
99,26,245.000000,-120.000000,7.566819
100,26,250.000000,-120.000000,7.537547
0,27,-250.000000,-115.000000,10.564269
1,27,-245.000000,-115.000000,10.531490
2,27,-240.000000,-115.000000,10.496368
3,27,-235.000000,-115.000000,10.461213
4,27,-230.000000,-115.000000,10.425913
5,27,-225.000000,-115.000000,10.390613
6,27,-220.000000,-115.000000,10.355313
7,27,-215.000000,-115.000000,10.317887
8,27,-210.000000,-115.000000,10.278154
9,27,-205.000000,-115.000000,10.238048
10,27,-200.000000,-115.000000,10.197718
11,27,-195.000000,-115.000000,10.157388
12,27,-190.000000,-115.000000,10.117058
13,27,-185.000000,-115.000000,10.074348
14,27,-180.000000,-115.000000,10.031387
15,27,-175.000000,-115.000000,9.987928
16,27,-170.000000,-115.000000,9.944469
17,27,-165.000000,-115.000000,9.901009
18,27,-160.000000,-115.000000,9.857913
19,27,-155.000000,-115.000000,9.815485
20,27,-150.000000,-115.000000,9.773203
21,27,-145.000000,-115.000000,9.731068
22,27,-140.000000,-115.000000,9.688932
23,27,-135.000000,-115.000000,9.646797
24,27,-130.000000,-115.000000,9.607185
25,27,-125.000000,-115.000000,9.568254
26,27,-120.000000,-115.000000,9.530436
27,27,-115.000000,-115.000000,9.492698
28,27,-110.000000,-115.000000,9.454961
29,27,-105.000000,-115.000000,9.417867
30,27,-100.000000,-115.000000,9.383015
31,27,-95.000000,-115.000000,9.348667
32,27,-90.000000,-115.000000,9.315185
33,27,-85.000000,-115.000000,9.281703
34,27,-80.000000,-115.000000,9.248221
35,27,-75.000000,-115.000000,9.215759
36,27,-70.000000,-115.000000,9.183826
37,27,-65.000000,-115.000000,9.152632
38,27,-60.000000,-115.000000,9.121619
39,27,-55.000000,-115.000000,9.090606
40,27,-50.000000,-115.000000,9.059678
41,27,-45.000000,-115.000000,9.029563
42,27,-40.000000,-115.000000,8.999607
43,27,-35.000000,-115.000000,8.970152
44,27,-30.000000,-115.000000,8.940698
45,27,-25.000000,-115.000000,8.911243
46,27,-20.000000,-115.000000,8.882361
47,27,-15.000000,-115.000000,8.853983
48,27,-10.000000,-115.000000,8.826262
49,27,-5.000000,-115.000000,8.798857
50,27,0.000000,-115.000000,8.771451
51,27,5.000000,-115.000000,8.744045
52,27,10.000000,-115.000000,8.717707
53,27,15.000000,-115.000000,8.691543
54,27,20.000000,-115.000000,8.666464
55,27,25.000000,-115.000000,8.641385
56,27,30.000000,-115.000000,8.616306
57,27,35.000000,-115.000000,8.591426
58,27,40.000000,-115.000000,8.566839
59,27,45.000000,-115.000000,8.542618
60,27,50.000000,-115.000000,8.518700
61,27,55.000000,-115.000000,8.494781
62,27,60.000000,-115.000000,8.470862
63,27,65.000000,-115.000000,8.446795
64,27,70.000000,-115.000000,8.422699
65,27,75.000000,-115.000000,8.398310
66,27,80.000000,-115.000000,8.373915
67,27,85.000000,-115.000000,8.349521
68,27,90.000000,-115.000000,8.325069
69,27,95.000000,-115.000000,8.300465
70,27,100.000000,-115.000000,8.275674
71,27,105.000000,-115.000000,8.250626
72,27,110.000000,-115.000000,8.225578
73,27,115.000000,-115.000000,8.200530
74,27,120.000000,-115.000000,8.175634
75,27,125.000000,-115.000000,8.150799
76,27,130.000000,-115.000000,8.126454
77,27,135.000000,-115.000000,8.102191
78,27,140.000000,-115.000000,8.077928
79,27,145.000000,-115.000000,8.053720
80,27,150.000000,-115.000000,8.029837
81,27,155.000000,-115.000000,8.006346
82,27,160.000000,-115.000000,7.983805
83,27,165.000000,-115.000000,7.961264
84,27,170.000000,-115.000000,7.938723
85,27,175.000000,-115.000000,7.916212
86,27,180.000000,-115.000000,7.893723
87,27,185.000000,-115.000000,7.871419
88,27,190.000000,-115.000000,7.849184
89,27,195.000000,-115.000000,7.826949
90,27,200.000000,-115.000000,7.804708
91,27,205.000000,-115.000000,7.782162
92,27,210.000000,-115.000000,7.759236
93,27,215.000000,-115.000000,7.734379
94,27,220.000000,-115.000000,7.709523
95,27,225.000000,-115.000000,7.684667
96,27,230.000000,-115.000000,7.659678
97,27,235.000000,-115.000000,7.634532
98,27,240.000000,-115.000000,7.606990
99,27,245.000000,-115.000000,7.577856
100,27,250.000000,-115.000000,7.548722
0,28,-250.000000,-110.000000,10.552227
1,28,-245.000000,-110.000000,10.519689
2,28,-240.000000,-110.000000,10.484908
3,28,-235.000000,-110.000000,10.450094
4,28,-230.000000,-110.000000,10.415142
5,28,-225.000000,-110.000000,10.380191
6,28,-220.000000,-110.000000,10.345239
7,28,-215.000000,-110.000000,10.308239
8,28,-210.000000,-110.000000,10.269014
9,28,-205.000000,-110.000000,10.229430
10,28,-200.000000,-110.000000,10.189630
11,28,-195.000000,-110.000000,10.149830
12,28,-190.000000,-110.000000,10.110030
13,28,-185.000000,-110.000000,10.067938
14,28,-180.000000,-110.000000,10.025603
15,28,-175.000000,-110.000000,9.982788
16,28,-170.000000,-110.000000,9.939973
17,28,-165.000000,-110.000000,9.897158
18,28,-160.000000,-110.000000,9.854697
19,28,-155.000000,-110.000000,9.812889
20,28,-150.000000,-110.000000,9.771223
21,28,-145.000000,-110.000000,9.729699
22,28,-140.000000,-110.000000,9.688176
23,28,-135.000000,-110.000000,9.646653
24,28,-130.000000,-110.000000,9.607570
25,28,-125.000000,-110.000000,9.569147
26,28,-120.000000,-110.000000,9.531799
27,28,-115.000000,-110.000000,9.494529
28,28,-110.000000,-110.000000,9.457260
29,28,-105.000000,-110.000000,9.420609
30,28,-100.000000,-110.000000,9.386113
31,28,-95.000000,-110.000000,9.352102
32,28,-90.000000,-110.000000,9.318922
33,28,-85.000000,-110.000000,9.285743
34,28,-80.000000,-110.000000,9.252564
35,28,-75.000000,-110.000000,9.220352
36,28,-70.000000,-110.000000,9.188640
37,28,-65.000000,-110.000000,9.157631
38,28,-60.000000,-110.000000,9.126792
39,28,-55.000000,-110.000000,9.095953
40,28,-50.000000,-110.000000,9.065194
41,28,-45.000000,-110.000000,9.035201
42,28,-40.000000,-110.000000,9.005357
43,28,-35.000000,-110.000000,8.975986
44,28,-30.000000,-110.000000,8.946614
45,28,-25.000000,-110.000000,8.917242
46,28,-20.000000,-110.000000,8.888423
47,28,-15.000000,-110.000000,8.860092
48,28,-10.000000,-110.000000,8.832395
49,28,-5.000000,-110.000000,8.805003
50,28,0.000000,-110.000000,8.777610
51,28,5.000000,-110.000000,8.750218
52,28,10.000000,-110.000000,8.723877
53,28,15.000000,-110.000000,8.697708
54,28,20.000000,-110.000000,8.672607
55,28,25.000000,-110.000000,8.647506
56,28,30.000000,-110.000000,8.622405
57,28,35.000000,-110.000000,8.597505
58,28,40.000000,-110.000000,8.572904
59,28,45.000000,-110.000000,8.548677
60,28,50.000000,-110.000000,8.524756
61,28,55.000000,-110.000000,8.500835
62,28,60.000000,-110.000000,8.476914
63,28,65.000000,-110.000000,8.452862
64,28,70.000000,-110.000000,8.428784
65,28,75.000000,-110.000000,8.404447
66,28,80.000000,-110.000000,8.380106
67,28,85.000000,-110.000000,8.355765
68,28,90.000000,-110.000000,8.331368
69,28,95.000000,-110.000000,8.306824
70,28,100.000000,-110.000000,8.282102
71,28,105.000000,-110.000000,8.257132
72,28,110.000000,-110.000000,8.232163
73,28,115.000000,-110.000000,8.207194
74,28,120.000000,-110.000000,8.182368
75,28,125.000000,-110.000000,8.157600
76,28,130.000000,-110.000000,8.133296
77,28,135.000000,-110.000000,8.109069
78,28,140.000000,-110.000000,8.084842
79,28,145.000000,-110.000000,8.060668
80,28,150.000000,-110.000000,8.036807
81,28,155.000000,-110.000000,8.013323
82,28,160.000000,-110.000000,7.990754
83,28,165.000000,-110.000000,7.968184
84,28,170.000000,-110.000000,7.945615
85,28,175.000000,-110.000000,7.923076
86,28,180.000000,-110.000000,7.900559
87,28,185.000000,-110.000000,7.878230
88,28,190.000000,-110.000000,7.855971
89,28,195.000000,-110.000000,7.833711
90,28,200.000000,-110.000000,7.811446
91,28,205.000000,-110.000000,7.788889
92,28,210.000000,-110.000000,7.765966
93,28,215.000000,-110.000000,7.741191
94,28,220.000000,-110.000000,7.716417
95,28,225.000000,-110.000000,7.691642
96,28,230.000000,-110.000000,7.666740
97,28,235.000000,-110.000000,7.641685
98,28,240.000000,-110.000000,7.614315
99,28,245.000000,-110.000000,7.585405
100,28,250.000000,-110.000000,7.556495
0,29,-250.000000,-105.000000,10.539247
1,29,-245.000000,-105.000000,10.506919
2,29,-240.000000,-105.000000,10.472468
3,29,-235.000000,-105.000000,10.437986
4,29,-230.000000,-105.000000,10.403374
5,29,-225.000000,-105.000000,10.368761
6,29,-220.000000,-105.000000,10.334148
7,29,-215.000000,-105.000000,10.297575
8,29,-210.000000,-105.000000,10.258871
9,29,-205.000000,-105.000000,10.219824
10,29,-200.000000,-105.000000,10.180570
11,29,-195.000000,-105.000000,10.141315
12,29,-190.000000,-105.000000,10.102061
13,29,-185.000000,-105.000000,10.060615
14,29,-180.000000,-105.000000,10.018936
15,29,-175.000000,-105.000000,9.976798
16,29,-170.000000,-105.000000,9.934661
17,29,-165.000000,-105.000000,9.892523
18,29,-160.000000,-105.000000,9.850731
19,29,-155.000000,-105.000000,9.809576
20,29,-150.000000,-105.000000,9.768559
21,29,-145.000000,-105.000000,9.727683
22,29,-140.000000,-105.000000,9.686806
23,29,-135.000000,-105.000000,9.645929
24,29,-130.000000,-105.000000,9.607405
25,29,-125.000000,-105.000000,9.569515
26,29,-120.000000,-105.000000,9.532663
27,29,-115.000000,-105.000000,9.495885
28,29,-110.000000,-105.000000,9.459107
29,29,-105.000000,-105.000000,9.422921
30,29,-100.000000,-105.000000,9.388792
31,29,-95.000000,-105.000000,9.355128
32,29,-90.000000,-105.000000,9.322258
33,29,-85.000000,-105.000000,9.289387
34,29,-80.000000,-105.000000,9.256517
35,29,-75.000000,-105.000000,9.224554
36,29,-70.000000,-105.000000,9.193059
37,29,-65.000000,-105.000000,9.162222
38,29,-60.000000,-105.000000,9.131545
39,29,-55.000000,-105.000000,9.100867
40,29,-50.000000,-105.000000,9.070265
41,29,-45.000000,-105.000000,9.040372
42,29,-40.000000,-105.000000,9.010618
43,29,-35.000000,-105.000000,8.981301
44,29,-30.000000,-105.000000,8.951984
45,29,-25.000000,-105.000000,8.922668
46,29,-20.000000,-105.000000,8.893882
47,29,-15.000000,-105.000000,8.865564
48,29,-10.000000,-105.000000,8.837856
49,29,-5.000000,-105.000000,8.810440
50,29,0.000000,-105.000000,8.783024
51,29,5.000000,-105.000000,8.755608
52,29,10.000000,-105.000000,8.729228
53,29,15.000000,-105.000000,8.703016
54,29,20.000000,-105.000000,8.677856
55,29,25.000000,-105.000000,8.652696
56,29,30.000000,-105.000000,8.627536
57,29,35.000000,-105.000000,8.602582
58,29,40.000000,-105.000000,8.577935
59,29,45.000000,-105.000000,8.553669
60,29,50.000000,-105.000000,8.529718
61,29,55.000000,-105.000000,8.505767
62,29,60.000000,-105.000000,8.481816
63,29,65.000000,-105.000000,8.457754
64,29,70.000000,-105.000000,8.433671
65,29,75.000000,-105.000000,8.409369
66,29,80.000000,-105.000000,8.385065
67,29,85.000000,-105.000000,8.360760
68,29,90.000000,-105.000000,8.336402
69,29,95.000000,-105.000000,8.311905
70,29,100.000000,-105.000000,8.287238
71,29,105.000000,-105.000000,8.262336
72,29,110.000000,-105.000000,8.237435
73,29,115.000000,-105.000000,8.212533
74,29,120.000000,-105.000000,8.187766
75,29,125.000000,-105.000000,8.163053
76,29,130.000000,-105.000000,8.138774
77,29,135.000000,-105.000000,8.114569
78,29,140.000000,-105.000000,8.090364
79,29,145.000000,-105.000000,8.066210
80,29,150.000000,-105.000000,8.042354
81,29,155.000000,-105.000000,8.018861
82,29,160.000000,-105.000000,7.996245
83,29,165.000000,-105.000000,7.973628
84,29,170.000000,-105.000000,7.951011
85,29,175.000000,-105.000000,7.928427
86,29,180.000000,-105.000000,7.905864
87,29,185.000000,-105.000000,7.883497
88,29,190.000000,-105.000000,7.861202
89,29,195.000000,-105.000000,7.838906
90,29,200.000000,-105.000000,7.816606
91,29,205.000000,-105.000000,7.794027
92,29,210.000000,-105.000000,7.771102
93,29,215.000000,-105.000000,7.746420
94,29,220.000000,-105.000000,7.721738
95,29,225.000000,-105.000000,7.697056
96,29,230.000000,-105.000000,7.672251
97,29,235.000000,-105.000000,7.647300
98,29,240.000000,-105.000000,7.620127
99,29,245.000000,-105.000000,7.591478
100,29,250.000000,-105.000000,7.562829
0,30,-250.000000,-100.000000,10.525101
1,30,-245.000000,-100.000000,10.492947
2,30,-240.000000,-100.000000,10.458812
3,30,-235.000000,-100.000000,10.424650
4,30,-230.000000,-100.000000,10.390365
5,30,-225.000000,-100.000000,10.356081
6,30,-220.000000,-100.000000,10.321796
7,30,-215.000000,-100.000000,10.285650
8,30,-210.000000,-100.000000,10.247484
9,30,-205.000000,-100.000000,10.208991
10,30,-200.000000,-100.000000,10.170303
11,30,-195.000000,-100.000000,10.131614
12,30,-190.000000,-100.000000,10.092925
13,30,-185.000000,-100.000000,10.052160
14,30,-180.000000,-100.000000,10.011174
15,30,-175.000000,-100.000000,9.969754
16,30,-170.000000,-100.000000,9.928333
17,30,-165.000000,-100.000000,9.886913
18,30,-160.000000,-100.000000,9.845830
19,30,-155.000000,-100.000000,9.805372
20,30,-150.000000,-100.000000,9.765048
21,30,-145.000000,-100.000000,9.724861
22,30,-140.000000,-100.000000,9.684674
23,30,-135.000000,-100.000000,9.644487
24,30,-130.000000,-100.000000,9.606556
25,30,-125.000000,-100.000000,9.569234
26,30,-120.000000,-100.000000,9.532906
27,30,-115.000000,-100.000000,9.496650
28,30,-110.000000,-100.000000,9.460394
29,30,-105.000000,-100.000000,9.424698
30,30,-100.000000,-100.000000,9.390953
31,30,-95.000000,-100.000000,9.357647
32,30,-90.000000,-100.000000,9.325093
33,30,-85.000000,-100.000000,9.292540
34,30,-80.000000,-100.000000,9.259987
35,30,-75.000000,-100.000000,9.228270
36,30,-70.000000,-100.000000,9.196985
37,30,-65.000000,-100.000000,9.166307
38,30,-60.000000,-100.000000,9.135776
39,30,-55.000000,-100.000000,9.105245
40,30,-50.000000,-100.000000,9.074782
41,30,-45.000000,-100.000000,9.044963
42,30,-40.000000,-100.000000,9.015269
43,30,-35.000000,-100.000000,8.985973
44,30,-30.000000,-100.000000,8.956677
45,30,-25.000000,-100.000000,8.927380
46,30,-20.000000,-100.000000,8.898590
47,30,-15.000000,-100.000000,8.870245
48,30,-10.000000,-100.000000,8.842482
49,30,-5.000000,-100.000000,8.814997
50,30,0.000000,-100.000000,8.787512
51,30,5.000000,-100.000000,8.760026
52,30,10.000000,-100.000000,8.733561
53,30,15.000000,-100.000000,8.707261
54,30,20.000000,-100.000000,8.681996
55,30,25.000000,-100.000000,8.656731
56,30,30.000000,-100.000000,8.631466
57,30,35.000000,-100.000000,8.606415
58,30,40.000000,-100.000000,8.581679
59,30,45.000000,-100.000000,8.557338
60,30,50.000000,-100.000000,8.533322
61,30,55.000000,-100.000000,8.509306
62,30,60.000000,-100.000000,8.485290
63,30,65.000000,-100.000000,8.461188
64,30,70.000000,-100.000000,8.437070
65,30,75.000000,-100.000000,8.412784
66,30,80.000000,-100.000000,8.388495
67,30,85.000000,-100.000000,8.364206
68,30,90.000000,-100.000000,8.339868
69,30,95.000000,-100.000000,8.315399
70,30,100.000000,-100.000000,8.290771
71,30,105.000000,-100.000000,8.265923
72,30,110.000000,-100.000000,8.241075
73,30,115.000000,-100.000000,8.216227
74,30,120.000000,-100.000000,8.191504
75,30,125.000000,-100.000000,8.166831
76,30,130.000000,-100.000000,8.142562
77,30,135.000000,-100.000000,8.118360
78,30,140.000000,-100.000000,8.094157
79,30,145.000000,-100.000000,8.070005
80,30,150.000000,-100.000000,8.046136
81,30,155.000000,-100.000000,8.022614
82,30,160.000000,-100.000000,7.999926
83,30,165.000000,-100.000000,7.977239
84,30,170.000000,-100.000000,7.954552
85,30,175.000000,-100.000000,7.931898
86,30,180.000000,-100.000000,7.909269
87,30,185.000000,-100.000000,7.886846
88,30,190.000000,-100.000000,7.864501
89,30,195.000000,-100.000000,7.842156
90,30,200.000000,-100.000000,7.819805
91,30,205.000000,-100.000000,7.797195
92,30,210.000000,-100.000000,7.774261
93,30,215.000000,-100.000000,7.749684
94,30,220.000000,-100.000000,7.725107
95,30,225.000000,-100.000000,7.700531
96,30,230.000000,-100.000000,7.675837
97,30,235.000000,-100.000000,7.651005
98,30,240.000000,-100.000000,7.624064
99,30,245.000000,-100.000000,7.595720
100,30,250.000000,-100.000000,7.567377
0,31,-250.000000,-95.000000,10.510956
1,31,-245.000000,-95.000000,10.478974
2,31,-240.000000,-95.000000,10.445157
3,31,-235.000000,-95.000000,10.411314
4,31,-230.000000,-95.000000,10.377357
5,31,-225.000000,-95.000000,10.343400
6,31,-220.000000,-95.000000,10.309443
7,31,-215.000000,-95.000000,10.273726
8,31,-210.000000,-95.000000,10.236097
9,31,-205.000000,-95.000000,10.198159
10,31,-200.000000,-95.000000,10.160036
11,31,-195.000000,-95.000000,10.121913
12,31,-190.000000,-95.000000,10.083789
13,31,-185.000000,-95.000000,10.043705
14,31,-180.000000,-95.000000,10.003412
15,31,-175.000000,-95.000000,9.962709
16,31,-170.000000,-95.000000,9.922006
17,31,-165.000000,-95.000000,9.881303
18,31,-160.000000,-95.000000,9.840930
19,31,-155.000000,-95.000000,9.801167
20,31,-150.000000,-95.000000,9.761536
21,31,-145.000000,-95.000000,9.722039
22,31,-140.000000,-95.000000,9.682542
23,31,-135.000000,-95.000000,9.643045
24,31,-130.000000,-95.000000,9.605707
25,31,-125.000000,-95.000000,9.568952
26,31,-120.000000,-95.000000,9.533149
27,31,-115.000000,-95.000000,9.497415
28,31,-110.000000,-95.000000,9.461680
29,31,-105.000000,-95.000000,9.426476
30,31,-100.000000,-95.000000,9.393113
31,31,-95.000000,-95.000000,9.360166
32,31,-90.000000,-95.000000,9.327929
33,31,-85.000000,-95.000000,9.295693
34,31,-80.000000,-95.000000,9.263456
35,31,-75.000000,-95.000000,9.231986
36,31,-70.000000,-95.000000,9.200911
37,31,-65.000000,-95.000000,9.170392
38,31,-60.000000,-95.000000,9.140007
39,31,-55.000000,-95.000000,9.109623
40,31,-50.000000,-95.000000,9.079300
41,31,-45.000000,-95.000000,9.049554
42,31,-40.000000,-95.000000,9.019921
43,31,-35.000000,-95.000000,8.990645
44,31,-30.000000,-95.000000,8.961369
45,31,-25.000000,-95.000000,8.932093
46,31,-20.000000,-95.000000,8.903298
47,31,-15.000000,-95.000000,8.874926
48,31,-10.000000,-95.000000,8.847108
49,31,-5.000000,-95.000000,8.819554
50,31,0.000000,-95.000000,8.791999
51,31,5.000000,-95.000000,8.764445
52,31,10.000000,-95.000000,8.737894
53,31,15.000000,-95.000000,8.711505
54,31,20.000000,-95.000000,8.686136
55,31,25.000000,-95.000000,8.660767
56,31,30.000000,-95.000000,8.635397
57,31,35.000000,-95.000000,8.610248
58,31,40.000000,-95.000000,8.585424
59,31,45.000000,-95.000000,8.561008
60,31,50.000000,-95.000000,8.536926
61,31,55.000000,-95.000000,8.512845
62,31,60.000000,-95.000000,8.488763
63,31,65.000000,-95.000000,8.464622
64,31,70.000000,-95.000000,8.440469
65,31,75.000000,-95.000000,8.416198
66,31,80.000000,-95.000000,8.391925
67,31,85.000000,-95.000000,8.367652
68,31,90.000000,-95.000000,8.343333
69,31,95.000000,-95.000000,8.318893
70,31,100.000000,-95.000000,8.294303
71,31,105.000000,-95.000000,8.269509
72,31,110.000000,-95.000000,8.244715
73,31,115.000000,-95.000000,8.219921
74,31,120.000000,-95.000000,8.195242
75,31,125.000000,-95.000000,8.170609
76,31,130.000000,-95.000000,8.146349
77,31,135.000000,-95.000000,8.122150
78,31,140.000000,-95.000000,8.097951
79,31,145.000000,-95.000000,8.073800
80,31,150.000000,-95.000000,8.049918
81,31,155.000000,-95.000000,8.026366
82,31,160.000000,-95.000000,8.003608
83,31,165.000000,-95.000000,7.980850
84,31,170.000000,-95.000000,7.958092
85,31,175.000000,-95.000000,7.935370
86,31,180.000000,-95.000000,7.912673
87,31,185.000000,-95.000000,7.890196
88,31,190.000000,-95.000000,7.867800
89,31,195.000000,-95.000000,7.845405
90,31,200.000000,-95.000000,7.823004
91,31,205.000000,-95.000000,7.800363
92,31,210.000000,-95.000000,7.777419
93,31,215.000000,-95.000000,7.752948
94,31,220.000000,-95.000000,7.728477
95,31,225.000000,-95.000000,7.704005
96,31,230.000000,-95.000000,7.679424
97,31,235.000000,-95.000000,7.654710
98,31,240.000000,-95.000000,7.628000
99,31,245.000000,-95.000000,7.599962
100,31,250.000000,-95.000000,7.571925
0,32,-250.000000,-90.000000,10.496810
1,32,-245.000000,-90.000000,10.465002
2,32,-240.000000,-90.000000,10.431502
3,32,-235.000000,-90.000000,10.397977
4,32,-230.000000,-90.000000,10.364348
5,32,-225.000000,-90.000000,10.330719
6,32,-220.000000,-90.000000,10.297091
7,32,-215.000000,-90.000000,10.261802
8,32,-210.000000,-90.000000,10.224710
9,32,-205.000000,-90.000000,10.187327
10,32,-200.000000,-90.000000,10.149769
11,32,-195.000000,-90.000000,10.112211
12,32,-190.000000,-90.000000,10.074653
13,32,-185.000000,-90.000000,10.035250
14,32,-180.000000,-90.000000,9.995650
15,32,-175.000000,-90.000000,9.955665
16,32,-170.000000,-90.000000,9.915679
17,32,-165.000000,-90.000000,9.875693
18,32,-160.000000,-90.000000,9.836030
19,32,-155.000000,-90.000000,9.796963
20,32,-150.000000,-90.000000,9.758025
21,32,-145.000000,-90.000000,9.719217
22,32,-140.000000,-90.000000,9.680410
23,32,-135.000000,-90.000000,9.641603
24,32,-130.000000,-90.000000,9.604858
25,32,-125.000000,-90.000000,9.568671
26,32,-120.000000,-90.000000,9.533392
27,32,-115.000000,-90.000000,9.498180
28,32,-110.000000,-90.000000,9.462967
29,32,-105.000000,-90.000000,9.428253
30,32,-100.000000,-90.000000,9.395273
31,32,-95.000000,-90.000000,9.362684
32,32,-90.000000,-90.000000,9.330765
33,32,-85.000000,-90.000000,9.298846
34,32,-80.000000,-90.000000,9.266926
35,32,-75.000000,-90.000000,9.235702
36,32,-70.000000,-90.000000,9.204837
37,32,-65.000000,-90.000000,9.174477
38,32,-60.000000,-90.000000,9.144239
39,32,-55.000000,-90.000000,9.114001
40,32,-50.000000,-90.000000,9.083817
41,32,-45.000000,-90.000000,9.054145
42,32,-40.000000,-90.000000,9.024573
43,32,-35.000000,-90.000000,8.995318
44,32,-30.000000,-90.000000,8.966062
45,32,-25.000000,-90.000000,8.936806
46,32,-20.000000,-90.000000,8.908006
47,32,-15.000000,-90.000000,8.879608
48,32,-10.000000,-90.000000,8.851734
49,32,-5.000000,-90.000000,8.824110
50,32,0.000000,-90.000000,8.796487
51,32,5.000000,-90.000000,8.768863
52,32,10.000000,-90.000000,8.742226
53,32,15.000000,-90.000000,8.715750
54,32,20.000000,-90.000000,8.690276
55,32,25.000000,-90.000000,8.664802
56,32,30.000000,-90.000000,8.639328
57,32,35.000000,-90.000000,8.614080
58,32,40.000000,-90.000000,8.589169
59,32,45.000000,-90.000000,8.564677
60,32,50.000000,-90.000000,8.540530
61,32,55.000000,-90.000000,8.516384
62,32,60.000000,-90.000000,8.492237
63,32,65.000000,-90.000000,8.468056
64,32,70.000000,-90.000000,8.443868
65,32,75.000000,-90.000000,8.419613
66,32,80.000000,-90.000000,8.395356
67,32,85.000000,-90.000000,8.371099
68,32,90.000000,-90.000000,8.346799
69,32,95.000000,-90.000000,8.322386
70,32,100.000000,-90.000000,8.297836
71,32,105.000000,-90.000000,8.273096
72,32,110.000000,-90.000000,8.248355
73,32,115.000000,-90.000000,8.223615
74,32,120.000000,-90.000000,8.198980
75,32,125.000000,-90.000000,8.174388
76,32,130.000000,-90.000000,8.150136
77,32,135.000000,-90.000000,8.125941
78,32,140.000000,-90.000000,8.101745
79,32,145.000000,-90.000000,8.077595
80,32,150.000000,-90.000000,8.053701
81,32,155.000000,-90.000000,8.030118
82,32,160.000000,-90.000000,8.007290
83,32,165.000000,-90.000000,7.984461
84,32,170.000000,-90.000000,7.961632
85,32,175.000000,-90.000000,7.938841
86,32,180.000000,-90.000000,7.916077
87,32,185.000000,-90.000000,7.893545
88,32,190.000000,-90.000000,7.871100
89,32,195.000000,-90.000000,7.848654
90,32,200.000000,-90.000000,7.826204
91,32,205.000000,-90.000000,7.803530
92,32,210.000000,-90.000000,7.780578
93,32,215.000000,-90.000000,7.756212
94,32,220.000000,-90.000000,7.731846
95,32,225.000000,-90.000000,7.707480
96,32,230.000000,-90.000000,7.683010
97,32,235.000000,-90.000000,7.658416
98,32,240.000000,-90.000000,7.631937
99,32,245.000000,-90.000000,7.604205
100,32,250.000000,-90.000000,7.576473
0,33,-250.000000,-85.000000,10.482946
1,33,-245.000000,-85.000000,10.451296
2,33,-240.000000,-85.000000,10.418101
3,33,-235.000000,-85.000000,10.384884
4,33,-230.000000,-85.000000,10.351571
5,33,-225.000000,-85.000000,10.318258
6,33,-220.000000,-85.000000,10.284945
7,33,-215.000000,-85.000000,10.250070
8,33,-210.000000,-85.000000,10.213499
9,33,-205.000000,-85.000000,10.176653
10,33,-200.000000,-85.000000,10.139642
11,33,-195.000000,-85.000000,10.102632
12,33,-190.000000,-85.000000,10.065621
13,33,-185.000000,-85.000000,10.026880
14,33,-180.000000,-85.000000,9.987955
15,33,-175.000000,-85.000000,9.948668
16,33,-170.000000,-85.000000,9.909381
17,33,-165.000000,-85.000000,9.870094
18,33,-160.000000,-85.000000,9.831125
19,33,-155.000000,-85.000000,9.792743
20,33,-150.000000,-85.000000,9.754489
21,33,-145.000000,-85.000000,9.716364
22,33,-140.000000,-85.000000,9.678238
23,33,-135.000000,-85.000000,9.640113
24,33,-130.000000,-85.000000,9.603960
25,33,-125.000000,-85.000000,9.568339
26,33,-120.000000,-85.000000,9.533589
27,33,-115.000000,-85.000000,9.498901
28,33,-110.000000,-85.000000,9.464213
29,33,-105.000000,-85.000000,9.429992
30,33,-100.000000,-85.000000,9.397395
31,33,-95.000000,-85.000000,9.365164
32,33,-90.000000,-85.000000,9.333561
33,33,-85.000000,-85.000000,9.301957
34,33,-80.000000,-85.000000,9.270354
35,33,-75.000000,-85.000000,9.239368
36,33,-70.000000,-85.000000,9.208701
37,33,-65.000000,-85.000000,9.178482
38,33,-60.000000,-85.000000,9.148372
39,33,-55.000000,-85.000000,9.118262
40,33,-50.000000,-85.000000,9.088198
41,33,-45.000000,-85.000000,9.058572
42,33,-40.000000,-85.000000,9.029031
43,33,-35.000000,-85.000000,8.999761
44,33,-30.000000,-85.000000,8.970490
45,33,-25.000000,-85.000000,8.941220
46,33,-20.000000,-85.000000,8.912380
47,33,-15.000000,-85.000000,8.883918
48,33,-10.000000,-85.000000,8.855952
49,33,-5.000000,-85.000000,8.828221
50,33,0.000000,-85.000000,8.800491
51,33,5.000000,-85.000000,8.772761
52,33,10.000000,-85.000000,8.746005
53,33,15.000000,-85.000000,8.719409
54,33,20.000000,-85.000000,8.693802
55,33,25.000000,-85.000000,8.668195
56,33,30.000000,-85.000000,8.642589
57,33,35.000000,-85.000000,8.617217
58,33,40.000000,-85.000000,8.592194
59,33,45.000000,-85.000000,8.567607
60,33,50.000000,-85.000000,8.543378
61,33,55.000000,-85.000000,8.519149
62,33,60.000000,-85.000000,8.494919
63,33,65.000000,-85.000000,8.470682
64,33,70.000000,-85.000000,8.446442
65,33,75.000000,-85.000000,8.422186
66,33,80.000000,-85.000000,8.397930
67,33,85.000000,-85.000000,8.373673
68,33,90.000000,-85.000000,8.349377
69,33,95.000000,-85.000000,8.324976
70,33,100.000000,-85.000000,8.300447
71,33,105.000000,-85.000000,8.275742
72,33,110.000000,-85.000000,8.251036
73,33,115.000000,-85.000000,8.226331
74,33,120.000000,-85.000000,8.201721
75,33,125.000000,-85.000000,8.177149
76,33,130.000000,-85.000000,8.152885
77,33,135.000000,-85.000000,8.128674
78,33,140.000000,-85.000000,8.104462
79,33,145.000000,-85.000000,8.080292
80,33,150.000000,-85.000000,8.056366
81,33,155.000000,-85.000000,8.032737
82,33,160.000000,-85.000000,8.009823
83,33,165.000000,-85.000000,7.986910
84,33,170.000000,-85.000000,7.963997
85,33,175.000000,-85.000000,7.941125
86,33,180.000000,-85.000000,7.918282
87,33,185.000000,-85.000000,7.895691
88,33,190.000000,-85.000000,7.873193
89,33,195.000000,-85.000000,7.850695
90,33,200.000000,-85.000000,7.828193
91,33,205.000000,-85.000000,7.805487
92,33,210.000000,-85.000000,7.782526
93,33,215.000000,-85.000000,7.758274
94,33,220.000000,-85.000000,7.734022
95,33,225.000000,-85.000000,7.709771
96,33,230.000000,-85.000000,7.685421
97,33,235.000000,-85.000000,7.660955
98,33,240.000000,-85.000000,7.634719
99,33,245.000000,-85.000000,7.607308
100,33,250.000000,-85.000000,7.579896
0,34,-250.000000,-80.000000,10.469263
1,34,-245.000000,-80.000000,10.437761
2,34,-240.000000,-80.000000,10.404863
3,34,-235.000000,-80.000000,10.371945
4,34,-230.000000,-80.000000,10.338941
5,34,-225.000000,-80.000000,10.305937
6,34,-220.000000,-80.000000,10.272933
7,34,-215.000000,-80.000000,10.238463
8,34,-210.000000,-80.000000,10.202400
9,34,-205.000000,-80.000000,10.166080
10,34,-200.000000,-80.000000,10.129605
11,34,-195.000000,-80.000000,10.093130
12,34,-190.000000,-80.000000,10.056656
13,34,-185.000000,-80.000000,10.018565
14,34,-180.000000,-80.000000,9.980303
15,34,-175.000000,-80.000000,9.941702
16,34,-170.000000,-80.000000,9.903102
17,34,-165.000000,-80.000000,9.864501
18,34,-160.000000,-80.000000,9.826216
19,34,-155.000000,-80.000000,9.788514
20,34,-150.000000,-80.000000,9.750938
21,34,-145.000000,-80.000000,9.713489
22,34,-140.000000,-80.000000,9.676041
23,34,-135.000000,-80.000000,9.638592
24,34,-130.000000,-80.000000,9.603030
25,34,-125.000000,-80.000000,9.567977
26,34,-120.000000,-80.000000,9.533755
27,34,-115.000000,-80.000000,9.499593
28,34,-110.000000,-80.000000,9.465431
29,34,-105.000000,-80.000000,9.431705
30,34,-100.000000,-80.000000,9.399491
31,34,-95.000000,-80.000000,9.367619
32,34,-90.000000,-80.000000,9.336331
33,34,-85.000000,-80.000000,9.305043
34,34,-80.000000,-80.000000,9.273754
35,34,-75.000000,-80.000000,9.243001
36,34,-70.000000,-80.000000,9.212525
37,34,-65.000000,-80.000000,9.182436
38,34,-60.000000,-80.000000,9.152442
39,34,-55.000000,-80.000000,9.122448
40,34,-50.000000,-80.000000,9.092492
41,34,-45.000000,-80.000000,9.062893
42,34,-40.000000,-80.000000,9.033365
43,34,-35.000000,-80.000000,9.004057
44,34,-30.000000,-80.000000,8.974750
45,34,-25.000000,-80.000000,8.945442
46,34,-20.000000,-80.000000,8.916539
47,34,-15.000000,-80.000000,8.887991
48,34,-10.000000,-80.000000,8.859908
49,34,-5.000000,-80.000000,8.832047
50,34,0.000000,-80.000000,8.804186
51,34,5.000000,-80.000000,8.776325
52,34,10.000000,-80.000000,8.749429
53,34,15.000000,-80.000000,8.722692
54,34,20.000000,-80.000000,8.696935
55,34,25.000000,-80.000000,8.671178
56,34,30.000000,-80.000000,8.645421
57,34,35.000000,-80.000000,8.619909
58,34,40.000000,-80.000000,8.594760
59,34,45.000000,-80.000000,8.570064
60,34,50.000000,-80.000000,8.545741
61,34,55.000000,-80.000000,8.521418
62,34,60.000000,-80.000000,8.497095
63,34,65.000000,-80.000000,8.472789
64,34,70.000000,-80.000000,8.448488
65,34,75.000000,-80.000000,8.424222
66,34,80.000000,-80.000000,8.399956
67,34,85.000000,-80.000000,8.375690
68,34,90.000000,-80.000000,8.351388
69,34,95.000000,-80.000000,8.326988
70,34,100.000000,-80.000000,8.302469
71,34,105.000000,-80.000000,8.277786
72,34,110.000000,-80.000000,8.253103
73,34,115.000000,-80.000000,8.228420
74,34,120.000000,-80.000000,8.203822
75,34,125.000000,-80.000000,8.179259
76,34,130.000000,-80.000000,8.154971
77,34,135.000000,-80.000000,8.130730
78,34,140.000000,-80.000000,8.106488
79,34,145.000000,-80.000000,8.082286
80,34,150.000000,-80.000000,8.058317
81,34,155.000000,-80.000000,8.034629
82,34,160.000000,-80.000000,8.011623
83,34,165.000000,-80.000000,7.988616
84,34,170.000000,-80.000000,7.965610
85,34,175.000000,-80.000000,7.942648
86,34,180.000000,-80.000000,7.919719
87,34,185.000000,-80.000000,7.897065
88,34,190.000000,-80.000000,7.874513
89,34,195.000000,-80.000000,7.851962
90,34,200.000000,-80.000000,7.829407
91,34,205.000000,-80.000000,7.806668
92,34,210.000000,-80.000000,7.783700
93,34,215.000000,-80.000000,7.759568
94,34,220.000000,-80.000000,7.735435
95,34,225.000000,-80.000000,7.711303
96,34,230.000000,-80.000000,7.687080
97,34,235.000000,-80.000000,7.662748
98,34,240.000000,-80.000000,7.636764
99,34,245.000000,-80.000000,7.609682
100,34,250.000000,-80.000000,7.582600
0,35,-250.000000,-75.000000,10.455779
1,35,-245.000000,-75.000000,10.424415
2,35,-240.000000,-75.000000,10.391806
3,35,-235.000000,-75.000000,10.359179
4,35,-230.000000,-75.000000,10.326475
5,35,-225.000000,-75.000000,10.293772
6,35,-220.000000,-75.000000,10.261068
7,35,-215.000000,-75.000000,10.226992
8,35,-210.000000,-75.000000,10.191426
9,35,-205.000000,-75.000000,10.155619
10,35,-200.000000,-75.000000,10.119667
11,35,-195.000000,-75.000000,10.083716
12,35,-190.000000,-75.000000,10.047764
13,35,-185.000000,-75.000000,10.010310
14,35,-180.000000,-75.000000,9.972698
15,35,-175.000000,-75.000000,9.934771
16,35,-170.000000,-75.000000,9.896844
17,35,-165.000000,-75.000000,9.858916
18,35,-160.000000,-75.000000,9.821304
19,35,-155.000000,-75.000000,9.784274
20,35,-150.000000,-75.000000,9.747369
21,35,-145.000000,-75.000000,9.710592
22,35,-140.000000,-75.000000,9.673815
23,35,-135.000000,-75.000000,9.637037
24,35,-130.000000,-75.000000,9.602064
25,35,-125.000000,-75.000000,9.567578
26,35,-120.000000,-75.000000,9.533888
27,35,-115.000000,-75.000000,9.500254
28,35,-110.000000,-75.000000,9.466621
29,35,-105.000000,-75.000000,9.433391
30,35,-100.000000,-75.000000,9.401560
31,35,-95.000000,-75.000000,9.370046
32,35,-90.000000,-75.000000,9.339073
33,35,-85.000000,-75.000000,9.308099
34,35,-80.000000,-75.000000,9.277125
35,35,-75.000000,-75.000000,9.246599
36,35,-70.000000,-75.000000,9.216304
37,35,-65.000000,-75.000000,9.186334
38,35,-60.000000,-75.000000,9.156443
39,35,-55.000000,-75.000000,9.126552
40,35,-50.000000,-75.000000,9.096689
41,35,-45.000000,-75.000000,9.067099
42,35,-40.000000,-75.000000,9.037561
43,35,-35.000000,-75.000000,9.008192
44,35,-30.000000,-75.000000,8.978822
45,35,-25.000000,-75.000000,8.949452
46,35,-20.000000,-75.000000,8.920460
47,35,-15.000000,-75.000000,8.891800
48,35,-10.000000,-75.000000,8.863575
49,35,-5.000000,-75.000000,8.835556
50,35,0.000000,-75.000000,8.807537
51,35,5.000000,-75.000000,8.779519
52,35,10.000000,-75.000000,8.752460
53,35,15.000000,-75.000000,8.725558
54,35,20.000000,-75.000000,8.699632
55,35,25.000000,-75.000000,8.673705
56,35,30.000000,-75.000000,8.647778
57,35,35.000000,-75.000000,8.622107
58,35,40.000000,-75.000000,8.596814
59,35,45.000000,-75.000000,8.571996
60,35,50.000000,-75.000000,8.547566
61,35,55.000000,-75.000000,8.523137
62,35,60.000000,-75.000000,8.498707
63,35,65.000000,-75.000000,8.474323
64,35,70.000000,-75.000000,8.449947
65,35,75.000000,-75.000000,8.425660
66,35,80.000000,-75.000000,8.401374
67,35,85.000000,-75.000000,8.377088
68,35,90.000000,-75.000000,8.352768
69,35,95.000000,-75.000000,8.328358
70,35,100.000000,-75.000000,8.303836
71,35,105.000000,-75.000000,8.279162
72,35,110.000000,-75.000000,8.254488
73,35,115.000000,-75.000000,8.229815
74,35,120.000000,-75.000000,8.205216
75,35,125.000000,-75.000000,8.180647
76,35,130.000000,-75.000000,8.156321
77,35,135.000000,-75.000000,8.132035
78,35,140.000000,-75.000000,8.107749
79,35,145.000000,-75.000000,8.083501
80,35,150.000000,-75.000000,8.059474
81,35,155.000000,-75.000000,8.035716
82,35,160.000000,-75.000000,8.012607
83,35,165.000000,-75.000000,7.989497
84,35,170.000000,-75.000000,7.966388
85,35,175.000000,-75.000000,7.943328
86,35,180.000000,-75.000000,7.920303
87,35,185.000000,-75.000000,7.897584
88,35,190.000000,-75.000000,7.874977
89,35,195.000000,-75.000000,7.852371
90,35,200.000000,-75.000000,7.829762
91,35,205.000000,-75.000000,7.806989
92,35,210.000000,-75.000000,7.784014
93,35,215.000000,-75.000000,7.760008
94,35,220.000000,-75.000000,7.736001
95,35,225.000000,-75.000000,7.711995
96,35,230.000000,-75.000000,7.687905
97,35,235.000000,-75.000000,7.663713
98,35,240.000000,-75.000000,7.637990
99,35,245.000000,-75.000000,7.611248
100,35,250.000000,-75.000000,7.584506
0,36,-250.000000,-70.000000,10.442315
1,36,-245.000000,-70.000000,10.411087
2,36,-240.000000,-70.000000,10.378766
3,36,-235.000000,-70.000000,10.346429
4,36,-230.000000,-70.000000,10.314025
5,36,-225.000000,-70.000000,10.281621
6,36,-220.000000,-70.000000,10.249218
7,36,-215.000000,-70.000000,10.215535
8,36,-210.000000,-70.000000,10.180464
9,36,-205.000000,-70.000000,10.145169
10,36,-200.000000,-70.000000,10.109739
11,36,-195.000000,-70.000000,10.074309
12,36,-190.000000,-70.000000,10.038879
13,36,-185.000000,-70.000000,10.002062
14,36,-180.000000,-70.000000,9.965097
15,36,-175.000000,-70.000000,9.927842
16,36,-170.000000,-70.000000,9.890587
17,36,-165.000000,-70.000000,9.853332
18,36,-160.000000,-70.000000,9.816392
19,36,-155.000000,-70.000000,9.780033
20,36,-150.000000,-70.000000,9.743799
21,36,-145.000000,-70.000000,9.707692
22,36,-140.000000,-70.000000,9.671586
23,36,-135.000000,-70.000000,9.635480
24,36,-130.000000,-70.000000,9.601096
25,36,-125.000000,-70.000000,9.567177
26,36,-120.000000,-70.000000,9.534017
27,36,-115.000000,-70.000000,9.500913
28,36,-110.000000,-70.000000,9.467808
29,36,-105.000000,-70.000000,9.435073
30,36,-100.000000,-70.000000,9.403627
31,36,-95.000000,-70.000000,9.372470
32,36,-90.000000,-70.000000,9.341811
33,36,-85.000000,-70.000000,9.311152
34,36,-80.000000,-70.000000,9.280493
35,36,-75.000000,-70.000000,9.250194
36,36,-70.000000,-70.000000,9.220080
37,36,-65.000000,-70.000000,9.190227
38,36,-60.000000,-70.000000,9.160437
39,36,-55.000000,-70.000000,9.130647
40,36,-50.000000,-70.000000,9.100877
41,36,-45.000000,-70.000000,9.071292
42,36,-40.000000,-70.000000,9.041744
43,36,-35.000000,-70.000000,9.012310
44,36,-30.000000,-70.000000,8.982876
45,36,-25.000000,-70.000000,8.953442
46,36,-20.000000,-70.000000,8.924359
47,36,-15.000000,-70.000000,8.895584
48,36,-10.000000,-70.000000,8.867213
49,36,-5.000000,-70.000000,8.839034
50,36,0.000000,-70.000000,8.810856
51,36,5.000000,-70.000000,8.782677
52,36,10.000000,-70.000000,8.755453
53,36,15.000000,-70.000000,8.728385
54,36,20.000000,-70.000000,8.702286
55,36,25.000000,-70.000000,8.676187
56,36,30.000000,-70.000000,8.650088
57,36,35.000000,-70.000000,8.624257
58,36,40.000000,-70.000000,8.598820
59,36,45.000000,-70.000000,8.573877
60,36,50.000000,-70.000000,8.549340
61,36,55.000000,-70.000000,8.524803
62,36,60.000000,-70.000000,8.500266
63,36,65.000000,-70.000000,8.475801
64,36,70.000000,-70.000000,8.451350
65,36,75.000000,-70.000000,8.427040
66,36,80.000000,-70.000000,8.402733
67,36,85.000000,-70.000000,8.378426
68,36,90.000000,-70.000000,8.354088
69,36,95.000000,-70.000000,8.329665
70,36,100.000000,-70.000000,8.305140
71,36,105.000000,-70.000000,8.280474
72,36,110.000000,-70.000000,8.255808
73,36,115.000000,-70.000000,8.231142
74,36,120.000000,-70.000000,8.206540
75,36,125.000000,-70.000000,8.181965
76,36,130.000000,-70.000000,8.157598
77,36,135.000000,-70.000000,8.133267
78,36,140.000000,-70.000000,8.108935
79,36,145.000000,-70.000000,8.084640
80,36,150.000000,-70.000000,8.060555
81,36,155.000000,-70.000000,8.036725
82,36,160.000000,-70.000000,8.013512
83,36,165.000000,-70.000000,7.990298
84,36,170.000000,-70.000000,7.967084
85,36,175.000000,-70.000000,7.943925
86,36,180.000000,-70.000000,7.920805
87,36,185.000000,-70.000000,7.898020
88,36,190.000000,-70.000000,7.875358
89,36,195.000000,-70.000000,7.852697
90,36,200.000000,-70.000000,7.830033
91,36,205.000000,-70.000000,7.807227
92,36,210.000000,-70.000000,7.784244
93,36,215.000000,-70.000000,7.760365
94,36,220.000000,-70.000000,7.736485
95,36,225.000000,-70.000000,7.712606
96,36,230.000000,-70.000000,7.688648
97,36,235.000000,-70.000000,7.664598
98,36,240.000000,-70.000000,7.639136
99,36,245.000000,-70.000000,7.612735
100,36,250.000000,-70.000000,7.586335
0,37,-250.000000,-65.000000,10.428851
1,37,-245.000000,-65.000000,10.397759
2,37,-240.000000,-65.000000,10.365726
3,37,-235.000000,-65.000000,10.333680
4,37,-230.000000,-65.000000,10.301576
5,37,-225.000000,-65.000000,10.269471
6,37,-220.000000,-65.000000,10.237367
7,37,-215.000000,-65.000000,10.204078
8,37,-210.000000,-65.000000,10.169502
9,37,-205.000000,-65.000000,10.134719
10,37,-200.000000,-65.000000,10.099811
11,37,-195.000000,-65.000000,10.064903
12,37,-190.000000,-65.000000,10.029995
13,37,-185.000000,-65.000000,9.993813
14,37,-180.000000,-65.000000,9.957497
15,37,-175.000000,-65.000000,9.920914
16,37,-170.000000,-65.000000,9.884331
17,37,-165.000000,-65.000000,9.847748
18,37,-160.000000,-65.000000,9.811480
19,37,-155.000000,-65.000000,9.775791
20,37,-150.000000,-65.000000,9.740229
21,37,-145.000000,-65.000000,9.704793
22,37,-140.000000,-65.000000,9.669357
23,37,-135.000000,-65.000000,9.633922
24,37,-130.000000,-65.000000,9.600127
25,37,-125.000000,-65.000000,9.566775
26,37,-120.000000,-65.000000,9.534147
27,37,-115.000000,-65.000000,9.501571
28,37,-110.000000,-65.000000,9.468994
29,37,-105.000000,-65.000000,9.436756
30,37,-100.000000,-65.000000,9.405693
31,37,-95.000000,-65.000000,9.374895
32,37,-90.000000,-65.000000,9.344550
33,37,-85.000000,-65.000000,9.314206
34,37,-80.000000,-65.000000,9.283861
35,37,-75.000000,-65.000000,9.253788
36,37,-70.000000,-65.000000,9.223855
37,37,-65.000000,-65.000000,9.194119
38,37,-60.000000,-65.000000,9.164431
39,37,-55.000000,-65.000000,9.134743
40,37,-50.000000,-65.000000,9.105065
41,37,-45.000000,-65.000000,9.075486
42,37,-40.000000,-65.000000,9.045927
43,37,-35.000000,-65.000000,9.016428
44,37,-30.000000,-65.000000,8.986930
45,37,-25.000000,-65.000000,8.957431
46,37,-20.000000,-65.000000,8.928257
47,37,-15.000000,-65.000000,8.899368
48,37,-10.000000,-65.000000,8.870851
49,37,-5.000000,-65.000000,8.842513
50,37,0.000000,-65.000000,8.814174
51,37,5.000000,-65.000000,8.785835
52,37,10.000000,-65.000000,8.758446
53,37,15.000000,-65.000000,8.731211
54,37,20.000000,-65.000000,8.704940
55,37,25.000000,-65.000000,8.678670
56,37,30.000000,-65.000000,8.652399
57,37,35.000000,-65.000000,8.626406
58,37,40.000000,-65.000000,8.600825
59,37,45.000000,-65.000000,8.575757
60,37,50.000000,-65.000000,8.551113
61,37,55.000000,-65.000000,8.526468
62,37,60.000000,-65.000000,8.501824
63,37,65.000000,-65.000000,8.477279
64,37,70.000000,-65.000000,8.452752
65,37,75.000000,-65.000000,8.428421
66,37,80.000000,-65.000000,8.404093
67,37,85.000000,-65.000000,8.379764
68,37,90.000000,-65.000000,8.355407
69,37,95.000000,-65.000000,8.330972
70,37,100.000000,-65.000000,8.306444
71,37,105.000000,-65.000000,8.281785
72,37,110.000000,-65.000000,8.257127
73,37,115.000000,-65.000000,8.232469
74,37,120.000000,-65.000000,8.207864
75,37,125.000000,-65.000000,8.183282
76,37,130.000000,-65.000000,8.158876
77,37,135.000000,-65.000000,8.134499
78,37,140.000000,-65.000000,8.110122
79,37,145.000000,-65.000000,8.085779
80,37,150.000000,-65.000000,8.061636
81,37,155.000000,-65.000000,8.037734
82,37,160.000000,-65.000000,8.014416
83,37,165.000000,-65.000000,7.991099
84,37,170.000000,-65.000000,7.967781
85,37,175.000000,-65.000000,7.944523
86,37,180.000000,-65.000000,7.921307
87,37,185.000000,-65.000000,7.898456
88,37,190.000000,-65.000000,7.875739
89,37,195.000000,-65.000000,7.853023
90,37,200.000000,-65.000000,7.830304
91,37,205.000000,-65.000000,7.807465
92,37,210.000000,-65.000000,7.784475
93,37,215.000000,-65.000000,7.760722
94,37,220.000000,-65.000000,7.736969
95,37,225.000000,-65.000000,7.713216
96,37,230.000000,-65.000000,7.689392
97,37,235.000000,-65.000000,7.665482
98,37,240.000000,-65.000000,7.640282
99,37,245.000000,-65.000000,7.614222
100,37,250.000000,-65.000000,7.588163
0,38,-250.000000,-60.000000,10.416269
1,38,-245.000000,-60.000000,10.385318
2,38,-240.000000,-60.000000,10.353564
3,38,-235.000000,-60.000000,10.321800
4,38,-230.000000,-60.000000,10.289986
5,38,-225.000000,-60.000000,10.258172
6,38,-220.000000,-60.000000,10.226358
7,38,-215.000000,-60.000000,10.193442
8,38,-210.000000,-60.000000,10.159330
9,38,-205.000000,-60.000000,10.125025
10,38,-200.000000,-60.000000,10.090603
11,38,-195.000000,-60.000000,10.056182
12,38,-190.000000,-60.000000,10.021761
13,38,-185.000000,-60.000000,9.986169
14,38,-180.000000,-60.000000,9.950454
15,38,-175.000000,-60.000000,9.914494
16,38,-170.000000,-60.000000,9.878534
17,38,-165.000000,-60.000000,9.842574
18,38,-160.000000,-60.000000,9.806930
19,38,-155.000000,-60.000000,9.771869
20,38,-150.000000,-60.000000,9.736935
21,38,-145.000000,-60.000000,9.702128
22,38,-140.000000,-60.000000,9.667321
23,38,-135.000000,-60.000000,9.632514
24,38,-130.000000,-60.000000,9.599277
25,38,-125.000000,-60.000000,9.566464
26,38,-120.000000,-60.000000,9.534343
27,38,-115.000000,-60.000000,9.502272
28,38,-110.000000,-60.000000,9.470201
29,38,-105.000000,-60.000000,9.438438
30,38,-100.000000,-60.000000,9.407744
31,38,-95.000000,-60.000000,9.377291
32,38,-90.000000,-60.000000,9.347251
33,38,-85.000000,-60.000000,9.317212
34,38,-80.000000,-60.000000,9.287172
35,38,-75.000000,-60.000000,9.257317
36,38,-70.000000,-60.000000,9.227557
37,38,-65.000000,-60.000000,9.197932
38,38,-60.000000,-60.000000,9.168339
39,38,-55.000000,-60.000000,9.138746
40,38,-50.000000,-60.000000,9.109154
41,38,-45.000000,-60.000000,9.079575
42,38,-40.000000,-60.000000,9.049999
43,38,-35.000000,-60.000000,9.020431
44,38,-30.000000,-60.000000,8.990862
45,38,-25.000000,-60.000000,8.961294
46,38,-20.000000,-60.000000,8.932024
47,38,-15.000000,-60.000000,8.903018
48,38,-10.000000,-60.000000,8.874355
49,38,-5.000000,-60.000000,8.845856
50,38,0.000000,-60.000000,8.817357
51,38,5.000000,-60.000000,8.788858
52,38,10.000000,-60.000000,8.761307
53,38,15.000000,-60.000000,8.733910
54,38,20.000000,-60.000000,8.707475
55,38,25.000000,-60.000000,8.681039
56,38,30.000000,-60.000000,8.654604
57,38,35.000000,-60.000000,8.628458
58,38,40.000000,-60.000000,8.602740
59,38,45.000000,-60.000000,8.577556
60,38,50.000000,-60.000000,8.552813
61,38,55.000000,-60.000000,8.528069
62,38,60.000000,-60.000000,8.503325
63,38,65.000000,-60.000000,8.478705
64,38,70.000000,-60.000000,8.454109
65,38,75.000000,-60.000000,8.429756
66,38,80.000000,-60.000000,8.405408
67,38,85.000000,-60.000000,8.381059
68,38,90.000000,-60.000000,8.356683
69,38,95.000000,-60.000000,8.332236
70,38,100.000000,-60.000000,8.307700
71,38,105.000000,-60.000000,8.283043
72,38,110.000000,-60.000000,8.258386
73,38,115.000000,-60.000000,8.233730
74,38,120.000000,-60.000000,8.209117
75,38,125.000000,-60.000000,8.184523
76,38,130.000000,-60.000000,8.160073
77,38,135.000000,-60.000000,8.135647
78,38,140.000000,-60.000000,8.111221
79,38,145.000000,-60.000000,8.086828
80,38,150.000000,-60.000000,8.062624
81,38,155.000000,-60.000000,8.038651
82,38,160.000000,-60.000000,8.015235
83,38,165.000000,-60.000000,7.991820
84,38,170.000000,-60.000000,7.968404
85,38,175.000000,-60.000000,7.945052
86,38,180.000000,-60.000000,7.921747
87,38,185.000000,-60.000000,7.898838
88,38,190.000000,-60.000000,7.876076
89,38,195.000000,-60.000000,7.853314
90,38,200.000000,-60.000000,7.830550
91,38,205.000000,-60.000000,7.807685
92,38,210.000000,-60.000000,7.784695
93,38,215.000000,-60.000000,7.761068
94,38,220.000000,-60.000000,7.737441
95,38,225.000000,-60.000000,7.713814
96,38,230.000000,-60.000000,7.690122
97,38,235.000000,-60.000000,7.666352
98,38,240.000000,-60.000000,7.641401
99,38,245.000000,-60.000000,7.615665
100,38,250.000000,-60.000000,7.589929
0,39,-250.000000,-55.000000,10.404517
1,39,-245.000000,-55.000000,10.373710
2,39,-240.000000,-55.000000,10.342229
3,39,-235.000000,-55.000000,10.310738
4,39,-230.000000,-55.000000,10.279206
5,39,-225.000000,-55.000000,10.247673
6,39,-220.000000,-55.000000,10.216141
7,39,-215.000000,-55.000000,10.183580
8,39,-210.000000,-55.000000,10.149901
9,39,-205.000000,-55.000000,10.116042
10,39,-200.000000,-55.000000,10.082075
11,39,-195.000000,-55.000000,10.048107
12,39,-190.000000,-55.000000,10.014140
13,39,-185.000000,-55.000000,9.979096
14,39,-180.000000,-55.000000,9.943937
15,39,-175.000000,-55.000000,9.908554
16,39,-170.000000,-55.000000,9.873170
17,39,-165.000000,-55.000000,9.837786
18,39,-160.000000,-55.000000,9.802722
19,39,-155.000000,-55.000000,9.768247
20,39,-150.000000,-55.000000,9.733901
21,39,-145.000000,-55.000000,9.699683
22,39,-140.000000,-55.000000,9.665465
23,39,-135.000000,-55.000000,9.631248
24,39,-130.000000,-55.000000,9.598539
25,39,-125.000000,-55.000000,9.566238
26,39,-120.000000,-55.000000,9.534602
27,39,-115.000000,-55.000000,9.503014
28,39,-110.000000,-55.000000,9.471426
29,39,-105.000000,-55.000000,9.440118
30,39,-100.000000,-55.000000,9.409780
31,39,-95.000000,-55.000000,9.379661
32,39,-90.000000,-55.000000,9.349917
33,39,-85.000000,-55.000000,9.320173
34,39,-80.000000,-55.000000,9.290429
35,39,-75.000000,-55.000000,9.260784
36,39,-70.000000,-55.000000,9.231191
37,39,-65.000000,-55.000000,9.201669
38,39,-60.000000,-55.000000,9.172165
39,39,-55.000000,-55.000000,9.142662
40,39,-50.000000,-55.000000,9.113150
41,39,-45.000000,-55.000000,9.083566
42,39,-40.000000,-55.000000,9.053967
43,39,-35.000000,-55.000000,9.024324
44,39,-30.000000,-55.000000,8.994680
45,39,-25.000000,-55.000000,8.965037
46,39,-20.000000,-55.000000,8.935668
47,39,-15.000000,-55.000000,8.906542
48,39,-10.000000,-55.000000,8.877732
49,39,-5.000000,-55.000000,8.849072
50,39,0.000000,-55.000000,8.820413
51,39,5.000000,-55.000000,8.791754
52,39,10.000000,-55.000000,8.764044
53,39,15.000000,-55.000000,8.736488
54,39,20.000000,-55.000000,8.709895
55,39,25.000000,-55.000000,8.683303
56,39,30.000000,-55.000000,8.656710
57,39,35.000000,-55.000000,8.630418
58,39,40.000000,-55.000000,8.604570
59,39,45.000000,-55.000000,8.579278
60,39,50.000000,-55.000000,8.554443
61,39,55.000000,-55.000000,8.529608
62,39,60.000000,-55.000000,8.504772
63,39,65.000000,-55.000000,8.480084
64,39,70.000000,-55.000000,8.455423
65,39,75.000000,-55.000000,8.431050
66,39,80.000000,-55.000000,8.406682
67,39,85.000000,-55.000000,8.382314
68,39,90.000000,-55.000000,8.357919
69,39,95.000000,-55.000000,8.333457
70,39,100.000000,-55.000000,8.308911
71,39,105.000000,-55.000000,8.284250
72,39,110.000000,-55.000000,8.259589
73,39,115.000000,-55.000000,8.234928
74,39,120.000000,-55.000000,8.210303
75,39,125.000000,-55.000000,8.185691
76,39,130.000000,-55.000000,8.161194
77,39,135.000000,-55.000000,8.136716
78,39,140.000000,-55.000000,8.112237
79,39,145.000000,-55.000000,8.087790
80,39,150.000000,-55.000000,8.063525
81,39,155.000000,-55.000000,8.039482
82,39,160.000000,-55.000000,8.015973
83,39,165.000000,-55.000000,7.992465
84,39,170.000000,-55.000000,7.968956
85,39,175.000000,-55.000000,7.945517
86,39,180.000000,-55.000000,7.922129
87,39,185.000000,-55.000000,7.899170
88,39,190.000000,-55.000000,7.876371
89,39,195.000000,-55.000000,7.853572
90,39,200.000000,-55.000000,7.830771
91,39,205.000000,-55.000000,7.807889
92,39,210.000000,-55.000000,7.784904
93,39,215.000000,-55.000000,7.761403
94,39,220.000000,-55.000000,7.737902
95,39,225.000000,-55.000000,7.714400
96,39,230.000000,-55.000000,7.690839
97,39,235.000000,-55.000000,7.667207
98,39,240.000000,-55.000000,7.642495
99,39,245.000000,-55.000000,7.617065
100,39,250.000000,-55.000000,7.591635
0,40,-250.000000,-50.000000,10.393596
1,40,-245.000000,-50.000000,10.362939
2,40,-240.000000,-50.000000,10.331722
3,40,-235.000000,-50.000000,10.300497
4,40,-230.000000,-50.000000,10.269237
5,40,-225.000000,-50.000000,10.237977
6,40,-220.000000,-50.000000,10.206718
7,40,-215.000000,-50.000000,10.174492
8,40,-210.000000,-50.000000,10.141217
9,40,-205.000000,-50.000000,10.107772
10,40,-200.000000,-50.000000,10.074225
11,40,-195.000000,-50.000000,10.040679
12,40,-190.000000,-50.000000,10.007132
13,40,-185.000000,-50.000000,9.972592
14,40,-180.000000,-50.000000,9.937946
15,40,-175.000000,-50.000000,9.903093
16,40,-170.000000,-50.000000,9.868239
17,40,-165.000000,-50.000000,9.833385
18,40,-160.000000,-50.000000,9.798856
19,40,-155.000000,-50.000000,9.764927
20,40,-150.000000,-50.000000,9.731127
21,40,-145.000000,-50.000000,9.697459
22,40,-140.000000,-50.000000,9.663791
23,40,-135.000000,-50.000000,9.630123
24,40,-130.000000,-50.000000,9.597913
25,40,-125.000000,-50.000000,9.566097
26,40,-120.000000,-50.000000,9.534924
27,40,-115.000000,-50.000000,9.503797
28,40,-110.000000,-50.000000,9.472670
29,40,-105.000000,-50.000000,9.441796
30,40,-100.000000,-50.000000,9.411801
31,40,-95.000000,-50.000000,9.382004
32,40,-90.000000,-50.000000,9.352547
33,40,-85.000000,-50.000000,9.323089
34,40,-80.000000,-50.000000,9.293631
35,40,-75.000000,-50.000000,9.264189
36,40,-70.000000,-50.000000,9.234755
37,40,-65.000000,-50.000000,9.205332
38,40,-60.000000,-50.000000,9.175911
39,40,-55.000000,-50.000000,9.146491
40,40,-50.000000,-50.000000,9.117053
41,40,-45.000000,-50.000000,9.087458
42,40,-40.000000,-50.000000,9.057831
43,40,-35.000000,-50.000000,9.028107
44,40,-30.000000,-50.000000,8.998383
45,40,-25.000000,-50.000000,8.968659
46,40,-20.000000,-50.000000,8.939188
47,40,-15.000000,-50.000000,8.909939
48,40,-10.000000,-50.000000,8.880981
49,40,-5.000000,-50.000000,8.852162
50,40,0.000000,-50.000000,8.823343
51,40,5.000000,-50.000000,8.794523
52,40,10.000000,-50.000000,8.766657
53,40,15.000000,-50.000000,8.738946
54,40,20.000000,-50.000000,8.712203
55,40,25.000000,-50.000000,8.685460
56,40,30.000000,-50.000000,8.658717
57,40,35.000000,-50.000000,8.632285
58,40,40.000000,-50.000000,8.606315
59,40,45.000000,-50.000000,8.580922
60,40,50.000000,-50.000000,8.556003
61,40,55.000000,-50.000000,8.531085
62,40,60.000000,-50.000000,8.506166
63,40,65.000000,-50.000000,8.481414
64,40,70.000000,-50.000000,8.456693
65,40,75.000000,-50.000000,8.432301
66,40,80.000000,-50.000000,8.407914
67,40,85.000000,-50.000000,8.383527
68,40,90.000000,-50.000000,8.359115
69,40,95.000000,-50.000000,8.334637
70,40,100.000000,-50.000000,8.310077
71,40,105.000000,-50.000000,8.285407
72,40,110.000000,-50.000000,8.260736
73,40,115.000000,-50.000000,8.236065
74,40,120.000000,-50.000000,8.211421
75,40,125.000000,-50.000000,8.186787
76,40,130.000000,-50.000000,8.162239
77,40,135.000000,-50.000000,8.137705
78,40,140.000000,-50.000000,8.113171
79,40,145.000000,-50.000000,8.088667
80,40,150.000000,-50.000000,8.064340
81,40,155.000000,-50.000000,8.040226
82,40,160.000000,-50.000000,8.016630
83,40,165.000000,-50.000000,7.993034
84,40,170.000000,-50.000000,7.969438
85,40,175.000000,-50.000000,7.945917
86,40,180.000000,-50.000000,7.922452
87,40,185.000000,-50.000000,7.899451
88,40,190.000000,-50.000000,7.876624
89,40,195.000000,-50.000000,7.853797
90,40,200.000000,-50.000000,7.830969
91,40,205.000000,-50.000000,7.808076
92,40,210.000000,-50.000000,7.785104
93,40,215.000000,-50.000000,7.761728
94,40,220.000000,-50.000000,7.738352
95,40,225.000000,-50.000000,7.714975
96,40,230.000000,-50.000000,7.691545
97,40,235.000000,-50.000000,7.668049
98,40,240.000000,-50.000000,7.643564
99,40,245.000000,-50.000000,7.618423
100,40,250.000000,-50.000000,7.593282
0,41,-250.000000,-45.000000,10.382862
1,41,-245.000000,-45.000000,10.352355
2,41,-240.000000,-45.000000,10.321400
3,41,-235.000000,-45.000000,10.290439
4,41,-230.000000,-45.000000,10.259450
5,41,-225.000000,-45.000000,10.228461
6,41,-220.000000,-45.000000,10.197473
7,41,-215.000000,-45.000000,10.165578
8,41,-210.000000,-45.000000,10.132699
9,41,-205.000000,-45.000000,10.099662
10,41,-200.000000,-45.000000,10.066529
11,41,-195.000000,-45.000000,10.033396
12,41,-190.000000,-45.000000,10.000263
13,41,-185.000000,-45.000000,9.966217
14,41,-180.000000,-45.000000,9.932073
15,41,-175.000000,-45.000000,9.897739
16,41,-170.000000,-45.000000,9.863405
17,41,-165.000000,-45.000000,9.829070
18,41,-160.000000,-45.000000,9.795067
19,41,-155.000000,-45.000000,9.761673
20,41,-150.000000,-45.000000,9.728412
21,41,-145.000000,-45.000000,9.695284
22,41,-140.000000,-45.000000,9.662157
23,41,-135.000000,-45.000000,9.629029
24,41,-130.000000,-45.000000,9.597312
25,41,-125.000000,-45.000000,9.565975
26,41,-120.000000,-45.000000,9.535260
27,41,-115.000000,-45.000000,9.504589
28,41,-110.000000,-45.000000,9.473918
29,41,-105.000000,-45.000000,9.443475
30,41,-100.000000,-45.000000,9.413819
31,41,-95.000000,-45.000000,9.384342
32,41,-90.000000,-45.000000,9.355168
33,41,-85.000000,-45.000000,9.325995
34,41,-80.000000,-45.000000,9.296822
35,41,-75.000000,-45.000000,9.267580
36,41,-70.000000,-45.000000,9.238304
37,41,-65.000000,-45.000000,9.208977
38,41,-60.000000,-45.000000,9.179638
39,41,-55.000000,-45.000000,9.150300
40,41,-50.000000,-45.000000,9.120936
41,41,-45.000000,-45.000000,9.091328
42,41,-40.000000,-45.000000,9.061672
43,41,-35.000000,-45.000000,9.031867
44,41,-30.000000,-45.000000,9.002061
45,41,-25.000000,-45.000000,8.972255
46,41,-20.000000,-45.000000,8.942680
47,41,-15.000000,-45.000000,8.913309
48,41,-10.000000,-45.000000,8.884202
49,41,-5.000000,-45.000000,8.855223
50,41,0.000000,-45.000000,8.826243
51,41,5.000000,-45.000000,8.797264
52,41,10.000000,-45.000000,8.769242
53,41,15.000000,-45.000000,8.741377
54,41,20.000000,-45.000000,8.714485
55,41,25.000000,-45.000000,8.687593
56,41,30.000000,-45.000000,8.660701
57,41,35.000000,-45.000000,8.634132
58,41,40.000000,-45.000000,8.608041
59,41,45.000000,-45.000000,8.582549
60,41,50.000000,-45.000000,8.557548
61,41,55.000000,-45.000000,8.532548
62,41,60.000000,-45.000000,8.507547
63,41,65.000000,-45.000000,8.482733
64,41,70.000000,-45.000000,8.457954
65,41,75.000000,-45.000000,8.433543
66,41,80.000000,-45.000000,8.409137
67,41,85.000000,-45.000000,8.384732
68,41,90.000000,-45.000000,8.360302
69,41,95.000000,-45.000000,8.335807
70,41,100.000000,-45.000000,8.311234
71,41,105.000000,-45.000000,8.286552
72,41,110.000000,-45.000000,8.261870
73,41,115.000000,-45.000000,8.237188
74,41,120.000000,-45.000000,8.212524
75,41,125.000000,-45.000000,8.187867
76,41,130.000000,-45.000000,8.163267
77,41,135.000000,-45.000000,8.138676
78,41,140.000000,-45.000000,8.114086
79,41,145.000000,-45.000000,8.089525
80,41,150.000000,-45.000000,8.065134
81,41,155.000000,-45.000000,8.040951
82,41,160.000000,-45.000000,8.017269
83,41,165.000000,-45.000000,7.993586
84,41,170.000000,-45.000000,7.969904
85,41,175.000000,-45.000000,7.946303
86,41,180.000000,-45.000000,7.922761
87,41,185.000000,-45.000000,7.899721
88,41,190.000000,-45.000000,7.876868
89,41,195.000000,-45.000000,7.854015
90,41,200.000000,-45.000000,7.831161
91,41,205.000000,-45.000000,7.808260
92,41,210.000000,-45.000000,7.785302
93,41,215.000000,-45.000000,7.762050
94,41,220.000000,-45.000000,7.738799
95,41,225.000000,-45.000000,7.715548
96,41,230.000000,-45.000000,7.692247
97,41,235.000000,-45.000000,7.668887
98,41,240.000000,-45.000000,7.644628
99,41,245.000000,-45.000000,7.619772
100,41,250.000000,-45.000000,7.594916
0,42,-250.000000,-40.000000,10.372128
1,42,-245.000000,-40.000000,10.341771
2,42,-240.000000,-40.000000,10.311078
3,42,-235.000000,-40.000000,10.280381
4,42,-230.000000,-40.000000,10.249663
5,42,-225.000000,-40.000000,10.218945
6,42,-220.000000,-40.000000,10.188227
7,42,-215.000000,-40.000000,10.156664
8,42,-210.000000,-40.000000,10.124182
9,42,-205.000000,-40.000000,10.091552
10,42,-200.000000,-40.000000,10.058832
11,42,-195.000000,-40.000000,10.026113
12,42,-190.000000,-40.000000,9.993393
13,42,-185.000000,-40.000000,9.959841
14,42,-180.000000,-40.000000,9.926201
15,42,-175.000000,-40.000000,9.892386
16,42,-170.000000,-40.000000,9.858571
17,42,-165.000000,-40.000000,9.824756
18,42,-160.000000,-40.000000,9.791277
19,42,-155.000000,-40.000000,9.758420
20,42,-150.000000,-40.000000,9.725697
21,42,-145.000000,-40.000000,9.693110
22,42,-140.000000,-40.000000,9.660523
23,42,-135.000000,-40.000000,9.627936
24,42,-130.000000,-40.000000,9.596711
25,42,-125.000000,-40.000000,9.565853
26,42,-120.000000,-40.000000,9.535595
27,42,-115.000000,-40.000000,9.505381
28,42,-110.000000,-40.000000,9.475167
29,42,-105.000000,-40.000000,9.445153
30,42,-100.000000,-40.000000,9.415837
31,42,-95.000000,-40.000000,9.386679
32,42,-90.000000,-40.000000,9.357790
33,42,-85.000000,-40.000000,9.328901
34,42,-80.000000,-40.000000,9.300013
35,42,-75.000000,-40.000000,9.270972
36,42,-70.000000,-40.000000,9.241852
37,42,-65.000000,-40.000000,9.212622
38,42,-60.000000,-40.000000,9.183366
39,42,-55.000000,-40.000000,9.154109
40,42,-50.000000,-40.000000,9.124818
41,42,-45.000000,-40.000000,9.095198
42,42,-40.000000,-40.000000,9.065513
43,42,-35.000000,-40.000000,9.035626
44,42,-30.000000,-40.000000,9.005739
45,42,-25.000000,-40.000000,8.975851
46,42,-20.000000,-40.000000,8.946172
47,42,-15.000000,-40.000000,8.916678
48,42,-10.000000,-40.000000,8.887423
49,42,-5.000000,-40.000000,8.858284
50,42,0.000000,-40.000000,8.829144
51,42,5.000000,-40.000000,8.800004
52,42,10.000000,-40.000000,8.771828
53,42,15.000000,-40.000000,8.743808
54,42,20.000000,-40.000000,8.716767
55,42,25.000000,-40.000000,8.689726
56,42,30.000000,-40.000000,8.662685
57,42,35.000000,-40.000000,8.635979
58,42,40.000000,-40.000000,8.609768
59,42,45.000000,-40.000000,8.584176
60,42,50.000000,-40.000000,8.559093
61,42,55.000000,-40.000000,8.534011
62,42,60.000000,-40.000000,8.508929
63,42,65.000000,-40.000000,8.484052
64,42,70.000000,-40.000000,8.459215
65,42,75.000000,-40.000000,8.434785
66,42,80.000000,-40.000000,8.410360
67,42,85.000000,-40.000000,8.385936
68,42,90.000000,-40.000000,8.361488
69,42,95.000000,-40.000000,8.336977
70,42,100.000000,-40.000000,8.312390
71,42,105.000000,-40.000000,8.287697
72,42,110.000000,-40.000000,8.263004
73,42,115.000000,-40.000000,8.238311
74,42,120.000000,-40.000000,8.213627
75,42,125.000000,-40.000000,8.188946
76,42,130.000000,-40.000000,8.164294
77,42,135.000000,-40.000000,8.139647
78,42,140.000000,-40.000000,8.115000
79,42,145.000000,-40.000000,8.090382
80,42,150.000000,-40.000000,8.065929
81,42,155.000000,-40.000000,8.041676
82,42,160.000000,-40.000000,8.017907
83,42,165.000000,-40.000000,7.994138
84,42,170.000000,-40.000000,7.970370
85,42,175.000000,-40.000000,7.946689
86,42,180.000000,-40.000000,7.923071
87,42,185.000000,-40.000000,7.899991
88,42,190.000000,-40.000000,7.877112
89,42,195.000000,-40.000000,7.854233
90,42,200.000000,-40.000000,7.831353
91,42,205.000000,-40.000000,7.808444
92,42,210.000000,-40.000000,7.785499
93,42,215.000000,-40.000000,7.762373
94,42,220.000000,-40.000000,7.739246
95,42,225.000000,-40.000000,7.716120
96,42,230.000000,-40.000000,7.692949
97,42,235.000000,-40.000000,7.669725
98,42,240.000000,-40.000000,7.645691
99,42,245.000000,-40.000000,7.621120
100,42,250.000000,-40.000000,7.596549
0,43,-250.000000,-35.000000,10.361695
1,43,-245.000000,-35.000000,10.331492
2,43,-240.000000,-35.000000,10.301054
3,43,-235.000000,-35.000000,10.270613
4,43,-230.000000,-35.000000,10.240158
5,43,-225.000000,-35.000000,10.209703
6,43,-220.000000,-35.000000,10.179248
7,43,-215.000000,-35.000000,10.148001
8,43,-210.000000,-35.000000,10.115893
9,43,-205.000000,-35.000000,10.083647
10,43,-200.000000,-35.000000,10.051317
11,43,-195.000000,-35.000000,10.018987
12,43,-190.000000,-35.000000,9.986658
13,43,-185.000000,-35.000000,9.953567
14,43,-180.000000,-35.000000,9.920396
15,43,-175.000000,-35.000000,9.887066
16,43,-170.000000,-35.000000,9.853736
17,43,-165.000000,-35.000000,9.820406
18,43,-160.000000,-35.000000,9.787418
19,43,-155.000000,-35.000000,9.755062
20,43,-150.000000,-35.000000,9.722842
21,43,-145.000000,-35.000000,9.690761
22,43,-140.000000,-35.000000,9.658680
23,43,-135.000000,-35.000000,9.626599
24,43,-130.000000,-35.000000,9.595836
25,43,-125.000000,-35.000000,9.565430
26,43,-120.000000,-35.000000,9.535604
27,43,-115.000000,-35.000000,9.505820
28,43,-110.000000,-35.000000,9.476037
29,43,-105.000000,-35.000000,9.446430
30,43,-100.000000,-35.000000,9.417438
31,43,-95.000000,-35.000000,9.388586
32,43,-90.000000,-35.000000,9.359970
33,43,-85.000000,-35.000000,9.331355
34,43,-80.000000,-35.000000,9.302740
35,43,-75.000000,-35.000000,9.273895
36,43,-70.000000,-35.000000,9.244932
37,43,-65.000000,-35.000000,9.215802
38,43,-60.000000,-35.000000,9.186631
39,43,-55.000000,-35.000000,9.157460
40,43,-50.000000,-35.000000,9.128247
41,43,-45.000000,-35.000000,9.098625
42,43,-40.000000,-35.000000,9.068924
43,43,-35.000000,-35.000000,9.038970
44,43,-30.000000,-35.000000,9.009017
45,43,-25.000000,-35.000000,8.979063
46,43,-20.000000,-35.000000,8.949298
47,43,-15.000000,-35.000000,8.919699
48,43,-10.000000,-35.000000,8.890317
49,43,-5.000000,-35.000000,8.861039
50,43,0.000000,-35.000000,8.831760
51,43,5.000000,-35.000000,8.802481
52,43,10.000000,-35.000000,8.774171
53,43,15.000000,-35.000000,8.746019
54,43,20.000000,-35.000000,8.718850
55,43,25.000000,-35.000000,8.691681
56,43,30.000000,-35.000000,8.664512
57,43,35.000000,-35.000000,8.637688
58,43,40.000000,-35.000000,8.611375
59,43,45.000000,-35.000000,8.585701
60,43,50.000000,-35.000000,8.560552
61,43,55.000000,-35.000000,8.535403
62,43,60.000000,-35.000000,8.510254
63,43,65.000000,-35.000000,8.485328
64,43,70.000000,-35.000000,8.460445
65,43,75.000000,-35.000000,8.436003
66,43,80.000000,-35.000000,8.411568
67,43,85.000000,-35.000000,8.387134
68,43,90.000000,-35.000000,8.362675
69,43,95.000000,-35.000000,8.338155
70,43,100.000000,-35.000000,8.313560
71,43,105.000000,-35.000000,8.288861
72,43,110.000000,-35.000000,8.264163
73,43,115.000000,-35.000000,8.239464
74,43,120.000000,-35.000000,8.214766
75,43,125.000000,-35.000000,8.190069
76,43,130.000000,-35.000000,8.165374
77,43,135.000000,-35.000000,8.140680
78,43,140.000000,-35.000000,8.115986
79,43,145.000000,-35.000000,8.091320
80,43,150.000000,-35.000000,8.066814
81,43,155.000000,-35.000000,8.042503
82,43,160.000000,-35.000000,8.018662
83,43,165.000000,-35.000000,7.994821
84,43,170.000000,-35.000000,7.970979
85,43,175.000000,-35.000000,7.947232
86,43,180.000000,-35.000000,7.923551
87,43,185.000000,-35.000000,7.900443
88,43,190.000000,-35.000000,7.877548
89,43,195.000000,-35.000000,7.854653
90,43,200.000000,-35.000000,7.831758
91,43,205.000000,-35.000000,7.808850
92,43,210.000000,-35.000000,7.785926
93,43,215.000000,-35.000000,7.762922
94,43,220.000000,-35.000000,7.739918
95,43,225.000000,-35.000000,7.716913
96,43,230.000000,-35.000000,7.693869
97,43,235.000000,-35.000000,7.670776
98,43,240.000000,-35.000000,7.646955
99,43,245.000000,-35.000000,7.622650
100,43,250.000000,-35.000000,7.598345
0,44,-250.000000,-30.000000,10.351677
1,44,-245.000000,-30.000000,10.321633
2,44,-240.000000,-30.000000,10.291441
3,44,-235.000000,-30.000000,10.261246
4,44,-230.000000,-30.000000,10.231043
5,44,-225.000000,-30.000000,10.200839
6,44,-220.000000,-30.000000,10.170635
7,44,-215.000000,-30.000000,10.139684
8,44,-210.000000,-30.000000,10.107921
9,44,-205.000000,-30.000000,10.076026
10,44,-200.000000,-30.000000,10.044053
11,44,-195.000000,-30.000000,10.012080
12,44,-190.000000,-30.000000,9.980107
13,44,-185.000000,-30.000000,9.947434
14,44,-180.000000,-30.000000,9.914687
15,44,-175.000000,-30.000000,9.881794
16,44,-170.000000,-30.000000,9.848901
17,44,-165.000000,-30.000000,9.816008
18,44,-160.000000,-30.000000,9.783463
19,44,-155.000000,-30.000000,9.751560
20,44,-150.000000,-30.000000,9.719796
21,44,-145.000000,-30.000000,9.688172
22,44,-140.000000,-30.000000,9.656549
23,44,-135.000000,-30.000000,9.624925
24,44,-130.000000,-30.000000,9.594585
25,44,-125.000000,-30.000000,9.564590
26,44,-120.000000,-30.000000,9.535161
27,44,-115.000000,-30.000000,9.505773
28,44,-110.000000,-30.000000,9.476385
29,44,-105.000000,-30.000000,9.447153
30,44,-100.000000,-30.000000,9.418464
31,44,-95.000000,-30.000000,9.389898
32,44,-90.000000,-30.000000,9.361541
33,44,-85.000000,-30.000000,9.333185
34,44,-80.000000,-30.000000,9.304828
35,44,-75.000000,-30.000000,9.276173
36,44,-70.000000,-30.000000,9.247363
37,44,-65.000000,-30.000000,9.218337
38,44,-60.000000,-30.000000,9.189258
39,44,-55.000000,-30.000000,9.160180
40,44,-50.000000,-30.000000,9.131050
41,44,-45.000000,-30.000000,9.101442
42,44,-40.000000,-30.000000,9.071739
43,44,-35.000000,-30.000000,9.041741
44,44,-30.000000,-30.000000,9.011743
45,44,-25.000000,-30.000000,8.981745
46,44,-20.000000,-30.000000,8.951917
47,44,-15.000000,-30.000000,8.922240
48,44,-10.000000,-30.000000,8.892759
49,44,-5.000000,-30.000000,8.863371
50,44,0.000000,-30.000000,8.833984
51,44,5.000000,-30.000000,8.804596
52,44,10.000000,-30.000000,8.776182
53,44,15.000000,-30.000000,8.747926
54,44,20.000000,-30.000000,8.720658
55,44,25.000000,-30.000000,8.693390
56,44,30.000000,-30.000000,8.666123
57,44,35.000000,-30.000000,8.639209
58,44,40.000000,-30.000000,8.612820
59,44,45.000000,-30.000000,8.587086
60,44,50.000000,-30.000000,8.561891
61,44,55.000000,-30.000000,8.536696
62,44,60.000000,-30.000000,8.511501
63,44,65.000000,-30.000000,8.486544
64,44,70.000000,-30.000000,8.461632
65,44,75.000000,-30.000000,8.437190
66,44,80.000000,-30.000000,8.412756
67,44,85.000000,-30.000000,8.388321
68,44,90.000000,-30.000000,8.363863
69,44,95.000000,-30.000000,8.339344
70,44,100.000000,-30.000000,8.314750
71,44,105.000000,-30.000000,8.290053
72,44,110.000000,-30.000000,8.265356
73,44,115.000000,-30.000000,8.240659
74,44,120.000000,-30.000000,8.215956
75,44,125.000000,-30.000000,8.191251
76,44,130.000000,-30.000000,8.166526
77,44,135.000000,-30.000000,8.141798
78,44,140.000000,-30.000000,8.117070
79,44,145.000000,-30.000000,8.092369
80,44,150.000000,-30.000000,8.067824
81,44,155.000000,-30.000000,8.043470
82,44,160.000000,-30.000000,8.019576
83,44,165.000000,-30.000000,7.995682
84,44,170.000000,-30.000000,7.971787
85,44,175.000000,-30.000000,7.947992
86,44,180.000000,-30.000000,7.924267
87,44,185.000000,-30.000000,7.901146
88,44,190.000000,-30.000000,7.878250
89,44,195.000000,-30.000000,7.855354
90,44,200.000000,-30.000000,7.832458
91,44,205.000000,-30.000000,7.809563
92,44,210.000000,-30.000000,7.786670
93,44,215.000000,-30.000000,7.763783
94,44,220.000000,-30.000000,7.740897
95,44,225.000000,-30.000000,7.718011
96,44,230.000000,-30.000000,7.695088
97,44,235.000000,-30.000000,7.672122
98,44,240.000000,-30.000000,7.648495
99,44,245.000000,-30.000000,7.624430
100,44,250.000000,-30.000000,7.600364
0,45,-250.000000,-25.000000,10.342040
1,45,-245.000000,-25.000000,10.312160
2,45,-240.000000,-25.000000,10.282204
3,45,-235.000000,-25.000000,10.252246
4,45,-230.000000,-25.000000,10.222283
5,45,-225.000000,-25.000000,10.192321
6,45,-220.000000,-25.000000,10.162358
7,45,-215.000000,-25.000000,10.131684
8,45,-210.000000,-25.000000,10.100237
9,45,-205.000000,-25.000000,10.068665
10,45,-200.000000,-25.000000,10.037018
11,45,-195.000000,-25.000000,10.005371
12,45,-190.000000,-25.000000,9.973725
13,45,-185.000000,-25.000000,9.941429
14,45,-180.000000,-25.000000,9.909065
15,45,-175.000000,-25.000000,9.876566
16,45,-170.000000,-25.000000,9.844066
17,45,-165.000000,-25.000000,9.811566
18,45,-160.000000,-25.000000,9.779420
19,45,-155.000000,-25.000000,9.747926
20,45,-150.000000,-25.000000,9.716573
21,45,-145.000000,-25.000000,9.685363
22,45,-140.000000,-25.000000,9.654153
23,45,-135.000000,-25.000000,9.622943
24,45,-130.000000,-25.000000,9.592987
25,45,-125.000000,-25.000000,9.563370
26,45,-120.000000,-25.000000,9.534305
27,45,-115.000000,-25.000000,9.505280
28,45,-110.000000,-25.000000,9.476255
29,45,-105.000000,-25.000000,9.447369
30,45,-100.000000,-25.000000,9.418963
31,45,-95.000000,-25.000000,9.390666
32,45,-90.000000,-25.000000,9.362554
33,45,-85.000000,-25.000000,9.334443
34,45,-80.000000,-25.000000,9.306331
35,45,-75.000000,-25.000000,9.277860
36,45,-70.000000,-25.000000,9.249202
37,45,-65.000000,-25.000000,9.220284
38,45,-60.000000,-25.000000,9.191302
39,45,-55.000000,-25.000000,9.162320
40,45,-50.000000,-25.000000,9.133281
41,45,-45.000000,-25.000000,9.103699
42,45,-40.000000,-25.000000,9.074011
43,45,-35.000000,-25.000000,9.043988
44,45,-30.000000,-25.000000,9.013965
45,45,-25.000000,-25.000000,8.983942
46,45,-20.000000,-25.000000,8.954074
47,45,-15.000000,-25.000000,8.924342
48,45,-10.000000,-25.000000,8.894787
49,45,-5.000000,-25.000000,8.865318
50,45,0.000000,-25.000000,8.835848
51,45,5.000000,-25.000000,8.806379
52,45,10.000000,-25.000000,8.777887
53,45,15.000000,-25.000000,8.749554
54,45,20.000000,-25.000000,8.722214
55,45,25.000000,-25.000000,8.694875
56,45,30.000000,-25.000000,8.667535
57,45,35.000000,-25.000000,8.640557
58,45,40.000000,-25.000000,8.614114
59,45,45.000000,-25.000000,8.588342
60,45,50.000000,-25.000000,8.563120
61,45,55.000000,-25.000000,8.537898
62,45,60.000000,-25.000000,8.512677
63,45,65.000000,-25.000000,8.487705
64,45,70.000000,-25.000000,8.462780
65,45,75.000000,-25.000000,8.438348
66,45,80.000000,-25.000000,8.413924
67,45,85.000000,-25.000000,8.389500
68,45,90.000000,-25.000000,8.365052
69,45,95.000000,-25.000000,8.340543
70,45,100.000000,-25.000000,8.315958
71,45,105.000000,-25.000000,8.291270
72,45,110.000000,-25.000000,8.266582
73,45,115.000000,-25.000000,8.241893
74,45,120.000000,-25.000000,8.217193
75,45,125.000000,-25.000000,8.192488
76,45,130.000000,-25.000000,8.167744
77,45,135.000000,-25.000000,8.142993
78,45,140.000000,-25.000000,8.118242
79,45,145.000000,-25.000000,8.093519
80,45,150.000000,-25.000000,8.068949
81,45,155.000000,-25.000000,8.044566
82,45,160.000000,-25.000000,8.020636
83,45,165.000000,-25.000000,7.996707
84,45,170.000000,-25.000000,7.972777
85,45,175.000000,-25.000000,7.948950
86,45,180.000000,-25.000000,7.925198
87,45,185.000000,-25.000000,7.902078
88,45,190.000000,-25.000000,7.879195
89,45,195.000000,-25.000000,7.856311
90,45,200.000000,-25.000000,7.833427
91,45,205.000000,-25.000000,7.810557
92,45,210.000000,-25.000000,7.787703
93,45,215.000000,-25.000000,7.764931
94,45,220.000000,-25.000000,7.742159
95,45,225.000000,-25.000000,7.719388
96,45,230.000000,-25.000000,7.696583
97,45,235.000000,-25.000000,7.673738
98,45,240.000000,-25.000000,7.650289
99,45,245.000000,-25.000000,7.626438
100,45,250.000000,-25.000000,7.602587
0,46,-250.000000,-20.000000,10.332550
1,46,-245.000000,-20.000000,10.302836
2,46,-240.000000,-20.000000,10.273111
3,46,-235.000000,-20.000000,10.243387
4,46,-230.000000,-20.000000,10.213661
5,46,-225.000000,-20.000000,10.183936
6,46,-220.000000,-20.000000,10.154211
7,46,-215.000000,-20.000000,10.123807
8,46,-210.000000,-20.000000,10.092665
9,46,-205.000000,-20.000000,10.061404
10,46,-200.000000,-20.000000,10.030072
11,46,-195.000000,-20.000000,9.998740
12,46,-190.000000,-20.000000,9.967408
13,46,-185.000000,-20.000000,9.935474
14,46,-180.000000,-20.000000,9.903477
15,46,-175.000000,-20.000000,9.871354
16,46,-170.000000,-20.000000,9.839231
17,46,-165.000000,-20.000000,9.807108
18,46,-160.000000,-20.000000,9.775343
19,46,-155.000000,-20.000000,9.744241
20,46,-150.000000,-20.000000,9.713283
21,46,-145.000000,-20.000000,9.682469
22,46,-140.000000,-20.000000,9.651656
23,46,-135.000000,-20.000000,9.620843
24,46,-130.000000,-20.000000,9.591257
25,46,-125.000000,-20.000000,9.562003
26,46,-120.000000,-20.000000,9.533290
27,46,-115.000000,-20.000000,9.504616
28,46,-110.000000,-20.000000,9.475942
29,46,-105.000000,-20.000000,9.447389
30,46,-100.000000,-20.000000,9.419259
31,46,-95.000000,-20.000000,9.391224
32,46,-90.000000,-20.000000,9.363352
33,46,-85.000000,-20.000000,9.335481
34,46,-80.000000,-20.000000,9.307609
35,46,-75.000000,-20.000000,9.279319
36,46,-70.000000,-20.000000,9.250813
37,46,-65.000000,-20.000000,9.222004
38,46,-60.000000,-20.000000,9.193121
39,46,-55.000000,-20.000000,9.164238
40,46,-50.000000,-20.000000,9.135291
41,46,-45.000000,-20.000000,9.105741
42,46,-40.000000,-20.000000,9.076073
43,46,-35.000000,-20.000000,9.046033
44,46,-30.000000,-20.000000,9.015993
45,46,-25.000000,-20.000000,8.985952
46,46,-20.000000,-20.000000,8.956051
47,46,-15.000000,-20.000000,8.926273
48,46,-10.000000,-20.000000,8.896656
49,46,-5.000000,-20.000000,8.867115
50,46,0.000000,-20.000000,8.837574
51,46,5.000000,-20.000000,8.808034
52,46,10.000000,-20.000000,8.779475
53,46,15.000000,-20.000000,8.751076
54,46,20.000000,-20.000000,8.723674
55,46,25.000000,-20.000000,8.696272
56,46,30.000000,-20.000000,8.668870
57,46,35.000000,-20.000000,8.641838
58,46,40.000000,-20.000000,8.615351
59,46,45.000000,-20.000000,8.589548
60,46,50.000000,-20.000000,8.564307
61,46,55.000000,-20.000000,8.539066
62,46,60.000000,-20.000000,8.513825
63,46,65.000000,-20.000000,8.488844
64,46,70.000000,-20.000000,8.463913
65,46,75.000000,-20.000000,8.439495
66,46,80.000000,-20.000000,8.415085
67,46,85.000000,-20.000000,8.390675
68,46,90.000000,-20.000000,8.366241
69,46,95.000000,-20.000000,8.341745
70,46,100.000000,-20.000000,8.317173
71,46,105.000000,-20.000000,8.292496
72,46,110.000000,-20.000000,8.267819
73,46,115.000000,-20.000000,8.243142
74,46,120.000000,-20.000000,8.218447
75,46,125.000000,-20.000000,8.193746
76,46,130.000000,-20.000000,8.168987
77,46,135.000000,-20.000000,8.144218
78,46,140.000000,-20.000000,8.119450
79,46,145.000000,-20.000000,8.094708
80,46,150.000000,-20.000000,8.070118
81,46,155.000000,-20.000000,8.045712
82,46,160.000000,-20.000000,8.021753
83,46,165.000000,-20.000000,7.997795
84,46,170.000000,-20.000000,7.973836
85,46,175.000000,-20.000000,7.949985
86,46,180.000000,-20.000000,7.926212
87,46,185.000000,-20.000000,7.903099
88,46,190.000000,-20.000000,7.880233
89,46,195.000000,-20.000000,7.857367
90,46,200.000000,-20.000000,7.834501
91,46,205.000000,-20.000000,7.811659
92,46,210.000000,-20.000000,7.788847
93,46,215.000000,-20.000000,7.766189
94,46,220.000000,-20.000000,7.743530
95,46,225.000000,-20.000000,7.720872
96,46,230.000000,-20.000000,7.698183
97,46,235.000000,-20.000000,7.675457
98,46,240.000000,-20.000000,7.652179
99,46,245.000000,-20.000000,7.628535
100,46,250.000000,-20.000000,7.604890
0,47,-250.000000,-15.000000,10.323059
1,47,-245.000000,-15.000000,10.293511
2,47,-240.000000,-15.000000,10.264019
3,47,-235.000000,-15.000000,10.234527
4,47,-230.000000,-15.000000,10.205039
5,47,-225.000000,-15.000000,10.175551
6,47,-220.000000,-15.000000,10.146063
7,47,-215.000000,-15.000000,10.115929
8,47,-210.000000,-15.000000,10.085093
9,47,-205.000000,-15.000000,10.054143
10,47,-200.000000,-15.000000,10.023126
11,47,-195.000000,-15.000000,9.992108
12,47,-190.000000,-15.000000,9.961091
13,47,-185.000000,-15.000000,9.929519
14,47,-180.000000,-15.000000,9.897888
15,47,-175.000000,-15.000000,9.866142
16,47,-170.000000,-15.000000,9.834395
17,47,-165.000000,-15.000000,9.802649
18,47,-160.000000,-15.000000,9.771267
19,47,-155.000000,-15.000000,9.740557
20,47,-150.000000,-15.000000,9.709992
21,47,-145.000000,-15.000000,9.679576
22,47,-140.000000,-15.000000,9.649159
23,47,-135.000000,-15.000000,9.618742
24,47,-130.000000,-15.000000,9.589527
25,47,-125.000000,-15.000000,9.560636
26,47,-120.000000,-15.000000,9.532274
27,47,-115.000000,-15.000000,9.503951
28,47,-110.000000,-15.000000,9.475628
29,47,-105.000000,-15.000000,9.447410
30,47,-100.000000,-15.000000,9.419555
31,47,-95.000000,-15.000000,9.391783
32,47,-90.000000,-15.000000,9.364151
33,47,-85.000000,-15.000000,9.336519
34,47,-80.000000,-15.000000,9.308886
35,47,-75.000000,-15.000000,9.280778
36,47,-70.000000,-15.000000,9.252424
37,47,-65.000000,-15.000000,9.223724
38,47,-60.000000,-15.000000,9.194940
39,47,-55.000000,-15.000000,9.166156
40,47,-50.000000,-15.000000,9.137302
41,47,-45.000000,-15.000000,9.107784
42,47,-40.000000,-15.000000,9.078136
43,47,-35.000000,-15.000000,9.048078
44,47,-30.000000,-15.000000,9.018020
45,47,-25.000000,-15.000000,8.987962
46,47,-20.000000,-15.000000,8.958029
47,47,-15.000000,-15.000000,8.928205
48,47,-10.000000,-15.000000,8.898525
49,47,-5.000000,-15.000000,8.868913
50,47,0.000000,-15.000000,8.839301
51,47,5.000000,-15.000000,8.809688
52,47,10.000000,-15.000000,8.781063
53,47,15.000000,-15.000000,8.752597
54,47,20.000000,-15.000000,8.725133
55,47,25.000000,-15.000000,8.697670
56,47,30.000000,-15.000000,8.670206
57,47,35.000000,-15.000000,8.643118
58,47,40.000000,-15.000000,8.616588
59,47,45.000000,-15.000000,8.590755
60,47,50.000000,-15.000000,8.565494
61,47,55.000000,-15.000000,8.540234
62,47,60.000000,-15.000000,8.514974
63,47,65.000000,-15.000000,8.489984
64,47,70.000000,-15.000000,8.465046
65,47,75.000000,-15.000000,8.440642
66,47,80.000000,-15.000000,8.416246
67,47,85.000000,-15.000000,8.391850
68,47,90.000000,-15.000000,8.367430
69,47,95.000000,-15.000000,8.342948
70,47,100.000000,-15.000000,8.318388
71,47,105.000000,-15.000000,8.293722
72,47,110.000000,-15.000000,8.269057
73,47,115.000000,-15.000000,8.244391
74,47,120.000000,-15.000000,8.219702
75,47,125.000000,-15.000000,8.195003
76,47,130.000000,-15.000000,8.170230
77,47,135.000000,-15.000000,8.145443
78,47,140.000000,-15.000000,8.120657
79,47,145.000000,-15.000000,8.095897
80,47,150.000000,-15.000000,8.071286
81,47,155.000000,-15.000000,8.046858
82,47,160.000000,-15.000000,8.022871
83,47,165.000000,-15.000000,7.998883
84,47,170.000000,-15.000000,7.974895
85,47,175.000000,-15.000000,7.951020
86,47,180.000000,-15.000000,7.927225
87,47,185.000000,-15.000000,7.904120
88,47,190.000000,-15.000000,7.881271
89,47,195.000000,-15.000000,7.858422
90,47,200.000000,-15.000000,7.835574
91,47,205.000000,-15.000000,7.812761
92,47,210.000000,-15.000000,7.789992
93,47,215.000000,-15.000000,7.767447
94,47,220.000000,-15.000000,7.744901
95,47,225.000000,-15.000000,7.722356
96,47,230.000000,-15.000000,7.699783
97,47,235.000000,-15.000000,7.677177
98,47,240.000000,-15.000000,7.654070
99,47,245.000000,-15.000000,7.630631
100,47,250.000000,-15.000000,7.607192
0,48,-250.000000,-10.000000,10.313346
1,48,-245.000000,-10.000000,10.283963
2,48,-240.000000,-10.000000,10.254697
3,48,-235.000000,-10.000000,10.225433
4,48,-230.000000,-10.000000,10.196176
5,48,-225.000000,-10.000000,10.166919
6,48,-220.000000,-10.000000,10.137662
7,48,-215.000000,-10.000000,10.107790
8,48,-210.000000,-10.000000,10.077251
9,48,-205.000000,-10.000000,10.046603
10,48,-200.000000,-10.000000,10.015891
11,48,-195.000000,-10.000000,9.985178
12,48,-190.000000,-10.000000,9.954466
13,48,-185.000000,-10.000000,9.923243
14,48,-180.000000,-10.000000,9.891967
15,48,-175.000000,-10.000000,9.860583
16,48,-170.000000,-10.000000,9.829200
17,48,-165.000000,-10.000000,9.797816
18,48,-160.000000,-10.000000,9.766801
19,48,-155.000000,-10.000000,9.736467
20,48,-150.000000,-10.000000,9.706279
21,48,-145.000000,-10.000000,9.676241
22,48,-140.000000,-10.000000,9.646203
23,48,-135.000000,-10.000000,9.616165
24,48,-130.000000,-10.000000,9.587302
25,48,-125.000000,-10.000000,9.558758
26,48,-120.000000,-10.000000,9.530731
27,48,-115.000000,-10.000000,9.502742
28,48,-110.000000,-10.000000,9.474752
29,48,-105.000000,-10.000000,9.446852
30,48,-100.000000,-10.000000,9.419263
31,48,-95.000000,-10.000000,9.391743
32,48,-90.000000,-10.000000,9.364343
33,48,-85.000000,-10.000000,9.336943
34,48,-80.000000,-10.000000,9.309544
35,48,-75.000000,-10.000000,9.281616
36,48,-70.000000,-10.000000,9.253415
37,48,-65.000000,-10.000000,9.224831
38,48,-60.000000,-10.000000,9.196153
39,48,-55.000000,-10.000000,9.167476
40,48,-50.000000,-10.000000,9.138723
41,48,-45.000000,-10.000000,9.109252
42,48,-40.000000,-10.000000,9.079641
43,48,-35.000000,-10.000000,9.049586
44,48,-30.000000,-10.000000,9.019531
45,48,-25.000000,-10.000000,8.989477
46,48,-20.000000,-10.000000,8.959533
47,48,-15.000000,-10.000000,8.929685
48,48,-10.000000,-10.000000,8.899965
49,48,-5.000000,-10.000000,8.870306
50,48,0.000000,-10.000000,8.840646
51,48,5.000000,-10.000000,8.810987
52,48,10.000000,-10.000000,8.782316
53,48,15.000000,-10.000000,8.753806
54,48,20.000000,-10.000000,8.726299
55,48,25.000000,-10.000000,8.698793
56,48,30.000000,-10.000000,8.671286
57,48,35.000000,-10.000000,8.644163
58,48,40.000000,-10.000000,8.617605
59,48,45.000000,-10.000000,8.591755
60,48,50.000000,-10.000000,8.566488
61,48,55.000000,-10.000000,8.541220
62,48,60.000000,-10.000000,8.515952
63,48,65.000000,-10.000000,8.490965
64,48,70.000000,-10.000000,8.466031
65,48,75.000000,-10.000000,8.441649
66,48,80.000000,-10.000000,8.417276
67,48,85.000000,-10.000000,8.392902
68,48,90.000000,-10.000000,8.368505
69,48,95.000000,-10.000000,8.344044
70,48,100.000000,-10.000000,8.319506
71,48,105.000000,-10.000000,8.294861
72,48,110.000000,-10.000000,8.270217
73,48,115.000000,-10.000000,8.245572
74,48,120.000000,-10.000000,8.220899
75,48,125.000000,-10.000000,8.196215
76,48,130.000000,-10.000000,8.171439
77,48,135.000000,-10.000000,8.146648
78,48,140.000000,-10.000000,8.121856
79,48,145.000000,-10.000000,8.097091
80,48,150.000000,-10.000000,8.072473
81,48,155.000000,-10.000000,8.048036
82,48,160.000000,-10.000000,8.024033
83,48,165.000000,-10.000000,8.000030
84,48,170.000000,-10.000000,7.976026
85,48,175.000000,-10.000000,7.952140
86,48,180.000000,-10.000000,7.928337
87,48,185.000000,-10.000000,7.905247
88,48,190.000000,-10.000000,7.882424
89,48,195.000000,-10.000000,7.859600
90,48,200.000000,-10.000000,7.836777
91,48,205.000000,-10.000000,7.814000
92,48,210.000000,-10.000000,7.791279
93,48,215.000000,-10.000000,7.768845
94,48,220.000000,-10.000000,7.746411
95,48,225.000000,-10.000000,7.723977
96,48,230.000000,-10.000000,7.701518
97,48,235.000000,-10.000000,7.679029
98,48,240.000000,-10.000000,7.656087
99,48,245.000000,-10.000000,7.632844
100,48,250.000000,-10.000000,7.609601
0,49,-250.000000,-5.000000,10.303173
1,49,-245.000000,-5.000000,10.273952
2,49,-240.000000,-5.000000,10.244901
3,49,-235.000000,-5.000000,10.215852
4,49,-230.000000,-5.000000,10.186813
5,49,-225.000000,-5.000000,10.157774
6,49,-220.000000,-5.000000,10.128736
7,49,-215.000000,-5.000000,10.099111
8,49,-210.000000,-5.000000,10.068849
9,49,-205.000000,-5.000000,10.038484
10,49,-200.000000,-5.000000,10.008057
11,49,-195.000000,-5.000000,9.977631
12,49,-190.000000,-5.000000,9.947204
13,49,-185.000000,-5.000000,9.916304
14,49,-180.000000,-5.000000,9.885355
15,49,-175.000000,-5.000000,9.854306
16,49,-170.000000,-5.000000,9.823257
17,49,-165.000000,-5.000000,9.792209
18,49,-160.000000,-5.000000,9.761530
19,49,-155.000000,-5.000000,9.731536
20,49,-150.000000,-5.000000,9.701690
21,49,-145.000000,-5.000000,9.671993
22,49,-140.000000,-5.000000,9.642297
23,49,-135.000000,-5.000000,9.612600
24,49,-130.000000,-5.000000,9.584055
25,49,-125.000000,-5.000000,9.555820
26,49,-120.000000,-5.000000,9.528093
27,49,-115.000000,-5.000000,9.500402
28,49,-110.000000,-5.000000,9.472711
29,49,-105.000000,-5.000000,9.445097
30,49,-100.000000,-5.000000,9.417750
31,49,-95.000000,-5.000000,9.390464
32,49,-90.000000,-5.000000,9.363281
33,49,-85.000000,-5.000000,9.336098
34,49,-80.000000,-5.000000,9.308915
35,49,-75.000000,-5.000000,9.281164
36,49,-70.000000,-5.000000,9.253122
37,49,-65.000000,-5.000000,9.224667
38,49,-60.000000,-5.000000,9.196113
39,49,-55.000000,-5.000000,9.167559
40,49,-50.000000,-5.000000,9.138925
41,49,-45.000000,-5.000000,9.109532
42,49,-40.000000,-5.000000,9.079991
43,49,-35.000000,-5.000000,9.049982
44,49,-30.000000,-5.000000,9.019973
45,49,-25.000000,-5.000000,8.989964
46,49,-20.000000,-5.000000,8.960053
47,49,-15.000000,-5.000000,8.930229
48,49,-10.000000,-5.000000,8.900518
49,49,-5.000000,-5.000000,8.870861
50,49,0.000000,-5.000000,8.841204
51,49,5.000000,-5.000000,8.811547
52,49,10.000000,-5.000000,8.782876
53,49,15.000000,-5.000000,8.754366
54,49,20.000000,-5.000000,8.726857
55,49,25.000000,-5.000000,8.699348
56,49,30.000000,-5.000000,8.671839
57,49,35.000000,-5.000000,8.644716
58,49,40.000000,-5.000000,8.618165
59,49,45.000000,-5.000000,8.592328
60,49,50.000000,-5.000000,8.567078
61,49,55.000000,-5.000000,8.541829
62,49,60.000000,-5.000000,8.516579
63,49,65.000000,-5.000000,8.491616
64,49,70.000000,-5.000000,8.466709
65,49,75.000000,-5.000000,8.442366
66,49,80.000000,-5.000000,8.418033
67,49,85.000000,-5.000000,8.393700
68,49,90.000000,-5.000000,8.369342
69,49,95.000000,-5.000000,8.344922
70,49,100.000000,-5.000000,8.320424
71,49,105.000000,-5.000000,8.295821
72,49,110.000000,-5.000000,8.271217
73,49,115.000000,-5.000000,8.246613
74,49,120.000000,-5.000000,8.221977
75,49,125.000000,-5.000000,8.197329
76,49,130.000000,-5.000000,8.172577
77,49,135.000000,-5.000000,8.147808
78,49,140.000000,-5.000000,8.123040
79,49,145.000000,-5.000000,8.098296
80,49,150.000000,-5.000000,8.073699
81,49,155.000000,-5.000000,8.049279
82,49,160.000000,-5.000000,8.025288
83,49,165.000000,-5.000000,8.001298
84,49,170.000000,-5.000000,7.977307
85,49,175.000000,-5.000000,7.953436
86,49,180.000000,-5.000000,7.929650
87,49,185.000000,-5.000000,7.906596
88,49,190.000000,-5.000000,7.883813
89,49,195.000000,-5.000000,7.861031
90,49,200.000000,-5.000000,7.838250
91,49,205.000000,-5.000000,7.815522
92,49,210.000000,-5.000000,7.792860
93,49,215.000000,-5.000000,7.770534
94,49,220.000000,-5.000000,7.748208
95,49,225.000000,-5.000000,7.725882
96,49,230.000000,-5.000000,7.703533
97,49,235.000000,-5.000000,7.681156
98,49,240.000000,-5.000000,7.658365
99,49,245.000000,-5.000000,7.635297
100,49,250.000000,-5.000000,7.612229
0,50,-250.000000,0.000000,10.292613
1,50,-245.000000,0.000000,10.263552
2,50,-240.000000,0.000000,10.234705
3,50,-235.000000,0.000000,10.205861
4,50,-230.000000,0.000000,10.177030
5,50,-225.000000,0.000000,10.148199
6,50,-220.000000,0.000000,10.119368
7,50,-215.000000,0.000000,10.089977
8,50,-210.000000,0.000000,10.059977
9,50,-205.000000,0.000000,10.029879
10,50,-200.000000,0.000000,9.999721
11,50,-195.000000,0.000000,9.969564
12,50,-190.000000,0.000000,9.939406
13,50,-185.000000,0.000000,9.908808
14,50,-180.000000,0.000000,9.878163
15,50,-175.000000,0.000000,9.847425
16,50,-170.000000,0.000000,9.816688
17,50,-165.000000,0.000000,9.785950
18,50,-160.000000,0.000000,9.755583
19,50,-155.000000,0.000000,9.725900
20,50,-150.000000,0.000000,9.696364
21,50,-145.000000,0.000000,9.666978
22,50,-140.000000,0.000000,9.637593
23,50,-135.000000,0.000000,9.608207
24,50,-130.000000,0.000000,9.579948
25,50,-125.000000,0.000000,9.551993
26,50,-120.000000,0.000000,9.524535
27,50,-115.000000,0.000000,9.497113
28,50,-110.000000,0.000000,9.469690
29,50,-105.000000,0.000000,9.442335
30,50,-100.000000,0.000000,9.415213
31,50,-95.000000,0.000000,9.388143
32,50,-90.000000,0.000000,9.361164
33,50,-85.000000,0.000000,9.334185
34,50,-80.000000,0.000000,9.307205
35,50,-75.000000,0.000000,9.279631
36,50,-70.000000,0.000000,9.251750
37,50,-65.000000,0.000000,9.223437
38,50,-60.000000,0.000000,9.195020
39,50,-55.000000,0.000000,9.166602
40,50,-50.000000,0.000000,9.138102
41,50,-45.000000,0.000000,9.108814
42,50,-40.000000,0.000000,9.079371
43,50,-35.000000,0.000000,9.049443
44,50,-30.000000,0.000000,9.019515
45,50,-25.000000,0.000000,8.989587
46,50,-20.000000,0.000000,8.959747
47,50,-15.000000,0.000000,8.929985
48,50,-10.000000,0.000000,8.900324
49,50,-5.000000,0.000000,8.870712
50,50,0.000000,0.000000,8.841099
51,50,5.000000,0.000000,8.811487
52,50,10.000000,0.000000,8.782854
53,50,15.000000,0.000000,8.754381
54,50,20.000000,0.000000,8.726904
55,50,25.000000,0.000000,8.699426
56,50,30.000000,0.000000,8.671948
57,50,35.000000,0.000000,8.644858
58,50,40.000000,0.000000,8.618341
59,50,45.000000,0.000000,8.592541
60,50,50.000000,0.000000,8.567331
61,50,55.000000,0.000000,8.542121
62,50,60.000000,0.000000,8.516910
63,50,65.000000,0.000000,8.491992
64,50,70.000000,0.000000,8.467129
65,50,75.000000,0.000000,8.442841
66,50,80.000000,0.000000,8.418562
67,50,85.000000,0.000000,8.394283
68,50,90.000000,0.000000,8.369980
69,50,95.000000,0.000000,8.345615
70,50,100.000000,0.000000,8.321174
71,50,105.000000,0.000000,8.296628
72,50,110.000000,0.000000,8.272082
73,50,115.000000,0.000000,8.247536
74,50,120.000000,0.000000,8.222956
75,50,125.000000,0.000000,8.198362
76,50,130.000000,0.000000,8.173656
77,50,135.000000,0.000000,8.148933
78,50,140.000000,0.000000,8.124209
79,50,145.000000,0.000000,8.099510
80,50,150.000000,0.000000,8.074956
81,50,155.000000,0.000000,8.050577
82,50,160.000000,0.000000,8.026622
83,50,165.000000,0.000000,8.002667
84,50,170.000000,0.000000,7.978713
85,50,175.000000,0.000000,7.954879
86,50,180.000000,0.000000,7.931133
87,50,185.000000,0.000000,7.908129
88,50,190.000000,0.000000,7.885402
89,50,195.000000,0.000000,7.862675
90,50,200.000000,0.000000,7.839950
91,50,205.000000,0.000000,7.817283
92,50,210.000000,0.000000,7.794689
93,50,215.000000,0.000000,7.772468
94,50,220.000000,0.000000,7.750247
95,50,225.000000,0.000000,7.728026
96,50,230.000000,0.000000,7.705783
97,50,235.000000,0.000000,7.683515
98,50,240.000000,0.000000,7.660862
99,50,245.000000,0.000000,7.637952
100,50,250.000000,0.000000,7.615043
0,51,-250.000000,5.000000,10.281822
1,51,-245.000000,5.000000,10.252921
2,51,-240.000000,5.000000,10.224272
3,51,-235.000000,5.000000,10.195627
4,51,-230.000000,5.000000,10.166998
5,51,-225.000000,5.000000,10.138368
6,51,-220.000000,5.000000,10.109738
7,51,-215.000000,5.000000,10.080573
8,51,-210.000000,5.000000,10.050826
9,51,-205.000000,5.000000,10.020984
10,51,-200.000000,5.000000,9.991086
11,51,-195.000000,5.000000,9.961189
12,51,-190.000000,5.000000,9.931291
13,51,-185.000000,5.000000,9.900980
14,51,-180.000000,5.000000,9.870626
15,51,-175.000000,5.000000,9.840186
16,51,-170.000000,5.000000,9.809746
17,51,-165.000000,5.000000,9.779305
18,51,-160.000000,5.000000,9.749234
19,51,-155.000000,5.000000,9.719844
20,51,-150.000000,5.000000,9.690601
21,51,-145.000000,5.000000,9.661507
22,51,-140.000000,5.000000,9.632414
23,51,-135.000000,5.000000,9.603320
24,51,-130.000000,5.000000,9.575330
25,51,-125.000000,5.000000,9.547637
26,51,-120.000000,5.000000,9.520431
27,51,-115.000000,5.000000,9.493259
28,51,-110.000000,5.000000,9.466088
29,51,-105.000000,5.000000,9.438975
30,51,-100.000000,5.000000,9.412067
31,51,-95.000000,5.000000,9.385204
32,51,-90.000000,5.000000,9.358421
33,51,-85.000000,5.000000,9.331637
34,51,-80.000000,5.000000,9.304854
35,51,-75.000000,5.000000,9.277455
36,51,-70.000000,5.000000,9.249737
37,51,-65.000000,5.000000,9.221573
38,51,-60.000000,5.000000,9.193300
39,51,-55.000000,5.000000,9.165027
40,51,-50.000000,5.000000,9.136669
41,51,-45.000000,5.000000,9.107502
42,51,-40.000000,5.000000,9.078176
43,51,-35.000000,5.000000,9.048350
44,51,-30.000000,5.000000,9.018524
45,51,-25.000000,5.000000,8.988698
46,51,-20.000000,5.000000,8.958951
47,51,-15.000000,5.000000,8.929274
48,51,-10.000000,5.000000,8.899688
49,51,-5.000000,5.000000,8.870144
50,51,0.000000,5.000000,8.840601
51,51,5.000000,5.000000,8.811058
52,51,10.000000,5.000000,8.782486
53,51,15.000000,5.000000,8.754073
54,51,20.000000,5.000000,8.726647
55,51,25.000000,5.000000,8.699220
56,51,30.000000,5.000000,8.671793
57,51,35.000000,5.000000,8.644755
58,51,40.000000,5.000000,8.618289
59,51,45.000000,5.000000,8.592541
60,51,50.000000,5.000000,8.567383
61,51,55.000000,5.000000,8.542224
62,51,60.000000,5.000000,8.517066
63,51,65.000000,5.000000,8.492203
64,51,70.000000,5.000000,8.467396
65,51,75.000000,5.000000,8.443171
66,51,80.000000,5.000000,8.418955
67,51,85.000000,5.000000,8.394739
68,51,90.000000,5.000000,8.370500
69,51,95.000000,5.000000,8.346200
70,51,100.000000,5.000000,8.321824
71,51,105.000000,5.000000,8.297346
72,51,110.000000,5.000000,8.272868
73,51,115.000000,5.000000,8.248389
74,51,120.000000,5.000000,8.223875
75,51,125.000000,5.000000,8.199346
76,51,130.000000,5.000000,8.174700
77,51,135.000000,5.000000,8.150035
78,51,140.000000,5.000000,8.125370
79,51,145.000000,5.000000,8.100730
80,51,150.000000,5.000000,8.076232
81,51,155.000000,5.000000,8.051908
82,51,160.000000,5.000000,8.028003
83,51,165.000000,5.000000,8.004098
84,51,170.000000,5.000000,7.980193
85,51,175.000000,5.000000,7.956411
86,51,180.000000,5.000000,7.932716
87,51,185.000000,5.000000,7.909773
88,51,190.000000,5.000000,7.887110
89,51,195.000000,5.000000,7.864446
90,51,200.000000,5.000000,7.841784
91,51,205.000000,5.000000,7.819185
92,51,210.000000,5.000000,7.796665
93,51,215.000000,5.000000,7.774547
94,51,220.000000,5.000000,7.752429
95,51,225.000000,5.000000,7.730311
96,51,230.000000,5.000000,7.708173
97,51,235.000000,5.000000,7.686011
98,51,240.000000,5.000000,7.663489
99,51,245.000000,5.000000,7.640727
100,51,250.000000,5.000000,7.617966
0,52,-250.000000,10.000000,10.271032
1,52,-245.000000,10.000000,10.242290
2,52,-240.000000,10.000000,10.213839
3,52,-235.000000,10.000000,10.185393
4,52,-230.000000,10.000000,10.156965
5,52,-225.000000,10.000000,10.128537
6,52,-220.000000,10.000000,10.100109
7,52,-215.000000,10.000000,10.071169
8,52,-210.000000,10.000000,10.041674
9,52,-205.000000,10.000000,10.012090
10,52,-200.000000,10.000000,9.982452
11,52,-195.000000,10.000000,9.952813
12,52,-190.000000,10.000000,9.923175
13,52,-185.000000,10.000000,9.893153
14,52,-180.000000,10.000000,9.863090
15,52,-175.000000,10.000000,9.832947
16,52,-170.000000,10.000000,9.802803
17,52,-165.000000,10.000000,9.772660
18,52,-160.000000,10.000000,9.742885
19,52,-155.000000,10.000000,9.713788
20,52,-150.000000,10.000000,9.684838
21,52,-145.000000,10.000000,9.656036
22,52,-140.000000,10.000000,9.627235
23,52,-135.000000,10.000000,9.598434
24,52,-130.000000,10.000000,9.570712
25,52,-125.000000,10.000000,9.543281
26,52,-120.000000,10.000000,9.516327
27,52,-115.000000,10.000000,9.489406
28,52,-110.000000,10.000000,9.462486
29,52,-105.000000,10.000000,9.435615
30,52,-100.000000,10.000000,9.408921
31,52,-95.000000,10.000000,9.382265
32,52,-90.000000,10.000000,9.355678
33,52,-85.000000,10.000000,9.329090
34,52,-80.000000,10.000000,9.302503
35,52,-75.000000,10.000000,9.275278
36,52,-70.000000,10.000000,9.247725
37,52,-65.000000,10.000000,9.219709
38,52,-60.000000,10.000000,9.191581
39,52,-55.000000,10.000000,9.163453
40,52,-50.000000,10.000000,9.135237
41,52,-45.000000,10.000000,9.106190
42,52,-40.000000,10.000000,9.076980
43,52,-35.000000,10.000000,9.047256
44,52,-30.000000,10.000000,9.017533
45,52,-25.000000,10.000000,8.987809
46,52,-20.000000,10.000000,8.958155
47,52,-15.000000,10.000000,8.928563
48,52,-10.000000,10.000000,8.899051
49,52,-5.000000,10.000000,8.869577
50,52,0.000000,10.000000,8.840103
51,52,5.000000,10.000000,8.810629
52,52,10.000000,10.000000,8.782119
53,52,15.000000,10.000000,8.753765
54,52,20.000000,10.000000,8.726390
55,52,25.000000,10.000000,8.699014
56,52,30.000000,10.000000,8.671639
57,52,35.000000,10.000000,8.644651
58,52,40.000000,10.000000,8.618237
59,52,45.000000,10.000000,8.592541
60,52,50.000000,10.000000,8.567434
61,52,55.000000,10.000000,8.542328
62,52,60.000000,10.000000,8.517221
63,52,65.000000,10.000000,8.492413
64,52,70.000000,10.000000,8.467663
65,52,75.000000,10.000000,8.443501
66,52,80.000000,10.000000,8.419348
67,52,85.000000,10.000000,8.395195
68,52,90.000000,10.000000,8.371020
69,52,95.000000,10.000000,8.346784
70,52,100.000000,10.000000,8.322474
71,52,105.000000,10.000000,8.298064
72,52,110.000000,10.000000,8.273653
73,52,115.000000,10.000000,8.249243
74,52,120.000000,10.000000,8.224794
75,52,125.000000,10.000000,8.200330
76,52,130.000000,10.000000,8.175744
77,52,135.000000,10.000000,8.151138
78,52,140.000000,10.000000,8.126531
79,52,145.000000,10.000000,8.101949
80,52,150.000000,10.000000,8.077508
81,52,155.000000,10.000000,8.053239
82,52,160.000000,10.000000,8.029384
83,52,165.000000,10.000000,8.005528
84,52,170.000000,10.000000,7.981673
85,52,175.000000,10.000000,7.957942
86,52,180.000000,10.000000,7.934300
87,52,185.000000,10.000000,7.911417
88,52,190.000000,10.000000,7.888817
89,52,195.000000,10.000000,7.866217
90,52,200.000000,10.000000,7.843618
91,52,205.000000,10.000000,7.821087
92,52,210.000000,10.000000,7.798641
93,52,215.000000,10.000000,7.776626
94,52,220.000000,10.000000,7.754611
95,52,225.000000,10.000000,7.732596
96,52,230.000000,10.000000,7.710563
97,52,235.000000,10.000000,7.688508
98,52,240.000000,10.000000,7.666117
99,52,245.000000,10.000000,7.643503
100,52,250.000000,10.000000,7.620889
0,53,-250.000000,15.000000,10.260006
1,53,-245.000000,15.000000,10.231420
2,53,-240.000000,15.000000,10.203164
3,53,-235.000000,15.000000,10.174913
4,53,-230.000000,15.000000,10.146682
5,53,-225.000000,15.000000,10.118452
6,53,-220.000000,15.000000,10.090221
7,53,-215.000000,15.000000,10.061504
8,53,-210.000000,15.000000,10.032259
9,53,-205.000000,15.000000,10.002929
10,53,-200.000000,15.000000,9.973547
11,53,-195.000000,15.000000,9.944165
12,53,-190.000000,15.000000,9.914783
13,53,-185.000000,15.000000,9.885046
14,53,-180.000000,15.000000,9.855270
15,53,-175.000000,15.000000,9.825420
16,53,-170.000000,15.000000,9.795570
17,53,-165.000000,15.000000,9.765720
18,53,-160.000000,15.000000,9.736235
19,53,-155.000000,15.000000,9.707425
20,53,-150.000000,15.000000,9.678761
21,53,-145.000000,15.000000,9.650245
22,53,-140.000000,15.000000,9.621729
23,53,-135.000000,15.000000,9.593213
24,53,-130.000000,15.000000,9.565752
25,53,-125.000000,15.000000,9.538576
26,53,-120.000000,15.000000,9.511865
27,53,-115.000000,15.000000,9.485187
28,53,-110.000000,15.000000,9.458509
29,53,-105.000000,15.000000,9.431874
30,53,-100.000000,15.000000,9.405388
31,53,-95.000000,15.000000,9.378936
32,53,-90.000000,15.000000,9.352541
33,53,-85.000000,15.000000,9.326146
34,53,-80.000000,15.000000,9.299750
35,53,-75.000000,15.000000,9.272701
36,53,-70.000000,15.000000,9.245313
37,53,-65.000000,15.000000,9.217450
38,53,-60.000000,15.000000,9.189472
39,53,-55.000000,15.000000,9.161493
40,53,-50.000000,15.000000,9.133425
41,53,-45.000000,15.000000,9.104507
42,53,-40.000000,15.000000,9.075423
43,53,-35.000000,15.000000,9.045813
44,53,-30.000000,15.000000,9.016204
45,53,-25.000000,15.000000,8.986594
46,53,-20.000000,15.000000,8.957046
47,53,-15.000000,15.000000,8.927551
48,53,-10.000000,15.000000,8.898126
49,53,-5.000000,15.000000,8.868735
50,53,0.000000,15.000000,8.839343
51,53,5.000000,15.000000,8.809952
52,53,10.000000,15.000000,8.781514
53,53,15.000000,15.000000,8.753232
54,53,20.000000,15.000000,8.725917
55,53,25.000000,15.000000,8.698603
56,53,30.000000,15.000000,8.671289
57,53,35.000000,15.000000,8.644362
58,53,40.000000,15.000000,8.618008
59,53,45.000000,15.000000,8.592371
60,53,50.000000,15.000000,8.567323
61,53,55.000000,15.000000,8.542274
62,53,60.000000,15.000000,8.517226
63,53,65.000000,15.000000,8.492479
64,53,70.000000,15.000000,8.467791
65,53,75.000000,15.000000,8.443697
66,53,80.000000,15.000000,8.419613
67,53,85.000000,15.000000,8.395528
68,53,90.000000,15.000000,8.371422
69,53,95.000000,15.000000,8.347256
70,53,100.000000,15.000000,8.323019
71,53,105.000000,15.000000,8.298683
72,53,110.000000,15.000000,8.274347
73,53,115.000000,15.000000,8.250011
74,53,120.000000,15.000000,8.225636
75,53,125.000000,15.000000,8.201245
76,53,130.000000,15.000000,8.176727
77,53,135.000000,15.000000,8.152188
78,53,140.000000,15.000000,8.127649
79,53,145.000000,15.000000,8.103134
80,53,150.000000,15.000000,8.078758
81,53,155.000000,15.000000,8.054552
82,53,160.000000,15.000000,8.030754
83,53,165.000000,15.000000,8.006957
84,53,170.000000,15.000000,7.983160
85,53,175.000000,15.000000,7.959488
86,53,180.000000,15.000000,7.935905
87,53,185.000000,15.000000,7.913087
88,53,190.000000,15.000000,7.890555
89,53,195.000000,15.000000,7.868022
90,53,200.000000,15.000000,7.845491
91,53,205.000000,15.000000,7.823033
92,53,210.000000,15.000000,7.800664
93,53,215.000000,15.000000,7.778752
94,53,220.000000,15.000000,7.756840
95,53,225.000000,15.000000,7.734928
96,53,230.000000,15.000000,7.712998
97,53,235.000000,15.000000,7.691049
98,53,240.000000,15.000000,7.668787
99,53,245.000000,15.000000,7.646317
100,53,250.000000,15.000000,7.623848
0,54,-250.000000,20.000000,10.248195
1,54,-245.000000,20.000000,10.219753
2,54,-240.000000,20.000000,10.191679
3,54,-235.000000,20.000000,10.163611
4,54,-230.000000,20.000000,10.135566
5,54,-225.000000,20.000000,10.107520
6,54,-220.000000,20.000000,10.079475
7,54,-215.000000,20.000000,10.050969
8,54,-210.000000,20.000000,10.021964
9,54,-205.000000,20.000000,9.992878
10,54,-200.000000,20.000000,9.963743
11,54,-195.000000,20.000000,9.934608
12,54,-190.000000,20.000000,9.905473
13,54,-185.000000,20.000000,9.876007
14,54,-180.000000,20.000000,9.846506
15,54,-175.000000,20.000000,9.816936
16,54,-170.000000,20.000000,9.787365
17,54,-165.000000,20.000000,9.757795
18,54,-160.000000,20.000000,9.728585
19,54,-155.000000,20.000000,9.700041
20,54,-150.000000,20.000000,9.671640
21,54,-145.000000,20.000000,9.643386
22,54,-140.000000,20.000000,9.615131
23,54,-135.000000,20.000000,9.586876
24,54,-130.000000,20.000000,9.559651
25,54,-125.000000,20.000000,9.532703
26,54,-120.000000,20.000000,9.506209
27,54,-115.000000,20.000000,9.479748
28,54,-110.000000,20.000000,9.453286
29,54,-105.000000,20.000000,9.426862
30,54,-100.000000,20.000000,9.400568
31,54,-95.000000,20.000000,9.374304
32,54,-90.000000,20.000000,9.348089
33,54,-85.000000,20.000000,9.321875
34,54,-80.000000,20.000000,9.295661
35,54,-75.000000,20.000000,9.268786
36,54,-70.000000,20.000000,9.241570
37,54,-65.000000,20.000000,9.213874
38,54,-60.000000,20.000000,9.186062
39,54,-55.000000,20.000000,9.158250
40,54,-50.000000,20.000000,9.130348
41,54,-45.000000,20.000000,9.101588
42,54,-40.000000,20.000000,9.072661
43,54,-35.000000,20.000000,9.043205
44,54,-30.000000,20.000000,9.013749
45,54,-25.000000,20.000000,8.984293
46,54,-20.000000,20.000000,8.954891
47,54,-15.000000,20.000000,8.925535
48,54,-10.000000,20.000000,8.896241
49,54,-5.000000,20.000000,8.866976
50,54,0.000000,20.000000,8.837711
51,54,5.000000,20.000000,8.808446
52,54,10.000000,20.000000,8.780121
53,54,15.000000,20.000000,8.751948
54,54,20.000000,20.000000,8.724728
55,54,25.000000,20.000000,8.697509
56,54,30.000000,20.000000,8.670289
57,54,35.000000,20.000000,8.643454
58,54,40.000000,20.000000,8.617188
59,54,45.000000,20.000000,8.591634
60,54,50.000000,20.000000,8.566665
61,54,55.000000,20.000000,8.541696
62,54,60.000000,20.000000,8.516728
63,54,65.000000,20.000000,8.492062
64,54,70.000000,20.000000,8.467456
65,54,75.000000,20.000000,8.443448
66,54,80.000000,20.000000,8.419450
67,54,85.000000,20.000000,8.395452
68,54,90.000000,20.000000,8.371432
69,54,95.000000,20.000000,8.347357
70,54,100.000000,20.000000,8.323213
71,54,105.000000,20.000000,8.298975
72,54,110.000000,20.000000,8.274737
73,54,115.000000,20.000000,8.250499
74,54,120.000000,20.000000,8.226221
75,54,125.000000,20.000000,8.201928
76,54,130.000000,20.000000,8.177507
77,54,135.000000,20.000000,8.153064
78,54,140.000000,20.000000,8.128621
79,54,145.000000,20.000000,8.104202
80,54,150.000000,20.000000,8.079920
81,54,155.000000,20.000000,8.055805
82,54,160.000000,20.000000,8.032093
83,54,165.000000,20.000000,8.008380
84,54,170.000000,20.000000,7.984667
85,54,175.000000,20.000000,7.961080
86,54,180.000000,20.000000,7.937581
87,54,185.000000,20.000000,7.914846
88,54,190.000000,20.000000,7.892396
89,54,195.000000,20.000000,7.869946
90,54,200.000000,20.000000,7.847497
91,54,205.000000,20.000000,7.825123
92,54,210.000000,20.000000,7.802842
93,54,215.000000,20.000000,7.781032
94,54,220.000000,20.000000,7.759221
95,54,225.000000,20.000000,7.737411
96,54,230.000000,20.000000,7.715585
97,54,235.000000,20.000000,7.693739
98,54,240.000000,20.000000,7.671599
99,54,245.000000,20.000000,7.649263
100,54,250.000000,20.000000,7.626926
0,55,-250.000000,25.000000,10.235781
1,55,-245.000000,25.000000,10.207475
2,55,-240.000000,25.000000,10.179574
3,55,-235.000000,25.000000,10.151680
4,55,-230.000000,25.000000,10.123810
5,55,-225.000000,25.000000,10.095940
6,55,-220.000000,25.000000,10.068071
7,55,-215.000000,25.000000,10.039768
8,55,-210.000000,25.000000,10.010994
9,55,-205.000000,25.000000,9.982144
10,55,-200.000000,25.000000,9.953249
11,55,-195.000000,25.000000,9.924354
12,55,-190.000000,25.000000,9.895459
13,55,-185.000000,25.000000,9.866255
14,55,-180.000000,25.000000,9.837018
15,55,-175.000000,25.000000,9.807717
16,55,-170.000000,25.000000,9.778416
17,55,-165.000000,25.000000,9.749115
18,55,-160.000000,25.000000,9.720168
19,55,-155.000000,25.000000,9.691872
20,55,-150.000000,25.000000,9.663718
21,55,-145.000000,25.000000,9.635707
22,55,-140.000000,25.000000,9.607696
23,55,-135.000000,25.000000,9.579685
24,55,-130.000000,25.000000,9.552676
25,55,-125.000000,25.000000,9.525936
26,55,-120.000000,25.000000,9.499639
27,55,-115.000000,25.000000,9.473373
28,55,-110.000000,25.000000,9.447107
29,55,-105.000000,25.000000,9.420875
30,55,-100.000000,25.000000,9.394761
31,55,-95.000000,25.000000,9.368673
32,55,-90.000000,25.000000,9.342631
33,55,-85.000000,25.000000,9.316589
34,55,-80.000000,25.000000,9.290547
35,55,-75.000000,25.000000,9.263846
36,55,-70.000000,25.000000,9.236807
37,55,-65.000000,25.000000,9.209289
38,55,-60.000000,25.000000,9.181656
39,55,-55.000000,25.000000,9.154023
40,55,-50.000000,25.000000,9.126300
41,55,-45.000000,25.000000,9.097722
42,55,-40.000000,25.000000,9.068977
43,55,-35.000000,25.000000,9.039705
44,55,-30.000000,25.000000,9.010432
45,55,-25.000000,25.000000,8.981160
46,55,-20.000000,25.000000,8.951935
47,55,-15.000000,25.000000,8.922750
48,55,-10.000000,25.000000,8.893620
49,55,-5.000000,25.000000,8.864515
50,55,0.000000,25.000000,8.835411
51,55,5.000000,25.000000,8.806306
52,55,10.000000,25.000000,8.778122
53,55,15.000000,25.000000,8.750088
54,55,20.000000,25.000000,8.722989
55,55,25.000000,25.000000,8.695890
56,55,30.000000,25.000000,8.668791
57,55,35.000000,25.000000,8.642072
58,55,40.000000,25.000000,8.615916
59,55,45.000000,25.000000,8.590464
60,55,50.000000,25.000000,8.565590
61,55,55.000000,25.000000,8.540717
62,55,60.000000,25.000000,8.515844
63,55,65.000000,25.000000,8.491275
64,55,70.000000,25.000000,8.466766
65,55,75.000000,25.000000,8.442858
66,55,80.000000,25.000000,8.418959
67,55,85.000000,25.000000,8.395061
68,55,90.000000,25.000000,8.371142
69,55,95.000000,25.000000,8.347172
70,55,100.000000,25.000000,8.323138
71,55,105.000000,25.000000,8.299015
72,55,110.000000,25.000000,8.274893
73,55,115.000000,25.000000,8.250771
74,55,120.000000,25.000000,8.226610
75,55,125.000000,25.000000,8.202433
76,55,130.000000,25.000000,8.178130
77,55,135.000000,25.000000,8.153806
78,55,140.000000,25.000000,8.129482
79,55,145.000000,25.000000,8.105182
80,55,150.000000,25.000000,8.081016
81,55,155.000000,25.000000,8.057013
82,55,160.000000,25.000000,8.033406
83,55,165.000000,25.000000,8.009798
84,55,170.000000,25.000000,7.986191
85,55,175.000000,25.000000,7.962707
86,55,180.000000,25.000000,7.939311
87,55,185.000000,25.000000,7.916673
88,55,190.000000,25.000000,7.894316
89,55,195.000000,25.000000,7.871959
90,55,200.000000,25.000000,7.849604
91,55,205.000000,25.000000,7.827324
92,55,210.000000,25.000000,7.805138
93,55,215.000000,25.000000,7.783430
94,55,220.000000,25.000000,7.761721
95,55,225.000000,25.000000,7.740012
96,55,230.000000,25.000000,7.718287
97,55,235.000000,25.000000,7.696544
98,55,240.000000,25.000000,7.674520
99,55,245.000000,25.000000,7.652308
100,55,250.000000,25.000000,7.630097
0,56,-250.000000,30.000000,10.222839
1,56,-245.000000,30.000000,10.194661
2,56,-240.000000,30.000000,10.166925
3,56,-235.000000,30.000000,10.139196
4,56,-230.000000,30.000000,10.111493
5,56,-225.000000,30.000000,10.083791
6,56,-220.000000,30.000000,10.056088
7,56,-215.000000,30.000000,10.027980
8,56,-210.000000,30.000000,9.999432
9,56,-205.000000,30.000000,9.970812
10,56,-200.000000,30.000000,9.942150
11,56,-195.000000,30.000000,9.913488
12,56,-190.000000,30.000000,9.884826
13,56,-185.000000,30.000000,9.855876
14,56,-180.000000,30.000000,9.826895
15,56,-175.000000,30.000000,9.797854
16,56,-170.000000,30.000000,9.768814
17,56,-165.000000,30.000000,9.739773
18,56,-160.000000,30.000000,9.711077
19,56,-155.000000,30.000000,9.683016
20,56,-150.000000,30.000000,9.655093
21,56,-145.000000,30.000000,9.627310
22,56,-140.000000,30.000000,9.599527
23,56,-135.000000,30.000000,9.571743
24,56,-130.000000,30.000000,9.544933
25,56,-125.000000,30.000000,9.518385
26,56,-120.000000,30.000000,9.492266
27,56,-115.000000,30.000000,9.466178
28,56,-110.000000,30.000000,9.440090
29,56,-105.000000,30.000000,9.414033
30,56,-100.000000,30.000000,9.388088
31,56,-95.000000,30.000000,9.362167
32,56,-90.000000,30.000000,9.336289
33,56,-85.000000,30.000000,9.310411
34,56,-80.000000,30.000000,9.284533
35,56,-75.000000,30.000000,9.258007
36,56,-70.000000,30.000000,9.231148
37,56,-65.000000,30.000000,9.203818
38,56,-60.000000,30.000000,9.176375
39,56,-55.000000,30.000000,9.148932
40,56,-50.000000,30.000000,9.121400
41,56,-45.000000,30.000000,9.093024
42,56,-40.000000,30.000000,9.064482
43,56,-35.000000,30.000000,9.035420
44,56,-30.000000,30.000000,9.006358
45,56,-25.000000,30.000000,8.977296
46,56,-20.000000,30.000000,8.948275
47,56,-15.000000,30.000000,8.919290
48,56,-10.000000,30.000000,8.890353
49,56,-5.000000,30.000000,8.861438
50,56,0.000000,30.000000,8.832524
51,56,5.000000,30.000000,8.803609
52,56,10.000000,30.000000,8.775593
53,56,15.000000,30.000000,8.747724
54,56,20.000000,30.000000,8.720767
55,56,25.000000,30.000000,8.693811
56,56,30.000000,30.000000,8.666855
57,56,35.000000,30.000000,8.640273
58,56,40.000000,30.000000,8.614246
59,56,45.000000,30.000000,8.588912
60,56,50.000000,30.000000,8.564148
61,56,55.000000,30.000000,8.539385
62,56,60.000000,30.000000,8.514621
63,56,65.000000,30.000000,8.490163
64,56,70.000000,30.000000,8.465764
65,56,75.000000,30.000000,8.441968
66,56,80.000000,30.000000,8.418181
67,56,85.000000,30.000000,8.394394
68,56,90.000000,30.000000,8.370589
69,56,95.000000,30.000000,8.346737
70,56,100.000000,30.000000,8.322826
71,56,105.000000,30.000000,8.298835
72,56,110.000000,30.000000,8.274844
73,56,115.000000,30.000000,8.250854
74,56,120.000000,30.000000,8.226825
75,56,125.000000,30.000000,8.202782
76,56,130.000000,30.000000,8.178616
77,56,135.000000,30.000000,8.154431
78,56,140.000000,30.000000,8.130245
79,56,145.000000,30.000000,8.106083
80,56,150.000000,30.000000,8.082052
81,56,155.000000,30.000000,8.058181
82,56,160.000000,30.000000,8.034697
83,56,165.000000,30.000000,8.011212
84,56,170.000000,30.000000,7.987728
85,56,175.000000,30.000000,7.964366
86,56,180.000000,30.000000,7.941090
87,56,185.000000,30.000000,7.918559
88,56,190.000000,30.000000,7.896306
89,56,195.000000,30.000000,7.874052
90,56,200.000000,30.000000,7.851800
91,56,205.000000,30.000000,7.829623
92,56,210.000000,30.000000,7.807540
93,56,215.000000,30.000000,7.785932
94,56,220.000000,30.000000,7.764323
95,56,225.000000,30.000000,7.742715
96,56,230.000000,30.000000,7.721092
97,56,235.000000,30.000000,7.699450
98,56,240.000000,30.000000,7.677537
99,56,245.000000,30.000000,7.655442
100,56,250.000000,30.000000,7.633348
0,57,-250.000000,35.000000,10.209897
1,57,-245.000000,35.000000,10.181848
2,57,-240.000000,35.000000,10.154276
3,57,-235.000000,35.000000,10.126711
4,57,-230.000000,35.000000,10.099176
5,57,-225.000000,35.000000,10.071641
6,57,-220.000000,35.000000,10.044106
7,57,-215.000000,35.000000,10.016193
8,57,-210.000000,35.000000,9.987870
9,57,-205.000000,35.000000,9.959480
10,57,-200.000000,35.000000,9.931051
11,57,-195.000000,35.000000,9.902622
12,57,-190.000000,35.000000,9.874193
13,57,-185.000000,35.000000,9.845497
14,57,-180.000000,35.000000,9.816772
15,57,-175.000000,35.000000,9.787992
16,57,-170.000000,35.000000,9.759211
17,57,-165.000000,35.000000,9.730431
18,57,-160.000000,35.000000,9.701986
19,57,-155.000000,35.000000,9.674160
20,57,-150.000000,35.000000,9.646469
21,57,-145.000000,35.000000,9.618913
22,57,-140.000000,35.000000,9.591357
23,57,-135.000000,35.000000,9.563801
24,57,-130.000000,35.000000,9.537190
25,57,-125.000000,35.000000,9.510833
26,57,-120.000000,35.000000,9.484893
27,57,-115.000000,35.000000,9.458982
28,57,-110.000000,35.000000,9.433072
29,57,-105.000000,35.000000,9.407191
30,57,-100.000000,35.000000,9.381414
31,57,-95.000000,35.000000,9.355660
32,57,-90.000000,35.000000,9.329946
33,57,-85.000000,35.000000,9.304232
34,57,-80.000000,35.000000,9.278518
35,57,-75.000000,35.000000,9.252168
36,57,-70.000000,35.000000,9.225489
37,57,-65.000000,35.000000,9.198348
38,57,-60.000000,35.000000,9.171094
39,57,-55.000000,35.000000,9.143841
40,57,-50.000000,35.000000,9.116500
41,57,-45.000000,35.000000,9.088325
42,57,-40.000000,35.000000,9.059988
43,57,-35.000000,35.000000,9.031136
44,57,-30.000000,35.000000,9.002284
45,57,-25.000000,35.000000,8.973432
46,57,-20.000000,35.000000,8.944615
47,57,-15.000000,35.000000,8.915830
48,57,-10.000000,35.000000,8.887086
49,57,-5.000000,35.000000,8.858361
50,57,0.000000,35.000000,8.829636
51,57,5.000000,35.000000,8.800911
52,57,10.000000,35.000000,8.773064
53,57,15.000000,35.000000,8.745359
54,57,20.000000,35.000000,8.718546
55,57,25.000000,35.000000,8.691732
56,57,30.000000,35.000000,8.664919
57,57,35.000000,35.000000,8.638474
58,57,40.000000,35.000000,8.612576
59,57,45.000000,35.000000,8.587360
60,57,50.000000,35.000000,8.562706
61,57,55.000000,35.000000,8.538053
62,57,60.000000,35.000000,8.513399
63,57,65.000000,35.000000,8.489051
64,57,70.000000,35.000000,8.464762
65,57,75.000000,35.000000,8.441078
66,57,80.000000,35.000000,8.417403
67,57,85.000000,35.000000,8.393728
68,57,90.000000,35.000000,8.370036
69,57,95.000000,35.000000,8.346302
70,57,100.000000,35.000000,8.322515
71,57,105.000000,35.000000,8.298655
72,57,110.000000,35.000000,8.274796
73,57,115.000000,35.000000,8.250936
74,57,120.000000,35.000000,8.227041
75,57,125.000000,35.000000,8.203130
76,57,130.000000,35.000000,8.179103
77,57,135.000000,35.000000,8.155056
78,57,140.000000,35.000000,8.131009
79,57,145.000000,35.000000,8.106984
80,57,150.000000,35.000000,8.083088
81,57,155.000000,35.000000,8.059349
82,57,160.000000,35.000000,8.035988
83,57,165.000000,35.000000,8.012626
84,57,170.000000,35.000000,7.989265
85,57,175.000000,35.000000,7.966024
86,57,180.000000,35.000000,7.942868
87,57,185.000000,35.000000,7.920445
88,57,190.000000,35.000000,7.898295
89,57,195.000000,35.000000,7.876145
90,57,200.000000,35.000000,7.853996
91,57,205.000000,35.000000,7.831922
92,57,210.000000,35.000000,7.809941
93,57,215.000000,35.000000,7.788433
94,57,220.000000,35.000000,7.766926
95,57,225.000000,35.000000,7.745418
96,57,230.000000,35.000000,7.723896
97,57,235.000000,35.000000,7.702356
98,57,240.000000,35.000000,7.680554
99,57,245.000000,35.000000,7.658576
100,57,250.000000,35.000000,7.636599
0,58,-250.000000,40.000000,10.196909
1,58,-245.000000,40.000000,10.168986
2,58,-240.000000,40.000000,10.141578
3,58,-235.000000,40.000000,10.114176
4,58,-230.000000,40.000000,10.086807
5,58,-225.000000,40.000000,10.059437
6,58,-220.000000,40.000000,10.032068
7,58,-215.000000,40.000000,10.004348
8,58,-210.000000,40.000000,9.976249
9,58,-205.000000,40.000000,9.948088
10,58,-200.000000,40.000000,9.919890
11,58,-195.000000,40.000000,9.891692
12,58,-190.000000,40.000000,9.863494
13,58,-185.000000,40.000000,9.835050
14,58,-180.000000,40.000000,9.806579
15,58,-175.000000,40.000000,9.778057
16,58,-170.000000,40.000000,9.749534
17,58,-165.000000,40.000000,9.721012
18,58,-160.000000,40.000000,9.692816
19,58,-155.000000,40.000000,9.665223
20,58,-150.000000,40.000000,9.637760
21,58,-145.000000,40.000000,9.610429
22,58,-140.000000,40.000000,9.583098
23,58,-135.000000,40.000000,9.555767
24,58,-130.000000,40.000000,9.529352
25,58,-125.000000,40.000000,9.503184
26,58,-120.000000,40.000000,9.477420
27,58,-115.000000,40.000000,9.451685
28,58,-110.000000,40.000000,9.425950
29,58,-105.000000,40.000000,9.400243
30,58,-100.000000,40.000000,9.374633
31,58,-95.000000,40.000000,9.349045
32,58,-90.000000,40.000000,9.323494
33,58,-85.000000,40.000000,9.297943
34,58,-80.000000,40.000000,9.272393
35,58,-75.000000,40.000000,9.246217
36,58,-70.000000,40.000000,9.219718
37,58,-65.000000,40.000000,9.192766
38,58,-60.000000,40.000000,9.165703
39,58,-55.000000,40.000000,9.138641
40,58,-50.000000,40.000000,9.111492
41,58,-45.000000,40.000000,9.083520
42,58,-40.000000,40.000000,9.055388
43,58,-35.000000,40.000000,9.026748
44,58,-30.000000,40.000000,8.998109
45,58,-25.000000,40.000000,8.969469
46,58,-20.000000,40.000000,8.940859
47,58,-15.000000,40.000000,8.912276
48,58,-10.000000,40.000000,8.883727
49,58,-5.000000,40.000000,8.855194
50,58,0.000000,40.000000,8.826661
51,58,5.000000,40.000000,8.798129
52,58,10.000000,40.000000,8.770452
53,58,15.000000,40.000000,8.742914
54,58,20.000000,40.000000,8.716245
55,58,25.000000,40.000000,8.689577
56,58,30.000000,40.000000,8.662908
57,58,35.000000,40.000000,8.636603
58,58,40.000000,40.000000,8.610835
59,58,45.000000,40.000000,8.585740
60,58,50.000000,40.000000,8.561197
61,58,55.000000,40.000000,8.536655
62,58,60.000000,40.000000,8.512113
63,58,65.000000,40.000000,8.487878
64,58,70.000000,40.000000,8.463701
65,58,75.000000,40.000000,8.440130
66,58,80.000000,40.000000,8.416569
67,58,85.000000,40.000000,8.393007
68,58,90.000000,40.000000,8.369431
69,58,95.000000,40.000000,8.345817
70,58,100.000000,40.000000,8.322156
71,58,105.000000,40.000000,8.298430
72,58,110.000000,40.000000,8.274705
73,58,115.000000,40.000000,8.250979
74,58,120.000000,40.000000,8.227218
75,58,125.000000,40.000000,8.203444
76,58,130.000000,40.000000,8.179557
77,58,135.000000,40.000000,8.155651
78,58,140.000000,40.000000,8.131745
79,58,145.000000,40.000000,8.107861
80,58,150.000000,40.000000,8.084103
81,58,155.000000,40.000000,8.060498
82,58,160.000000,40.000000,8.037262
83,58,165.000000,40.000000,8.014027
84,58,170.000000,40.000000,7.990791
85,58,175.000000,40.000000,7.967674
86,58,180.000000,40.000000,7.944640
87,58,185.000000,40.000000,7.922326
88,58,190.000000,40.000000,7.900281
89,58,195.000000,40.000000,7.878235
90,58,200.000000,40.000000,7.856191
91,58,205.000000,40.000000,7.834221
92,58,210.000000,40.000000,7.812344
93,58,215.000000,40.000000,7.790937
94,58,220.000000,40.000000,7.769530
95,58,225.000000,40.000000,7.748123
96,58,230.000000,40.000000,7.726702
97,58,235.000000,40.000000,7.705264
98,58,240.000000,40.000000,7.683572
99,58,245.000000,40.000000,7.661711
100,58,250.000000,40.000000,7.639850
0,59,-250.000000,45.000000,10.183635
1,59,-245.000000,45.000000,10.155824
2,59,-240.000000,45.000000,10.128567
3,59,-235.000000,45.000000,10.101318
4,59,-230.000000,45.000000,10.074103
5,59,-225.000000,45.000000,10.046888
6,59,-220.000000,45.000000,10.019673
7,59,-215.000000,45.000000,9.992136
8,59,-210.000000,45.000000,9.964250
9,59,-205.000000,45.000000,9.936307
10,59,-200.000000,45.000000,9.908330
11,59,-195.000000,45.000000,9.880354
12,59,-190.000000,45.000000,9.852377
13,59,-185.000000,45.000000,9.824171
14,59,-180.000000,45.000000,9.795941
15,59,-175.000000,45.000000,9.767664
16,59,-170.000000,45.000000,9.739386
17,59,-165.000000,45.000000,9.711108
18,59,-160.000000,45.000000,9.683147
19,59,-155.000000,45.000000,9.655769
20,59,-150.000000,45.000000,9.628518
21,59,-145.000000,45.000000,9.601395
22,59,-140.000000,45.000000,9.574272
23,59,-135.000000,45.000000,9.547149
24,59,-130.000000,45.000000,9.520915
25,59,-125.000000,45.000000,9.494920
26,59,-120.000000,45.000000,9.469317
27,59,-115.000000,45.000000,9.443742
28,59,-110.000000,45.000000,9.418167
29,59,-105.000000,45.000000,9.392620
30,59,-100.000000,45.000000,9.367168
31,59,-95.000000,45.000000,9.341737
32,59,-90.000000,45.000000,9.316344
33,59,-85.000000,45.000000,9.290950
34,59,-80.000000,45.000000,9.265556
35,59,-75.000000,45.000000,9.239554
36,59,-70.000000,45.000000,9.213237
37,59,-65.000000,45.000000,9.186478
38,59,-60.000000,45.000000,9.159611
39,59,-55.000000,45.000000,9.132745
40,59,-50.000000,45.000000,9.105794
41,59,-45.000000,45.000000,9.078035
42,59,-40.000000,45.000000,9.050119
43,59,-35.000000,45.000000,9.021705
44,59,-30.000000,45.000000,8.993291
45,59,-25.000000,45.000000,8.964877
46,59,-20.000000,45.000000,8.936488
47,59,-15.000000,45.000000,8.908120
48,59,-10.000000,45.000000,8.879781
49,59,-5.000000,45.000000,8.851456
50,59,0.000000,45.000000,8.823131
51,59,5.000000,45.000000,8.794805
52,59,10.000000,45.000000,8.767313
53,59,15.000000,45.000000,8.739956
54,59,20.000000,45.000000,8.713445
55,59,25.000000,45.000000,8.686934
56,59,30.000000,45.000000,8.660423
57,59,35.000000,45.000000,8.634270
58,59,40.000000,45.000000,8.608645
59,59,45.000000,45.000000,8.583682
60,59,50.000000,45.000000,8.559262
61,59,55.000000,45.000000,8.534843
62,59,60.000000,45.000000,8.510424
63,59,65.000000,45.000000,8.486313
64,59,70.000000,45.000000,8.462260
65,59,75.000000,45.000000,8.438816
66,59,80.000000,45.000000,8.415381
67,59,85.000000,45.000000,8.391945
68,59,90.000000,45.000000,8.368498
69,59,95.000000,45.000000,8.345017
70,59,100.000000,45.000000,8.321496
71,59,105.000000,45.000000,8.297920
72,59,110.000000,45.000000,8.274344
73,59,115.000000,45.000000,8.250767
74,59,120.000000,45.000000,8.227158
75,59,125.000000,45.000000,8.203535
76,59,130.000000,45.000000,8.179806
77,59,135.000000,45.000000,8.156058
78,59,140.000000,45.000000,8.132311
79,59,145.000000,45.000000,8.108585
80,59,150.000000,45.000000,8.084981
81,59,155.000000,45.000000,8.061527
82,59,160.000000,45.000000,8.038433
83,59,165.000000,45.000000,8.015338
84,59,170.000000,45.000000,7.992244
85,59,175.000000,45.000000,7.969265
86,59,180.000000,45.000000,7.946368
87,59,185.000000,45.000000,7.924175
88,59,190.000000,45.000000,7.902243
89,59,195.000000,45.000000,7.880312
90,59,200.000000,45.000000,7.858382
91,59,205.000000,45.000000,7.836525
92,59,210.000000,45.000000,7.814759
93,59,215.000000,45.000000,7.793454
94,59,220.000000,45.000000,7.772149
95,59,225.000000,45.000000,7.750843
96,59,230.000000,45.000000,7.729524
97,59,235.000000,45.000000,7.708189
98,59,240.000000,45.000000,7.686603
99,59,245.000000,45.000000,7.664852
100,59,250.000000,45.000000,7.643101
0,60,-250.000000,50.000000,10.170162
1,60,-245.000000,50.000000,10.142453
2,60,-240.000000,50.000000,10.115340
3,60,-235.000000,50.000000,10.088236
4,60,-230.000000,50.000000,10.061169
5,60,-225.000000,50.000000,10.034101
6,60,-220.000000,50.000000,10.007033
7,60,-215.000000,50.000000,9.979672
8,60,-210.000000,50.000000,9.951992
9,60,-205.000000,50.000000,9.924260
10,60,-200.000000,50.000000,9.896497
11,60,-195.000000,50.000000,9.868734
12,60,-190.000000,50.000000,9.840971
13,60,-185.000000,50.000000,9.812996
14,60,-180.000000,50.000000,9.784998
15,60,-175.000000,50.000000,9.756955
16,60,-170.000000,50.000000,9.728912
17,60,-165.000000,50.000000,9.700869
18,60,-160.000000,50.000000,9.673133
19,60,-155.000000,50.000000,9.645960
20,60,-150.000000,50.000000,9.618909
21,60,-145.000000,50.000000,9.591982
22,60,-140.000000,50.000000,9.565056
23,60,-135.000000,50.000000,9.538129
24,60,-130.000000,50.000000,9.512064
25,60,-125.000000,50.000000,9.486232
26,60,-120.000000,50.000000,9.460779
27,60,-115.000000,50.000000,9.435354
28,60,-110.000000,50.000000,9.409929
29,60,-105.000000,50.000000,9.384532
30,60,-100.000000,50.000000,9.359232
31,60,-95.000000,50.000000,9.333953
32,60,-90.000000,50.000000,9.308713
33,60,-85.000000,50.000000,9.283472
34,60,-80.000000,50.000000,9.258231
35,60,-75.000000,50.000000,9.232400
36,60,-70.000000,50.000000,9.206266
37,60,-65.000000,50.000000,9.179703
38,60,-60.000000,50.000000,9.153037
39,60,-55.000000,50.000000,9.126370
40,60,-50.000000,50.000000,9.099621
41,60,-45.000000,50.000000,9.072082
42,60,-40.000000,50.000000,9.044390
43,60,-35.000000,50.000000,9.016210
44,60,-30.000000,50.000000,8.988031
45,60,-25.000000,50.000000,8.959852
46,60,-20.000000,50.000000,8.931692
47,60,-15.000000,50.000000,8.903551
48,60,-10.000000,50.000000,8.875432
49,60,-5.000000,50.000000,8.847324
50,60,0.000000,50.000000,8.819217
51,60,5.000000,50.000000,8.791109
52,60,10.000000,50.000000,8.763811
53,60,15.000000,50.000000,8.736645
54,60,20.000000,50.000000,8.710300
55,60,25.000000,50.000000,8.683956
56,60,30.000000,50.000000,8.657612
57,60,35.000000,50.000000,8.631619
58,60,40.000000,50.000000,8.606145
59,60,45.000000,50.000000,8.581322
60,60,50.000000,50.000000,8.557034
61,60,55.000000,50.000000,8.532746
62,60,60.000000,50.000000,8.508457
63,60,65.000000,50.000000,8.484478
64,60,70.000000,50.000000,8.460558
65,60,75.000000,50.000000,8.437248
66,60,80.000000,50.000000,8.413948
67,60,85.000000,50.000000,8.390648
68,60,90.000000,50.000000,8.367338
69,60,95.000000,50.000000,8.344000
70,60,100.000000,50.000000,8.320630
71,60,105.000000,50.000000,8.297213
72,60,110.000000,50.000000,8.273797
73,60,115.000000,50.000000,8.250381
74,60,120.000000,50.000000,8.226934
75,60,125.000000,50.000000,8.203474
76,60,130.000000,50.000000,8.179913
77,60,135.000000,50.000000,8.156336
78,60,140.000000,50.000000,8.132759
79,60,145.000000,50.000000,8.109203
80,60,150.000000,50.000000,8.085766
81,60,155.000000,50.000000,8.062474
82,60,160.000000,50.000000,8.039531
83,60,165.000000,50.000000,8.016589
84,60,170.000000,50.000000,7.993647
85,60,175.000000,50.000000,7.970817
86,60,180.000000,50.000000,7.948066
87,60,185.000000,50.000000,7.926001
88,60,190.000000,50.000000,7.904190
89,60,195.000000,50.000000,7.882380
90,60,200.000000,50.000000,7.860571
91,60,205.000000,50.000000,7.838832
92,60,210.000000,50.000000,7.817182
93,60,215.000000,50.000000,7.795979
94,60,220.000000,50.000000,7.774776
95,60,225.000000,50.000000,7.753573
96,60,230.000000,50.000000,7.732357
97,60,235.000000,50.000000,7.711124
98,60,240.000000,50.000000,7.689643
99,60,245.000000,50.000000,7.667997
100,60,250.000000,50.000000,7.646352
0,61,-250.000000,55.000000,10.156435
1,61,-245.000000,55.000000,10.128816
2,61,-240.000000,55.000000,10.101837
3,61,-235.000000,55.000000,10.074868
4,61,-230.000000,55.000000,10.047938
5,61,-225.000000,55.000000,10.021008
6,61,-220.000000,55.000000,9.994079
7,61,-215.000000,55.000000,9.966883
8,61,-210.000000,55.000000,9.939400
9,61,-205.000000,55.000000,9.911870
10,61,-200.000000,55.000000,9.884312
11,61,-195.000000,55.000000,9.856754
12,61,-190.000000,55.000000,9.829195
13,61,-185.000000,55.000000,9.801438
14,61,-180.000000,55.000000,9.773660
15,61,-175.000000,55.000000,9.745841
16,61,-170.000000,55.000000,9.718021
17,61,-165.000000,55.000000,9.690201
18,61,-160.000000,55.000000,9.662676
19,61,-155.000000,55.000000,9.635693
20,61,-150.000000,55.000000,9.608829
21,61,-145.000000,55.000000,9.582083
22,61,-140.000000,55.000000,9.555337
23,61,-135.000000,55.000000,9.528591
24,61,-130.000000,55.000000,9.502682
25,61,-125.000000,55.000000,9.476998
26,61,-120.000000,55.000000,9.451683
27,61,-115.000000,55.000000,9.426395
28,61,-110.000000,55.000000,9.401106
29,61,-105.000000,55.000000,9.375847
30,61,-100.000000,55.000000,9.350691
31,61,-95.000000,55.000000,9.325557
32,61,-90.000000,55.000000,9.300464
33,61,-85.000000,55.000000,9.275370
34,61,-80.000000,55.000000,9.250276
35,61,-75.000000,55.000000,9.224617
36,61,-70.000000,55.000000,9.198665
37,61,-65.000000,55.000000,9.172303
38,61,-60.000000,55.000000,9.145841
39,61,-55.000000,55.000000,9.119380
40,61,-50.000000,55.000000,9.092837
41,61,-45.000000,55.000000,9.065528
42,61,-40.000000,55.000000,9.038068
43,61,-35.000000,55.000000,9.010136
44,61,-30.000000,55.000000,8.982203
45,61,-25.000000,55.000000,8.954270
46,61,-20.000000,55.000000,8.926353
47,61,-15.000000,55.000000,8.898450
48,61,-10.000000,55.000000,8.870564
49,61,-5.000000,55.000000,8.842688
50,61,0.000000,55.000000,8.814811
51,61,5.000000,55.000000,8.786934
52,61,10.000000,55.000000,8.759843
53,61,15.000000,55.000000,8.732879
54,61,20.000000,55.000000,8.706713
55,61,25.000000,55.000000,8.680547
56,61,30.000000,55.000000,8.654381
57,61,35.000000,55.000000,8.628559
58,61,40.000000,55.000000,8.603249
59,61,45.000000,55.000000,8.578576
60,61,50.000000,55.000000,8.554429
61,61,55.000000,55.000000,8.530281
62,61,60.000000,55.000000,8.506134
63,61,65.000000,55.000000,8.482297
64,61,70.000000,55.000000,8.458520
65,61,75.000000,55.000000,8.435357
66,61,80.000000,55.000000,8.412203
67,61,85.000000,55.000000,8.389049
68,61,90.000000,55.000000,8.365887
69,61,95.000000,55.000000,8.342704
70,61,100.000000,55.000000,8.319497
71,61,105.000000,55.000000,8.296254
72,61,110.000000,55.000000,8.273012
73,61,115.000000,55.000000,8.249769
74,61,120.000000,55.000000,8.226498
75,61,125.000000,55.000000,8.203215
76,61,130.000000,55.000000,8.179840
77,61,135.000000,55.000000,8.156448
78,61,140.000000,55.000000,8.133057
79,61,145.000000,55.000000,8.109686
80,61,150.000000,55.000000,8.086430
81,61,155.000000,55.000000,8.063315
82,61,160.000000,55.000000,8.040538
83,61,165.000000,55.000000,8.017762
84,61,170.000000,55.000000,7.994985
85,61,175.000000,55.000000,7.972317
86,61,180.000000,55.000000,7.949726
87,61,185.000000,55.000000,7.927798
88,61,190.000000,55.000000,7.906117
89,61,195.000000,55.000000,7.884435
90,61,200.000000,55.000000,7.862755
91,61,205.000000,55.000000,7.841143
92,61,210.000000,55.000000,7.819615
93,61,215.000000,55.000000,7.798515
94,61,220.000000,55.000000,7.777416
95,61,225.000000,55.000000,7.756316
96,61,230.000000,55.000000,7.735203
97,61,235.000000,55.000000,7.714073
98,61,240.000000,55.000000,7.692693
99,61,245.000000,55.000000,7.671148
100,61,250.000000,55.000000,7.649602
0,62,-250.000000,60.000000,10.142709
1,62,-245.000000,60.000000,10.115178
2,62,-240.000000,60.000000,10.088334
3,62,-235.000000,60.000000,10.061500
4,62,-230.000000,60.000000,10.034708
5,62,-225.000000,60.000000,10.007916
6,62,-220.000000,60.000000,9.981124
7,62,-215.000000,60.000000,9.954095
8,62,-210.000000,60.000000,9.926808
9,62,-205.000000,60.000000,9.899479
10,62,-200.000000,60.000000,9.872126
11,62,-195.000000,60.000000,9.844773
12,62,-190.000000,60.000000,9.817420
13,62,-185.000000,60.000000,9.789881
14,62,-180.000000,60.000000,9.762323
15,62,-175.000000,60.000000,9.734726
16,62,-170.000000,60.000000,9.707130
17,62,-165.000000,60.000000,9.679533
18,62,-160.000000,60.000000,9.652219
19,62,-155.000000,60.000000,9.625427
20,62,-150.000000,60.000000,9.598748
21,62,-145.000000,60.000000,9.572183
22,62,-140.000000,60.000000,9.545619
23,62,-135.000000,60.000000,9.519054
24,62,-130.000000,60.000000,9.493300
25,62,-125.000000,60.000000,9.467765
26,62,-120.000000,60.000000,9.442587
27,62,-115.000000,60.000000,9.417435
28,62,-110.000000,60.000000,9.392283
29,62,-105.000000,60.000000,9.367162
30,62,-100.000000,60.000000,9.342150
31,62,-95.000000,60.000000,9.317161
32,62,-90.000000,60.000000,9.292215
33,62,-85.000000,60.000000,9.267268
34,62,-80.000000,60.000000,9.242322
35,62,-75.000000,60.000000,9.216833
36,62,-70.000000,60.000000,9.191065
37,62,-65.000000,60.000000,9.164903
38,62,-60.000000,60.000000,9.138646
39,62,-55.000000,60.000000,9.112389
40,62,-50.000000,60.000000,9.086054
41,62,-45.000000,60.000000,9.058973
42,62,-40.000000,60.000000,9.031747
43,62,-35.000000,60.000000,9.004061
44,62,-30.000000,60.000000,8.976375
45,62,-25.000000,60.000000,8.948689
46,62,-20.000000,60.000000,8.921014
47,62,-15.000000,60.000000,8.893349
48,62,-10.000000,60.000000,8.865697
49,62,-5.000000,60.000000,8.838051
50,62,0.000000,60.000000,8.810405
51,62,5.000000,60.000000,8.782759
52,62,10.000000,60.000000,8.755875
53,62,15.000000,60.000000,8.729114
54,62,20.000000,60.000000,8.703126
55,62,25.000000,60.000000,8.677138
56,62,30.000000,60.000000,8.651150
57,62,35.000000,60.000000,8.625500
58,62,40.000000,60.000000,8.600352
59,62,45.000000,60.000000,8.575830
60,62,50.000000,60.000000,8.551823
61,62,55.000000,60.000000,8.527817
62,62,60.000000,60.000000,8.503810
63,62,65.000000,60.000000,8.480116
64,62,70.000000,60.000000,8.456482
65,62,75.000000,60.000000,8.433465
66,62,80.000000,60.000000,8.410457
67,62,85.000000,60.000000,8.387449
68,62,90.000000,60.000000,8.364436
69,62,95.000000,60.000000,8.341409
70,62,100.000000,60.000000,8.318364
71,62,105.000000,60.000000,8.295295
72,62,110.000000,60.000000,8.272226
73,62,115.000000,60.000000,8.249158
74,62,120.000000,60.000000,8.226063
75,62,125.000000,60.000000,8.202957
76,62,130.000000,60.000000,8.179766
77,62,135.000000,60.000000,8.156560
78,62,140.000000,60.000000,8.133355
79,62,145.000000,60.000000,8.110169
80,62,150.000000,60.000000,8.087094
81,62,155.000000,60.000000,8.064155
82,62,160.000000,60.000000,8.041545
83,62,165.000000,60.000000,8.018934
84,62,170.000000,60.000000,7.996323
85,62,175.000000,60.000000,7.973817
86,62,180.000000,60.000000,7.951386
87,62,185.000000,60.000000,7.929595
88,62,190.000000,60.000000,7.908043
89,62,195.000000,60.000000,7.886491
90,62,200.000000,60.000000,7.864940
91,62,205.000000,60.000000,7.843454
92,62,210.000000,60.000000,7.822048
93,62,215.000000,60.000000,7.801052
94,62,220.000000,60.000000,7.780055
95,62,225.000000,60.000000,7.759059
96,62,230.000000,60.000000,7.738049
97,62,235.000000,60.000000,7.717022
98,62,240.000000,60.000000,7.695744
99,62,245.000000,60.000000,7.674298
100,62,250.000000,60.000000,7.652852
0,63,-250.000000,65.000000,10.128999
1,63,-245.000000,65.000000,10.101558
2,63,-240.000000,65.000000,10.074847
3,63,-235.000000,65.000000,10.048148
4,63,-230.000000,65.000000,10.021493
5,63,-225.000000,65.000000,9.994838
6,63,-220.000000,65.000000,9.968184
7,63,-215.000000,65.000000,9.941320
8,63,-210.000000,65.000000,9.914230
9,63,-205.000000,65.000000,9.887103
10,63,-200.000000,65.000000,9.859954
11,63,-195.000000,65.000000,9.832804
12,63,-190.000000,65.000000,9.805655
13,63,-185.000000,65.000000,9.778335
14,63,-180.000000,65.000000,9.750996
15,63,-175.000000,65.000000,9.723621
16,63,-170.000000,65.000000,9.696247
17,63,-165.000000,65.000000,9.668872
18,63,-160.000000,65.000000,9.641769
19,63,-155.000000,65.000000,9.615167
20,63,-150.000000,65.000000,9.588673
21,63,-145.000000,65.000000,9.562289
22,63,-140.000000,65.000000,9.535905
23,63,-135.000000,65.000000,9.509520
24,63,-130.000000,65.000000,9.483922
25,63,-125.000000,65.000000,9.458535
26,63,-120.000000,65.000000,9.433494
27,63,-115.000000,65.000000,9.408478
28,63,-110.000000,65.000000,9.383462
29,63,-105.000000,65.000000,9.358479
30,63,-100.000000,65.000000,9.333610
31,63,-95.000000,65.000000,9.308767
32,63,-90.000000,65.000000,9.283968
33,63,-85.000000,65.000000,9.259168
34,63,-80.000000,65.000000,9.234369
35,63,-75.000000,65.000000,9.209051
36,63,-70.000000,65.000000,9.183466
37,63,-65.000000,65.000000,9.157504
38,63,-60.000000,65.000000,9.131451
39,63,-55.000000,65.000000,9.105399
40,63,-50.000000,65.000000,9.079270
41,63,-45.000000,65.000000,9.052418
42,63,-40.000000,65.000000,9.025424
43,63,-35.000000,65.000000,8.997984
44,63,-30.000000,65.000000,8.970544
45,63,-25.000000,65.000000,8.943104
46,63,-20.000000,65.000000,8.915671
47,63,-15.000000,65.000000,8.888244
48,63,-10.000000,65.000000,8.860824
49,63,-5.000000,65.000000,8.833409
50,63,0.000000,65.000000,8.805994
51,63,5.000000,65.000000,8.778578
52,63,10.000000,65.000000,8.751900
53,63,15.000000,65.000000,8.725341
54,63,20.000000,65.000000,8.699531
55,63,25.000000,65.000000,8.673721
56,63,30.000000,65.000000,8.647910
57,63,35.000000,65.000000,8.622433
58,63,40.000000,65.000000,8.597446
59,63,45.000000,65.000000,8.573075
60,63,50.000000,65.000000,8.549209
61,63,55.000000,65.000000,8.525344
62,63,60.000000,65.000000,8.501478
63,63,65.000000,65.000000,8.477927
64,63,70.000000,65.000000,8.454436
65,63,75.000000,65.000000,8.431565
66,63,80.000000,65.000000,8.408704
67,63,85.000000,65.000000,8.385842
68,63,90.000000,65.000000,8.362978
69,63,95.000000,65.000000,8.340106
70,63,100.000000,65.000000,8.317224
71,63,105.000000,65.000000,8.294329
72,63,110.000000,65.000000,8.271435
73,63,115.000000,65.000000,8.248540
74,63,120.000000,65.000000,8.225621
75,63,125.000000,65.000000,8.202692
76,63,130.000000,65.000000,8.179686
77,63,135.000000,65.000000,8.156666
78,63,140.000000,65.000000,8.133646
79,63,145.000000,65.000000,8.110646
80,63,150.000000,65.000000,8.087753
81,63,155.000000,65.000000,8.064991
82,63,160.000000,65.000000,8.042546
83,63,165.000000,65.000000,8.020101
84,63,170.000000,65.000000,7.997656
85,63,175.000000,65.000000,7.975312
86,63,180.000000,65.000000,7.953040
87,63,185.000000,65.000000,7.931387
88,63,190.000000,65.000000,7.909964
89,63,195.000000,65.000000,7.888541
90,63,200.000000,65.000000,7.867120
91,63,205.000000,65.000000,7.845760
92,63,210.000000,65.000000,7.824477
93,63,215.000000,65.000000,7.803584
94,63,220.000000,65.000000,7.782691
95,63,225.000000,65.000000,7.761797
96,63,230.000000,65.000000,7.740890
97,63,235.000000,65.000000,7.719967
98,63,240.000000,65.000000,7.698789
99,63,245.000000,65.000000,7.677443
100,63,250.000000,65.000000,7.656098
0,64,-250.000000,70.000000,10.115685
1,64,-245.000000,70.000000,10.088323
2,64,-240.000000,70.000000,10.061739
3,64,-235.000000,70.000000,10.035166
4,64,-230.000000,70.000000,10.008642
5,64,-225.000000,70.000000,9.982117
6,64,-220.000000,70.000000,9.955593
7,64,-215.000000,70.000000,9.928885
8,64,-210.000000,70.000000,9.901977
9,64,-205.000000,70.000000,9.875037
10,64,-200.000000,70.000000,9.848078
11,64,-195.000000,70.000000,9.821119
12,64,-190.000000,70.000000,9.794160
13,64,-185.000000,70.000000,9.767040
14,64,-180.000000,70.000000,9.739902
15,64,-175.000000,70.000000,9.712731
16,64,-170.000000,70.000000,9.685560
17,64,-165.000000,70.000000,9.658389
18,64,-160.000000,70.000000,9.631479
19,64,-155.000000,70.000000,9.605051
20,64,-150.000000,70.000000,9.578728
21,64,-145.000000,70.000000,9.552510
22,64,-140.000000,70.000000,9.526292
23,64,-135.000000,70.000000,9.500074
24,64,-130.000000,70.000000,9.474620
25,64,-125.000000,70.000000,9.449374
26,64,-120.000000,70.000000,9.424464
27,64,-115.000000,70.000000,9.399578
28,64,-110.000000,70.000000,9.374692
29,64,-105.000000,70.000000,9.349842
30,64,-100.000000,70.000000,9.325112
31,64,-95.000000,70.000000,9.300410
32,64,-90.000000,70.000000,9.275755
33,64,-85.000000,70.000000,9.251100
34,64,-80.000000,70.000000,9.226445
35,64,-75.000000,70.000000,9.201293
36,64,-70.000000,70.000000,9.175885
37,64,-65.000000,70.000000,9.150116
38,64,-60.000000,70.000000,9.124261
39,64,-55.000000,70.000000,9.098405
40,64,-50.000000,70.000000,9.072475
41,64,-45.000000,70.000000,9.045840
42,64,-40.000000,70.000000,9.019068
43,64,-35.000000,70.000000,8.991861
44,64,-30.000000,70.000000,8.964654
45,64,-25.000000,70.000000,8.937447
46,64,-20.000000,70.000000,8.910242
47,64,-15.000000,70.000000,8.883040
48,64,-10.000000,70.000000,8.855840
49,64,-5.000000,70.000000,8.828642
50,64,0.000000,70.000000,8.801444
51,64,5.000000,70.000000,8.774247
52,64,10.000000,70.000000,8.747765
53,64,15.000000,70.000000,8.721399
54,64,20.000000,70.000000,8.695761
55,64,25.000000,70.000000,8.670122
56,64,30.000000,70.000000,8.644484
57,64,35.000000,70.000000,8.619173
58,64,40.000000,70.000000,8.594346
59,64,45.000000,70.000000,8.570125
60,64,50.000000,70.000000,8.546402
61,64,55.000000,70.000000,8.522679
62,64,60.000000,70.000000,8.498957
63,64,65.000000,70.000000,8.475551
64,64,70.000000,70.000000,8.452206
65,64,75.000000,70.000000,8.429486
66,64,80.000000,70.000000,8.406776
67,64,85.000000,70.000000,8.384066
68,64,90.000000,70.000000,8.361355
69,64,95.000000,70.000000,8.338643
70,64,100.000000,70.000000,8.315928
71,64,105.000000,70.000000,8.293211
72,64,110.000000,70.000000,8.270493
73,64,115.000000,70.000000,8.247776
74,64,120.000000,70.000000,8.225036
75,64,125.000000,70.000000,8.202288
76,64,130.000000,70.000000,8.179467
77,64,135.000000,70.000000,8.156635
78,64,140.000000,70.000000,8.133802
79,64,145.000000,70.000000,8.110988
80,64,150.000000,70.000000,8.088278
81,64,155.000000,70.000000,8.065694
82,64,160.000000,70.000000,8.043417
83,64,165.000000,70.000000,8.021139
84,64,170.000000,70.000000,7.998862
85,64,175.000000,70.000000,7.976682
86,64,180.000000,70.000000,7.954572
87,64,185.000000,70.000000,7.933059
88,64,190.000000,70.000000,7.911768
89,64,195.000000,70.000000,7.890477
90,64,200.000000,70.000000,7.869188
91,64,205.000000,70.000000,7.847957
92,64,210.000000,70.000000,7.826798
93,64,215.000000,70.000000,7.806009
94,64,220.000000,70.000000,7.785221
95,64,225.000000,70.000000,7.764432
96,64,230.000000,70.000000,7.743629
97,64,235.000000,70.000000,7.722808
98,64,240.000000,70.000000,7.701729
99,64,245.000000,70.000000,7.680478
100,64,250.000000,70.000000,7.659226
0,65,-250.000000,75.000000,10.102608
1,65,-245.000000,75.000000,10.075320
2,65,-240.000000,75.000000,10.048858
3,65,-235.000000,75.000000,10.022408
4,65,-230.000000,75.000000,9.996009
5,65,-225.000000,75.000000,9.969611
6,65,-220.000000,75.000000,9.943212
7,65,-215.000000,75.000000,9.916653
8,65,-210.000000,75.000000,9.889920
9,65,-205.000000,75.000000,9.863159
10,65,-200.000000,75.000000,9.836382
11,65,-195.000000,75.000000,9.809604
12,65,-190.000000,75.000000,9.782827
13,65,-185.000000,75.000000,9.755896
14,65,-180.000000,75.000000,9.728949
15,65,-175.000000,75.000000,9.701971
16,65,-170.000000,75.000000,9.674992
17,65,-165.000000,75.000000,9.648013
18,65,-160.000000,75.000000,9.621286
19,65,-155.000000,75.000000,9.595023
20,65,-150.000000,75.000000,9.568861
21,65,-145.000000,75.000000,9.542801
22,65,-140.000000,75.000000,9.516740
23,65,-135.000000,75.000000,9.490680
24,65,-130.000000,75.000000,9.465366
25,65,-125.000000,75.000000,9.440254
26,65,-120.000000,75.000000,9.415471
27,65,-115.000000,75.000000,9.390712
28,65,-110.000000,75.000000,9.365953
29,65,-105.000000,75.000000,9.341231
30,65,-100.000000,75.000000,9.316639
31,65,-95.000000,75.000000,9.292076
32,65,-90.000000,75.000000,9.267563
33,65,-85.000000,75.000000,9.243050
34,65,-80.000000,75.000000,9.218538
35,65,-75.000000,75.000000,9.193549
36,65,-70.000000,75.000000,9.168315
37,65,-65.000000,75.000000,9.142735
38,65,-60.000000,75.000000,9.117072
39,65,-55.000000,75.000000,9.091409
40,65,-50.000000,75.000000,9.065673
41,65,-45.000000,75.000000,9.039250
42,65,-40.000000,75.000000,9.012692
43,65,-35.000000,75.000000,8.985710
44,65,-30.000000,75.000000,8.958728
45,65,-25.000000,75.000000,8.931746
46,65,-20.000000,75.000000,8.904762
47,65,-15.000000,75.000000,8.877777
48,65,-10.000000,75.000000,8.850789
49,65,-5.000000,75.000000,8.823801
50,65,0.000000,75.000000,8.796813
51,65,5.000000,75.000000,8.769824
52,65,10.000000,75.000000,8.743533
53,65,15.000000,75.000000,8.717355
54,65,20.000000,75.000000,8.691885
55,65,25.000000,75.000000,8.666414
56,65,30.000000,75.000000,8.640944
57,65,35.000000,75.000000,8.615797
58,65,40.000000,75.000000,8.591128
59,65,45.000000,75.000000,8.567057
60,65,50.000000,75.000000,8.543478
61,65,55.000000,75.000000,8.519899
62,65,60.000000,75.000000,8.496320
63,65,65.000000,75.000000,8.473062
64,65,70.000000,75.000000,8.449864
65,65,75.000000,75.000000,8.427299
66,65,80.000000,75.000000,8.404743
67,65,85.000000,75.000000,8.382188
68,65,90.000000,75.000000,8.359633
69,65,95.000000,75.000000,8.337083
70,65,100.000000,75.000000,8.314539
71,65,105.000000,75.000000,8.292000
72,65,110.000000,75.000000,8.269462
73,65,115.000000,75.000000,8.246924
74,65,120.000000,75.000000,8.224366
75,65,125.000000,75.000000,8.201799
76,65,130.000000,75.000000,8.179165
77,65,135.000000,75.000000,8.156521
78,65,140.000000,75.000000,8.133876
79,65,145.000000,75.000000,8.111249
80,65,150.000000,75.000000,8.088723
81,65,155.000000,75.000000,8.066318
82,65,160.000000,75.000000,8.044209
83,65,165.000000,75.000000,8.022100
84,65,170.000000,75.000000,7.999991
85,65,175.000000,75.000000,7.977977
86,65,180.000000,75.000000,7.956029
87,65,185.000000,75.000000,7.934658
88,65,190.000000,75.000000,7.913501
89,65,195.000000,75.000000,7.892344
90,65,200.000000,75.000000,7.871189
91,65,205.000000,75.000000,7.850088
92,65,210.000000,75.000000,7.829056
93,65,215.000000,75.000000,7.808372
94,65,220.000000,75.000000,7.787688
95,65,225.000000,75.000000,7.767003
96,65,230.000000,75.000000,7.746305
97,65,235.000000,75.000000,7.725588
98,65,240.000000,75.000000,7.704605
99,65,245.000000,75.000000,7.683445
100,65,250.000000,75.000000,7.662285
0,66,-250.000000,80.000000,10.089987
1,66,-245.000000,80.000000,10.062762
2,66,-240.000000,80.000000,10.036413
3,66,-235.000000,80.000000,10.010078
4,66,-230.000000,80.000000,9.983796
5,66,-225.000000,80.000000,9.957514
6,66,-220.000000,80.000000,9.931233
7,66,-215.000000,80.000000,9.904811
8,66,-210.000000,80.000000,9.878238
9,66,-205.000000,80.000000,9.851640
10,66,-200.000000,80.000000,9.825028
11,66,-195.000000,80.000000,9.798416
12,66,-190.000000,80.000000,9.771803
13,66,-185.000000,80.000000,9.745042
14,66,-180.000000,80.000000,9.718265
15,66,-175.000000,80.000000,9.691458
16,66,-170.000000,80.000000,9.664650
17,66,-165.000000,80.000000,9.637842
18,66,-160.000000,80.000000,9.611277
19,66,-155.000000,80.000000,9.585162
20,66,-150.000000,80.000000,9.559144
21,66,-145.000000,80.000000,9.533225
22,66,-140.000000,80.000000,9.507305
23,66,-135.000000,80.000000,9.481386
24,66,-130.000000,80.000000,9.456201
25,66,-125.000000,80.000000,9.431214
26,66,-120.000000,80.000000,9.406551
27,66,-115.000000,80.000000,9.381911
28,66,-110.000000,80.000000,9.357272
29,66,-105.000000,80.000000,9.332672
30,66,-100.000000,80.000000,9.308213
31,66,-95.000000,80.000000,9.283785
32,66,-90.000000,80.000000,9.259412
33,66,-85.000000,80.000000,9.235038
34,66,-80.000000,80.000000,9.210664
35,66,-75.000000,80.000000,9.185833
36,66,-70.000000,80.000000,9.160766
37,66,-65.000000,80.000000,9.135368
38,66,-60.000000,80.000000,9.109889
39,66,-55.000000,80.000000,9.084409
40,66,-50.000000,80.000000,9.058859
41,66,-45.000000,80.000000,9.032635
42,66,-40.000000,80.000000,9.006278
43,66,-35.000000,80.000000,8.979506
44,66,-30.000000,80.000000,8.952734
45,66,-25.000000,80.000000,8.925962
46,66,-20.000000,80.000000,8.899184
47,66,-15.000000,80.000000,8.872400
48,66,-10.000000,80.000000,8.845610
49,66,-5.000000,80.000000,8.818816
50,66,0.000000,80.000000,8.792023
51,66,5.000000,80.000000,8.765229
52,66,10.000000,80.000000,8.739117
53,66,15.000000,80.000000,8.713116
54,66,20.000000,80.000000,8.687806
55,66,25.000000,80.000000,8.662497
56,66,30.000000,80.000000,8.637188
57,66,35.000000,80.000000,8.612199
58,66,40.000000,80.000000,8.587685
59,66,45.000000,80.000000,8.563764
60,66,50.000000,80.000000,8.540331
61,66,55.000000,80.000000,8.516898
62,66,60.000000,80.000000,8.493465
63,66,65.000000,80.000000,8.470356
64,66,70.000000,80.000000,8.447310
65,66,75.000000,80.000000,8.424905
66,66,80.000000,80.000000,8.402509
67,66,85.000000,80.000000,8.380114
68,66,90.000000,80.000000,8.357722
69,66,95.000000,80.000000,8.335339
70,66,100.000000,80.000000,8.312968
71,66,105.000000,80.000000,8.290614
72,66,110.000000,80.000000,8.268259
73,66,115.000000,80.000000,8.245904
74,66,120.000000,80.000000,8.223530
75,66,125.000000,80.000000,8.201148
76,66,130.000000,80.000000,8.178704
77,66,135.000000,80.000000,8.156249
78,66,140.000000,80.000000,8.133794
79,66,145.000000,80.000000,8.111356
80,66,150.000000,80.000000,8.089014
81,66,155.000000,80.000000,8.066791
82,66,160.000000,80.000000,8.044852
83,66,165.000000,80.000000,8.022914
84,66,170.000000,80.000000,8.000975
85,66,175.000000,80.000000,7.979127
86,66,180.000000,80.000000,7.957345
87,66,185.000000,80.000000,7.936118
88,66,190.000000,80.000000,7.915099
89,66,195.000000,80.000000,7.894079
90,66,200.000000,80.000000,7.873060
91,66,205.000000,80.000000,7.852093
92,66,210.000000,80.000000,7.831190
93,66,215.000000,80.000000,7.810612
94,66,220.000000,80.000000,7.790033
95,66,225.000000,80.000000,7.769455
96,66,230.000000,80.000000,7.748862
97,66,235.000000,80.000000,7.728250
98,66,240.000000,80.000000,7.707359
99,66,245.000000,80.000000,7.686284
100,66,250.000000,80.000000,7.665209
0,67,-250.000000,85.000000,10.077365
1,67,-245.000000,85.000000,10.050204
2,67,-240.000000,85.000000,10.023969
3,67,-235.000000,85.000000,9.997747
4,67,-230.000000,85.000000,9.971583
5,67,-225.000000,85.000000,9.945418
6,67,-220.000000,85.000000,9.919254
7,67,-215.000000,85.000000,9.892970
8,67,-210.000000,85.000000,9.866556
9,67,-205.000000,85.000000,9.840121
10,67,-200.000000,85.000000,9.813674
11,67,-195.000000,85.000000,9.787227
12,67,-190.000000,85.000000,9.760780
13,67,-185.000000,85.000000,9.734188
14,67,-180.000000,85.000000,9.707581
15,67,-175.000000,85.000000,9.680944
16,67,-170.000000,85.000000,9.654307
17,67,-165.000000,85.000000,9.627670
18,67,-160.000000,85.000000,9.601269
19,67,-155.000000,85.000000,9.575301
20,67,-150.000000,85.000000,9.549427
21,67,-145.000000,85.000000,9.523649
22,67,-140.000000,85.000000,9.497870
23,67,-135.000000,85.000000,9.472092
24,67,-130.000000,85.000000,9.447036
25,67,-125.000000,85.000000,9.422174
26,67,-120.000000,85.000000,9.397631
27,67,-115.000000,85.000000,9.373111
28,67,-110.000000,85.000000,9.348591
29,67,-105.000000,85.000000,9.324114
30,67,-100.000000,85.000000,9.299787
31,67,-95.000000,85.000000,9.275495
32,67,-90.000000,85.000000,9.251260
33,67,-85.000000,85.000000,9.227025
34,67,-80.000000,85.000000,9.202791
35,67,-75.000000,85.000000,9.178118
36,67,-70.000000,85.000000,9.153218
37,67,-65.000000,85.000000,9.128000
38,67,-60.000000,85.000000,9.102705
39,67,-55.000000,85.000000,9.077410
40,67,-50.000000,85.000000,9.052045
41,67,-45.000000,85.000000,9.026019
42,67,-40.000000,85.000000,8.999865
43,67,-35.000000,85.000000,8.973302
44,67,-30.000000,85.000000,8.946740
45,67,-25.000000,85.000000,8.920178
46,67,-20.000000,85.000000,8.893605
47,67,-15.000000,85.000000,8.867023
48,67,-10.000000,85.000000,8.840430
49,67,-5.000000,85.000000,8.813831
50,67,0.000000,85.000000,8.787233
51,67,5.000000,85.000000,8.760634
52,67,10.000000,85.000000,8.734701
53,67,15.000000,85.000000,8.708876
54,67,20.000000,85.000000,8.683728
55,67,25.000000,85.000000,8.658580
56,67,30.000000,85.000000,8.633432
57,67,35.000000,85.000000,8.608602
58,67,40.000000,85.000000,8.584242
59,67,45.000000,85.000000,8.560471
60,67,50.000000,85.000000,8.537184
61,67,55.000000,85.000000,8.513896
62,67,60.000000,85.000000,8.490609
63,67,65.000000,85.000000,8.467651
64,67,70.000000,85.000000,8.444756
65,67,75.000000,85.000000,8.422510
66,67,80.000000,85.000000,8.400275
67,67,85.000000,85.000000,8.378040
68,67,90.000000,85.000000,8.355810
69,67,95.000000,85.000000,8.333595
70,67,100.000000,85.000000,8.311398
71,67,105.000000,85.000000,8.289227
72,67,110.000000,85.000000,8.267056
73,67,115.000000,85.000000,8.244884
74,67,120.000000,85.000000,8.222695
75,67,125.000000,85.000000,8.200498
76,67,130.000000,85.000000,8.178242
77,67,135.000000,85.000000,8.155977
78,67,140.000000,85.000000,8.133711
79,67,145.000000,85.000000,8.111462
80,67,150.000000,85.000000,8.089306
81,67,155.000000,85.000000,8.067264
82,67,160.000000,85.000000,8.045495
83,67,165.000000,85.000000,8.023727
84,67,170.000000,85.000000,8.001959
85,67,175.000000,85.000000,7.980278
86,67,180.000000,85.000000,7.958660
87,67,185.000000,85.000000,7.937578
88,67,190.000000,85.000000,7.916696
89,67,195.000000,85.000000,7.895814
90,67,200.000000,85.000000,7.874932
91,67,205.000000,85.000000,7.854099
92,67,210.000000,85.000000,7.833324
93,67,215.000000,85.000000,7.812852
94,67,220.000000,85.000000,7.792379
95,67,225.000000,85.000000,7.771907
96,67,230.000000,85.000000,7.751418
97,67,235.000000,85.000000,7.730911
98,67,240.000000,85.000000,7.710114
99,67,245.000000,85.000000,7.689124
100,67,250.000000,85.000000,7.668134
0,68,-250.000000,90.000000,10.064744
1,68,-245.000000,90.000000,10.037646
2,68,-240.000000,90.000000,10.011524
3,68,-235.000000,90.000000,9.985416
4,68,-230.000000,90.000000,9.959369
5,68,-225.000000,90.000000,9.933322
6,68,-220.000000,90.000000,9.907275
7,68,-215.000000,90.000000,9.881128
8,68,-210.000000,90.000000,9.854874
9,68,-205.000000,90.000000,9.828602
10,68,-200.000000,90.000000,9.802320
11,68,-195.000000,90.000000,9.776038
12,68,-190.000000,90.000000,9.749756
13,68,-185.000000,90.000000,9.723334
14,68,-180.000000,90.000000,9.696897
15,68,-175.000000,90.000000,9.670431
16,68,-170.000000,90.000000,9.643965
17,68,-165.000000,90.000000,9.617499
18,68,-160.000000,90.000000,9.591260
19,68,-155.000000,90.000000,9.565440
20,68,-150.000000,90.000000,9.539711
21,68,-145.000000,90.000000,9.514073
22,68,-140.000000,90.000000,9.488436
23,68,-135.000000,90.000000,9.462798
24,68,-130.000000,90.000000,9.437871
25,68,-125.000000,90.000000,9.413134
26,68,-120.000000,90.000000,9.388711
27,68,-115.000000,90.000000,9.364311
28,68,-110.000000,90.000000,9.339910
29,68,-105.000000,90.000000,9.315555
30,68,-100.000000,90.000000,9.291362
31,68,-95.000000,90.000000,9.267204
32,68,-90.000000,90.000000,9.243108
33,68,-85.000000,90.000000,9.219013
34,68,-80.000000,90.000000,9.194917
35,68,-75.000000,90.000000,9.170402
36,68,-70.000000,90.000000,9.145669
37,68,-65.000000,90.000000,9.120632
38,68,-60.000000,90.000000,9.095521
39,68,-55.000000,90.000000,9.070410
40,68,-50.000000,90.000000,9.045231
41,68,-45.000000,90.000000,9.019404
42,68,-40.000000,90.000000,8.993451
43,68,-35.000000,90.000000,8.967098
44,68,-30.000000,90.000000,8.940746
45,68,-25.000000,90.000000,8.914393
46,68,-20.000000,90.000000,8.888026
47,68,-15.000000,90.000000,8.861647
48,68,-10.000000,90.000000,8.835251
49,68,-5.000000,90.000000,8.808847
50,68,0.000000,90.000000,8.782442
51,68,5.000000,90.000000,8.756038
52,68,10.000000,90.000000,8.730285
53,68,15.000000,90.000000,8.704637
54,68,20.000000,90.000000,8.679650
55,68,25.000000,90.000000,8.654663
56,68,30.000000,90.000000,8.629676
57,68,35.000000,90.000000,8.605004
58,68,40.000000,90.000000,8.580799
59,68,45.000000,90.000000,8.557178
60,68,50.000000,90.000000,8.534037
61,68,55.000000,90.000000,8.510895
62,68,60.000000,90.000000,8.487754
63,68,65.000000,90.000000,8.464946
64,68,70.000000,90.000000,8.442202
65,68,75.000000,90.000000,8.420116
66,68,80.000000,90.000000,8.398041
67,68,85.000000,90.000000,8.375966
68,68,90.000000,90.000000,8.353898
69,68,95.000000,90.000000,8.331851
70,68,100.000000,90.000000,8.309828
71,68,105.000000,90.000000,8.287840
72,68,110.000000,90.000000,8.265853
73,68,115.000000,90.000000,8.243865
74,68,120.000000,90.000000,8.221860
75,68,125.000000,90.000000,8.199848
76,68,130.000000,90.000000,8.177781
77,68,135.000000,90.000000,8.155705
78,68,140.000000,90.000000,8.133629
79,68,145.000000,90.000000,8.111568
80,68,150.000000,90.000000,8.089598
81,68,155.000000,90.000000,8.067736
82,68,160.000000,90.000000,8.046138
83,68,165.000000,90.000000,8.024541
84,68,170.000000,90.000000,8.002943
85,68,175.000000,90.000000,7.981429
86,68,180.000000,90.000000,7.959976
87,68,185.000000,90.000000,7.939039
88,68,190.000000,90.000000,7.918294
89,68,195.000000,90.000000,7.897549
90,68,200.000000,90.000000,7.876804
91,68,205.000000,90.000000,7.856104
92,68,210.000000,90.000000,7.835459
93,68,215.000000,90.000000,7.815092
94,68,220.000000,90.000000,7.794725
95,68,225.000000,90.000000,7.774359
96,68,230.000000,90.000000,7.753975
97,68,235.000000,90.000000,7.733572
98,68,240.000000,90.000000,7.712868
99,68,245.000000,90.000000,7.691963
100,68,250.000000,90.000000,7.671058
0,69,-250.000000,95.000000,10.052611
1,69,-245.000000,95.000000,10.025578
2,69,-240.000000,95.000000,9.999569
3,69,-235.000000,95.000000,9.973574
4,69,-230.000000,95.000000,9.947642
5,69,-225.000000,95.000000,9.921711
6,69,-220.000000,95.000000,9.895779
7,69,-215.000000,95.000000,9.869765
8,69,-210.000000,95.000000,9.843661
9,69,-205.000000,95.000000,9.817543
10,69,-200.000000,95.000000,9.791415
11,69,-195.000000,95.000000,9.765288
12,69,-190.000000,95.000000,9.739161
13,69,-185.000000,95.000000,9.712895
14,69,-180.000000,95.000000,9.686615
15,69,-175.000000,95.000000,9.660306
16,69,-170.000000,95.000000,9.633996
17,69,-165.000000,95.000000,9.607687
18,69,-160.000000,95.000000,9.581598
19,69,-155.000000,95.000000,9.555916
20,69,-150.000000,95.000000,9.530322
21,69,-145.000000,95.000000,9.504816
22,69,-140.000000,95.000000,9.479311
23,69,-135.000000,95.000000,9.453806
24,69,-130.000000,95.000000,9.429002
25,69,-125.000000,95.000000,9.404388
26,69,-120.000000,95.000000,9.380083
27,69,-115.000000,95.000000,9.355799
28,69,-110.000000,95.000000,9.331516
29,69,-105.000000,95.000000,9.307283
30,69,-100.000000,95.000000,9.283219
31,69,-95.000000,95.000000,9.259195
32,69,-90.000000,95.000000,9.235236
33,69,-85.000000,95.000000,9.211277
34,69,-80.000000,95.000000,9.187318
35,69,-75.000000,95.000000,9.162955
36,69,-70.000000,95.000000,9.138382
37,69,-65.000000,95.000000,9.113516
38,69,-60.000000,95.000000,9.088579
39,69,-55.000000,95.000000,9.063642
40,69,-50.000000,95.000000,9.038637
41,69,-45.000000,95.000000,9.012995
42,69,-40.000000,95.000000,8.987229
43,69,-35.000000,95.000000,8.961069
44,69,-30.000000,95.000000,8.934909
45,69,-25.000000,95.000000,8.908749
46,69,-20.000000,95.000000,8.882570
47,69,-15.000000,95.000000,8.856375
48,69,-10.000000,95.000000,8.830159
49,69,-5.000000,95.000000,8.803933
50,69,0.000000,95.000000,8.777707
51,69,5.000000,95.000000,8.751481
52,69,10.000000,95.000000,8.725893
53,69,15.000000,95.000000,8.700410
54,69,20.000000,95.000000,8.675574
55,69,25.000000,95.000000,8.650739
56,69,30.000000,95.000000,8.625903
57,69,35.000000,95.000000,8.601382
58,69,40.000000,95.000000,8.577325
59,69,45.000000,95.000000,8.553849
60,69,50.000000,95.000000,8.530851
61,69,55.000000,95.000000,8.507852
62,69,60.000000,95.000000,8.484854
63,69,65.000000,95.000000,8.462195
64,69,70.000000,95.000000,8.439600
65,69,75.000000,95.000000,8.417673
66,69,80.000000,95.000000,8.395757
67,69,85.000000,95.000000,8.373840
68,69,90.000000,95.000000,8.351934
69,69,95.000000,95.000000,8.330052
70,69,100.000000,95.000000,8.308201
71,69,105.000000,95.000000,8.286392
72,69,110.000000,95.000000,8.264583
73,69,115.000000,95.000000,8.242775
74,69,120.000000,95.000000,8.220950
75,69,125.000000,95.000000,8.199118
76,69,130.000000,95.000000,8.177234
77,69,135.000000,95.000000,8.155340
78,69,140.000000,95.000000,8.133447
79,69,145.000000,95.000000,8.111569
80,69,150.000000,95.000000,8.089777
81,69,155.000000,95.000000,8.068090
82,69,160.000000,95.000000,8.046657
83,69,165.000000,95.000000,8.025225
84,69,170.000000,95.000000,8.003792
85,69,175.000000,95.000000,7.982441
86,69,180.000000,95.000000,7.961147
87,69,185.000000,95.000000,7.940352
88,69,190.000000,95.000000,7.919743
89,69,195.000000,95.000000,7.899133
90,69,200.000000,95.000000,7.878524
91,69,205.000000,95.000000,7.857956
92,69,210.000000,95.000000,7.837438
93,69,215.000000,95.000000,7.817177
94,69,220.000000,95.000000,7.796916
95,69,225.000000,95.000000,7.776655
96,69,230.000000,95.000000,7.756376
97,69,235.000000,95.000000,7.736077
98,69,240.000000,95.000000,7.715463
99,69,245.000000,95.000000,7.694640
100,69,250.000000,95.000000,7.673818
0,70,-250.000000,100.000000,10.040775
1,70,-245.000000,100.000000,10.013809
2,70,-240.000000,100.000000,9.987911
3,70,-235.000000,100.000000,9.962029
4,70,-230.000000,100.000000,9.936212
5,70,-225.000000,100.000000,9.910395
6,70,-220.000000,100.000000,9.884579
7,70,-215.000000,100.000000,9.858693
8,70,-210.000000,100.000000,9.832734
9,70,-205.000000,100.000000,9.806762
10,70,-200.000000,100.000000,9.780783
11,70,-195.000000,100.000000,9.754805
12,70,-190.000000,100.000000,9.728826
13,70,-185.000000,100.000000,9.702709
14,70,-180.000000,100.000000,9.676577
15,70,-175.000000,100.000000,9.650416
16,70,-170.000000,100.000000,9.624255
17,70,-165.000000,100.000000,9.598094
18,70,-160.000000,100.000000,9.572148
19,70,-155.000000,100.000000,9.546597
20,70,-150.000000,100.000000,9.521132
21,70,-145.000000,100.000000,9.495754
22,70,-140.000000,100.000000,9.470376
23,70,-135.000000,100.000000,9.444998
24,70,-130.000000,100.000000,9.420315
25,70,-125.000000,100.000000,9.395820
26,70,-120.000000,100.000000,9.371631
27,70,-115.000000,100.000000,9.347465
28,70,-110.000000,100.000000,9.323298
29,70,-105.000000,100.000000,9.299183
30,70,-100.000000,100.000000,9.275250
31,70,-95.000000,100.000000,9.251356
32,70,-90.000000,100.000000,9.227533
33,70,-85.000000,100.000000,9.203709
34,70,-80.000000,100.000000,9.179886
35,70,-75.000000,100.000000,9.155671
36,70,-70.000000,100.000000,9.131254
37,70,-65.000000,100.000000,9.106554
38,70,-60.000000,100.000000,9.081784
39,70,-55.000000,100.000000,9.057015
40,70,-50.000000,100.000000,9.032179
41,70,-45.000000,100.000000,9.006713
42,70,-40.000000,100.000000,8.981123
43,70,-35.000000,100.000000,8.955145
44,70,-30.000000,100.000000,8.929167
45,70,-25.000000,100.000000,8.903189
46,70,-20.000000,100.000000,8.877188
47,70,-15.000000,100.000000,8.851168
48,70,-10.000000,100.000000,8.825122
49,70,-5.000000,100.000000,8.799064
50,70,0.000000,100.000000,8.773005
51,70,5.000000,100.000000,8.746947
52,70,10.000000,100.000000,8.721517
53,70,15.000000,100.000000,8.696189
54,70,20.000000,100.000000,8.671499
55,70,25.000000,100.000000,8.646810
56,70,30.000000,100.000000,8.622120
57,70,35.000000,100.000000,8.597744
58,70,40.000000,100.000000,8.573831
59,70,45.000000,100.000000,8.550498
60,70,50.000000,100.000000,8.527641
61,70,55.000000,100.000000,8.504785
62,70,60.000000,100.000000,8.481928
63,70,65.000000,100.000000,8.459416
64,70,70.000000,100.000000,8.436969
65,70,75.000000,100.000000,8.415200
66,70,80.000000,100.000000,8.393442
67,70,85.000000,100.000000,8.371684
68,70,90.000000,100.000000,8.349937
69,70,95.000000,100.000000,8.328220
70,70,100.000000,100.000000,8.306538
71,70,105.000000,100.000000,8.284906
72,70,110.000000,100.000000,8.263274
73,70,115.000000,100.000000,8.241642
74,70,120.000000,100.000000,8.219994
75,70,125.000000,100.000000,8.198340
76,70,130.000000,100.000000,8.176634
77,70,135.000000,100.000000,8.154919
78,70,140.000000,100.000000,8.133205
79,70,145.000000,100.000000,8.111505
80,70,150.000000,100.000000,8.089888
81,70,155.000000,100.000000,8.068372
82,70,160.000000,100.000000,8.047101
83,70,165.000000,100.000000,8.025830
84,70,170.000000,100.000000,8.004559
85,70,175.000000,100.000000,7.983367
86,70,180.000000,100.000000,7.962231
87,70,185.000000,100.000000,7.941577
88,70,190.000000,100.000000,7.921101
89,70,195.000000,100.000000,7.900626
90,70,200.000000,100.000000,7.880151
91,70,205.000000,100.000000,7.859714
92,70,210.000000,100.000000,7.839323
93,70,215.000000,100.000000,7.819167
94,70,220.000000,100.000000,7.799011
95,70,225.000000,100.000000,7.778856
96,70,230.000000,100.000000,7.758682
97,70,235.000000,100.000000,7.738486
98,70,240.000000,100.000000,7.717962
99,70,245.000000,100.000000,7.697219
100,70,250.000000,100.000000,7.676477
0,71,-250.000000,105.000000,10.029756
1,71,-245.000000,105.000000,10.002861
2,71,-240.000000,105.000000,9.977072
3,71,-235.000000,105.000000,9.951300
4,71,-230.000000,105.000000,9.925595
5,71,-225.000000,105.000000,9.899891
6,71,-220.000000,105.000000,9.874187
7,71,-215.000000,105.000000,9.848422
8,71,-210.000000,105.000000,9.822591
9,71,-205.000000,105.000000,9.796750
10,71,-200.000000,105.000000,9.770902
11,71,-195.000000,105.000000,9.745054
12,71,-190.000000,105.000000,9.719207
13,71,-185.000000,105.000000,9.693216
14,71,-180.000000,105.000000,9.667210
15,71,-175.000000,105.000000,9.641174
16,71,-170.000000,105.000000,9.615138
17,71,-165.000000,105.000000,9.589103
18,71,-160.000000,105.000000,9.563278
19,71,-155.000000,105.000000,9.537842
20,71,-150.000000,105.000000,9.512491
21,71,-145.000000,105.000000,9.487226
22,71,-140.000000,105.000000,9.461960
23,71,-135.000000,105.000000,9.436694
24,71,-130.000000,105.000000,9.412124
25,71,-125.000000,105.000000,9.387742
26,71,-120.000000,105.000000,9.363667
27,71,-115.000000,105.000000,9.339614
28,71,-110.000000,105.000000,9.315560
29,71,-105.000000,105.000000,9.291562
30,71,-100.000000,105.000000,9.267754
31,71,-95.000000,105.000000,9.243988
32,71,-90.000000,105.000000,9.220296
33,71,-85.000000,105.000000,9.196605
34,71,-80.000000,105.000000,9.172913
35,71,-75.000000,105.000000,9.148837
36,71,-70.000000,105.000000,9.124564
37,71,-65.000000,105.000000,9.100012
38,71,-60.000000,105.000000,9.075394
39,71,-55.000000,105.000000,9.050775
40,71,-50.000000,105.000000,9.026089
41,71,-45.000000,105.000000,9.000775
42,71,-40.000000,105.000000,8.975338
43,71,-35.000000,105.000000,8.949513
44,71,-30.000000,105.000000,8.923687
45,71,-25.000000,105.000000,8.897862
46,71,-20.000000,105.000000,8.872011
47,71,-15.000000,105.000000,8.846136
48,71,-10.000000,105.000000,8.820232
49,71,-5.000000,105.000000,8.794313
50,71,0.000000,105.000000,8.768395
51,71,5.000000,105.000000,8.742476
52,71,10.000000,105.000000,8.717181
53,71,15.000000,105.000000,8.691988
54,71,20.000000,105.000000,8.667428
55,71,25.000000,105.000000,8.642868
56,71,30.000000,105.000000,8.618309
57,71,35.000000,105.000000,8.594064
58,71,40.000000,105.000000,8.570284
59,71,45.000000,105.000000,8.547086
60,71,50.000000,105.000000,8.524367
61,71,55.000000,105.000000,8.501648
62,71,60.000000,105.000000,8.478929
63,71,65.000000,105.000000,8.456560
64,71,70.000000,105.000000,8.434258
65,71,75.000000,105.000000,8.412645
66,71,80.000000,105.000000,8.391044
67,71,85.000000,105.000000,8.369442
68,71,90.000000,105.000000,8.347853
69,71,95.000000,105.000000,8.326297
70,71,100.000000,105.000000,8.304780
71,71,105.000000,105.000000,8.283317
72,71,110.000000,105.000000,8.261855
73,71,115.000000,105.000000,8.240393
74,71,120.000000,105.000000,8.218914
75,71,125.000000,105.000000,8.197429
76,71,130.000000,105.000000,8.175891
77,71,135.000000,105.000000,8.154344
78,71,140.000000,105.000000,8.132797
79,71,145.000000,105.000000,8.111264
80,71,150.000000,105.000000,8.089811
81,71,155.000000,105.000000,8.068456
82,71,160.000000,105.000000,8.047338
83,71,165.000000,105.000000,8.026220
84,71,170.000000,105.000000,8.005102
85,71,175.000000,105.000000,7.984060
86,71,180.000000,105.000000,7.963073
87,71,185.000000,105.000000,7.942555
88,71,190.000000,105.000000,7.922211
89,71,195.000000,105.000000,7.901867
90,71,200.000000,105.000000,7.881524
91,71,205.000000,105.000000,7.861215
92,71,210.000000,105.000000,7.840949
93,71,215.000000,105.000000,7.820898
94,71,220.000000,105.000000,7.800847
95,71,225.000000,105.000000,7.780797
96,71,230.000000,105.000000,7.760727
97,71,235.000000,105.000000,7.740634
98,71,240.000000,105.000000,7.720196
99,71,245.000000,105.000000,7.699528
100,71,250.000000,105.000000,7.678860
0,72,-250.000000,110.000000,10.018736
1,72,-245.000000,110.000000,9.991912
2,72,-240.000000,110.000000,9.966233
3,72,-235.000000,110.000000,9.940571
4,72,-230.000000,110.000000,9.914979
5,72,-225.000000,110.000000,9.889387
6,72,-220.000000,110.000000,9.863795
7,72,-215.000000,110.000000,9.838150
8,72,-210.000000,110.000000,9.812449
9,72,-205.000000,110.000000,9.786737
10,72,-200.000000,110.000000,9.761021
11,72,-195.000000,110.000000,9.735304
12,72,-190.000000,110.000000,9.709587
13,72,-185.000000,110.000000,9.683723
14,72,-180.000000,110.000000,9.657843
15,72,-175.000000,110.000000,9.631932
16,72,-170.000000,110.000000,9.606022
17,72,-165.000000,110.000000,9.580111
18,72,-160.000000,110.000000,9.554408
19,72,-155.000000,110.000000,9.529088
20,72,-150.000000,110.000000,9.503850
21,72,-145.000000,110.000000,9.478697
22,72,-140.000000,110.000000,9.453544
23,72,-135.000000,110.000000,9.428390
24,72,-130.000000,110.000000,9.403933
25,72,-125.000000,110.000000,9.379665
26,72,-120.000000,110.000000,9.355703
27,72,-115.000000,110.000000,9.331763
28,72,-110.000000,110.000000,9.307823
29,72,-105.000000,110.000000,9.283941
30,72,-100.000000,110.000000,9.260258
31,72,-95.000000,110.000000,9.236620
32,72,-90.000000,110.000000,9.213060
33,72,-85.000000,110.000000,9.189500
34,72,-80.000000,110.000000,9.165939
35,72,-75.000000,110.000000,9.142003
36,72,-70.000000,110.000000,9.117874
37,72,-65.000000,110.000000,9.093471
38,72,-60.000000,110.000000,9.069003
39,72,-55.000000,110.000000,9.044534
40,72,-50.000000,110.000000,9.020000
41,72,-45.000000,110.000000,8.994838
42,72,-40.000000,110.000000,8.969553
43,72,-35.000000,110.000000,8.943880
44,72,-30.000000,110.000000,8.918208
45,72,-25.000000,110.000000,8.892535
46,72,-20.000000,110.000000,8.866833
47,72,-15.000000,110.000000,8.841105
48,72,-10.000000,110.000000,8.815342
49,72,-5.000000,110.000000,8.789563
50,72,0.000000,110.000000,8.763784
51,72,5.000000,110.000000,8.738005
52,72,10.000000,110.000000,8.712846
53,72,15.000000,110.000000,8.687787
54,72,20.000000,110.000000,8.663357
55,72,25.000000,110.000000,8.638927
56,72,30.000000,110.000000,8.614497
57,72,35.000000,110.000000,8.590383
58,72,40.000000,110.000000,8.566737
59,72,45.000000,110.000000,8.543675
60,72,50.000000,110.000000,8.521093
61,72,55.000000,110.000000,8.498512
62,72,60.000000,110.000000,8.475930
63,72,65.000000,110.000000,8.453704
64,72,70.000000,110.000000,8.431547
65,72,75.000000,110.000000,8.410091
66,72,80.000000,110.000000,8.388646
67,72,85.000000,110.000000,8.367201
68,72,90.000000,110.000000,8.345769
69,72,95.000000,110.000000,8.324373
70,72,100.000000,110.000000,8.303021
71,72,105.000000,110.000000,8.281728
72,72,110.000000,110.000000,8.260436
73,72,115.000000,110.000000,8.239143
74,72,120.000000,110.000000,8.217834
75,72,125.000000,110.000000,8.196518
76,72,130.000000,110.000000,8.175148
77,72,135.000000,110.000000,8.153768
78,72,140.000000,110.000000,8.132389
79,72,145.000000,110.000000,8.111023
80,72,150.000000,110.000000,8.089734
81,72,155.000000,110.000000,8.068541
82,72,160.000000,110.000000,8.047575
83,72,165.000000,110.000000,8.026610
84,72,170.000000,110.000000,8.005644
85,72,175.000000,110.000000,7.984753
86,72,180.000000,110.000000,7.963916
87,72,185.000000,110.000000,7.943534
88,72,190.000000,110.000000,7.923321
89,72,195.000000,110.000000,7.903109
90,72,200.000000,110.000000,7.882897
91,72,205.000000,110.000000,7.862716
92,72,210.000000,110.000000,7.842574
93,72,215.000000,110.000000,7.822629
94,72,220.000000,110.000000,7.802683
95,72,225.000000,110.000000,7.782737
96,72,230.000000,110.000000,7.762772
97,72,235.000000,110.000000,7.742782
98,72,240.000000,110.000000,7.722430
99,72,245.000000,110.000000,7.701836
100,72,250.000000,110.000000,7.681243
0,73,-250.000000,115.000000,10.007717
1,73,-245.000000,115.000000,9.980963
2,73,-240.000000,115.000000,9.955394
3,73,-235.000000,115.000000,9.929841
4,73,-230.000000,115.000000,9.904362
5,73,-225.000000,115.000000,9.878883
6,73,-220.000000,115.000000,9.853403
7,73,-215.000000,115.000000,9.827879
8,73,-210.000000,115.000000,9.802306
9,73,-205.000000,115.000000,9.776725
10,73,-200.000000,115.000000,9.751139
11,73,-195.000000,115.000000,9.725554
12,73,-190.000000,115.000000,9.699968
13,73,-185.000000,115.000000,9.674230
14,73,-180.000000,115.000000,9.648476
15,73,-175.000000,115.000000,9.622691
16,73,-170.000000,115.000000,9.596905
17,73,-165.000000,115.000000,9.571119
18,73,-160.000000,115.000000,9.545538
19,73,-155.000000,115.000000,9.520333
20,73,-150.000000,115.000000,9.495209
21,73,-145.000000,115.000000,9.470168
22,73,-140.000000,115.000000,9.445128
23,73,-135.000000,115.000000,9.420087
24,73,-130.000000,115.000000,9.395743
25,73,-125.000000,115.000000,9.371587
26,73,-120.000000,115.000000,9.347738
27,73,-115.000000,115.000000,9.323912
28,73,-110.000000,115.000000,9.300085
29,73,-105.000000,115.000000,9.276319
30,73,-100.000000,115.000000,9.252762
31,73,-95.000000,115.000000,9.229252
32,73,-90.000000,115.000000,9.205824
33,73,-85.000000,115.000000,9.182395
34,73,-80.000000,115.000000,9.158966
35,73,-75.000000,115.000000,9.135169
36,73,-70.000000,115.000000,9.111183
37,73,-65.000000,115.000000,9.086930
38,73,-60.000000,115.000000,9.062612
39,73,-55.000000,115.000000,9.038294
40,73,-50.000000,115.000000,9.013911
41,73,-45.000000,115.000000,8.988900
42,73,-40.000000,115.000000,8.963767
43,73,-35.000000,115.000000,8.938248
44,73,-30.000000,115.000000,8.912728
45,73,-25.000000,115.000000,8.887209
46,73,-20.000000,115.000000,8.861656
47,73,-15.000000,115.000000,8.836073
48,73,-10.000000,115.000000,8.810452
49,73,-5.000000,115.000000,8.784813
50,73,0.000000,115.000000,8.759174
51,73,5.000000,115.000000,8.733534
52,73,10.000000,115.000000,8.708510
53,73,15.000000,115.000000,8.683586
54,73,20.000000,115.000000,8.659286
55,73,25.000000,115.000000,8.634986
56,73,30.000000,115.000000,8.610686
57,73,35.000000,115.000000,8.586703
58,73,40.000000,115.000000,8.563190
59,73,45.000000,115.000000,8.540263
60,73,50.000000,115.000000,8.517819
61,73,55.000000,115.000000,8.495375
62,73,60.000000,115.000000,8.472931
63,73,65.000000,115.000000,8.450849
64,73,70.000000,115.000000,8.428835
65,73,75.000000,115.000000,8.407536
66,73,80.000000,115.000000,8.386247
67,73,85.000000,115.000000,8.364959
68,73,90.000000,115.000000,8.343685
69,73,95.000000,115.000000,8.322450
70,73,100.000000,115.000000,8.301262
71,73,105.000000,115.000000,8.280140
72,73,110.000000,115.000000,8.259017
73,73,115.000000,115.000000,8.237894
74,73,120.000000,115.000000,8.216754
75,73,125.000000,115.000000,8.195607
76,73,130.000000,115.000000,8.174405
77,73,135.000000,115.000000,8.153193
78,73,140.000000,115.000000,8.131981
79,73,145.000000,115.000000,8.110782
80,73,150.000000,115.000000,8.089658
81,73,155.000000,115.000000,8.068625
82,73,160.000000,115.000000,8.047812
83,73,165.000000,115.000000,8.026999
84,73,170.000000,115.000000,8.006187
85,73,175.000000,115.000000,7.985447
86,73,180.000000,115.000000,7.964758
87,73,185.000000,115.000000,7.944512
88,73,190.000000,115.000000,7.924431
89,73,195.000000,115.000000,7.904350
90,73,200.000000,115.000000,7.884270
91,73,205.000000,115.000000,7.864217
92,73,210.000000,115.000000,7.844200
93,73,215.000000,115.000000,7.824359
94,73,220.000000,115.000000,7.804519
95,73,225.000000,115.000000,7.784678
96,73,230.000000,115.000000,7.764816
97,73,235.000000,115.000000,7.744930
98,73,240.000000,115.000000,7.724664
99,73,245.000000,115.000000,7.704145
100,73,250.000000,115.000000,7.683626
0,74,-250.000000,120.000000,9.996781
1,74,-245.000000,120.000000,9.970109
2,74,-240.000000,120.000000,9.944653
3,74,-235.000000,120.000000,9.919214
4,74,-230.000000,120.000000,9.893850
5,74,-225.000000,120.000000,9.868486
6,74,-220.000000,120.000000,9.843123
7,74,-215.000000,120.000000,9.817720
8,74,-210.000000,120.000000,9.792274
9,74,-205.000000,120.000000,9.766822
10,74,-200.000000,120.000000,9.741365
11,74,-195.000000,120.000000,9.715908
12,74,-190.000000,120.000000,9.690452
13,74,-185.000000,120.000000,9.664837
14,74,-180.000000,120.000000,9.639206
15,74,-175.000000,120.000000,9.613542
16,74,-170.000000,120.000000,9.587878
17,74,-165.000000,120.000000,9.562214
18,74,-160.000000,120.000000,9.536751
19,74,-155.000000,120.000000,9.511659
20,74,-150.000000,120.000000,9.486647
21,74,-145.000000,120.000000,9.461716
22,74,-140.000000,120.000000,9.436785
23,74,-135.000000,120.000000,9.411854
24,74,-130.000000,120.000000,9.387621
25,74,-125.000000,120.000000,9.363577
26,74,-120.000000,120.000000,9.339840
27,74,-115.000000,120.000000,9.316125
28,74,-110.000000,120.000000,9.292410
29,74,-105.000000,120.000000,9.268759
30,74,-100.000000,120.000000,9.245325
31,74,-95.000000,120.000000,9.221941
32,74,-90.000000,120.000000,9.198641
33,74,-85.000000,120.000000,9.175341
34,74,-80.000000,120.000000,9.152041
35,74,-75.000000,120.000000,9.128381
36,74,-70.000000,120.000000,9.104535
37,74,-65.000000,120.000000,9.080427
38,74,-60.000000,120.000000,9.056255
39,74,-55.000000,120.000000,9.032084
40,74,-50.000000,120.000000,9.007846
41,74,-45.000000,120.000000,8.982983
42,74,-40.000000,120.000000,8.957998
43,74,-35.000000,120.000000,8.932626
44,74,-30.000000,120.000000,8.907255
45,74,-25.000000,120.000000,8.881883
46,74,-20.000000,120.000000,8.856475
47,74,-15.000000,120.000000,8.831034
48,74,-10.000000,120.000000,8.805551
49,74,-5.000000,120.000000,8.780048
50,74,0.000000,120.000000,8.754545
51,74,5.000000,120.000000,8.729042
52,74,10.000000,120.000000,8.704150
53,74,15.000000,120.000000,8.679357
54,74,20.000000,120.000000,8.655185
55,74,25.000000,120.000000,8.631013
56,74,30.000000,120.000000,8.606841
57,74,35.000000,120.000000,8.582988
58,74,40.000000,120.000000,8.559606
59,74,45.000000,120.000000,8.536813
60,74,50.000000,120.000000,8.514505
61,74,55.000000,120.000000,8.492197
62,74,60.000000,120.000000,8.469889
63,74,65.000000,120.000000,8.447948
64,74,70.000000,120.000000,8.426078
65,74,75.000000,120.000000,8.404933
66,74,80.000000,120.000000,8.383798
67,74,85.000000,120.000000,8.362664
68,74,90.000000,120.000000,8.341545
69,74,95.000000,120.000000,8.320468
70,74,100.000000,120.000000,8.299442
71,74,105.000000,120.000000,8.278485
72,74,110.000000,120.000000,8.257529
73,74,115.000000,120.000000,8.236572
74,74,120.000000,120.000000,8.215598
75,74,125.000000,120.000000,8.194617
76,74,130.000000,120.000000,8.173578
77,74,135.000000,120.000000,8.152529
78,74,140.000000,120.000000,8.131480
79,74,145.000000,120.000000,8.110444
80,74,150.000000,120.000000,8.089480
81,74,155.000000,120.000000,8.068604
82,74,160.000000,120.000000,8.047941
83,74,165.000000,120.000000,8.027278
84,74,170.000000,120.000000,8.006614
85,74,175.000000,120.000000,7.986021
86,74,180.000000,120.000000,7.965478
87,74,185.000000,120.000000,7.945366
88,74,190.000000,120.000000,7.925415
89,74,195.000000,120.000000,7.905463
90,74,200.000000,120.000000,7.885512
91,74,205.000000,120.000000,7.865586
92,74,210.000000,120.000000,7.845691
93,74,215.000000,120.000000,7.825955
94,74,220.000000,120.000000,7.806219
95,74,225.000000,120.000000,7.786484
96,74,230.000000,120.000000,7.766726
97,74,235.000000,120.000000,7.746942
98,74,240.000000,120.000000,7.726762
99,74,245.000000,120.000000,7.706319
100,74,250.000000,120.000000,7.685876
0,75,-250.000000,125.000000,9.985900
1,75,-245.000000,125.000000,9.959316
2,75,-240.000000,125.000000,9.933976
3,75,-235.000000,125.000000,9.908653
4,75,-230.000000,125.000000,9.883407
5,75,-225.000000,125.000000,9.858161
6,75,-220.000000,125.000000,9.832915
7,75,-215.000000,125.000000,9.807634
8,75,-210.000000,125.000000,9.782315
9,75,-205.000000,125.000000,9.756990
10,75,-200.000000,125.000000,9.731661
11,75,-195.000000,125.000000,9.706332
12,75,-190.000000,125.000000,9.681004
13,75,-185.000000,125.000000,9.655511
14,75,-180.000000,125.000000,9.630000
15,75,-175.000000,125.000000,9.604456
16,75,-170.000000,125.000000,9.578911
17,75,-165.000000,125.000000,9.553366
18,75,-160.000000,125.000000,9.528019
19,75,-155.000000,125.000000,9.503038
20,75,-150.000000,125.000000,9.478135
21,75,-145.000000,125.000000,9.453313
22,75,-140.000000,125.000000,9.428491
23,75,-135.000000,125.000000,9.403668
24,75,-130.000000,125.000000,9.379545
25,75,-125.000000,125.000000,9.355611
26,75,-120.000000,125.000000,9.331985
27,75,-115.000000,125.000000,9.308381
28,75,-110.000000,125.000000,9.284777
29,75,-105.000000,125.000000,9.261238
30,75,-100.000000,125.000000,9.237927
31,75,-95.000000,125.000000,9.214667
32,75,-90.000000,125.000000,9.191494
33,75,-85.000000,125.000000,9.168322
34,75,-80.000000,125.000000,9.145149
35,75,-75.000000,125.000000,9.121623
36,75,-70.000000,125.000000,9.097914
37,75,-65.000000,125.000000,9.073948
38,75,-60.000000,125.000000,9.049921
39,75,-55.000000,125.000000,9.025893
40,75,-50.000000,125.000000,9.001799
41,75,-45.000000,125.000000,8.977080
42,75,-40.000000,125.000000,8.952239
43,75,-35.000000,125.000000,8.927012
44,75,-30.000000,125.000000,8.901786
45,75,-25.000000,125.000000,8.876559
46,75,-20.000000,125.000000,8.851292
47,75,-15.000000,125.000000,8.825991
48,75,-10.000000,125.000000,8.800643
49,75,-5.000000,125.000000,8.775274
50,75,0.000000,125.000000,8.749904
51,75,5.000000,125.000000,8.724535
52,75,10.000000,125.000000,8.699773
53,75,15.000000,125.000000,8.675111
54,75,20.000000,125.000000,8.651065
55,75,25.000000,125.000000,8.627020
56,75,30.000000,125.000000,8.602975
57,75,35.000000,125.000000,8.579249
58,75,40.000000,125.000000,8.555997
59,75,45.000000,125.000000,8.533338
60,75,50.000000,125.000000,8.511165
61,75,55.000000,125.000000,8.488992
62,75,60.000000,125.000000,8.466819
63,75,65.000000,125.000000,8.445019
64,75,70.000000,125.000000,8.423290
65,75,75.000000,125.000000,8.402297
66,75,80.000000,125.000000,8.381315
67,75,85.000000,125.000000,8.360334
68,75,90.000000,125.000000,8.339369
69,75,95.000000,125.000000,8.318448
70,75,100.000000,125.000000,8.297581
71,75,105.000000,125.000000,8.276788
72,75,110.000000,125.000000,8.255996
73,75,115.000000,125.000000,8.235203
74,75,120.000000,125.000000,8.214392
75,75,125.000000,125.000000,8.193573
76,75,130.000000,125.000000,8.172695
77,75,135.000000,125.000000,8.151807
78,75,140.000000,125.000000,8.130919
79,75,145.000000,125.000000,8.110043
80,75,150.000000,125.000000,8.089237
81,75,155.000000,125.000000,8.068515
82,75,160.000000,125.000000,8.047999
83,75,165.000000,125.000000,8.027482
84,75,170.000000,125.000000,8.006966
85,75,175.000000,125.000000,7.986517
86,75,180.000000,125.000000,7.966118
87,75,185.000000,125.000000,7.946139
88,75,190.000000,125.000000,7.926315
89,75,195.000000,125.000000,7.906491
90,75,200.000000,125.000000,7.886668
91,75,205.000000,125.000000,7.866867
92,75,210.000000,125.000000,7.847094
93,75,215.000000,125.000000,7.827463
94,75,220.000000,125.000000,7.807832
95,75,225.000000,125.000000,7.788200
96,75,230.000000,125.000000,7.768546
97,75,235.000000,125.000000,7.748865
98,75,240.000000,125.000000,7.728771
99,75,245.000000,125.000000,7.708405
100,75,250.000000,125.000000,7.688038
0,76,-250.000000,130.000000,9.975244
1,76,-245.000000,130.000000,9.948775
2,76,-240.000000,130.000000,9.923560
3,76,-235.000000,130.000000,9.898363
4,76,-230.000000,130.000000,9.873243
5,76,-225.000000,130.000000,9.848124
6,76,-220.000000,130.000000,9.823004
7,76,-215.000000,130.000000,9.797848
8,76,-210.000000,130.000000,9.772652
9,76,-205.000000,130.000000,9.747450
10,76,-200.000000,130.000000,9.722244
11,76,-195.000000,130.000000,9.697037
12,76,-190.000000,130.000000,9.671831
13,76,-185.000000,130.000000,9.646451
14,76,-180.000000,130.000000,9.621053
15,76,-175.000000,130.000000,9.595619
16,76,-170.000000,130.000000,9.570184
17,76,-165.000000,130.000000,9.544750
18,76,-160.000000,130.000000,9.519511
19,76,-155.000000,130.000000,9.494633
20,76,-150.000000,130.000000,9.469834
21,76,-145.000000,130.000000,9.445113
22,76,-140.000000,130.000000,9.420393
23,76,-135.000000,130.000000,9.395672
24,76,-130.000000,130.000000,9.371654
25,76,-125.000000,130.000000,9.347825
26,76,-120.000000,130.000000,9.324305
27,76,-115.000000,130.000000,9.300808
28,76,-110.000000,130.000000,9.277310
29,76,-105.000000,130.000000,9.253881
30,76,-100.000000,130.000000,9.230685
31,76,-95.000000,130.000000,9.207543
32,76,-90.000000,130.000000,9.184491
33,76,-85.000000,130.000000,9.161440
34,76,-80.000000,130.000000,9.138388
35,76,-75.000000,130.000000,9.114987
36,76,-70.000000,130.000000,9.091406
37,76,-65.000000,130.000000,9.067572
38,76,-60.000000,130.000000,9.043676
39,76,-55.000000,130.000000,9.019780
40,76,-50.000000,130.000000,8.995819
41,76,-45.000000,130.000000,8.971232
42,76,-40.000000,130.000000,8.946523
43,76,-35.000000,130.000000,8.921428
44,76,-30.000000,130.000000,8.896334
45,76,-25.000000,130.000000,8.871239
46,76,-20.000000,130.000000,8.846102
47,76,-15.000000,130.000000,8.820928
48,76,-10.000000,130.000000,8.795706
49,76,-5.000000,130.000000,8.770460
50,76,0.000000,130.000000,8.745215
51,76,5.000000,130.000000,8.719969
52,76,10.000000,130.000000,8.695330
53,76,15.000000,130.000000,8.670790
54,76,20.000000,130.000000,8.646867
55,76,25.000000,130.000000,8.622943
56,76,30.000000,130.000000,8.599019
57,76,35.000000,130.000000,8.575417
58,76,40.000000,130.000000,8.552290
59,76,45.000000,130.000000,8.529759
60,76,50.000000,130.000000,8.507718
61,76,55.000000,130.000000,8.485676
62,76,60.000000,130.000000,8.463634
63,76,65.000000,130.000000,8.441970
64,76,70.000000,130.000000,8.420379
65,76,75.000000,130.000000,8.399532
66,76,80.000000,130.000000,8.378697
67,76,85.000000,130.000000,8.357861
68,76,90.000000,130.000000,8.337044
69,76,95.000000,130.000000,8.316272
70,76,100.000000,130.000000,8.295556
71,76,105.000000,130.000000,8.274917
72,76,110.000000,130.000000,8.254279
73,76,115.000000,130.000000,8.233640
74,76,120.000000,130.000000,8.212982
75,76,125.000000,130.000000,8.192317
76,76,130.000000,130.000000,8.171589
77,76,135.000000,130.000000,8.150850
78,76,140.000000,130.000000,8.130111
79,76,145.000000,130.000000,8.109384
80,76,150.000000,130.000000,8.088725
81,76,155.000000,130.000000,8.068147
82,76,160.000000,130.000000,8.047768
83,76,165.000000,130.000000,8.027389
84,76,170.000000,130.000000,8.007009
85,76,175.000000,130.000000,7.986697
86,76,180.000000,130.000000,7.966432
87,76,185.000000,130.000000,7.946579
88,76,190.000000,130.000000,7.926877
89,76,195.000000,130.000000,7.907176
90,76,200.000000,130.000000,7.887475
91,76,205.000000,130.000000,7.867795
92,76,210.000000,130.000000,7.848139
93,76,215.000000,130.000000,7.828611
94,76,220.000000,130.000000,7.809083
95,76,225.000000,130.000000,7.789556
96,76,230.000000,130.000000,7.770004
97,76,235.000000,130.000000,7.750425
98,76,240.000000,130.000000,7.730419
99,76,245.000000,130.000000,7.710131
100,76,250.000000,130.000000,7.689843
0,77,-250.000000,135.000000,9.964587
1,77,-245.000000,135.000000,9.938234
2,77,-240.000000,135.000000,9.913144
3,77,-235.000000,135.000000,9.888073
4,77,-230.000000,135.000000,9.863080
5,77,-225.000000,135.000000,9.838087
6,77,-220.000000,135.000000,9.813093
7,77,-215.000000,135.000000,9.788062
8,77,-210.000000,135.000000,9.762989
9,77,-205.000000,135.000000,9.737909
10,77,-200.000000,135.000000,9.712826
11,77,-195.000000,135.000000,9.687742
12,77,-190.000000,135.000000,9.662659
13,77,-185.000000,135.000000,9.637392
14,77,-180.000000,135.000000,9.612106
15,77,-175.000000,135.000000,9.586782
16,77,-170.000000,135.000000,9.561457
17,77,-165.000000,135.000000,9.536133
18,77,-160.000000,135.000000,9.511002
19,77,-155.000000,135.000000,9.486228
20,77,-150.000000,135.000000,9.461532
21,77,-145.000000,135.000000,9.436913
22,77,-140.000000,135.000000,9.412295
23,77,-135.000000,135.000000,9.387676
24,77,-130.000000,135.000000,9.363763
25,77,-125.000000,135.000000,9.340039
26,77,-120.000000,135.000000,9.316626
27,77,-115.000000,135.000000,9.293235
28,77,-110.000000,135.000000,9.269844
29,77,-105.000000,135.000000,9.246523
30,77,-100.000000,135.000000,9.223444
31,77,-95.000000,135.000000,9.200419
32,77,-90.000000,135.000000,9.177488
33,77,-85.000000,135.000000,9.154557
34,77,-80.000000,135.000000,9.131626
35,77,-75.000000,135.000000,9.108351
36,77,-70.000000,135.000000,9.084898
37,77,-65.000000,135.000000,9.061195
38,77,-60.000000,135.000000,9.037432
39,77,-55.000000,135.000000,9.013668
40,77,-50.000000,135.000000,8.989839
41,77,-45.000000,135.000000,8.965384
42,77,-40.000000,135.000000,8.940807
43,77,-35.000000,135.000000,8.915844
44,77,-30.000000,135.000000,8.890881
45,77,-25.000000,135.000000,8.865918
46,77,-20.000000,135.000000,8.840911
47,77,-15.000000,135.000000,8.815865
48,77,-10.000000,135.000000,8.790768
49,77,-5.000000,135.000000,8.765646
50,77,0.000000,135.000000,8.740525
51,77,5.000000,135.000000,8.715404
52,77,10.000000,135.000000,8.690888
53,77,15.000000,135.000000,8.666470
54,77,20.000000,135.000000,8.642668
55,77,25.000000,135.000000,8.618865
56,77,30.000000,135.000000,8.595063
57,77,35.000000,135.000000,8.571584
58,77,40.000000,135.000000,8.548583
59,77,45.000000,135.000000,8.526181
60,77,50.000000,135.000000,8.504271
61,77,55.000000,135.000000,8.482360
62,77,60.000000,135.000000,8.460450
63,77,65.000000,135.000000,8.438922
64,77,70.000000,135.000000,8.417467
65,77,75.000000,135.000000,8.396767
66,77,80.000000,135.000000,8.376078
67,77,85.000000,135.000000,8.355389
68,77,90.000000,135.000000,8.334718
69,77,95.000000,135.000000,8.314096
70,77,100.000000,135.000000,8.293531
71,77,105.000000,135.000000,8.273046
72,77,110.000000,135.000000,8.252562
73,77,115.000000,135.000000,8.232078
74,77,120.000000,135.000000,8.211573
75,77,125.000000,135.000000,8.191060
76,77,130.000000,135.000000,8.170482
77,77,135.000000,135.000000,8.149893
78,77,140.000000,135.000000,8.129304
79,77,145.000000,135.000000,8.108726
80,77,150.000000,135.000000,8.088213
81,77,155.000000,135.000000,8.067779
82,77,160.000000,135.000000,8.047537
83,77,165.000000,135.000000,8.027295
84,77,170.000000,135.000000,8.007053
85,77,175.000000,135.000000,7.986876
86,77,180.000000,135.000000,7.966747
87,77,185.000000,135.000000,7.947018
88,77,190.000000,135.000000,7.927440
89,77,195.000000,135.000000,7.907861
90,77,200.000000,135.000000,7.888282
91,77,205.000000,135.000000,7.868722
92,77,210.000000,135.000000,7.849184
93,77,215.000000,135.000000,7.829760
94,77,220.000000,135.000000,7.810335
95,77,225.000000,135.000000,7.790911
96,77,230.000000,135.000000,7.771462
97,77,235.000000,135.000000,7.751985
98,77,240.000000,135.000000,7.732067
99,77,245.000000,135.000000,7.711857
100,77,250.000000,135.000000,7.691647
0,78,-250.000000,140.000000,9.953930
1,78,-245.000000,140.000000,9.927692
2,78,-240.000000,140.000000,9.902729
3,78,-235.000000,140.000000,9.877783
4,78,-230.000000,140.000000,9.852916
5,78,-225.000000,140.000000,9.828049
6,78,-220.000000,140.000000,9.803183
7,78,-215.000000,140.000000,9.778276
8,78,-210.000000,140.000000,9.753326
9,78,-205.000000,140.000000,9.728369
10,78,-200.000000,140.000000,9.703408
11,78,-195.000000,140.000000,9.678447
12,78,-190.000000,140.000000,9.653486
13,78,-185.000000,140.000000,9.628333
14,78,-180.000000,140.000000,9.603159
15,78,-175.000000,140.000000,9.577945
16,78,-170.000000,140.000000,9.552731
17,78,-165.000000,140.000000,9.527517
18,78,-160.000000,140.000000,9.502494
19,78,-155.000000,140.000000,9.477824
20,78,-150.000000,140.000000,9.453230
21,78,-145.000000,140.000000,9.428713
22,78,-140.000000,140.000000,9.404197
23,78,-135.000000,140.000000,9.379681
24,78,-130.000000,140.000000,9.355871
25,78,-125.000000,140.000000,9.332253
26,78,-120.000000,140.000000,9.308946
27,78,-115.000000,140.000000,9.285662
28,78,-110.000000,140.000000,9.262378
29,78,-105.000000,140.000000,9.239165
30,78,-100.000000,140.000000,9.216202
31,78,-95.000000,140.000000,9.193296
32,78,-90.000000,140.000000,9.170486
33,78,-85.000000,140.000000,9.147675
34,78,-80.000000,140.000000,9.124865
35,78,-75.000000,140.000000,9.101715
36,78,-70.000000,140.000000,9.078390
37,78,-65.000000,140.000000,9.054818
38,78,-60.000000,140.000000,9.031187
39,78,-55.000000,140.000000,9.007556
40,78,-50.000000,140.000000,8.983859
41,78,-45.000000,140.000000,8.959536
42,78,-40.000000,140.000000,8.935091
43,78,-35.000000,140.000000,8.910260
44,78,-30.000000,140.000000,8.885429
45,78,-25.000000,140.000000,8.860598
46,78,-20.000000,140.000000,8.835721
47,78,-15.000000,140.000000,8.810802
48,78,-10.000000,140.000000,8.785830
49,78,-5.000000,140.000000,8.760833
50,78,0.000000,140.000000,8.735835
51,78,5.000000,140.000000,8.710838
52,78,10.000000,140.000000,8.686445
53,78,15.000000,140.000000,8.662150
54,78,20.000000,140.000000,8.638469
55,78,25.000000,140.000000,8.614788
56,78,30.000000,140.000000,8.591107
57,78,35.000000,140.000000,8.567751
58,78,40.000000,140.000000,8.544876
59,78,45.000000,140.000000,8.522603
60,78,50.000000,140.000000,8.500823
61,78,55.000000,140.000000,8.479044
62,78,60.000000,140.000000,8.457265
63,78,65.000000,140.000000,8.435873
64,78,70.000000,140.000000,8.414555
65,78,75.000000,140.000000,8.394001
66,78,80.000000,140.000000,8.373459
67,78,85.000000,140.000000,8.352917
68,78,90.000000,140.000000,8.332393
69,78,95.000000,140.000000,8.311919
70,78,100.000000,140.000000,8.291506
71,78,105.000000,140.000000,8.271175
72,78,110.000000,140.000000,8.250845
73,78,115.000000,140.000000,8.230515
74,78,120.000000,140.000000,8.210163
75,78,125.000000,140.000000,8.189804
76,78,130.000000,140.000000,8.169375
77,78,135.000000,140.000000,8.148936
78,78,140.000000,140.000000,8.128496
79,78,145.000000,140.000000,8.108067
80,78,150.000000,140.000000,8.087701
81,78,155.000000,140.000000,8.067411
82,78,160.000000,140.000000,8.047307
83,78,165.000000,140.000000,8.027202
84,78,170.000000,140.000000,8.007097
85,78,175.000000,140.000000,7.987056
86,78,180.000000,140.000000,7.967061
87,78,185.000000,140.000000,7.947458
88,78,190.000000,140.000000,7.928002
89,78,195.000000,140.000000,7.908546
90,78,200.000000,140.000000,7.889090
91,78,205.000000,140.000000,7.869649
92,78,210.000000,140.000000,7.850229
93,78,215.000000,140.000000,7.830908
94,78,220.000000,140.000000,7.811587
95,78,225.000000,140.000000,7.792266
96,78,230.000000,140.000000,7.772921
97,78,235.000000,140.000000,7.753545
98,78,240.000000,140.000000,7.733715
99,78,245.000000,140.000000,7.713584
100,78,250.000000,140.000000,7.693452
0,79,-250.000000,145.000000,9.943050
1,79,-245.000000,145.000000,9.916938
2,79,-240.000000,145.000000,9.892104
3,79,-235.000000,145.000000,9.867289
4,79,-230.000000,145.000000,9.842552
5,79,-225.000000,145.000000,9.817816
6,79,-220.000000,145.000000,9.793079
7,79,-215.000000,145.000000,9.768301
8,79,-210.000000,145.000000,9.743477
9,79,-205.000000,145.000000,9.718646
10,79,-200.000000,145.000000,9.693810
11,79,-195.000000,145.000000,9.668974
12,79,-190.000000,145.000000,9.644139
13,79,-185.000000,145.000000,9.619101
14,79,-180.000000,145.000000,9.594041
15,79,-175.000000,145.000000,9.568939
16,79,-170.000000,145.000000,9.543837
17,79,-165.000000,145.000000,9.518736
18,79,-160.000000,145.000000,9.493822
19,79,-155.000000,145.000000,9.469256
20,79,-150.000000,145.000000,9.444765
21,79,-145.000000,145.000000,9.420350
22,79,-140.000000,145.000000,9.395936
23,79,-135.000000,145.000000,9.371521
24,79,-130.000000,145.000000,9.347815
25,79,-125.000000,145.000000,9.324300
26,79,-120.000000,145.000000,9.301097
27,79,-115.000000,145.000000,9.277917
28,79,-110.000000,145.000000,9.254736
29,79,-105.000000,145.000000,9.231630
30,79,-100.000000,145.000000,9.208781
31,79,-95.000000,145.000000,9.185990
32,79,-90.000000,145.000000,9.163298
33,79,-85.000000,145.000000,9.140606
34,79,-80.000000,145.000000,9.117914
35,79,-75.000000,145.000000,9.094889
36,79,-70.000000,145.000000,9.071692
37,79,-65.000000,145.000000,9.048253
38,79,-60.000000,145.000000,9.024755
39,79,-55.000000,145.000000,9.001257
40,79,-50.000000,145.000000,8.977693
41,79,-45.000000,145.000000,8.953506
42,79,-40.000000,145.000000,8.929196
43,79,-35.000000,145.000000,8.904502
44,79,-30.000000,145.000000,8.879807
45,79,-25.000000,145.000000,8.855113
46,79,-20.000000,145.000000,8.830370
47,79,-15.000000,145.000000,8.805584
48,79,-10.000000,145.000000,8.780742
49,79,-5.000000,145.000000,8.755874
50,79,0.000000,145.000000,8.731006
51,79,5.000000,145.000000,8.706137
52,79,10.000000,145.000000,8.681871
53,79,15.000000,145.000000,8.657703
54,79,20.000000,145.000000,8.634146
55,79,25.000000,145.000000,8.610590
56,79,30.000000,145.000000,8.587033
57,79,35.000000,145.000000,8.563803
58,79,40.000000,145.000000,8.541055
59,79,45.000000,145.000000,8.518911
60,79,50.000000,145.000000,8.497264
61,79,55.000000,145.000000,8.475616
62,79,60.000000,145.000000,8.453969
63,79,65.000000,145.000000,8.432713
64,79,70.000000,145.000000,8.411532
65,79,75.000000,145.000000,8.391124
66,79,80.000000,145.000000,8.370727
67,79,85.000000,145.000000,8.350331
68,79,90.000000,145.000000,8.329954
69,79,95.000000,145.000000,8.309629
70,79,100.000000,145.000000,8.289367
71,79,105.000000,145.000000,8.269191
72,79,110.000000,145.000000,8.249015
73,79,115.000000,145.000000,8.228839
74,79,120.000000,145.000000,8.208642
75,79,125.000000,145.000000,8.188435
76,79,130.000000,145.000000,8.168158
77,79,135.000000,145.000000,8.147869
78,79,140.000000,145.000000,8.127579
79,79,145.000000,145.000000,8.107300
80,79,150.000000,145.000000,8.087082
81,79,155.000000,145.000000,8.066937
82,79,160.000000,145.000000,8.046970
83,79,165.000000,145.000000,8.027003
84,79,170.000000,145.000000,8.007035
85,79,175.000000,145.000000,7.987131
86,79,180.000000,145.000000,7.967271
87,79,185.000000,145.000000,7.947794
88,79,190.000000,145.000000,7.928459
89,79,195.000000,145.000000,7.909125
90,79,200.000000,145.000000,7.889791
91,79,205.000000,145.000000,7.870471
92,79,210.000000,145.000000,7.851168
93,79,215.000000,145.000000,7.831951
94,79,220.000000,145.000000,7.812735
95,79,225.000000,145.000000,7.793518
96,79,230.000000,145.000000,7.774276
97,79,235.000000,145.000000,7.755003
98,79,240.000000,145.000000,7.735264
99,79,245.000000,145.000000,7.715214
100,79,250.000000,145.000000,7.695165
0,80,-250.000000,150.000000,9.932039
1,80,-245.000000,150.000000,9.906057
2,80,-240.000000,150.000000,9.881356
3,80,-235.000000,150.000000,9.856673
4,80,-230.000000,150.000000,9.832069
5,80,-225.000000,150.000000,9.807466
6,80,-220.000000,150.000000,9.782862
7,80,-215.000000,150.000000,9.758214
8,80,-210.000000,150.000000,9.733517
9,80,-205.000000,150.000000,9.708813
10,80,-200.000000,150.000000,9.684104
11,80,-195.000000,150.000000,9.659396
12,80,-190.000000,150.000000,9.634687
13,80,-185.000000,150.000000,9.609766
14,80,-180.000000,150.000000,9.584822
15,80,-175.000000,150.000000,9.559833
16,80,-170.000000,150.000000,9.534845
17,80,-165.000000,150.000000,9.509857
18,80,-160.000000,150.000000,9.485053
19,80,-155.000000,150.000000,9.460591
20,80,-150.000000,150.000000,9.436203
21,80,-145.000000,150.000000,9.411890
22,80,-140.000000,150.000000,9.387577
23,80,-135.000000,150.000000,9.363264
24,80,-130.000000,150.000000,9.339660
25,80,-125.000000,150.000000,9.316247
26,80,-120.000000,150.000000,9.293146
27,80,-115.000000,150.000000,9.270068
28,80,-110.000000,150.000000,9.246990
29,80,-105.000000,150.000000,9.223989
30,80,-100.000000,150.000000,9.201252
31,80,-95.000000,150.000000,9.178575
32,80,-90.000000,150.000000,9.156000
33,80,-85.000000,150.000000,9.133426
34,80,-80.000000,150.000000,9.110851
35,80,-75.000000,150.000000,9.087950
36,80,-70.000000,150.000000,9.064881
37,80,-65.000000,150.000000,9.041574
38,80,-60.000000,150.000000,9.018210
39,80,-55.000000,150.000000,8.994847
40,80,-50.000000,150.000000,8.971417
41,80,-45.000000,150.000000,8.947367
42,80,-40.000000,150.000000,8.923195
43,80,-35.000000,150.000000,8.898639
44,80,-30.000000,150.000000,8.874084
45,80,-25.000000,150.000000,8.849529
46,80,-20.000000,150.000000,8.824923
47,80,-15.000000,150.000000,8.800273
48,80,-10.000000,150.000000,8.775564
49,80,-5.000000,150.000000,8.750828
50,80,0.000000,150.000000,8.726092
51,80,5.000000,150.000000,8.701356
52,80,10.000000,150.000000,8.677219
53,80,15.000000,150.000000,8.653180
54,80,20.000000,150.000000,8.629750
55,80,25.000000,150.000000,8.606319
56,80,30.000000,150.000000,8.582888
57,80,35.000000,150.000000,8.559785
58,80,40.000000,150.000000,8.537166
59,80,45.000000,150.000000,8.515152
60,80,50.000000,150.000000,8.493637
61,80,55.000000,150.000000,8.472121
62,80,60.000000,150.000000,8.450605
63,80,65.000000,150.000000,8.429486
64,80,70.000000,150.000000,8.408442
65,80,75.000000,150.000000,8.388179
66,80,80.000000,150.000000,8.367928
67,80,85.000000,150.000000,8.347678
68,80,90.000000,150.000000,8.327448
69,80,95.000000,150.000000,8.307271
70,80,100.000000,150.000000,8.287160
71,80,105.000000,150.000000,8.267139
72,80,110.000000,150.000000,8.247118
73,80,115.000000,150.000000,8.227097
74,80,120.000000,150.000000,8.207053
75,80,125.000000,150.000000,8.187000
76,80,130.000000,150.000000,8.166874
77,80,135.000000,150.000000,8.146736
78,80,140.000000,150.000000,8.126598
79,80,145.000000,150.000000,8.106470
80,80,150.000000,150.000000,8.086399
81,80,155.000000,150.000000,8.066400
82,80,160.000000,150.000000,8.046570
83,80,165.000000,150.000000,8.026741
84,80,170.000000,150.000000,8.006911
85,80,175.000000,150.000000,7.987143
86,80,180.000000,150.000000,7.967418
87,80,185.000000,150.000000,7.948067
88,80,190.000000,150.000000,7.928854
89,80,195.000000,150.000000,7.909642
90,80,200.000000,150.000000,7.890430
91,80,205.000000,150.000000,7.871229
92,80,210.000000,150.000000,7.852043
93,80,215.000000,150.000000,7.832932
94,80,220.000000,150.000000,7.813820
95,80,225.000000,150.000000,7.794708
96,80,230.000000,150.000000,7.775570
97,80,235.000000,150.000000,7.756400
98,80,240.000000,150.000000,7.736753
99,80,245.000000,150.000000,7.716788
100,80,250.000000,150.000000,7.696823
0,81,-250.000000,155.000000,9.920048
1,81,-245.000000,155.000000,9.894239
2,81,-240.000000,155.000000,9.869690
3,81,-235.000000,155.000000,9.845158
4,81,-230.000000,155.000000,9.820705
5,81,-225.000000,155.000000,9.796251
6,81,-220.000000,155.000000,9.771798
7,81,-215.000000,155.000000,9.747295
8,81,-210.000000,155.000000,9.722739
9,81,-205.000000,155.000000,9.698175
10,81,-200.000000,155.000000,9.673605
11,81,-195.000000,155.000000,9.649035
12,81,-190.000000,155.000000,9.624465
13,81,-185.000000,155.000000,9.599670
14,81,-180.000000,155.000000,9.574852
15,81,-175.000000,155.000000,9.549986
16,81,-170.000000,155.000000,9.525120
17,81,-165.000000,155.000000,9.500254
18,81,-160.000000,155.000000,9.475567
19,81,-155.000000,155.000000,9.451210
20,81,-150.000000,155.000000,9.426925
21,81,-145.000000,155.000000,9.402712
22,81,-140.000000,155.000000,9.378500
23,81,-135.000000,155.000000,9.354287
24,81,-130.000000,155.000000,9.330777
25,81,-125.000000,155.000000,9.307458
26,81,-120.000000,155.000000,9.284448
27,81,-115.000000,155.000000,9.261461
28,81,-110.000000,155.000000,9.238474
29,81,-105.000000,155.000000,9.215565
30,81,-100.000000,155.000000,9.192930
31,81,-95.000000,155.000000,9.170358
32,81,-90.000000,155.000000,9.147890
33,81,-85.000000,155.000000,9.125423
34,81,-80.000000,155.000000,9.102956
35,81,-75.000000,155.000000,9.080176
36,81,-70.000000,155.000000,9.057233
37,81,-65.000000,155.000000,9.034064
38,81,-60.000000,155.000000,9.010839
39,81,-55.000000,155.000000,8.987615
40,81,-50.000000,155.000000,8.964325
41,81,-45.000000,155.000000,8.940426
42,81,-40.000000,155.000000,8.916407
43,81,-35.000000,155.000000,8.892011
44,81,-30.000000,155.000000,8.867615
45,81,-25.000000,155.000000,8.843219
46,81,-20.000000,155.000000,8.818771
47,81,-15.000000,155.000000,8.794277
48,81,-10.000000,155.000000,8.769725
49,81,-5.000000,155.000000,8.745143
50,81,0.000000,155.000000,8.720562
51,81,5.000000,155.000000,8.695980
52,81,10.000000,155.000000,8.671991
53,81,15.000000,155.000000,8.648098
54,81,20.000000,155.000000,8.624806
55,81,25.000000,155.000000,8.601515
56,81,30.000000,155.000000,8.578223
57,81,35.000000,155.000000,8.555258
58,81,40.000000,155.000000,8.532775
59,81,45.000000,155.000000,8.510896
60,81,50.000000,155.000000,8.489513
61,81,55.000000,155.000000,8.468131
62,81,60.000000,155.000000,8.446748
63,81,65.000000,155.000000,8.425765
64,81,70.000000,155.000000,8.404858
65,81,75.000000,155.000000,8.384739
66,81,80.000000,155.000000,8.364632
67,81,85.000000,155.000000,8.344526
68,81,90.000000,155.000000,8.324440
69,81,95.000000,155.000000,8.304411
70,81,100.000000,155.000000,8.284452
71,81,105.000000,155.000000,8.264587
72,81,110.000000,155.000000,8.244723
73,81,115.000000,155.000000,8.224858
74,81,120.000000,155.000000,8.204971
75,81,125.000000,155.000000,8.185074
76,81,130.000000,155.000000,8.165103
77,81,135.000000,155.000000,8.145121
78,81,140.000000,155.000000,8.125138
79,81,145.000000,155.000000,8.105164
80,81,150.000000,155.000000,8.085246
81,81,155.000000,155.000000,8.065395
82,81,160.000000,155.000000,8.045705
83,81,165.000000,155.000000,8.026015
84,81,170.000000,155.000000,8.006325
85,81,175.000000,155.000000,7.986694
86,81,180.000000,155.000000,7.967106
87,81,185.000000,155.000000,7.947879
88,81,190.000000,155.000000,7.928787
89,81,195.000000,155.000000,7.909695
90,81,200.000000,155.000000,7.890603
91,81,205.000000,155.000000,7.871522
92,81,210.000000,155.000000,7.852453
93,81,215.000000,155.000000,7.833449
94,81,220.000000,155.000000,7.814445
95,81,225.000000,155.000000,7.795441
96,81,230.000000,155.000000,7.776410
97,81,235.000000,155.000000,7.757348
98,81,240.000000,155.000000,7.737804
99,81,245.000000,155.000000,7.717940
100,81,250.000000,155.000000,7.698076
0,82,-250.000000,160.000000,9.908057
1,82,-245.000000,160.000000,9.882421
2,82,-240.000000,160.000000,9.858023
3,82,-235.000000,160.000000,9.833644
4,82,-230.000000,160.000000,9.809340
5,82,-225.000000,160.000000,9.785037
6,82,-220.000000,160.000000,9.760734
7,82,-215.000000,160.000000,9.736377
8,82,-210.000000,160.000000,9.711961
9,82,-205.000000,160.000000,9.687536
10,82,-200.000000,160.000000,9.663105
11,82,-195.000000,160.000000,9.638674
12,82,-190.000000,160.000000,9.614243
13,82,-185.000000,160.000000,9.589575
14,82,-180.000000,160.000000,9.564881
15,82,-175.000000,160.000000,9.540138
16,82,-170.000000,160.000000,9.515395
17,82,-165.000000,160.000000,9.490652
18,82,-160.000000,160.000000,9.466081
19,82,-155.000000,160.000000,9.441830
20,82,-150.000000,160.000000,9.417647
21,82,-145.000000,160.000000,9.393535
22,82,-140.000000,160.000000,9.369422
23,82,-135.000000,160.000000,9.345310
24,82,-130.000000,160.000000,9.321895
25,82,-125.000000,160.000000,9.298669
26,82,-120.000000,160.000000,9.275750
27,82,-115.000000,160.000000,9.252853
28,82,-110.000000,160.000000,9.229957
29,82,-105.000000,160.000000,9.207142
30,82,-100.000000,160.000000,9.184609
31,82,-95.000000,160.000000,9.162140
32,82,-90.000000,160.000000,9.139780
33,82,-85.000000,160.000000,9.117421
34,82,-80.000000,160.000000,9.095061
35,82,-75.000000,160.000000,9.072401
36,82,-70.000000,160.000000,9.049586
37,82,-65.000000,160.000000,9.026554
38,82,-60.000000,160.000000,9.003468
39,82,-55.000000,160.000000,8.980383
40,82,-50.000000,160.000000,8.957234
41,82,-45.000000,160.000000,8.933485
42,82,-40.000000,160.000000,8.909618
43,82,-35.000000,160.000000,8.885382
44,82,-30.000000,160.000000,8.861145
45,82,-25.000000,160.000000,8.836908
46,82,-20.000000,160.000000,8.812619
47,82,-15.000000,160.000000,8.788282
48,82,-10.000000,160.000000,8.763885
49,82,-5.000000,160.000000,8.739458
50,82,0.000000,160.000000,8.715031
51,82,5.000000,160.000000,8.690605
52,82,10.000000,160.000000,8.666763
53,82,15.000000,160.000000,8.643016
54,82,20.000000,160.000000,8.619863
55,82,25.000000,160.000000,8.596710
56,82,30.000000,160.000000,8.573557
57,82,35.000000,160.000000,8.550730
58,82,40.000000,160.000000,8.528384
59,82,45.000000,160.000000,8.506639
60,82,50.000000,160.000000,8.485390
61,82,55.000000,160.000000,8.464141
62,82,60.000000,160.000000,8.442891
63,82,65.000000,160.000000,8.422045
64,82,70.000000,160.000000,8.401275
65,82,75.000000,160.000000,8.381300
66,82,80.000000,160.000000,8.361337
67,82,85.000000,160.000000,8.341373
68,82,90.000000,160.000000,8.321433
69,82,95.000000,160.000000,8.301552
70,82,100.000000,160.000000,8.281744
71,82,105.000000,160.000000,8.262035
72,82,110.000000,160.000000,8.242327
73,82,115.000000,160.000000,8.222619
74,82,120.000000,160.000000,8.202888
75,82,125.000000,160.000000,8.183147
76,82,130.000000,160.000000,8.163332
77,82,135.000000,160.000000,8.143505
78,82,140.000000,160.000000,8.123677
79,82,145.000000,160.000000,8.103859
80,82,150.000000,160.000000,8.084093
81,82,155.000000,160.000000,8.064389
82,82,160.000000,160.000000,8.044839
83,82,165.000000,160.000000,8.025289
84,82,170.000000,160.000000,8.005739
85,82,175.000000,160.000000,7.986245
86,82,180.000000,160.000000,7.966793
87,82,185.000000,160.000000,7.947691
88,82,190.000000,160.000000,7.928720
89,82,195.000000,160.000000,7.909748
90,82,200.000000,160.000000,7.890777
91,82,205.000000,160.000000,7.871814
92,82,210.000000,160.000000,7.852863
93,82,215.000000,160.000000,7.833966
94,82,220.000000,160.000000,7.815070
95,82,225.000000,160.000000,7.796174
96,82,230.000000,160.000000,7.777251
97,82,235.000000,160.000000,7.758296
98,82,240.000000,160.000000,7.738855
99,82,245.000000,160.000000,7.719092
100,82,250.000000,160.000000,7.699329
0,83,-250.000000,165.000000,9.896066
1,83,-245.000000,165.000000,9.870602
2,83,-240.000000,165.000000,9.846357
3,83,-235.000000,165.000000,9.822129
4,83,-230.000000,165.000000,9.797976
5,83,-225.000000,165.000000,9.773823
6,83,-220.000000,165.000000,9.749670
7,83,-215.000000,165.000000,9.725459
8,83,-210.000000,165.000000,9.701183
9,83,-205.000000,165.000000,9.676897
10,83,-200.000000,165.000000,9.652606
11,83,-195.000000,165.000000,9.628314
12,83,-190.000000,165.000000,9.604022
13,83,-185.000000,165.000000,9.579480
14,83,-180.000000,165.000000,9.554911
15,83,-175.000000,165.000000,9.530290
16,83,-170.000000,165.000000,9.505670
17,83,-165.000000,165.000000,9.481049
18,83,-160.000000,165.000000,9.456595
19,83,-155.000000,165.000000,9.432449
20,83,-150.000000,165.000000,9.408369
21,83,-145.000000,165.000000,9.384357
22,83,-140.000000,165.000000,9.360345
23,83,-135.000000,165.000000,9.336333
24,83,-130.000000,165.000000,9.313013
25,83,-125.000000,165.000000,9.289880
26,83,-120.000000,165.000000,9.267052
27,83,-115.000000,165.000000,9.244246
28,83,-110.000000,165.000000,9.221440
29,83,-105.000000,165.000000,9.198718
30,83,-100.000000,165.000000,9.176287
31,83,-95.000000,165.000000,9.153923
32,83,-90.000000,165.000000,9.131670
33,83,-85.000000,165.000000,9.109418
34,83,-80.000000,165.000000,9.087166
35,83,-75.000000,165.000000,9.064627
36,83,-70.000000,165.000000,9.041939
37,83,-65.000000,165.000000,9.019043
38,83,-60.000000,165.000000,8.996097
39,83,-55.000000,165.000000,8.973151
40,83,-50.000000,165.000000,8.950142
41,83,-45.000000,165.000000,8.926544
42,83,-40.000000,165.000000,8.902830
43,83,-35.000000,165.000000,8.878753
44,83,-30.000000,165.000000,8.854675
45,83,-25.000000,165.000000,8.830598
46,83,-20.000000,165.000000,8.806466
47,83,-15.000000,165.000000,8.782287
48,83,-10.000000,165.000000,8.758045
49,83,-5.000000,165.000000,8.733773
50,83,0.000000,165.000000,8.709501
51,83,5.000000,165.000000,8.685229
52,83,10.000000,165.000000,8.661535
53,83,15.000000,165.000000,8.637934
54,83,20.000000,165.000000,8.614920
55,83,25.000000,165.000000,8.591906
56,83,30.000000,165.000000,8.568892
57,83,35.000000,165.000000,8.546202
58,83,40.000000,165.000000,8.523992
59,83,45.000000,165.000000,8.502383
60,83,50.000000,165.000000,8.481267
61,83,55.000000,165.000000,8.460151
62,83,60.000000,165.000000,8.439035
63,83,65.000000,165.000000,8.418324
64,83,70.000000,165.000000,8.397692
65,83,75.000000,165.000000,8.377860
66,83,80.000000,165.000000,8.358041
67,83,85.000000,165.000000,8.338221
68,83,90.000000,165.000000,8.318426
69,83,95.000000,165.000000,8.298692
70,83,100.000000,165.000000,8.279036
71,83,105.000000,165.000000,8.259484
72,83,110.000000,165.000000,8.239932
73,83,115.000000,165.000000,8.220380
74,83,120.000000,165.000000,8.200805
75,83,125.000000,165.000000,8.181221
76,83,130.000000,165.000000,8.161561
77,83,135.000000,165.000000,8.141889
78,83,140.000000,165.000000,8.122217
79,83,145.000000,165.000000,8.102554
80,83,150.000000,165.000000,8.082939
81,83,155.000000,165.000000,8.063384
82,83,160.000000,165.000000,8.043974
83,83,165.000000,165.000000,8.024563
84,83,170.000000,165.000000,8.005152
85,83,175.000000,165.000000,7.985797
86,83,180.000000,165.000000,7.966481
87,83,185.000000,165.000000,7.947504
88,83,190.000000,165.000000,7.928653
89,83,195.000000,165.000000,7.909802
90,83,200.000000,165.000000,7.890951
91,83,205.000000,165.000000,7.872107
92,83,210.000000,165.000000,7.853273
93,83,215.000000,165.000000,7.834484
94,83,220.000000,165.000000,7.815695
95,83,225.000000,165.000000,7.796907
96,83,230.000000,165.000000,7.778091
97,83,235.000000,165.000000,7.759244
98,83,240.000000,165.000000,7.739906
99,83,245.000000,165.000000,7.720244
100,83,250.000000,165.000000,7.700581
0,84,-250.000000,170.000000,9.883856
1,84,-245.000000,170.000000,9.858569
2,84,-240.000000,170.000000,9.834477
3,84,-235.000000,170.000000,9.810403
4,84,-230.000000,170.000000,9.786402
5,84,-225.000000,170.000000,9.762401
6,84,-220.000000,170.000000,9.738400
7,84,-215.000000,170.000000,9.714336
8,84,-210.000000,170.000000,9.690203
9,84,-205.000000,170.000000,9.666059
10,84,-200.000000,170.000000,9.641908
11,84,-195.000000,170.000000,9.617757
12,84,-190.000000,170.000000,9.593606
13,84,-185.000000,170.000000,9.569191
14,84,-180.000000,170.000000,9.544749
15,84,-175.000000,170.000000,9.520252
16,84,-170.000000,170.000000,9.495755
17,84,-165.000000,170.000000,9.471257
18,84,-160.000000,170.000000,9.446920
19,84,-155.000000,170.000000,9.422878
20,84,-150.000000,170.000000,9.398899
21,84,-145.000000,170.000000,9.374986
22,84,-140.000000,170.000000,9.351072
23,84,-135.000000,170.000000,9.327158
24,84,-130.000000,170.000000,9.303931
25,84,-125.000000,170.000000,9.280888
26,84,-120.000000,170.000000,9.258147
27,84,-115.000000,170.000000,9.235429
28,84,-110.000000,170.000000,9.212710
29,84,-105.000000,170.000000,9.190078
30,84,-100.000000,170.000000,9.167747
31,84,-95.000000,170.000000,9.145485
32,84,-90.000000,170.000000,9.123338
33,84,-85.000000,170.000000,9.101192
34,84,-80.000000,170.000000,9.079045
35,84,-75.000000,170.000000,9.056627
36,84,-70.000000,170.000000,9.034067
37,84,-65.000000,170.000000,9.011310
38,84,-60.000000,170.000000,8.988505
39,84,-55.000000,170.000000,8.965700
40,84,-50.000000,170.000000,8.942835
41,84,-45.000000,170.000000,8.919391
42,84,-40.000000,170.000000,8.895834
43,84,-35.000000,170.000000,8.871921
44,84,-30.000000,170.000000,8.848007
45,84,-25.000000,170.000000,8.824094
46,84,-20.000000,170.000000,8.800125
47,84,-15.000000,170.000000,8.776106
48,84,-10.000000,170.000000,8.752024
49,84,-5.000000,170.000000,8.727911
50,84,0.000000,170.000000,8.703798
51,84,5.000000,170.000000,8.679685
52,84,10.000000,170.000000,8.656141
53,84,15.000000,170.000000,8.632689
54,84,20.000000,170.000000,8.609816
55,84,25.000000,170.000000,8.586942
56,84,30.000000,170.000000,8.564068
57,84,35.000000,170.000000,8.541518
58,84,40.000000,170.000000,8.519445
59,84,45.000000,170.000000,8.497971
60,84,50.000000,170.000000,8.476988
61,84,55.000000,170.000000,8.456006
62,84,60.000000,170.000000,8.435024
63,84,65.000000,170.000000,8.414451
64,84,70.000000,170.000000,8.393956
65,84,75.000000,170.000000,8.374269
66,84,80.000000,170.000000,8.354595
67,84,85.000000,170.000000,8.334921
68,84,90.000000,170.000000,8.315272
69,84,95.000000,170.000000,8.295688
70,84,100.000000,170.000000,8.276185
71,84,105.000000,170.000000,8.256793
72,84,110.000000,170.000000,8.237401
73,84,115.000000,170.000000,8.218009
74,84,120.000000,170.000000,8.198593
75,84,125.000000,170.000000,8.179168
76,84,130.000000,170.000000,8.159667
77,84,135.000000,170.000000,8.140154
78,84,140.000000,170.000000,8.120641
79,84,145.000000,170.000000,8.101136
80,84,150.000000,170.000000,8.081676
81,84,155.000000,170.000000,8.062273
82,84,160.000000,170.000000,8.043004
83,84,165.000000,170.000000,8.023734
84,84,170.000000,170.000000,8.004465
85,84,175.000000,170.000000,7.985250
86,84,180.000000,170.000000,7.966072
87,84,185.000000,170.000000,7.947221
88,84,190.000000,170.000000,7.928491
89,84,195.000000,170.000000,7.909762
90,84,200.000000,170.000000,7.891032
91,84,205.000000,170.000000,7.872308
92,84,210.000000,170.000000,7.853592
93,84,215.000000,170.000000,7.834913
94,84,220.000000,170.000000,7.816234
95,84,225.000000,170.000000,7.797554
96,84,230.000000,170.000000,7.778848
97,84,235.000000,170.000000,7.760109
98,84,240.000000,170.000000,7.740878
99,84,245.000000,170.000000,7.721320
100,84,250.000000,170.000000,7.701762
0,85,-250.000000,175.000000,9.871534
1,85,-245.000000,175.000000,9.846425
2,85,-240.000000,175.000000,9.822488
3,85,-235.000000,175.000000,9.798568
4,85,-230.000000,175.000000,9.774721
5,85,-225.000000,175.000000,9.750873
6,85,-220.000000,175.000000,9.727025
7,85,-215.000000,175.000000,9.703110
8,85,-210.000000,175.000000,9.679120
9,85,-205.000000,175.000000,9.655118
10,85,-200.000000,175.000000,9.631109
11,85,-195.000000,175.000000,9.607100
12,85,-190.000000,175.000000,9.583090
13,85,-185.000000,175.000000,9.558804
14,85,-180.000000,175.000000,9.534489
15,85,-175.000000,175.000000,9.510116
16,85,-170.000000,175.000000,9.485743
17,85,-165.000000,175.000000,9.461369
18,85,-160.000000,175.000000,9.437149
19,85,-155.000000,175.000000,9.413210
20,85,-150.000000,175.000000,9.389332
21,85,-145.000000,175.000000,9.365516
22,85,-140.000000,175.000000,9.341700
23,85,-135.000000,175.000000,9.317884
24,85,-130.000000,175.000000,9.294746
25,85,-125.000000,175.000000,9.271793
26,85,-120.000000,175.000000,9.249138
27,85,-115.000000,175.000000,9.226505
28,85,-110.000000,175.000000,9.203872
29,85,-105.000000,175.000000,9.181328
30,85,-100.000000,175.000000,9.159096
31,85,-95.000000,175.000000,9.136934
32,85,-90.000000,175.000000,9.114893
33,85,-85.000000,175.000000,9.092851
34,85,-80.000000,175.000000,9.070810
35,85,-75.000000,175.000000,9.048512
36,85,-70.000000,175.000000,9.026081
37,85,-65.000000,175.000000,9.003464
38,85,-60.000000,175.000000,8.980801
39,85,-55.000000,175.000000,8.958139
40,85,-50.000000,175.000000,8.935417
41,85,-45.000000,175.000000,8.912130
42,85,-40.000000,175.000000,8.888732
43,85,-35.000000,175.000000,8.864985
44,85,-30.000000,175.000000,8.841238
45,85,-25.000000,175.000000,8.817491
46,85,-20.000000,175.000000,8.793687
47,85,-15.000000,175.000000,8.769832
48,85,-10.000000,175.000000,8.745911
49,85,-5.000000,175.000000,8.721959
50,85,0.000000,175.000000,8.698007
51,85,5.000000,175.000000,8.674054
52,85,10.000000,175.000000,8.650662
53,85,15.000000,175.000000,8.627361
54,85,20.000000,175.000000,8.604628
55,85,25.000000,175.000000,8.581896
56,85,30.000000,175.000000,8.559163
57,85,35.000000,175.000000,8.536753
58,85,40.000000,175.000000,8.514818
59,85,45.000000,175.000000,8.493480
60,85,50.000000,175.000000,8.472631
61,85,55.000000,175.000000,8.451782
62,85,60.000000,175.000000,8.430934
63,85,65.000000,175.000000,8.410498
64,85,70.000000,175.000000,8.390142
65,85,75.000000,175.000000,8.370601
66,85,80.000000,175.000000,8.351073
67,85,85.000000,175.000000,8.331545
68,85,90.000000,175.000000,8.312043
69,85,95.000000,175.000000,8.292611
70,85,100.000000,175.000000,8.273263
71,85,105.000000,175.000000,8.254032
72,85,110.000000,175.000000,8.234801
73,85,115.000000,175.000000,8.215570
74,85,120.000000,175.000000,8.196315
75,85,125.000000,175.000000,8.177051
76,85,130.000000,175.000000,8.157711
77,85,135.000000,175.000000,8.138358
78,85,140.000000,175.000000,8.119006
79,85,145.000000,175.000000,8.099660
80,85,150.000000,175.000000,8.080357
81,85,155.000000,175.000000,8.061106
82,85,160.000000,175.000000,8.041980
83,85,165.000000,175.000000,8.022854
84,85,170.000000,175.000000,8.003728
85,85,175.000000,175.000000,7.984653
86,85,180.000000,175.000000,7.965614
87,85,185.000000,175.000000,7.946890
88,85,190.000000,175.000000,7.928282
89,85,195.000000,175.000000,7.909674
90,85,200.000000,175.000000,7.891067
91,85,205.000000,175.000000,7.872463
92,85,210.000000,175.000000,7.853866
93,85,215.000000,175.000000,7.835296
94,85,220.000000,175.000000,7.816727
95,85,225.000000,175.000000,7.798158
96,85,230.000000,175.000000,7.779561
97,85,235.000000,175.000000,7.760932
98,85,240.000000,175.000000,7.741809
99,85,245.000000,175.000000,7.722357
100,85,250.000000,175.000000,7.702905
0,86,-250.000000,180.000000,9.857651
1,86,-245.000000,180.000000,9.832745
2,86,-240.000000,180.000000,9.808977
3,86,-235.000000,180.000000,9.785225
4,86,-230.000000,180.000000,9.761544
5,86,-225.000000,180.000000,9.737862
6,86,-220.000000,180.000000,9.714180
7,86,-215.000000,180.000000,9.690426
8,86,-210.000000,180.000000,9.666594
9,86,-205.000000,180.000000,9.642749
10,86,-200.000000,180.000000,9.618896
11,86,-195.000000,180.000000,9.595043
12,86,-190.000000,180.000000,9.571190
13,86,-185.000000,180.000000,9.547041
14,86,-180.000000,180.000000,9.522860
15,86,-175.000000,180.000000,9.498618
16,86,-170.000000,180.000000,9.474375
17,86,-165.000000,180.000000,9.450132
18,86,-160.000000,180.000000,9.426030
19,86,-155.000000,180.000000,9.402186
20,86,-150.000000,180.000000,9.378398
21,86,-145.000000,180.000000,9.354666
22,86,-140.000000,180.000000,9.330935
23,86,-135.000000,180.000000,9.307203
24,86,-130.000000,180.000000,9.284137
25,86,-125.000000,180.000000,9.261250
26,86,-120.000000,180.000000,9.238657
27,86,-115.000000,180.000000,9.216085
28,86,-110.000000,180.000000,9.193513
29,86,-105.000000,180.000000,9.171035
30,86,-100.000000,180.000000,9.148886
31,86,-95.000000,180.000000,9.126811
32,86,-90.000000,180.000000,9.104863
33,86,-85.000000,180.000000,9.082915
34,86,-80.000000,180.000000,9.060967
35,86,-75.000000,180.000000,9.038789
36,86,-70.000000,180.000000,9.016492
37,86,-65.000000,180.000000,8.994030
38,86,-60.000000,180.000000,8.971526
39,86,-55.000000,180.000000,8.949023
40,86,-50.000000,180.000000,8.926462
41,86,-45.000000,180.000000,8.903357
42,86,-40.000000,180.000000,8.880146
43,86,-35.000000,180.000000,8.856600
44,86,-30.000000,180.000000,8.833053
45,86,-25.000000,180.000000,8.809507
46,86,-20.000000,180.000000,8.785900
47,86,-15.000000,180.000000,8.762239
48,86,-10.000000,180.000000,8.738509
49,86,-5.000000,180.000000,8.714746
50,86,0.000000,180.000000,8.690983
51,86,5.000000,180.000000,8.667220
52,86,10.000000,180.000000,8.644000
53,86,15.000000,180.000000,8.620868
54,86,20.000000,180.000000,8.598288
55,86,25.000000,180.000000,8.575708
56,86,30.000000,180.000000,8.553127
57,86,35.000000,180.000000,8.530866
58,86,40.000000,180.000000,8.509078
59,86,45.000000,180.000000,8.487880
60,86,50.000000,180.000000,8.467168
61,86,55.000000,180.000000,8.446456
62,86,60.000000,180.000000,8.425745
63,86,65.000000,180.000000,8.405452
64,86,70.000000,180.000000,8.385240
65,86,75.000000,180.000000,8.365855
66,86,80.000000,180.000000,8.346484
67,86,85.000000,180.000000,8.327112
68,86,90.000000,180.000000,8.307769
69,86,95.000000,180.000000,8.288502
70,86,100.000000,180.000000,8.269327
71,86,105.000000,180.000000,8.250279
72,86,110.000000,180.000000,8.231232
73,86,115.000000,180.000000,8.212184
74,86,120.000000,180.000000,8.193114
75,86,125.000000,180.000000,8.174034
76,86,130.000000,180.000000,8.154879
77,86,135.000000,180.000000,8.135711
78,86,140.000000,180.000000,8.116543
79,86,145.000000,180.000000,8.097382
80,86,150.000000,180.000000,8.078258
81,86,155.000000,180.000000,8.059180
82,86,160.000000,180.000000,8.040211
83,86,165.000000,180.000000,8.021243
84,86,170.000000,180.000000,8.002275
85,86,175.000000,180.000000,7.983355
86,86,180.000000,180.000000,7.964470
87,86,185.000000,180.000000,7.945880
88,86,190.000000,180.000000,7.927401
89,86,195.000000,180.000000,7.908922
90,86,200.000000,180.000000,7.890443
91,86,205.000000,180.000000,7.871968
92,86,210.000000,180.000000,7.853496
93,86,215.000000,180.000000,7.835048
94,86,220.000000,180.000000,7.816599
95,86,225.000000,180.000000,7.798150
96,86,230.000000,180.000000,7.779675
97,86,235.000000,180.000000,7.761167
98,86,240.000000,180.000000,7.742172
99,86,245.000000,180.000000,7.722852
100,86,250.000000,180.000000,7.703533
0,87,-250.000000,185.000000,9.843710
1,87,-245.000000,185.000000,9.819008
2,87,-240.000000,185.000000,9.795409
3,87,-235.000000,185.000000,9.771826
4,87,-230.000000,185.000000,9.748311
5,87,-225.000000,185.000000,9.724795
6,87,-220.000000,185.000000,9.701280
7,87,-215.000000,185.000000,9.677689
8,87,-210.000000,185.000000,9.654014
9,87,-205.000000,185.000000,9.630326
10,87,-200.000000,185.000000,9.606630
11,87,-195.000000,185.000000,9.582934
12,87,-190.000000,185.000000,9.559238
13,87,-185.000000,185.000000,9.535226
14,87,-180.000000,185.000000,9.511180
15,87,-175.000000,185.000000,9.487069
16,87,-170.000000,185.000000,9.462957
17,87,-165.000000,185.000000,9.438845
18,87,-160.000000,185.000000,9.414861
19,87,-155.000000,185.000000,9.391111
20,87,-150.000000,185.000000,9.367412
21,87,-145.000000,185.000000,9.343765
22,87,-140.000000,185.000000,9.320117
23,87,-135.000000,185.000000,9.296470
24,87,-130.000000,185.000000,9.273474
25,87,-125.000000,185.000000,9.250654
26,87,-120.000000,185.000000,9.228121
27,87,-115.000000,185.000000,9.205609
28,87,-110.000000,185.000000,9.183097
29,87,-105.000000,185.000000,9.160685
30,87,-100.000000,185.000000,9.138618
31,87,-95.000000,185.000000,9.116629
32,87,-90.000000,185.000000,9.094774
33,87,-85.000000,185.000000,9.072919
34,87,-80.000000,185.000000,9.051063
35,87,-75.000000,185.000000,9.029006
36,87,-70.000000,185.000000,9.006844
37,87,-65.000000,185.000000,8.984536
38,87,-60.000000,185.000000,8.962192
39,87,-55.000000,185.000000,8.939848
40,87,-50.000000,185.000000,8.917449
41,87,-45.000000,185.000000,8.894528
42,87,-40.000000,185.000000,8.871506
43,87,-35.000000,185.000000,8.848161
44,87,-30.000000,185.000000,8.824816
45,87,-25.000000,185.000000,8.801471
46,87,-20.000000,185.000000,8.778062
47,87,-15.000000,185.000000,8.754597
48,87,-10.000000,185.000000,8.731059
49,87,-5.000000,185.000000,8.707486
50,87,0.000000,185.000000,8.683913
51,87,5.000000,185.000000,8.660340
52,87,10.000000,185.000000,8.637293
53,87,15.000000,185.000000,8.614332
54,87,20.000000,185.000000,8.591904
55,87,25.000000,185.000000,8.569477
56,87,30.000000,185.000000,8.547049
57,87,35.000000,185.000000,8.524938
58,87,40.000000,185.000000,8.503296
59,87,45.000000,185.000000,8.482239
60,87,50.000000,185.000000,8.461664
61,87,55.000000,185.000000,8.441089
62,87,60.000000,185.000000,8.420514
63,87,65.000000,185.000000,8.400365
64,87,70.000000,185.000000,8.380297
65,87,75.000000,185.000000,8.361069
66,87,80.000000,185.000000,8.341854
67,87,85.000000,185.000000,8.322640
68,87,90.000000,185.000000,8.303456
69,87,95.000000,185.000000,8.284354
70,87,100.000000,185.000000,8.265353
71,87,105.000000,185.000000,8.246490
72,87,110.000000,185.000000,8.227627
73,87,115.000000,185.000000,8.208764
74,87,120.000000,185.000000,8.189878
75,87,125.000000,185.000000,8.170983
76,87,130.000000,185.000000,8.152013
77,87,135.000000,185.000000,8.133031
78,87,140.000000,185.000000,8.114050
79,87,145.000000,185.000000,8.095073
80,87,150.000000,185.000000,8.076129
81,87,155.000000,185.000000,8.057225
82,87,160.000000,185.000000,8.038415
83,87,165.000000,185.000000,8.019605
84,87,170.000000,185.000000,8.000796
85,87,175.000000,185.000000,7.982031
86,87,180.000000,185.000000,7.963300
87,87,185.000000,185.000000,7.944846
88,87,190.000000,185.000000,7.926496
89,87,195.000000,185.000000,7.908145
90,87,200.000000,185.000000,7.889795
91,87,205.000000,185.000000,7.871447
92,87,210.000000,185.000000,7.853103
93,87,215.000000,185.000000,7.834775
94,87,220.000000,185.000000,7.816448
95,87,225.000000,185.000000,7.798120
96,87,230.000000,185.000000,7.779766
97,87,235.000000,185.000000,7.761380
98,87,240.000000,185.000000,7.742514
99,87,245.000000,185.000000,7.723328
100,87,250.000000,185.000000,7.704141
0,88,-250.000000,190.000000,9.829769
1,88,-245.000000,190.000000,9.805270
2,88,-240.000000,190.000000,9.781841
3,88,-235.000000,190.000000,9.758426
4,88,-230.000000,190.000000,9.735078
5,88,-225.000000,190.000000,9.711729
6,88,-220.000000,190.000000,9.688380
7,88,-215.000000,190.000000,9.664951
8,88,-210.000000,190.000000,9.641435
9,88,-205.000000,190.000000,9.617904
10,88,-200.000000,190.000000,9.594365
11,88,-195.000000,190.000000,9.570825
12,88,-190.000000,190.000000,9.547286
13,88,-185.000000,190.000000,9.523411
14,88,-180.000000,190.000000,9.499500
15,88,-175.000000,190.000000,9.475520
16,88,-170.000000,190.000000,9.451539
17,88,-165.000000,190.000000,9.427558
18,88,-160.000000,190.000000,9.403691
19,88,-155.000000,190.000000,9.380036
20,88,-150.000000,190.000000,9.356427
21,88,-145.000000,190.000000,9.332863
22,88,-140.000000,190.000000,9.309300
23,88,-135.000000,190.000000,9.285737
24,88,-130.000000,190.000000,9.262811
25,88,-125.000000,190.000000,9.240058
26,88,-120.000000,190.000000,9.217586
27,88,-115.000000,190.000000,9.195134
28,88,-110.000000,190.000000,9.172682
29,88,-105.000000,190.000000,9.150334
30,88,-100.000000,190.000000,9.128350
31,88,-95.000000,190.000000,9.106447
32,88,-90.000000,190.000000,9.084685
33,88,-85.000000,190.000000,9.062922
34,88,-80.000000,190.000000,9.041160
35,88,-75.000000,190.000000,9.019223
36,88,-70.000000,190.000000,8.997196
37,88,-65.000000,190.000000,8.975042
38,88,-60.000000,190.000000,8.952858
39,88,-55.000000,190.000000,8.930674
40,88,-50.000000,190.000000,8.908436
41,88,-45.000000,190.000000,8.885699
42,88,-40.000000,190.000000,8.862865
43,88,-35.000000,190.000000,8.839721
44,88,-30.000000,190.000000,8.816578
45,88,-25.000000,190.000000,8.793435
46,88,-20.000000,190.000000,8.770224
47,88,-15.000000,190.000000,8.746955
48,88,-10.000000,190.000000,8.723609
49,88,-5.000000,190.000000,8.700226
50,88,0.000000,190.000000,8.676844
51,88,5.000000,190.000000,8.653461
52,88,10.000000,190.000000,8.630587
53,88,15.000000,190.000000,8.607795
54,88,20.000000,190.000000,8.585521
55,88,25.000000,190.000000,8.563246
56,88,30.000000,190.000000,8.540971
57,88,35.000000,190.000000,8.519010
58,88,40.000000,190.000000,8.497514
59,88,45.000000,190.000000,8.476598
60,88,50.000000,190.000000,8.456160
61,88,55.000000,190.000000,8.435722
62,88,60.000000,190.000000,8.415284
63,88,65.000000,190.000000,8.395278
64,88,70.000000,190.000000,8.375354
65,88,75.000000,190.000000,8.356283
66,88,80.000000,190.000000,8.337225
67,88,85.000000,190.000000,8.318167
68,88,90.000000,190.000000,8.299143
69,88,95.000000,190.000000,8.280207
70,88,100.000000,190.000000,8.261379
71,88,105.000000,190.000000,8.242701
72,88,110.000000,190.000000,8.224022
73,88,115.000000,190.000000,8.205344
74,88,120.000000,190.000000,8.186642
75,88,125.000000,190.000000,8.167932
76,88,130.000000,190.000000,8.149148
77,88,135.000000,190.000000,8.130352
78,88,140.000000,190.000000,8.111556
79,88,145.000000,190.000000,8.092765
80,88,150.000000,190.000000,8.074001
81,88,155.000000,190.000000,8.055270
82,88,160.000000,190.000000,8.036618
83,88,165.000000,190.000000,8.017967
84,88,170.000000,190.000000,7.999316
85,88,175.000000,190.000000,7.980708
86,88,180.000000,190.000000,7.962129
87,88,185.000000,190.000000,7.943811
88,88,190.000000,190.000000,7.925590
89,88,195.000000,190.000000,7.907368
90,88,200.000000,190.000000,7.889147
91,88,205.000000,190.000000,7.870927
92,88,210.000000,190.000000,7.852710
93,88,215.000000,190.000000,7.834503
94,88,220.000000,190.000000,7.816296
95,88,225.000000,190.000000,7.798090
96,88,230.000000,190.000000,7.779857
97,88,235.000000,190.000000,7.761593
98,88,240.000000,190.000000,7.742855
99,88,245.000000,190.000000,7.723803
100,88,250.000000,190.000000,7.704750
0,89,-250.000000,195.000000,9.815762
1,89,-245.000000,195.000000,9.791466
2,89,-240.000000,195.000000,9.768205
3,89,-235.000000,195.000000,9.744959
4,89,-230.000000,195.000000,9.721777
5,89,-225.000000,195.000000,9.698595
6,89,-220.000000,195.000000,9.675412
7,89,-215.000000,195.000000,9.652145
8,89,-210.000000,195.000000,9.628786
9,89,-205.000000,195.000000,9.605412
10,89,-200.000000,195.000000,9.582030
11,89,-195.000000,195.000000,9.558647
12,89,-190.000000,195.000000,9.535264
13,89,-185.000000,195.000000,9.511525
14,89,-180.000000,195.000000,9.487748
15,89,-175.000000,195.000000,9.463897
16,89,-170.000000,195.000000,9.440045
17,89,-165.000000,195.000000,9.416194
18,89,-160.000000,195.000000,9.392444
19,89,-155.000000,195.000000,9.368880
20,89,-150.000000,195.000000,9.345357
21,89,-145.000000,195.000000,9.321875
22,89,-140.000000,195.000000,9.298393
23,89,-135.000000,195.000000,9.274911
24,89,-130.000000,195.000000,9.252053
25,89,-125.000000,195.000000,9.229363
26,89,-120.000000,195.000000,9.206949
27,89,-115.000000,195.000000,9.184554
28,89,-110.000000,195.000000,9.162159
29,89,-105.000000,195.000000,9.139874
30,89,-100.000000,195.000000,9.117970
31,89,-95.000000,195.000000,9.096152
32,89,-90.000000,195.000000,9.074482
33,89,-85.000000,195.000000,9.052811
34,89,-80.000000,195.000000,9.031140
35,89,-75.000000,195.000000,9.009324
36,89,-70.000000,195.000000,8.987431
37,89,-65.000000,195.000000,8.965433
38,89,-60.000000,195.000000,8.943409
39,89,-55.000000,195.000000,8.921385
40,89,-50.000000,195.000000,8.899310
41,89,-45.000000,195.000000,8.876758
42,89,-40.000000,195.000000,8.854112
43,89,-35.000000,195.000000,8.831172
44,89,-30.000000,195.000000,8.808231
45,89,-25.000000,195.000000,8.785291
46,89,-20.000000,195.000000,8.762279
47,89,-15.000000,195.000000,8.739206
48,89,-10.000000,195.000000,8.716052
49,89,-5.000000,195.000000,8.692859
50,89,0.000000,195.000000,8.669666
51,89,5.000000,195.000000,8.646473
52,89,10.000000,195.000000,8.623771
53,89,15.000000,195.000000,8.601150
54,89,20.000000,195.000000,8.579026
55,89,25.000000,195.000000,8.556903
56,89,30.000000,195.000000,8.534780
57,89,35.000000,195.000000,8.512968
58,89,40.000000,195.000000,8.491617
59,89,45.000000,195.000000,8.470841
60,89,50.000000,195.000000,8.450540
61,89,55.000000,195.000000,8.430238
62,89,60.000000,195.000000,8.409937
63,89,65.000000,195.000000,8.390074
64,89,70.000000,195.000000,8.370295
65,89,75.000000,195.000000,8.351382
66,89,80.000000,195.000000,8.332483
67,89,85.000000,195.000000,8.313583
68,89,90.000000,195.000000,8.294720
69,89,95.000000,195.000000,8.275952
70,89,100.000000,195.000000,8.257300
71,89,105.000000,195.000000,8.238809
72,89,110.000000,195.000000,8.220318
73,89,115.000000,195.000000,8.201826
74,89,120.000000,195.000000,8.183313
75,89,125.000000,195.000000,8.164790
76,89,130.000000,195.000000,8.146194
77,89,135.000000,195.000000,8.127586
78,89,140.000000,195.000000,8.108979
79,89,145.000000,195.000000,8.090375
80,89,150.000000,195.000000,8.071793
81,89,155.000000,195.000000,8.053237
82,89,160.000000,195.000000,8.034746
83,89,165.000000,195.000000,8.016255
84,89,170.000000,195.000000,7.997764
85,89,175.000000,195.000000,7.979312
86,89,180.000000,195.000000,7.960889
87,89,185.000000,195.000000,7.942707
88,89,190.000000,195.000000,7.924615
89,89,195.000000,195.000000,7.906524
90,89,200.000000,195.000000,7.888432
91,89,205.000000,195.000000,7.870341
92,89,210.000000,195.000000,7.852251
93,89,215.000000,195.000000,7.834167
94,89,220.000000,195.000000,7.816082
95,89,225.000000,195.000000,7.797998
96,89,230.000000,195.000000,7.779887
97,89,235.000000,195.000000,7.761746
98,89,240.000000,195.000000,7.743139
99,89,245.000000,195.000000,7.724221
100,89,250.000000,195.000000,7.705304
0,90,-250.000000,200.000000,9.801704
1,90,-245.000000,200.000000,9.777611
2,90,-240.000000,200.000000,9.754519
3,90,-235.000000,200.000000,9.731441
4,90,-230.000000,200.000000,9.708425
5,90,-225.000000,200.000000,9.685408
6,90,-220.000000,200.000000,9.662392
7,90,-215.000000,200.000000,9.639287
8,90,-210.000000,200.000000,9.616086
9,90,-205.000000,200.000000,9.592869
10,90,-200.000000,200.000000,9.569642
11,90,-195.000000,200.000000,9.546416
12,90,-190.000000,200.000000,9.523189
13,90,-185.000000,200.000000,9.499585
14,90,-180.000000,200.000000,9.475941
15,90,-175.000000,200.000000,9.452218
16,90,-170.000000,200.000000,9.428495
17,90,-165.000000,200.000000,9.404772
18,90,-160.000000,200.000000,9.381136
19,90,-155.000000,200.000000,9.357663
20,90,-150.000000,200.000000,9.334224
21,90,-145.000000,200.000000,9.310821
22,90,-140.000000,200.000000,9.287418
23,90,-135.000000,200.000000,9.264015
24,90,-130.000000,200.000000,9.241222
25,90,-125.000000,200.000000,9.218594
26,90,-120.000000,200.000000,9.196234
27,90,-115.000000,200.000000,9.173894
28,90,-110.000000,200.000000,9.151554
29,90,-105.000000,200.000000,9.129330
30,90,-100.000000,200.000000,9.107505
31,90,-95.000000,200.000000,9.085771
32,90,-90.000000,200.000000,9.064191
33,90,-85.000000,200.000000,9.042612
34,90,-80.000000,200.000000,9.021032
35,90,-75.000000,200.000000,8.999335
36,90,-70.000000,200.000000,8.977578
37,90,-65.000000,200.000000,8.955735
38,90,-60.000000,200.000000,8.933872
39,90,-55.000000,200.000000,8.912009
40,90,-50.000000,200.000000,8.890098
41,90,-45.000000,200.000000,8.867731
42,90,-40.000000,200.000000,8.845275
43,90,-35.000000,200.000000,8.822538
44,90,-30.000000,200.000000,8.799801
45,90,-25.000000,200.000000,8.777064
46,90,-20.000000,200.000000,8.754253
47,90,-15.000000,200.000000,8.731376
48,90,-10.000000,200.000000,8.708413
49,90,-5.000000,200.000000,8.685410
50,90,0.000000,200.000000,8.662407
51,90,5.000000,200.000000,8.639404
52,90,10.000000,200.000000,8.616873
53,90,15.000000,200.000000,8.594420
54,90,20.000000,200.000000,8.572448
55,90,25.000000,200.000000,8.550475
56,90,30.000000,200.000000,8.528503
57,90,35.000000,200.000000,8.506839
58,90,40.000000,200.000000,8.485632
59,90,45.000000,200.000000,8.464997
60,90,50.000000,200.000000,8.444831
61,90,55.000000,200.000000,8.424666
62,90,60.000000,200.000000,8.404501
63,90,65.000000,200.000000,8.384782
64,90,70.000000,200.000000,8.365148
65,90,75.000000,200.000000,8.346394
66,90,80.000000,200.000000,8.327655
67,90,85.000000,200.000000,8.308915
68,90,90.000000,200.000000,8.290214
69,90,95.000000,200.000000,8.271615
70,90,100.000000,200.000000,8.253141
71,90,105.000000,200.000000,8.234839
72,90,110.000000,200.000000,8.216537
73,90,115.000000,200.000000,8.198235
74,90,120.000000,200.000000,8.179911
75,90,125.000000,200.000000,8.161578
76,90,130.000000,200.000000,8.143173
77,90,135.000000,200.000000,8.124755
78,90,140.000000,200.000000,8.106338
79,90,145.000000,200.000000,8.087923
80,90,150.000000,200.000000,8.069525
81,90,155.000000,200.000000,8.051147
82,90,160.000000,200.000000,8.032816
83,90,165.000000,200.000000,8.014486
84,90,170.000000,200.000000,7.996156
85,90,175.000000,200.000000,7.977862
86,90,180.000000,200.000000,7.959594
87,90,185.000000,200.000000,7.941550
88,90,190.000000,200.000000,7.923589
89,90,195.000000,200.000000,7.905627
90,90,200.000000,200.000000,7.887666
91,90,205.000000,200.000000,7.869704
92,90,210.000000,200.000000,7.851743
93,90,215.000000,200.000000,7.833781
94,90,220.000000,200.000000,7.815820
95,90,225.000000,200.000000,7.797858
96,90,230.000000,200.000000,7.779872
97,90,235.000000,200.000000,7.761854
98,90,240.000000,200.000000,7.743378
99,90,245.000000,200.000000,7.724597
100,90,250.000000,200.000000,7.705816
0,91,-250.000000,205.000000,9.786899
1,91,-245.000000,205.000000,9.762998
2,91,-240.000000,205.000000,9.740070
3,91,-235.000000,205.000000,9.717157
4,91,-230.000000,205.000000,9.694303
5,91,-225.000000,205.000000,9.671450
6,91,-220.000000,205.000000,9.648596
7,91,-215.000000,205.000000,9.625650
8,91,-210.000000,205.000000,9.602603
9,91,-205.000000,205.000000,9.579540
10,91,-200.000000,205.000000,9.556468
11,91,-195.000000,205.000000,9.533395
12,91,-190.000000,205.000000,9.510322
13,91,-185.000000,205.000000,9.486840
14,91,-180.000000,205.000000,9.463314
15,91,-175.000000,205.000000,9.439702
16,91,-170.000000,205.000000,9.416090
17,91,-165.000000,205.000000,9.392479
18,91,-160.000000,205.000000,9.368937
19,91,-155.000000,205.000000,9.345523
20,91,-150.000000,205.000000,9.322137
21,91,-145.000000,205.000000,9.298779
22,91,-140.000000,205.000000,9.275422
23,91,-135.000000,205.000000,9.252064
24,91,-130.000000,205.000000,9.229303
25,91,-125.000000,205.000000,9.206703
26,91,-120.000000,205.000000,9.184366
27,91,-115.000000,205.000000,9.162048
28,91,-110.000000,205.000000,9.139730
29,91,-105.000000,205.000000,9.117535
30,91,-100.000000,205.000000,9.095771
31,91,-95.000000,205.000000,9.074104
32,91,-90.000000,205.000000,9.052603
33,91,-85.000000,205.000000,9.031102
34,91,-80.000000,205.000000,9.009601
35,91,-75.000000,205.000000,8.988020
36,91,-70.000000,205.000000,8.966399
37,91,-65.000000,205.000000,8.944721
38,91,-60.000000,205.000000,8.923028
39,91,-55.000000,205.000000,8.901335
40,91,-50.000000,205.000000,8.879597
41,91,-45.000000,205.000000,8.857427
42,91,-40.000000,205.000000,8.835172
43,91,-35.000000,205.000000,8.812651
44,91,-30.000000,205.000000,8.790129
45,91,-25.000000,205.000000,8.767608
46,91,-20.000000,205.000000,8.745004
47,91,-15.000000,205.000000,8.722327
48,91,-10.000000,205.000000,8.699556
49,91,-5.000000,205.000000,8.676739
50,91,0.000000,205.000000,8.653923
51,91,5.000000,205.000000,8.631106
52,91,10.000000,205.000000,8.608740
53,91,15.000000,205.000000,8.586447
54,91,20.000000,205.000000,8.564611
55,91,25.000000,205.000000,8.542775
56,91,30.000000,205.000000,8.520939
57,91,35.000000,205.000000,8.499411
58,91,40.000000,205.000000,8.478339
59,91,45.000000,205.000000,8.457837
60,91,50.000000,205.000000,8.437804
61,91,55.000000,205.000000,8.417770
62,91,60.000000,205.000000,8.397737
63,91,65.000000,205.000000,8.378164
64,91,70.000000,205.000000,8.358679
65,91,75.000000,205.000000,8.340103
66,91,80.000000,205.000000,8.321541
67,91,85.000000,205.000000,8.302980
68,91,90.000000,205.000000,8.284460
69,91,95.000000,205.000000,8.266053
70,91,100.000000,205.000000,8.247784
71,91,105.000000,205.000000,8.229704
72,91,110.000000,205.000000,8.211624
73,91,115.000000,205.000000,8.193544
74,91,120.000000,205.000000,8.175441
75,91,125.000000,205.000000,8.157329
76,91,130.000000,205.000000,8.139142
77,91,135.000000,205.000000,8.120943
78,91,140.000000,205.000000,8.102745
79,91,145.000000,205.000000,8.084547
80,91,150.000000,205.000000,8.066358
81,91,155.000000,205.000000,8.048180
82,91,160.000000,205.000000,8.030026
83,91,165.000000,205.000000,8.011872
84,91,170.000000,205.000000,7.993719
85,91,175.000000,205.000000,7.975598
86,91,180.000000,205.000000,7.957500
87,91,185.000000,205.000000,7.939603
88,91,190.000000,205.000000,7.921781
89,91,195.000000,205.000000,7.903959
90,91,200.000000,205.000000,7.886137
91,91,205.000000,205.000000,7.868314
92,91,210.000000,205.000000,7.850491
93,91,215.000000,205.000000,7.832666
94,91,220.000000,205.000000,7.814840
95,91,225.000000,205.000000,7.797015
96,91,230.000000,205.000000,7.779165
97,91,235.000000,205.000000,7.761285
98,91,240.000000,205.000000,7.742958
99,91,245.000000,205.000000,7.724333
100,91,250.000000,205.000000,7.705708
0,92,-250.000000,210.000000,9.771981
1,92,-245.000000,210.000000,9.748269
2,92,-240.000000,210.000000,9.725506
3,92,-235.000000,210.000000,9.702757
4,92,-230.000000,210.000000,9.680066
5,92,-225.000000,210.000000,9.657375
6,92,-220.000000,210.000000,9.634684
7,92,-215.000000,210.000000,9.611896
8,92,-210.000000,210.000000,9.589004
9,92,-205.000000,210.000000,9.566094
10,92,-200.000000,210.000000,9.543175
11,92,-195.000000,210.000000,9.520255
12,92,-190.000000,210.000000,9.497336
13,92,-185.000000,210.000000,9.473973
14,92,-180.000000,210.000000,9.450563
15,92,-175.000000,210.000000,9.427060
16,92,-170.000000,210.000000,9.403557
17,92,-165.000000,210.000000,9.380055
18,92,-160.000000,210.000000,9.356603
19,92,-155.000000,210.000000,9.333244
20,92,-150.000000,210.000000,9.309907
21,92,-145.000000,210.000000,9.286589
22,92,-140.000000,210.000000,9.263272
23,92,-135.000000,210.000000,9.239955
24,92,-130.000000,210.000000,9.217221
25,92,-125.000000,210.000000,9.194644
26,92,-120.000000,210.000000,9.172324
27,92,-115.000000,210.000000,9.150022
28,92,-110.000000,210.000000,9.127721
29,92,-105.000000,210.000000,9.105552
30,92,-100.000000,210.000000,9.083846
31,92,-95.000000,210.000000,9.062243
32,92,-90.000000,210.000000,9.040819
33,92,-85.000000,210.000000,9.019394
34,92,-80.000000,210.000000,8.997970
35,92,-75.000000,210.000000,8.976506
36,92,-70.000000,210.000000,8.955021
37,92,-65.000000,210.000000,8.933507
38,92,-60.000000,210.000000,8.911987
39,92,-55.000000,210.000000,8.890466
40,92,-50.000000,210.000000,8.868903
41,92,-45.000000,210.000000,8.846931
42,92,-40.000000,210.000000,8.824879
43,92,-35.000000,210.000000,8.802575
44,92,-30.000000,210.000000,8.780271
45,92,-25.000000,210.000000,8.757966
46,92,-20.000000,210.000000,8.735571
47,92,-15.000000,210.000000,8.713096
48,92,-10.000000,210.000000,8.690515
49,92,-5.000000,210.000000,8.667885
50,92,0.000000,210.000000,8.645255
51,92,5.000000,210.000000,8.622624
52,92,10.000000,210.000000,8.600420
53,92,15.000000,210.000000,8.578286
54,92,20.000000,210.000000,8.556585
55,92,25.000000,210.000000,8.534883
56,92,30.000000,210.000000,8.513182
57,92,35.000000,210.000000,8.491788
58,92,40.000000,210.000000,8.470850
59,92,45.000000,210.000000,8.450480
60,92,50.000000,210.000000,8.430578
61,92,55.000000,210.000000,8.410676
62,92,60.000000,210.000000,8.390774
63,92,65.000000,210.000000,8.371347
64,92,70.000000,210.000000,8.352012
65,92,75.000000,210.000000,8.333616
66,92,80.000000,210.000000,8.315235
67,92,85.000000,210.000000,8.296854
68,92,90.000000,210.000000,8.278519
69,92,95.000000,210.000000,8.260308
70,92,100.000000,210.000000,8.242247
71,92,105.000000,210.000000,8.224394
72,92,110.000000,210.000000,8.206540
73,92,115.000000,210.000000,8.188687
74,92,120.000000,210.000000,8.170810
75,92,125.000000,210.000000,8.152923
76,92,130.000000,210.000000,8.134960
77,92,135.000000,210.000000,8.116984
78,92,140.000000,210.000000,8.099008
79,92,145.000000,210.000000,8.081032
80,92,150.000000,210.000000,8.063056
81,92,155.000000,210.000000,8.045081
82,92,160.000000,210.000000,8.027106
83,92,165.000000,210.000000,8.009131
84,92,170.000000,210.000000,7.991156
85,92,175.000000,210.000000,7.973210
86,92,180.000000,210.000000,7.955285
87,92,185.000000,210.000000,7.937538
88,92,190.000000,210.000000,7.919856
89,92,195.000000,210.000000,7.902175
90,92,200.000000,210.000000,7.884493
91,92,205.000000,210.000000,7.866811
92,92,210.000000,210.000000,7.849128
93,92,215.000000,210.000000,7.831440
94,92,220.000000,210.000000,7.813753
95,92,225.000000,210.000000,7.796065
96,92,230.000000,210.000000,7.778354
97,92,235.000000,210.000000,7.760613
98,92,240.000000,210.000000,7.742437
99,92,245.000000,210.000000,7.723972
100,92,250.000000,210.000000,7.705507
0,93,-250.000000,215.000000,9.757063
1,93,-245.000000,215.000000,9.733541
2,93,-240.000000,215.000000,9.710943
3,93,-235.000000,215.000000,9.688357
4,93,-230.000000,215.000000,9.665828
5,93,-225.000000,215.000000,9.643300
6,93,-220.000000,215.000000,9.620771
7,93,-215.000000,215.000000,9.598142
8,93,-210.000000,215.000000,9.575404
9,93,-205.000000,215.000000,9.552648
10,93,-200.000000,215.000000,9.529882
11,93,-195.000000,215.000000,9.507116
12,93,-190.000000,215.000000,9.484350
13,93,-185.000000,215.000000,9.461106
14,93,-180.000000,215.000000,9.437812
15,93,-175.000000,215.000000,9.414418
16,93,-170.000000,215.000000,9.391024
17,93,-165.000000,215.000000,9.367631
18,93,-160.000000,215.000000,9.344269
19,93,-155.000000,215.000000,9.320966
20,93,-150.000000,215.000000,9.297676
21,93,-145.000000,215.000000,9.274399
22,93,-140.000000,215.000000,9.251123
23,93,-135.000000,215.000000,9.227846
24,93,-130.000000,215.000000,9.205138
25,93,-125.000000,215.000000,9.182585
26,93,-120.000000,215.000000,9.160282
27,93,-115.000000,215.000000,9.137997
28,93,-110.000000,215.000000,9.115713
29,93,-105.000000,215.000000,9.093570
30,93,-100.000000,215.000000,9.071920
31,93,-95.000000,215.000000,9.050382
32,93,-90.000000,215.000000,9.029035
33,93,-85.000000,215.000000,9.007687
34,93,-80.000000,215.000000,8.986339
35,93,-75.000000,215.000000,8.964991
36,93,-70.000000,215.000000,8.943643
37,93,-65.000000,215.000000,8.922294
38,93,-60.000000,215.000000,8.900946
39,93,-55.000000,215.000000,8.879597
40,93,-50.000000,215.000000,8.858208
41,93,-45.000000,215.000000,8.836434
42,93,-40.000000,215.000000,8.814585
43,93,-35.000000,215.000000,8.792498
44,93,-30.000000,215.000000,8.770412
45,93,-25.000000,215.000000,8.748325
46,93,-20.000000,215.000000,8.726139
47,93,-15.000000,215.000000,8.703864
48,93,-10.000000,215.000000,8.681475
49,93,-5.000000,215.000000,8.659031
50,93,0.000000,215.000000,8.636586
51,93,5.000000,215.000000,8.614142
52,93,10.000000,215.000000,8.592101
53,93,15.000000,215.000000,8.570125
54,93,20.000000,215.000000,8.548558
55,93,25.000000,215.000000,8.526992
56,93,30.000000,215.000000,8.505425
57,93,35.000000,215.000000,8.484166
58,93,40.000000,215.000000,8.463360
59,93,45.000000,215.000000,8.443122
60,93,50.000000,215.000000,8.423351
61,93,55.000000,215.000000,8.403581
62,93,60.000000,215.000000,8.383810
63,93,65.000000,215.000000,8.364531
64,93,70.000000,215.000000,8.345345
65,93,75.000000,215.000000,8.327130
66,93,80.000000,215.000000,8.308929
67,93,85.000000,215.000000,8.290728
68,93,90.000000,215.000000,8.272578
69,93,95.000000,215.000000,8.254562
70,93,100.000000,215.000000,8.236710
71,93,105.000000,215.000000,8.219083
72,93,110.000000,215.000000,8.201456
73,93,115.000000,215.000000,8.183830
74,93,120.000000,215.000000,8.166179
75,93,125.000000,215.000000,8.148518
76,93,130.000000,215.000000,8.130778
77,93,135.000000,215.000000,8.113025
78,93,140.000000,215.000000,8.095272
79,93,145.000000,215.000000,8.077517
80,93,150.000000,215.000000,8.059755
81,93,155.000000,215.000000,8.041982
82,93,160.000000,215.000000,8.024186
83,93,165.000000,215.000000,8.006390
84,93,170.000000,215.000000,7.988594
85,93,175.000000,215.000000,7.970823
86,93,180.000000,215.000000,7.953070
87,93,185.000000,215.000000,7.935472
88,93,190.000000,215.000000,7.917931
89,93,195.000000,215.000000,7.900390
90,93,200.000000,215.000000,7.882849
91,93,205.000000,215.000000,7.865307
92,93,210.000000,215.000000,7.847764
93,93,215.000000,215.000000,7.830215
94,93,220.000000,215.000000,7.812665
95,93,225.000000,215.000000,7.795116
96,93,230.000000,215.000000,7.777543
97,93,235.000000,215.000000,7.759942
98,93,240.000000,215.000000,7.741917
99,93,245.000000,215.000000,7.723611
100,93,250.000000,215.000000,7.705305
0,94,-250.000000,220.000000,9.742176
1,94,-245.000000,220.000000,9.718843
2,94,-240.000000,220.000000,9.696408
3,94,-235.000000,220.000000,9.673985
4,94,-230.000000,220.000000,9.651619
5,94,-225.000000,220.000000,9.629252
6,94,-220.000000,220.000000,9.606885
7,94,-215.000000,220.000000,9.584414
8,94,-210.000000,220.000000,9.561829
9,94,-205.000000,220.000000,9.539226
10,94,-200.000000,220.000000,9.516613
11,94,-195.000000,220.000000,9.493999
12,94,-190.000000,220.000000,9.471385
13,94,-185.000000,220.000000,9.448260
14,94,-180.000000,220.000000,9.425080
15,94,-175.000000,220.000000,9.401794
16,94,-170.000000,220.000000,9.378508
17,94,-165.000000,220.000000,9.355221
18,94,-160.000000,220.000000,9.331948
19,94,-155.000000,220.000000,9.308699
20,94,-150.000000,220.000000,9.285456
21,94,-145.000000,220.000000,9.262218
22,94,-140.000000,220.000000,9.238980
23,94,-135.000000,220.000000,9.215742
24,94,-130.000000,220.000000,9.193060
25,94,-125.000000,220.000000,9.170528
26,94,-120.000000,220.000000,9.148241
27,94,-115.000000,220.000000,9.125972
28,94,-110.000000,220.000000,9.103703
29,94,-105.000000,220.000000,9.081585
30,94,-100.000000,220.000000,9.059992
31,94,-95.000000,220.000000,9.038517
32,94,-90.000000,220.000000,9.017246
33,94,-85.000000,220.000000,8.995974
34,94,-80.000000,220.000000,8.974703
35,94,-75.000000,220.000000,8.953470
36,94,-70.000000,220.000000,8.932258
37,94,-65.000000,220.000000,8.911074
38,94,-60.000000,220.000000,8.889898
39,94,-55.000000,220.000000,8.868721
40,94,-50.000000,220.000000,8.847506
41,94,-45.000000,220.000000,8.825929
42,94,-40.000000,220.000000,8.804282
43,94,-35.000000,220.000000,8.782412
44,94,-30.000000,220.000000,8.760542
45,94,-25.000000,220.000000,8.738672
46,94,-20.000000,220.000000,8.716693
47,94,-15.000000,220.000000,8.694619
48,94,-10.000000,220.000000,8.672419
49,94,-5.000000,220.000000,8.650159
50,94,0.000000,220.000000,8.627900
51,94,5.000000,220.000000,8.605640
52,94,10.000000,220.000000,8.583760
53,94,15.000000,220.000000,8.561941
54,94,20.000000,220.000000,8.540508
55,94,25.000000,220.000000,8.519074
56,94,30.000000,220.000000,8.497641
57,94,35.000000,220.000000,8.476514
58,94,40.000000,220.000000,8.455840
59,94,45.000000,220.000000,8.435734
60,94,50.000000,220.000000,8.416094
61,94,55.000000,220.000000,8.396454
62,94,60.000000,220.000000,8.376814
63,94,65.000000,220.000000,8.357681
64,94,70.000000,220.000000,8.338645
65,94,75.000000,220.000000,8.320610
66,94,80.000000,220.000000,8.302590
67,94,85.000000,220.000000,8.284570
68,94,90.000000,220.000000,8.266605
69,94,95.000000,220.000000,8.248785
70,94,100.000000,220.000000,8.231142
71,94,105.000000,220.000000,8.213743
72,94,110.000000,220.000000,8.196344
73,94,115.000000,220.000000,8.178944
74,94,120.000000,220.000000,8.161520
75,94,125.000000,220.000000,8.144085
76,94,130.000000,220.000000,8.126569
77,94,135.000000,220.000000,8.109040
78,94,140.000000,220.000000,8.091510
79,94,145.000000,220.000000,8.073977
80,94,150.000000,220.000000,8.056428
81,94,155.000000,220.000000,8.038859
82,94,160.000000,220.000000,8.021242
83,94,165.000000,220.000000,8.003625
84,94,170.000000,220.000000,7.986008
85,94,175.000000,220.000000,7.968412
86,94,180.000000,220.000000,7.950832
87,94,185.000000,220.000000,7.933383
88,94,190.000000,220.000000,7.915982
89,94,195.000000,220.000000,7.898582
90,94,200.000000,220.000000,7.881182
91,94,205.000000,220.000000,7.863780
92,94,210.000000,220.000000,7.846377
93,94,215.000000,220.000000,7.828966
94,94,220.000000,220.000000,7.811555
95,94,225.000000,220.000000,7.794143
96,94,230.000000,220.000000,7.776709
97,94,235.000000,220.000000,7.759248
98,94,240.000000,220.000000,7.741375
99,94,245.000000,220.000000,7.723228
100,94,250.000000,220.000000,7.705082
0,95,-250.000000,225.000000,9.727323
1,95,-245.000000,225.000000,9.704177
2,95,-240.000000,225.000000,9.681905
3,95,-235.000000,225.000000,9.659645
4,95,-230.000000,225.000000,9.637440
5,95,-225.000000,225.000000,9.615234
6,95,-220.000000,225.000000,9.593028
7,95,-215.000000,225.000000,9.570714
8,95,-210.000000,225.000000,9.548282
9,95,-205.000000,225.000000,9.525831
10,95,-200.000000,225.000000,9.503369
11,95,-195.000000,225.000000,9.480907
12,95,-190.000000,225.000000,9.458444
13,95,-185.000000,225.000000,9.435436
14,95,-180.000000,225.000000,9.412370
15,95,-175.000000,225.000000,9.389189
16,95,-170.000000,225.000000,9.366009
17,95,-165.000000,225.000000,9.342828
18,95,-160.000000,225.000000,9.319642
19,95,-155.000000,225.000000,9.296446
20,95,-150.000000,225.000000,9.273247
21,95,-145.000000,225.000000,9.250045
22,95,-140.000000,225.000000,9.226844
23,95,-135.000000,225.000000,9.203643
24,95,-130.000000,225.000000,9.180985
25,95,-125.000000,225.000000,9.158473
26,95,-120.000000,225.000000,9.136201
27,95,-115.000000,225.000000,9.113946
28,95,-110.000000,225.000000,9.091691
29,95,-105.000000,225.000000,9.069596
30,95,-100.000000,225.000000,9.048059
31,95,-95.000000,225.000000,9.026648
32,95,-90.000000,225.000000,9.005452
33,95,-85.000000,225.000000,8.984256
34,95,-80.000000,225.000000,8.963060
35,95,-75.000000,225.000000,8.941943
36,95,-70.000000,225.000000,8.920866
37,95,-65.000000,225.000000,8.899847
38,95,-60.000000,225.000000,8.878841
39,95,-55.000000,225.000000,8.857836
40,95,-50.000000,225.000000,8.836794
41,95,-45.000000,225.000000,8.815415
42,95,-40.000000,225.000000,8.793969
43,95,-35.000000,225.000000,8.772315
44,95,-30.000000,225.000000,8.750660
45,95,-25.000000,225.000000,8.729006
46,95,-20.000000,225.000000,8.707234
47,95,-15.000000,225.000000,8.685357
48,95,-10.000000,225.000000,8.663345
49,95,-5.000000,225.000000,8.641269
50,95,0.000000,225.000000,8.619192
51,95,5.000000,225.000000,8.597115
52,95,10.000000,225.000000,8.575394
53,95,15.000000,225.000000,8.553731
54,95,20.000000,225.000000,8.532429
55,95,25.000000,225.000000,8.511127
56,95,30.000000,225.000000,8.489825
57,95,35.000000,225.000000,8.468829
58,95,40.000000,225.000000,8.448286
59,95,45.000000,225.000000,8.428310
60,95,50.000000,225.000000,8.408800
61,95,55.000000,225.000000,8.389290
62,95,60.000000,225.000000,8.369780
63,95,65.000000,225.000000,8.350794
64,95,70.000000,225.000000,8.331907
65,95,75.000000,225.000000,8.314053
66,95,80.000000,225.000000,8.296214
67,95,85.000000,225.000000,8.278376
68,95,90.000000,225.000000,8.260597
69,95,95.000000,225.000000,8.242973
70,95,100.000000,225.000000,8.225540
71,95,105.000000,225.000000,8.208370
72,95,110.000000,225.000000,8.191199
73,95,115.000000,225.000000,8.174028
74,95,120.000000,225.000000,8.156831
75,95,125.000000,225.000000,8.139624
76,95,130.000000,225.000000,8.122332
77,95,135.000000,225.000000,8.105026
78,95,140.000000,225.000000,8.087720
79,95,145.000000,225.000000,8.070410
80,95,150.000000,225.000000,8.053075
81,95,155.000000,225.000000,8.035710
82,95,160.000000,225.000000,8.018272
83,95,165.000000,225.000000,8.000833
84,95,170.000000,225.000000,7.983395
85,95,175.000000,225.000000,7.965975
86,95,180.000000,225.000000,7.948567
87,95,185.000000,225.000000,7.931267
88,95,190.000000,225.000000,7.914007
89,95,195.000000,225.000000,7.896748
90,95,200.000000,225.000000,7.879488
91,95,205.000000,225.000000,7.862227
92,95,210.000000,225.000000,7.844964
93,95,215.000000,225.000000,7.827691
94,95,220.000000,225.000000,7.810418
95,95,225.000000,225.000000,7.793145
96,95,230.000000,225.000000,7.775850
97,95,235.000000,225.000000,7.758529
98,95,240.000000,225.000000,7.740808
99,95,245.000000,225.000000,7.722821
100,95,250.000000,225.000000,7.704834
0,96,-250.000000,230.000000,9.713164
1,96,-245.000000,230.000000,9.690178
2,96,-240.000000,230.000000,9.668054
3,96,-235.000000,230.000000,9.645942
4,96,-230.000000,230.000000,9.623883
5,96,-225.000000,230.000000,9.601825
6,96,-220.000000,230.000000,9.579766
7,96,-215.000000,230.000000,9.557593
8,96,-210.000000,230.000000,9.535296
9,96,-205.000000,230.000000,9.512979
10,96,-200.000000,230.000000,9.490650
11,96,-195.000000,230.000000,9.468320
12,96,-190.000000,230.000000,9.445991
13,96,-185.000000,230.000000,9.423071
14,96,-180.000000,230.000000,9.400088
15,96,-175.000000,230.000000,9.376982
16,96,-170.000000,230.000000,9.353875
17,96,-165.000000,230.000000,9.330769
18,96,-160.000000,230.000000,9.307636
19,96,-155.000000,230.000000,9.284455
20,96,-150.000000,230.000000,9.261264
21,96,-145.000000,230.000000,9.238062
22,96,-140.000000,230.000000,9.214860
23,96,-135.000000,230.000000,9.191658
24,96,-130.000000,230.000000,9.168991
25,96,-125.000000,230.000000,9.146469
26,96,-120.000000,230.000000,9.124183
27,96,-115.000000,230.000000,9.101915
28,96,-110.000000,230.000000,9.079646
29,96,-105.000000,230.000000,9.057549
30,96,-100.000000,230.000000,9.036051
31,96,-95.000000,230.000000,9.014687
32,96,-90.000000,230.000000,8.993554
33,96,-85.000000,230.000000,8.972422
34,96,-80.000000,230.000000,8.951289
35,96,-75.000000,230.000000,8.930277
36,96,-70.000000,230.000000,8.909327
37,96,-65.000000,230.000000,8.888464
38,96,-60.000000,230.000000,8.867623
39,96,-55.000000,230.000000,8.846781
40,96,-50.000000,230.000000,8.825906
41,96,-45.000000,230.000000,8.804709
42,96,-40.000000,230.000000,8.783449
43,96,-35.000000,230.000000,8.761991
44,96,-30.000000,230.000000,8.740533
45,96,-25.000000,230.000000,8.719075
46,96,-20.000000,230.000000,8.697486
47,96,-15.000000,230.000000,8.675781
48,96,-10.000000,230.000000,8.653924
49,96,-5.000000,230.000000,8.631996
50,96,0.000000,230.000000,8.610068
51,96,5.000000,230.000000,8.588139
52,96,10.000000,230.000000,8.566543
53,96,15.000000,230.000000,8.545001
54,96,20.000000,230.000000,8.523796
55,96,25.000000,230.000000,8.502591
56,96,30.000000,230.000000,8.481386
57,96,35.000000,230.000000,8.460490
58,96,40.000000,230.000000,8.440053
59,96,45.000000,230.000000,8.420188
60,96,50.000000,230.000000,8.400793
61,96,55.000000,230.000000,8.381399
62,96,60.000000,230.000000,8.362005
63,96,65.000000,230.000000,8.343158
64,96,70.000000,230.000000,8.324415
65,96,75.000000,230.000000,8.306751
66,96,80.000000,230.000000,8.289103
67,96,85.000000,230.000000,8.271456
68,96,90.000000,230.000000,8.253873
69,96,95.000000,230.000000,8.236458
70,96,100.000000,230.000000,8.219250
71,96,105.000000,230.000000,8.202326
72,96,110.000000,230.000000,8.185402
73,96,115.000000,230.000000,8.168478
74,96,120.000000,230.000000,8.151525
75,96,125.000000,230.000000,8.134561
76,96,130.000000,230.000000,8.117505
77,96,135.000000,230.000000,8.100434
78,96,140.000000,230.000000,8.083363
79,96,145.000000,230.000000,8.066285
80,96,150.000000,230.000000,8.049173
81,96,155.000000,230.000000,8.032018
82,96,160.000000,230.000000,8.014760
83,96,165.000000,230.000000,7.997502
84,96,170.000000,230.000000,7.980244
85,96,175.000000,230.000000,7.963000
86,96,180.000000,230.000000,7.945765
87,96,185.000000,230.000000,7.928616
88,96,190.000000,230.000000,7.911498
89,96,195.000000,230.000000,7.894380
90,96,200.000000,230.000000,7.877262
91,96,205.000000,230.000000,7.860142
92,96,210.000000,230.000000,7.843021
93,96,215.000000,230.000000,7.825891
94,96,220.000000,230.000000,7.808762
95,96,225.000000,230.000000,7.791632
96,96,230.000000,230.000000,7.774481
97,96,235.000000,230.000000,7.757304
98,96,240.000000,230.000000,7.739738
99,96,245.000000,230.000000,7.721914
100,96,250.000000,230.000000,7.704089
0,97,-250.000000,235.000000,9.699208
1,97,-245.000000,235.000000,9.676373
2,97,-240.000000,235.000000,9.654393
3,97,-235.000000,235.000000,9.632424
4,97,-230.000000,235.000000,9.610509
5,97,-225.000000,235.000000,9.588593
6,97,-220.000000,235.000000,9.566677
7,97,-215.000000,235.000000,9.544641
8,97,-210.000000,235.000000,9.522473
9,97,-205.000000,235.000000,9.500284
10,97,-200.000000,235.000000,9.478083
11,97,-195.000000,235.000000,9.455882
12,97,-190.000000,235.000000,9.433680
13,97,-185.000000,235.000000,9.410840
14,97,-180.000000,235.000000,9.387932
15,97,-175.000000,235.000000,9.364890
16,97,-170.000000,235.000000,9.341848
17,97,-165.000000,235.000000,9.318806
18,97,-160.000000,235.000000,9.295717
19,97,-155.000000,235.000000,9.272541
20,97,-150.000000,235.000000,9.249347
21,97,-145.000000,235.000000,9.226133
22,97,-140.000000,235.000000,9.202919
23,97,-135.000000,235.000000,9.179705
24,97,-130.000000,235.000000,9.157021
25,97,-125.000000,235.000000,9.134480
26,97,-120.000000,235.000000,9.112172
27,97,-115.000000,235.000000,9.089881
28,97,-110.000000,235.000000,9.067591
29,97,-105.000000,235.000000,9.045484
30,97,-100.000000,235.000000,9.024019
31,97,-95.000000,235.000000,9.002699
32,97,-90.000000,235.000000,8.981626
33,97,-85.000000,235.000000,8.960554
34,97,-80.000000,235.000000,8.939481
35,97,-75.000000,235.000000,8.918571
36,97,-70.000000,235.000000,8.897744
37,97,-65.000000,235.000000,8.877036
38,97,-60.000000,235.000000,8.856357
39,97,-55.000000,235.000000,8.835677
40,97,-50.000000,235.000000,8.814965
41,97,-45.000000,235.000000,8.793947
42,97,-40.000000,235.000000,8.772869
43,97,-35.000000,235.000000,8.751601
44,97,-30.000000,235.000000,8.730334
45,97,-25.000000,235.000000,8.709067
46,97,-20.000000,235.000000,8.687654
47,97,-15.000000,235.000000,8.666112
48,97,-10.000000,235.000000,8.644402
49,97,-5.000000,235.000000,8.622612
50,97,0.000000,235.000000,8.600822
51,97,5.000000,235.000000,8.579032
52,97,10.000000,235.000000,8.557550
53,97,15.000000,235.000000,8.536119
54,97,20.000000,235.000000,8.515001
55,97,25.000000,235.000000,8.493883
56,97,30.000000,235.000000,8.472765
57,97,35.000000,235.000000,8.451961
58,97,40.000000,235.000000,8.431621
59,97,45.000000,235.000000,8.411861
60,97,50.000000,235.000000,8.392578
61,97,55.000000,235.000000,8.373296
62,97,60.000000,235.000000,8.354013
63,97,65.000000,235.000000,8.335303
64,97,70.000000,235.000000,8.316703
65,97,75.000000,235.000000,8.299232
66,97,80.000000,235.000000,8.281778
67,97,85.000000,235.000000,8.264325
68,97,90.000000,235.000000,8.246940
69,97,95.000000,235.000000,8.229739
70,97,100.000000,235.000000,8.212759
71,97,105.000000,235.000000,8.196087
72,97,110.000000,235.000000,8.179415
73,97,115.000000,235.000000,8.162743
74,97,120.000000,235.000000,8.146040
75,97,125.000000,235.000000,8.129324
76,97,130.000000,235.000000,8.112507
77,97,135.000000,235.000000,8.095673
78,97,140.000000,235.000000,8.078840
79,97,145.000000,235.000000,8.061998
80,97,150.000000,235.000000,8.045111
81,97,155.000000,235.000000,8.028168
82,97,160.000000,235.000000,8.011091
83,97,165.000000,235.000000,7.994013
84,97,170.000000,235.000000,7.976936
85,97,175.000000,235.000000,7.959868
86,97,180.000000,235.000000,7.942808
87,97,185.000000,235.000000,7.925809
88,97,190.000000,235.000000,7.908833
89,97,195.000000,235.000000,7.891856
90,97,200.000000,235.000000,7.874880
91,97,205.000000,235.000000,7.857902
92,97,210.000000,235.000000,7.840924
93,97,215.000000,235.000000,7.823939
94,97,220.000000,235.000000,7.806954
95,97,225.000000,235.000000,7.789969
96,97,230.000000,235.000000,7.772963
97,97,235.000000,235.000000,7.755932
98,97,240.000000,235.000000,7.738523
99,97,245.000000,235.000000,7.720861
100,97,250.000000,235.000000,7.703200
0,98,-250.000000,240.000000,9.685252
1,98,-245.000000,240.000000,9.662569
2,98,-240.000000,240.000000,9.640731
3,98,-235.000000,240.000000,9.618906
4,98,-230.000000,240.000000,9.597134
5,98,-225.000000,240.000000,9.575361
6,98,-220.000000,240.000000,9.553588
7,98,-215.000000,240.000000,9.531688
8,98,-210.000000,240.000000,9.509650
9,98,-205.000000,240.000000,9.487590
10,98,-200.000000,240.000000,9.465516
11,98,-195.000000,240.000000,9.443443
12,98,-190.000000,240.000000,9.421369
13,98,-185.000000,240.000000,9.398609
14,98,-180.000000,240.000000,9.375775
15,98,-175.000000,240.000000,9.352798
16,98,-170.000000,240.000000,9.329821
17,98,-165.000000,240.000000,9.306844
18,98,-160.000000,240.000000,9.283799
19,98,-155.000000,240.000000,9.260628
20,98,-150.000000,240.000000,9.237430
21,98,-145.000000,240.000000,9.214204
22,98,-140.000000,240.000000,9.190978
23,98,-135.000000,240.000000,9.167753
24,98,-130.000000,240.000000,9.145051
25,98,-125.000000,240.000000,9.122491
26,98,-120.000000,240.000000,9.100161
27,98,-115.000000,240.000000,9.077848
28,98,-110.000000,240.000000,9.055536
29,98,-105.000000,240.000000,9.033420
30,98,-100.000000,240.000000,9.011988
31,98,-95.000000,240.000000,8.990711
32,98,-90.000000,240.000000,8.969698
33,98,-85.000000,240.000000,8.948685
34,98,-80.000000,240.000000,8.927672
35,98,-75.000000,240.000000,8.906864
36,98,-70.000000,240.000000,8.886162
37,98,-65.000000,240.000000,8.865608
38,98,-60.000000,240.000000,8.845091
39,98,-55.000000,240.000000,8.824573
40,98,-50.000000,240.000000,8.804024
41,98,-45.000000,240.000000,8.783185
42,98,-40.000000,240.000000,8.762288
43,98,-35.000000,240.000000,8.741212
44,98,-30.000000,240.000000,8.720136
45,98,-25.000000,240.000000,8.699059
46,98,-20.000000,240.000000,8.677822
47,98,-15.000000,240.000000,8.656443
48,98,-10.000000,240.000000,8.634880
49,98,-5.000000,240.000000,8.613228
50,98,0.000000,240.000000,8.591576
51,98,5.000000,240.000000,8.569924
52,98,10.000000,240.000000,8.548557
53,98,15.000000,240.000000,8.527237
54,98,20.000000,240.000000,8.506206
55,98,25.000000,240.000000,8.485175
56,98,30.000000,240.000000,8.464144
57,98,35.000000,240.000000,8.443431
58,98,40.000000,240.000000,8.423189
59,98,45.000000,240.000000,8.403534
60,98,50.000000,240.000000,8.384363
61,98,55.000000,240.000000,8.365193
62,98,60.000000,240.000000,8.346022
63,98,65.000000,240.000000,8.327449
64,98,70.000000,240.000000,8.308991
65,98,75.000000,240.000000,8.291713
66,98,80.000000,240.000000,8.274453
67,98,85.000000,240.000000,8.257193
68,98,90.000000,240.000000,8.240008
69,98,95.000000,240.000000,8.223019
70,98,100.000000,240.000000,8.206269
71,98,105.000000,240.000000,8.189849
72,98,110.000000,240.000000,8.173428
73,98,115.000000,240.000000,8.157008
74,98,120.000000,240.000000,8.140554
75,98,125.000000,240.000000,8.124086
76,98,130.000000,240.000000,8.107509
77,98,135.000000,240.000000,8.090913
78,98,140.000000,240.000000,8.074317
79,98,145.000000,240.000000,8.057711
80,98,150.000000,240.000000,8.041049
81,98,155.000000,240.000000,8.024318
82,98,160.000000,240.000000,8.007422
83,98,165.000000,240.000000,7.990525
84,98,170.000000,240.000000,7.973628
85,98,175.000000,240.000000,7.956737
86,98,180.000000,240.000000,7.939851
87,98,185.000000,240.000000,7.923002
88,98,190.000000,240.000000,7.906167
89,98,195.000000,240.000000,7.889333
90,98,200.000000,240.000000,7.872498
91,98,205.000000,240.000000,7.855663
92,98,210.000000,240.000000,7.838826
93,98,215.000000,240.000000,7.821986
94,98,220.000000,240.000000,7.805146
95,98,225.000000,240.000000,7.788306
96,98,230.000000,240.000000,7.771445
97,98,235.000000,240.000000,7.754560
98,98,240.000000,240.000000,7.737307
99,98,245.000000,240.000000,7.719809
100,98,250.000000,240.000000,7.702311
0,99,-250.000000,245.000000,9.671314
1,99,-245.000000,245.000000,9.648782
2,99,-240.000000,245.000000,9.627088
3,99,-235.000000,245.000000,9.605407
4,99,-230.000000,245.000000,9.583777
5,99,-225.000000,245.000000,9.562147
6,99,-220.000000,245.000000,9.540517
7,99,-215.000000,245.000000,9.518754
8,99,-210.000000,245.000000,9.496845
9,99,-205.000000,245.000000,9.474913
10,99,-200.000000,245.000000,9.452967
11,99,-195.000000,245.000000,9.431021
12,99,-190.000000,245.000000,9.409075
13,99,-185.000000,245.000000,9.386394
14,99,-180.000000,245.000000,9.363635
15,99,-175.000000,245.000000,9.340722
16,99,-170.000000,245.000000,9.317810
17,99,-165.000000,245.000000,9.294897
18,99,-160.000000,245.000000,9.271895
19,99,-155.000000,245.000000,9.248729
20,99,-150.000000,245.000000,9.225528
21,99,-145.000000,245.000000,9.202290
22,99,-140.000000,245.000000,9.179053
23,99,-135.000000,245.000000,9.155815
24,99,-130.000000,245.000000,9.133096
25,99,-125.000000,245.000000,9.110516
26,99,-120.000000,245.000000,9.088165
27,99,-115.000000,245.000000,9.065830
28,99,-110.000000,245.000000,9.043496
29,99,-105.000000,245.000000,9.021370
30,99,-100.000000,245.000000,8.999972
31,99,-95.000000,245.000000,8.978738
32,99,-90.000000,245.000000,8.957785
33,99,-85.000000,245.000000,8.936832
34,99,-80.000000,245.000000,8.915879
35,99,-75.000000,245.000000,8.895172
36,99,-70.000000,245.000000,8.874594
37,99,-65.000000,245.000000,8.854194
38,99,-60.000000,245.000000,8.833838
39,99,-55.000000,245.000000,8.813482
40,99,-50.000000,245.000000,8.793097
41,99,-45.000000,245.000000,8.772436
42,99,-40.000000,245.000000,8.751720
43,99,-35.000000,245.000000,8.730835
44,99,-30.000000,245.000000,8.709949
45,99,-25.000000,245.000000,8.689063
46,99,-20.000000,245.000000,8.668001
47,99,-15.000000,245.000000,8.646786
48,99,-10.000000,245.000000,8.625368
49,99,-5.000000,245.000000,8.603854
50,99,0.000000,245.000000,8.582340
51,99,5.000000,245.000000,8.560825
52,99,10.000000,245.000000,8.539573
53,99,15.000000,245.000000,8.518363
54,99,20.000000,245.000000,8.497419
55,99,25.000000,245.000000,8.476475
56,99,30.000000,245.000000,8.455531
57,99,35.000000,245.000000,8.434909
58,99,40.000000,245.000000,8.414764
59,99,45.000000,245.000000,8.395215
60,99,50.000000,245.000000,8.376155
61,99,55.000000,245.000000,8.357096
62,99,60.000000,245.000000,8.338037
63,99,65.000000,245.000000,8.319601
64,99,70.000000,245.000000,8.301285
65,99,75.000000,245.000000,8.284200
66,99,80.000000,245.000000,8.267134
67,99,85.000000,245.000000,8.250068
68,99,90.000000,245.000000,8.233081
69,99,95.000000,245.000000,8.216304
70,99,100.000000,245.000000,8.199783
71,99,105.000000,245.000000,8.183615
72,99,110.000000,245.000000,8.167447
73,99,115.000000,245.000000,8.151278
74,99,120.000000,245.000000,8.135073
75,99,125.000000,245.000000,8.118853
76,99,130.000000,245.000000,8.102515
77,99,135.000000,245.000000,8.086156
78,99,140.000000,245.000000,8.069798
79,99,145.000000,245.000000,8.053428
80,99,150.000000,245.000000,8.036991
81,99,155.000000,245.000000,8.020472
82,99,160.000000,245.000000,8.003755
83,99,165.000000,245.000000,7.987039
84,99,170.000000,245.000000,7.970322
85,99,175.000000,245.000000,7.953608
86,99,180.000000,245.000000,7.936896
87,99,185.000000,245.000000,7.920197
88,99,190.000000,245.000000,7.903504
89,99,195.000000,245.000000,7.886811
90,99,200.000000,245.000000,7.870118
91,99,205.000000,245.000000,7.853424
92,99,210.000000,245.000000,7.836730
93,99,215.000000,245.000000,7.820035
94,99,220.000000,245.000000,7.803339
95,99,225.000000,245.000000,7.786644
96,99,230.000000,245.000000,7.769928
97,99,235.000000,245.000000,7.753189
98,99,240.000000,245.000000,7.736092
99,99,245.000000,245.000000,7.718757
100,99,250.000000,245.000000,7.701422
0,100,-250.000000,250.000000,9.657407
1,100,-245.000000,250.000000,9.635026
2,100,-240.000000,250.000000,9.613475
3,100,-235.000000,250.000000,9.591937
4,100,-230.000000,250.000000,9.570450
5,100,-225.000000,250.000000,9.548963
6,100,-220.000000,250.000000,9.527475
7,100,-215.000000,250.000000,9.505848
8,100,-210.000000,250.000000,9.484069
9,100,-205.000000,250.000000,9.462265
10,100,-200.000000,250.000000,9.440446
11,100,-195.000000,250.000000,9.418627
12,100,-190.000000,250.000000,9.396808
13,100,-185.000000,250.000000,9.374207
14,100,-180.000000,250.000000,9.351522
15,100,-175.000000,250.000000,9.328674
16,100,-170.000000,250.000000,9.305825
17,100,-165.000000,250.000000,9.282977
18,100,-160.000000,250.000000,9.260018
19,100,-155.000000,250.000000,9.236857
20,100,-150.000000,250.000000,9.213652
21,100,-145.000000,250.000000,9.190402
22,100,-140.000000,250.000000,9.167153
23,100,-135.000000,250.000000,9.143903
24,100,-130.000000,250.000000,9.121166
25,100,-125.000000,250.000000,9.098567
26,100,-120.000000,250.000000,9.076193
27,100,-115.000000,250.000000,9.053837
28,100,-110.000000,250.000000,9.031480
29,100,-105.000000,250.000000,9.009345
30,100,-100.000000,250.000000,8.987980
31,100,-95.000000,250.000000,8.966789
32,100,-90.000000,250.000000,8.945895
33,100,-85.000000,250.000000,8.925002
34,100,-80.000000,250.000000,8.904108
35,100,-75.000000,250.000000,8.883504
36,100,-70.000000,250.000000,8.863049
37,100,-65.000000,250.000000,8.842803
38,100,-60.000000,250.000000,8.822608
39,100,-55.000000,250.000000,8.802414
40,100,-50.000000,250.000000,8.782192
41,100,-45.000000,250.000000,8.761708
42,100,-40.000000,250.000000,8.741173
43,100,-35.000000,250.000000,8.720477
44,100,-30.000000,250.000000,8.699781
45,100,-25.000000,250.000000,8.679085
46,100,-20.000000,250.000000,8.658199
47,100,-15.000000,250.000000,8.637145
48,100,-10.000000,250.000000,8.615873
49,100,-5.000000,250.000000,8.594496
50,100,0.000000,250.000000,8.573119
51,100,5.000000,250.000000,8.551742
52,100,10.000000,250.000000,8.530604
53,100,15.000000,250.000000,8.509504
54,100,20.000000,250.000000,8.488646
55,100,25.000000,250.000000,8.467789
56,100,30.000000,250.000000,8.446931
57,100,35.000000,250.000000,8.426400
58,100,40.000000,250.000000,8.406351
59,100,45.000000,250.000000,8.386907
60,100,50.000000,250.000000,8.367958
61,100,55.000000,250.000000,8.349010
62,100,60.000000,250.000000,8.330062
63,100,65.000000,250.000000,8.311764
64,100,70.000000,250.000000,8.293589
65,100,75.000000,250.000000,8.276697
66,100,80.000000,250.000000,8.259824
67,100,85.000000,250.000000,8.242952
68,100,90.000000,250.000000,8.226164
69,100,95.000000,250.000000,8.209599
70,100,100.000000,250.000000,8.193307
71,100,105.000000,250.000000,8.177390
72,100,110.000000,250.000000,8.161473
73,100,115.000000,250.000000,8.145556
74,100,120.000000,250.000000,8.129600
75,100,125.000000,250.000000,8.113628
76,100,130.000000,250.000000,8.097528
77,100,135.000000,250.000000,8.081406
78,100,140.000000,250.000000,8.065285
79,100,145.000000,250.000000,8.049150
80,100,150.000000,250.000000,8.032938
81,100,155.000000,250.000000,8.016630
82,100,160.000000,250.000000,8.000094
83,100,165.000000,250.000000,7.983557
84,100,170.000000,250.000000,7.967021
85,100,175.000000,250.000000,7.950483
86,100,180.000000,250.000000,7.933944
87,100,185.000000,250.000000,7.917396
88,100,190.000000,250.000000,7.900844
89,100,195.000000,250.000000,7.884292
90,100,200.000000,250.000000,7.867740
91,100,205.000000,250.000000,7.851188
92,100,210.000000,250.000000,7.834636
93,100,215.000000,250.000000,7.818085
94,100,220.000000,250.000000,7.801534
95,100,225.000000,250.000000,7.784983
96,100,230.000000,250.000000,7.768413
97,100,235.000000,250.000000,7.751819
98,100,240.000000,250.000000,7.734878
99,100,245.000000,250.000000,7.717706
100,100,250.000000,250.000000,7.700534
