ix,iy,x_m,y_m,depth_m
0,0,-250.000000,-250.000000,15.135957
1,0,-245.000000,-250.000000,15.101943
2,0,-240.000000,-250.000000,15.067928
3,0,-235.000000,-250.000000,15.033914
4,0,-230.000000,-250.000000,15.000136
5,0,-225.000000,-250.000000,14.966507
6,0,-220.000000,-250.000000,14.932911
7,0,-215.000000,-250.000000,14.899326
8,0,-210.000000,-250.000000,14.865741
9,0,-205.000000,-250.000000,14.832419
10,0,-200.000000,-250.000000,14.804099
11,0,-195.000000,-250.000000,14.775964
12,0,-190.000000,-250.000000,14.748591
13,0,-185.000000,-250.000000,14.721219
14,0,-180.000000,-250.000000,14.693846
15,0,-175.000000,-250.000000,14.667628
16,0,-170.000000,-250.000000,14.642630
17,0,-165.000000,-250.000000,14.618015
18,0,-160.000000,-250.000000,14.593623
19,0,-155.000000,-250.000000,14.569231
20,0,-150.000000,-250.000000,14.544840
21,0,-145.000000,-250.000000,14.516548
22,0,-140.000000,-250.000000,14.487829
23,0,-135.000000,-250.000000,14.457765
24,0,-130.000000,-250.000000,14.427701
25,0,-125.000000,-250.000000,14.397637
26,0,-120.000000,-250.000000,14.365005
27,0,-115.000000,-250.000000,14.327769
28,0,-110.000000,-250.000000,14.288949
29,0,-105.000000,-250.000000,14.248565
30,0,-100.000000,-250.000000,14.208181
31,0,-95.000000,-250.000000,14.167797
32,0,-90.000000,-250.000000,14.124281
33,0,-85.000000,-250.000000,14.079952
34,0,-80.000000,-250.000000,14.033575
35,0,-75.000000,-250.000000,13.987066
36,0,-70.000000,-250.000000,13.940558
37,0,-65.000000,-250.000000,13.894310
38,0,-60.000000,-250.000000,13.848938
39,0,-55.000000,-250.000000,13.803859
40,0,-50.000000,-250.000000,13.759267
41,0,-45.000000,-250.000000,13.714674
42,0,-40.000000,-250.000000,13.670082
43,0,-35.000000,-250.000000,13.627391
44,0,-30.000000,-250.000000,13.585653
45,0,-25.000000,-250.000000,13.545870
46,0,-20.000000,-250.000000,13.506541
47,0,-15.000000,-250.000000,13.467211
48,0,-10.000000,-250.000000,13.427970
49,0,-5.000000,-250.000000,13.389499
50,0,0.000000,-250.000000,13.351248
51,0,5.000000,-250.000000,13.313666
52,0,10.000000,-250.000000,13.276083
53,0,15.000000,-250.000000,13.238501
54,0,20.000000,-250.000000,13.200270
55,0,25.000000,-250.000000,13.161483
56,0,30.000000,-250.000000,13.121652
57,0,35.000000,-250.000000,13.081336
58,0,40.000000,-250.000000,13.041021
59,0,45.000000,-250.000000,13.000705
60,0,50.000000,-250.000000,12.959586
61,0,55.000000,-250.000000,12.918291
62,0,60.000000,-250.000000,12.875860
63,0,65.000000,-250.000000,12.833428
64,0,70.000000,-250.000000,12.790996
65,0,75.000000,-250.000000,12.748875
66,0,80.000000,-250.000000,12.707201
67,0,85.000000,-250.000000,12.666347
68,0,90.000000,-250.000000,12.626149
69,0,95.000000,-250.000000,12.585952
70,0,100.000000,-250.000000,12.545754
71,0,105.000000,-250.000000,12.506387
72,0,110.000000,-250.000000,12.467171
73,0,115.000000,-250.000000,12.430359
74,0,120.000000,-250.000000,12.393568
75,0,125.000000,-250.000000,12.356777
76,0,130.000000,-250.000000,12.319838
77,0,135.000000,-250.000000,12.282523
78,0,140.000000,-250.000000,12.244486
79,0,145.000000,-250.000000,12.205485
80,0,150.000000,-250.000000,12.166483
81,0,155.000000,-250.000000,12.127481
82,0,160.000000,-250.000000,12.087143
83,0,165.000000,-250.000000,12.046280
84,0,170.000000,-250.000000,11.998404
85,0,175.000000,-250.000000,11.949420
86,0,180.000000,-250.000000,11.900435
87,0,185.000000,-250.000000,11.851199
88,0,190.000000,-250.000000,11.800583
89,0,195.000000,-250.000000,11.746855
90,0,200.000000,-250.000000,11.685843
91,0,205.000000,-250.000000,11.624831
92,0,210.000000,-250.000000,11.563819
93,0,215.000000,-250.000000,11.502507
94,0,220.000000,-250.000000,11.440985
95,0,225.000000,-250.000000,11.375411
96,0,230.000000,-250.000000,11.308381
97,0,235.000000,-250.000000,11.241350
98,0,240.000000,-250.000000,11.174321
99,0,245.000000,-250.000000,11.107382
100,0,250.000000,-250.000000,11.040890
0,1,-250.000000,-245.000000,15.074646
1,1,-245.000000,-245.000000,15.041822
2,1,-240.000000,-245.000000,15.008998
3,1,-235.000000,-245.000000,14.976173
4,1,-230.000000,-245.000000,14.943585
5,1,-225.000000,-245.000000,14.911146
6,1,-220.000000,-245.000000,14.878739
7,1,-215.000000,-245.000000,14.846343
8,1,-210.000000,-245.000000,14.813947
9,1,-205.000000,-245.000000,14.781803
10,1,-200.000000,-245.000000,14.754431
11,1,-195.000000,-245.000000,14.727237
12,1,-190.000000,-245.000000,14.700770
13,1,-185.000000,-245.000000,14.674303
14,1,-180.000000,-245.000000,14.647837
15,1,-175.000000,-245.000000,14.622406
16,1,-170.000000,-245.000000,14.598070
17,1,-165.000000,-245.000000,14.574078
18,1,-160.000000,-245.000000,14.550287
19,1,-155.000000,-245.000000,14.526496
20,1,-150.000000,-245.000000,14.502704
21,1,-145.000000,-245.000000,14.474934
22,1,-140.000000,-245.000000,14.446728
23,1,-135.000000,-245.000000,14.417151
24,1,-130.000000,-245.000000,14.387574
25,1,-125.000000,-245.000000,14.357997
26,1,-120.000000,-245.000000,14.325862
27,1,-115.000000,-245.000000,14.289145
28,1,-110.000000,-245.000000,14.250849
29,1,-105.000000,-245.000000,14.210997
30,1,-100.000000,-245.000000,14.171145
31,1,-95.000000,-245.000000,14.131293
32,1,-90.000000,-245.000000,14.088311
33,1,-85.000000,-245.000000,14.044518
34,1,-80.000000,-245.000000,13.998679
35,1,-75.000000,-245.000000,13.952707
36,1,-70.000000,-245.000000,13.906736
37,1,-65.000000,-245.000000,13.861008
38,1,-60.000000,-245.000000,13.816092
39,1,-55.000000,-245.000000,13.771447
40,1,-50.000000,-245.000000,13.727255
41,1,-45.000000,-245.000000,13.683062
42,1,-40.000000,-245.000000,13.638870
43,1,-35.000000,-245.000000,13.596515
44,1,-30.000000,-245.000000,13.555081
45,1,-25.000000,-245.000000,13.515537
46,1,-20.000000,-245.000000,13.476431
47,1,-15.000000,-245.000000,13.437326
48,1,-10.000000,-245.000000,13.398305
49,1,-5.000000,-245.000000,13.360028
50,1,0.000000,-245.000000,13.321963
51,1,5.000000,-245.000000,13.284543
52,1,10.000000,-245.000000,13.247123
53,1,15.000000,-245.000000,13.209703
54,1,20.000000,-245.000000,13.171644
55,1,25.000000,-245.000000,13.133038
56,1,30.000000,-245.000000,13.093402
57,1,35.000000,-245.000000,13.053290
58,1,40.000000,-245.000000,13.013178
59,1,45.000000,-245.000000,12.973065
60,1,50.000000,-245.000000,12.932140
61,1,55.000000,-245.000000,12.891038
62,1,60.000000,-245.000000,12.848785
63,1,65.000000,-245.000000,12.806532
64,1,70.000000,-245.000000,12.764279
65,1,75.000000,-245.000000,12.722314
66,1,80.000000,-245.000000,12.680764
67,1,85.000000,-245.000000,12.639974
68,1,90.000000,-245.000000,12.599792
69,1,95.000000,-245.000000,12.559611
70,1,100.000000,-245.000000,12.519430
71,1,105.000000,-245.000000,12.480051
72,1,110.000000,-245.000000,12.440819
73,1,115.000000,-245.000000,12.403910
74,1,120.000000,-245.000000,12.367022
75,1,125.000000,-245.000000,12.330133
76,1,130.000000,-245.000000,12.293111
77,1,135.000000,-245.000000,12.255751
78,1,140.000000,-245.000000,12.217741
79,1,145.000000,-245.000000,12.178861
80,1,150.000000,-245.000000,12.139982
81,1,155.000000,-245.000000,12.101103
82,1,160.000000,-245.000000,12.060968
83,1,165.000000,-245.000000,12.020340
84,1,170.000000,-245.000000,11.973124
85,1,175.000000,-245.000000,11.924866
86,1,180.000000,-245.000000,11.876608
87,1,185.000000,-245.000000,11.828113
88,1,190.000000,-245.000000,11.778318
89,1,195.000000,-245.000000,11.725589
90,1,200.000000,-245.000000,11.665997
91,1,205.000000,-245.000000,11.606405
92,1,210.000000,-245.000000,11.546813
93,1,215.000000,-245.000000,11.486939
94,1,220.000000,-245.000000,11.426870
95,1,225.000000,-245.000000,11.363012
96,1,230.000000,-245.000000,11.297791
97,1,235.000000,-245.000000,11.232571
98,1,240.000000,-245.000000,11.167352
99,1,245.000000,-245.000000,11.102220
100,1,250.000000,-245.000000,11.037521
0,2,-250.000000,-240.000000,15.014931
1,2,-245.000000,-240.000000,14.983243
2,2,-240.000000,-240.000000,14.951555
3,2,-235.000000,-240.000000,14.919866
4,2,-230.000000,-240.000000,14.888423
5,2,-225.000000,-240.000000,14.857135
6,2,-220.000000,-240.000000,14.825881
7,2,-215.000000,-240.000000,14.794638
8,2,-210.000000,-240.000000,14.763395
9,2,-205.000000,-240.000000,14.732393
10,2,-200.000000,-240.000000,14.705961
11,2,-195.000000,-240.000000,14.679698
12,2,-190.000000,-240.000000,14.654132
13,2,-185.000000,-240.000000,14.628565
14,2,-180.000000,-240.000000,14.602999
15,2,-175.000000,-240.000000,14.578357
16,2,-170.000000,-240.000000,14.554691
17,2,-165.000000,-240.000000,14.531332
18,2,-160.000000,-240.000000,14.508151
19,2,-155.000000,-240.000000,14.484971
20,2,-150.000000,-240.000000,14.461790
21,2,-145.000000,-240.000000,14.434544
22,2,-140.000000,-240.000000,14.406854
23,2,-135.000000,-240.000000,14.377762
24,2,-130.000000,-240.000000,14.348670
25,2,-125.000000,-240.000000,14.319578
26,2,-120.000000,-240.000000,14.287934
27,2,-115.000000,-240.000000,14.251715
28,2,-110.000000,-240.000000,14.213922
29,2,-105.000000,-240.000000,14.174574
30,2,-100.000000,-240.000000,14.135227
31,2,-95.000000,-240.000000,14.095880
32,2,-90.000000,-240.000000,14.053400
33,2,-85.000000,-240.000000,14.010107
34,2,-80.000000,-240.000000,13.964766
35,2,-75.000000,-240.000000,13.919293
36,2,-70.000000,-240.000000,13.873820
37,2,-65.000000,-240.000000,13.828572
38,2,-60.000000,-240.000000,13.784078
39,2,-55.000000,-240.000000,13.739836
40,2,-50.000000,-240.000000,13.696014
41,2,-45.000000,-240.000000,13.652191
42,2,-40.000000,-240.000000,13.608369
43,2,-35.000000,-240.000000,13.566327
44,2,-30.000000,-240.000000,13.525177
45,2,-25.000000,-240.000000,13.485857
46,2,-20.000000,-240.000000,13.446961
47,2,-15.000000,-240.000000,13.408066
48,2,-10.000000,-240.000000,13.369253
49,2,-5.000000,-240.000000,13.331158
50,2,0.000000,-240.000000,13.293269
51,2,5.000000,-240.000000,13.256002
52,2,10.000000,-240.000000,13.218735
53,2,15.000000,-240.000000,13.181468
54,2,20.000000,-240.000000,13.143570
55,2,25.000000,-240.000000,13.105130
56,2,30.000000,-240.000000,13.065672
57,2,35.000000,-240.000000,13.025743
58,2,40.000000,-240.000000,12.985813
59,2,45.000000,-240.000000,12.945883
60,2,50.000000,-240.000000,12.905128
61,2,55.000000,-240.000000,12.864191
62,2,60.000000,-240.000000,12.822086
63,2,65.000000,-240.000000,12.779981
64,2,70.000000,-240.000000,12.737876
65,2,75.000000,-240.000000,12.696037
66,2,80.000000,-240.000000,12.654580
67,2,85.000000,-240.000000,12.613825
68,2,90.000000,-240.000000,12.573632
69,2,95.000000,-240.000000,12.533440
70,2,100.000000,-240.000000,12.493247
71,2,105.000000,-240.000000,12.453833
72,2,110.000000,-240.000000,12.414560
73,2,115.000000,-240.000000,12.377541
74,2,120.000000,-240.000000,12.340541
75,2,125.000000,-240.000000,12.303541
76,2,130.000000,-240.000000,12.266423
77,2,135.000000,-240.000000,12.229005
78,2,140.000000,-240.000000,12.191014
79,2,145.000000,-240.000000,12.152253
80,2,150.000000,-240.000000,12.113493
81,2,155.000000,-240.000000,12.074733
82,2,160.000000,-240.000000,12.034798
83,2,165.000000,-240.000000,11.994402
84,2,170.000000,-240.000000,11.947842
85,2,175.000000,-240.000000,11.900307
86,2,180.000000,-240.000000,11.852773
87,2,185.000000,-240.000000,11.805015
88,2,190.000000,-240.000000,11.756038
89,2,195.000000,-240.000000,11.704305
90,2,200.000000,-240.000000,11.646127
91,2,205.000000,-240.000000,11.587949
92,2,210.000000,-240.000000,11.529771
93,2,215.000000,-240.000000,11.471331
94,2,220.000000,-240.000000,11.412709
95,2,225.000000,-240.000000,11.350564
96,2,230.000000,-240.000000,11.287152
97,2,235.000000,-240.000000,11.223739
98,2,240.000000,-240.000000,11.160329
99,2,245.000000,-240.000000,11.097003
100,2,250.000000,-240.000000,11.034097
0,3,-250.000000,-235.000000,14.962582
1,3,-245.000000,-235.000000,14.931778
2,3,-240.000000,-235.000000,14.900974
3,3,-235.000000,-235.000000,14.870171
4,3,-230.000000,-235.000000,14.839669
5,3,-225.000000,-235.000000,14.809357
6,3,-220.000000,-235.000000,14.779087
7,3,-215.000000,-235.000000,14.748831
8,3,-210.000000,-235.000000,14.718574
9,3,-205.000000,-235.000000,14.688554
10,3,-200.000000,-235.000000,14.663014
11,3,-195.000000,-235.000000,14.637640
12,3,-190.000000,-235.000000,14.612949
13,3,-185.000000,-235.000000,14.588258
14,3,-180.000000,-235.000000,14.563567
15,3,-175.000000,-235.000000,14.539716
16,3,-170.000000,-235.000000,14.516755
17,3,-165.000000,-235.000000,14.494071
18,3,-160.000000,-235.000000,14.471551
19,3,-155.000000,-235.000000,14.449031
20,3,-150.000000,-235.000000,14.426510
21,3,-145.000000,-235.000000,14.399800
22,3,-140.000000,-235.000000,14.372632
23,3,-135.000000,-235.000000,14.344020
24,3,-130.000000,-235.000000,14.315407
25,3,-125.000000,-235.000000,14.286795
26,3,-120.000000,-235.000000,14.255606
27,3,-115.000000,-235.000000,14.219798
28,3,-110.000000,-235.000000,14.182400
29,3,-105.000000,-235.000000,14.143434
30,3,-100.000000,-235.000000,14.104468
31,3,-95.000000,-235.000000,14.065502
32,3,-90.000000,-235.000000,14.023369
33,3,-85.000000,-235.000000,13.980415
34,3,-80.000000,-235.000000,13.935391
35,3,-75.000000,-235.000000,13.890234
36,3,-70.000000,-235.000000,13.845077
37,3,-65.000000,-235.000000,13.800133
38,3,-60.000000,-235.000000,13.755906
39,3,-55.000000,-235.000000,13.711918
40,3,-50.000000,-235.000000,13.668328
41,3,-45.000000,-235.000000,13.624739
42,3,-40.000000,-235.000000,13.581149
43,3,-35.000000,-235.000000,13.539310
44,3,-30.000000,-235.000000,13.498348
45,3,-25.000000,-235.000000,13.459186
46,3,-20.000000,-235.000000,13.420441
47,3,-15.000000,-235.000000,13.381697
48,3,-10.000000,-235.000000,13.343032
49,3,-5.000000,-235.000000,13.305068
50,3,0.000000,-235.000000,13.267304
51,3,5.000000,-235.000000,13.230148
52,3,10.000000,-235.000000,13.192992
53,3,15.000000,-235.000000,13.155835
54,3,20.000000,-235.000000,13.118042
55,3,25.000000,-235.000000,13.079703
56,3,30.000000,-235.000000,13.040337
57,3,35.000000,-235.000000,13.000495
58,3,40.000000,-235.000000,12.960653
59,3,45.000000,-235.000000,12.920812
60,3,50.000000,-235.000000,12.880112
61,3,55.000000,-235.000000,12.839225
62,3,60.000000,-235.000000,12.797124
63,3,65.000000,-235.000000,12.755023
64,3,70.000000,-235.000000,12.712922
65,3,75.000000,-235.000000,12.671067
66,3,80.000000,-235.000000,12.629565
67,3,85.000000,-235.000000,12.588713
68,3,90.000000,-235.000000,12.548381
69,3,95.000000,-235.000000,12.508049
70,3,100.000000,-235.000000,12.467717
71,3,105.000000,-235.000000,12.428154
72,3,110.000000,-235.000000,12.388732
73,3,115.000000,-235.000000,12.351536
74,3,120.000000,-235.000000,12.314361
75,3,125.000000,-235.000000,12.277185
76,3,130.000000,-235.000000,12.239910
77,3,135.000000,-235.000000,12.202382
78,3,140.000000,-235.000000,12.164372
79,3,145.000000,-235.000000,12.125714
80,3,150.000000,-235.000000,12.087057
81,3,155.000000,-235.000000,12.048399
82,3,160.000000,-235.000000,12.008648
83,3,165.000000,-235.000000,11.968468
84,3,170.000000,-235.000000,11.922550
85,3,175.000000,-235.000000,11.875725
86,3,180.000000,-235.000000,11.828900
87,3,185.000000,-235.000000,11.781867
88,3,190.000000,-235.000000,11.733690
89,3,195.000000,-235.000000,11.682935
90,3,200.000000,-235.000000,11.626145
91,3,205.000000,-235.000000,11.569355
92,3,210.000000,-235.000000,11.512566
93,3,215.000000,-235.000000,11.455535
94,3,220.000000,-235.000000,11.398336
95,3,225.000000,-235.000000,11.337892
96,3,230.000000,-235.000000,11.276280
97,3,235.000000,-235.000000,11.214668
98,3,240.000000,-235.000000,11.153058
99,3,245.000000,-235.000000,11.091531
100,3,250.000000,-235.000000,11.030419
0,4,-250.000000,-230.000000,14.910306
1,4,-245.000000,-230.000000,14.880384
2,4,-240.000000,-230.000000,14.850463
3,4,-235.000000,-230.000000,14.820542
4,4,-230.000000,-230.000000,14.790979
5,4,-225.000000,-230.000000,14.761641
6,4,-220.000000,-230.000000,14.732354
7,4,-215.000000,-230.000000,14.703082
8,4,-210.000000,-230.000000,14.673811
9,4,-205.000000,-230.000000,14.644771
10,4,-200.000000,-230.000000,14.620123
11,4,-195.000000,-230.000000,14.595637
12,4,-190.000000,-230.000000,14.571821
13,4,-185.000000,-230.000000,14.548005
14,4,-180.000000,-230.000000,14.524189
15,4,-175.000000,-230.000000,14.501131
16,4,-170.000000,-230.000000,14.478873
17,4,-165.000000,-230.000000,14.456867
18,4,-160.000000,-230.000000,14.435007
19,4,-155.000000,-230.000000,14.413147
20,4,-150.000000,-230.000000,14.391287
21,4,-145.000000,-230.000000,14.365113
22,4,-140.000000,-230.000000,14.338468
23,4,-135.000000,-230.000000,14.310335
24,4,-130.000000,-230.000000,14.282201
25,4,-125.000000,-230.000000,14.254068
26,4,-120.000000,-230.000000,14.223334
27,4,-115.000000,-230.000000,14.187937
28,4,-110.000000,-230.000000,14.150934
29,4,-105.000000,-230.000000,14.112347
30,4,-100.000000,-230.000000,14.073761
31,4,-95.000000,-230.000000,14.035175
32,4,-90.000000,-230.000000,13.993388
33,4,-85.000000,-230.000000,13.950772
34,4,-80.000000,-230.000000,13.906063
35,4,-75.000000,-230.000000,13.861219
36,4,-70.000000,-230.000000,13.816376
37,4,-65.000000,-230.000000,13.771735
38,4,-60.000000,-230.000000,13.727773
39,4,-55.000000,-230.000000,13.684037
40,4,-50.000000,-230.000000,13.640679
41,4,-45.000000,-230.000000,13.597321
42,4,-40.000000,-230.000000,13.553963
43,4,-35.000000,-230.000000,13.512326
44,4,-30.000000,-230.000000,13.471551
45,4,-25.000000,-230.000000,13.432545
46,4,-20.000000,-230.000000,13.393951
47,4,-15.000000,-230.000000,13.355356
48,4,-10.000000,-230.000000,13.316839
49,4,-5.000000,-230.000000,13.279006
50,4,0.000000,-230.000000,13.241367
51,4,5.000000,-230.000000,13.204321
52,4,10.000000,-230.000000,13.167275
53,4,15.000000,-230.000000,13.130229
54,4,20.000000,-230.000000,13.092540
55,4,25.000000,-230.000000,13.054300
56,4,30.000000,-230.000000,13.015025
57,4,35.000000,-230.000000,12.975271
58,4,40.000000,-230.000000,12.935516
59,4,45.000000,-230.000000,12.895761
60,4,50.000000,-230.000000,12.855117
61,4,55.000000,-230.000000,12.814277
62,4,60.000000,-230.000000,12.772179
63,4,65.000000,-230.000000,12.730081
64,4,70.000000,-230.000000,12.687982
65,4,75.000000,-230.000000,12.646110
66,4,80.000000,-230.000000,12.604562
67,4,85.000000,-230.000000,12.563612
68,4,90.000000,-230.000000,12.523139
69,4,95.000000,-230.000000,12.482666
70,4,100.000000,-230.000000,12.442193
71,4,105.000000,-230.000000,12.402481
72,4,110.000000,-230.000000,12.362908
73,4,115.000000,-230.000000,12.325536
74,4,120.000000,-230.000000,12.288184
75,4,125.000000,-230.000000,12.250831
76,4,130.000000,-230.000000,12.213398
77,4,135.000000,-230.000000,12.175760
78,4,140.000000,-230.000000,12.137731
79,4,145.000000,-230.000000,12.099176
80,4,150.000000,-230.000000,12.060621
81,4,155.000000,-230.000000,12.022066
82,4,160.000000,-230.000000,11.982498
83,4,165.000000,-230.000000,11.942534
84,4,170.000000,-230.000000,11.897258
85,4,175.000000,-230.000000,11.851142
86,4,180.000000,-230.000000,11.805027
87,4,185.000000,-230.000000,11.758717
88,4,190.000000,-230.000000,11.711342
89,4,195.000000,-230.000000,11.661564
90,4,200.000000,-230.000000,11.606162
91,4,205.000000,-230.000000,11.550761
92,4,210.000000,-230.000000,11.495359
93,4,215.000000,-230.000000,11.439737
94,4,220.000000,-230.000000,11.383961
95,4,225.000000,-230.000000,11.325217
96,4,230.000000,-230.000000,11.265406
97,4,235.000000,-230.000000,11.205594
98,4,240.000000,-230.000000,11.145784
99,4,245.000000,-230.000000,11.086056
100,4,250.000000,-230.000000,11.026738
0,5,-250.000000,-225.000000,14.858110
1,5,-245.000000,-225.000000,14.829069
2,5,-240.000000,-225.000000,14.800027
3,5,-235.000000,-225.000000,14.770985
4,5,-230.000000,-225.000000,14.742359
5,5,-225.000000,-225.000000,14.713994
6,5,-220.000000,-225.000000,14.685687
7,5,-215.000000,-225.000000,14.657399
8,5,-210.000000,-225.000000,14.629110
9,5,-205.000000,-225.000000,14.601049
10,5,-200.000000,-225.000000,14.577292
11,5,-195.000000,-225.000000,14.553694
12,5,-190.000000,-225.000000,14.530753
13,5,-185.000000,-225.000000,14.507812
14,5,-180.000000,-225.000000,14.484870
15,5,-175.000000,-225.000000,14.462604
16,5,-170.000000,-225.000000,14.441051
17,5,-165.000000,-225.000000,14.419722
18,5,-160.000000,-225.000000,14.398523
19,5,-155.000000,-225.000000,14.377324
20,5,-150.000000,-225.000000,14.356126
21,5,-145.000000,-225.000000,14.330488
22,5,-140.000000,-225.000000,14.304365
23,5,-135.000000,-225.000000,14.276711
24,5,-130.000000,-225.000000,14.249057
25,5,-125.000000,-225.000000,14.221403
26,5,-120.000000,-225.000000,14.191123
27,5,-115.000000,-225.000000,14.156135
28,5,-110.000000,-225.000000,14.119526
29,5,-105.000000,-225.000000,14.081318
30,5,-100.000000,-225.000000,14.043110
31,5,-95.000000,-225.000000,14.004902
32,5,-90.000000,-225.000000,13.963460
33,5,-85.000000,-225.000000,13.921179
34,5,-80.000000,-225.000000,13.876784
35,5,-75.000000,-225.000000,13.832252
36,5,-70.000000,-225.000000,13.787720
37,5,-65.000000,-225.000000,13.743380
38,5,-60.000000,-225.000000,13.699681
39,5,-55.000000,-225.000000,13.656196
40,5,-50.000000,-225.000000,13.613068
41,5,-45.000000,-225.000000,13.569940
42,5,-40.000000,-225.000000,13.526812
43,5,-35.000000,-225.000000,13.485375
44,5,-30.000000,-225.000000,13.444787
45,5,-25.000000,-225.000000,13.405938
46,5,-20.000000,-225.000000,13.367492
47,5,-15.000000,-225.000000,13.329047
48,5,-10.000000,-225.000000,13.290677
49,5,-5.000000,-225.000000,13.252974
50,5,0.000000,-225.000000,13.215460
51,5,5.000000,-225.000000,13.178523
52,5,10.000000,-225.000000,13.141587
53,5,15.000000,-225.000000,13.104650
54,5,20.000000,-225.000000,13.067066
55,5,25.000000,-225.000000,13.028925
56,5,30.000000,-225.000000,12.989740
57,5,35.000000,-225.000000,12.950071
58,5,40.000000,-225.000000,12.910403
59,5,45.000000,-225.000000,12.870734
60,5,50.000000,-225.000000,12.830143
61,5,55.000000,-225.000000,12.789350
62,5,60.000000,-225.000000,12.747253
63,5,65.000000,-225.000000,12.705156
64,5,70.000000,-225.000000,12.663058
65,5,75.000000,-225.000000,12.621167
66,5,80.000000,-225.000000,12.579572
67,5,85.000000,-225.000000,12.538522
68,5,90.000000,-225.000000,12.497907
69,5,95.000000,-225.000000,12.457292
70,5,100.000000,-225.000000,12.416677
71,5,105.000000,-225.000000,12.376814
72,5,110.000000,-225.000000,12.337088
73,5,115.000000,-225.000000,12.299540
74,5,120.000000,-225.000000,12.262010
75,5,125.000000,-225.000000,12.224480
76,5,130.000000,-225.000000,12.186889
77,5,135.000000,-225.000000,12.149140
78,5,140.000000,-225.000000,12.111090
79,5,145.000000,-225.000000,12.072638
80,5,150.000000,-225.000000,12.034185
81,5,155.000000,-225.000000,11.995733
82,5,160.000000,-225.000000,11.956349
83,5,165.000000,-225.000000,11.916600
84,5,170.000000,-225.000000,11.871966
85,5,175.000000,-225.000000,11.826560
86,5,180.000000,-225.000000,11.781153
87,5,185.000000,-225.000000,11.735567
88,5,190.000000,-225.000000,11.688994
89,5,195.000000,-225.000000,11.640192
90,5,200.000000,-225.000000,11.586178
91,5,205.000000,-225.000000,11.532164
92,5,210.000000,-225.000000,11.478150
93,5,215.000000,-225.000000,11.423937
94,5,220.000000,-225.000000,11.369584
95,5,225.000000,-225.000000,11.312540
96,5,230.000000,-225.000000,11.254529
97,5,235.000000,-225.000000,11.196517
98,5,240.000000,-225.000000,11.138508
99,5,245.000000,-225.000000,11.080579
100,5,250.000000,-225.000000,11.023054
0,6,-250.000000,-220.000000,14.805915
1,6,-245.000000,-220.000000,14.777753
2,6,-240.000000,-220.000000,14.749590
3,6,-235.000000,-220.000000,14.721428
4,6,-230.000000,-220.000000,14.693738
5,6,-225.000000,-220.000000,14.666346
6,6,-220.000000,-220.000000,14.639020
7,6,-215.000000,-220.000000,14.611715
8,6,-210.000000,-220.000000,14.584409
9,6,-205.000000,-220.000000,14.557327
10,6,-200.000000,-220.000000,14.534461
11,6,-195.000000,-220.000000,14.511752
12,6,-190.000000,-220.000000,14.489685
13,6,-185.000000,-220.000000,14.467618
14,6,-180.000000,-220.000000,14.445552
15,6,-175.000000,-220.000000,14.424077
16,6,-170.000000,-220.000000,14.403229
17,6,-165.000000,-220.000000,14.382577
18,6,-160.000000,-220.000000,14.362039
19,6,-155.000000,-220.000000,14.341502
20,6,-150.000000,-220.000000,14.320964
21,6,-145.000000,-220.000000,14.295863
22,6,-140.000000,-220.000000,14.270262
23,6,-135.000000,-220.000000,14.243087
24,6,-130.000000,-220.000000,14.215913
25,6,-125.000000,-220.000000,14.188738
26,6,-120.000000,-220.000000,14.158912
27,6,-115.000000,-220.000000,14.124334
28,6,-110.000000,-220.000000,14.088118
29,6,-105.000000,-220.000000,14.050289
30,6,-100.000000,-220.000000,14.012460
31,6,-95.000000,-220.000000,13.974630
32,6,-90.000000,-220.000000,13.933532
33,6,-85.000000,-220.000000,13.891587
34,6,-80.000000,-220.000000,13.847505
35,6,-75.000000,-220.000000,13.803285
36,6,-70.000000,-220.000000,13.759065
37,6,-65.000000,-220.000000,13.715025
38,6,-60.000000,-220.000000,13.671590
39,6,-55.000000,-220.000000,13.628356
40,6,-50.000000,-220.000000,13.585457
41,6,-45.000000,-220.000000,13.542559
42,6,-40.000000,-220.000000,13.499661
43,6,-35.000000,-220.000000,13.458425
44,6,-30.000000,-220.000000,13.418023
45,6,-25.000000,-220.000000,13.379330
46,6,-20.000000,-220.000000,13.341034
47,6,-15.000000,-220.000000,13.302738
48,6,-10.000000,-220.000000,13.264516
49,6,-5.000000,-220.000000,13.226942
50,6,0.000000,-220.000000,13.189553
51,6,5.000000,-220.000000,13.152726
52,6,10.000000,-220.000000,13.115899
53,6,15.000000,-220.000000,13.079072
54,6,20.000000,-220.000000,13.041591
55,6,25.000000,-220.000000,13.003550
56,6,30.000000,-220.000000,12.964455
57,6,35.000000,-220.000000,12.924872
58,6,40.000000,-220.000000,12.885289
59,6,45.000000,-220.000000,12.845707
60,6,50.000000,-220.000000,12.805169
61,6,55.000000,-220.000000,12.764423
62,6,60.000000,-220.000000,12.722327
63,6,65.000000,-220.000000,12.680231
64,6,70.000000,-220.000000,12.638134
65,6,75.000000,-220.000000,12.596224
66,6,80.000000,-220.000000,12.554582
67,6,85.000000,-220.000000,12.513431
68,6,90.000000,-220.000000,12.472674
69,6,95.000000,-220.000000,12.431917
70,6,100.000000,-220.000000,12.391160
71,6,105.000000,-220.000000,12.351147
72,6,110.000000,-220.000000,12.311269
73,6,115.000000,-220.000000,12.273543
74,6,120.000000,-220.000000,12.235836
75,6,125.000000,-220.000000,12.198129
76,6,130.000000,-220.000000,12.160379
77,6,135.000000,-220.000000,12.122520
78,6,140.000000,-220.000000,12.084450
79,6,145.000000,-220.000000,12.046100
80,6,150.000000,-220.000000,12.007750
81,6,155.000000,-220.000000,11.969400
82,6,160.000000,-220.000000,11.930200
83,6,165.000000,-220.000000,11.890666
84,6,170.000000,-220.000000,11.846674
85,6,175.000000,-220.000000,11.801977
86,6,180.000000,-220.000000,11.757280
87,6,185.000000,-220.000000,11.712417
88,6,190.000000,-220.000000,11.666645
89,6,195.000000,-220.000000,11.618821
90,6,200.000000,-220.000000,11.566194
91,6,205.000000,-220.000000,11.513568
92,6,210.000000,-220.000000,11.460942
93,6,215.000000,-220.000000,11.408136
94,6,220.000000,-220.000000,11.355206
95,6,225.000000,-220.000000,11.299863
96,6,230.000000,-220.000000,11.243652
97,6,235.000000,-220.000000,11.187440
98,6,240.000000,-220.000000,11.131231
99,6,245.000000,-220.000000,11.075101
100,6,250.000000,-220.000000,11.019370
0,7,-250.000000,-215.000000,14.754682
1,7,-245.000000,-215.000000,14.727365
2,7,-240.000000,-215.000000,14.700049
3,7,-235.000000,-215.000000,14.672733
4,7,-230.000000,-215.000000,14.645951
5,7,-225.000000,-215.000000,14.619505
6,7,-220.000000,-215.000000,14.593133
7,7,-215.000000,-215.000000,14.566786
8,7,-210.000000,-215.000000,14.540438
9,7,-205.000000,-215.000000,14.514309
10,7,-200.000000,-215.000000,14.492322
11,7,-195.000000,-215.000000,14.470488
12,7,-190.000000,-215.000000,14.449286
13,7,-185.000000,-215.000000,14.428084
14,7,-180.000000,-215.000000,14.406882
15,7,-175.000000,-215.000000,14.386194
16,7,-170.000000,-215.000000,14.366049
17,7,-165.000000,-215.000000,14.346073
18,7,-160.000000,-215.000000,14.326198
19,7,-155.000000,-215.000000,14.306322
20,7,-150.000000,-215.000000,14.286446
21,7,-145.000000,-215.000000,14.261880
22,7,-140.000000,-215.000000,14.236800
23,7,-135.000000,-215.000000,14.210104
24,7,-130.000000,-215.000000,14.183407
25,7,-125.000000,-215.000000,14.156711
26,7,-120.000000,-215.000000,14.127335
27,7,-115.000000,-215.000000,14.093158
28,7,-110.000000,-215.000000,14.057328
29,7,-105.000000,-215.000000,14.019867
30,7,-100.000000,-215.000000,13.982405
31,7,-95.000000,-215.000000,13.944944
32,7,-90.000000,-215.000000,13.904179
33,7,-85.000000,-215.000000,13.862557
34,7,-80.000000,-215.000000,13.818774
35,7,-75.000000,-215.000000,13.774853
36,7,-70.000000,-215.000000,13.730931
37,7,-65.000000,-215.000000,13.687180
38,7,-60.000000,-215.000000,13.643998
39,7,-55.000000,-215.000000,13.601006
40,7,-50.000000,-215.000000,13.558330
41,7,-45.000000,-215.000000,13.515655
42,7,-40.000000,-215.000000,13.472979
43,7,-35.000000,-215.000000,13.431940
44,7,-30.000000,-215.000000,13.391722
45,7,-25.000000,-215.000000,13.353185
46,7,-20.000000,-215.000000,13.315039
47,7,-15.000000,-215.000000,13.276894
48,7,-10.000000,-215.000000,13.238820
49,7,-5.000000,-215.000000,13.201377
50,7,0.000000,-215.000000,13.164115
51,7,5.000000,-215.000000,13.127400
52,7,10.000000,-215.000000,13.090685
53,7,15.000000,-215.000000,13.053970
54,7,20.000000,-215.000000,13.016594
55,7,25.000000,-215.000000,12.978652
56,7,30.000000,-215.000000,12.939645
57,7,35.000000,-215.000000,12.900144
58,7,40.000000,-215.000000,12.860644
59,7,45.000000,-215.000000,12.821144
60,7,50.000000,-215.000000,12.780656
61,7,55.000000,-215.000000,12.739952
62,7,60.000000,-215.000000,12.697851
63,7,65.000000,-215.000000,12.655749
64,7,70.000000,-215.000000,12.613648
65,7,75.000000,-215.000000,12.571713
66,7,80.000000,-215.000000,12.530019
67,7,85.000000,-215.000000,12.488765
68,7,90.000000,-215.000000,12.447865
69,7,95.000000,-215.000000,12.406965
70,7,100.000000,-215.000000,12.366064
71,7,105.000000,-215.000000,12.325901
72,7,110.000000,-215.000000,12.285872
73,7,115.000000,-215.000000,12.247975
74,7,120.000000,-215.000000,12.210097
75,7,125.000000,-215.000000,12.172219
76,7,130.000000,-215.000000,12.134317
77,7,135.000000,-215.000000,12.096352
78,7,140.000000,-215.000000,12.058269
79,7,145.000000,-215.000000,12.020027
80,7,150.000000,-215.000000,11.981784
81,7,155.000000,-215.000000,11.943541
82,7,160.000000,-215.000000,11.904529
83,7,165.000000,-215.000000,11.865214
84,7,170.000000,-215.000000,11.821858
85,7,175.000000,-215.000000,11.777863
86,7,180.000000,-215.000000,11.733868
87,7,185.000000,-215.000000,11.689722
88,7,190.000000,-215.000000,11.644742
89,7,195.000000,-215.000000,11.597881
90,7,200.000000,-215.000000,11.546621
91,7,205.000000,-215.000000,11.495360
92,7,210.000000,-215.000000,11.444100
93,7,215.000000,-215.000000,11.392681
94,7,220.000000,-215.000000,11.341151
95,7,225.000000,-215.000000,11.287482
96,7,230.000000,-215.000000,11.233042
97,7,235.000000,-215.000000,11.178603
98,7,240.000000,-215.000000,11.124166
99,7,245.000000,-215.000000,11.069808
100,7,250.000000,-215.000000,11.015843
0,8,-250.000000,-210.000000,14.714020
1,8,-245.000000,-210.000000,14.687184
2,8,-240.000000,-210.000000,14.660348
3,8,-235.000000,-210.000000,14.633512
4,8,-230.000000,-210.000000,14.607318
5,8,-225.000000,-210.000000,14.581527
6,8,-220.000000,-210.000000,14.555826
7,8,-215.000000,-210.000000,14.530153
8,8,-210.000000,-210.000000,14.504480
9,8,-205.000000,-210.000000,14.479029
10,8,-200.000000,-210.000000,14.457785
11,8,-195.000000,-210.000000,14.436696
12,8,-190.000000,-210.000000,14.416248
13,8,-185.000000,-210.000000,14.395800
14,8,-180.000000,-210.000000,14.375353
15,8,-175.000000,-210.000000,14.355385
16,8,-170.000000,-210.000000,14.335925
17,8,-165.000000,-210.000000,14.316624
18,8,-160.000000,-210.000000,14.297416
19,8,-155.000000,-210.000000,14.278208
20,8,-150.000000,-210.000000,14.259000
21,8,-145.000000,-210.000000,14.234960
22,8,-140.000000,-210.000000,14.210391
23,8,-135.000000,-210.000000,14.184156
24,8,-130.000000,-210.000000,14.157921
25,8,-125.000000,-210.000000,14.131686
26,8,-120.000000,-210.000000,14.102721
27,8,-115.000000,-210.000000,14.068863
28,8,-110.000000,-210.000000,14.033320
29,8,-105.000000,-210.000000,13.996115
30,8,-100.000000,-210.000000,13.958910
31,8,-95.000000,-210.000000,13.921705
32,8,-90.000000,-210.000000,13.881141
33,8,-85.000000,-210.000000,13.839707
34,8,-80.000000,-210.000000,13.796076
35,8,-75.000000,-210.000000,13.752305
36,8,-70.000000,-210.000000,13.708533
37,8,-65.000000,-210.000000,13.664930
38,8,-60.000000,-210.000000,13.621894
39,8,-55.000000,-210.000000,13.579047
40,8,-50.000000,-210.000000,13.536516
41,8,-45.000000,-210.000000,13.493984
42,8,-40.000000,-210.000000,13.451452
43,8,-35.000000,-210.000000,13.410564
44,8,-30.000000,-210.000000,13.370500
45,8,-25.000000,-210.000000,13.332125
46,8,-20.000000,-210.000000,13.294142
47,8,-15.000000,-210.000000,13.256160
48,8,-10.000000,-210.000000,13.218247
49,8,-5.000000,-210.000000,13.180955
50,8,0.000000,-210.000000,13.143839
51,8,5.000000,-210.000000,13.107261
52,8,10.000000,-210.000000,13.070682
53,8,15.000000,-210.000000,13.034103
54,8,20.000000,-210.000000,12.996843
55,8,25.000000,-210.000000,12.958997
56,8,30.000000,-210.000000,12.920053
57,8,35.000000,-210.000000,12.880599
58,8,40.000000,-210.000000,12.841145
59,8,45.000000,-210.000000,12.801692
60,8,50.000000,-210.000000,12.761204
61,8,55.000000,-210.000000,12.720491
62,8,60.000000,-210.000000,12.678315
63,8,65.000000,-210.000000,12.636139
64,8,70.000000,-210.000000,12.593963
65,8,75.000000,-210.000000,12.551942
66,8,80.000000,-210.000000,12.510146
67,8,85.000000,-210.000000,12.468760
68,8,90.000000,-210.000000,12.427704
69,8,95.000000,-210.000000,12.386647
70,8,100.000000,-210.000000,12.345591
71,8,105.000000,-210.000000,12.305284
72,8,110.000000,-210.000000,12.265114
73,8,115.000000,-210.000000,12.227115
74,8,120.000000,-210.000000,12.189136
75,8,125.000000,-210.000000,12.151156
76,8,130.000000,-210.000000,12.113170
77,8,135.000000,-210.000000,12.075167
78,8,140.000000,-210.000000,12.037133
79,8,145.000000,-210.000000,11.999056
80,8,150.000000,-210.000000,11.960979
81,8,155.000000,-210.000000,11.922903
82,8,160.000000,-210.000000,11.884117
83,8,165.000000,-210.000000,11.845054
84,8,170.000000,-210.000000,11.802271
85,8,175.000000,-210.000000,11.758901
86,8,180.000000,-210.000000,11.715530
87,8,185.000000,-210.000000,11.672018
88,8,190.000000,-210.000000,11.627731
89,8,195.000000,-210.000000,11.581692
90,8,200.000000,-210.000000,11.531557
91,8,205.000000,-210.000000,11.481421
92,8,210.000000,-210.000000,11.431286
93,8,215.000000,-210.000000,11.381009
94,8,220.000000,-210.000000,11.330633
95,8,225.000000,-210.000000,11.278348
96,8,230.000000,-210.000000,11.225375
97,8,235.000000,-210.000000,11.172402
98,8,240.000000,-210.000000,11.119431
99,8,245.000000,-210.000000,11.066540
100,8,250.000000,-210.000000,11.014048
0,9,-250.000000,-205.000000,14.673682
1,9,-245.000000,-205.000000,14.647315
2,9,-240.000000,-205.000000,14.620948
3,9,-235.000000,-205.000000,14.594581
4,9,-230.000000,-205.000000,14.568965
5,9,-225.000000,-205.000000,14.543820
6,9,-220.000000,-205.000000,14.518780
7,9,-215.000000,-205.000000,14.493774
8,9,-210.000000,-205.000000,14.468767
9,9,-205.000000,-205.000000,14.443986
10,9,-200.000000,-205.000000,14.423480
11,9,-195.000000,-205.000000,14.403131
12,9,-190.000000,-205.000000,14.383434
13,9,-185.000000,-205.000000,14.363738
14,9,-180.000000,-205.000000,14.344041
15,9,-175.000000,-205.000000,14.324792
16,9,-170.000000,-205.000000,14.306017
17,9,-165.000000,-205.000000,14.287390
18,9,-160.000000,-205.000000,14.268850
19,9,-155.000000,-205.000000,14.250310
20,9,-150.000000,-205.000000,14.231770
21,9,-145.000000,-205.000000,14.208255
22,9,-140.000000,-205.000000,14.184196
23,9,-135.000000,-205.000000,14.158423
24,9,-130.000000,-205.000000,14.132649
25,9,-125.000000,-205.000000,14.106875
26,9,-120.000000,-205.000000,14.078319
27,9,-115.000000,-205.000000,14.044778
28,9,-110.000000,-205.000000,14.009519
29,9,-105.000000,-205.000000,13.972566
30,9,-100.000000,-205.000000,13.935614
31,9,-95.000000,-205.000000,13.898662
32,9,-90.000000,-205.000000,13.858296
33,9,-85.000000,-205.000000,13.817045
34,9,-80.000000,-205.000000,13.773562
35,9,-75.000000,-205.000000,13.729936
36,9,-70.000000,-205.000000,13.686309
37,9,-65.000000,-205.000000,13.642852
38,9,-60.000000,-205.000000,13.599959
39,9,-55.000000,-205.000000,13.557254
40,9,-50.000000,-205.000000,13.514864
41,9,-45.000000,-205.000000,13.472473
42,9,-40.000000,-205.000000,13.430083
43,9,-35.000000,-205.000000,13.389344
44,9,-30.000000,-205.000000,13.349433
45,9,-25.000000,-205.000000,13.311220
46,9,-20.000000,-205.000000,13.273401
47,9,-15.000000,-205.000000,13.235581
48,9,-10.000000,-205.000000,13.197831
49,9,-5.000000,-205.000000,13.160690
50,9,0.000000,-205.000000,13.123721
51,9,5.000000,-205.000000,13.087280
52,9,10.000000,-205.000000,13.050838
53,9,15.000000,-205.000000,13.014397
54,9,20.000000,-205.000000,12.977252
55,9,25.000000,-205.000000,12.939503
56,9,30.000000,-205.000000,12.900620
57,9,35.000000,-205.000000,12.861212
58,9,40.000000,-205.000000,12.821804
59,9,45.000000,-205.000000,12.782396
60,9,50.000000,-205.000000,12.741907
61,9,55.000000,-205.000000,12.701183
62,9,60.000000,-205.000000,12.658930
63,9,65.000000,-205.000000,12.616677
64,9,70.000000,-205.000000,12.574425
65,9,75.000000,-205.000000,12.532317
66,9,80.000000,-205.000000,12.490416
67,9,85.000000,-205.000000,12.448898
68,9,90.000000,-205.000000,12.407684
69,9,95.000000,-205.000000,12.366471
70,9,100.000000,-205.000000,12.325258
71,9,105.000000,-205.000000,12.284809
72,9,110.000000,-205.000000,12.244498
73,9,115.000000,-205.000000,12.206400
74,9,120.000000,-205.000000,12.168320
75,9,125.000000,-205.000000,12.130241
76,9,130.000000,-205.000000,12.092173
77,9,135.000000,-205.000000,12.054134
78,9,140.000000,-205.000000,12.016150
79,9,145.000000,-205.000000,11.978241
80,9,150.000000,-205.000000,11.940332
81,9,155.000000,-205.000000,11.902423
82,9,160.000000,-205.000000,11.863866
83,9,165.000000,-205.000000,11.825055
84,9,170.000000,-205.000000,11.782844
85,9,175.000000,-205.000000,11.740096
86,9,180.000000,-205.000000,11.697347
87,9,185.000000,-205.000000,11.654468
88,9,190.000000,-205.000000,11.610869
89,9,195.000000,-205.000000,11.565648
90,9,200.000000,-205.000000,11.516631
91,9,205.000000,-205.000000,11.467613
92,9,210.000000,-205.000000,11.418596
93,9,215.000000,-205.000000,11.369453
94,9,220.000000,-205.000000,11.320224
95,9,225.000000,-205.000000,11.269313
96,9,230.000000,-205.000000,11.217797
97,9,235.000000,-205.000000,11.166281
98,9,240.000000,-205.000000,11.114767
99,9,245.000000,-205.000000,11.063334
100,9,250.000000,-205.000000,11.012305
0,10,-250.000000,-200.000000,14.633860
1,10,-245.000000,-200.000000,14.607944
2,10,-240.000000,-200.000000,14.582028
3,10,-235.000000,-200.000000,14.556112
4,10,-230.000000,-200.000000,14.531058
5,10,-225.000000,-200.000000,14.506545
6,10,-220.000000,-200.000000,14.482153
7,10,-215.000000,-200.000000,14.457799
8,10,-210.000000,-200.000000,14.433445
9,10,-205.000000,-200.000000,14.409321
10,10,-200.000000,-200.000000,14.389545
11,10,-195.000000,-200.000000,14.369931
12,10,-190.000000,-200.000000,14.350980
13,10,-185.000000,-200.000000,14.332029
14,10,-180.000000,-200.000000,14.313078
15,10,-175.000000,-200.000000,14.294544
16,10,-170.000000,-200.000000,14.276453
17,10,-165.000000,-200.000000,14.258500
18,10,-160.000000,-200.000000,14.240628
19,10,-155.000000,-200.000000,14.222756
20,10,-150.000000,-200.000000,14.204884
21,10,-145.000000,-200.000000,14.181895
22,10,-140.000000,-200.000000,14.158346
23,10,-135.000000,-200.000000,14.133033
24,10,-130.000000,-200.000000,14.107719
25,10,-125.000000,-200.000000,14.082406
26,10,-120.000000,-200.000000,14.054258
27,10,-115.000000,-200.000000,14.021028
28,10,-110.000000,-200.000000,13.986049
29,10,-105.000000,-200.000000,13.949344
30,10,-100.000000,-200.000000,13.912639
31,10,-95.000000,-200.000000,13.875934
32,10,-90.000000,-200.000000,13.835759
33,10,-85.000000,-200.000000,13.794685
34,10,-80.000000,-200.000000,13.751343
35,10,-75.000000,-200.000000,13.707854
36,10,-70.000000,-200.000000,13.664366
37,10,-65.000000,-200.000000,13.621046
38,10,-60.000000,-200.000000,13.578291
39,10,-55.000000,-200.000000,13.535724
40,10,-50.000000,-200.000000,13.493471
41,10,-45.000000,-200.000000,13.451218
42,10,-40.000000,-200.000000,13.408965
43,10,-35.000000,-200.000000,13.368374
44,10,-30.000000,-200.000000,13.328614
45,10,-25.000000,-200.000000,13.290563
46,10,-20.000000,-200.000000,13.252908
47,10,-15.000000,-200.000000,13.215253
48,10,-10.000000,-200.000000,13.177665
49,10,-5.000000,-200.000000,13.140675
50,10,0.000000,-200.000000,13.103855
51,10,5.000000,-200.000000,13.067552
52,10,10.000000,-200.000000,13.031249
53,10,15.000000,-200.000000,12.994946
54,10,20.000000,-200.000000,12.957917
55,10,25.000000,-200.000000,12.920265
56,10,30.000000,-200.000000,12.881443
57,10,35.000000,-200.000000,12.842078
58,10,40.000000,-200.000000,12.802713
59,10,45.000000,-200.000000,12.763349
60,10,50.000000,-200.000000,12.722857
61,10,55.000000,-200.000000,12.682119
62,10,60.000000,-200.000000,12.639786
63,10,65.000000,-200.000000,12.597454
64,10,70.000000,-200.000000,12.555121
65,10,75.000000,-200.000000,12.512922
66,10,80.000000,-200.000000,12.470916
67,10,85.000000,-200.000000,12.429262
68,10,90.000000,-200.000000,12.387892
69,10,95.000000,-200.000000,12.346521
70,10,100.000000,-200.000000,12.305151
71,10,105.000000,-200.000000,12.264559
72,10,110.000000,-200.000000,12.224109
73,10,115.000000,-200.000000,12.185913
74,10,120.000000,-200.000000,12.147738
75,10,125.000000,-200.000000,12.109562
76,10,130.000000,-200.000000,12.071415
77,10,135.000000,-200.000000,12.033343
78,10,140.000000,-200.000000,11.995414
79,10,145.000000,-200.000000,11.957675
80,10,150.000000,-200.000000,11.919937
81,10,155.000000,-200.000000,11.882199
82,10,160.000000,-200.000000,11.843872
83,10,165.000000,-200.000000,11.805315
84,10,170.000000,-200.000000,11.763673
85,10,175.000000,-200.000000,11.721542
86,10,180.000000,-200.000000,11.679412
87,10,185.000000,-200.000000,11.637161
88,10,190.000000,-200.000000,11.594247
89,10,195.000000,-200.000000,11.549836
90,10,200.000000,-200.000000,11.501925
91,10,205.000000,-200.000000,11.454013
92,10,210.000000,-200.000000,11.406102
93,10,215.000000,-200.000000,11.358082
94,10,220.000000,-200.000000,11.309987
95,10,225.000000,-200.000000,11.260437
96,10,230.000000,-200.000000,11.210363
97,10,235.000000,-200.000000,11.160288
98,10,240.000000,-200.000000,11.110216
99,10,245.000000,-200.000000,11.060226
100,10,250.000000,-200.000000,11.010646
0,11,-250.000000,-195.000000,14.594037
1,11,-245.000000,-195.000000,14.568572
2,11,-240.000000,-195.000000,14.543108
3,11,-235.000000,-195.000000,14.517643
4,11,-230.000000,-195.000000,14.493151
5,11,-225.000000,-195.000000,14.469270
6,11,-220.000000,-195.000000,14.445526
7,11,-215.000000,-195.000000,14.421825
8,11,-210.000000,-195.000000,14.398123
9,11,-205.000000,-195.000000,14.374655
10,11,-200.000000,-195.000000,14.355611
11,11,-195.000000,-195.000000,14.336731
12,11,-190.000000,-195.000000,14.318526
13,11,-185.000000,-195.000000,14.300320
14,11,-180.000000,-195.000000,14.282114
15,11,-175.000000,-195.000000,14.264297
16,11,-170.000000,-195.000000,14.246889
17,11,-165.000000,-195.000000,14.229610
18,11,-160.000000,-195.000000,14.212407
19,11,-155.000000,-195.000000,14.195203
20,11,-150.000000,-195.000000,14.177999
21,11,-145.000000,-195.000000,14.155535
22,11,-140.000000,-195.000000,14.132496
23,11,-135.000000,-195.000000,14.107643
24,11,-130.000000,-195.000000,14.082790
25,11,-125.000000,-195.000000,14.057937
26,11,-120.000000,-195.000000,14.030196
27,11,-115.000000,-195.000000,13.997278
28,11,-110.000000,-195.000000,13.962579
29,11,-105.000000,-195.000000,13.926121
30,11,-100.000000,-195.000000,13.889663
31,11,-95.000000,-195.000000,13.853206
32,11,-90.000000,-195.000000,13.813222
33,11,-85.000000,-195.000000,13.772325
34,11,-80.000000,-195.000000,13.729123
35,11,-75.000000,-195.000000,13.685773
36,11,-70.000000,-195.000000,13.642422
37,11,-65.000000,-195.000000,13.599240
38,11,-60.000000,-195.000000,13.556623
39,11,-55.000000,-195.000000,13.514194
40,11,-50.000000,-195.000000,13.472078
41,11,-45.000000,-195.000000,13.429963
42,11,-40.000000,-195.000000,13.387848
43,11,-35.000000,-195.000000,13.347403
44,11,-30.000000,-195.000000,13.307796
45,11,-25.000000,-195.000000,13.269906
46,11,-20.000000,-195.000000,13.232415
47,11,-15.000000,-195.000000,13.194924
48,11,-10.000000,-195.000000,13.157499
49,11,-5.000000,-195.000000,13.120660
50,11,0.000000,-195.000000,13.083988
51,11,5.000000,-195.000000,13.047824
52,11,10.000000,-195.000000,13.011660
53,11,15.000000,-195.000000,12.975495
54,11,20.000000,-195.000000,12.938583
55,11,25.000000,-195.000000,12.901027
56,11,30.000000,-195.000000,12.862265
57,11,35.000000,-195.000000,12.822944
58,11,40.000000,-195.000000,12.783623
59,11,45.000000,-195.000000,12.744302
60,11,50.000000,-195.000000,12.703807
61,11,55.000000,-195.000000,12.663055
62,11,60.000000,-195.000000,12.620643
63,11,65.000000,-195.000000,12.578230
64,11,70.000000,-195.000000,12.535817
65,11,75.000000,-195.000000,12.493528
66,11,80.000000,-195.000000,12.451415
67,11,85.000000,-195.000000,12.409627
68,11,90.000000,-195.000000,12.368099
69,11,95.000000,-195.000000,12.326571
70,11,100.000000,-195.000000,12.285043
71,11,105.000000,-195.000000,12.244309
72,11,110.000000,-195.000000,12.203719
73,11,115.000000,-195.000000,12.165427
74,11,120.000000,-195.000000,12.127155
75,11,125.000000,-195.000000,12.088883
76,11,130.000000,-195.000000,12.050658
77,11,135.000000,-195.000000,12.012553
78,11,140.000000,-195.000000,11.974677
79,11,145.000000,-195.000000,11.937110
80,11,150.000000,-195.000000,11.899542
81,11,155.000000,-195.000000,11.861974
82,11,160.000000,-195.000000,11.823878
83,11,165.000000,-195.000000,11.785575
84,11,170.000000,-195.000000,11.744501
85,11,175.000000,-195.000000,11.702989
86,11,180.000000,-195.000000,11.661477
87,11,185.000000,-195.000000,11.619854
88,11,190.000000,-195.000000,11.577624
89,11,195.000000,-195.000000,11.534024
90,11,200.000000,-195.000000,11.487219
91,11,205.000000,-195.000000,11.440413
92,11,210.000000,-195.000000,11.393608
93,11,215.000000,-195.000000,11.346711
94,11,220.000000,-195.000000,11.299751
95,11,225.000000,-195.000000,11.251561
96,11,230.000000,-195.000000,11.202928
97,11,235.000000,-195.000000,11.154296
98,11,240.000000,-195.000000,11.105666
99,11,245.000000,-195.000000,11.057119
100,11,250.000000,-195.000000,11.008988
0,12,-250.000000,-190.000000,14.554215
1,12,-245.000000,-190.000000,14.529201
2,12,-240.000000,-190.000000,14.504188
3,12,-235.000000,-190.000000,14.479174
4,12,-230.000000,-190.000000,14.455244
5,12,-225.000000,-190.000000,14.431996
6,12,-220.000000,-190.000000,14.408899
7,12,-215.000000,-190.000000,14.385850
8,12,-210.000000,-190.000000,14.362801
9,12,-205.000000,-190.000000,14.339990
10,12,-200.000000,-190.000000,14.321677
11,12,-195.000000,-190.000000,14.303531
12,12,-190.000000,-190.000000,14.286071
13,12,-185.000000,-190.000000,14.268611
14,12,-180.000000,-190.000000,14.251151
15,12,-175.000000,-190.000000,14.234049
16,12,-170.000000,-190.000000,14.217325
17,12,-165.000000,-190.000000,14.200720
18,12,-160.000000,-190.000000,14.184185
19,12,-155.000000,-190.000000,14.167649
20,12,-150.000000,-190.000000,14.151114
21,12,-145.000000,-190.000000,14.129175
22,12,-140.000000,-190.000000,14.106645
23,12,-135.000000,-190.000000,14.082253
24,12,-130.000000,-190.000000,14.057860
25,12,-125.000000,-190.000000,14.033467
26,12,-120.000000,-190.000000,14.006134
27,12,-115.000000,-190.000000,13.973529
28,12,-110.000000,-190.000000,13.939109
29,12,-105.000000,-190.000000,13.902898
30,12,-100.000000,-190.000000,13.866688
31,12,-95.000000,-190.000000,13.830477
32,12,-90.000000,-190.000000,13.790686
33,12,-85.000000,-190.000000,13.749965
34,12,-80.000000,-190.000000,13.706904
35,12,-75.000000,-190.000000,13.663691
36,12,-70.000000,-190.000000,13.620479
37,12,-65.000000,-190.000000,13.577435
38,12,-60.000000,-190.000000,13.534955
39,12,-55.000000,-190.000000,13.492663
40,12,-50.000000,-190.000000,13.450685
41,12,-45.000000,-190.000000,13.408708
42,12,-40.000000,-190.000000,13.366730
43,12,-35.000000,-190.000000,13.326432
44,12,-30.000000,-190.000000,13.286977
45,12,-25.000000,-190.000000,13.249249
46,12,-20.000000,-190.000000,13.211922
47,12,-15.000000,-190.000000,13.174595
48,12,-10.000000,-190.000000,13.137333
49,12,-5.000000,-190.000000,13.100646
50,12,0.000000,-190.000000,13.064122
51,12,5.000000,-190.000000,13.028096
52,12,10.000000,-190.000000,12.992070
53,12,15.000000,-190.000000,12.956045
54,12,20.000000,-190.000000,12.919248
55,12,25.000000,-190.000000,12.881789
56,12,30.000000,-190.000000,12.843087
57,12,35.000000,-190.000000,12.803810
58,12,40.000000,-190.000000,12.764532
59,12,45.000000,-190.000000,12.725255
60,12,50.000000,-190.000000,12.684757
61,12,55.000000,-190.000000,12.643991
62,12,60.000000,-190.000000,12.601499
63,12,65.000000,-190.000000,12.559006
64,12,70.000000,-190.000000,12.516514
65,12,75.000000,-190.000000,12.474133
66,12,80.000000,-190.000000,12.431915
67,12,85.000000,-190.000000,12.389992
68,12,90.000000,-190.000000,12.348307
69,12,95.000000,-190.000000,12.306621
70,12,100.000000,-190.000000,12.264936
71,12,105.000000,-190.000000,12.224059
72,12,110.000000,-190.000000,12.183330
73,12,115.000000,-190.000000,12.144941
74,12,120.000000,-190.000000,12.106573
75,12,125.000000,-190.000000,12.068204
76,12,130.000000,-190.000000,12.029901
77,12,135.000000,-190.000000,11.991763
78,12,140.000000,-190.000000,11.953941
79,12,145.000000,-190.000000,11.916544
80,12,150.000000,-190.000000,11.879147
81,12,155.000000,-190.000000,11.841749
82,12,160.000000,-190.000000,11.803884
83,12,165.000000,-190.000000,11.765835
84,12,170.000000,-190.000000,11.725329
85,12,175.000000,-190.000000,11.684435
86,12,180.000000,-190.000000,11.643541
87,12,185.000000,-190.000000,11.602547
88,12,190.000000,-190.000000,11.561001
89,12,195.000000,-190.000000,11.518212
90,12,200.000000,-190.000000,11.472512
91,12,205.000000,-190.000000,11.426813
92,12,210.000000,-190.000000,11.381114
93,12,215.000000,-190.000000,11.335340
94,12,220.000000,-190.000000,11.289514
95,12,225.000000,-190.000000,11.242684
96,12,230.000000,-190.000000,11.195494
97,12,235.000000,-190.000000,11.148303
98,12,240.000000,-190.000000,11.101115
99,12,245.000000,-190.000000,11.054011
100,12,250.000000,-190.000000,11.007329
0,13,-250.000000,-185.000000,14.516940
1,13,-245.000000,-185.000000,14.492237
2,13,-240.000000,-185.000000,14.467534
3,13,-235.000000,-185.000000,14.442831
4,13,-230.000000,-185.000000,14.419312
5,13,-225.000000,-185.000000,14.396539
6,13,-220.000000,-185.000000,14.373931
7,13,-215.000000,-185.000000,14.351375
8,13,-210.000000,-185.000000,14.328820
9,13,-205.000000,-185.000000,14.306507
10,13,-200.000000,-185.000000,14.288786
11,13,-195.000000,-185.000000,14.271235
12,13,-190.000000,-185.000000,14.254385
13,13,-185.000000,-185.000000,14.237534
14,13,-180.000000,-185.000000,14.220684
15,13,-175.000000,-185.000000,14.204181
16,13,-170.000000,-185.000000,14.188048
17,13,-165.000000,-185.000000,14.172030
18,13,-160.000000,-185.000000,14.156079
19,13,-155.000000,-185.000000,14.140129
20,13,-150.000000,-185.000000,14.124178
21,13,-145.000000,-185.000000,14.102723
22,13,-140.000000,-185.000000,14.080665
23,13,-135.000000,-185.000000,14.056710
24,13,-130.000000,-185.000000,14.032755
25,13,-125.000000,-185.000000,14.008799
26,13,-120.000000,-185.000000,13.981863
27,13,-115.000000,-185.000000,13.949582
28,13,-110.000000,-185.000000,13.915462
29,13,-105.000000,-185.000000,13.879526
30,13,-100.000000,-185.000000,13.843591
31,13,-95.000000,-185.000000,13.807656
32,13,-90.000000,-185.000000,13.768102
33,13,-85.000000,-185.000000,13.727610
34,13,-80.000000,-185.000000,13.684753
35,13,-75.000000,-185.000000,13.641744
36,13,-70.000000,-185.000000,13.598734
37,13,-65.000000,-185.000000,13.555896
38,13,-60.000000,-185.000000,13.513631
39,13,-55.000000,-185.000000,13.471558
40,13,-50.000000,-185.000000,13.429804
41,13,-45.000000,-185.000000,13.388050
42,13,-40.000000,-185.000000,13.346296
43,13,-35.000000,-185.000000,13.306232
44,13,-30.000000,-185.000000,13.267015
45,13,-25.000000,-185.000000,13.229535
46,13,-20.000000,-185.000000,13.192459
47,13,-15.000000,-185.000000,13.155382
48,13,-10.000000,-185.000000,13.118369
49,13,-5.000000,-185.000000,13.081910
50,13,0.000000,-185.000000,13.045610
51,13,5.000000,-185.000000,13.009789
52,13,10.000000,-185.000000,12.973969
53,13,15.000000,-185.000000,12.938149
54,13,20.000000,-185.000000,12.901531
55,13,25.000000,-185.000000,12.864228
56,13,30.000000,-185.000000,12.825639
57,13,35.000000,-185.000000,12.786454
58,13,40.000000,-185.000000,12.747269
59,13,45.000000,-185.000000,12.708084
60,13,50.000000,-185.000000,12.667636
61,13,55.000000,-185.000000,12.626911
62,13,60.000000,-185.000000,12.584399
63,13,65.000000,-185.000000,12.541887
64,13,70.000000,-185.000000,12.499375
65,13,75.000000,-185.000000,12.456971
66,13,80.000000,-185.000000,12.414720
67,13,85.000000,-185.000000,12.372751
68,13,90.000000,-185.000000,12.331009
69,13,95.000000,-185.000000,12.289267
70,13,100.000000,-185.000000,12.247525
71,13,105.000000,-185.000000,12.206611
72,13,110.000000,-185.000000,12.165847
73,13,115.000000,-185.000000,12.127478
74,13,120.000000,-185.000000,12.089130
75,13,125.000000,-185.000000,12.050783
76,13,130.000000,-185.000000,12.012513
77,13,135.000000,-185.000000,11.974443
78,13,140.000000,-185.000000,11.936754
79,13,145.000000,-185.000000,11.899576
80,13,150.000000,-185.000000,11.862398
81,13,155.000000,-185.000000,11.825220
82,13,160.000000,-185.000000,11.787613
83,13,165.000000,-185.000000,11.749837
84,13,170.000000,-185.000000,11.709809
85,13,175.000000,-185.000000,11.669425
86,13,180.000000,-185.000000,11.629041
87,13,185.000000,-185.000000,11.588563
88,13,190.000000,-185.000000,11.547570
89,13,195.000000,-185.000000,11.505414
90,13,200.000000,-185.000000,11.460537
91,13,205.000000,-185.000000,11.415660
92,13,210.000000,-185.000000,11.370784
93,13,215.000000,-185.000000,11.325844
94,13,220.000000,-185.000000,11.280861
95,13,225.000000,-185.000000,11.235031
96,13,230.000000,-185.000000,11.188897
97,13,235.000000,-185.000000,11.142762
98,13,240.000000,-185.000000,11.096630
99,13,245.000000,-185.000000,11.050584
100,13,250.000000,-185.000000,11.004968
0,14,-250.000000,-180.000000,14.479795
1,14,-245.000000,-180.000000,14.455395
2,14,-240.000000,-180.000000,14.430995
3,14,-235.000000,-180.000000,14.406596
4,14,-230.000000,-180.000000,14.383481
5,14,-225.000000,-180.000000,14.361174
6,14,-220.000000,-180.000000,14.339047
7,14,-215.000000,-180.000000,14.316977
8,14,-210.000000,-180.000000,14.294907
9,14,-205.000000,-180.000000,14.273084
10,14,-200.000000,-180.000000,14.255948
11,14,-195.000000,-180.000000,14.238986
12,14,-190.000000,-180.000000,14.222738
13,14,-185.000000,-180.000000,14.206489
14,14,-180.000000,-180.000000,14.190241
15,14,-175.000000,-180.000000,14.174333
16,14,-170.000000,-180.000000,14.158785
17,14,-165.000000,-180.000000,14.143349
18,14,-160.000000,-180.000000,14.127980
19,14,-155.000000,-180.000000,14.112610
20,14,-150.000000,-180.000000,14.097240
21,14,-145.000000,-180.000000,14.076266
22,14,-140.000000,-180.000000,14.054679
23,14,-135.000000,-180.000000,14.031160
24,14,-130.000000,-180.000000,14.007640
25,14,-125.000000,-180.000000,13.984121
26,14,-120.000000,-180.000000,13.957581
27,14,-115.000000,-180.000000,13.925626
28,14,-110.000000,-180.000000,13.891806
29,14,-105.000000,-180.000000,13.856147
30,14,-100.000000,-180.000000,13.820488
31,14,-95.000000,-180.000000,13.784829
32,14,-90.000000,-180.000000,13.745516
33,14,-85.000000,-180.000000,13.705256
34,14,-80.000000,-180.000000,13.662606
35,14,-75.000000,-180.000000,13.619803
36,14,-70.000000,-180.000000,13.576999
37,14,-65.000000,-180.000000,13.534370
38,14,-60.000000,-180.000000,13.492324
39,14,-55.000000,-180.000000,13.450474
40,14,-50.000000,-180.000000,13.408948
41,14,-45.000000,-180.000000,13.367422
42,14,-40.000000,-180.000000,13.325896
43,14,-35.000000,-180.000000,13.286070
44,14,-30.000000,-180.000000,13.247096
45,14,-25.000000,-180.000000,13.209869
46,14,-20.000000,-180.000000,13.173048
47,14,-15.000000,-180.000000,13.136227
48,14,-10.000000,-180.000000,13.099467
49,14,-5.000000,-180.000000,13.063240
50,14,0.000000,-180.000000,13.027166
51,14,5.000000,-180.000000,12.991555
52,14,10.000000,-180.000000,12.955944
53,14,15.000000,-180.000000,12.920333
54,14,20.000000,-180.000000,12.883897
55,14,25.000000,-180.000000,12.846753
56,14,30.000000,-180.000000,12.808279
57,14,35.000000,-180.000000,12.769189
58,14,40.000000,-180.000000,12.730099
59,14,45.000000,-180.000000,12.691009
60,14,50.000000,-180.000000,12.650613
61,14,55.000000,-180.000000,12.609932
62,14,60.000000,-180.000000,12.567404
63,14,65.000000,-180.000000,12.524876
64,14,70.000000,-180.000000,12.482348
65,14,75.000000,-180.000000,12.439922
66,14,80.000000,-180.000000,12.397642
67,14,85.000000,-180.000000,12.355633
68,14,90.000000,-180.000000,12.313839
69,14,95.000000,-180.000000,12.272045
70,14,100.000000,-180.000000,12.230252
71,14,105.000000,-180.000000,12.189305
72,14,110.000000,-180.000000,12.148512
73,14,115.000000,-180.000000,12.110169
74,14,120.000000,-180.000000,12.071848
75,14,125.000000,-180.000000,12.033527
76,14,130.000000,-180.000000,11.995297
77,14,135.000000,-180.000000,11.957300
78,14,140.000000,-180.000000,11.919748
79,14,145.000000,-180.000000,11.882792
80,14,150.000000,-180.000000,11.845836
81,14,155.000000,-180.000000,11.808879
82,14,160.000000,-180.000000,11.771532
83,14,165.000000,-180.000000,11.734030
84,14,170.000000,-180.000000,11.694476
85,14,175.000000,-180.000000,11.654596
86,14,180.000000,-180.000000,11.614716
87,14,185.000000,-180.000000,11.574749
88,14,190.000000,-180.000000,11.534301
89,14,195.000000,-180.000000,11.492769
90,14,200.000000,-180.000000,11.448701
91,14,205.000000,-180.000000,11.404633
92,14,210.000000,-180.000000,11.360564
93,14,215.000000,-180.000000,11.316445
94,14,220.000000,-180.000000,11.272289
95,14,225.000000,-180.000000,11.227440
96,14,230.000000,-180.000000,11.182342
97,14,235.000000,-180.000000,11.137244
98,14,240.000000,-180.000000,11.092149
99,14,245.000000,-180.000000,11.047140
100,14,250.000000,-180.000000,11.002571
0,15,-250.000000,-175.000000,14.442897
1,15,-245.000000,-175.000000,14.418787
2,15,-240.000000,-175.000000,14.394676
3,15,-235.000000,-175.000000,14.370566
4,15,-230.000000,-175.000000,14.347840
5,15,-225.000000,-175.000000,14.325985
6,15,-220.000000,-175.000000,14.304324
7,15,-215.000000,-175.000000,14.282724
8,15,-210.000000,-175.000000,14.261124
9,15,-205.000000,-175.000000,14.239776
10,15,-200.000000,-175.000000,14.223211
11,15,-195.000000,-175.000000,14.206823
12,15,-190.000000,-175.000000,14.191165
13,15,-185.000000,-175.000000,14.175506
14,15,-180.000000,-175.000000,14.159847
15,15,-175.000000,-175.000000,14.144522
16,15,-170.000000,-175.000000,14.129550
17,15,-165.000000,-175.000000,14.114688
18,15,-160.000000,-175.000000,14.099891
19,15,-155.000000,-175.000000,14.085094
20,15,-150.000000,-175.000000,14.070297
21,15,-145.000000,-175.000000,14.049800
22,15,-140.000000,-175.000000,14.028680
23,15,-135.000000,-175.000000,14.005595
24,15,-130.000000,-175.000000,13.982509
25,15,-125.000000,-175.000000,13.959424
26,15,-120.000000,-175.000000,13.933279
27,15,-115.000000,-175.000000,13.901650
28,15,-110.000000,-175.000000,13.868133
29,15,-105.000000,-175.000000,13.832753
30,15,-100.000000,-175.000000,13.797374
31,15,-95.000000,-175.000000,13.761994
32,15,-90.000000,-175.000000,13.722926
33,15,-85.000000,-175.000000,13.682901
34,15,-80.000000,-175.000000,13.640466
35,15,-75.000000,-175.000000,13.597875
36,15,-70.000000,-175.000000,13.555283
37,15,-65.000000,-175.000000,13.512870
38,15,-60.000000,-175.000000,13.471051
39,15,-55.000000,-175.000000,13.429431
40,15,-50.000000,-175.000000,13.388142
41,15,-45.000000,-175.000000,13.346852
42,15,-40.000000,-175.000000,13.305563
43,15,-35.000000,-175.000000,13.265983
44,15,-30.000000,-175.000000,13.227260
45,15,-25.000000,-175.000000,13.190294
46,15,-20.000000,-175.000000,13.153737
47,15,-15.000000,-175.000000,13.117179
48,15,-10.000000,-175.000000,13.080680
49,15,-5.000000,-175.000000,13.044694
50,15,0.000000,-175.000000,13.008854
51,15,5.000000,-175.000000,12.973458
52,15,10.000000,-175.000000,12.938063
53,15,15.000000,-175.000000,12.902667
54,15,20.000000,-175.000000,12.866419
55,15,25.000000,-175.000000,12.829440
56,15,30.000000,-175.000000,12.791086
57,15,35.000000,-175.000000,12.752095
58,15,40.000000,-175.000000,12.713105
59,15,45.000000,-175.000000,12.674115
60,15,50.000000,-175.000000,12.633777
61,15,55.000000,-175.000000,12.593145
62,15,60.000000,-175.000000,12.550606
63,15,65.000000,-175.000000,12.508068
64,15,70.000000,-175.000000,12.465529
65,15,75.000000,-175.000000,12.423088
66,15,80.000000,-175.000000,12.380788
67,15,85.000000,-175.000000,12.338746
68,15,90.000000,-175.000000,12.296910
69,15,95.000000,-175.000000,12.255075
70,15,100.000000,-175.000000,12.213239
71,15,105.000000,-175.000000,12.172269
72,15,110.000000,-175.000000,12.131457
73,15,115.000000,-175.000000,12.093153
74,15,120.000000,-175.000000,12.054870
75,15,125.000000,-175.000000,12.016586
76,15,130.000000,-175.000000,11.978407
77,15,135.000000,-175.000000,11.940493
78,15,140.000000,-175.000000,11.903085
79,15,145.000000,-175.000000,11.866355
80,15,150.000000,-175.000000,11.829625
81,15,155.000000,-175.000000,11.792896
82,15,160.000000,-175.000000,11.755810
83,15,165.000000,-175.000000,11.718585
84,15,170.000000,-175.000000,11.679495
85,15,175.000000,-175.000000,11.640109
86,15,180.000000,-175.000000,11.600723
87,15,185.000000,-175.000000,11.561256
88,15,190.000000,-175.000000,11.521341
89,15,195.000000,-175.000000,11.480416
90,15,200.000000,-175.000000,11.437129
91,15,205.000000,-175.000000,11.393841
92,15,210.000000,-175.000000,11.350554
93,15,215.000000,-175.000000,11.307226
94,15,220.000000,-175.000000,11.263870
95,15,225.000000,-175.000000,11.219968
96,15,230.000000,-175.000000,11.175869
97,15,235.000000,-175.000000,11.131770
98,15,240.000000,-175.000000,11.087673
99,15,245.000000,-175.000000,11.043666
100,15,250.000000,-175.000000,11.000106
0,16,-250.000000,-170.000000,14.405999
1,16,-245.000000,-170.000000,14.382178
2,16,-240.000000,-170.000000,14.358357
3,16,-235.000000,-170.000000,14.334536
4,16,-230.000000,-170.000000,14.312200
5,16,-225.000000,-170.000000,14.290796
6,16,-220.000000,-170.000000,14.269600
7,16,-215.000000,-170.000000,14.248470
8,16,-210.000000,-170.000000,14.227340
9,16,-205.000000,-170.000000,14.206468
10,16,-200.000000,-170.000000,14.190474
11,16,-195.000000,-170.000000,14.174661
12,16,-190.000000,-170.000000,14.159592
13,16,-185.000000,-170.000000,14.144522
14,16,-180.000000,-170.000000,14.129453
15,16,-175.000000,-170.000000,14.114711
16,16,-170.000000,-170.000000,14.100315
17,16,-165.000000,-170.000000,14.086027
18,16,-160.000000,-170.000000,14.071803
19,16,-155.000000,-170.000000,14.057578
20,16,-150.000000,-170.000000,14.043354
21,16,-145.000000,-170.000000,14.023334
22,16,-140.000000,-170.000000,14.002681
23,16,-135.000000,-170.000000,13.980029
24,16,-130.000000,-170.000000,13.957378
25,16,-125.000000,-170.000000,13.934726
26,16,-120.000000,-170.000000,13.908977
27,16,-115.000000,-170.000000,13.877674
28,16,-110.000000,-170.000000,13.844460
29,16,-105.000000,-170.000000,13.809359
30,16,-100.000000,-170.000000,13.774259
31,16,-95.000000,-170.000000,13.739158
32,16,-90.000000,-170.000000,13.700335
33,16,-85.000000,-170.000000,13.660547
34,16,-80.000000,-170.000000,13.618325
35,16,-75.000000,-170.000000,13.575947
36,16,-70.000000,-170.000000,13.533568
37,16,-65.000000,-170.000000,13.491370
38,16,-60.000000,-170.000000,13.449778
39,16,-55.000000,-170.000000,13.408388
40,16,-50.000000,-170.000000,13.367335
41,16,-45.000000,-170.000000,13.326282
42,16,-40.000000,-170.000000,13.285229
43,16,-35.000000,-170.000000,13.245896
44,16,-30.000000,-170.000000,13.207424
45,16,-25.000000,-170.000000,13.170719
46,16,-20.000000,-170.000000,13.134425
47,16,-15.000000,-170.000000,13.098132
48,16,-10.000000,-170.000000,13.061894
49,16,-5.000000,-170.000000,13.026147
50,16,0.000000,-170.000000,12.990541
51,16,5.000000,-170.000000,12.955361
52,16,10.000000,-170.000000,12.920181
53,16,15.000000,-170.000000,12.885001
54,16,20.000000,-170.000000,12.848942
55,16,25.000000,-170.000000,12.812126
56,16,30.000000,-170.000000,12.773893
57,16,35.000000,-170.000000,12.735002
58,16,40.000000,-170.000000,12.696111
59,16,45.000000,-170.000000,12.657221
60,16,50.000000,-170.000000,12.616941
61,16,55.000000,-170.000000,12.576357
62,16,60.000000,-170.000000,12.533808
63,16,65.000000,-170.000000,12.491259
64,16,70.000000,-170.000000,12.448710
65,16,75.000000,-170.000000,12.406255
66,16,80.000000,-170.000000,12.363933
67,16,85.000000,-170.000000,12.321859
68,16,90.000000,-170.000000,12.279981
69,16,95.000000,-170.000000,12.238104
70,16,100.000000,-170.000000,12.196226
71,16,105.000000,-170.000000,12.155234
72,16,110.000000,-170.000000,12.114403
73,16,115.000000,-170.000000,12.076136
74,16,120.000000,-170.000000,12.037891
75,16,125.000000,-170.000000,11.999646
76,16,130.000000,-170.000000,11.961517
77,16,135.000000,-170.000000,11.923686
78,16,140.000000,-170.000000,11.886422
79,16,145.000000,-170.000000,11.849918
80,16,150.000000,-170.000000,11.813415
81,16,155.000000,-170.000000,11.776912
82,16,160.000000,-170.000000,11.740089
83,16,165.000000,-170.000000,11.703140
84,16,170.000000,-170.000000,11.664514
85,16,175.000000,-170.000000,11.625622
86,16,180.000000,-170.000000,11.586730
87,16,185.000000,-170.000000,11.547762
88,16,190.000000,-170.000000,11.508380
89,16,195.000000,-170.000000,11.468063
90,16,200.000000,-170.000000,11.425556
91,16,205.000000,-170.000000,11.383050
92,16,210.000000,-170.000000,11.340544
93,16,215.000000,-170.000000,11.298008
94,16,220.000000,-170.000000,11.255451
95,16,225.000000,-170.000000,11.212495
96,16,230.000000,-170.000000,11.169395
97,16,235.000000,-170.000000,11.126295
98,16,240.000000,-170.000000,11.083198
99,16,245.000000,-170.000000,11.040191
100,16,250.000000,-170.000000,10.997641
0,17,-250.000000,-165.000000,14.369100
1,17,-245.000000,-165.000000,14.345569
2,17,-240.000000,-165.000000,14.322038
3,17,-235.000000,-165.000000,14.298507
4,17,-230.000000,-165.000000,14.276559
5,17,-225.000000,-165.000000,14.255607
6,17,-220.000000,-165.000000,14.234877
7,17,-215.000000,-165.000000,14.214217
8,17,-210.000000,-165.000000,14.193557
9,17,-205.000000,-165.000000,14.173160
10,17,-200.000000,-165.000000,14.157737
11,17,-195.000000,-165.000000,14.142499
12,17,-190.000000,-165.000000,14.128019
13,17,-185.000000,-165.000000,14.113539
14,17,-180.000000,-165.000000,14.099059
15,17,-175.000000,-165.000000,14.084900
16,17,-170.000000,-165.000000,14.071080
17,17,-165.000000,-165.000000,14.057366
18,17,-160.000000,-165.000000,14.043714
19,17,-155.000000,-165.000000,14.030063
20,17,-150.000000,-165.000000,14.016411
21,17,-145.000000,-165.000000,13.996869
22,17,-140.000000,-165.000000,13.976682
23,17,-135.000000,-165.000000,13.954464
24,17,-130.000000,-165.000000,13.932247
25,17,-125.000000,-165.000000,13.910029
26,17,-120.000000,-165.000000,13.884675
27,17,-115.000000,-165.000000,13.853699
28,17,-110.000000,-165.000000,13.820787
29,17,-105.000000,-165.000000,13.785966
30,17,-100.000000,-165.000000,13.751144
31,17,-95.000000,-165.000000,13.716323
32,17,-90.000000,-165.000000,13.677745
33,17,-85.000000,-165.000000,13.638193
34,17,-80.000000,-165.000000,13.596185
35,17,-75.000000,-165.000000,13.554019
36,17,-70.000000,-165.000000,13.511852
37,17,-65.000000,-165.000000,13.469870
38,17,-60.000000,-165.000000,13.428505
39,17,-55.000000,-165.000000,13.387345
40,17,-50.000000,-165.000000,13.346529
41,17,-45.000000,-165.000000,13.305712
42,17,-40.000000,-165.000000,13.264896
43,17,-35.000000,-165.000000,13.225808
44,17,-30.000000,-165.000000,13.187588
45,17,-25.000000,-165.000000,13.151145
46,17,-20.000000,-165.000000,13.115114
47,17,-15.000000,-165.000000,13.079084
48,17,-10.000000,-165.000000,13.043107
49,17,-5.000000,-165.000000,13.007601
50,17,0.000000,-165.000000,12.972229
51,17,5.000000,-165.000000,12.937264
52,17,10.000000,-165.000000,12.902300
53,17,15.000000,-165.000000,12.867336
54,17,20.000000,-165.000000,12.831464
55,17,25.000000,-165.000000,12.794813
56,17,30.000000,-165.000000,12.756700
57,17,35.000000,-165.000000,12.717909
58,17,40.000000,-165.000000,12.679118
59,17,45.000000,-165.000000,12.640327
60,17,50.000000,-165.000000,12.600105
61,17,55.000000,-165.000000,12.559570
62,17,60.000000,-165.000000,12.517011
63,17,65.000000,-165.000000,12.474451
64,17,70.000000,-165.000000,12.431892
65,17,75.000000,-165.000000,12.389421
66,17,80.000000,-165.000000,12.347079
67,17,85.000000,-165.000000,12.304971
68,17,90.000000,-165.000000,12.263052
69,17,95.000000,-165.000000,12.221133
70,17,100.000000,-165.000000,12.179213
71,17,105.000000,-165.000000,12.138199
72,17,110.000000,-165.000000,12.097349
73,17,115.000000,-165.000000,12.059119
74,17,120.000000,-165.000000,12.020912
75,17,125.000000,-165.000000,11.982705
76,17,130.000000,-165.000000,11.944627
77,17,135.000000,-165.000000,11.906878
78,17,140.000000,-165.000000,11.869759
79,17,145.000000,-165.000000,11.833482
80,17,150.000000,-165.000000,11.797205
81,17,155.000000,-165.000000,11.760928
82,17,160.000000,-165.000000,11.724368
83,17,165.000000,-165.000000,11.687695
84,17,170.000000,-165.000000,11.649533
85,17,175.000000,-165.000000,11.611135
86,17,180.000000,-165.000000,11.572737
87,17,185.000000,-165.000000,11.534269
88,17,190.000000,-165.000000,11.495420
89,17,195.000000,-165.000000,11.455710
90,17,200.000000,-165.000000,11.413984
91,17,205.000000,-165.000000,11.372259
92,17,210.000000,-165.000000,11.330533
93,17,215.000000,-165.000000,11.288789
94,17,220.000000,-165.000000,11.247032
95,17,225.000000,-165.000000,11.205022
96,17,230.000000,-165.000000,11.162921
97,17,235.000000,-165.000000,11.120821
98,17,240.000000,-165.000000,11.078722
99,17,245.000000,-165.000000,11.036717
100,17,250.000000,-165.000000,10.995176
0,18,-250.000000,-160.000000,14.325921
1,18,-245.000000,-160.000000,14.302802
2,18,-240.000000,-160.000000,14.279684
3,18,-235.000000,-160.000000,14.256565
4,18,-230.000000,-160.000000,14.235075
5,18,-225.000000,-160.000000,14.214609
6,18,-220.000000,-160.000000,14.194371
7,18,-215.000000,-160.000000,14.174205
8,18,-210.000000,-160.000000,14.154039
9,18,-205.000000,-160.000000,14.134135
10,18,-200.000000,-160.000000,14.119208
11,18,-195.000000,-160.000000,14.104465
12,18,-190.000000,-160.000000,14.090481
13,18,-185.000000,-160.000000,14.076497
14,18,-180.000000,-160.000000,14.062512
15,18,-175.000000,-160.000000,14.048832
16,18,-170.000000,-160.000000,14.035474
17,18,-165.000000,-160.000000,14.022216
18,18,-160.000000,-160.000000,14.009017
19,18,-155.000000,-160.000000,13.995818
20,18,-150.000000,-160.000000,13.982620
21,18,-145.000000,-160.000000,13.963507
22,18,-140.000000,-160.000000,13.943748
23,18,-135.000000,-160.000000,13.921950
24,18,-130.000000,-160.000000,13.900152
25,18,-125.000000,-160.000000,13.878353
26,18,-120.000000,-160.000000,13.853419
27,18,-115.000000,-160.000000,13.822863
28,18,-110.000000,-160.000000,13.790372
29,18,-105.000000,-160.000000,13.755972
30,18,-100.000000,-160.000000,13.721572
31,18,-95.000000,-160.000000,13.687171
32,18,-90.000000,-160.000000,13.649023
33,18,-85.000000,-160.000000,13.609902
34,18,-80.000000,-160.000000,13.568331
35,18,-75.000000,-160.000000,13.526602
36,18,-70.000000,-160.000000,13.484873
37,18,-65.000000,-160.000000,13.443328
38,18,-60.000000,-160.000000,13.402394
39,18,-55.000000,-160.000000,13.361666
40,18,-50.000000,-160.000000,13.321278
41,18,-45.000000,-160.000000,13.280890
42,18,-40.000000,-160.000000,13.240503
43,18,-35.000000,-160.000000,13.201824
44,18,-30.000000,-160.000000,13.164002
45,18,-25.000000,-160.000000,13.127937
46,18,-20.000000,-160.000000,13.092280
47,18,-15.000000,-160.000000,13.056623
48,18,-10.000000,-160.000000,13.021015
49,18,-5.000000,-160.000000,12.985837
50,18,0.000000,-160.000000,12.950782
51,18,5.000000,-160.000000,12.916100
52,18,10.000000,-160.000000,12.881419
53,18,15.000000,-160.000000,12.846737
54,18,20.000000,-160.000000,12.811125
55,18,25.000000,-160.000000,12.774715
56,18,30.000000,-160.000000,12.736806
57,18,35.000000,-160.000000,12.698202
58,18,40.000000,-160.000000,12.659599
59,18,45.000000,-160.000000,12.620995
60,18,50.000000,-160.000000,12.580933
61,18,55.000000,-160.000000,12.540552
62,18,60.000000,-160.000000,12.498107
63,18,65.000000,-160.000000,12.455663
64,18,70.000000,-160.000000,12.413218
65,18,75.000000,-160.000000,12.370858
66,18,80.000000,-160.000000,12.328619
67,18,85.000000,-160.000000,12.286604
68,18,90.000000,-160.000000,12.244768
69,18,95.000000,-160.000000,12.202931
70,18,100.000000,-160.000000,12.161095
71,18,105.000000,-160.000000,12.120171
72,18,110.000000,-160.000000,12.079413
73,18,115.000000,-160.000000,12.041296
74,18,120.000000,-160.000000,12.003202
75,18,125.000000,-160.000000,11.965108
76,18,130.000000,-160.000000,11.927151
77,18,135.000000,-160.000000,11.889542
78,18,140.000000,-160.000000,11.852597
79,18,145.000000,-160.000000,11.816544
80,18,150.000000,-160.000000,11.780491
81,18,155.000000,-160.000000,11.744437
82,18,160.000000,-160.000000,11.708124
83,18,165.000000,-160.000000,11.671709
84,18,170.000000,-160.000000,11.633930
85,18,175.000000,-160.000000,11.595936
86,18,180.000000,-160.000000,11.557942
87,18,185.000000,-160.000000,11.519882
88,18,190.000000,-160.000000,11.481463
89,18,195.000000,-160.000000,11.442233
90,18,200.000000,-160.000000,11.401108
91,18,205.000000,-160.000000,11.359982
92,18,210.000000,-160.000000,11.318856
93,18,215.000000,-160.000000,11.277718
94,18,220.000000,-160.000000,11.236572
95,18,225.000000,-160.000000,11.195264
96,18,230.000000,-160.000000,11.153898
97,18,235.000000,-160.000000,11.112531
98,18,240.000000,-160.000000,11.071168
99,18,245.000000,-160.000000,11.029897
100,18,250.000000,-160.000000,10.989093
0,19,-250.000000,-155.000000,14.281716
1,19,-245.000000,-155.000000,14.259030
2,19,-240.000000,-155.000000,14.236344
3,19,-235.000000,-155.000000,14.213658
4,19,-230.000000,-155.000000,14.192637
5,19,-225.000000,-155.000000,14.172662
6,19,-220.000000,-155.000000,14.152920
7,19,-215.000000,-155.000000,14.133252
8,19,-210.000000,-155.000000,14.113584
9,19,-205.000000,-155.000000,14.094178
10,19,-200.000000,-155.000000,14.079733
11,19,-195.000000,-155.000000,14.065473
12,19,-190.000000,-155.000000,14.051969
13,19,-185.000000,-155.000000,14.038465
14,19,-180.000000,-155.000000,14.024961
15,19,-175.000000,-155.000000,14.011743
16,19,-170.000000,-155.000000,13.998827
17,19,-165.000000,-155.000000,13.986006
18,19,-160.000000,-155.000000,13.973241
19,19,-155.000000,-155.000000,13.960475
20,19,-150.000000,-155.000000,13.947710
21,19,-145.000000,-155.000000,13.929019
22,19,-140.000000,-155.000000,13.909681
23,19,-135.000000,-155.000000,13.888300
24,19,-130.000000,-155.000000,13.866919
25,19,-125.000000,-155.000000,13.845538
26,19,-120.000000,-155.000000,13.821027
27,19,-115.000000,-155.000000,13.790908
28,19,-110.000000,-155.000000,13.758857
29,19,-105.000000,-155.000000,13.724900
30,19,-100.000000,-155.000000,13.690944
31,19,-95.000000,-155.000000,13.656988
32,19,-90.000000,-155.000000,13.619299
33,19,-85.000000,-155.000000,13.580642
34,19,-80.000000,-155.000000,13.539544
35,19,-75.000000,-155.000000,13.498290
36,19,-70.000000,-155.000000,13.457035
37,19,-65.000000,-155.000000,13.415961
38,19,-60.000000,-155.000000,13.375494
39,19,-55.000000,-155.000000,13.335229
40,19,-50.000000,-155.000000,13.295301
41,19,-45.000000,-155.000000,13.255374
42,19,-40.000000,-155.000000,13.215446
43,19,-35.000000,-155.000000,13.177203
44,19,-30.000000,-155.000000,13.139804
45,19,-25.000000,-155.000000,13.104136
46,19,-20.000000,-155.000000,13.068870
47,19,-15.000000,-155.000000,13.033604
48,19,-10.000000,-155.000000,12.998382
49,19,-5.000000,-155.000000,12.963547
50,19,0.000000,-155.000000,12.928823
51,19,5.000000,-155.000000,12.894435
52,19,10.000000,-155.000000,12.860047
53,19,15.000000,-155.000000,12.825659
54,19,20.000000,-155.000000,12.790319
55,19,25.000000,-155.000000,12.754162
56,19,30.000000,-155.000000,12.716471
57,19,35.000000,-155.000000,12.678069
58,19,40.000000,-155.000000,12.639668
59,19,45.000000,-155.000000,12.601266
60,19,50.000000,-155.000000,12.561380
61,19,55.000000,-155.000000,12.521170
62,19,60.000000,-155.000000,12.478860
63,19,65.000000,-155.000000,12.436551
64,19,70.000000,-155.000000,12.394241
65,19,75.000000,-155.000000,12.352011
66,19,80.000000,-155.000000,12.309897
67,19,85.000000,-155.000000,12.267995
68,19,90.000000,-155.000000,12.226262
69,19,95.000000,-155.000000,12.184529
70,19,100.000000,-155.000000,12.142796
71,19,105.000000,-155.000000,12.101980
72,19,110.000000,-155.000000,12.061332
73,19,115.000000,-155.000000,12.023341
74,19,120.000000,-155.000000,11.985373
75,19,125.000000,-155.000000,11.947404
76,19,130.000000,-155.000000,11.909579
77,19,135.000000,-155.000000,11.872118
78,19,140.000000,-155.000000,11.835354
79,19,145.000000,-155.000000,11.799524
80,19,150.000000,-155.000000,11.763694
81,19,155.000000,-155.000000,11.727864
82,19,160.000000,-155.000000,11.691796
83,19,165.000000,-155.000000,11.655635
84,19,170.000000,-155.000000,11.618226
85,19,175.000000,-155.000000,11.580621
86,19,180.000000,-155.000000,11.543015
87,19,185.000000,-155.000000,11.505348
88,19,190.000000,-155.000000,11.467343
89,19,195.000000,-155.000000,11.428574
90,19,200.000000,-155.000000,11.388018
91,19,205.000000,-155.000000,11.347462
92,19,210.000000,-155.000000,11.306907
93,19,215.000000,-155.000000,11.266345
94,19,220.000000,-155.000000,11.225779
95,19,225.000000,-155.000000,11.185133
96,19,230.000000,-155.000000,11.144458
97,19,235.000000,-155.000000,11.103783
98,19,240.000000,-155.000000,11.063110
99,19,245.000000,-155.000000,11.022531
100,19,250.000000,-155.000000,10.982420
0,20,-250.000000,-150.000000,14.236357
1,20,-245.000000,-150.000000,14.214126
2,20,-240.000000,-150.000000,14.191896
3,20,-235.000000,-150.000000,14.169665
4,20,-230.000000,-150.000000,14.149125
5,20,-225.000000,-150.000000,14.129648
6,20,-220.000000,-150.000000,14.110407
7,20,-215.000000,-150.000000,14.091241
8,20,-210.000000,-150.000000,14.072076
9,20,-205.000000,-150.000000,14.053170
10,20,-200.000000,-150.000000,14.039195
11,20,-195.000000,-150.000000,14.025402
12,20,-190.000000,-150.000000,14.012361
13,20,-185.000000,-150.000000,13.999321
14,20,-180.000000,-150.000000,13.986280
15,20,-175.000000,-150.000000,13.973505
16,20,-170.000000,-150.000000,13.961011
17,20,-165.000000,-150.000000,13.948605
18,20,-160.000000,-150.000000,13.936251
19,20,-155.000000,-150.000000,13.923896
20,20,-150.000000,-150.000000,13.911542
21,20,-145.000000,-150.000000,13.893265
22,20,-140.000000,-150.000000,13.874341
23,20,-135.000000,-150.000000,13.853374
24,20,-130.000000,-150.000000,13.832408
25,20,-125.000000,-150.000000,13.811441
26,20,-120.000000,-150.000000,13.787359
27,20,-115.000000,-150.000000,13.757692
28,20,-110.000000,-150.000000,13.726103
29,20,-105.000000,-150.000000,13.692617
30,20,-100.000000,-150.000000,13.659131
31,20,-95.000000,-150.000000,13.625645
32,20,-90.000000,-150.000000,13.588449
33,20,-85.000000,-150.000000,13.550291
34,20,-80.000000,-150.000000,13.509708
35,20,-75.000000,-150.000000,13.468969
36,20,-70.000000,-150.000000,13.428230
37,20,-65.000000,-150.000000,13.387669
38,20,-60.000000,-150.000000,13.347705
39,20,-55.000000,-150.000000,13.307941
40,20,-50.000000,-150.000000,13.268509
41,20,-45.000000,-150.000000,13.229077
42,20,-40.000000,-150.000000,13.189645
43,20,-35.000000,-150.000000,13.151866
44,20,-30.000000,-150.000000,13.114917
45,20,-25.000000,-150.000000,13.079667
46,20,-20.000000,-150.000000,13.044813
47,20,-15.000000,-150.000000,13.009958
48,20,-10.000000,-150.000000,12.975142
49,20,-5.000000,-150.000000,12.940667
50,20,0.000000,-150.000000,12.906289
51,20,5.000000,-150.000000,12.872207
52,20,10.000000,-150.000000,12.838125
53,20,15.000000,-150.000000,12.804043
54,20,20.000000,-150.000000,12.768988
55,20,25.000000,-150.000000,12.733098
56,20,30.000000,-150.000000,12.695640
57,20,35.000000,-150.000000,12.657456
58,20,40.000000,-150.000000,12.619273
59,20,45.000000,-150.000000,12.581089
60,20,50.000000,-150.000000,12.541398
61,20,55.000000,-150.000000,12.501378
62,20,60.000000,-150.000000,12.459227
63,20,65.000000,-150.000000,12.417075
64,20,70.000000,-150.000000,12.374923
65,20,75.000000,-150.000000,12.332847
66,20,80.000000,-150.000000,12.290880
67,20,85.000000,-150.000000,12.249113
68,20,90.000000,-150.000000,12.207507
69,20,95.000000,-150.000000,12.165900
70,20,100.000000,-150.000000,12.124294
71,20,105.000000,-150.000000,12.083608
72,20,110.000000,-150.000000,12.043090
73,20,115.000000,-150.000000,12.005238
74,20,120.000000,-150.000000,11.967409
75,20,125.000000,-150.000000,11.929580
76,20,130.000000,-150.000000,11.891900
77,20,135.000000,-150.000000,11.854598
78,20,140.000000,-150.000000,11.818020
79,20,145.000000,-150.000000,11.782412
80,20,150.000000,-150.000000,11.746805
81,20,155.000000,-150.000000,11.711197
82,20,160.000000,-150.000000,11.675371
83,20,165.000000,-150.000000,11.639461
84,20,170.000000,-150.000000,11.602408
85,20,175.000000,-150.000000,11.565175
86,20,180.000000,-150.000000,11.527942
87,20,185.000000,-150.000000,11.490651
88,20,190.000000,-150.000000,11.453040
89,20,195.000000,-150.000000,11.414708
90,20,200.000000,-150.000000,11.374689
91,20,205.000000,-150.000000,11.334670
92,20,210.000000,-150.000000,11.294651
93,20,215.000000,-150.000000,11.254632
94,20,220.000000,-150.000000,11.214612
95,20,225.000000,-150.000000,11.174582
96,20,230.000000,-150.000000,11.134549
97,20,235.000000,-150.000000,11.094517
98,20,240.000000,-150.000000,11.054487
99,20,245.000000,-150.000000,11.014550
100,20,250.000000,-150.000000,10.975083
0,21,-250.000000,-145.000000,14.190998
1,21,-245.000000,-145.000000,14.169223
2,21,-240.000000,-145.000000,14.147448
3,21,-235.000000,-145.000000,14.125672
4,21,-230.000000,-145.000000,14.105614
5,21,-225.000000,-145.000000,14.086634
6,21,-220.000000,-145.000000,14.067894
7,21,-215.000000,-145.000000,14.049231
8,21,-210.000000,-145.000000,14.030567
9,21,-205.000000,-145.000000,14.012162
10,21,-200.000000,-145.000000,13.998656
11,21,-195.000000,-145.000000,13.985332
12,21,-190.000000,-145.000000,13.972754
13,21,-185.000000,-145.000000,13.960176
14,21,-180.000000,-145.000000,13.947599
15,21,-175.000000,-145.000000,13.935267
16,21,-170.000000,-145.000000,13.923194
17,21,-165.000000,-145.000000,13.911204
18,21,-160.000000,-145.000000,13.899261
19,21,-155.000000,-145.000000,13.887318
20,21,-150.000000,-145.000000,13.875375
21,21,-145.000000,-145.000000,13.857511
22,21,-140.000000,-145.000000,13.839000
23,21,-135.000000,-145.000000,13.818448
24,21,-130.000000,-145.000000,13.797896
25,21,-125.000000,-145.000000,13.777344
26,21,-120.000000,-145.000000,13.753690
27,21,-115.000000,-145.000000,13.724477
28,21,-110.000000,-145.000000,13.693349
29,21,-105.000000,-145.000000,13.660333
30,21,-100.000000,-145.000000,13.627317
31,21,-95.000000,-145.000000,13.594301
32,21,-90.000000,-145.000000,13.557599
33,21,-85.000000,-145.000000,13.519941
34,21,-80.000000,-145.000000,13.479872
35,21,-75.000000,-145.000000,13.439648
36,21,-70.000000,-145.000000,13.399424
37,21,-65.000000,-145.000000,13.359376
38,21,-60.000000,-145.000000,13.319916
39,21,-55.000000,-145.000000,13.280652
40,21,-50.000000,-145.000000,13.241716
41,21,-45.000000,-145.000000,13.202779
42,21,-40.000000,-145.000000,13.163843
43,21,-35.000000,-145.000000,13.126530
44,21,-30.000000,-145.000000,13.090030
45,21,-25.000000,-145.000000,13.055199
46,21,-20.000000,-145.000000,13.020756
47,21,-15.000000,-145.000000,12.986312
48,21,-10.000000,-145.000000,12.951902
49,21,-5.000000,-145.000000,12.917787
50,21,0.000000,-145.000000,12.883755
51,21,5.000000,-145.000000,12.849979
52,21,10.000000,-145.000000,12.816203
53,21,15.000000,-145.000000,12.782426
54,21,20.000000,-145.000000,12.747656
55,21,25.000000,-145.000000,12.712034
56,21,30.000000,-145.000000,12.674809
57,21,35.000000,-145.000000,12.636844
58,21,40.000000,-145.000000,12.598878
59,21,45.000000,-145.000000,12.560912
60,21,50.000000,-145.000000,12.521416
61,21,55.000000,-145.000000,12.481586
62,21,60.000000,-145.000000,12.439593
63,21,65.000000,-145.000000,12.397599
64,21,70.000000,-145.000000,12.355605
65,21,75.000000,-145.000000,12.313683
66,21,80.000000,-145.000000,12.271863
67,21,85.000000,-145.000000,12.230232
68,21,90.000000,-145.000000,12.188752
69,21,95.000000,-145.000000,12.147272
70,21,100.000000,-145.000000,12.105792
71,21,105.000000,-145.000000,12.065235
72,21,110.000000,-145.000000,12.024847
73,21,115.000000,-145.000000,11.987135
74,21,120.000000,-145.000000,11.949445
75,21,125.000000,-145.000000,11.911756
76,21,130.000000,-145.000000,11.874220
77,21,135.000000,-145.000000,11.837078
78,21,140.000000,-145.000000,11.800686
79,21,145.000000,-145.000000,11.765301
80,21,150.000000,-145.000000,11.729915
81,21,155.000000,-145.000000,11.694530
82,21,160.000000,-145.000000,11.658947
83,21,165.000000,-145.000000,11.623287
84,21,170.000000,-145.000000,11.586590
85,21,175.000000,-145.000000,11.549729
86,21,180.000000,-145.000000,11.512868
87,21,185.000000,-145.000000,11.475953
88,21,190.000000,-145.000000,11.438737
89,21,195.000000,-145.000000,11.400842
90,21,200.000000,-145.000000,11.361360
91,21,205.000000,-145.000000,11.321878
92,21,210.000000,-145.000000,11.282396
93,21,215.000000,-145.000000,11.242918
94,21,220.000000,-145.000000,11.203444
95,21,225.000000,-145.000000,11.164031
96,21,230.000000,-145.000000,11.124641
97,21,235.000000,-145.000000,11.085251
98,21,240.000000,-145.000000,11.045863
99,21,245.000000,-145.000000,11.006569
100,21,250.000000,-145.000000,10.967746
0,22,-250.000000,-140.000000,14.145640
1,22,-245.000000,-140.000000,14.124320
2,22,-240.000000,-140.000000,14.103000
3,22,-235.000000,-140.000000,14.081680
4,22,-230.000000,-140.000000,14.062102
5,22,-225.000000,-140.000000,14.043620
6,22,-220.000000,-140.000000,14.025382
7,22,-215.000000,-140.000000,14.007220
8,22,-210.000000,-140.000000,13.989059
9,22,-205.000000,-140.000000,13.971155
10,22,-200.000000,-140.000000,13.958118
11,22,-195.000000,-140.000000,13.945261
12,22,-190.000000,-140.000000,13.933147
13,22,-185.000000,-140.000000,13.921032
14,22,-180.000000,-140.000000,13.908917
15,22,-175.000000,-140.000000,13.897028
16,22,-170.000000,-140.000000,13.885378
17,22,-165.000000,-140.000000,13.873803
18,22,-160.000000,-140.000000,13.862271
19,22,-155.000000,-140.000000,13.850739
20,22,-150.000000,-140.000000,13.839207
21,22,-145.000000,-140.000000,13.821757
22,22,-140.000000,-140.000000,13.803660
23,22,-135.000000,-140.000000,13.783522
24,22,-130.000000,-140.000000,13.763385
25,22,-125.000000,-140.000000,13.743247
26,22,-120.000000,-140.000000,13.720022
27,22,-115.000000,-140.000000,13.691261
28,22,-110.000000,-140.000000,13.660595
29,22,-105.000000,-140.000000,13.628050
30,22,-100.000000,-140.000000,13.595504
31,22,-95.000000,-140.000000,13.562958
32,22,-90.000000,-140.000000,13.526749
33,22,-85.000000,-140.000000,13.489590
34,22,-80.000000,-140.000000,13.450036
35,22,-75.000000,-140.000000,13.410328
36,22,-70.000000,-140.000000,13.370619
37,22,-65.000000,-140.000000,13.331084
38,22,-60.000000,-140.000000,13.292127
39,22,-55.000000,-140.000000,13.253364
40,22,-50.000000,-140.000000,13.214923
41,22,-45.000000,-140.000000,13.176482
42,22,-40.000000,-140.000000,13.138041
43,22,-35.000000,-140.000000,13.101193
44,22,-30.000000,-140.000000,13.065143
45,22,-25.000000,-140.000000,13.030731
46,22,-20.000000,-140.000000,12.996699
47,22,-15.000000,-140.000000,12.962667
48,22,-10.000000,-140.000000,12.928663
49,22,-5.000000,-140.000000,12.894907
50,22,0.000000,-140.000000,12.861221
51,22,5.000000,-140.000000,12.827751
52,22,10.000000,-140.000000,12.794280
53,22,15.000000,-140.000000,12.760810
54,22,20.000000,-140.000000,12.726325
55,22,25.000000,-140.000000,12.690969
56,22,30.000000,-140.000000,12.653979
57,22,35.000000,-140.000000,12.616231
58,22,40.000000,-140.000000,12.578483
59,22,45.000000,-140.000000,12.540734
60,22,50.000000,-140.000000,12.501434
61,22,55.000000,-140.000000,12.461795
62,22,60.000000,-140.000000,12.419959
63,22,65.000000,-140.000000,12.378123
64,22,70.000000,-140.000000,12.336288
65,22,75.000000,-140.000000,12.294519
66,22,80.000000,-140.000000,12.252847
67,22,85.000000,-140.000000,12.211351
68,22,90.000000,-140.000000,12.169997
69,22,95.000000,-140.000000,12.128643
70,22,100.000000,-140.000000,12.087290
71,22,105.000000,-140.000000,12.046863
72,22,110.000000,-140.000000,12.006605
73,22,115.000000,-140.000000,11.969032
74,22,120.000000,-140.000000,11.931482
75,22,125.000000,-140.000000,11.893931
76,22,130.000000,-140.000000,11.856541
77,22,135.000000,-140.000000,11.819557
78,22,140.000000,-140.000000,11.783352
79,22,145.000000,-140.000000,11.748189
80,22,150.000000,-140.000000,11.713026
81,22,155.000000,-140.000000,11.677863
82,22,160.000000,-140.000000,11.642523
83,22,165.000000,-140.000000,11.607113
84,22,170.000000,-140.000000,11.570771
85,22,175.000000,-140.000000,11.534283
86,22,180.000000,-140.000000,11.497795
87,22,185.000000,-140.000000,11.461255
88,22,190.000000,-140.000000,11.424434
89,22,195.000000,-140.000000,11.386976
90,22,200.000000,-140.000000,11.348031
91,22,205.000000,-140.000000,11.309086
92,22,210.000000,-140.000000,11.270140
93,22,215.000000,-140.000000,11.231205
94,22,220.000000,-140.000000,11.192276
95,22,225.000000,-140.000000,11.153481
96,22,230.000000,-140.000000,11.114733
97,22,235.000000,-140.000000,11.075985
98,22,240.000000,-140.000000,11.037240
99,22,245.000000,-140.000000,10.998589
100,22,250.000000,-140.000000,10.960409
0,23,-250.000000,-135.000000,14.093700
1,23,-245.000000,-135.000000,14.072983
2,23,-240.000000,-135.000000,14.052266
3,23,-235.000000,-135.000000,14.031549
4,23,-230.000000,-135.000000,14.012557
5,23,-225.000000,-135.000000,13.994649
6,23,-220.000000,-135.000000,13.976982
7,23,-215.000000,-135.000000,13.959392
8,23,-210.000000,-135.000000,13.941802
9,23,-205.000000,-135.000000,13.924463
10,23,-200.000000,-135.000000,13.911873
11,23,-195.000000,-135.000000,13.899459
12,23,-190.000000,-135.000000,13.887769
13,23,-185.000000,-135.000000,13.876079
14,23,-180.000000,-135.000000,13.864389
15,23,-175.000000,-135.000000,13.852890
16,23,-170.000000,-135.000000,13.841594
17,23,-165.000000,-135.000000,13.830362
18,23,-160.000000,-135.000000,13.819167
19,23,-155.000000,-135.000000,13.807971
20,23,-150.000000,-135.000000,13.796776
21,23,-145.000000,-135.000000,13.779717
22,23,-140.000000,-135.000000,13.762017
23,23,-135.000000,-135.000000,13.742296
24,23,-130.000000,-135.000000,13.722574
25,23,-125.000000,-135.000000,13.702852
26,23,-120.000000,-135.000000,13.680088
27,23,-115.000000,-135.000000,13.651869
28,23,-110.000000,-135.000000,13.621772
29,23,-105.000000,-135.000000,13.589823
30,23,-100.000000,-135.000000,13.557874
31,23,-95.000000,-135.000000,13.525924
32,23,-90.000000,-135.000000,13.490369
33,23,-85.000000,-135.000000,13.453879
34,23,-80.000000,-135.000000,13.415032
35,23,-75.000000,-135.000000,13.376033
36,23,-70.000000,-135.000000,13.337034
37,23,-65.000000,-135.000000,13.298201
38,23,-60.000000,-135.000000,13.259924
39,23,-55.000000,-135.000000,13.221833
40,23,-50.000000,-135.000000,13.184051
41,23,-45.000000,-135.000000,13.146269
42,23,-40.000000,-135.000000,13.108488
43,23,-35.000000,-135.000000,13.072242
44,23,-30.000000,-135.000000,13.036766
45,23,-25.000000,-135.000000,13.002868
46,23,-20.000000,-135.000000,12.969338
47,23,-15.000000,-135.000000,12.935807
48,23,-10.000000,-135.000000,12.902298
49,23,-5.000000,-135.000000,12.868971
50,23,0.000000,-135.000000,12.835697
51,23,5.000000,-135.000000,12.802581
52,23,10.000000,-135.000000,12.769465
53,23,15.000000,-135.000000,12.736349
54,23,20.000000,-135.000000,12.702201
55,23,25.000000,-135.000000,12.667166
56,23,30.000000,-135.000000,12.630465
57,23,35.000000,-135.000000,12.592994
58,23,40.000000,-135.000000,12.555522
59,23,45.000000,-135.000000,12.518050
60,23,50.000000,-135.000000,12.479011
61,23,55.000000,-135.000000,12.439628
62,23,60.000000,-135.000000,12.398028
63,23,65.000000,-135.000000,12.356427
64,23,70.000000,-135.000000,12.314826
65,23,75.000000,-135.000000,12.273286
66,23,80.000000,-135.000000,12.231833
67,23,85.000000,-135.000000,12.190540
68,23,90.000000,-135.000000,12.149374
69,23,95.000000,-135.000000,12.108209
70,23,100.000000,-135.000000,12.067043
71,23,105.000000,-135.000000,12.026797
72,23,110.000000,-135.000000,11.986717
73,23,115.000000,-135.000000,11.949299
74,23,120.000000,-135.000000,11.911904
75,23,125.000000,-135.000000,11.874508
76,23,130.000000,-135.000000,11.837275
77,23,135.000000,-135.000000,11.800455
78,23,140.000000,-135.000000,11.764424
79,23,145.000000,-135.000000,11.729452
80,23,150.000000,-135.000000,11.694480
81,23,155.000000,-135.000000,11.659507
82,23,160.000000,-135.000000,11.624373
83,23,165.000000,-135.000000,11.589176
84,23,170.000000,-135.000000,11.553129
85,23,175.000000,-135.000000,11.516948
86,23,180.000000,-135.000000,11.480767
87,23,185.000000,-135.000000,11.444538
88,23,190.000000,-135.000000,11.408041
89,23,195.000000,-135.000000,11.370942
90,23,200.000000,-135.000000,11.332432
91,23,205.000000,-135.000000,11.293923
92,23,210.000000,-135.000000,11.255413
93,23,215.000000,-135.000000,11.216916
94,23,220.000000,-135.000000,11.178428
95,23,225.000000,-135.000000,11.140110
96,23,230.000000,-135.000000,11.101853
97,23,235.000000,-135.000000,11.063596
98,23,240.000000,-135.000000,11.025341
99,23,245.000000,-135.000000,10.987180
100,23,250.000000,-135.000000,10.949484
0,24,-250.000000,-130.000000,14.039870
1,24,-245.000000,-130.000000,14.019799
2,24,-240.000000,-130.000000,13.999728
3,24,-235.000000,-130.000000,13.979657
4,24,-230.000000,-130.000000,13.961281
5,24,-225.000000,-130.000000,13.943969
6,24,-220.000000,-130.000000,13.926894
7,24,-215.000000,-130.000000,13.909895
8,24,-210.000000,-130.000000,13.892895
9,24,-205.000000,-130.000000,13.876139
10,24,-200.000000,-130.000000,13.863990
11,24,-195.000000,-130.000000,13.852011
12,24,-190.000000,-130.000000,13.840734
13,24,-185.000000,-130.000000,13.829458
14,24,-180.000000,-130.000000,13.818182
15,24,-175.000000,-130.000000,13.807059
16,24,-170.000000,-130.000000,13.796098
17,24,-165.000000,-130.000000,13.785188
18,24,-160.000000,-130.000000,13.774308
19,24,-155.000000,-130.000000,13.763427
20,24,-150.000000,-130.000000,13.752547
21,24,-145.000000,-130.000000,13.735873
22,24,-140.000000,-130.000000,13.718566
23,24,-135.000000,-130.000000,13.699260
24,24,-130.000000,-130.000000,13.679955
25,24,-125.000000,-130.000000,13.660650
26,24,-120.000000,-130.000000,13.638356
27,24,-115.000000,-130.000000,13.610704
28,24,-110.000000,-130.000000,13.581207
29,24,-105.000000,-130.000000,13.549891
30,24,-100.000000,-130.000000,13.518574
31,24,-95.000000,-130.000000,13.487257
32,24,-90.000000,-130.000000,13.452403
33,24,-85.000000,-130.000000,13.416631
34,24,-80.000000,-130.000000,13.378545
35,24,-75.000000,-130.000000,13.340311
36,24,-70.000000,-130.000000,13.302077
37,24,-65.000000,-130.000000,13.264001
38,24,-60.000000,-130.000000,13.226454
39,24,-55.000000,-130.000000,13.189084
40,24,-50.000000,-130.000000,13.152009
41,24,-45.000000,-130.000000,13.114933
42,24,-40.000000,-130.000000,13.077858
43,24,-35.000000,-130.000000,13.042253
44,24,-30.000000,-130.000000,13.007387
45,24,-25.000000,-130.000000,12.974032
46,24,-20.000000,-130.000000,12.941029
47,24,-15.000000,-130.000000,12.908026
48,24,-10.000000,-130.000000,12.875036
49,24,-5.000000,-130.000000,12.842158
50,24,0.000000,-130.000000,12.809314
51,24,5.000000,-130.000000,12.776567
52,24,10.000000,-130.000000,12.743820
53,24,15.000000,-130.000000,12.711073
54,24,20.000000,-130.000000,12.677275
55,24,25.000000,-130.000000,12.642576
56,24,30.000000,-130.000000,12.606182
57,24,35.000000,-130.000000,12.569003
58,24,40.000000,-130.000000,12.531825
59,24,45.000000,-130.000000,12.494646
60,24,50.000000,-130.000000,12.455886
61,24,55.000000,-130.000000,12.416780
62,24,60.000000,-130.000000,12.375437
63,24,65.000000,-130.000000,12.334093
64,24,70.000000,-130.000000,12.292750
65,24,75.000000,-130.000000,12.251460
66,24,80.000000,-130.000000,12.210246
67,24,85.000000,-130.000000,12.169174
68,24,90.000000,-130.000000,12.128215
69,24,95.000000,-130.000000,12.087255
70,24,100.000000,-130.000000,12.046296
71,24,105.000000,-130.000000,12.006244
72,24,110.000000,-130.000000,11.966358
73,24,115.000000,-130.000000,11.929099
74,24,120.000000,-130.000000,11.891863
75,24,125.000000,-130.000000,11.854626
76,24,130.000000,-130.000000,11.817554
77,24,135.000000,-130.000000,11.780898
78,24,140.000000,-130.000000,11.745039
79,24,145.000000,-130.000000,11.710249
80,24,150.000000,-130.000000,11.675458
81,24,155.000000,-130.000000,11.640667
82,24,160.000000,-130.000000,11.605729
83,24,165.000000,-130.000000,11.570733
84,24,170.000000,-130.000000,11.534963
85,24,175.000000,-130.000000,11.499071
86,24,180.000000,-130.000000,11.463179
87,24,185.000000,-130.000000,11.427240
88,24,190.000000,-130.000000,11.391048
89,24,195.000000,-130.000000,11.354284
90,24,200.000000,-130.000000,11.316182
91,24,205.000000,-130.000000,11.278079
92,24,210.000000,-130.000000,11.239977
93,24,215.000000,-130.000000,11.201889
94,24,220.000000,-130.000000,11.163811
95,24,225.000000,-130.000000,11.125930
96,24,230.000000,-130.000000,11.088120
97,24,235.000000,-130.000000,11.050310
98,24,240.000000,-130.000000,11.012503
99,24,245.000000,-130.000000,10.974787
100,24,250.000000,-130.000000,10.937530
0,25,-250.000000,-125.000000,13.983949
1,25,-245.000000,-125.000000,13.964570
2,25,-240.000000,-125.000000,13.945192
3,25,-235.000000,-125.000000,13.925814
4,25,-230.000000,-125.000000,13.908086
5,25,-225.000000,-125.000000,13.891394
6,25,-220.000000,-125.000000,13.874934
7,25,-215.000000,-125.000000,13.858547
8,25,-210.000000,-125.000000,13.842160
9,25,-205.000000,-125.000000,13.826008
10,25,-200.000000,-125.000000,13.814292
11,25,-195.000000,-125.000000,13.802741
12,25,-190.000000,-125.000000,13.791866
13,25,-185.000000,-125.000000,13.780991
14,25,-180.000000,-125.000000,13.770116
15,25,-175.000000,-125.000000,13.759351
16,25,-170.000000,-125.000000,13.748704
17,25,-165.000000,-125.000000,13.738094
18,25,-160.000000,-125.000000,13.727505
19,25,-155.000000,-125.000000,13.716916
20,25,-150.000000,-125.000000,13.706327
21,25,-145.000000,-125.000000,13.690031
22,25,-140.000000,-125.000000,13.673110
23,25,-135.000000,-125.000000,13.654222
24,25,-130.000000,-125.000000,13.635334
25,25,-125.000000,-125.000000,13.616446
26,25,-120.000000,-125.000000,13.594632
27,25,-115.000000,-125.000000,13.567575
28,25,-110.000000,-125.000000,13.538712
29,25,-105.000000,-125.000000,13.508069
30,25,-100.000000,-125.000000,13.477425
31,25,-95.000000,-125.000000,13.446781
32,25,-90.000000,-125.000000,13.412678
33,25,-85.000000,-125.000000,13.377678
34,25,-80.000000,-125.000000,13.340416
35,25,-75.000000,-125.000000,13.303008
36,25,-70.000000,-125.000000,13.265600
37,25,-65.000000,-125.000000,13.228341
38,25,-60.000000,-125.000000,13.191580
39,25,-55.000000,-125.000000,13.154986
40,25,-50.000000,-125.000000,13.118669
41,25,-45.000000,-125.000000,13.082352
42,25,-40.000000,-125.000000,13.046035
43,25,-35.000000,-125.000000,13.011116
44,25,-30.000000,-125.000000,12.976898
45,25,-25.000000,-125.000000,12.944117
46,25,-20.000000,-125.000000,12.911670
47,25,-15.000000,-125.000000,12.879223
48,25,-10.000000,-125.000000,12.846780
49,25,-5.000000,-125.000000,12.814374
50,25,0.000000,-125.000000,12.781980
51,25,5.000000,-125.000000,12.749617
52,25,10.000000,-125.000000,12.717255
53,25,15.000000,-125.000000,12.684893
54,25,20.000000,-125.000000,12.651462
55,25,25.000000,-125.000000,12.617115
56,25,30.000000,-125.000000,12.581045
57,25,35.000000,-125.000000,12.544179
58,25,40.000000,-125.000000,12.507312
59,25,45.000000,-125.000000,12.470445
60,25,50.000000,-125.000000,12.431985
61,25,55.000000,-125.000000,12.393178
62,25,60.000000,-125.000000,12.352115
63,25,65.000000,-125.000000,12.311053
64,25,70.000000,-125.000000,12.269991
65,25,75.000000,-125.000000,12.228975
66,25,80.000000,-125.000000,12.188024
67,25,85.000000,-125.000000,12.147194
68,25,90.000000,-125.000000,12.106461
69,25,95.000000,-125.000000,12.065727
70,25,100.000000,-125.000000,12.024994
71,25,105.000000,-125.000000,11.985153
72,25,110.000000,-125.000000,11.945475
73,25,115.000000,-125.000000,11.908380
74,25,120.000000,-125.000000,11.871308
75,25,125.000000,-125.000000,11.834236
76,25,130.000000,-125.000000,11.797328
77,25,135.000000,-125.000000,11.760838
78,25,140.000000,-125.000000,11.725148
79,25,145.000000,-125.000000,11.690529
80,25,150.000000,-125.000000,11.655910
81,25,155.000000,-125.000000,11.621291
82,25,160.000000,-125.000000,11.586537
83,25,165.000000,-125.000000,11.551730
84,25,170.000000,-125.000000,11.516218
85,25,175.000000,-125.000000,11.480593
86,25,180.000000,-125.000000,11.444969
87,25,185.000000,-125.000000,11.409301
88,25,190.000000,-125.000000,11.373391
89,25,195.000000,-125.000000,11.336937
90,25,200.000000,-125.000000,11.299210
91,25,205.000000,-125.000000,11.261482
92,25,210.000000,-125.000000,11.223754
93,25,215.000000,-125.000000,11.186042
94,25,220.000000,-125.000000,11.148342
95,25,225.000000,-125.000000,11.110854
96,25,230.000000,-125.000000,11.073443
97,25,235.000000,-125.000000,11.036032
98,25,240.000000,-125.000000,10.998623
99,25,245.000000,-125.000000,10.961304
100,25,250.000000,-125.000000,10.924435
0,26,-250.000000,-120.000000,13.928027
1,26,-245.000000,-120.000000,13.909341
2,26,-240.000000,-120.000000,13.890656
3,26,-235.000000,-120.000000,13.871970
4,26,-230.000000,-120.000000,13.854890
5,26,-225.000000,-120.000000,13.838820
6,26,-220.000000,-120.000000,13.822974
7,26,-215.000000,-120.000000,13.807200
8,26,-210.000000,-120.000000,13.791426
9,26,-205.000000,-120.000000,13.775877
10,26,-200.000000,-120.000000,13.764594
11,26,-195.000000,-120.000000,13.753470
12,26,-190.000000,-120.000000,13.742997
13,26,-185.000000,-120.000000,13.732523
14,26,-180.000000,-120.000000,13.722050
15,26,-175.000000,-120.000000,13.711644
16,26,-170.000000,-120.000000,13.701311
17,26,-165.000000,-120.000000,13.691000
18,26,-160.000000,-120.000000,13.680702
19,26,-155.000000,-120.000000,13.670404
20,26,-150.000000,-120.000000,13.660106
21,26,-145.000000,-120.000000,13.644188
22,26,-140.000000,-120.000000,13.627655
23,26,-135.000000,-120.000000,13.609184
24,26,-130.000000,-120.000000,13.590712
25,26,-125.000000,-120.000000,13.572241
26,26,-120.000000,-120.000000,13.550908
27,26,-115.000000,-120.000000,13.524446
28,26,-110.000000,-120.000000,13.496217
29,26,-105.000000,-120.000000,13.466247
30,26,-100.000000,-120.000000,13.436276
31,26,-95.000000,-120.000000,13.406305
32,26,-90.000000,-120.000000,13.372953
33,26,-85.000000,-120.000000,13.338725
34,26,-80.000000,-120.000000,13.302286
35,26,-75.000000,-120.000000,13.265705
36,26,-70.000000,-120.000000,13.229123
37,26,-65.000000,-120.000000,13.192682
38,26,-60.000000,-120.000000,13.156707
39,26,-55.000000,-120.000000,13.120888
40,26,-50.000000,-120.000000,13.085329
41,26,-45.000000,-120.000000,13.049771
42,26,-40.000000,-120.000000,13.014212
43,26,-35.000000,-120.000000,12.979978
44,26,-30.000000,-120.000000,12.946409
45,26,-25.000000,-120.000000,12.914201
46,26,-20.000000,-120.000000,12.882311
47,26,-15.000000,-120.000000,12.850420
48,26,-10.000000,-120.000000,12.818524
49,26,-5.000000,-120.000000,12.786591
50,26,0.000000,-120.000000,12.754646
51,26,5.000000,-120.000000,12.722668
52,26,10.000000,-120.000000,12.690690
53,26,15.000000,-120.000000,12.658712
54,26,20.000000,-120.000000,12.625649
55,26,25.000000,-120.000000,12.591654
56,26,30.000000,-120.000000,12.555909
57,26,35.000000,-120.000000,12.519354
58,26,40.000000,-120.000000,12.482799
59,26,45.000000,-120.000000,12.446244
60,26,50.000000,-120.000000,12.408085
61,26,55.000000,-120.000000,12.369575
62,26,60.000000,-120.000000,12.328794
63,26,65.000000,-120.000000,12.288014
64,26,70.000000,-120.000000,12.247233
65,26,75.000000,-120.000000,12.206491
66,26,80.000000,-120.000000,12.165803
67,26,85.000000,-120.000000,12.125215
68,26,90.000000,-120.000000,12.084707
69,26,95.000000,-120.000000,12.044200
70,26,100.000000,-120.000000,12.003692
71,26,105.000000,-120.000000,11.964062
72,26,110.000000,-120.000000,11.924592
73,26,115.000000,-120.000000,11.887662
74,26,120.000000,-120.000000,11.850754
75,26,125.000000,-120.000000,11.813846
76,26,130.000000,-120.000000,11.777103
77,26,135.000000,-120.000000,11.740779
78,26,140.000000,-120.000000,11.705257
79,26,145.000000,-120.000000,11.670809
80,26,150.000000,-120.000000,11.636361
81,26,155.000000,-120.000000,11.601914
82,26,160.000000,-120.000000,11.567344
83,26,165.000000,-120.000000,11.532727
84,26,170.000000,-120.000000,11.497472
85,26,175.000000,-120.000000,11.462115
86,26,180.000000,-120.000000,11.426759
87,26,185.000000,-120.000000,11.391361
88,26,190.000000,-120.000000,11.355734
89,26,195.000000,-120.000000,11.319590
90,26,200.000000,-120.000000,11.282237
91,26,205.000000,-120.000000,11.244885
92,26,210.000000,-120.000000,11.207532
93,26,215.000000,-120.000000,11.170196
94,26,220.000000,-120.000000,11.132872
95,26,225.000000,-120.000000,11.095778
96,26,230.000000,-120.000000,11.058765
97,26,235.000000,-120.000000,11.021753
98,26,240.000000,-120.000000,10.984744
99,26,245.000000,-120.000000,10.947822
100,26,250.000000,-120.000000,10.911340
0,27,-250.000000,-115.000000,13.872105
1,27,-245.000000,-115.000000,13.854112
2,27,-240.000000,-115.000000,13.836119
3,27,-235.000000,-115.000000,13.818127
4,27,-230.000000,-115.000000,13.801695
5,27,-225.000000,-115.000000,13.786246
6,27,-220.000000,-115.000000,13.771015
7,27,-215.000000,-115.000000,13.755853
8,27,-210.000000,-115.000000,13.740691
9,27,-205.000000,-115.000000,13.725745
10,27,-200.000000,-115.000000,13.714897
11,27,-195.000000,-115.000000,13.704200
12,27,-190.000000,-115.000000,13.694128
13,27,-185.000000,-115.000000,13.684056
14,27,-180.000000,-115.000000,13.673984
15,27,-175.000000,-115.000000,13.663937
16,27,-170.000000,-115.000000,13.653917
17,27,-165.000000,-115.000000,13.643906
18,27,-160.000000,-115.000000,13.633899
19,27,-155.000000,-115.000000,13.623893
20,27,-150.000000,-115.000000,13.613886
21,27,-145.000000,-115.000000,13.598345
22,27,-140.000000,-115.000000,13.582199
23,27,-135.000000,-115.000000,13.564145
24,27,-130.000000,-115.000000,13.546091
25,27,-125.000000,-115.000000,13.528037
26,27,-120.000000,-115.000000,13.507185
27,27,-115.000000,-115.000000,13.481317
28,27,-110.000000,-115.000000,13.453723
29,27,-105.000000,-115.000000,13.424425
30,27,-100.000000,-115.000000,13.395127
31,27,-95.000000,-115.000000,13.365829
32,27,-90.000000,-115.000000,13.333229
33,27,-85.000000,-115.000000,13.299772
34,27,-80.000000,-115.000000,13.264156
35,27,-75.000000,-115.000000,13.228401
36,27,-70.000000,-115.000000,13.192646
37,27,-65.000000,-115.000000,13.157022
38,27,-60.000000,-115.000000,13.121833
39,27,-55.000000,-115.000000,13.086790
40,27,-50.000000,-115.000000,13.051990
41,27,-45.000000,-115.000000,13.017190
42,27,-40.000000,-115.000000,12.982389
43,27,-35.000000,-115.000000,12.948841
44,27,-30.000000,-115.000000,12.915920
45,27,-25.000000,-115.000000,12.884286
46,27,-20.000000,-115.000000,12.852951
47,27,-15.000000,-115.000000,12.821616
48,27,-10.000000,-115.000000,12.790269
49,27,-5.000000,-115.000000,12.758807
50,27,0.000000,-115.000000,12.727312
51,27,5.000000,-115.000000,12.695718
52,27,10.000000,-115.000000,12.664125
53,27,15.000000,-115.000000,12.632531
54,27,20.000000,-115.000000,12.599835
55,27,25.000000,-115.000000,12.566193
56,27,30.000000,-115.000000,12.530773
57,27,35.000000,-115.000000,12.494530
58,27,40.000000,-115.000000,12.458286
59,27,45.000000,-115.000000,12.422043
60,27,50.000000,-115.000000,12.384184
61,27,55.000000,-115.000000,12.345972
62,27,60.000000,-115.000000,12.305473
63,27,65.000000,-115.000000,12.264974
64,27,70.000000,-115.000000,12.224475
65,27,75.000000,-115.000000,12.184006
66,27,80.000000,-115.000000,12.143581
67,27,85.000000,-115.000000,12.103236
68,27,90.000000,-115.000000,12.062954
69,27,95.000000,-115.000000,12.022672
70,27,100.000000,-115.000000,11.982390
71,27,105.000000,-115.000000,11.942971
72,27,110.000000,-115.000000,11.903709
73,27,115.000000,-115.000000,11.866943
74,27,120.000000,-115.000000,11.830200
75,27,125.000000,-115.000000,11.793456
76,27,130.000000,-115.000000,11.756877
77,27,135.000000,-115.000000,11.720719
78,27,140.000000,-115.000000,11.685365
79,27,145.000000,-115.000000,11.651089
80,27,150.000000,-115.000000,11.616813
81,27,155.000000,-115.000000,11.582537
82,27,160.000000,-115.000000,11.548152
83,27,165.000000,-115.000000,11.513724
84,27,170.000000,-115.000000,11.478726
85,27,175.000000,-115.000000,11.443638
86,27,180.000000,-115.000000,11.408549
87,27,185.000000,-115.000000,11.373422
88,27,190.000000,-115.000000,11.338077
89,27,195.000000,-115.000000,11.302243
90,27,200.000000,-115.000000,11.265265
91,27,205.000000,-115.000000,11.228287
92,27,210.000000,-115.000000,11.191310
93,27,215.000000,-115.000000,11.154350
94,27,220.000000,-115.000000,11.117403
95,27,225.000000,-115.000000,11.080701
96,27,230.000000,-115.000000,11.044088
97,27,235.000000,-115.000000,11.007475
98,27,240.000000,-115.000000,10.970864
99,27,245.000000,-115.000000,10.934339
100,27,250.000000,-115.000000,10.898245
0,28,-250.000000,-110.000000,13.814922
1,28,-245.000000,-110.000000,13.797640
2,28,-240.000000,-110.000000,13.780358
3,28,-235.000000,-110.000000,13.763077
4,28,-230.000000,-110.000000,13.747309
5,28,-225.000000,-110.000000,13.732493
6,28,-220.000000,-110.000000,13.717888
7,28,-215.000000,-110.000000,13.703351
8,28,-210.000000,-110.000000,13.688814
9,28,-205.000000,-110.000000,13.674484
10,28,-200.000000,-110.000000,13.664072
11,28,-195.000000,-110.000000,13.653806
12,28,-190.000000,-110.000000,13.644138
13,28,-185.000000,-110.000000,13.634469
14,28,-180.000000,-110.000000,13.624800
15,28,-175.000000,-110.000000,13.615114
16,28,-170.000000,-110.000000,13.605407
17,28,-165.000000,-110.000000,13.595695
18,28,-160.000000,-110.000000,13.585979
19,28,-155.000000,-110.000000,13.576264
20,28,-150.000000,-110.000000,13.566548
21,28,-145.000000,-110.000000,13.551392
22,28,-140.000000,-110.000000,13.535642
23,28,-135.000000,-110.000000,13.518016
24,28,-130.000000,-110.000000,13.500390
25,28,-125.000000,-110.000000,13.482764
26,28,-120.000000,-110.000000,13.462410
27,28,-115.000000,-110.000000,13.437164
28,28,-110.000000,-110.000000,13.410234
29,28,-105.000000,-110.000000,13.381643
30,28,-100.000000,-110.000000,13.353052
31,28,-95.000000,-110.000000,13.324461
32,28,-90.000000,-110.000000,13.292657
33,28,-85.000000,-110.000000,13.260020
34,28,-80.000000,-110.000000,13.225282
35,28,-75.000000,-110.000000,13.190409
36,28,-70.000000,-110.000000,13.155536
37,28,-65.000000,-110.000000,13.120785
38,28,-60.000000,-110.000000,13.086442
39,28,-55.000000,-110.000000,13.052236
40,28,-50.000000,-110.000000,13.018257
41,28,-45.000000,-110.000000,12.984278
42,28,-40.000000,-110.000000,12.950299
43,28,-35.000000,-110.000000,12.917495
44,28,-30.000000,-110.000000,12.885280
45,28,-25.000000,-110.000000,12.854273
46,28,-20.000000,-110.000000,12.823546
47,28,-15.000000,-110.000000,12.792819
48,28,-10.000000,-110.000000,12.762069
49,28,-5.000000,-110.000000,12.731119
50,28,0.000000,-110.000000,12.700111
51,28,5.000000,-110.000000,12.668930
52,28,10.000000,-110.000000,12.637748
53,28,15.000000,-110.000000,12.606566
54,28,20.000000,-110.000000,12.574258
55,28,25.000000,-110.000000,12.540984
56,28,30.000000,-110.000000,12.505895
57,28,35.000000,-110.000000,12.469965
58,28,40.000000,-110.000000,12.434035
59,28,45.000000,-110.000000,12.398105
60,28,50.000000,-110.000000,12.360541
61,28,55.000000,-110.000000,12.322620
62,28,60.000000,-110.000000,12.282388
63,28,65.000000,-110.000000,12.242155
64,28,70.000000,-110.000000,12.201923
65,28,75.000000,-110.000000,12.161712
66,28,80.000000,-110.000000,12.121532
67,28,85.000000,-110.000000,12.081409
68,28,90.000000,-110.000000,12.041332
69,28,95.000000,-110.000000,12.001255
70,28,100.000000,-110.000000,11.961179
71,28,105.000000,-110.000000,11.921949
72,28,110.000000,-110.000000,11.882873
73,28,115.000000,-110.000000,11.846249
74,28,120.000000,-110.000000,11.809646
75,28,125.000000,-110.000000,11.773044
76,28,130.000000,-110.000000,11.736606
77,28,135.000000,-110.000000,11.700590
78,28,140.000000,-110.000000,11.665378
79,28,145.000000,-110.000000,11.631244
80,28,150.000000,-110.000000,11.597110
81,28,155.000000,-110.000000,11.562976
82,28,160.000000,-110.000000,11.528745
83,28,165.000000,-110.000000,11.494475
84,28,170.000000,-110.000000,11.459692
85,28,175.000000,-110.000000,11.424828
86,28,180.000000,-110.000000,11.389964
87,28,185.000000,-110.000000,11.355062
88,28,190.000000,-110.000000,11.319953
89,28,195.000000,-110.000000,11.284377
90,28,200.000000,-110.000000,11.247709
91,28,205.000000,-110.000000,11.211040
92,28,210.000000,-110.000000,11.174371
93,28,215.000000,-110.000000,11.137720
94,28,220.000000,-110.000000,11.101082
95,28,225.000000,-110.000000,11.064691
96,28,230.000000,-110.000000,11.028389
97,28,235.000000,-110.000000,10.992087
98,28,240.000000,-110.000000,10.955787
99,28,245.000000,-110.000000,10.919571
100,28,250.000000,-110.000000,10.883776
0,29,-250.000000,-105.000000,13.757205
1,29,-245.000000,-105.000000,13.740642
2,29,-240.000000,-105.000000,13.724079
3,29,-235.000000,-105.000000,13.707516
4,29,-230.000000,-105.000000,13.692419
5,29,-225.000000,-105.000000,13.678241
6,29,-220.000000,-105.000000,13.664269
7,29,-215.000000,-105.000000,13.650361
8,29,-210.000000,-105.000000,13.636454
9,29,-205.000000,-105.000000,13.622744
10,29,-200.000000,-105.000000,13.612772
11,29,-195.000000,-105.000000,13.602938
12,29,-190.000000,-105.000000,13.593673
13,29,-185.000000,-105.000000,13.584409
14,29,-180.000000,-105.000000,13.575145
15,29,-175.000000,-105.000000,13.565818
16,29,-170.000000,-105.000000,13.556426
17,29,-165.000000,-105.000000,13.547013
18,29,-160.000000,-105.000000,13.537587
19,29,-155.000000,-105.000000,13.528162
20,29,-150.000000,-105.000000,13.518737
21,29,-145.000000,-105.000000,13.503970
22,29,-140.000000,-105.000000,13.488619
23,29,-135.000000,-105.000000,13.471426
24,29,-130.000000,-105.000000,13.454233
25,29,-125.000000,-105.000000,13.437040
26,29,-120.000000,-105.000000,13.417190
27,29,-115.000000,-105.000000,13.392578
28,29,-110.000000,-105.000000,13.366325
29,29,-105.000000,-105.000000,13.338456
30,29,-100.000000,-105.000000,13.310586
31,29,-95.000000,-105.000000,13.282716
32,29,-90.000000,-105.000000,13.251728
33,29,-85.000000,-105.000000,13.219930
34,29,-80.000000,-105.000000,13.186094
35,29,-75.000000,-105.000000,13.152126
36,29,-70.000000,-105.000000,13.118158
37,29,-65.000000,-105.000000,13.084304
38,29,-60.000000,-105.000000,13.050833
39,29,-55.000000,-105.000000,13.017489
40,29,-50.000000,-105.000000,12.984358
41,29,-45.000000,-105.000000,12.951227
42,29,-40.000000,-105.000000,12.918096
43,29,-35.000000,-105.000000,12.886061
44,29,-30.000000,-105.000000,12.854576
45,29,-25.000000,-105.000000,12.824217
46,29,-20.000000,-105.000000,12.794121
47,29,-15.000000,-105.000000,12.764024
48,29,-10.000000,-105.000000,12.733894
49,29,-5.000000,-105.000000,12.703472
50,29,0.000000,-105.000000,12.672967
51,29,5.000000,-105.000000,12.642209
52,29,10.000000,-105.000000,12.611450
53,29,15.000000,-105.000000,12.580692
54,29,20.000000,-105.000000,12.548781
55,29,25.000000,-105.000000,12.515882
56,29,30.000000,-105.000000,12.481126
57,29,35.000000,-105.000000,12.445510
58,29,40.000000,-105.000000,12.409894
59,29,45.000000,-105.000000,12.374277
60,29,50.000000,-105.000000,12.337007
61,29,55.000000,-105.000000,12.299375
62,29,60.000000,-105.000000,12.259402
63,29,65.000000,-105.000000,12.219430
64,29,70.000000,-105.000000,12.179457
65,29,75.000000,-105.000000,12.139497
66,29,80.000000,-105.000000,12.099556
67,29,85.000000,-105.000000,12.059648
68,29,90.000000,-105.000000,12.019767
69,29,95.000000,-105.000000,11.979886
70,29,100.000000,-105.000000,11.940005
71,29,105.000000,-105.000000,11.900955
72,29,110.000000,-105.000000,11.862057
73,29,115.000000,-105.000000,11.825565
74,29,120.000000,-105.000000,11.789094
75,29,125.000000,-105.000000,11.752622
76,29,130.000000,-105.000000,11.716316
77,29,135.000000,-105.000000,11.680431
78,29,140.000000,-105.000000,11.645350
79,29,145.000000,-105.000000,11.611346
80,29,150.000000,-105.000000,11.577342
81,29,155.000000,-105.000000,11.543338
82,29,160.000000,-105.000000,11.509247
83,29,165.000000,-105.000000,11.475121
84,29,170.000000,-105.000000,11.440536
85,29,175.000000,-105.000000,11.405878
86,29,180.000000,-105.000000,11.371219
87,29,185.000000,-105.000000,11.336525
88,29,190.000000,-105.000000,11.301632
89,29,195.000000,-105.000000,11.266292
90,29,200.000000,-105.000000,11.229904
91,29,205.000000,-105.000000,11.193517
92,29,210.000000,-105.000000,11.157129
93,29,215.000000,-105.000000,11.120759
94,29,220.000000,-105.000000,11.084402
95,29,225.000000,-105.000000,11.048287
96,29,230.000000,-105.000000,11.012259
97,29,235.000000,-105.000000,10.976230
98,29,240.000000,-105.000000,10.940204
99,29,245.000000,-105.000000,10.904260
100,29,250.000000,-105.000000,10.868726
0,30,-250.000000,-100.000000,13.698826
1,30,-245.000000,-100.000000,13.682992
2,30,-240.000000,-100.000000,13.667157
3,30,-235.000000,-100.000000,13.651323
4,30,-230.000000,-100.000000,13.636903
5,30,-225.000000,-100.000000,13.623371
6,30,-220.000000,-100.000000,13.610037
7,30,-215.000000,-100.000000,13.596766
8,30,-210.000000,-100.000000,13.583495
9,30,-205.000000,-100.000000,13.570411
10,30,-200.000000,-100.000000,13.560879
11,30,-195.000000,-100.000000,13.551479
12,30,-190.000000,-100.000000,13.542620
13,30,-185.000000,-100.000000,13.533762
14,30,-180.000000,-100.000000,13.524903
15,30,-175.000000,-100.000000,13.515937
16,30,-170.000000,-100.000000,13.506858
17,30,-165.000000,-100.000000,13.497744
18,30,-160.000000,-100.000000,13.488609
19,30,-155.000000,-100.000000,13.479474
20,30,-150.000000,-100.000000,13.470339
21,30,-145.000000,-100.000000,13.455964
22,30,-140.000000,-100.000000,13.441017
23,30,-135.000000,-100.000000,13.424263
24,30,-130.000000,-100.000000,13.407509
25,30,-125.000000,-100.000000,13.390755
26,30,-120.000000,-100.000000,13.371419
27,30,-115.000000,-100.000000,13.347454
28,30,-110.000000,-100.000000,13.321895
29,30,-105.000000,-100.000000,13.294764
30,30,-100.000000,-100.000000,13.267634
31,30,-95.000000,-100.000000,13.240503
32,30,-90.000000,-100.000000,13.210353
33,30,-85.000000,-100.000000,13.179421
34,30,-80.000000,-100.000000,13.146514
35,30,-75.000000,-100.000000,13.113480
36,30,-70.000000,-100.000000,13.080447
37,30,-65.000000,-100.000000,13.047520
38,30,-60.000000,-100.000000,13.014951
39,30,-55.000000,-100.000000,12.982502
40,30,-50.000000,-100.000000,12.950252
41,30,-45.000000,-100.000000,12.918002
42,30,-40.000000,-100.000000,12.885752
43,30,-35.000000,-100.000000,12.854518
44,30,-30.000000,-100.000000,12.823792
45,30,-25.000000,-100.000000,12.794111
46,30,-20.000000,-100.000000,12.764671
47,30,-15.000000,-100.000000,12.735232
48,30,-10.000000,-100.000000,12.705748
49,30,-5.000000,-100.000000,12.675876
50,30,0.000000,-100.000000,12.645892
51,30,5.000000,-100.000000,12.615572
52,30,10.000000,-100.000000,12.585251
53,30,15.000000,-100.000000,12.554930
54,30,20.000000,-100.000000,12.523429
55,30,25.000000,-100.000000,12.490913
56,30,30.000000,-100.000000,12.456493
57,30,35.000000,-100.000000,12.421191
58,30,40.000000,-100.000000,12.385890
59,30,45.000000,-100.000000,12.350588
60,30,50.000000,-100.000000,12.313608
61,30,55.000000,-100.000000,12.276262
62,30,60.000000,-100.000000,12.236541
63,30,65.000000,-100.000000,12.196820
64,30,70.000000,-100.000000,12.157100
65,30,75.000000,-100.000000,12.117383
66,30,80.000000,-100.000000,12.077670
67,30,85.000000,-100.000000,12.037967
68,30,90.000000,-100.000000,11.998271
69,30,95.000000,-100.000000,11.958575
70,30,100.000000,-100.000000,11.918879
71,30,105.000000,-100.000000,11.879998
72,30,110.000000,-100.000000,11.841265
73,30,115.000000,-100.000000,11.804893
74,30,120.000000,-100.000000,11.768541
75,30,125.000000,-100.000000,11.732190
76,30,130.000000,-100.000000,11.696003
77,30,135.000000,-100.000000,11.660235
78,30,140.000000,-100.000000,11.625271
79,30,145.000000,-100.000000,11.591382
80,30,150.000000,-100.000000,11.557493
81,30,155.000000,-100.000000,11.523604
82,30,160.000000,-100.000000,11.489637
83,30,165.000000,-100.000000,11.455639
84,30,170.000000,-100.000000,11.421229
85,30,175.000000,-100.000000,11.386753
86,30,180.000000,-100.000000,11.352278
87,30,185.000000,-100.000000,11.317768
88,30,190.000000,-100.000000,11.283067
89,30,195.000000,-100.000000,11.247934
90,30,200.000000,-100.000000,11.211793
91,30,205.000000,-100.000000,11.175652
92,30,210.000000,-100.000000,11.139511
93,30,215.000000,-100.000000,11.103387
94,30,220.000000,-100.000000,11.067275
95,30,225.000000,-100.000000,11.031392
96,30,230.000000,-100.000000,10.995592
97,30,235.000000,-100.000000,10.959792
98,30,240.000000,-100.000000,10.923993
99,30,245.000000,-100.000000,10.888275
100,30,250.000000,-100.000000,10.852954
0,31,-250.000000,-95.000000,13.640447
1,31,-245.000000,-95.000000,13.625341
2,31,-240.000000,-95.000000,13.610235
3,31,-235.000000,-95.000000,13.595130
4,31,-230.000000,-95.000000,13.581387
5,31,-225.000000,-95.000000,13.568501
6,31,-220.000000,-95.000000,13.555805
7,31,-215.000000,-95.000000,13.543170
8,31,-210.000000,-95.000000,13.530535
9,31,-205.000000,-95.000000,13.518078
10,31,-200.000000,-95.000000,13.508987
11,31,-195.000000,-95.000000,13.500020
12,31,-190.000000,-95.000000,13.491567
13,31,-185.000000,-95.000000,13.483114
14,31,-180.000000,-95.000000,13.474661
15,31,-175.000000,-95.000000,13.466056
16,31,-170.000000,-95.000000,13.457291
17,31,-165.000000,-95.000000,13.448475
18,31,-160.000000,-95.000000,13.439631
19,31,-155.000000,-95.000000,13.430786
20,31,-150.000000,-95.000000,13.421941
21,31,-145.000000,-95.000000,13.407959
22,31,-140.000000,-95.000000,13.393415
23,31,-135.000000,-95.000000,13.377100
24,31,-130.000000,-95.000000,13.360785
25,31,-125.000000,-95.000000,13.344470
26,31,-120.000000,-95.000000,13.325647
27,31,-115.000000,-95.000000,13.302330
28,31,-110.000000,-95.000000,13.277465
29,31,-105.000000,-95.000000,13.251073
30,31,-100.000000,-95.000000,13.224682
31,31,-95.000000,-95.000000,13.198290
32,31,-90.000000,-95.000000,13.168979
33,31,-85.000000,-95.000000,13.138911
34,31,-80.000000,-95.000000,13.106935
35,31,-75.000000,-95.000000,13.074835
36,31,-70.000000,-95.000000,13.042736
37,31,-65.000000,-95.000000,13.010736
38,31,-60.000000,-95.000000,12.979070
39,31,-55.000000,-95.000000,12.947515
40,31,-50.000000,-95.000000,12.916147
41,31,-45.000000,-95.000000,12.884778
42,31,-40.000000,-95.000000,12.853409
43,31,-35.000000,-95.000000,12.822975
44,31,-30.000000,-95.000000,12.793009
45,31,-25.000000,-95.000000,12.764004
46,31,-20.000000,-95.000000,12.735222
47,31,-15.000000,-95.000000,12.706440
48,31,-10.000000,-95.000000,12.677603
49,31,-5.000000,-95.000000,12.648279
50,31,0.000000,-95.000000,12.618818
51,31,5.000000,-95.000000,12.588935
52,31,10.000000,-95.000000,12.559052
53,31,15.000000,-95.000000,12.529169
54,31,20.000000,-95.000000,12.498076
55,31,25.000000,-95.000000,12.465943
56,31,30.000000,-95.000000,12.431860
57,31,35.000000,-95.000000,12.396873
58,31,40.000000,-95.000000,12.361886
59,31,45.000000,-95.000000,12.326898
60,31,50.000000,-95.000000,12.290209
61,31,55.000000,-95.000000,12.253149
62,31,60.000000,-95.000000,12.213680
63,31,65.000000,-95.000000,12.174211
64,31,70.000000,-95.000000,12.134743
65,31,75.000000,-95.000000,12.095268
66,31,80.000000,-95.000000,12.055785
67,31,85.000000,-95.000000,12.016286
68,31,90.000000,-95.000000,11.976775
69,31,95.000000,-95.000000,11.937264
70,31,100.000000,-95.000000,11.897752
71,31,105.000000,-95.000000,11.859040
72,31,110.000000,-95.000000,11.820474
73,31,115.000000,-95.000000,11.784221
74,31,120.000000,-95.000000,11.747989
75,31,125.000000,-95.000000,11.711757
76,31,130.000000,-95.000000,11.675689
77,31,135.000000,-95.000000,11.640040
78,31,140.000000,-95.000000,11.605192
79,31,145.000000,-95.000000,11.571418
80,31,150.000000,-95.000000,11.537644
81,31,155.000000,-95.000000,11.503870
82,31,160.000000,-95.000000,11.470027
83,31,165.000000,-95.000000,11.436156
84,31,170.000000,-95.000000,11.401921
85,31,175.000000,-95.000000,11.367629
86,31,180.000000,-95.000000,11.333336
87,31,185.000000,-95.000000,11.299010
88,31,190.000000,-95.000000,11.264501
89,31,195.000000,-95.000000,11.229577
90,31,200.000000,-95.000000,11.193682
91,31,205.000000,-95.000000,11.157788
92,31,210.000000,-95.000000,11.121894
93,31,215.000000,-95.000000,11.086015
94,31,220.000000,-95.000000,11.050148
95,31,225.000000,-95.000000,11.014498
96,31,230.000000,-95.000000,10.978925
97,31,235.000000,-95.000000,10.943353
98,31,240.000000,-95.000000,10.907782
99,31,245.000000,-95.000000,10.872289
100,31,250.000000,-95.000000,10.837183
0,32,-250.000000,-90.000000,13.582068
1,32,-245.000000,-90.000000,13.567690
2,32,-240.000000,-90.000000,13.553313
3,32,-235.000000,-90.000000,13.538936
4,32,-230.000000,-90.000000,13.525871
5,32,-225.000000,-90.000000,13.513630
6,32,-220.000000,-90.000000,13.501573
7,32,-215.000000,-90.000000,13.489574
8,32,-210.000000,-90.000000,13.477576
9,32,-205.000000,-90.000000,13.465745
10,32,-200.000000,-90.000000,13.457094
11,32,-195.000000,-90.000000,13.448562
12,32,-190.000000,-90.000000,13.440514
13,32,-185.000000,-90.000000,13.432467
14,32,-180.000000,-90.000000,13.424419
15,32,-175.000000,-90.000000,13.416175
16,32,-170.000000,-90.000000,13.407724
17,32,-165.000000,-90.000000,13.399207
18,32,-160.000000,-90.000000,13.390652
19,32,-155.000000,-90.000000,13.382097
20,32,-150.000000,-90.000000,13.373543
21,32,-145.000000,-90.000000,13.359953
22,32,-140.000000,-90.000000,13.345813
23,32,-135.000000,-90.000000,13.329937
24,32,-130.000000,-90.000000,13.314061
25,32,-125.000000,-90.000000,13.298185
26,32,-120.000000,-90.000000,13.279876
27,32,-115.000000,-90.000000,13.257206
28,32,-110.000000,-90.000000,13.233034
29,32,-105.000000,-90.000000,13.207382
30,32,-100.000000,-90.000000,13.181729
31,32,-95.000000,-90.000000,13.156077
32,32,-90.000000,-90.000000,13.127605
33,32,-85.000000,-90.000000,13.098402
34,32,-80.000000,-90.000000,13.067355
35,32,-75.000000,-90.000000,13.036190
36,32,-70.000000,-90.000000,13.005025
37,32,-65.000000,-90.000000,12.973952
38,32,-60.000000,-90.000000,12.943189
39,32,-55.000000,-90.000000,12.912529
40,32,-50.000000,-90.000000,12.882041
41,32,-45.000000,-90.000000,12.851553
42,32,-40.000000,-90.000000,12.821066
43,32,-35.000000,-90.000000,12.791432
44,32,-30.000000,-90.000000,12.762226
45,32,-25.000000,-90.000000,12.733897
46,32,-20.000000,-90.000000,12.705772
47,32,-15.000000,-90.000000,12.677648
48,32,-10.000000,-90.000000,12.649457
49,32,-5.000000,-90.000000,12.620683
50,32,0.000000,-90.000000,12.591743
51,32,5.000000,-90.000000,12.562298
52,32,10.000000,-90.000000,12.532853
53,32,15.000000,-90.000000,12.503408
54,32,20.000000,-90.000000,12.472723
55,32,25.000000,-90.000000,12.440974
56,32,30.000000,-90.000000,12.407227
57,32,35.000000,-90.000000,12.372554
58,32,40.000000,-90.000000,12.337881
59,32,45.000000,-90.000000,12.303209
60,32,50.000000,-90.000000,12.266811
61,32,55.000000,-90.000000,12.230035
62,32,60.000000,-90.000000,12.190819
63,32,65.000000,-90.000000,12.151602
64,32,70.000000,-90.000000,12.112385
65,32,75.000000,-90.000000,12.073153
66,32,80.000000,-90.000000,12.033899
67,32,85.000000,-90.000000,11.994605
68,32,90.000000,-90.000000,11.955279
69,32,95.000000,-90.000000,11.915952
70,32,100.000000,-90.000000,11.876626
71,32,105.000000,-90.000000,11.838083
72,32,110.000000,-90.000000,11.799682
73,32,115.000000,-90.000000,11.763550
74,32,120.000000,-90.000000,11.727437
75,32,125.000000,-90.000000,11.691324
76,32,130.000000,-90.000000,11.655375
77,32,135.000000,-90.000000,11.619844
78,32,140.000000,-90.000000,11.585114
79,32,145.000000,-90.000000,11.551454
80,32,150.000000,-90.000000,11.517795
81,32,155.000000,-90.000000,11.484136
82,32,160.000000,-90.000000,11.450416
83,32,165.000000,-90.000000,11.416673
84,32,170.000000,-90.000000,11.382614
85,32,175.000000,-90.000000,11.348504
86,32,180.000000,-90.000000,11.314395
87,32,185.000000,-90.000000,11.280253
88,32,190.000000,-90.000000,11.245935
89,32,195.000000,-90.000000,11.211219
90,32,200.000000,-90.000000,11.175571
91,32,205.000000,-90.000000,11.139923
92,32,210.000000,-90.000000,11.104276
93,32,215.000000,-90.000000,11.068643
94,32,220.000000,-90.000000,11.033021
95,32,225.000000,-90.000000,10.997603
96,32,230.000000,-90.000000,10.962258
97,32,235.000000,-90.000000,10.926914
98,32,240.000000,-90.000000,10.891571
99,32,245.000000,-90.000000,10.856303
100,32,250.000000,-90.000000,10.821411
0,33,-250.000000,-85.000000,13.526605
1,33,-245.000000,-85.000000,13.512873
2,33,-240.000000,-85.000000,13.499141
3,33,-235.000000,-85.000000,13.485409
4,33,-230.000000,-85.000000,13.472960
5,33,-225.000000,-85.000000,13.461317
6,33,-220.000000,-85.000000,13.449853
7,33,-215.000000,-85.000000,13.438446
8,33,-210.000000,-85.000000,13.427040
9,33,-205.000000,-85.000000,13.415793
10,33,-200.000000,-85.000000,13.407586
11,33,-195.000000,-85.000000,13.399492
12,33,-190.000000,-85.000000,13.391861
13,33,-185.000000,-85.000000,13.384231
14,33,-180.000000,-85.000000,13.376600
15,33,-175.000000,-85.000000,13.368737
16,33,-170.000000,-85.000000,13.360628
17,33,-165.000000,-85.000000,13.352443
18,33,-160.000000,-85.000000,13.344213
19,33,-155.000000,-85.000000,13.335982
20,33,-150.000000,-85.000000,13.327752
21,33,-145.000000,-85.000000,13.314570
22,33,-140.000000,-85.000000,13.300847
23,33,-135.000000,-85.000000,13.285416
24,33,-130.000000,-85.000000,13.269986
25,33,-125.000000,-85.000000,13.254555
26,33,-120.000000,-85.000000,13.236755
27,33,-115.000000,-85.000000,13.214708
28,33,-110.000000,-85.000000,13.191199
29,33,-105.000000,-85.000000,13.166248
30,33,-100.000000,-85.000000,13.141297
31,33,-95.000000,-85.000000,13.116345
32,33,-90.000000,-85.000000,13.088668
33,33,-85.000000,-85.000000,13.060285
34,33,-80.000000,-85.000000,13.030119
35,33,-75.000000,-85.000000,12.999839
36,33,-70.000000,-85.000000,12.969558
37,33,-65.000000,-85.000000,12.939367
38,33,-60.000000,-85.000000,12.909476
39,33,-55.000000,-85.000000,12.879684
40,33,-50.000000,-85.000000,12.850058
41,33,-45.000000,-85.000000,12.820433
42,33,-40.000000,-85.000000,12.790808
43,33,-35.000000,-85.000000,12.761967
44,33,-30.000000,-85.000000,12.733520
45,33,-25.000000,-85.000000,12.705879
46,33,-20.000000,-85.000000,12.678426
47,33,-15.000000,-85.000000,12.650972
48,33,-10.000000,-85.000000,12.623441
49,33,-5.000000,-85.000000,12.595228
50,33,0.000000,-85.000000,12.566821
51,33,5.000000,-85.000000,12.537822
52,33,10.000000,-85.000000,12.508823
53,33,15.000000,-85.000000,12.479825
54,33,20.000000,-85.000000,12.449548
55,33,25.000000,-85.000000,12.418175
56,33,30.000000,-85.000000,12.384742
57,33,35.000000,-85.000000,12.350355
58,33,40.000000,-85.000000,12.315968
59,33,45.000000,-85.000000,12.281581
60,33,50.000000,-85.000000,12.245434
61,33,55.000000,-85.000000,12.208902
62,33,60.000000,-85.000000,12.169880
63,33,65.000000,-85.000000,12.130858
64,33,70.000000,-85.000000,12.091836
65,33,75.000000,-85.000000,12.052790
66,33,80.000000,-85.000000,12.013710
67,33,85.000000,-85.000000,11.974568
68,33,90.000000,-85.000000,11.935375
69,33,95.000000,-85.000000,11.896183
70,33,100.000000,-85.000000,11.856990
71,33,105.000000,-85.000000,11.818572
72,33,110.000000,-85.000000,11.780294
73,33,115.000000,-85.000000,11.744258
74,33,120.000000,-85.000000,11.708240
75,33,125.000000,-85.000000,11.672223
76,33,130.000000,-85.000000,11.636370
77,33,135.000000,-85.000000,11.600937
78,33,140.000000,-85.000000,11.566306
79,33,145.000000,-85.000000,11.532751
80,33,150.000000,-85.000000,11.499196
81,33,155.000000,-85.000000,11.465642
82,33,160.000000,-85.000000,11.432034
83,33,165.000000,-85.000000,11.398405
84,33,170.000000,-85.000000,11.364498
85,33,175.000000,-85.000000,11.330547
86,33,180.000000,-85.000000,11.296597
87,33,185.000000,-85.000000,11.262615
88,33,190.000000,-85.000000,11.228461
89,33,195.000000,-85.000000,11.193921
90,33,200.000000,-85.000000,11.158474
91,33,205.000000,-85.000000,11.123027
92,33,210.000000,-85.000000,11.087581
93,33,215.000000,-85.000000,11.052148
94,33,220.000000,-85.000000,11.016725
95,33,225.000000,-85.000000,10.981490
96,33,230.000000,-85.000000,10.946323
97,33,235.000000,-85.000000,10.911157
98,33,240.000000,-85.000000,10.875992
99,33,245.000000,-85.000000,10.840900
100,33,250.000000,-85.000000,10.806176
0,34,-250.000000,-80.000000,13.473010
1,34,-245.000000,-80.000000,13.459870
2,34,-240.000000,-80.000000,13.446730
3,34,-235.000000,-80.000000,13.433590
4,34,-230.000000,-80.000000,13.421717
5,34,-225.000000,-80.000000,13.410641
6,34,-220.000000,-80.000000,13.399741
7,34,-215.000000,-80.000000,13.388898
8,34,-210.000000,-80.000000,13.378055
9,34,-205.000000,-80.000000,13.367367
10,34,-200.000000,-80.000000,13.359605
11,34,-195.000000,-80.000000,13.351952
12,34,-190.000000,-80.000000,13.344745
13,34,-185.000000,-80.000000,13.337538
14,34,-180.000000,-80.000000,13.330331
15,34,-175.000000,-80.000000,13.322862
16,34,-170.000000,-80.000000,13.315116
17,34,-165.000000,-80.000000,13.307283
18,34,-160.000000,-80.000000,13.299399
19,34,-155.000000,-80.000000,13.291515
20,34,-150.000000,-80.000000,13.283631
21,34,-145.000000,-80.000000,13.270866
22,34,-140.000000,-80.000000,13.257568
23,34,-135.000000,-80.000000,13.242587
24,34,-130.000000,-80.000000,13.227606
25,34,-125.000000,-80.000000,13.212625
26,34,-120.000000,-80.000000,13.195331
27,34,-115.000000,-80.000000,13.173892
28,34,-110.000000,-80.000000,13.151025
29,34,-105.000000,-80.000000,13.126751
30,34,-100.000000,-80.000000,13.102477
31,34,-95.000000,-80.000000,13.078202
32,34,-90.000000,-80.000000,13.051292
33,34,-85.000000,-80.000000,13.023699
34,34,-80.000000,-80.000000,12.994383
35,34,-75.000000,-80.000000,12.964956
36,34,-70.000000,-80.000000,12.935529
37,34,-65.000000,-80.000000,12.906191
38,34,-60.000000,-80.000000,12.877151
39,34,-55.000000,-80.000000,12.848210
40,34,-50.000000,-80.000000,12.819435
41,34,-45.000000,-80.000000,12.790660
42,34,-40.000000,-80.000000,12.761885
43,34,-35.000000,-80.000000,12.733833
44,34,-30.000000,-80.000000,12.706144
45,34,-25.000000,-80.000000,12.679198
46,34,-20.000000,-80.000000,12.652425
47,34,-15.000000,-80.000000,12.625652
48,34,-10.000000,-80.000000,12.598789
49,34,-5.000000,-80.000000,12.571144
50,34,0.000000,-80.000000,12.543276
51,34,5.000000,-80.000000,12.514730
52,34,10.000000,-80.000000,12.486183
53,34,15.000000,-80.000000,12.457636
54,34,20.000000,-80.000000,12.427768
55,34,25.000000,-80.000000,12.396765
56,34,30.000000,-80.000000,12.363632
57,34,35.000000,-80.000000,12.329513
58,34,40.000000,-80.000000,12.295393
59,34,45.000000,-80.000000,12.261274
60,34,50.000000,-80.000000,12.225352
61,34,55.000000,-80.000000,12.189037
62,34,60.000000,-80.000000,12.150173
63,34,65.000000,-80.000000,12.111308
64,34,70.000000,-80.000000,12.072444
65,34,75.000000,-80.000000,12.033548
66,34,80.000000,-80.000000,11.994606
67,34,85.000000,-80.000000,11.955582
68,34,90.000000,-80.000000,11.916491
69,34,95.000000,-80.000000,11.877400
70,34,100.000000,-80.000000,11.838309
71,34,105.000000,-80.000000,11.799987
72,34,110.000000,-80.000000,11.761805
73,34,115.000000,-80.000000,11.725848
74,34,120.000000,-80.000000,11.689911
75,34,125.000000,-80.000000,11.653974
76,34,130.000000,-80.000000,11.618203
77,34,135.000000,-80.000000,11.582854
78,34,140.000000,-80.000000,11.548313
79,34,145.000000,-80.000000,11.514856
80,34,150.000000,-80.000000,11.481398
81,34,155.000000,-80.000000,11.447941
82,34,160.000000,-80.000000,11.414437
83,34,165.000000,-80.000000,11.380914
84,34,170.000000,-80.000000,11.347146
85,34,175.000000,-80.000000,11.313338
86,34,180.000000,-80.000000,11.279531
87,34,185.000000,-80.000000,11.245693
88,34,190.000000,-80.000000,11.211687
89,34,195.000000,-80.000000,11.177301
90,34,200.000000,-80.000000,11.142026
91,34,205.000000,-80.000000,11.106751
92,34,210.000000,-80.000000,11.071476
93,34,215.000000,-80.000000,11.036214
94,34,220.000000,-80.000000,11.000960
95,34,225.000000,-80.000000,10.965878
96,34,230.000000,-80.000000,10.930857
97,34,235.000000,-80.000000,10.895836
98,34,240.000000,-80.000000,10.860817
99,34,245.000000,-80.000000,10.825869
100,34,250.000000,-80.000000,10.791282
0,35,-250.000000,-75.000000,13.421486
1,35,-245.000000,-75.000000,13.408879
2,35,-240.000000,-75.000000,13.396272
3,35,-235.000000,-75.000000,13.383665
4,35,-230.000000,-75.000000,13.372324
5,35,-225.000000,-75.000000,13.361780
6,35,-220.000000,-75.000000,13.351413
7,35,-215.000000,-75.000000,13.341103
8,35,-210.000000,-75.000000,13.330792
9,35,-205.000000,-75.000000,13.320632
10,35,-200.000000,-75.000000,13.313317
11,35,-195.000000,-75.000000,13.306108
12,35,-190.000000,-75.000000,13.299333
13,35,-185.000000,-75.000000,13.292558
14,35,-180.000000,-75.000000,13.285783
15,35,-175.000000,-75.000000,13.278722
16,35,-170.000000,-75.000000,13.271359
17,35,-165.000000,-75.000000,13.263901
18,35,-160.000000,-75.000000,13.256388
19,35,-155.000000,-75.000000,13.248874
20,35,-150.000000,-75.000000,13.241361
21,35,-145.000000,-75.000000,13.229025
22,35,-140.000000,-75.000000,13.216161
23,35,-135.000000,-75.000000,13.201634
24,35,-130.000000,-75.000000,13.187107
25,35,-125.000000,-75.000000,13.172580
26,35,-120.000000,-75.000000,13.155790
27,35,-115.000000,-75.000000,13.134941
28,35,-110.000000,-75.000000,13.112694
29,35,-105.000000,-75.000000,13.089070
30,35,-100.000000,-75.000000,13.065446
31,35,-95.000000,-75.000000,13.041821
32,35,-90.000000,-75.000000,13.015647
33,35,-85.000000,-75.000000,12.988813
34,35,-80.000000,-75.000000,12.960311
35,35,-75.000000,-75.000000,12.931703
36,35,-70.000000,-75.000000,12.903094
37,35,-65.000000,-75.000000,12.874577
38,35,-60.000000,-75.000000,12.846366
39,35,-55.000000,-75.000000,12.818257
40,35,-50.000000,-75.000000,12.790319
41,35,-45.000000,-75.000000,12.762381
42,35,-40.000000,-75.000000,12.734443
43,35,-35.000000,-75.000000,12.707175
44,35,-30.000000,-75.000000,12.680243
45,35,-25.000000,-75.000000,12.654000
46,35,-20.000000,-75.000000,12.627917
47,35,-15.000000,-75.000000,12.601834
48,35,-10.000000,-75.000000,12.575650
49,35,-5.000000,-75.000000,12.548581
50,35,0.000000,-75.000000,12.521260
51,35,5.000000,-75.000000,12.493171
52,35,10.000000,-75.000000,12.465083
53,35,15.000000,-75.000000,12.436994
54,35,20.000000,-75.000000,12.407534
55,35,25.000000,-75.000000,12.376897
56,35,30.000000,-75.000000,12.344048
57,35,35.000000,-75.000000,12.310176
58,35,40.000000,-75.000000,12.276303
59,35,45.000000,-75.000000,12.242431
60,35,50.000000,-75.000000,12.206707
61,35,55.000000,-75.000000,12.170579
62,35,60.000000,-75.000000,12.131831
63,35,65.000000,-75.000000,12.093083
64,35,70.000000,-75.000000,12.054336
65,35,75.000000,-75.000000,12.015549
66,35,80.000000,-75.000000,11.976707
67,35,85.000000,-75.000000,11.937764
68,35,90.000000,-75.000000,11.898738
69,35,95.000000,-75.000000,11.859712
70,35,100.000000,-75.000000,11.820687
71,35,105.000000,-75.000000,11.782430
72,35,110.000000,-75.000000,11.744312
73,35,115.000000,-75.000000,11.708419
74,35,120.000000,-75.000000,11.672545
75,35,125.000000,-75.000000,11.636671
76,35,130.000000,-75.000000,11.600964
77,35,135.000000,-75.000000,11.565685
78,35,140.000000,-75.000000,11.531223
79,35,145.000000,-75.000000,11.497856
80,35,150.000000,-75.000000,11.464488
81,35,155.000000,-75.000000,11.431121
82,35,160.000000,-75.000000,11.397712
83,35,165.000000,-75.000000,11.364286
84,35,170.000000,-75.000000,11.330640
85,35,175.000000,-75.000000,11.296959
86,35,180.000000,-75.000000,11.263278
87,35,185.000000,-75.000000,11.229566
88,35,190.000000,-75.000000,11.195688
89,35,195.000000,-75.000000,11.161433
90,35,200.000000,-75.000000,11.126298
91,35,205.000000,-75.000000,11.091162
92,35,210.000000,-75.000000,11.056026
93,35,215.000000,-75.000000,11.020902
94,35,220.000000,-75.000000,10.985785
95,35,225.000000,-75.000000,10.950820
96,35,230.000000,-75.000000,10.915910
97,35,235.000000,-75.000000,10.880999
98,35,240.000000,-75.000000,10.846090
99,35,245.000000,-75.000000,10.811252
100,35,250.000000,-75.000000,10.776770
0,36,-250.000000,-70.000000,13.370163
1,36,-245.000000,-70.000000,13.358083
2,36,-240.000000,-70.000000,13.346003
3,36,-235.000000,-70.000000,13.333923
4,36,-230.000000,-70.000000,13.323111
5,36,-225.000000,-70.000000,13.313096
6,36,-220.000000,-70.000000,13.303259
7,36,-215.000000,-70.000000,13.293477
8,36,-210.000000,-70.000000,13.283696
9,36,-205.000000,-70.000000,13.274061
10,36,-200.000000,-70.000000,13.267194
11,36,-195.000000,-70.000000,13.260429
12,36,-190.000000,-70.000000,13.254087
13,36,-185.000000,-70.000000,13.247745
14,36,-180.000000,-70.000000,13.241402
15,36,-175.000000,-70.000000,13.234751
16,36,-170.000000,-70.000000,13.227773
17,36,-165.000000,-70.000000,13.220692
18,36,-160.000000,-70.000000,13.213552
19,36,-155.000000,-70.000000,13.206411
20,36,-150.000000,-70.000000,13.199271
21,36,-145.000000,-70.000000,13.187364
22,36,-140.000000,-70.000000,13.174935
23,36,-135.000000,-70.000000,13.160863
24,36,-130.000000,-70.000000,13.146791
25,36,-125.000000,-70.000000,13.132719
26,36,-120.000000,-70.000000,13.116431
27,36,-115.000000,-70.000000,13.096171
28,36,-110.000000,-70.000000,13.074543
29,36,-105.000000,-70.000000,13.051566
30,36,-100.000000,-70.000000,13.028588
31,36,-95.000000,-70.000000,13.005611
32,36,-90.000000,-70.000000,12.980171
33,36,-85.000000,-70.000000,12.954091
34,36,-80.000000,-70.000000,12.926401
35,36,-75.000000,-70.000000,12.898607
36,36,-70.000000,-70.000000,12.870813
37,36,-65.000000,-70.000000,12.843114
38,36,-60.000000,-70.000000,12.815730
39,36,-55.000000,-70.000000,12.788452
40,36,-50.000000,-70.000000,12.761350
41,36,-45.000000,-70.000000,12.734248
42,36,-40.000000,-70.000000,12.707145
43,36,-35.000000,-70.000000,12.680661
44,36,-30.000000,-70.000000,12.654486
45,36,-25.000000,-70.000000,12.628946
46,36,-20.000000,-70.000000,12.603554
47,36,-15.000000,-70.000000,12.578162
48,36,-10.000000,-70.000000,12.552658
49,36,-5.000000,-70.000000,12.526166
50,36,0.000000,-70.000000,12.499392
51,36,5.000000,-70.000000,12.471762
52,36,10.000000,-70.000000,12.444132
53,36,15.000000,-70.000000,12.416503
54,36,20.000000,-70.000000,12.387451
55,36,25.000000,-70.000000,12.357178
56,36,30.000000,-70.000000,12.324612
57,36,35.000000,-70.000000,12.290985
58,36,40.000000,-70.000000,12.257357
59,36,45.000000,-70.000000,12.223730
60,36,50.000000,-70.000000,12.188201
61,36,55.000000,-70.000000,12.152256
62,36,60.000000,-70.000000,12.113622
63,36,65.000000,-70.000000,12.074987
64,36,70.000000,-70.000000,12.036352
65,36,75.000000,-70.000000,11.997672
66,36,80.000000,-70.000000,11.958926
67,36,85.000000,-70.000000,11.920058
68,36,90.000000,-70.000000,11.881095
69,36,95.000000,-70.000000,11.842131
70,36,100.000000,-70.000000,11.803167
71,36,105.000000,-70.000000,11.764972
72,36,110.000000,-70.000000,11.726916
73,36,115.000000,-70.000000,11.691084
74,36,120.000000,-70.000000,11.655272
75,36,125.000000,-70.000000,11.619459
76,36,130.000000,-70.000000,11.583817
77,36,135.000000,-70.000000,11.548606
78,36,140.000000,-70.000000,11.514221
79,36,145.000000,-70.000000,11.480943
80,36,150.000000,-70.000000,11.447664
81,36,155.000000,-70.000000,11.414386
82,36,160.000000,-70.000000,11.381071
83,36,165.000000,-70.000000,11.347741
84,36,170.000000,-70.000000,11.314216
85,36,175.000000,-70.000000,11.280659
86,36,180.000000,-70.000000,11.247103
87,36,185.000000,-70.000000,11.213517
88,36,190.000000,-70.000000,11.179765
89,36,195.000000,-70.000000,11.145639
90,36,200.000000,-70.000000,11.110640
91,36,205.000000,-70.000000,11.075640
92,36,210.000000,-70.000000,11.040641
93,36,215.000000,-70.000000,11.005651
94,36,220.000000,-70.000000,10.970668
95,36,225.000000,-70.000000,10.935817
96,36,230.000000,-70.000000,10.901013
97,36,235.000000,-70.000000,10.866209
98,36,240.000000,-70.000000,10.831408
99,36,245.000000,-70.000000,10.796676
100,36,250.000000,-70.000000,10.762294
0,37,-250.000000,-65.000000,13.318841
1,37,-245.000000,-65.000000,13.307288
2,37,-240.000000,-65.000000,13.295734
3,37,-235.000000,-65.000000,13.284181
4,37,-230.000000,-65.000000,13.273898
5,37,-225.000000,-65.000000,13.264412
6,37,-220.000000,-65.000000,13.255104
7,37,-215.000000,-65.000000,13.245852
8,37,-210.000000,-65.000000,13.236600
9,37,-205.000000,-65.000000,13.227490
10,37,-200.000000,-65.000000,13.221071
11,37,-195.000000,-65.000000,13.214751
12,37,-190.000000,-65.000000,13.208841
13,37,-185.000000,-65.000000,13.202931
14,37,-180.000000,-65.000000,13.197021
15,37,-175.000000,-65.000000,13.190779
16,37,-170.000000,-65.000000,13.184186
17,37,-165.000000,-65.000000,13.177483
18,37,-160.000000,-65.000000,13.170716
19,37,-155.000000,-65.000000,13.163949
20,37,-150.000000,-65.000000,13.157181
21,37,-145.000000,-65.000000,13.145703
22,37,-140.000000,-65.000000,13.133710
23,37,-135.000000,-65.000000,13.120093
24,37,-130.000000,-65.000000,13.106475
25,37,-125.000000,-65.000000,13.092858
26,37,-120.000000,-65.000000,13.077072
27,37,-115.000000,-65.000000,13.057401
28,37,-110.000000,-65.000000,13.036391
29,37,-105.000000,-65.000000,13.014061
30,37,-100.000000,-65.000000,12.991731
31,37,-95.000000,-65.000000,12.969402
32,37,-90.000000,-65.000000,12.944694
33,37,-85.000000,-65.000000,12.919370
34,37,-80.000000,-65.000000,12.892491
35,37,-75.000000,-65.000000,12.865512
36,37,-70.000000,-65.000000,12.838533
37,37,-65.000000,-65.000000,12.811651
38,37,-60.000000,-65.000000,12.785095
39,37,-55.000000,-65.000000,12.758647
40,37,-50.000000,-65.000000,12.732381
41,37,-45.000000,-65.000000,12.706114
42,37,-40.000000,-65.000000,12.679847
43,37,-35.000000,-65.000000,12.654146
44,37,-30.000000,-65.000000,12.628729
45,37,-25.000000,-65.000000,12.603893
46,37,-20.000000,-65.000000,12.579192
47,37,-15.000000,-65.000000,12.554490
48,37,-10.000000,-65.000000,12.529665
49,37,-5.000000,-65.000000,12.503750
50,37,0.000000,-65.000000,12.477524
51,37,5.000000,-65.000000,12.450353
52,37,10.000000,-65.000000,12.423182
53,37,15.000000,-65.000000,12.396011
54,37,20.000000,-65.000000,12.367367
55,37,25.000000,-65.000000,12.337459
56,37,30.000000,-65.000000,12.305176
57,37,35.000000,-65.000000,12.271794
58,37,40.000000,-65.000000,12.238411
59,37,45.000000,-65.000000,12.205029
60,37,50.000000,-65.000000,12.169695
61,37,55.000000,-65.000000,12.133934
62,37,60.000000,-65.000000,12.095413
63,37,65.000000,-65.000000,12.056891
64,37,70.000000,-65.000000,12.018369
65,37,75.000000,-65.000000,11.979794
66,37,80.000000,-65.000000,11.941144
67,37,85.000000,-65.000000,11.902353
68,37,90.000000,-65.000000,11.863451
69,37,95.000000,-65.000000,11.824549
70,37,100.000000,-65.000000,11.785648
71,37,105.000000,-65.000000,11.747514
72,37,110.000000,-65.000000,11.709520
73,37,115.000000,-65.000000,11.673750
74,37,120.000000,-65.000000,11.637999
75,37,125.000000,-65.000000,11.602248
76,37,130.000000,-65.000000,11.566669
77,37,135.000000,-65.000000,11.531526
78,37,140.000000,-65.000000,11.497218
79,37,145.000000,-65.000000,11.464030
80,37,150.000000,-65.000000,11.430841
81,37,155.000000,-65.000000,11.397652
82,37,160.000000,-65.000000,11.364431
83,37,165.000000,-65.000000,11.331196
84,37,170.000000,-65.000000,11.297792
85,37,175.000000,-65.000000,11.264360
86,37,180.000000,-65.000000,11.230929
87,37,185.000000,-65.000000,11.197467
88,37,190.000000,-65.000000,11.163841
89,37,195.000000,-65.000000,11.129845
90,37,200.000000,-65.000000,11.094982
91,37,205.000000,-65.000000,11.060118
92,37,210.000000,-65.000000,11.025255
93,37,215.000000,-65.000000,10.990400
94,37,220.000000,-65.000000,10.955551
95,37,225.000000,-65.000000,10.920813
96,37,230.000000,-65.000000,10.886117
97,37,235.000000,-65.000000,10.851420
98,37,240.000000,-65.000000,10.816725
99,37,245.000000,-65.000000,10.782099
100,37,250.000000,-65.000000,10.747818
0,38,-250.000000,-60.000000,13.270471
1,38,-245.000000,-60.000000,13.259364
2,38,-240.000000,-60.000000,13.248256
3,38,-235.000000,-60.000000,13.237148
4,38,-230.000000,-60.000000,13.227328
5,38,-225.000000,-60.000000,13.218317
6,38,-220.000000,-60.000000,13.209487
7,38,-215.000000,-60.000000,13.200713
8,38,-210.000000,-60.000000,13.191939
9,38,-205.000000,-60.000000,13.183305
10,38,-200.000000,-60.000000,13.177321
11,38,-195.000000,-60.000000,13.171436
12,38,-190.000000,-60.000000,13.165954
13,38,-185.000000,-60.000000,13.160472
14,38,-180.000000,-60.000000,13.154990
15,38,-175.000000,-60.000000,13.149161
16,38,-170.000000,-60.000000,13.142966
17,38,-165.000000,-60.000000,13.136655
18,38,-160.000000,-60.000000,13.130277
19,38,-155.000000,-60.000000,13.123899
20,38,-150.000000,-60.000000,13.117521
21,38,-145.000000,-60.000000,13.106472
22,38,-140.000000,-60.000000,13.094913
23,38,-135.000000,-60.000000,13.081744
24,38,-130.000000,-60.000000,13.068574
25,38,-125.000000,-60.000000,13.055405
26,38,-120.000000,-60.000000,13.040105
27,38,-115.000000,-60.000000,13.020986
28,38,-110.000000,-60.000000,13.000553
29,38,-105.000000,-60.000000,12.978822
30,38,-100.000000,-60.000000,12.957091
31,38,-95.000000,-60.000000,12.935361
32,38,-90.000000,-60.000000,12.911329
33,38,-85.000000,-60.000000,12.886701
34,38,-80.000000,-60.000000,12.860568
35,38,-75.000000,-60.000000,12.834338
36,38,-70.000000,-60.000000,12.808108
37,38,-65.000000,-60.000000,12.781981
38,38,-60.000000,-60.000000,12.756198
39,38,-55.000000,-60.000000,12.730530
40,38,-50.000000,-60.000000,12.705053
41,38,-45.000000,-60.000000,12.679577
42,38,-40.000000,-60.000000,12.654100
43,38,-35.000000,-60.000000,12.629147
44,38,-30.000000,-60.000000,12.604458
45,38,-25.000000,-60.000000,12.580308
46,38,-20.000000,-60.000000,12.556282
47,38,-15.000000,-60.000000,12.532257
48,38,-10.000000,-60.000000,12.508097
49,38,-5.000000,-60.000000,12.482749
50,38,0.000000,-60.000000,12.457062
51,38,5.000000,-60.000000,12.430345
52,38,10.000000,-60.000000,12.403629
53,38,15.000000,-60.000000,12.376912
54,38,20.000000,-60.000000,12.348669
55,38,25.000000,-60.000000,12.319116
56,38,30.000000,-60.000000,12.287102
57,38,35.000000,-60.000000,12.253949
58,38,40.000000,-60.000000,12.220795
59,38,45.000000,-60.000000,12.187642
60,38,50.000000,-60.000000,12.152483
61,38,55.000000,-60.000000,12.116886
62,38,60.000000,-60.000000,12.078451
63,38,65.000000,-60.000000,12.040016
64,38,70.000000,-60.000000,12.001582
65,38,75.000000,-60.000000,11.963088
66,38,80.000000,-60.000000,11.924510
67,38,85.000000,-60.000000,11.885777
68,38,90.000000,-60.000000,11.846920
69,38,95.000000,-60.000000,11.808063
70,38,100.000000,-60.000000,11.769206
71,38,105.000000,-60.000000,11.731122
72,38,110.000000,-60.000000,11.693178
73,38,115.000000,-60.000000,11.657471
74,38,120.000000,-60.000000,11.621783
75,38,125.000000,-60.000000,11.586096
76,38,130.000000,-60.000000,11.550582
77,38,135.000000,-60.000000,11.515510
78,38,140.000000,-60.000000,11.481284
79,38,145.000000,-60.000000,11.448192
80,38,150.000000,-60.000000,11.415100
81,38,155.000000,-60.000000,11.382008
82,38,160.000000,-60.000000,11.348887
83,38,165.000000,-60.000000,11.315754
84,38,170.000000,-60.000000,11.282467
85,38,175.000000,-60.000000,11.249155
86,38,180.000000,-60.000000,11.215843
87,38,185.000000,-60.000000,11.182501
88,38,190.000000,-60.000000,11.148995
89,38,195.000000,-60.000000,11.115117
90,38,200.000000,-60.000000,11.080371
91,38,205.000000,-60.000000,11.045625
92,38,210.000000,-60.000000,11.010878
93,38,215.000000,-60.000000,10.976139
94,38,220.000000,-60.000000,10.941404
95,38,225.000000,-60.000000,10.906763
96,38,230.000000,-60.000000,10.872156
97,38,235.000000,-60.000000,10.837549
98,38,240.000000,-60.000000,10.802943
99,38,245.000000,-60.000000,10.768406
100,38,250.000000,-60.000000,10.734212
0,39,-250.000000,-55.000000,13.224884
1,39,-245.000000,-55.000000,13.214145
2,39,-240.000000,-55.000000,13.203406
3,39,-235.000000,-55.000000,13.192667
4,39,-230.000000,-55.000000,13.183249
5,39,-225.000000,-55.000000,13.174662
6,39,-220.000000,-55.000000,13.166260
7,39,-215.000000,-55.000000,13.157916
8,39,-210.000000,-55.000000,13.149572
9,39,-205.000000,-55.000000,13.141368
10,39,-200.000000,-55.000000,13.135809
11,39,-195.000000,-55.000000,13.130347
12,39,-190.000000,-55.000000,13.125289
13,39,-185.000000,-55.000000,13.120231
14,39,-180.000000,-55.000000,13.115173
15,39,-175.000000,-55.000000,13.109761
16,39,-170.000000,-55.000000,13.103973
17,39,-165.000000,-55.000000,13.098069
18,39,-160.000000,-55.000000,13.092095
19,39,-155.000000,-55.000000,13.086122
20,39,-150.000000,-55.000000,13.080149
21,39,-145.000000,-55.000000,13.069531
22,39,-140.000000,-55.000000,13.058404
23,39,-135.000000,-55.000000,13.045676
24,39,-130.000000,-55.000000,13.032948
25,39,-125.000000,-55.000000,13.020220
26,39,-120.000000,-55.000000,13.005390
27,39,-115.000000,-55.000000,12.986791
28,39,-110.000000,-55.000000,12.966894
29,39,-105.000000,-55.000000,12.945717
30,39,-100.000000,-55.000000,12.924540
31,39,-95.000000,-55.000000,12.903363
32,39,-90.000000,-55.000000,12.879954
33,39,-85.000000,-55.000000,12.855965
34,39,-80.000000,-55.000000,12.830517
35,39,-75.000000,-55.000000,12.804974
36,39,-70.000000,-55.000000,12.779432
37,39,-65.000000,-55.000000,12.754000
38,39,-60.000000,-55.000000,12.728940
39,39,-55.000000,-55.000000,12.704003
40,39,-50.000000,-55.000000,12.679273
41,39,-45.000000,-55.000000,12.654543
42,39,-40.000000,-55.000000,12.629813
43,39,-35.000000,-55.000000,12.605576
44,39,-30.000000,-55.000000,12.581587
45,39,-25.000000,-55.000000,12.558106
46,39,-20.000000,-55.000000,12.534743
47,39,-15.000000,-55.000000,12.511379
48,39,-10.000000,-55.000000,12.487870
49,39,-5.000000,-55.000000,12.463080
50,39,0.000000,-55.000000,12.437924
51,39,5.000000,-55.000000,12.411658
52,39,10.000000,-55.000000,12.385391
53,39,15.000000,-55.000000,12.359125
54,39,20.000000,-55.000000,12.331276
55,39,25.000000,-55.000000,12.302069
56,39,30.000000,-55.000000,12.270311
57,39,35.000000,-55.000000,12.237371
58,39,40.000000,-55.000000,12.204432
59,39,45.000000,-55.000000,12.171493
60,39,50.000000,-55.000000,12.136490
61,39,55.000000,-55.000000,12.101037
62,39,60.000000,-55.000000,12.062665
63,39,65.000000,-55.000000,12.024293
64,39,70.000000,-55.000000,11.985921
65,39,75.000000,-55.000000,11.947486
66,39,80.000000,-55.000000,11.908959
67,39,85.000000,-55.000000,11.870265
68,39,90.000000,-55.000000,11.831437
69,39,95.000000,-55.000000,11.792609
70,39,100.000000,-55.000000,11.753781
71,39,105.000000,-55.000000,11.715734
72,39,110.000000,-55.000000,11.677830
73,39,115.000000,-55.000000,11.642187
74,39,120.000000,-55.000000,11.606564
75,39,125.000000,-55.000000,11.570940
76,39,130.000000,-55.000000,11.535494
77,39,135.000000,-55.000000,11.500496
78,39,140.000000,-55.000000,11.466357
79,39,145.000000,-55.000000,11.433369
80,39,150.000000,-55.000000,11.400381
81,39,155.000000,-55.000000,11.367393
82,39,160.000000,-55.000000,11.334377
83,39,165.000000,-55.000000,11.301350
84,39,170.000000,-55.000000,11.268177
85,39,175.000000,-55.000000,11.234980
86,39,180.000000,-55.000000,11.201784
87,39,185.000000,-55.000000,11.168557
88,39,190.000000,-55.000000,11.135164
89,39,195.000000,-55.000000,11.101395
90,39,200.000000,-55.000000,11.066747
91,39,205.000000,-55.000000,11.032100
92,39,210.000000,-55.000000,10.997452
93,39,215.000000,-55.000000,10.962810
94,39,220.000000,-55.000000,10.928172
95,39,225.000000,-55.000000,10.893611
96,39,230.000000,-55.000000,10.859077
97,39,235.000000,-55.000000,10.824543
98,39,240.000000,-55.000000,10.790011
99,39,245.000000,-55.000000,10.755547
100,39,250.000000,-55.000000,10.721426
0,40,-250.000000,-50.000000,13.182081
1,40,-245.000000,-50.000000,13.171634
2,40,-240.000000,-50.000000,13.161187
3,40,-235.000000,-50.000000,13.150740
4,40,-230.000000,-50.000000,13.141664
5,40,-225.000000,-50.000000,13.133449
6,40,-220.000000,-50.000000,13.125426
7,40,-215.000000,-50.000000,13.117464
8,40,-210.000000,-50.000000,13.109502
9,40,-205.000000,-50.000000,13.101681
10,40,-200.000000,-50.000000,13.096535
11,40,-195.000000,-50.000000,13.091489
12,40,-190.000000,-50.000000,13.086850
13,40,-185.000000,-50.000000,13.082211
14,40,-180.000000,-50.000000,13.077572
15,40,-175.000000,-50.000000,13.072579
16,40,-170.000000,-50.000000,13.067212
17,40,-165.000000,-50.000000,13.061727
18,40,-160.000000,-50.000000,13.056174
19,40,-155.000000,-50.000000,13.050621
20,40,-150.000000,-50.000000,13.045068
21,40,-145.000000,-50.000000,13.034880
22,40,-140.000000,-50.000000,13.024185
23,40,-135.000000,-50.000000,13.011893
24,40,-130.000000,-50.000000,12.999600
25,40,-125.000000,-50.000000,12.987307
26,40,-120.000000,-50.000000,12.972930
27,40,-115.000000,-50.000000,12.954817
28,40,-110.000000,-50.000000,12.935417
29,40,-105.000000,-50.000000,12.914748
30,40,-100.000000,-50.000000,12.894080
31,40,-95.000000,-50.000000,12.873411
32,40,-90.000000,-50.000000,12.850570
33,40,-85.000000,-50.000000,12.827165
34,40,-80.000000,-50.000000,12.802339
35,40,-75.000000,-50.000000,12.777422
36,40,-70.000000,-50.000000,12.752505
37,40,-65.000000,-50.000000,12.727710
38,40,-60.000000,-50.000000,12.703321
39,40,-55.000000,-50.000000,12.679068
40,40,-50.000000,-50.000000,12.655041
41,40,-45.000000,-50.000000,12.631014
42,40,-40.000000,-50.000000,12.606987
43,40,-35.000000,-50.000000,12.583434
44,40,-30.000000,-50.000000,12.560118
45,40,-25.000000,-50.000000,12.537290
46,40,-20.000000,-50.000000,12.514574
47,40,-15.000000,-50.000000,12.491858
48,40,-10.000000,-50.000000,12.468986
49,40,-5.000000,-50.000000,12.444744
50,40,0.000000,-50.000000,12.420112
51,40,5.000000,-50.000000,12.394291
52,40,10.000000,-50.000000,12.368471
53,40,15.000000,-50.000000,12.342650
54,40,20.000000,-50.000000,12.315189
55,40,25.000000,-50.000000,12.286319
56,40,30.000000,-50.000000,12.254804
57,40,35.000000,-50.000000,12.222063
58,40,40.000000,-50.000000,12.189323
59,40,45.000000,-50.000000,12.156582
60,40,50.000000,-50.000000,12.121718
61,40,55.000000,-50.000000,12.086389
62,40,60.000000,-50.000000,12.048056
63,40,65.000000,-50.000000,12.009722
64,40,70.000000,-50.000000,11.971388
65,40,75.000000,-50.000000,11.932988
66,40,80.000000,-50.000000,11.894491
67,40,85.000000,-50.000000,11.855818
68,40,90.000000,-50.000000,11.817003
69,40,95.000000,-50.000000,11.778188
70,40,100.000000,-50.000000,11.739373
71,40,105.000000,-50.000000,11.701352
72,40,110.000000,-50.000000,11.663475
73,40,115.000000,-50.000000,11.627898
74,40,120.000000,-50.000000,11.592341
75,40,125.000000,-50.000000,11.556783
76,40,130.000000,-50.000000,11.521406
77,40,135.000000,-50.000000,11.486484
78,40,140.000000,-50.000000,11.452437
79,40,145.000000,-50.000000,11.419560
80,40,150.000000,-50.000000,11.386683
81,40,155.000000,-50.000000,11.353806
82,40,160.000000,-50.000000,11.320901
83,40,165.000000,-50.000000,11.287986
84,40,170.000000,-50.000000,11.254923
85,40,175.000000,-50.000000,11.221837
86,40,180.000000,-50.000000,11.188751
87,40,185.000000,-50.000000,11.155635
88,40,190.000000,-50.000000,11.122348
89,40,195.000000,-50.000000,11.088678
90,40,200.000000,-50.000000,11.054111
91,40,205.000000,-50.000000,11.019544
92,40,210.000000,-50.000000,10.984978
93,40,215.000000,-50.000000,10.950415
94,40,220.000000,-50.000000,10.915856
95,40,225.000000,-50.000000,10.881357
96,40,230.000000,-50.000000,10.846880
97,40,235.000000,-50.000000,10.812403
98,40,240.000000,-50.000000,10.777928
99,40,245.000000,-50.000000,10.743522
100,40,250.000000,-50.000000,10.709461
0,41,-250.000000,-45.000000,13.139903
1,41,-245.000000,-45.000000,13.129731
2,41,-240.000000,-45.000000,13.119558
3,41,-235.000000,-45.000000,13.109386
4,41,-230.000000,-45.000000,13.100637
5,41,-225.000000,-45.000000,13.092784
6,41,-220.000000,-45.000000,13.085129
7,41,-215.000000,-45.000000,13.077538
8,41,-210.000000,-45.000000,13.069947
9,41,-205.000000,-45.000000,13.062499
10,41,-200.000000,-45.000000,13.057764
11,41,-195.000000,-45.000000,13.053130
12,41,-190.000000,-45.000000,13.048909
13,41,-185.000000,-45.000000,13.044689
14,41,-180.000000,-45.000000,13.040468
15,41,-175.000000,-45.000000,13.035896
16,41,-170.000000,-45.000000,13.030951
17,41,-165.000000,-45.000000,13.025890
18,41,-160.000000,-45.000000,13.020760
19,41,-155.000000,-45.000000,13.015631
20,41,-150.000000,-45.000000,13.010502
21,41,-145.000000,-45.000000,13.000744
22,41,-140.000000,-45.000000,12.990481
23,41,-135.000000,-45.000000,12.978622
24,41,-130.000000,-45.000000,12.966763
25,41,-125.000000,-45.000000,12.954904
26,41,-120.000000,-45.000000,12.940976
27,41,-115.000000,-45.000000,12.923341
28,41,-110.000000,-45.000000,12.904430
29,41,-105.000000,-45.000000,12.884259
30,41,-100.000000,-45.000000,12.864089
31,41,-95.000000,-45.000000,12.843918
32,41,-90.000000,-45.000000,12.821633
33,41,-85.000000,-45.000000,12.798799
34,41,-80.000000,-45.000000,12.774583
35,41,-75.000000,-45.000000,12.750277
36,41,-70.000000,-45.000000,12.725972
37,41,-65.000000,-45.000000,12.701799
38,41,-60.000000,-45.000000,12.678071
39,41,-55.000000,-45.000000,12.654490
40,41,-50.000000,-45.000000,12.631157
41,41,-45.000000,-45.000000,12.607824
42,41,-40.000000,-45.000000,12.584490
43,41,-35.000000,-45.000000,12.561613
44,41,-30.000000,-45.000000,12.538964
45,41,-25.000000,-45.000000,12.516784
46,41,-20.000000,-45.000000,12.494712
47,41,-15.000000,-45.000000,12.472641
48,41,-10.000000,-45.000000,12.450404
49,41,-5.000000,-45.000000,12.426708
50,41,0.000000,-45.000000,12.402597
51,41,5.000000,-45.000000,12.377222
52,41,10.000000,-45.000000,12.351846
53,41,15.000000,-45.000000,12.326471
54,41,20.000000,-45.000000,12.299395
55,41,25.000000,-45.000000,12.270860
56,41,30.000000,-45.000000,12.239585
57,41,35.000000,-45.000000,12.207040
58,41,40.000000,-45.000000,12.174495
59,41,45.000000,-45.000000,12.141950
60,41,50.000000,-45.000000,12.107220
61,41,55.000000,-45.000000,12.072011
62,41,60.000000,-45.000000,12.033711
63,41,65.000000,-45.000000,11.995410
64,41,70.000000,-45.000000,11.957109
65,41,75.000000,-45.000000,11.918738
66,41,80.000000,-45.000000,11.880266
67,41,85.000000,-45.000000,11.841609
68,41,90.000000,-45.000000,11.802804
69,41,95.000000,-45.000000,11.763998
70,41,100.000000,-45.000000,11.725192
71,41,105.000000,-45.000000,11.687195
72,41,110.000000,-45.000000,11.649344
73,41,115.000000,-45.000000,11.613833
74,41,120.000000,-45.000000,11.578342
75,41,125.000000,-45.000000,11.542851
76,41,130.000000,-45.000000,11.507542
77,41,135.000000,-45.000000,11.472698
78,41,140.000000,-45.000000,11.438743
79,41,145.000000,-45.000000,11.405979
80,41,150.000000,-45.000000,11.373215
81,41,155.000000,-45.000000,11.340451
82,41,160.000000,-45.000000,11.307658
83,41,165.000000,-45.000000,11.274854
84,41,170.000000,-45.000000,11.241902
85,41,175.000000,-45.000000,11.208926
86,41,180.000000,-45.000000,11.175950
87,41,185.000000,-45.000000,11.142942
88,41,190.000000,-45.000000,11.109760
89,41,195.000000,-45.000000,11.076187
90,41,200.000000,-45.000000,11.041697
91,41,205.000000,-45.000000,11.007207
92,41,210.000000,-45.000000,10.972717
93,41,215.000000,-45.000000,10.938230
94,41,220.000000,-45.000000,10.903745
95,41,225.000000,-45.000000,10.869306
96,41,230.000000,-45.000000,10.834882
97,41,235.000000,-45.000000,10.800458
98,41,240.000000,-45.000000,10.766037
99,41,245.000000,-45.000000,10.731684
100,41,250.000000,-45.000000,10.697680
0,42,-250.000000,-40.000000,13.097726
1,42,-245.000000,-40.000000,13.087828
2,42,-240.000000,-40.000000,13.077930
3,42,-235.000000,-40.000000,13.068032
4,42,-230.000000,-40.000000,13.059611
5,42,-225.000000,-40.000000,13.052119
6,42,-220.000000,-40.000000,13.044833
7,42,-215.000000,-40.000000,13.037612
8,42,-210.000000,-40.000000,13.030392
9,42,-205.000000,-40.000000,13.023317
10,42,-200.000000,-40.000000,13.018993
11,42,-195.000000,-40.000000,13.014771
12,42,-190.000000,-40.000000,13.010969
13,42,-185.000000,-40.000000,13.007167
14,42,-180.000000,-40.000000,13.003365
15,42,-175.000000,-40.000000,12.999212
16,42,-170.000000,-40.000000,12.994690
17,42,-165.000000,-40.000000,12.990052
18,42,-160.000000,-40.000000,12.985347
19,42,-155.000000,-40.000000,12.980641
20,42,-150.000000,-40.000000,12.975935
21,42,-145.000000,-40.000000,12.966608
22,42,-140.000000,-40.000000,12.956776
23,42,-135.000000,-40.000000,12.945351
24,42,-130.000000,-40.000000,12.933925
25,42,-125.000000,-40.000000,12.922500
26,42,-120.000000,-40.000000,12.909022
27,42,-115.000000,-40.000000,12.891866
28,42,-110.000000,-40.000000,12.873443
29,42,-105.000000,-40.000000,12.853770
30,42,-100.000000,-40.000000,12.834097
31,42,-95.000000,-40.000000,12.814425
32,42,-90.000000,-40.000000,12.792696
33,42,-85.000000,-40.000000,12.770433
34,42,-80.000000,-40.000000,12.746826
35,42,-75.000000,-40.000000,12.723132
36,42,-70.000000,-40.000000,12.699438
37,42,-65.000000,-40.000000,12.675889
38,42,-60.000000,-40.000000,12.652820
39,42,-55.000000,-40.000000,12.629913
40,42,-50.000000,-40.000000,12.607273
41,42,-45.000000,-40.000000,12.584633
42,42,-40.000000,-40.000000,12.561993
43,42,-35.000000,-40.000000,12.539792
44,42,-30.000000,-40.000000,12.517810
45,42,-25.000000,-40.000000,12.496278
46,42,-20.000000,-40.000000,12.474851
47,42,-15.000000,-40.000000,12.453424
48,42,-10.000000,-40.000000,12.431821
49,42,-5.000000,-40.000000,12.408672
50,42,0.000000,-40.000000,12.385082
51,42,5.000000,-40.000000,12.360152
52,42,10.000000,-40.000000,12.335222
53,42,15.000000,-40.000000,12.310291
54,42,20.000000,-40.000000,12.283602
55,42,25.000000,-40.000000,12.255402
56,42,30.000000,-40.000000,12.224366
57,42,35.000000,-40.000000,12.192017
58,42,40.000000,-40.000000,12.159667
59,42,45.000000,-40.000000,12.127318
60,42,50.000000,-40.000000,12.092721
61,42,55.000000,-40.000000,12.057633
62,42,60.000000,-40.000000,12.019365
63,42,65.000000,-40.000000,11.981098
64,42,70.000000,-40.000000,11.942830
65,42,75.000000,-40.000000,11.904488
66,42,80.000000,-40.000000,11.866041
67,42,85.000000,-40.000000,11.827401
68,42,90.000000,-40.000000,11.788604
69,42,95.000000,-40.000000,11.749808
70,42,100.000000,-40.000000,11.711012
71,42,105.000000,-40.000000,11.673038
72,42,110.000000,-40.000000,11.635213
73,42,115.000000,-40.000000,11.599768
74,42,120.000000,-40.000000,11.564343
75,42,125.000000,-40.000000,11.528918
76,42,130.000000,-40.000000,11.493679
77,42,135.000000,-40.000000,11.458912
78,42,140.000000,-40.000000,11.425049
79,42,145.000000,-40.000000,11.392398
80,42,150.000000,-40.000000,11.359746
81,42,155.000000,-40.000000,11.327095
82,42,160.000000,-40.000000,11.294415
83,42,165.000000,-40.000000,11.261723
84,42,170.000000,-40.000000,11.228881
85,42,175.000000,-40.000000,11.196014
86,42,180.000000,-40.000000,11.163148
87,42,185.000000,-40.000000,11.130249
88,42,190.000000,-40.000000,11.097173
89,42,195.000000,-40.000000,11.063696
90,42,200.000000,-40.000000,11.029283
91,42,205.000000,-40.000000,10.994869
92,42,210.000000,-40.000000,10.960456
93,42,215.000000,-40.000000,10.926045
94,42,220.000000,-40.000000,10.891635
95,42,225.000000,-40.000000,10.857254
96,42,230.000000,-40.000000,10.822884
97,42,235.000000,-40.000000,10.788513
98,42,240.000000,-40.000000,10.754145
99,42,245.000000,-40.000000,10.719846
100,42,250.000000,-40.000000,10.685899
0,43,-250.000000,-35.000000,13.056295
1,43,-245.000000,-35.000000,13.046646
2,43,-240.000000,-35.000000,13.036997
3,43,-235.000000,-35.000000,13.027348
4,43,-230.000000,-35.000000,13.019229
5,43,-225.000000,-35.000000,13.012071
6,43,-220.000000,-35.000000,13.005128
7,43,-215.000000,-35.000000,12.998252
8,43,-210.000000,-35.000000,12.991376
9,43,-205.000000,-35.000000,12.984647
10,43,-200.000000,-35.000000,12.980713
11,43,-195.000000,-35.000000,12.976882
12,43,-190.000000,-35.000000,12.973477
13,43,-185.000000,-35.000000,12.970072
14,43,-180.000000,-35.000000,12.966667
15,43,-175.000000,-35.000000,12.962917
16,43,-170.000000,-35.000000,12.958801
17,43,-165.000000,-35.000000,12.954570
18,43,-160.000000,-35.000000,12.950272
19,43,-155.000000,-35.000000,12.945975
20,43,-150.000000,-35.000000,12.941677
21,43,-145.000000,-35.000000,12.932766
22,43,-140.000000,-35.000000,12.923349
23,43,-135.000000,-35.000000,12.912342
24,43,-130.000000,-35.000000,12.901335
25,43,-125.000000,-35.000000,12.890328
26,43,-120.000000,-35.000000,12.877282
27,43,-115.000000,-35.000000,12.860584
28,43,-110.000000,-35.000000,12.842627
29,43,-105.000000,-35.000000,12.823430
30,43,-100.000000,-35.000000,12.804233
31,43,-95.000000,-35.000000,12.785036
32,43,-90.000000,-35.000000,12.763835
33,43,-85.000000,-35.000000,12.742115
34,43,-80.000000,-35.000000,12.719085
35,43,-75.000000,-35.000000,12.695971
36,43,-70.000000,-35.000000,12.672857
37,43,-65.000000,-35.000000,12.649898
38,43,-60.000000,-35.000000,12.627455
39,43,-55.000000,-35.000000,12.605185
40,43,-50.000000,-35.000000,12.583204
41,43,-45.000000,-35.000000,12.561222
42,43,-40.000000,-35.000000,12.539240
43,43,-35.000000,-35.000000,12.517681
44,43,-30.000000,-35.000000,12.496334
45,43,-25.000000,-35.000000,12.475422
46,43,-20.000000,-35.000000,12.454612
47,43,-15.000000,-35.000000,12.433801
48,43,-10.000000,-35.000000,12.412805
49,43,-5.000000,-35.000000,12.390184
50,43,0.000000,-35.000000,12.367098
51,43,5.000000,-35.000000,12.342603
52,43,10.000000,-35.000000,12.318108
53,43,15.000000,-35.000000,12.293613
54,43,20.000000,-35.000000,12.267305
55,43,25.000000,-35.000000,12.239440
56,43,30.000000,-35.000000,12.208652
57,43,35.000000,-35.000000,12.176510
58,43,40.000000,-35.000000,12.144368
59,43,45.000000,-35.000000,12.112227
60,43,50.000000,-35.000000,12.077781
61,43,55.000000,-35.000000,12.042832
62,43,60.000000,-35.000000,12.004624
63,43,65.000000,-35.000000,11.966416
64,43,70.000000,-35.000000,11.928207
65,43,75.000000,-35.000000,11.889923
66,43,80.000000,-35.000000,11.851529
67,43,85.000000,-35.000000,11.812934
68,43,90.000000,-35.000000,11.774178
69,43,95.000000,-35.000000,11.735421
70,43,100.000000,-35.000000,11.696665
71,43,105.000000,-35.000000,11.658743
72,43,110.000000,-35.000000,11.620973
73,43,115.000000,-35.000000,11.585619
74,43,120.000000,-35.000000,11.550285
75,43,125.000000,-35.000000,11.514951
76,43,130.000000,-35.000000,11.479806
77,43,135.000000,-35.000000,11.445139
78,43,140.000000,-35.000000,11.411389
79,43,145.000000,-35.000000,11.378867
80,43,150.000000,-35.000000,11.346344
81,43,155.000000,-35.000000,11.313822
82,43,160.000000,-35.000000,11.281269
83,43,165.000000,-35.000000,11.248705
84,43,170.000000,-35.000000,11.215982
85,43,175.000000,-35.000000,11.183234
86,43,180.000000,-35.000000,11.150486
87,43,185.000000,-35.000000,11.117705
88,43,190.000000,-35.000000,11.084742
89,43,195.000000,-35.000000,11.051369
90,43,200.000000,-35.000000,11.017038
91,43,205.000000,-35.000000,10.982707
92,43,210.000000,-35.000000,10.948376
93,43,215.000000,-35.000000,10.914046
94,43,220.000000,-35.000000,10.879717
95,43,225.000000,-35.000000,10.845401
96,43,230.000000,-35.000000,10.811091
97,43,235.000000,-35.000000,10.776781
98,43,240.000000,-35.000000,10.742473
99,43,245.000000,-35.000000,10.708236
100,43,250.000000,-35.000000,10.674352
0,44,-250.000000,-30.000000,13.015893
1,44,-245.000000,-30.000000,13.006458
2,44,-240.000000,-30.000000,12.997023
3,44,-235.000000,-30.000000,12.987588
4,44,-230.000000,-30.000000,12.979735
5,44,-225.000000,-30.000000,12.972876
6,44,-220.000000,-30.000000,12.966238
7,44,-215.000000,-30.000000,12.959671
8,44,-210.000000,-30.000000,12.953103
9,44,-205.000000,-30.000000,12.946686
10,44,-200.000000,-30.000000,12.943110
11,44,-195.000000,-30.000000,12.939641
12,44,-190.000000,-30.000000,12.936604
13,44,-185.000000,-30.000000,12.933567
14,44,-180.000000,-30.000000,12.930531
15,44,-175.000000,-30.000000,12.927156
16,44,-170.000000,-30.000000,12.923423
17,44,-165.000000,-30.000000,12.919578
18,44,-160.000000,-30.000000,12.915667
19,44,-155.000000,-30.000000,12.911756
20,44,-150.000000,-30.000000,12.907846
21,44,-145.000000,-30.000000,12.899328
22,44,-140.000000,-30.000000,12.890306
23,44,-135.000000,-30.000000,12.879695
24,44,-130.000000,-30.000000,12.869085
25,44,-125.000000,-30.000000,12.858474
26,44,-120.000000,-30.000000,12.845837
27,44,-115.000000,-30.000000,12.829568
28,44,-110.000000,-30.000000,12.812049
29,44,-105.000000,-30.000000,12.793296
30,44,-100.000000,-30.000000,12.774543
31,44,-95.000000,-30.000000,12.755790
32,44,-90.000000,-30.000000,12.735080
33,44,-85.000000,-30.000000,12.713863
34,44,-80.000000,-30.000000,12.691367
35,44,-75.000000,-30.000000,12.668788
36,44,-70.000000,-30.000000,12.646210
37,44,-65.000000,-30.000000,12.623796
38,44,-60.000000,-30.000000,12.601932
39,44,-55.000000,-30.000000,12.580252
40,44,-50.000000,-30.000000,12.558879
41,44,-45.000000,-30.000000,12.537505
42,44,-40.000000,-30.000000,12.516132
43,44,-35.000000,-30.000000,12.495170
44,44,-30.000000,-30.000000,12.474415
45,44,-25.000000,-30.000000,12.454084
46,44,-20.000000,-30.000000,12.433850
47,44,-15.000000,-30.000000,12.413617
48,44,-10.000000,-30.000000,12.393191
49,44,-5.000000,-30.000000,12.371070
50,44,0.000000,-30.000000,12.348467
51,44,5.000000,-30.000000,12.324394
52,44,10.000000,-30.000000,12.300321
53,44,15.000000,-30.000000,12.276248
54,44,20.000000,-30.000000,12.250315
55,44,25.000000,-30.000000,12.222785
56,44,30.000000,-30.000000,12.192256
57,44,35.000000,-30.000000,12.160337
58,44,40.000000,-30.000000,12.128419
59,44,45.000000,-30.000000,12.096501
60,44,50.000000,-30.000000,12.062231
61,44,55.000000,-30.000000,12.027447
62,44,60.000000,-30.000000,11.989336
63,44,65.000000,-30.000000,11.951224
64,44,70.000000,-30.000000,11.913112
65,44,75.000000,-30.000000,11.874922
66,44,80.000000,-30.000000,11.836620
67,44,85.000000,-30.000000,11.798110
68,44,90.000000,-30.000000,11.759436
69,44,95.000000,-30.000000,11.720762
70,44,100.000000,-30.000000,11.682087
71,44,105.000000,-30.000000,11.644258
72,44,110.000000,-30.000000,11.606582
73,44,115.000000,-30.000000,11.571353
74,44,120.000000,-30.000000,11.536146
75,44,125.000000,-30.000000,11.500938
76,44,130.000000,-30.000000,11.465920
77,44,135.000000,-30.000000,11.431385
78,44,140.000000,-30.000000,11.397775
79,44,145.000000,-30.000000,11.365405
80,44,150.000000,-30.000000,11.333034
81,44,155.000000,-30.000000,11.300663
82,44,160.000000,-30.000000,11.268259
83,44,165.000000,-30.000000,11.235842
84,44,170.000000,-30.000000,11.203251
85,44,175.000000,-30.000000,11.170634
86,44,180.000000,-30.000000,11.138016
87,44,185.000000,-30.000000,11.105365
88,44,190.000000,-30.000000,11.072527
89,44,195.000000,-30.000000,11.039269
90,44,200.000000,-30.000000,11.005028
91,44,205.000000,-30.000000,10.970787
92,44,210.000000,-30.000000,10.936546
93,44,215.000000,-30.000000,10.902305
94,44,220.000000,-30.000000,10.868064
95,44,225.000000,-30.000000,10.833823
96,44,230.000000,-30.000000,10.799583
97,44,235.000000,-30.000000,10.765343
98,44,240.000000,-30.000000,10.731105
99,44,245.000000,-30.000000,10.696938
100,44,250.000000,-30.000000,10.663129
0,45,-250.000000,-25.000000,12.976434
1,45,-245.000000,-25.000000,12.967181
2,45,-240.000000,-25.000000,12.957928
3,45,-235.000000,-25.000000,12.948674
4,45,-230.000000,-25.000000,12.941054
5,45,-225.000000,-25.000000,12.934461
6,45,-220.000000,-25.000000,12.928096
7,45,-215.000000,-25.000000,12.921804
8,45,-210.000000,-25.000000,12.915511
9,45,-205.000000,-25.000000,12.909372
10,45,-200.000000,-25.000000,12.906128
11,45,-195.000000,-25.000000,12.902992
12,45,-190.000000,-25.000000,12.900297
13,45,-185.000000,-25.000000,12.897602
14,45,-180.000000,-25.000000,12.894907
15,45,-175.000000,-25.000000,12.891884
16,45,-170.000000,-25.000000,12.888513
17,45,-165.000000,-25.000000,12.885034
18,45,-160.000000,-25.000000,12.881491
19,45,-155.000000,-25.000000,12.877947
20,45,-150.000000,-25.000000,12.874404
21,45,-145.000000,-25.000000,12.866260
22,45,-140.000000,-25.000000,12.857613
23,45,-135.000000,-25.000000,12.847379
24,45,-130.000000,-25.000000,12.837146
25,45,-125.000000,-25.000000,12.826913
26,45,-120.000000,-25.000000,12.814662
27,45,-115.000000,-25.000000,12.798797
28,45,-110.000000,-25.000000,12.781688
29,45,-105.000000,-25.000000,12.763350
30,45,-100.000000,-25.000000,12.745013
31,45,-95.000000,-25.000000,12.726676
32,45,-90.000000,-25.000000,12.706422
33,45,-85.000000,-25.000000,12.685672
34,45,-80.000000,-25.000000,12.663669
35,45,-75.000000,-25.000000,12.641586
36,45,-70.000000,-25.000000,12.619502
37,45,-65.000000,-25.000000,12.597592
38,45,-60.000000,-25.000000,12.576264
39,45,-55.000000,-25.000000,12.555131
40,45,-50.000000,-25.000000,12.534320
41,45,-45.000000,-25.000000,12.513510
42,45,-40.000000,-25.000000,12.492700
43,45,-35.000000,-25.000000,12.472294
44,45,-30.000000,-25.000000,12.452091
45,45,-25.000000,-25.000000,12.432303
46,45,-20.000000,-25.000000,12.412611
47,45,-15.000000,-25.000000,12.392920
48,45,-10.000000,-25.000000,12.373029
49,45,-5.000000,-25.000000,12.351385
50,45,0.000000,-25.000000,12.329242
51,45,5.000000,-25.000000,12.305579
52,45,10.000000,-25.000000,12.281916
53,45,15.000000,-25.000000,12.258253
54,45,20.000000,-25.000000,12.232689
55,45,25.000000,-25.000000,12.205493
56,45,30.000000,-25.000000,12.175234
57,45,35.000000,-25.000000,12.143554
58,45,40.000000,-25.000000,12.111875
59,45,45.000000,-25.000000,12.080196
60,45,50.000000,-25.000000,12.046124
61,45,55.000000,-25.000000,12.011528
62,45,60.000000,-25.000000,11.973547
63,45,65.000000,-25.000000,11.935565
64,45,70.000000,-25.000000,11.897584
65,45,75.000000,-25.000000,11.859522
66,45,80.000000,-25.000000,11.821347
67,45,85.000000,-25.000000,11.782961
68,45,90.000000,-25.000000,11.744406
69,45,95.000000,-25.000000,11.705852
70,45,100.000000,-25.000000,11.667298
71,45,105.000000,-25.000000,11.629598
72,45,110.000000,-25.000000,11.592053
73,45,115.000000,-25.000000,11.556982
74,45,120.000000,-25.000000,11.521932
75,45,125.000000,-25.000000,11.486881
76,45,130.000000,-25.000000,11.452022
77,45,135.000000,-25.000000,11.417649
78,45,140.000000,-25.000000,11.384205
79,45,145.000000,-25.000000,11.352006
80,45,150.000000,-25.000000,11.319807
81,45,155.000000,-25.000000,11.287608
82,45,160.000000,-25.000000,11.255372
83,45,165.000000,-25.000000,11.223121
84,45,170.000000,-25.000000,11.190676
85,45,175.000000,-25.000000,11.158199
86,45,180.000000,-25.000000,11.125723
87,45,185.000000,-25.000000,11.093212
88,45,190.000000,-25.000000,11.060510
89,45,195.000000,-25.000000,11.027376
90,45,200.000000,-25.000000,10.993232
91,45,205.000000,-25.000000,10.959088
92,45,210.000000,-25.000000,10.924944
93,45,215.000000,-25.000000,10.890799
94,45,220.000000,-25.000000,10.856654
95,45,225.000000,-25.000000,10.822497
96,45,230.000000,-25.000000,10.788335
97,45,235.000000,-25.000000,10.754174
98,45,240.000000,-25.000000,10.720015
99,45,245.000000,-25.000000,10.685928
100,45,250.000000,-25.000000,10.652202
0,46,-250.000000,-20.000000,12.937339
1,46,-245.000000,-20.000000,12.928254
2,46,-240.000000,-20.000000,12.919170
3,46,-235.000000,-20.000000,12.910086
4,46,-230.000000,-20.000000,12.902687
5,46,-225.000000,-20.000000,12.896346
6,46,-220.000000,-20.000000,12.890242
7,46,-215.000000,-20.000000,12.884212
8,46,-210.000000,-20.000000,12.878182
9,46,-205.000000,-20.000000,12.872307
10,46,-200.000000,-20.000000,12.869385
11,46,-195.000000,-20.000000,12.866572
12,46,-190.000000,-20.000000,12.864208
13,46,-185.000000,-20.000000,12.861845
14,46,-180.000000,-20.000000,12.859482
15,46,-175.000000,-20.000000,12.856801
16,46,-170.000000,-20.000000,12.853785
17,46,-165.000000,-20.000000,12.850663
18,46,-160.000000,-20.000000,12.847480
19,46,-155.000000,-20.000000,12.844296
20,46,-150.000000,-20.000000,12.841113
21,46,-145.000000,-20.000000,12.833336
22,46,-140.000000,-20.000000,12.825055
23,46,-135.000000,-20.000000,12.815192
24,46,-130.000000,-20.000000,12.805328
25,46,-125.000000,-20.000000,12.795464
26,46,-120.000000,-20.000000,12.783592
27,46,-115.000000,-20.000000,12.768120
28,46,-110.000000,-20.000000,12.751410
29,46,-105.000000,-20.000000,12.733477
30,46,-100.000000,-20.000000,12.715544
31,46,-95.000000,-20.000000,12.697612
32,46,-90.000000,-20.000000,12.677801
33,46,-85.000000,-20.000000,12.657504
34,46,-80.000000,-20.000000,12.635979
35,46,-75.000000,-20.000000,12.614375
36,46,-70.000000,-20.000000,12.592771
37,46,-65.000000,-20.000000,12.571350
38,46,-60.000000,-20.000000,12.550541
39,46,-55.000000,-20.000000,12.529936
40,46,-50.000000,-20.000000,12.509672
41,46,-45.000000,-20.000000,12.489408
42,46,-40.000000,-20.000000,12.469143
43,46,-35.000000,-20.000000,12.449277
44,46,-30.000000,-20.000000,12.429609
45,46,-25.000000,-20.000000,12.410351
46,46,-20.000000,-20.000000,12.391188
47,46,-15.000000,-20.000000,12.372024
48,46,-10.000000,-20.000000,12.352656
49,46,-5.000000,-20.000000,12.331480
50,46,0.000000,-20.000000,12.309789
51,46,5.000000,-20.000000,12.286531
52,46,10.000000,-20.000000,12.263273
53,46,15.000000,-20.000000,12.240015
54,46,20.000000,-20.000000,12.214819
55,46,25.000000,-20.000000,12.187957
56,46,30.000000,-20.000000,12.157971
57,46,35.000000,-20.000000,12.126536
58,46,40.000000,-20.000000,12.095102
59,46,45.000000,-20.000000,12.063667
60,46,50.000000,-20.000000,12.029801
61,46,55.000000,-20.000000,11.995403
62,46,60.000000,-20.000000,11.957565
63,46,65.000000,-20.000000,11.919727
64,46,70.000000,-20.000000,11.881888
65,46,75.000000,-20.000000,11.843969
66,46,80.000000,-20.000000,11.805934
67,46,85.000000,-20.000000,11.767685
68,46,90.000000,-20.000000,11.729266
69,46,95.000000,-20.000000,11.690847
70,46,100.000000,-20.000000,11.652427
71,46,105.000000,-20.000000,11.614871
72,46,110.000000,-20.000000,11.577471
73,46,115.000000,-20.000000,11.542569
74,46,120.000000,-20.000000,11.507689
75,46,125.000000,-20.000000,11.472809
76,46,130.000000,-20.000000,11.438120
77,46,135.000000,-20.000000,11.403919
78,46,140.000000,-20.000000,11.370650
79,46,145.000000,-20.000000,11.338631
80,46,150.000000,-20.000000,11.306612
81,46,155.000000,-20.000000,11.274593
82,46,160.000000,-20.000000,11.242532
83,46,165.000000,-20.000000,11.210455
84,46,170.000000,-20.000000,11.178159
85,46,175.000000,-20.000000,11.145829
86,46,180.000000,-20.000000,11.113498
87,46,185.000000,-20.000000,11.081132
88,46,190.000000,-20.000000,11.048569
89,46,195.000000,-20.000000,11.015563
90,46,200.000000,-20.000000,10.981519
91,46,205.000000,-20.000000,10.947474
92,46,210.000000,-20.000000,10.913430
93,46,215.000000,-20.000000,10.879385
94,46,220.000000,-20.000000,10.845337
95,46,225.000000,-20.000000,10.811267
96,46,230.000000,-20.000000,10.777188
97,46,235.000000,-20.000000,10.743109
98,46,240.000000,-20.000000,10.709032
99,46,245.000000,-20.000000,10.675027
100,46,250.000000,-20.000000,10.641389
0,47,-250.000000,-15.000000,12.898243
1,47,-245.000000,-15.000000,12.889328
2,47,-240.000000,-15.000000,12.880413
3,47,-235.000000,-15.000000,12.871498
4,47,-230.000000,-15.000000,12.864320
5,47,-225.000000,-15.000000,12.858232
6,47,-220.000000,-15.000000,12.852387
7,47,-215.000000,-15.000000,12.846620
8,47,-210.000000,-15.000000,12.840852
9,47,-205.000000,-15.000000,12.835243
10,47,-200.000000,-15.000000,12.832641
11,47,-195.000000,-15.000000,12.830151
12,47,-190.000000,-15.000000,12.828120
13,47,-185.000000,-15.000000,12.826088
14,47,-180.000000,-15.000000,12.824056
15,47,-175.000000,-15.000000,12.821718
16,47,-170.000000,-15.000000,12.819056
17,47,-165.000000,-15.000000,12.816292
18,47,-160.000000,-15.000000,12.813468
19,47,-155.000000,-15.000000,12.810645
20,47,-150.000000,-15.000000,12.807822
21,47,-145.000000,-15.000000,12.800411
22,47,-140.000000,-15.000000,12.792498
23,47,-135.000000,-15.000000,12.783004
24,47,-130.000000,-15.000000,12.773509
25,47,-125.000000,-15.000000,12.764015
26,47,-120.000000,-15.000000,12.752521
27,47,-115.000000,-15.000000,12.737444
28,47,-110.000000,-15.000000,12.721132
29,47,-105.000000,-15.000000,12.703604
30,47,-100.000000,-15.000000,12.686076
31,47,-95.000000,-15.000000,12.668548
32,47,-90.000000,-15.000000,12.649180
33,47,-85.000000,-15.000000,12.629336
34,47,-80.000000,-15.000000,12.608289
35,47,-75.000000,-15.000000,12.587165
36,47,-70.000000,-15.000000,12.566040
37,47,-65.000000,-15.000000,12.545108
38,47,-60.000000,-15.000000,12.524818
39,47,-55.000000,-15.000000,12.504742
40,47,-50.000000,-15.000000,12.485023
41,47,-45.000000,-15.000000,12.465305
42,47,-40.000000,-15.000000,12.445586
43,47,-35.000000,-15.000000,12.426259
44,47,-30.000000,-15.000000,12.407128
45,47,-25.000000,-15.000000,12.388400
46,47,-20.000000,-15.000000,12.369764
47,47,-15.000000,-15.000000,12.351129
48,47,-10.000000,-15.000000,12.332282
49,47,-5.000000,-15.000000,12.311574
50,47,0.000000,-15.000000,12.290336
51,47,5.000000,-15.000000,12.267483
52,47,10.000000,-15.000000,12.244630
53,47,15.000000,-15.000000,12.221778
54,47,20.000000,-15.000000,12.196948
55,47,25.000000,-15.000000,12.170422
56,47,30.000000,-15.000000,12.140708
57,47,35.000000,-15.000000,12.109518
58,47,40.000000,-15.000000,12.078328
59,47,45.000000,-15.000000,12.047138
60,47,50.000000,-15.000000,12.013478
61,47,55.000000,-15.000000,11.979278
62,47,60.000000,-15.000000,11.941583
63,47,65.000000,-15.000000,11.903888
64,47,70.000000,-15.000000,11.866193
65,47,75.000000,-15.000000,11.828416
66,47,80.000000,-15.000000,11.790521
67,47,85.000000,-15.000000,11.752410
68,47,90.000000,-15.000000,11.714126
69,47,95.000000,-15.000000,11.675841
70,47,100.000000,-15.000000,11.637557
71,47,105.000000,-15.000000,11.600143
72,47,110.000000,-15.000000,11.562889
73,47,115.000000,-15.000000,11.528157
74,47,120.000000,-15.000000,11.493446
75,47,125.000000,-15.000000,11.458736
76,47,130.000000,-15.000000,11.424218
77,47,135.000000,-15.000000,11.390189
78,47,140.000000,-15.000000,11.357096
79,47,145.000000,-15.000000,11.325256
80,47,150.000000,-15.000000,11.293417
81,47,155.000000,-15.000000,11.261578
82,47,160.000000,-15.000000,11.229693
83,47,165.000000,-15.000000,11.197789
84,47,170.000000,-15.000000,11.165643
85,47,175.000000,-15.000000,11.133458
86,47,180.000000,-15.000000,11.101273
87,47,185.000000,-15.000000,11.069052
88,47,190.000000,-15.000000,11.036628
89,47,195.000000,-15.000000,11.003749
90,47,200.000000,-15.000000,10.969805
91,47,205.000000,-15.000000,10.935861
92,47,210.000000,-15.000000,10.901917
93,47,215.000000,-15.000000,10.867970
94,47,220.000000,-15.000000,10.834021
95,47,225.000000,-15.000000,10.800037
96,47,230.000000,-15.000000,10.766040
97,47,235.000000,-15.000000,10.732043
98,47,240.000000,-15.000000,10.698048
99,47,245.000000,-15.000000,10.664127
100,47,250.000000,-15.000000,10.630575
0,48,-250.000000,-10.000000,12.858404
1,48,-245.000000,-10.000000,12.849671
2,48,-240.000000,-10.000000,12.840938
3,48,-235.000000,-10.000000,12.832205
4,48,-230.000000,-10.000000,12.825251
5,48,-225.000000,-10.000000,12.819414
6,48,-220.000000,-10.000000,12.813827
7,48,-215.000000,-10.000000,12.808318
8,48,-210.000000,-10.000000,12.802809
9,48,-205.000000,-10.000000,12.797462
10,48,-200.000000,-10.000000,12.795163
11,48,-195.000000,-10.000000,12.792978
12,48,-190.000000,-10.000000,12.791257
13,48,-185.000000,-10.000000,12.789536
14,48,-180.000000,-10.000000,12.787815
15,48,-175.000000,-10.000000,12.785797
16,48,-170.000000,-10.000000,12.783465
17,48,-165.000000,-10.000000,12.781034
18,48,-160.000000,-10.000000,12.778546
19,48,-155.000000,-10.000000,12.776058
20,48,-150.000000,-10.000000,12.773570
21,48,-145.000000,-10.000000,12.766508
22,48,-140.000000,-10.000000,12.758946
23,48,-135.000000,-10.000000,12.749808
24,48,-130.000000,-10.000000,12.740669
25,48,-125.000000,-10.000000,12.731531
26,48,-120.000000,-10.000000,12.720405
27,48,-115.000000,-10.000000,12.705717
28,48,-110.000000,-10.000000,12.689802
29,48,-105.000000,-10.000000,12.672678
30,48,-100.000000,-10.000000,12.655553
31,48,-95.000000,-10.000000,12.638429
32,48,-90.000000,-10.000000,12.619503
33,48,-85.000000,-10.000000,12.600109
34,48,-80.000000,-10.000000,12.579538
35,48,-75.000000,-10.000000,12.558891
36,48,-70.000000,-10.000000,12.538243
37,48,-65.000000,-10.000000,12.517795
38,48,-60.000000,-10.000000,12.498013
39,48,-55.000000,-10.000000,12.478454
40,48,-50.000000,-10.000000,12.459265
41,48,-45.000000,-10.000000,12.440075
42,48,-40.000000,-10.000000,12.420886
43,48,-35.000000,-10.000000,12.402080
44,48,-30.000000,-10.000000,12.383466
45,48,-25.000000,-10.000000,12.365245
46,48,-20.000000,-10.000000,12.347115
47,48,-15.000000,-10.000000,12.328985
48,48,-10.000000,-10.000000,12.310638
49,48,-5.000000,-10.000000,12.290383
50,48,0.000000,-10.000000,12.269583
51,48,5.000000,-10.000000,12.247129
52,48,10.000000,-10.000000,12.224675
53,48,15.000000,-10.000000,12.202220
54,48,20.000000,-10.000000,12.177758
55,48,25.000000,-10.000000,12.151572
56,48,30.000000,-10.000000,12.122149
57,48,35.000000,-10.000000,12.091226
58,48,40.000000,-10.000000,12.060304
59,48,45.000000,-10.000000,12.029381
60,48,50.000000,-10.000000,11.995958
61,48,55.000000,-10.000000,11.961989
62,48,60.000000,-10.000000,11.924481
63,48,65.000000,-10.000000,11.886974
64,48,70.000000,-10.000000,11.849466
65,48,75.000000,-10.000000,11.811875
66,48,80.000000,-10.000000,11.774164
67,48,85.000000,-10.000000,11.736234
68,48,90.000000,-10.000000,11.698128
69,48,95.000000,-10.000000,11.660022
70,48,100.000000,-10.000000,11.621915
71,48,105.000000,-10.000000,11.584685
72,48,110.000000,-10.000000,11.547615
73,48,115.000000,-10.000000,11.513080
74,48,120.000000,-10.000000,11.478568
75,48,125.000000,-10.000000,11.444055
76,48,130.000000,-10.000000,11.409735
77,48,135.000000,-10.000000,11.375903
78,48,140.000000,-10.000000,11.343006
79,48,145.000000,-10.000000,11.311361
80,48,150.000000,-10.000000,11.279716
81,48,155.000000,-10.000000,11.248071
82,48,160.000000,-10.000000,11.216375
83,48,165.000000,-10.000000,11.184659
84,48,170.000000,-10.000000,11.152674
85,48,175.000000,-10.000000,11.120646
86,48,180.000000,-10.000000,11.088618
87,48,185.000000,-10.000000,11.056552
88,48,190.000000,-10.000000,11.024280
89,48,195.000000,-10.000000,10.991541
90,48,200.000000,-10.000000,10.957710
91,48,205.000000,-10.000000,10.923879
92,48,210.000000,-10.000000,10.890048
93,48,215.000000,-10.000000,10.856213
94,48,220.000000,-10.000000,10.822376
95,48,225.000000,-10.000000,10.788492
96,48,230.000000,-10.000000,10.754590
97,48,235.000000,-10.000000,10.720688
98,48,240.000000,-10.000000,10.686788
99,48,245.000000,-10.000000,10.652962
100,48,250.000000,-10.000000,10.619509
0,49,-250.000000,-5.000000,12.817023
1,49,-245.000000,-5.000000,12.808499
2,49,-240.000000,-5.000000,12.799974
3,49,-235.000000,-5.000000,12.791449
4,49,-230.000000,-5.000000,12.784728
5,49,-225.000000,-5.000000,12.779139
6,49,-220.000000,-5.000000,12.773803
7,49,-215.000000,-5.000000,12.768546
8,49,-210.000000,-5.000000,12.763290
9,49,-205.000000,-5.000000,12.758195
10,49,-200.000000,-5.000000,12.756162
11,49,-195.000000,-5.000000,12.754243
12,49,-190.000000,-5.000000,12.752790
13,49,-185.000000,-5.000000,12.751337
14,49,-180.000000,-5.000000,12.749884
15,49,-175.000000,-5.000000,12.748140
16,49,-170.000000,-5.000000,12.746089
17,49,-165.000000,-5.000000,12.743940
18,49,-160.000000,-5.000000,12.741735
19,49,-155.000000,-5.000000,12.739531
20,49,-150.000000,-5.000000,12.737326
21,49,-145.000000,-5.000000,12.730578
22,49,-140.000000,-5.000000,12.723334
23,49,-135.000000,-5.000000,12.714523
24,49,-130.000000,-5.000000,12.705713
25,49,-125.000000,-5.000000,12.696903
26,49,-120.000000,-5.000000,12.686123
27,49,-115.000000,-5.000000,12.671815
28,49,-110.000000,-5.000000,12.656291
29,49,-105.000000,-5.000000,12.639568
30,49,-100.000000,-5.000000,12.622846
31,49,-95.000000,-5.000000,12.606124
32,49,-90.000000,-5.000000,12.587635
33,49,-85.000000,-5.000000,12.568689
34,49,-80.000000,-5.000000,12.548588
35,49,-75.000000,-5.000000,12.528412
36,49,-70.000000,-5.000000,12.508237
37,49,-65.000000,-5.000000,12.488264
38,49,-60.000000,-5.000000,12.468968
39,49,-55.000000,-5.000000,12.449898
40,49,-50.000000,-5.000000,12.431204
41,49,-45.000000,-5.000000,12.412511
42,49,-40.000000,-5.000000,12.393818
43,49,-35.000000,-5.000000,12.375494
44,49,-30.000000,-5.000000,12.357354
45,49,-25.000000,-5.000000,12.339595
46,49,-20.000000,-5.000000,12.321924
47,49,-15.000000,-5.000000,12.304252
48,49,-10.000000,-5.000000,12.286360
49,49,-5.000000,-5.000000,12.266526
50,49,0.000000,-5.000000,12.246139
51,49,5.000000,-5.000000,12.224069
52,49,10.000000,-5.000000,12.201998
53,49,15.000000,-5.000000,12.179927
54,49,20.000000,-5.000000,12.155832
55,49,25.000000,-5.000000,12.129999
56,49,30.000000,-5.000000,12.100903
57,49,35.000000,-5.000000,12.070295
58,49,40.000000,-5.000000,12.039688
59,49,45.000000,-5.000000,12.009080
60,49,50.000000,-5.000000,11.975958
61,49,55.000000,-5.000000,11.942286
62,49,60.000000,-5.000000,11.905057
63,49,65.000000,-5.000000,11.867828
64,49,70.000000,-5.000000,11.830600
65,49,75.000000,-5.000000,11.793286
66,49,80.000000,-5.000000,11.755850
67,49,85.000000,-5.000000,11.718191
68,49,90.000000,-5.000000,11.680353
69,49,95.000000,-5.000000,11.642515
70,49,100.000000,-5.000000,11.604677
71,49,105.000000,-5.000000,11.567713
72,49,110.000000,-5.000000,11.530907
73,49,115.000000,-5.000000,11.496628
74,49,120.000000,-5.000000,11.462372
75,49,125.000000,-5.000000,11.428115
76,49,130.000000,-5.000000,11.394048
77,49,135.000000,-5.000000,11.360465
78,49,140.000000,-5.000000,11.327806
79,49,145.000000,-5.000000,11.296385
80,49,150.000000,-5.000000,11.264965
81,49,155.000000,-5.000000,11.233545
82,49,160.000000,-5.000000,11.202067
83,49,165.000000,-5.000000,11.170567
84,49,170.000000,-5.000000,11.138767
85,49,175.000000,-5.000000,11.106919
86,49,180.000000,-5.000000,11.075071
87,49,185.000000,-5.000000,11.043185
88,49,190.000000,-5.000000,11.011087
89,49,195.000000,-5.000000,10.978513
90,49,200.000000,-5.000000,10.944823
91,49,205.000000,-5.000000,10.911133
92,49,210.000000,-5.000000,10.877443
93,49,215.000000,-5.000000,10.843748
94,49,220.000000,-5.000000,10.810051
95,49,225.000000,-5.000000,10.776292
96,49,230.000000,-5.000000,10.742511
97,49,235.000000,-5.000000,10.708731
98,49,240.000000,-5.000000,10.674952
99,49,245.000000,-5.000000,10.641248
100,49,250.000000,-5.000000,10.607917
0,50,-250.000000,0.000000,12.774349
1,50,-245.000000,0.000000,12.766054
2,50,-240.000000,0.000000,12.757760
3,50,-235.000000,0.000000,12.749466
4,50,-230.000000,0.000000,12.742983
5,50,-225.000000,0.000000,12.737639
6,50,-220.000000,0.000000,12.732549
7,50,-215.000000,0.000000,12.727539
8,50,-210.000000,0.000000,12.722530
9,50,-205.000000,0.000000,12.717681
10,50,-200.000000,0.000000,12.715882
11,50,-195.000000,0.000000,12.714196
12,50,-190.000000,0.000000,12.712976
13,50,-185.000000,0.000000,12.711755
14,50,-180.000000,0.000000,12.710534
15,50,-175.000000,0.000000,12.709025
16,50,-170.000000,0.000000,12.707212
17,50,-165.000000,0.000000,12.705303
18,50,-160.000000,0.000000,12.703338
19,50,-155.000000,0.000000,12.701374
20,50,-150.000000,0.000000,12.699409
21,50,-145.000000,0.000000,12.692946
22,50,-140.000000,0.000000,12.685991
23,50,-135.000000,0.000000,12.677485
24,50,-130.000000,0.000000,12.668979
25,50,-125.000000,0.000000,12.660473
26,50,-120.000000,0.000000,12.650022
27,50,-115.000000,0.000000,12.636085
28,50,-110.000000,0.000000,12.620947
29,50,-105.000000,0.000000,12.604626
30,50,-100.000000,0.000000,12.588304
31,50,-95.000000,0.000000,12.571982
32,50,-90.000000,0.000000,12.553929
33,50,-85.000000,0.000000,12.535426
34,50,-80.000000,0.000000,12.515791
35,50,-75.000000,0.000000,12.496083
36,50,-70.000000,0.000000,12.476375
37,50,-65.000000,0.000000,12.456869
38,50,-60.000000,0.000000,12.438040
39,50,-55.000000,0.000000,12.419438
40,50,-50.000000,0.000000,12.401212
41,50,-45.000000,0.000000,12.382985
42,50,-40.000000,0.000000,12.364759
43,50,-35.000000,0.000000,12.346885
44,50,-30.000000,0.000000,12.329187
45,50,-25.000000,0.000000,12.311850
46,50,-20.000000,0.000000,12.294598
47,50,-15.000000,0.000000,12.277345
48,50,-10.000000,0.000000,12.259870
49,50,-5.000000,0.000000,12.240432
50,50,0.000000,0.000000,12.220434
51,50,5.000000,0.000000,12.198735
52,50,10.000000,0.000000,12.177036
53,50,15.000000,0.000000,12.155337
54,50,20.000000,0.000000,12.131609
55,50,25.000000,0.000000,12.106140
56,50,30.000000,0.000000,12.077401
57,50,35.000000,0.000000,12.047148
58,50,40.000000,0.000000,12.016895
59,50,45.000000,0.000000,11.986641
60,50,50.000000,0.000000,11.953874
61,50,55.000000,0.000000,11.920557
62,50,60.000000,0.000000,11.883684
63,50,65.000000,0.000000,11.846810
64,50,70.000000,0.000000,11.809937
65,50,75.000000,0.000000,11.772977
66,50,80.000000,0.000000,11.735893
67,50,85.000000,0.000000,11.698581
68,50,90.000000,0.000000,11.661087
69,50,95.000000,0.000000,11.623593
70,50,100.000000,0.000000,11.586098
71,50,105.000000,0.000000,11.549468
72,50,110.000000,0.000000,11.512994
73,50,115.000000,0.000000,11.479021
74,50,120.000000,0.000000,11.445069
75,50,125.000000,0.000000,11.411117
76,50,130.000000,0.000000,11.377351
77,50,135.000000,0.000000,11.344059
78,50,140.000000,0.000000,11.311674
79,50,145.000000,0.000000,11.280503
80,50,150.000000,0.000000,11.249332
81,50,155.000000,0.000000,11.218162
82,50,160.000000,0.000000,11.186927
83,50,165.000000,0.000000,11.155667
84,50,170.000000,0.000000,11.124072
85,50,175.000000,0.000000,11.092424
86,50,180.000000,0.000000,11.060775
87,50,185.000000,0.000000,11.029088
88,50,190.000000,0.000000,10.997185
89,50,195.000000,0.000000,10.964796
90,50,200.000000,0.000000,10.931270
91,50,205.000000,0.000000,10.897745
92,50,210.000000,0.000000,10.864220
93,50,215.000000,0.000000,10.830688
94,50,220.000000,0.000000,10.797154
95,50,225.000000,0.000000,10.763543
96,50,230.000000,0.000000,10.729906
97,50,235.000000,0.000000,10.696269
98,50,240.000000,0.000000,10.662633
99,50,245.000000,0.000000,10.629072
100,50,250.000000,0.000000,10.595884
0,51,-250.000000,5.000000,12.730905
1,51,-245.000000,5.000000,12.722854
2,51,-240.000000,5.000000,12.714803
3,51,-235.000000,5.000000,12.706752
4,51,-230.000000,5.000000,12.700513
5,51,-225.000000,5.000000,12.695413
6,51,-220.000000,5.000000,12.690566
7,51,-215.000000,5.000000,12.685799
8,51,-210.000000,5.000000,12.681032
9,51,-205.000000,5.000000,12.676425
10,51,-200.000000,5.000000,12.674842
11,51,-195.000000,5.000000,12.673370
12,51,-190.000000,5.000000,12.672360
13,51,-185.000000,5.000000,12.671350
14,51,-180.000000,5.000000,12.670340
15,51,-175.000000,5.000000,12.669043
16,51,-170.000000,5.000000,12.667444
17,51,-165.000000,5.000000,12.665749
18,51,-160.000000,5.000000,12.663999
19,51,-155.000000,5.000000,12.662248
20,51,-150.000000,5.000000,12.660498
21,51,-145.000000,5.000000,12.654302
22,51,-140.000000,5.000000,12.647619
23,51,-135.000000,5.000000,12.639404
24,51,-130.000000,5.000000,12.631189
25,51,-125.000000,5.000000,12.622973
26,51,-120.000000,5.000000,12.612840
27,51,-115.000000,5.000000,12.599269
28,51,-110.000000,5.000000,12.584515
29,51,-105.000000,5.000000,12.568593
30,51,-100.000000,5.000000,12.552671
31,51,-95.000000,5.000000,12.536749
32,51,-90.000000,5.000000,12.519129
33,51,-85.000000,5.000000,12.501068
34,51,-80.000000,5.000000,12.481896
35,51,-75.000000,5.000000,12.462653
36,51,-70.000000,5.000000,12.443410
37,51,-65.000000,5.000000,12.424367
38,51,-60.000000,5.000000,12.405994
39,51,-55.000000,5.000000,12.387846
40,51,-50.000000,5.000000,12.370070
41,51,-45.000000,5.000000,12.352294
42,51,-40.000000,5.000000,12.334518
43,51,-35.000000,5.000000,12.317074
44,51,-30.000000,5.000000,12.299797
45,51,-25.000000,5.000000,12.282861
46,51,-20.000000,5.000000,12.266003
47,51,-15.000000,5.000000,12.249146
48,51,-10.000000,5.000000,12.232064
49,51,-5.000000,5.000000,12.213006
50,51,0.000000,5.000000,12.193385
51,51,5.000000,5.000000,12.172050
52,51,10.000000,5.000000,12.150715
53,51,15.000000,5.000000,12.129380
54,51,20.000000,5.000000,12.106020
55,51,25.000000,5.000000,12.080922
56,51,30.000000,5.000000,12.052558
57,51,35.000000,5.000000,12.022683
58,51,40.000000,5.000000,11.992808
59,51,45.000000,5.000000,11.962932
60,51,50.000000,5.000000,11.930552
61,51,55.000000,5.000000,11.897624
62,51,60.000000,5.000000,11.861151
63,51,65.000000,5.000000,11.824679
64,51,70.000000,5.000000,11.788206
65,51,75.000000,5.000000,11.751646
66,51,80.000000,5.000000,11.714958
67,51,85.000000,5.000000,11.678039
68,51,90.000000,5.000000,11.640933
69,51,95.000000,5.000000,11.603828
70,51,100.000000,5.000000,11.566722
71,51,105.000000,5.000000,11.530467
72,51,110.000000,5.000000,11.494366
73,51,115.000000,5.000000,11.460726
74,51,120.000000,5.000000,11.427108
75,51,125.000000,5.000000,11.393490
76,51,130.000000,5.000000,11.360053
77,51,135.000000,5.000000,11.327078
78,51,140.000000,5.000000,11.294988
79,51,145.000000,5.000000,11.264082
80,51,150.000000,5.000000,11.233176
81,51,155.000000,5.000000,11.202270
82,51,160.000000,5.000000,11.171293
83,51,165.000000,5.000000,11.140287
84,51,170.000000,5.000000,11.108909
85,51,175.000000,5.000000,11.077472
86,51,180.000000,5.000000,11.046034
87,51,185.000000,5.000000,11.014557
88,51,190.000000,5.000000,10.982861
89,51,195.000000,5.000000,10.950670
90,51,200.000000,5.000000,10.917323
91,51,205.000000,5.000000,10.883976
92,51,210.000000,5.000000,10.850629
93,51,215.000000,5.000000,10.817275
94,51,220.000000,5.000000,10.783916
95,51,225.000000,5.000000,10.750468
96,51,230.000000,5.000000,10.716987
97,51,235.000000,5.000000,10.683506
98,51,240.000000,5.000000,10.650027
99,51,245.000000,5.000000,10.616622
100,51,250.000000,5.000000,10.583588
0,52,-250.000000,10.000000,12.687461
1,52,-245.000000,10.000000,12.679654
2,52,-240.000000,10.000000,12.671846
3,52,-235.000000,10.000000,12.664039
4,52,-230.000000,10.000000,12.658043
5,52,-225.000000,10.000000,12.653186
6,52,-220.000000,10.000000,12.648582
7,52,-215.000000,10.000000,12.644058
8,52,-210.000000,10.000000,12.639534
9,52,-205.000000,10.000000,12.635169
10,52,-200.000000,10.000000,12.633801
11,52,-195.000000,10.000000,12.632545
12,52,-190.000000,10.000000,12.631745
13,52,-185.000000,10.000000,12.630946
14,52,-180.000000,10.000000,12.630146
15,52,-175.000000,10.000000,12.629061
16,52,-170.000000,10.000000,12.627675
17,52,-165.000000,10.000000,12.626195
18,52,-160.000000,10.000000,12.624659
19,52,-155.000000,10.000000,12.623123
20,52,-150.000000,10.000000,12.621587
21,52,-145.000000,10.000000,12.615658
22,52,-140.000000,10.000000,12.609248
23,52,-135.000000,10.000000,12.601323
24,52,-130.000000,10.000000,12.593398
25,52,-125.000000,10.000000,12.585473
26,52,-120.000000,10.000000,12.575658
27,52,-115.000000,10.000000,12.562454
28,52,-110.000000,10.000000,12.548082
29,52,-105.000000,10.000000,12.532560
30,52,-100.000000,10.000000,12.517038
31,52,-95.000000,10.000000,12.501516
32,52,-90.000000,10.000000,12.484329
33,52,-85.000000,10.000000,12.466710
34,52,-80.000000,10.000000,12.448001
35,52,-75.000000,10.000000,12.429223
36,52,-70.000000,10.000000,12.410445
37,52,-65.000000,10.000000,12.391865
38,52,-60.000000,10.000000,12.373948
39,52,-55.000000,10.000000,12.356254
40,52,-50.000000,10.000000,12.338928
41,52,-45.000000,10.000000,12.321603
42,52,-40.000000,10.000000,12.304277
43,52,-35.000000,10.000000,12.287264
44,52,-30.000000,10.000000,12.270407
45,52,-25.000000,10.000000,12.253871
46,52,-20.000000,10.000000,12.237409
47,52,-15.000000,10.000000,12.220947
48,52,-10.000000,10.000000,12.204259
49,52,-5.000000,10.000000,12.185581
50,52,0.000000,10.000000,12.166336
51,52,5.000000,10.000000,12.145365
52,52,10.000000,10.000000,12.124395
53,52,15.000000,10.000000,12.103424
54,52,20.000000,10.000000,12.080431
55,52,25.000000,10.000000,12.055703
56,52,30.000000,10.000000,12.027715
57,52,35.000000,10.000000,11.998218
58,52,40.000000,10.000000,11.968721
59,52,45.000000,10.000000,11.939223
60,52,50.000000,10.000000,11.907230
61,52,55.000000,10.000000,11.874690
62,52,60.000000,10.000000,11.838619
63,52,65.000000,10.000000,11.802547
64,52,70.000000,10.000000,11.766476
65,52,75.000000,10.000000,11.730314
66,52,80.000000,10.000000,11.694024
67,52,85.000000,10.000000,11.657497
68,52,90.000000,10.000000,11.620780
69,52,95.000000,10.000000,11.584063
70,52,100.000000,10.000000,11.547346
71,52,105.000000,10.000000,11.511466
72,52,110.000000,10.000000,11.475738
73,52,115.000000,10.000000,11.442432
74,52,120.000000,10.000000,11.409147
75,52,125.000000,10.000000,11.375863
76,52,130.000000,10.000000,11.342755
77,52,135.000000,10.000000,11.310098
78,52,140.000000,10.000000,11.278302
79,52,145.000000,10.000000,11.247660
80,52,150.000000,10.000000,11.217019
81,52,155.000000,10.000000,11.186378
82,52,160.000000,10.000000,11.155658
83,52,165.000000,10.000000,11.124907
84,52,170.000000,10.000000,11.093746
85,52,175.000000,10.000000,11.062520
86,52,180.000000,10.000000,11.031294
87,52,185.000000,10.000000,11.000027
88,52,190.000000,10.000000,10.968537
89,52,195.000000,10.000000,10.936544
90,52,200.000000,10.000000,10.903376
91,52,205.000000,10.000000,10.870207
92,52,210.000000,10.000000,10.837038
93,52,215.000000,10.000000,10.803861
94,52,220.000000,10.000000,10.770679
95,52,225.000000,10.000000,10.737392
96,52,230.000000,10.000000,10.704068
97,52,235.000000,10.000000,10.670744
98,52,240.000000,10.000000,10.637422
99,52,245.000000,10.000000,10.604173
100,52,250.000000,10.000000,10.571293
0,53,-250.000000,15.000000,12.643340
1,53,-245.000000,15.000000,12.635790
2,53,-240.000000,15.000000,12.628240
3,53,-235.000000,15.000000,12.620690
4,53,-230.000000,15.000000,12.614946
5,53,-225.000000,15.000000,12.610336
6,53,-220.000000,15.000000,12.605980
7,53,-215.000000,15.000000,12.601703
8,53,-210.000000,15.000000,12.597426
9,53,-205.000000,15.000000,12.593305
10,53,-200.000000,15.000000,12.592147
11,53,-195.000000,15.000000,12.591098
12,53,-190.000000,15.000000,12.590500
13,53,-185.000000,15.000000,12.589903
14,53,-180.000000,15.000000,12.589305
15,53,-175.000000,15.000000,12.588423
16,53,-170.000000,15.000000,12.587238
17,53,-165.000000,15.000000,12.585959
18,53,-160.000000,15.000000,12.584625
19,53,-155.000000,15.000000,12.583291
20,53,-150.000000,15.000000,12.581957
21,53,-145.000000,15.000000,12.576286
22,53,-140.000000,15.000000,12.570141
23,53,-135.000000,15.000000,12.562501
24,53,-130.000000,15.000000,12.554862
25,53,-125.000000,15.000000,12.547222
26,53,-120.000000,15.000000,12.537720
27,53,-115.000000,15.000000,12.524883
28,53,-110.000000,15.000000,12.510898
29,53,-105.000000,15.000000,12.495779
30,53,-100.000000,15.000000,12.480660
31,53,-95.000000,15.000000,12.465542
32,53,-90.000000,15.000000,12.448791
33,53,-85.000000,15.000000,12.431618
34,53,-80.000000,15.000000,12.413377
35,53,-75.000000,15.000000,12.395068
36,53,-70.000000,15.000000,12.376759
37,53,-65.000000,15.000000,12.358646
38,53,-60.000000,15.000000,12.341185
39,53,-55.000000,15.000000,12.323944
40,53,-50.000000,15.000000,12.307065
41,53,-45.000000,15.000000,12.290187
42,53,-40.000000,15.000000,12.273309
43,53,-35.000000,15.000000,12.256721
44,53,-30.000000,15.000000,12.240279
45,53,-25.000000,15.000000,12.224135
46,53,-20.000000,15.000000,12.208060
47,53,-15.000000,15.000000,12.191986
48,53,-10.000000,15.000000,12.175684
49,53,-5.000000,15.000000,12.157381
50,53,0.000000,15.000000,12.138508
51,53,5.000000,15.000000,12.117900
52,53,10.000000,15.000000,12.097292
53,53,15.000000,15.000000,12.076684
54,53,20.000000,15.000000,12.054061
55,53,25.000000,15.000000,12.029708
56,53,30.000000,15.000000,12.002107
57,53,35.000000,15.000000,11.973001
58,53,40.000000,15.000000,11.943895
59,53,45.000000,15.000000,11.914789
60,53,50.000000,15.000000,11.883200
61,53,55.000000,15.000000,11.851067
62,53,60.000000,15.000000,11.815421
63,53,65.000000,15.000000,11.779775
64,53,70.000000,15.000000,11.744129
65,53,75.000000,15.000000,11.708391
66,53,80.000000,15.000000,11.672522
67,53,85.000000,15.000000,11.636410
68,53,90.000000,15.000000,11.600106
69,53,95.000000,15.000000,11.563801
70,53,100.000000,15.000000,11.527496
71,53,105.000000,15.000000,11.492013
72,53,110.000000,15.000000,11.456679
73,53,115.000000,15.000000,11.423723
74,53,120.000000,15.000000,11.390787
75,53,125.000000,15.000000,11.357851
76,53,130.000000,15.000000,11.325087
77,53,135.000000,15.000000,11.292760
78,53,140.000000,15.000000,11.261270
79,53,145.000000,15.000000,11.230901
80,53,150.000000,15.000000,11.200531
81,53,155.000000,15.000000,11.170162
82,53,160.000000,15.000000,11.139707
83,53,165.000000,15.000000,11.109219
84,53,170.000000,15.000000,11.078280
85,53,175.000000,15.000000,11.047270
86,53,180.000000,15.000000,11.016260
87,53,185.000000,15.000000,10.985209
88,53,190.000000,15.000000,10.953932
89,53,195.000000,15.000000,10.922143
90,53,200.000000,15.000000,10.889158
91,53,205.000000,15.000000,10.856174
92,53,210.000000,15.000000,10.823189
93,53,215.000000,15.000000,10.790195
94,53,220.000000,15.000000,10.757196
95,53,225.000000,15.000000,10.724075
96,53,230.000000,15.000000,10.690912
97,53,235.000000,15.000000,10.657749
98,53,240.000000,15.000000,10.624587
99,53,245.000000,15.000000,10.591499
100,53,250.000000,15.000000,10.558776
0,54,-250.000000,20.000000,12.596961
1,54,-245.000000,20.000000,12.589715
2,54,-240.000000,20.000000,12.582469
3,54,-235.000000,20.000000,12.575223
4,54,-230.000000,20.000000,12.569758
5,54,-225.000000,20.000000,12.565412
6,54,-220.000000,20.000000,12.561316
7,54,-215.000000,20.000000,12.557298
8,54,-210.000000,20.000000,12.553281
9,54,-205.000000,20.000000,12.549416
10,54,-200.000000,20.000000,12.548444
11,54,-195.000000,20.000000,12.547579
12,54,-190.000000,20.000000,12.547155
13,54,-185.000000,20.000000,12.546732
14,54,-180.000000,20.000000,12.546308
15,54,-175.000000,20.000000,12.545593
16,54,-170.000000,20.000000,12.544571
17,54,-165.000000,20.000000,12.543453
18,54,-160.000000,20.000000,12.542278
19,54,-155.000000,20.000000,12.541103
20,54,-150.000000,20.000000,12.539929
21,54,-145.000000,20.000000,12.534491
22,54,-140.000000,20.000000,12.528586
23,54,-135.000000,20.000000,12.521212
24,54,-130.000000,20.000000,12.513838
25,54,-125.000000,20.000000,12.506463
26,54,-120.000000,20.000000,12.497265
27,54,-115.000000,20.000000,12.484797
28,54,-110.000000,20.000000,12.471204
29,54,-105.000000,20.000000,12.456501
30,54,-100.000000,20.000000,12.441797
31,54,-95.000000,20.000000,12.427094
32,54,-90.000000,20.000000,12.410794
33,54,-85.000000,20.000000,12.394080
34,54,-80.000000,20.000000,12.376322
35,54,-75.000000,20.000000,12.358497
36,54,-70.000000,20.000000,12.340672
37,54,-65.000000,20.000000,12.323036
38,54,-60.000000,20.000000,12.306032
39,54,-55.000000,20.000000,12.289239
40,54,-50.000000,20.000000,12.272798
41,54,-45.000000,20.000000,12.256356
42,54,-40.000000,20.000000,12.239915
43,54,-35.000000,20.000000,12.223736
44,54,-30.000000,20.000000,12.207689
45,54,-25.000000,20.000000,12.191912
46,54,-20.000000,20.000000,12.176198
47,54,-15.000000,20.000000,12.160483
48,54,-10.000000,20.000000,12.144541
49,54,-5.000000,20.000000,12.126597
50,54,0.000000,20.000000,12.108083
51,54,5.000000,20.000000,12.087833
52,54,10.000000,20.000000,12.067583
53,54,15.000000,20.000000,12.047332
54,54,20.000000,20.000000,12.025086
55,54,25.000000,20.000000,12.001125
56,54,30.000000,20.000000,11.973946
57,54,35.000000,20.000000,11.945276
58,54,40.000000,20.000000,11.916606
59,54,45.000000,20.000000,11.887936
60,54,50.000000,20.000000,11.856810
61,54,55.000000,20.000000,11.825146
62,54,60.000000,20.000000,11.790006
63,54,65.000000,20.000000,11.754866
64,54,70.000000,20.000000,11.719727
65,54,75.000000,20.000000,11.684493
66,54,80.000000,20.000000,11.649125
67,54,85.000000,20.000000,11.613510
68,54,90.000000,20.000000,11.577696
69,54,95.000000,20.000000,11.541883
70,54,100.000000,20.000000,11.506070
71,54,105.000000,20.000000,11.471055
72,54,110.000000,20.000000,11.436186
73,54,115.000000,20.000000,11.403629
74,54,120.000000,20.000000,11.371092
75,54,125.000000,20.000000,11.338555
76,54,130.000000,20.000000,11.306183
77,54,135.000000,20.000000,11.274232
78,54,140.000000,20.000000,11.243083
79,54,145.000000,20.000000,11.213012
80,54,150.000000,20.000000,11.182940
81,54,155.000000,20.000000,11.152868
82,54,160.000000,20.000000,11.122702
83,54,165.000000,20.000000,11.092499
84,54,170.000000,20.000000,11.061802
85,54,175.000000,20.000000,11.031027
86,54,180.000000,20.000000,11.000252
87,54,185.000000,20.000000,10.969435
88,54,190.000000,20.000000,10.938388
89,54,195.000000,20.000000,10.906822
90,54,200.000000,20.000000,10.874041
91,54,205.000000,20.000000,10.841260
92,54,210.000000,20.000000,10.808480
93,54,215.000000,20.000000,10.775689
94,54,220.000000,20.000000,10.742890
95,54,225.000000,20.000000,10.709952
96,54,230.000000,20.000000,10.676964
97,54,235.000000,20.000000,10.643976
98,54,240.000000,20.000000,10.610990
99,54,245.000000,20.000000,10.578075
100,54,250.000000,20.000000,10.545522
0,55,-250.000000,25.000000,12.548853
1,55,-245.000000,25.000000,12.541946
2,55,-240.000000,25.000000,12.535038
3,55,-235.000000,25.000000,12.528131
4,55,-230.000000,25.000000,12.522966
5,55,-225.000000,25.000000,12.518897
6,55,-220.000000,25.000000,12.515072
7,55,-215.000000,25.000000,12.511323
8,55,-210.000000,25.000000,12.507575
9,55,-205.000000,25.000000,12.503975
10,55,-200.000000,25.000000,12.503172
11,55,-195.000000,25.000000,12.502474
12,55,-190.000000,25.000000,12.502201
13,55,-185.000000,25.000000,12.501929
14,55,-180.000000,25.000000,12.501657
15,55,-175.000000,25.000000,12.501085
16,55,-170.000000,25.000000,12.500195
17,55,-165.000000,25.000000,12.499206
18,55,-160.000000,25.000000,12.498158
19,55,-155.000000,25.000000,12.497110
20,55,-150.000000,25.000000,12.496063
21,55,-145.000000,25.000000,12.490837
22,55,-140.000000,25.000000,12.485154
23,55,-135.000000,25.000000,12.478031
24,55,-130.000000,25.000000,12.470907
25,55,-125.000000,25.000000,12.463784
26,55,-120.000000,25.000000,12.454880
27,55,-115.000000,25.000000,12.442784
28,55,-110.000000,25.000000,12.429588
29,55,-105.000000,25.000000,12.415309
30,55,-100.000000,25.000000,12.401030
31,55,-95.000000,25.000000,12.386750
32,55,-90.000000,25.000000,12.370911
33,55,-85.000000,25.000000,12.354667
34,55,-80.000000,25.000000,12.337403
35,55,-75.000000,25.000000,12.320073
36,55,-70.000000,25.000000,12.302744
37,55,-65.000000,25.000000,12.285594
38,55,-60.000000,25.000000,12.269046
39,55,-55.000000,25.000000,12.252699
40,55,-50.000000,25.000000,12.236687
41,55,-45.000000,25.000000,12.220675
42,55,-40.000000,25.000000,12.204663
43,55,-35.000000,25.000000,12.188880
44,55,-30.000000,25.000000,12.173214
45,55,-25.000000,25.000000,12.157783
46,55,-20.000000,25.000000,12.142408
47,55,-15.000000,25.000000,12.127033
48,55,-10.000000,25.000000,12.111431
49,55,-5.000000,25.000000,12.093834
50,55,0.000000,25.000000,12.075667
51,55,5.000000,25.000000,12.055771
52,55,10.000000,25.000000,12.035875
53,55,15.000000,25.000000,12.015979
54,55,20.000000,25.000000,11.994114
55,55,25.000000,25.000000,11.970559
56,55,30.000000,25.000000,11.943829
57,55,35.000000,25.000000,11.915630
58,55,40.000000,25.000000,11.887430
59,55,45.000000,25.000000,11.859230
60,55,50.000000,25.000000,11.828611
61,55,55.000000,25.000000,11.797463
62,55,60.000000,25.000000,11.762892
63,55,65.000000,25.000000,11.728321
64,55,70.000000,25.000000,11.693750
65,55,75.000000,25.000000,11.659083
66,55,80.000000,25.000000,11.624278
67,55,85.000000,25.000000,11.589219
68,55,90.000000,25.000000,11.553957
69,55,95.000000,25.000000,11.518696
70,55,100.000000,25.000000,11.483434
71,55,105.000000,25.000000,11.448943
72,55,110.000000,25.000000,11.414593
73,55,115.000000,25.000000,11.382475
74,55,120.000000,25.000000,11.350375
75,55,125.000000,25.000000,11.318276
76,55,130.000000,25.000000,11.286334
77,55,135.000000,25.000000,11.254791
78,55,140.000000,25.000000,11.224012
79,55,145.000000,25.000000,11.194257
80,55,150.000000,25.000000,11.164502
81,55,155.000000,25.000000,11.134747
82,55,160.000000,25.000000,11.104889
83,55,165.000000,25.000000,11.074990
84,55,170.000000,25.000000,11.044549
85,55,175.000000,25.000000,11.014023
86,55,180.000000,25.000000,10.983497
87,55,185.000000,25.000000,10.952928
88,55,190.000000,25.000000,10.922125
89,55,195.000000,25.000000,10.890796
90,55,200.000000,25.000000,10.858234
91,55,205.000000,25.000000,10.825673
92,55,210.000000,25.000000,10.793111
93,55,215.000000,25.000000,10.760537
94,55,220.000000,25.000000,10.727955
95,55,225.000000,25.000000,10.695211
96,55,230.000000,25.000000,10.662410
97,55,235.000000,25.000000,10.629608
98,55,240.000000,25.000000,10.596808
99,55,245.000000,25.000000,10.564078
100,55,250.000000,25.000000,10.531703
0,56,-250.000000,30.000000,12.499225
1,56,-245.000000,30.000000,12.492688
2,56,-240.000000,30.000000,12.486151
3,56,-235.000000,30.000000,12.479613
4,56,-230.000000,30.000000,12.474768
5,56,-225.000000,30.000000,12.470986
6,56,-220.000000,30.000000,12.467440
7,56,-215.000000,30.000000,12.463970
8,56,-210.000000,30.000000,12.460499
9,56,-205.000000,30.000000,12.457170
10,56,-200.000000,30.000000,12.456522
11,56,-195.000000,30.000000,12.455974
12,56,-190.000000,30.000000,12.455834
13,56,-185.000000,30.000000,12.455695
14,56,-180.000000,30.000000,12.455555
15,56,-175.000000,30.000000,12.455102
16,56,-170.000000,30.000000,12.454318
17,56,-165.000000,30.000000,12.453430
18,56,-160.000000,30.000000,12.452481
19,56,-155.000000,30.000000,12.451532
20,56,-150.000000,30.000000,12.450583
21,56,-145.000000,30.000000,12.445552
22,56,-140.000000,30.000000,12.440074
23,56,-135.000000,30.000000,12.433189
24,56,-130.000000,30.000000,12.426304
25,56,-125.000000,30.000000,12.419418
26,56,-120.000000,30.000000,12.410800
27,56,-115.000000,30.000000,12.399077
28,56,-110.000000,30.000000,12.386284
29,56,-105.000000,30.000000,12.372437
30,56,-100.000000,30.000000,12.358590
31,56,-95.000000,30.000000,12.344742
32,56,-90.000000,30.000000,12.329372
33,56,-85.000000,30.000000,12.313608
34,56,-80.000000,30.000000,12.296848
35,56,-75.000000,30.000000,12.280024
36,56,-70.000000,30.000000,12.263200
37,56,-65.000000,30.000000,12.246544
38,56,-60.000000,30.000000,12.230452
39,56,-55.000000,30.000000,12.214548
40,56,-50.000000,30.000000,12.198958
41,56,-45.000000,30.000000,12.183368
42,56,-40.000000,30.000000,12.167778
43,56,-35.000000,30.000000,12.152381
44,56,-30.000000,30.000000,12.137082
45,56,-25.000000,30.000000,12.121981
46,56,-20.000000,30.000000,12.106927
47,56,-15.000000,30.000000,12.091873
48,56,-10.000000,30.000000,12.076593
49,56,-5.000000,30.000000,12.059331
50,56,0.000000,30.000000,12.041504
51,56,5.000000,30.000000,12.021959
52,56,10.000000,30.000000,12.002413
53,56,15.000000,30.000000,11.982868
54,56,20.000000,30.000000,11.961389
55,56,25.000000,30.000000,11.938250
56,56,30.000000,30.000000,11.911995
57,56,35.000000,30.000000,11.884295
58,56,40.000000,30.000000,11.856596
59,56,45.000000,30.000000,11.828897
60,56,50.000000,30.000000,11.798825
61,56,55.000000,30.000000,11.768234
62,56,60.000000,30.000000,11.734286
63,56,65.000000,30.000000,11.700338
64,56,70.000000,30.000000,11.666390
65,56,75.000000,30.000000,11.632344
66,56,80.000000,30.000000,11.598156
67,56,85.000000,30.000000,11.563707
68,56,90.000000,30.000000,11.529050
69,56,95.000000,30.000000,11.494394
70,56,100.000000,30.000000,11.459737
71,56,105.000000,30.000000,11.425819
72,56,110.000000,30.000000,11.392035
73,56,115.000000,30.000000,11.360389
74,56,120.000000,30.000000,11.328761
75,56,125.000000,30.000000,11.297134
76,56,130.000000,30.000000,11.265654
77,56,135.000000,30.000000,11.234550
78,56,140.000000,30.000000,11.204165
79,56,145.000000,30.000000,11.174743
80,56,150.000000,30.000000,11.145322
81,56,155.000000,30.000000,11.115901
82,56,160.000000,30.000000,11.086367
83,56,165.000000,30.000000,11.056788
84,56,170.000000,30.000000,11.026616
85,56,175.000000,30.000000,10.996351
86,56,180.000000,30.000000,10.966085
87,56,185.000000,30.000000,10.935776
88,56,190.000000,30.000000,10.905231
89,56,195.000000,30.000000,10.874151
90,56,200.000000,30.000000,10.841822
91,56,205.000000,30.000000,10.809493
92,56,210.000000,30.000000,10.777163
93,56,215.000000,30.000000,10.744820
94,56,220.000000,30.000000,10.712467
95,56,225.000000,30.000000,10.679928
96,56,230.000000,30.000000,10.647322
97,56,235.000000,30.000000,10.614716
98,56,240.000000,30.000000,10.582112
99,56,245.000000,30.000000,10.549577
100,56,250.000000,30.000000,10.517388
0,57,-250.000000,35.000000,12.449598
1,57,-245.000000,35.000000,12.443431
2,57,-240.000000,35.000000,12.437263
3,57,-235.000000,35.000000,12.431096
4,57,-230.000000,35.000000,12.426570
5,57,-225.000000,35.000000,12.423074
6,57,-220.000000,35.000000,12.419809
7,57,-215.000000,35.000000,12.416616
8,57,-210.000000,35.000000,12.413423
9,57,-205.000000,35.000000,12.410365
10,57,-200.000000,35.000000,12.409872
11,57,-195.000000,35.000000,12.409474
12,57,-190.000000,35.000000,12.409467
13,57,-185.000000,35.000000,12.409460
14,57,-180.000000,35.000000,12.409453
15,57,-175.000000,35.000000,12.409120
16,57,-170.000000,35.000000,12.408441
17,57,-165.000000,35.000000,12.407654
18,57,-160.000000,35.000000,12.406804
19,57,-155.000000,35.000000,12.405954
20,57,-150.000000,35.000000,12.405104
21,57,-145.000000,35.000000,12.400267
22,57,-140.000000,35.000000,12.394994
23,57,-135.000000,35.000000,12.388347
24,57,-130.000000,35.000000,12.381700
25,57,-125.000000,35.000000,12.375053
26,57,-120.000000,35.000000,12.366721
27,57,-115.000000,35.000000,12.355370
28,57,-110.000000,35.000000,12.342980
29,57,-105.000000,35.000000,12.329565
30,57,-100.000000,35.000000,12.316150
31,57,-95.000000,35.000000,12.302734
32,57,-90.000000,35.000000,12.287834
33,57,-85.000000,35.000000,12.272549
34,57,-80.000000,35.000000,12.256293
35,57,-75.000000,35.000000,12.239974
36,57,-70.000000,35.000000,12.223656
37,57,-65.000000,35.000000,12.207494
38,57,-60.000000,35.000000,12.191858
39,57,-55.000000,35.000000,12.176397
40,57,-50.000000,35.000000,12.161229
41,57,-45.000000,35.000000,12.146061
42,57,-40.000000,35.000000,12.130893
43,57,-35.000000,35.000000,12.115882
44,57,-30.000000,35.000000,12.100950
45,57,-25.000000,35.000000,12.086179
46,57,-20.000000,35.000000,12.071446
47,57,-15.000000,35.000000,12.056712
48,57,-10.000000,35.000000,12.041755
49,57,-5.000000,35.000000,12.024829
50,57,0.000000,35.000000,12.007341
51,57,5.000000,35.000000,11.988147
52,57,10.000000,35.000000,11.968952
53,57,15.000000,35.000000,11.949757
54,57,20.000000,35.000000,11.928664
55,57,25.000000,35.000000,11.905942
56,57,30.000000,35.000000,11.880160
57,57,35.000000,35.000000,11.852961
58,57,40.000000,35.000000,11.825762
59,57,45.000000,35.000000,11.798563
60,57,50.000000,35.000000,11.769038
61,57,55.000000,35.000000,11.739005
62,57,60.000000,35.000000,11.705680
63,57,65.000000,35.000000,11.672355
64,57,70.000000,35.000000,11.639031
65,57,75.000000,35.000000,11.605605
66,57,80.000000,35.000000,11.572034
67,57,85.000000,35.000000,11.538196
68,57,90.000000,35.000000,11.504144
69,57,95.000000,35.000000,11.470092
70,57,100.000000,35.000000,11.436040
71,57,105.000000,35.000000,11.402694
72,57,110.000000,35.000000,11.369477
73,57,115.000000,35.000000,11.338303
74,57,120.000000,35.000000,11.307147
75,57,125.000000,35.000000,11.275991
76,57,130.000000,35.000000,11.244973
77,57,135.000000,35.000000,11.214308
78,57,140.000000,35.000000,11.184317
79,57,145.000000,35.000000,11.155230
80,57,150.000000,35.000000,11.126142
81,57,155.000000,35.000000,11.097054
82,57,160.000000,35.000000,11.067844
83,57,165.000000,35.000000,11.038586
84,57,170.000000,35.000000,11.008683
85,57,175.000000,35.000000,10.978678
86,57,180.000000,35.000000,10.948673
87,57,185.000000,35.000000,10.918625
88,57,190.000000,35.000000,10.888337
89,57,195.000000,35.000000,10.857507
90,57,200.000000,35.000000,10.825410
91,57,205.000000,35.000000,10.793313
92,57,210.000000,35.000000,10.761216
93,57,215.000000,35.000000,10.729103
94,57,220.000000,35.000000,10.696979
95,57,225.000000,35.000000,10.664645
96,57,230.000000,35.000000,10.632235
97,57,235.000000,35.000000,10.599825
98,57,240.000000,35.000000,10.567417
99,57,245.000000,35.000000,10.535076
100,57,250.000000,35.000000,10.503073
0,58,-250.000000,40.000000,12.399875
1,58,-245.000000,40.000000,12.394079
2,58,-240.000000,40.000000,12.388284
3,58,-235.000000,40.000000,12.382489
4,58,-230.000000,40.000000,12.378283
5,58,-225.000000,40.000000,12.375076
6,58,-220.000000,40.000000,12.372092
7,58,-215.000000,40.000000,12.369178
8,58,-210.000000,40.000000,12.366264
9,58,-205.000000,40.000000,12.363480
10,58,-200.000000,40.000000,12.363142
11,58,-195.000000,40.000000,12.362895
12,58,-190.000000,40.000000,12.363021
13,58,-185.000000,40.000000,12.363147
14,58,-180.000000,40.000000,12.363273
15,58,-175.000000,40.000000,12.363059
16,58,-170.000000,40.000000,12.362485
17,58,-165.000000,40.000000,12.361799
18,58,-160.000000,40.000000,12.361047
19,58,-155.000000,40.000000,12.360295
20,58,-150.000000,40.000000,12.359543
21,58,-145.000000,40.000000,12.354901
22,58,-140.000000,40.000000,12.349832
23,58,-135.000000,40.000000,12.343422
24,58,-130.000000,40.000000,12.337013
25,58,-125.000000,40.000000,12.330603
26,58,-120.000000,40.000000,12.322557
27,58,-115.000000,40.000000,12.311579
28,58,-110.000000,40.000000,12.299592
29,58,-105.000000,40.000000,12.286609
30,58,-100.000000,40.000000,12.273625
31,58,-95.000000,40.000000,12.260642
32,58,-90.000000,40.000000,12.246212
33,58,-85.000000,40.000000,12.231406
34,58,-80.000000,40.000000,12.215655
35,58,-75.000000,40.000000,12.199842
36,58,-70.000000,40.000000,12.184030
37,58,-65.000000,40.000000,12.168363
38,58,-60.000000,40.000000,12.153184
39,58,-55.000000,40.000000,12.138168
40,58,-50.000000,40.000000,12.123423
41,58,-45.000000,40.000000,12.108677
42,58,-40.000000,40.000000,12.093932
43,58,-35.000000,40.000000,12.079308
44,58,-30.000000,40.000000,12.064744
45,58,-25.000000,40.000000,12.050304
46,58,-20.000000,40.000000,12.035893
47,58,-15.000000,40.000000,12.021482
48,58,-10.000000,40.000000,12.006848
49,58,-5.000000,40.000000,11.990259
50,58,0.000000,40.000000,11.973111
51,58,5.000000,40.000000,11.954268
52,58,10.000000,40.000000,11.935425
53,58,15.000000,40.000000,11.916582
54,58,20.000000,40.000000,11.895877
55,58,25.000000,40.000000,11.873572
56,58,30.000000,40.000000,11.848266
57,58,35.000000,40.000000,11.821569
58,58,40.000000,40.000000,11.794872
59,58,45.000000,40.000000,11.768175
60,58,50.000000,40.000000,11.739199
61,58,55.000000,40.000000,11.709724
62,58,60.000000,40.000000,11.677025
63,58,65.000000,40.000000,11.644326
64,58,70.000000,40.000000,11.611627
65,58,75.000000,40.000000,11.578824
66,58,80.000000,40.000000,11.545873
67,58,85.000000,40.000000,11.512648
68,58,90.000000,40.000000,11.479204
69,58,95.000000,40.000000,11.445760
70,58,100.000000,40.000000,11.412316
71,58,105.000000,40.000000,11.379545
72,58,110.000000,40.000000,11.346897
73,58,115.000000,40.000000,11.316199
74,58,120.000000,40.000000,11.285517
75,58,125.000000,40.000000,11.254836
76,58,130.000000,40.000000,11.224284
77,58,135.000000,40.000000,11.194060
78,58,140.000000,40.000000,11.164465
79,58,145.000000,40.000000,11.135713
80,58,150.000000,40.000000,11.106962
81,58,155.000000,40.000000,11.078210
82,58,160.000000,40.000000,11.049325
83,58,165.000000,40.000000,11.020388
84,58,170.000000,40.000000,10.990755
85,58,175.000000,40.000000,10.961011
86,58,180.000000,40.000000,10.931267
87,58,185.000000,40.000000,10.901479
88,58,190.000000,40.000000,10.871448
89,58,195.000000,40.000000,10.840867
90,58,200.000000,40.000000,10.809001
91,58,205.000000,40.000000,10.777134
92,58,210.000000,40.000000,10.745268
93,58,215.000000,40.000000,10.713384
94,58,220.000000,40.000000,10.681488
95,58,225.000000,40.000000,10.649356
96,58,230.000000,40.000000,10.617139
97,58,235.000000,40.000000,10.584923
98,58,240.000000,40.000000,10.552707
99,58,245.000000,40.000000,10.520558
100,58,250.000000,40.000000,10.488738
0,59,-250.000000,45.000000,12.349542
1,59,-245.000000,45.000000,12.344132
2,59,-240.000000,45.000000,12.338721
3,59,-235.000000,45.000000,12.333310
4,59,-230.000000,45.000000,12.329436
5,59,-225.000000,45.000000,12.326527
6,59,-220.000000,45.000000,12.323834
7,59,-215.000000,45.000000,12.321208
8,59,-210.000000,45.000000,12.318582
9,59,-205.000000,45.000000,12.316079
10,59,-200.000000,45.000000,12.315900
11,59,-195.000000,45.000000,12.315807
12,59,-190.000000,45.000000,12.316068
13,59,-185.000000,45.000000,12.316329
14,59,-180.000000,45.000000,12.316590
15,59,-175.000000,45.000000,12.316496
16,59,-170.000000,45.000000,12.316025
17,59,-165.000000,45.000000,12.315437
18,59,-160.000000,45.000000,12.314780
19,59,-155.000000,45.000000,12.314123
20,59,-150.000000,45.000000,12.313467
21,59,-145.000000,45.000000,12.309014
22,59,-140.000000,45.000000,12.304147
23,59,-135.000000,45.000000,12.297971
24,59,-130.000000,45.000000,12.291796
25,59,-125.000000,45.000000,12.285620
26,59,-120.000000,45.000000,12.277857
27,59,-115.000000,45.000000,12.267252
28,59,-110.000000,45.000000,12.255666
29,59,-105.000000,45.000000,12.243116
30,59,-100.000000,45.000000,12.230565
31,59,-95.000000,45.000000,12.218014
32,59,-90.000000,45.000000,12.204056
33,59,-85.000000,45.000000,12.189733
34,59,-80.000000,45.000000,12.174491
35,59,-75.000000,45.000000,12.159189
36,59,-70.000000,45.000000,12.143887
37,59,-65.000000,45.000000,12.128720
38,59,-60.000000,45.000000,12.114003
39,59,-55.000000,45.000000,12.099437
40,59,-50.000000,45.000000,12.085121
41,59,-45.000000,45.000000,12.070806
42,59,-40.000000,45.000000,12.056490
43,59,-35.000000,45.000000,12.042259
44,59,-30.000000,45.000000,12.028070
45,59,-25.000000,45.000000,12.013968
46,59,-20.000000,45.000000,11.999885
47,59,-15.000000,45.000000,11.985803
48,59,-10.000000,45.000000,11.971500
49,59,-5.000000,45.000000,11.955254
50,59,0.000000,45.000000,11.938454
51,59,5.000000,45.000000,11.919970
52,59,10.000000,45.000000,11.901487
53,59,15.000000,45.000000,11.883003
54,59,20.000000,45.000000,11.862692
55,59,25.000000,45.000000,11.840815
56,59,30.000000,45.000000,11.815993
57,59,35.000000,45.000000,11.789808
58,59,40.000000,45.000000,11.763623
59,59,45.000000,45.000000,11.737438
60,59,50.000000,45.000000,11.709023
61,59,55.000000,45.000000,11.680120
62,59,60.000000,45.000000,11.648061
63,59,65.000000,45.000000,11.616002
64,59,70.000000,45.000000,11.583944
65,59,75.000000,45.000000,11.551779
66,59,80.000000,45.000000,11.519464
67,59,85.000000,45.000000,11.486869
68,59,90.000000,45.000000,11.454052
69,59,95.000000,45.000000,11.421236
70,59,100.000000,45.000000,11.388419
71,59,105.000000,45.000000,11.356243
72,59,110.000000,45.000000,11.324183
73,59,115.000000,45.000000,11.293979
74,59,120.000000,45.000000,11.263791
75,59,125.000000,45.000000,11.233603
76,59,130.000000,45.000000,11.203535
77,59,135.000000,45.000000,11.173770
78,59,140.000000,45.000000,11.144587
79,59,145.000000,45.000000,11.116183
80,59,150.000000,45.000000,11.087780
81,59,155.000000,45.000000,11.059376
82,59,160.000000,45.000000,11.030828
83,59,165.000000,45.000000,11.002223
84,59,170.000000,45.000000,10.972861
85,59,175.000000,45.000000,10.943379
86,59,180.000000,45.000000,10.913897
87,59,185.000000,45.000000,10.884370
88,59,190.000000,45.000000,10.854595
89,59,195.000000,45.000000,10.824259
90,59,200.000000,45.000000,10.792613
91,59,205.000000,45.000000,10.760967
92,59,210.000000,45.000000,10.729321
93,59,215.000000,45.000000,10.697655
94,59,220.000000,45.000000,10.665975
95,59,225.000000,45.000000,10.634030
96,59,230.000000,45.000000,10.601989
97,59,235.000000,45.000000,10.569948
98,59,240.000000,45.000000,10.537909
99,59,245.000000,45.000000,10.505934
100,59,250.000000,45.000000,10.474280
0,60,-250.000000,50.000000,12.298791
1,60,-245.000000,50.000000,12.293773
2,60,-240.000000,50.000000,12.288756
3,60,-235.000000,50.000000,12.283739
4,60,-230.000000,50.000000,12.280203
5,60,-225.000000,50.000000,12.277599
6,60,-220.000000,50.000000,12.275202
7,60,-215.000000,50.000000,12.272871
8,60,-210.000000,50.000000,12.270540
9,60,-205.000000,50.000000,12.268324
10,60,-200.000000,50.000000,12.268306
11,60,-195.000000,50.000000,12.268369
12,60,-190.000000,50.000000,12.268766
13,60,-185.000000,50.000000,12.269164
14,60,-180.000000,50.000000,12.269561
15,60,-175.000000,50.000000,12.269587
16,60,-170.000000,50.000000,12.269218
17,60,-165.000000,50.000000,12.268726
18,60,-160.000000,50.000000,12.268162
19,60,-155.000000,50.000000,12.267598
20,60,-150.000000,50.000000,12.267034
21,60,-145.000000,50.000000,12.262770
22,60,-140.000000,50.000000,12.258102
23,60,-135.000000,50.000000,12.252157
24,60,-130.000000,50.000000,12.246213
25,60,-125.000000,50.000000,12.240269
26,60,-120.000000,50.000000,12.232789
27,60,-115.000000,50.000000,12.222554
28,60,-110.000000,50.000000,12.211371
29,60,-105.000000,50.000000,12.199253
30,60,-100.000000,50.000000,12.187135
31,60,-95.000000,50.000000,12.175017
32,60,-90.000000,50.000000,12.161533
33,60,-85.000000,50.000000,12.147695
34,60,-80.000000,50.000000,12.132964
35,60,-75.000000,50.000000,12.118176
36,60,-70.000000,50.000000,12.103388
37,60,-65.000000,50.000000,12.088723
38,60,-60.000000,50.000000,12.074473
39,60,-55.000000,50.000000,12.060361
40,60,-50.000000,50.000000,12.046479
41,60,-45.000000,50.000000,12.032598
42,60,-40.000000,50.000000,12.018717
43,60,-35.000000,50.000000,12.004883
44,60,-30.000000,50.000000,11.991074
45,60,-25.000000,50.000000,11.977313
46,60,-20.000000,50.000000,11.963565
47,60,-15.000000,50.000000,11.949816
48,60,-10.000000,50.000000,11.935848
49,60,-5.000000,50.000000,11.919950
50,60,0.000000,50.000000,11.903503
51,60,5.000000,50.000000,11.885384
52,60,10.000000,50.000000,11.867264
53,60,15.000000,50.000000,11.849144
54,60,20.000000,50.000000,11.829235
55,60,25.000000,50.000000,11.807790
56,60,30.000000,50.000000,11.783460
57,60,35.000000,50.000000,11.757794
58,60,40.000000,50.000000,11.732127
59,60,45.000000,50.000000,11.706461
60,60,50.000000,50.000000,11.678615
61,60,55.000000,50.000000,11.650292
62,60,60.000000,50.000000,11.618884
63,60,65.000000,50.000000,11.587475
64,60,70.000000,50.000000,11.556067
65,60,75.000000,50.000000,11.524552
66,60,80.000000,50.000000,11.492883
67,60,85.000000,50.000000,11.460933
68,60,90.000000,50.000000,11.428756
69,60,95.000000,50.000000,11.396579
70,60,100.000000,50.000000,11.364402
71,60,105.000000,50.000000,11.332834
72,60,110.000000,50.000000,11.301376
73,60,115.000000,50.000000,11.271680
74,60,120.000000,50.000000,11.241999
75,60,125.000000,50.000000,11.212317
76,60,130.000000,50.000000,11.182746
77,60,135.000000,50.000000,11.153452
78,60,140.000000,50.000000,11.124691
79,60,145.000000,50.000000,11.096644
80,60,150.000000,50.000000,11.068597
81,60,155.000000,50.000000,11.040549
82,60,160.000000,50.000000,11.012345
83,60,165.000000,50.000000,10.984079
84,60,170.000000,50.000000,10.954990
85,60,175.000000,50.000000,10.925771
86,60,180.000000,50.000000,10.896551
87,60,185.000000,50.000000,10.867285
88,60,190.000000,50.000000,10.837766
89,60,195.000000,50.000000,10.807673
90,60,200.000000,50.000000,10.776240
91,60,205.000000,50.000000,10.744807
92,60,210.000000,50.000000,10.713374
93,60,215.000000,50.000000,10.681918
94,60,220.000000,50.000000,10.650447
95,60,225.000000,50.000000,10.618678
96,60,230.000000,50.000000,10.586802
97,60,235.000000,50.000000,10.554925
98,60,240.000000,50.000000,10.523050
99,60,245.000000,50.000000,10.491237
100,60,250.000000,50.000000,10.459738
0,61,-250.000000,55.000000,12.247500
1,61,-245.000000,55.000000,12.242887
2,61,-240.000000,55.000000,12.238274
3,61,-235.000000,55.000000,12.233662
4,61,-230.000000,55.000000,12.230474
5,61,-225.000000,55.000000,12.228183
6,61,-220.000000,55.000000,12.226091
7,61,-215.000000,55.000000,12.224063
8,61,-210.000000,55.000000,12.222034
9,61,-205.000000,55.000000,12.220114
10,61,-200.000000,55.000000,12.220259
11,61,-195.000000,55.000000,12.220480
12,61,-190.000000,55.000000,12.221016
13,61,-185.000000,55.000000,12.221552
14,61,-180.000000,55.000000,12.222089
15,61,-175.000000,55.000000,12.222233
16,61,-170.000000,55.000000,12.221965
17,61,-165.000000,55.000000,12.221567
18,61,-160.000000,55.000000,12.221093
19,61,-155.000000,55.000000,12.220619
20,61,-150.000000,55.000000,12.220145
21,61,-145.000000,55.000000,12.216066
22,61,-140.000000,55.000000,12.211593
23,61,-135.000000,55.000000,12.205878
24,61,-130.000000,55.000000,12.200162
25,61,-125.000000,55.000000,12.194447
26,61,-120.000000,55.000000,12.187246
27,61,-115.000000,55.000000,12.177382
28,61,-110.000000,55.000000,12.166601
29,61,-105.000000,55.000000,12.154915
30,61,-100.000000,55.000000,12.143230
31,61,-95.000000,55.000000,12.131545
32,61,-90.000000,55.000000,12.118537
33,61,-85.000000,55.000000,12.105187
34,61,-80.000000,55.000000,12.090972
35,61,-75.000000,55.000000,12.076701
36,61,-70.000000,55.000000,12.062430
37,61,-65.000000,55.000000,12.048273
38,61,-60.000000,55.000000,12.034494
39,61,-55.000000,55.000000,12.020842
40,61,-50.000000,55.000000,12.007400
41,61,-45.000000,55.000000,11.993958
42,61,-40.000000,55.000000,11.980517
43,61,-35.000000,55.000000,11.967087
44,61,-30.000000,55.000000,11.953663
45,61,-25.000000,55.000000,11.940250
46,61,-20.000000,55.000000,11.926841
47,61,-15.000000,55.000000,11.913432
48,61,-10.000000,55.000000,11.899805
49,61,-5.000000,55.000000,11.884263
50,61,0.000000,55.000000,11.868174
51,61,5.000000,55.000000,11.850425
52,61,10.000000,55.000000,11.832677
53,61,15.000000,55.000000,11.814928
54,61,20.000000,55.000000,11.795426
55,61,25.000000,55.000000,11.774421
56,61,30.000000,55.000000,11.750591
57,61,35.000000,55.000000,11.725453
58,61,40.000000,55.000000,11.700314
59,61,45.000000,55.000000,11.675176
60,61,50.000000,55.000000,11.647909
61,61,55.000000,55.000000,11.620177
62,61,60.000000,55.000000,11.589432
63,61,65.000000,55.000000,11.558688
64,61,70.000000,55.000000,11.527943
65,61,75.000000,55.000000,11.497091
66,61,80.000000,55.000000,11.466084
67,61,85.000000,55.000000,11.434792
68,61,90.000000,55.000000,11.403272
69,61,95.000000,55.000000,11.371753
70,61,100.000000,55.000000,11.340233
71,61,105.000000,55.000000,11.309289
72,61,110.000000,55.000000,11.278450
73,61,115.000000,55.000000,11.249278
74,61,120.000000,55.000000,11.220121
75,61,125.000000,55.000000,11.190963
76,61,130.000000,55.000000,11.161904
77,61,135.000000,55.000000,11.133097
78,61,140.000000,55.000000,11.104772
79,61,145.000000,55.000000,11.077092
80,61,150.000000,55.000000,11.049412
81,61,155.000000,55.000000,11.021732
82,61,160.000000,55.000000,10.993882
83,61,165.000000,55.000000,10.965964
84,61,170.000000,55.000000,10.937149
85,61,175.000000,55.000000,10.908193
86,61,180.000000,55.000000,10.879237
87,61,185.000000,55.000000,10.850233
88,61,190.000000,55.000000,10.820968
89,61,195.000000,55.000000,10.791116
90,61,200.000000,55.000000,10.759886
91,61,205.000000,55.000000,10.728656
92,61,210.000000,55.000000,10.697427
93,61,215.000000,55.000000,10.666172
94,61,220.000000,55.000000,10.634901
95,61,225.000000,55.000000,10.603293
96,61,230.000000,55.000000,10.571566
97,61,235.000000,55.000000,10.539838
98,61,240.000000,55.000000,10.508112
99,61,245.000000,55.000000,10.476447
100,61,250.000000,55.000000,10.445085
0,62,-250.000000,60.000000,12.196209
1,62,-245.000000,60.000000,12.192001
2,62,-240.000000,60.000000,12.187793
3,62,-235.000000,60.000000,12.183585
4,62,-230.000000,60.000000,12.180746
5,62,-225.000000,60.000000,12.178767
6,62,-220.000000,60.000000,12.176980
7,62,-215.000000,60.000000,12.175254
8,62,-210.000000,60.000000,12.173528
9,62,-205.000000,60.000000,12.171904
10,62,-200.000000,60.000000,12.172212
11,62,-195.000000,60.000000,12.172592
12,62,-190.000000,60.000000,12.173267
13,62,-185.000000,60.000000,12.173941
14,62,-180.000000,60.000000,12.174616
15,62,-175.000000,60.000000,12.174880
16,62,-170.000000,60.000000,12.174712
17,62,-165.000000,60.000000,12.174407
18,62,-160.000000,60.000000,12.174023
19,62,-155.000000,60.000000,12.173639
20,62,-150.000000,60.000000,12.173255
21,62,-145.000000,60.000000,12.169362
22,62,-140.000000,60.000000,12.165085
23,62,-135.000000,60.000000,12.159598
24,62,-130.000000,60.000000,12.154111
25,62,-125.000000,60.000000,12.148624
26,62,-120.000000,60.000000,12.141702
27,62,-115.000000,60.000000,12.132209
28,62,-110.000000,60.000000,12.121830
29,62,-105.000000,60.000000,12.110578
30,62,-100.000000,60.000000,12.099325
31,62,-95.000000,60.000000,12.088073
32,62,-90.000000,60.000000,12.075541
33,62,-85.000000,60.000000,12.062678
34,62,-80.000000,60.000000,12.048979
35,62,-75.000000,60.000000,12.035226
36,62,-70.000000,60.000000,12.021473
37,62,-65.000000,60.000000,12.007822
38,62,-60.000000,60.000000,11.994515
39,62,-55.000000,60.000000,11.981322
40,62,-50.000000,60.000000,11.968320
41,62,-45.000000,60.000000,11.955318
42,62,-40.000000,60.000000,11.942317
43,62,-35.000000,60.000000,11.929290
44,62,-30.000000,60.000000,11.916252
45,62,-25.000000,60.000000,11.903188
46,62,-20.000000,60.000000,11.890118
47,62,-15.000000,60.000000,11.877048
48,62,-10.000000,60.000000,11.863762
49,62,-5.000000,60.000000,11.848575
50,62,0.000000,60.000000,11.832845
51,62,5.000000,60.000000,11.815467
52,62,10.000000,60.000000,11.798089
53,62,15.000000,60.000000,11.780711
54,62,20.000000,60.000000,11.761618
55,62,25.000000,60.000000,11.741052
56,62,30.000000,60.000000,11.717722
57,62,35.000000,60.000000,11.693112
58,62,40.000000,60.000000,11.668501
59,62,45.000000,60.000000,11.643891
60,62,50.000000,60.000000,11.617203
61,62,55.000000,60.000000,11.590061
62,62,60.000000,60.000000,11.559981
63,62,65.000000,60.000000,11.529900
64,62,70.000000,60.000000,11.499819
65,62,75.000000,60.000000,11.469630
66,62,80.000000,60.000000,11.439284
67,62,85.000000,60.000000,11.408651
68,62,90.000000,60.000000,11.377789
69,62,95.000000,60.000000,11.346926
70,62,100.000000,60.000000,11.316064
71,62,105.000000,60.000000,11.285744
72,62,110.000000,60.000000,11.255524
73,62,115.000000,60.000000,11.226876
74,62,120.000000,60.000000,11.198242
75,62,125.000000,60.000000,11.169608
76,62,130.000000,60.000000,11.141063
77,62,135.000000,60.000000,11.112743
78,62,140.000000,60.000000,11.084853
79,62,145.000000,60.000000,11.057540
80,62,150.000000,60.000000,11.030228
81,62,155.000000,60.000000,11.002915
82,62,160.000000,60.000000,10.975418
83,62,165.000000,60.000000,10.947848
84,62,170.000000,60.000000,10.919309
85,62,175.000000,60.000000,10.890615
86,62,180.000000,60.000000,10.861922
87,62,185.000000,60.000000,10.833180
88,62,190.000000,60.000000,10.804171
89,62,195.000000,60.000000,10.774558
90,62,200.000000,60.000000,10.743532
91,62,205.000000,60.000000,10.712506
92,62,210.000000,60.000000,10.681480
93,62,215.000000,60.000000,10.650426
94,62,220.000000,60.000000,10.619354
95,62,225.000000,60.000000,10.587909
96,62,230.000000,60.000000,10.556330
97,62,235.000000,60.000000,10.524751
98,62,240.000000,60.000000,10.493174
99,62,245.000000,60.000000,10.461656
100,62,250.000000,60.000000,10.430433
0,63,-250.000000,65.000000,12.144982
1,63,-245.000000,65.000000,12.141176
2,63,-240.000000,65.000000,12.137371
3,63,-235.000000,65.000000,12.133566
4,63,-230.000000,65.000000,12.131075
5,63,-225.000000,65.000000,12.129408
6,63,-220.000000,65.000000,12.127926
7,63,-215.000000,65.000000,12.126502
8,63,-210.000000,65.000000,12.125078
9,63,-205.000000,65.000000,12.123750
10,63,-200.000000,65.000000,12.124222
11,63,-195.000000,65.000000,12.124761
12,63,-190.000000,65.000000,12.125575
13,63,-185.000000,65.000000,12.126389
14,63,-180.000000,65.000000,12.127203
15,63,-175.000000,65.000000,12.127588
16,63,-170.000000,65.000000,12.127520
17,63,-165.000000,65.000000,12.127310
18,63,-160.000000,65.000000,12.127017
19,63,-155.000000,65.000000,12.126724
20,63,-150.000000,65.000000,12.126431
21,63,-145.000000,65.000000,12.122724
22,63,-140.000000,65.000000,12.118643
23,63,-135.000000,65.000000,12.113385
24,63,-130.000000,65.000000,12.108127
25,63,-125.000000,65.000000,12.102869
26,63,-120.000000,65.000000,12.096227
27,63,-115.000000,65.000000,12.087103
28,63,-110.000000,65.000000,12.077126
29,63,-105.000000,65.000000,12.066305
30,63,-100.000000,65.000000,12.055485
31,63,-95.000000,65.000000,12.044665
32,63,-90.000000,65.000000,12.032609
33,63,-85.000000,65.000000,12.020232
34,63,-80.000000,65.000000,12.007048
35,63,-75.000000,65.000000,11.993812
36,63,-70.000000,65.000000,11.980576
37,63,-65.000000,65.000000,11.967431
38,63,-60.000000,65.000000,11.954595
39,63,-55.000000,65.000000,11.941862
40,63,-50.000000,65.000000,11.929300
41,63,-45.000000,65.000000,11.916739
42,63,-40.000000,65.000000,11.904177
43,63,-35.000000,65.000000,11.891555
44,63,-30.000000,65.000000,11.878902
45,63,-25.000000,65.000000,11.866187
46,63,-20.000000,65.000000,11.853458
47,63,-15.000000,65.000000,11.840729
48,63,-10.000000,65.000000,11.827785
49,63,-5.000000,65.000000,11.812954
50,63,0.000000,65.000000,11.797583
51,63,5.000000,65.000000,11.780577
52,63,10.000000,65.000000,11.763570
53,63,15.000000,65.000000,11.746563
54,63,20.000000,65.000000,11.727878
55,63,25.000000,65.000000,11.707752
56,63,30.000000,65.000000,11.684921
57,63,35.000000,65.000000,11.660838
58,63,40.000000,65.000000,11.636754
59,63,45.000000,65.000000,11.612670
60,63,50.000000,65.000000,11.586560
61,63,55.000000,65.000000,11.560008
62,63,60.000000,65.000000,11.530589
63,63,65.000000,65.000000,11.501170
64,63,70.000000,65.000000,11.471751
65,63,75.000000,65.000000,11.442223
66,63,80.000000,65.000000,11.412537
67,63,85.000000,65.000000,11.382562
68,63,90.000000,65.000000,11.352355
69,63,95.000000,65.000000,11.322148
70,63,100.000000,65.000000,11.291941
71,63,105.000000,65.000000,11.262245
72,63,110.000000,65.000000,11.232643
73,63,115.000000,65.000000,11.204519
74,63,120.000000,65.000000,11.176408
75,63,125.000000,65.000000,11.148297
76,63,130.000000,65.000000,11.120265
77,63,135.000000,65.000000,11.092430
78,63,140.000000,65.000000,11.064976
79,63,145.000000,65.000000,11.038031
80,63,150.000000,65.000000,11.011086
81,63,155.000000,65.000000,10.984141
82,63,160.000000,65.000000,10.956997
83,63,165.000000,65.000000,10.929775
84,63,170.000000,65.000000,10.901510
85,63,175.000000,65.000000,10.873079
86,63,180.000000,65.000000,10.844649
87,63,185.000000,65.000000,10.816169
88,63,190.000000,65.000000,10.787414
89,63,195.000000,65.000000,10.758039
90,63,200.000000,65.000000,10.727216
91,63,205.000000,65.000000,10.696392
92,63,210.000000,65.000000,10.665568
93,63,215.000000,65.000000,10.634714
94,63,220.000000,65.000000,10.603839
95,63,225.000000,65.000000,10.572555
96,63,230.000000,65.000000,10.541124
97,63,235.000000,65.000000,10.509693
98,63,240.000000,65.000000,10.478263
99,63,245.000000,65.000000,10.446891
100,63,250.000000,65.000000,10.415805
0,64,-250.000000,70.000000,12.095214
1,64,-245.000000,70.000000,12.091780
2,64,-240.000000,70.000000,12.088345
3,64,-235.000000,70.000000,12.084911
4,64,-230.000000,70.000000,12.082747
5,64,-225.000000,70.000000,12.081383
6,64,-220.000000,70.000000,12.080196
7,64,-215.000000,70.000000,12.079066
8,64,-210.000000,70.000000,12.077936
9,64,-205.000000,70.000000,12.076895
10,64,-200.000000,70.000000,12.077546
11,64,-195.000000,70.000000,12.078260
12,64,-190.000000,70.000000,12.079232
13,64,-185.000000,70.000000,12.080204
14,64,-180.000000,70.000000,12.081176
15,64,-175.000000,70.000000,12.081704
16,64,-170.000000,70.000000,12.081760
17,64,-165.000000,70.000000,12.081670
18,64,-160.000000,70.000000,12.081493
19,64,-155.000000,70.000000,12.081316
20,64,-150.000000,70.000000,12.081140
21,64,-145.000000,70.000000,12.077629
22,64,-140.000000,70.000000,12.073754
23,64,-135.000000,70.000000,12.068730
24,64,-130.000000,70.000000,12.063705
25,64,-125.000000,70.000000,12.058680
26,64,-120.000000,70.000000,12.052316
27,64,-115.000000,70.000000,12.043552
28,64,-110.000000,70.000000,12.033960
29,64,-105.000000,70.000000,12.023554
30,64,-100.000000,70.000000,12.013147
31,64,-95.000000,70.000000,12.002740
32,64,-90.000000,70.000000,11.991142
33,64,-85.000000,70.000000,11.979235
34,64,-80.000000,70.000000,11.966548
35,64,-75.000000,70.000000,11.953812
36,64,-70.000000,70.000000,11.941075
37,64,-65.000000,70.000000,11.928424
38,64,-60.000000,70.000000,11.916056
39,64,-55.000000,70.000000,11.903783
40,64,-50.000000,70.000000,11.891668
41,64,-45.000000,70.000000,11.879554
42,64,-40.000000,70.000000,11.867439
43,64,-35.000000,70.000000,11.855234
44,64,-30.000000,70.000000,11.842983
45,64,-25.000000,70.000000,11.830640
46,64,-20.000000,70.000000,11.818276
47,64,-15.000000,70.000000,11.805911
48,64,-10.000000,70.000000,11.793332
49,64,-5.000000,70.000000,11.778873
50,64,0.000000,70.000000,11.763878
51,64,5.000000,70.000000,11.747253
52,64,10.000000,70.000000,11.730628
53,64,15.000000,70.000000,11.714002
54,64,20.000000,70.000000,11.695728
55,64,25.000000,70.000000,11.676038
56,64,30.000000,70.000000,11.653689
57,64,35.000000,70.000000,11.630109
58,64,40.000000,70.000000,11.606530
59,64,45.000000,70.000000,11.582950
60,64,50.000000,70.000000,11.557388
61,64,55.000000,70.000000,11.531392
62,64,60.000000,70.000000,11.502592
63,64,65.000000,70.000000,11.473792
64,64,70.000000,70.000000,11.444993
65,64,75.000000,70.000000,11.416084
66,64,80.000000,70.000000,11.387018
67,64,85.000000,70.000000,11.357664
68,64,90.000000,70.000000,11.328080
69,64,95.000000,70.000000,11.298496
70,64,100.000000,70.000000,11.268911
71,64,105.000000,70.000000,11.239812
72,64,110.000000,70.000000,11.210800
73,64,115.000000,70.000000,11.183191
74,64,120.000000,70.000000,11.155594
75,64,125.000000,70.000000,11.127997
76,64,130.000000,70.000000,11.100469
77,64,135.000000,70.000000,11.073114
78,64,140.000000,70.000000,11.046091
79,64,145.000000,70.000000,11.019514
80,64,150.000000,70.000000,10.992937
81,64,155.000000,70.000000,10.966360
82,64,160.000000,70.000000,10.939568
83,64,165.000000,70.000000,10.912692
84,64,170.000000,70.000000,10.884691
85,64,175.000000,70.000000,10.856511
86,64,180.000000,70.000000,10.828331
87,64,185.000000,70.000000,10.800100
88,64,190.000000,70.000000,10.771585
89,64,195.000000,70.000000,10.742430
90,64,200.000000,70.000000,10.711779
91,64,205.000000,70.000000,10.681128
92,64,210.000000,70.000000,10.650477
93,64,215.000000,70.000000,10.619792
94,64,220.000000,70.000000,10.589085
95,64,225.000000,70.000000,10.557928
96,64,230.000000,70.000000,10.526611
97,64,235.000000,70.000000,10.495293
98,64,240.000000,70.000000,10.463977
99,64,245.000000,70.000000,10.432716
100,64,250.000000,70.000000,10.401736
0,65,-250.000000,75.000000,12.046326
1,65,-245.000000,75.000000,12.043242
2,65,-240.000000,75.000000,12.040159
3,65,-235.000000,75.000000,12.037075
4,65,-230.000000,75.000000,12.035229
5,65,-225.000000,75.000000,12.034159
6,65,-220.000000,75.000000,12.033262
7,65,-215.000000,75.000000,12.032421
8,65,-210.000000,75.000000,12.031579
9,65,-205.000000,75.000000,12.030821
10,65,-200.000000,75.000000,12.031661
11,65,-195.000000,75.000000,12.032559
12,65,-190.000000,75.000000,12.033701
13,65,-185.000000,75.000000,12.034843
14,65,-180.000000,75.000000,12.035985
15,65,-175.000000,75.000000,12.036667
16,65,-170.000000,75.000000,12.036863
17,65,-165.000000,75.000000,12.036906
18,65,-160.000000,75.000000,12.036861
19,65,-155.000000,75.000000,12.036815
20,65,-150.000000,75.000000,12.036770
21,65,-145.000000,75.000000,12.033463
22,65,-140.000000,75.000000,12.029799
23,65,-135.000000,75.000000,12.025011
24,65,-130.000000,75.000000,12.020222
25,65,-125.000000,75.000000,12.015434
26,65,-120.000000,75.000000,12.009348
27,65,-115.000000,75.000000,12.000935
28,65,-110.000000,75.000000,11.991721
29,65,-105.000000,75.000000,11.981717
30,65,-100.000000,75.000000,11.971713
31,65,-95.000000,75.000000,11.961709
32,65,-90.000000,75.000000,11.950558
33,65,-85.000000,75.000000,11.939109
34,65,-80.000000,75.000000,11.926910
35,65,-75.000000,75.000000,11.914663
36,65,-70.000000,75.000000,11.902416
37,65,-65.000000,75.000000,11.890248
38,65,-60.000000,75.000000,11.878347
39,65,-55.000000,75.000000,11.866535
40,65,-50.000000,75.000000,11.854871
41,65,-45.000000,75.000000,11.843207
42,65,-40.000000,75.000000,11.831544
43,65,-35.000000,75.000000,11.819764
44,65,-30.000000,75.000000,11.807925
45,65,-25.000000,75.000000,11.795967
46,65,-20.000000,75.000000,11.783981
47,65,-15.000000,75.000000,11.771996
48,65,-10.000000,75.000000,11.759796
49,65,-5.000000,75.000000,11.745721
50,65,0.000000,75.000000,11.731110
51,65,5.000000,75.000000,11.714872
52,65,10.000000,75.000000,11.698635
53,65,15.000000,75.000000,11.682397
54,65,20.000000,75.000000,11.664534
55,65,25.000000,75.000000,11.645277
56,65,30.000000,75.000000,11.623401
57,65,35.000000,75.000000,11.600311
58,65,40.000000,75.000000,11.577222
59,65,45.000000,75.000000,11.554132
60,65,50.000000,75.000000,11.529099
61,65,55.000000,75.000000,11.503642
62,65,60.000000,75.000000,11.475435
63,65,65.000000,75.000000,11.447228
64,65,70.000000,75.000000,11.419021
65,65,75.000000,75.000000,11.390706
66,65,80.000000,75.000000,11.362237
67,65,85.000000,75.000000,11.333483
68,65,90.000000,75.000000,11.304502
69,65,95.000000,75.000000,11.275520
70,65,100.000000,75.000000,11.246539
71,65,105.000000,75.000000,11.218019
72,65,110.000000,75.000000,11.189583
73,65,115.000000,75.000000,11.162483
74,65,120.000000,75.000000,11.135394
75,65,125.000000,75.000000,11.108305
76,65,130.000000,75.000000,11.081275
77,65,135.000000,75.000000,11.054395
78,65,140.000000,75.000000,11.027802
79,65,145.000000,75.000000,11.001593
80,65,150.000000,75.000000,10.975384
81,65,155.000000,75.000000,10.949176
82,65,160.000000,75.000000,10.922735
83,65,165.000000,75.000000,10.896204
84,65,170.000000,75.000000,10.868460
85,65,175.000000,75.000000,10.840524
86,65,180.000000,75.000000,10.812588
87,65,185.000000,75.000000,10.784598
88,65,190.000000,75.000000,10.756315
89,65,195.000000,75.000000,10.727369
90,65,200.000000,75.000000,10.696872
91,65,205.000000,75.000000,10.666375
92,65,210.000000,75.000000,10.635878
93,65,215.000000,75.000000,10.605345
94,65,220.000000,75.000000,10.574787
95,65,225.000000,75.000000,10.543738
96,65,230.000000,75.000000,10.512514
97,65,235.000000,75.000000,10.481289
98,65,240.000000,75.000000,10.450066
99,65,245.000000,75.000000,10.418898
100,65,250.000000,75.000000,10.388004
0,66,-250.000000,80.000000,11.999120
1,66,-245.000000,80.000000,11.996351
2,66,-240.000000,80.000000,11.993581
3,66,-235.000000,80.000000,11.990811
4,66,-230.000000,80.000000,11.989259
5,66,-225.000000,80.000000,11.988471
6,66,-220.000000,80.000000,11.987854
7,66,-215.000000,80.000000,11.987291
8,66,-210.000000,80.000000,11.986728
9,66,-205.000000,80.000000,11.986246
10,66,-200.000000,80.000000,11.987290
11,66,-195.000000,80.000000,11.988391
12,66,-190.000000,80.000000,11.989724
13,66,-185.000000,80.000000,11.991058
14,66,-180.000000,80.000000,11.992391
15,66,-175.000000,80.000000,11.993253
16,66,-170.000000,80.000000,11.993615
17,66,-165.000000,80.000000,11.993821
18,66,-160.000000,80.000000,11.993936
19,66,-155.000000,80.000000,11.994050
20,66,-150.000000,80.000000,11.994165
21,66,-145.000000,80.000000,11.991074
22,66,-140.000000,80.000000,11.987633
23,66,-135.000000,80.000000,11.983086
24,66,-130.000000,80.000000,11.978540
25,66,-125.000000,80.000000,11.973994
26,66,-120.000000,80.000000,11.968184
27,66,-115.000000,80.000000,11.960110
28,66,-110.000000,80.000000,11.951256
29,66,-105.000000,80.000000,11.941633
30,66,-100.000000,80.000000,11.932011
31,66,-95.000000,80.000000,11.922388
32,66,-90.000000,80.000000,11.911663
33,66,-85.000000,80.000000,11.900653
34,66,-80.000000,80.000000,11.888921
35,66,-75.000000,80.000000,11.877144
36,66,-70.000000,80.000000,11.865366
37,66,-65.000000,80.000000,11.853666
38,66,-60.000000,80.000000,11.842229
39,66,-55.000000,80.000000,11.830878
40,66,-50.000000,80.000000,11.819674
41,66,-45.000000,80.000000,11.808469
42,66,-40.000000,80.000000,11.797264
43,66,-35.000000,80.000000,11.785924
44,66,-30.000000,80.000000,11.774516
45,66,-25.000000,80.000000,11.762969
46,66,-20.000000,80.000000,11.751390
47,66,-15.000000,80.000000,11.739810
48,66,-10.000000,80.000000,11.728017
49,66,-5.000000,80.000000,11.714344
50,66,0.000000,80.000000,11.700136
51,66,5.000000,80.000000,11.684298
52,66,10.000000,80.000000,11.668460
53,66,15.000000,80.000000,11.652622
54,66,20.000000,80.000000,11.635174
55,66,25.000000,80.000000,11.616345
56,66,30.000000,80.000000,11.594921
57,66,35.000000,80.000000,11.572295
58,66,40.000000,80.000000,11.549669
59,66,45.000000,80.000000,11.527043
60,66,50.000000,80.000000,11.502505
61,66,55.000000,80.000000,11.477548
62,66,60.000000,80.000000,11.449885
63,66,65.000000,80.000000,11.422221
64,66,70.000000,80.000000,11.394558
65,66,75.000000,80.000000,11.366790
66,66,80.000000,80.000000,11.338871
67,66,85.000000,80.000000,11.310676
68,66,90.000000,80.000000,11.282259
69,66,95.000000,80.000000,11.253842
70,66,100.000000,80.000000,11.225426
71,66,105.000000,80.000000,11.197454
72,66,110.000000,80.000000,11.169563
73,66,115.000000,80.000000,11.142961
74,66,120.000000,80.000000,11.116370
75,66,125.000000,80.000000,11.089778
76,66,130.000000,80.000000,11.063237
77,66,135.000000,80.000000,11.036824
78,66,140.000000,80.000000,11.010656
79,66,145.000000,80.000000,10.984816
80,66,150.000000,80.000000,10.958976
81,66,155.000000,80.000000,10.933136
82,66,160.000000,80.000000,10.907045
83,66,165.000000,80.000000,10.880857
84,66,170.000000,80.000000,10.853358
85,66,175.000000,80.000000,10.825652
86,66,180.000000,80.000000,10.797946
87,66,185.000000,80.000000,10.770183
88,66,190.000000,80.000000,10.742115
89,66,195.000000,80.000000,10.713355
90,66,200.000000,80.000000,10.682979
91,66,205.000000,80.000000,10.652602
92,66,210.000000,80.000000,10.622225
93,66,215.000000,80.000000,10.591808
94,66,220.000000,80.000000,10.561364
95,66,225.000000,80.000000,10.530386
96,66,230.000000,80.000000,10.499215
97,66,235.000000,80.000000,10.468045
98,66,240.000000,80.000000,10.436875
99,66,245.000000,80.000000,10.405760
100,66,250.000000,80.000000,10.374917
0,67,-250.000000,85.000000,11.951915
1,67,-245.000000,85.000000,11.949459
2,67,-240.000000,85.000000,11.947003
3,67,-235.000000,85.000000,11.944547
4,67,-230.000000,85.000000,11.943289
5,67,-225.000000,85.000000,11.942784
6,67,-220.000000,85.000000,11.942446
7,67,-215.000000,85.000000,11.942162
8,67,-210.000000,85.000000,11.941878
9,67,-205.000000,85.000000,11.941670
10,67,-200.000000,85.000000,11.942920
11,67,-195.000000,85.000000,11.944223
12,67,-190.000000,85.000000,11.945748
13,67,-185.000000,85.000000,11.947273
14,67,-180.000000,85.000000,11.948798
15,67,-175.000000,85.000000,11.949839
16,67,-170.000000,85.000000,11.950368
17,67,-165.000000,85.000000,11.950736
18,67,-160.000000,85.000000,11.951011
19,67,-155.000000,85.000000,11.951286
20,67,-150.000000,85.000000,11.951561
21,67,-145.000000,85.000000,11.948686
22,67,-140.000000,85.000000,11.945467
23,67,-135.000000,85.000000,11.941162
24,67,-130.000000,85.000000,11.936858
25,67,-125.000000,85.000000,11.932553
26,67,-120.000000,85.000000,11.927020
27,67,-115.000000,85.000000,11.919284
28,67,-110.000000,85.000000,11.910791
29,67,-105.000000,85.000000,11.901550
30,67,-100.000000,85.000000,11.892308
31,67,-95.000000,85.000000,11.883067
32,67,-90.000000,85.000000,11.872769
33,67,-85.000000,85.000000,11.862196
34,67,-80.000000,85.000000,11.850933
35,67,-75.000000,85.000000,11.839624
36,67,-70.000000,85.000000,11.828316
37,67,-65.000000,85.000000,11.817085
38,67,-60.000000,85.000000,11.806110
39,67,-55.000000,85.000000,11.795222
40,67,-50.000000,85.000000,11.784476
41,67,-45.000000,85.000000,11.773730
42,67,-40.000000,85.000000,11.762985
43,67,-35.000000,85.000000,11.752085
44,67,-30.000000,85.000000,11.741107
45,67,-25.000000,85.000000,11.729971
46,67,-20.000000,85.000000,11.718798
47,67,-15.000000,85.000000,11.707625
48,67,-10.000000,85.000000,11.696238
49,67,-5.000000,85.000000,11.682968
50,67,0.000000,85.000000,11.669162
51,67,5.000000,85.000000,11.653724
52,67,10.000000,85.000000,11.638285
53,67,15.000000,85.000000,11.622847
54,67,20.000000,85.000000,11.605814
55,67,25.000000,85.000000,11.587413
56,67,30.000000,85.000000,11.566441
57,67,35.000000,85.000000,11.544279
58,67,40.000000,85.000000,11.522117
59,67,45.000000,85.000000,11.499955
60,67,50.000000,85.000000,11.475910
61,67,55.000000,85.000000,11.451454
62,67,60.000000,85.000000,11.424335
63,67,65.000000,85.000000,11.397215
64,67,70.000000,85.000000,11.370095
65,67,75.000000,85.000000,11.342874
66,67,80.000000,85.000000,11.315506
67,67,85.000000,85.000000,11.287869
68,67,90.000000,85.000000,11.260017
69,67,95.000000,85.000000,11.232165
70,67,100.000000,85.000000,11.204312
71,67,105.000000,85.000000,11.176889
72,67,110.000000,85.000000,11.149543
73,67,115.000000,85.000000,11.123439
74,67,120.000000,85.000000,11.097345
75,67,125.000000,85.000000,11.071251
76,67,130.000000,85.000000,11.045199
77,67,135.000000,85.000000,11.019253
78,67,140.000000,85.000000,10.993510
79,67,145.000000,85.000000,10.968038
80,67,150.000000,85.000000,10.942567
81,67,155.000000,85.000000,10.917095
82,67,160.000000,85.000000,10.891356
83,67,165.000000,85.000000,10.865510
84,67,170.000000,85.000000,10.838257
85,67,175.000000,85.000000,10.810780
86,67,180.000000,85.000000,10.783303
87,67,185.000000,85.000000,10.755769
88,67,190.000000,85.000000,10.727915
89,67,195.000000,85.000000,10.699342
90,67,200.000000,85.000000,10.669085
91,67,205.000000,85.000000,10.638828
92,67,210.000000,85.000000,10.608571
93,67,215.000000,85.000000,10.578272
94,67,220.000000,85.000000,10.547942
95,67,225.000000,85.000000,10.517033
96,67,230.000000,85.000000,10.485917
97,67,235.000000,85.000000,10.454800
98,67,240.000000,85.000000,10.423685
99,67,245.000000,85.000000,10.392623
100,67,250.000000,85.000000,10.361830
0,68,-250.000000,90.000000,11.904710
1,68,-245.000000,90.000000,11.902567
2,68,-240.000000,90.000000,11.900425
3,68,-235.000000,90.000000,11.898283
4,68,-230.000000,90.000000,11.897319
5,68,-225.000000,90.000000,11.897096
6,68,-220.000000,90.000000,11.897038
7,68,-215.000000,90.000000,11.897033
8,68,-210.000000,90.000000,11.897027
9,68,-205.000000,90.000000,11.897095
10,68,-200.000000,90.000000,11.898549
11,68,-195.000000,90.000000,11.900054
12,68,-190.000000,90.000000,11.901771
13,68,-185.000000,90.000000,11.903488
14,68,-180.000000,90.000000,11.905205
15,68,-175.000000,90.000000,11.906425
16,68,-170.000000,90.000000,11.907121
17,68,-165.000000,90.000000,11.907652
18,68,-160.000000,90.000000,11.908086
19,68,-155.000000,90.000000,11.908521
20,68,-150.000000,90.000000,11.908956
21,68,-145.000000,90.000000,11.906298
22,68,-140.000000,90.000000,11.903301
23,68,-135.000000,90.000000,11.899238
24,68,-130.000000,90.000000,11.895175
25,68,-125.000000,90.000000,11.891112
26,68,-120.000000,90.000000,11.885855
27,68,-115.000000,90.000000,11.878459
28,68,-110.000000,90.000000,11.870326
29,68,-105.000000,90.000000,11.861466
30,68,-100.000000,90.000000,11.852606
31,68,-95.000000,90.000000,11.843746
32,68,-90.000000,90.000000,11.833874
33,68,-85.000000,90.000000,11.823740
34,68,-80.000000,90.000000,11.812944
35,68,-75.000000,90.000000,11.802105
36,68,-70.000000,90.000000,11.791267
37,68,-65.000000,90.000000,11.780503
38,68,-60.000000,90.000000,11.769992
39,68,-55.000000,90.000000,11.759565
40,68,-50.000000,90.000000,11.749279
41,68,-45.000000,90.000000,11.738992
42,68,-40.000000,90.000000,11.728705
43,68,-35.000000,90.000000,11.718245
44,68,-30.000000,90.000000,11.707698
45,68,-25.000000,90.000000,11.696973
46,68,-20.000000,90.000000,11.686206
47,68,-15.000000,90.000000,11.675440
48,68,-10.000000,90.000000,11.664458
49,68,-5.000000,90.000000,11.651592
50,68,0.000000,90.000000,11.638188
51,68,5.000000,90.000000,11.623149
52,68,10.000000,90.000000,11.608110
53,68,15.000000,90.000000,11.593072
54,68,20.000000,90.000000,11.576454
55,68,25.000000,90.000000,11.558480
56,68,30.000000,90.000000,11.537961
57,68,35.000000,90.000000,11.516263
58,68,40.000000,90.000000,11.494565
59,68,45.000000,90.000000,11.472866
60,68,50.000000,90.000000,11.449316
61,68,55.000000,90.000000,11.425361
62,68,60.000000,90.000000,11.398785
63,68,65.000000,90.000000,11.372208
64,68,70.000000,90.000000,11.345632
65,68,75.000000,90.000000,11.318957
66,68,80.000000,90.000000,11.292140
67,68,85.000000,90.000000,11.265062
68,68,90.000000,90.000000,11.237774
69,68,95.000000,90.000000,11.210487
70,68,100.000000,90.000000,11.183199
71,68,105.000000,90.000000,11.156324
72,68,110.000000,90.000000,11.129524
73,68,115.000000,90.000000,11.103917
74,68,120.000000,90.000000,11.078321
75,68,125.000000,90.000000,11.052724
76,68,130.000000,90.000000,11.027161
77,68,135.000000,90.000000,11.001682
78,68,140.000000,90.000000,10.976364
79,68,145.000000,90.000000,10.951261
80,68,150.000000,90.000000,10.926158
81,68,155.000000,90.000000,10.901055
82,68,160.000000,90.000000,10.875666
83,68,165.000000,90.000000,10.850163
84,68,170.000000,90.000000,10.823155
85,68,175.000000,90.000000,10.795908
86,68,180.000000,90.000000,10.768661
87,68,185.000000,90.000000,10.741354
88,68,190.000000,90.000000,10.713715
89,68,195.000000,90.000000,10.685329
90,68,200.000000,90.000000,10.655192
91,68,205.000000,90.000000,10.625055
92,68,210.000000,90.000000,10.594918
93,68,215.000000,90.000000,10.564735
94,68,220.000000,90.000000,10.534519
95,68,225.000000,90.000000,10.503681
96,68,230.000000,90.000000,10.472618
97,68,235.000000,90.000000,10.441555
98,68,240.000000,90.000000,10.410494
99,68,245.000000,90.000000,10.379486
100,68,250.000000,90.000000,10.348743
0,69,-250.000000,95.000000,11.859213
1,69,-245.000000,95.000000,11.857344
2,69,-240.000000,95.000000,11.855475
3,69,-235.000000,95.000000,11.853606
4,69,-230.000000,95.000000,11.852908
5,69,-225.000000,95.000000,11.852946
6,69,-220.000000,95.000000,11.853148
7,69,-215.000000,95.000000,11.853402
8,69,-210.000000,95.000000,11.853656
9,69,-205.000000,95.000000,11.853981
10,69,-200.000000,95.000000,11.855644
11,69,-195.000000,95.000000,11.857356
12,69,-190.000000,95.000000,11.859272
13,69,-185.000000,95.000000,11.861189
14,69,-180.000000,95.000000,11.863105
15,69,-175.000000,95.000000,11.864516
16,69,-170.000000,95.000000,11.865393
17,69,-165.000000,95.000000,11.866103
18,69,-160.000000,95.000000,11.866715
19,69,-155.000000,95.000000,11.867326
20,69,-150.000000,95.000000,11.867938
21,69,-145.000000,95.000000,11.865502
22,69,-140.000000,95.000000,11.862732
23,69,-135.000000,95.000000,11.858911
24,69,-130.000000,95.000000,11.855091
25,69,-125.000000,95.000000,11.851270
26,69,-120.000000,95.000000,11.846285
27,69,-115.000000,95.000000,11.839212
28,69,-110.000000,95.000000,11.831421
29,69,-105.000000,95.000000,11.822921
30,69,-100.000000,95.000000,11.814421
31,69,-95.000000,95.000000,11.805921
32,69,-90.000000,95.000000,11.796452
33,69,-85.000000,95.000000,11.786732
34,69,-80.000000,95.000000,11.776379
35,69,-75.000000,95.000000,11.765986
36,69,-70.000000,95.000000,11.755592
37,69,-65.000000,95.000000,11.745275
38,69,-60.000000,95.000000,11.735213
39,69,-55.000000,95.000000,11.725236
40,69,-50.000000,95.000000,11.715402
41,69,-45.000000,95.000000,11.705568
42,69,-40.000000,95.000000,11.695733
43,69,-35.000000,95.000000,11.685712
44,69,-30.000000,95.000000,11.675597
45,69,-25.000000,95.000000,11.665290
46,69,-20.000000,95.000000,11.654938
47,69,-15.000000,95.000000,11.644586
48,69,-10.000000,95.000000,11.634019
49,69,-5.000000,95.000000,11.621560
50,69,0.000000,95.000000,11.608562
51,69,5.000000,95.000000,11.593924
52,69,10.000000,95.000000,11.579285
53,69,15.000000,95.000000,11.564647
54,69,20.000000,95.000000,11.548439
55,69,25.000000,95.000000,11.530883
56,69,30.000000,95.000000,11.510797
57,69,35.000000,95.000000,11.489539
58,69,40.000000,95.000000,11.468281
59,69,45.000000,95.000000,11.447023
60,69,50.000000,95.000000,11.423936
61,69,55.000000,95.000000,11.400450
62,69,60.000000,95.000000,11.374377
63,69,65.000000,95.000000,11.348304
64,69,70.000000,95.000000,11.322231
65,69,75.000000,95.000000,11.296063
66,69,80.000000,95.000000,11.269758
67,69,85.000000,95.000000,11.243202
68,69,90.000000,95.000000,11.216444
69,69,95.000000,95.000000,11.189687
70,69,100.000000,95.000000,11.162929
71,69,105.000000,95.000000,11.136572
72,69,110.000000,95.000000,11.110288
73,69,115.000000,95.000000,11.085163
74,69,120.000000,95.000000,11.060048
75,69,125.000000,95.000000,11.034933
76,69,130.000000,95.000000,11.009844
77,69,135.000000,95.000000,10.984818
78,69,140.000000,95.000000,10.959915
79,69,145.000000,95.000000,10.935177
80,69,150.000000,95.000000,10.910439
81,69,155.000000,95.000000,10.885700
82,69,160.000000,95.000000,10.860656
83,69,165.000000,95.000000,10.835492
84,69,170.000000,95.000000,10.808722
85,69,175.000000,95.000000,10.781699
86,69,180.000000,95.000000,10.754675
87,69,185.000000,95.000000,10.727589
88,69,190.000000,95.000000,10.700157
89,69,195.000000,95.000000,10.671948
90,69,200.000000,95.000000,10.641918
91,69,205.000000,95.000000,10.611887
92,69,210.000000,95.000000,10.581857
93,69,215.000000,95.000000,10.551777
94,69,220.000000,95.000000,10.521663
95,69,225.000000,95.000000,10.490882
96,69,230.000000,95.000000,10.459861
97,69,235.000000,95.000000,10.428840
98,69,240.000000,95.000000,10.397821
99,69,245.000000,95.000000,10.366854
100,69,250.000000,95.000000,10.336150
0,70,-250.000000,100.000000,11.814757
1,70,-245.000000,100.000000,11.813137
2,70,-240.000000,100.000000,11.811517
3,70,-235.000000,100.000000,11.809897
4,70,-230.000000,100.000000,11.809447
5,70,-225.000000,100.000000,11.809733
6,70,-220.000000,100.000000,11.810183
7,70,-215.000000,100.000000,11.810684
8,70,-210.000000,100.000000,11.811186
9,70,-205.000000,100.000000,11.811756
10,70,-200.000000,100.000000,11.813630
11,70,-195.000000,100.000000,11.815552
12,70,-190.000000,100.000000,11.817673
13,70,-185.000000,100.000000,11.819793
14,70,-180.000000,100.000000,11.821914
15,70,-175.000000,100.000000,11.823523
16,70,-170.000000,100.000000,11.824591
17,70,-165.000000,100.000000,11.825489
18,70,-160.000000,100.000000,11.826288
19,70,-155.000000,100.000000,11.827087
20,70,-150.000000,100.000000,11.827886
21,70,-145.000000,100.000000,11.825675
22,70,-140.000000,100.000000,11.823135
23,70,-135.000000,100.000000,11.819557
24,70,-130.000000,100.000000,11.815978
25,70,-125.000000,100.000000,11.812400
26,70,-120.000000,100.000000,11.807684
27,70,-115.000000,100.000000,11.800926
28,70,-110.000000,100.000000,11.793466
29,70,-105.000000,100.000000,11.785312
30,70,-100.000000,100.000000,11.777159
31,70,-95.000000,100.000000,11.769005
32,70,-90.000000,100.000000,11.759926
33,70,-85.000000,100.000000,11.750607
34,70,-80.000000,100.000000,11.740682
35,70,-75.000000,100.000000,11.730718
36,70,-70.000000,100.000000,11.720755
37,70,-65.000000,100.000000,11.710870
38,70,-60.000000,100.000000,11.701249
39,70,-55.000000,100.000000,11.691716
40,70,-50.000000,100.000000,11.682329
41,70,-45.000000,100.000000,11.672943
42,70,-40.000000,100.000000,11.663557
43,70,-35.000000,100.000000,11.653973
44,70,-30.000000,100.000000,11.644291
45,70,-25.000000,100.000000,11.634407
46,70,-20.000000,100.000000,11.624475
47,70,-15.000000,100.000000,11.614543
48,70,-10.000000,100.000000,11.604395
49,70,-5.000000,100.000000,11.592347
50,70,0.000000,100.000000,11.579757
51,70,5.000000,100.000000,11.565519
52,70,10.000000,100.000000,11.551282
53,70,15.000000,100.000000,11.537044
54,70,20.000000,100.000000,11.521243
55,70,25.000000,100.000000,11.504099
56,70,30.000000,100.000000,11.484434
57,70,35.000000,100.000000,11.463601
58,70,40.000000,100.000000,11.442769
59,70,45.000000,100.000000,11.421936
60,70,50.000000,100.000000,11.399295
61,70,55.000000,100.000000,11.376259
62,70,60.000000,100.000000,11.350665
63,70,65.000000,100.000000,11.325071
64,70,70.000000,100.000000,11.299476
65,70,75.000000,100.000000,11.273791
66,70,80.000000,100.000000,11.247975
67,70,85.000000,100.000000,11.221918
68,70,90.000000,100.000000,11.195670
69,70,95.000000,100.000000,11.169422
70,70,100.000000,100.000000,11.143173
71,70,105.000000,100.000000,11.117316
72,70,110.000000,100.000000,11.091530
73,70,115.000000,100.000000,11.066877
74,70,120.000000,100.000000,11.042234
75,70,125.000000,100.000000,11.017590
76,70,130.000000,100.000000,10.992965
77,70,135.000000,100.000000,10.968385
78,70,140.000000,100.000000,10.943892
79,70,145.000000,100.000000,10.919515
80,70,150.000000,100.000000,10.895139
81,70,155.000000,100.000000,10.870762
82,70,160.000000,100.000000,10.846061
83,70,165.000000,100.000000,10.821232
84,70,170.000000,100.000000,10.794697
85,70,175.000000,100.000000,10.767893
86,70,180.000000,100.000000,10.741088
87,70,185.000000,100.000000,10.714218
88,70,190.000000,100.000000,10.686990
89,70,195.000000,100.000000,10.658952
90,70,200.000000,100.000000,10.629020
91,70,205.000000,100.000000,10.599089
92,70,210.000000,100.000000,10.569157
93,70,215.000000,100.000000,10.539172
94,70,220.000000,100.000000,10.509151
95,70,225.000000,100.000000,10.478420
96,70,230.000000,100.000000,10.447434
97,70,235.000000,100.000000,10.416447
98,70,240.000000,100.000000,10.385462
99,70,245.000000,100.000000,10.354530
100,70,250.000000,100.000000,10.323860
0,71,-250.000000,105.000000,11.773158
1,71,-245.000000,105.000000,11.771719
2,71,-240.000000,105.000000,11.770281
3,71,-235.000000,105.000000,11.768842
4,71,-230.000000,105.000000,11.768593
5,71,-225.000000,105.000000,11.769091
6,71,-220.000000,105.000000,11.769755
7,71,-215.000000,105.000000,11.770472
8,71,-210.000000,105.000000,11.771189
9,71,-205.000000,105.000000,11.771975
10,71,-200.000000,105.000000,11.774066
11,71,-195.000000,105.000000,11.776206
12,71,-190.000000,105.000000,11.778544
13,71,-185.000000,105.000000,11.780882
14,71,-180.000000,105.000000,11.783220
15,71,-175.000000,105.000000,11.785046
16,71,-170.000000,105.000000,11.786330
17,71,-165.000000,105.000000,11.787443
18,71,-160.000000,105.000000,11.788458
19,71,-155.000000,105.000000,11.789472
20,71,-150.000000,105.000000,11.790487
21,71,-145.000000,105.000000,11.788511
22,71,-140.000000,105.000000,11.786207
23,71,-135.000000,105.000000,11.782873
24,71,-130.000000,105.000000,11.779538
25,71,-125.000000,105.000000,11.776204
26,71,-120.000000,105.000000,11.771747
27,71,-115.000000,105.000000,11.765280
28,71,-110.000000,105.000000,11.758120
29,71,-105.000000,105.000000,11.750277
30,71,-100.000000,105.000000,11.742434
31,71,-95.000000,105.000000,11.734591
32,71,-90.000000,105.000000,11.725863
33,71,-85.000000,105.000000,11.716904
34,71,-80.000000,105.000000,11.707367
35,71,-75.000000,105.000000,11.697792
36,71,-70.000000,105.000000,11.688217
37,71,-65.000000,105.000000,11.678728
38,71,-60.000000,105.000000,11.669524
39,71,-55.000000,105.000000,11.660415
40,71,-50.000000,105.000000,11.651466
41,71,-45.000000,105.000000,11.642516
42,71,-40.000000,105.000000,11.633567
43,71,-35.000000,105.000000,11.624419
44,71,-30.000000,105.000000,11.615172
45,71,-25.000000,105.000000,11.605722
46,71,-20.000000,105.000000,11.596224
47,71,-15.000000,105.000000,11.586727
48,71,-10.000000,105.000000,11.577012
49,71,-5.000000,105.000000,11.565382
50,71,0.000000,105.000000,11.553206
51,71,5.000000,105.000000,11.539371
52,71,10.000000,105.000000,11.525535
53,71,15.000000,105.000000,11.511700
54,71,20.000000,105.000000,11.496297
55,71,25.000000,105.000000,11.479548
56,71,30.000000,105.000000,11.460272
57,71,35.000000,105.000000,11.439825
58,71,40.000000,105.000000,11.419378
59,71,45.000000,105.000000,11.398931
60,71,50.000000,105.000000,11.376686
61,71,55.000000,105.000000,11.354047
62,71,60.000000,105.000000,11.328864
63,71,65.000000,105.000000,11.303680
64,71,70.000000,105.000000,11.278497
65,71,75.000000,105.000000,11.253228
66,71,80.000000,105.000000,11.227837
67,71,85.000000,105.000000,11.202220
68,71,90.000000,105.000000,11.176422
69,71,95.000000,105.000000,11.150625
70,71,100.000000,105.000000,11.124827
71,71,105.000000,105.000000,11.099420
72,71,110.000000,105.000000,11.074083
73,71,115.000000,105.000000,11.049875
74,71,120.000000,105.000000,11.025676
75,71,125.000000,105.000000,11.001478
76,71,130.000000,105.000000,10.977291
77,71,135.000000,105.000000,10.953135
78,71,140.000000,105.000000,10.929036
79,71,145.000000,105.000000,10.905014
80,71,150.000000,105.000000,10.880992
81,71,155.000000,105.000000,10.856970
82,71,160.000000,105.000000,10.832603
83,71,165.000000,105.000000,10.808102
84,71,170.000000,105.000000,10.781791
85,71,175.000000,105.000000,10.755195
86,71,180.000000,105.000000,10.728598
87,71,185.000000,105.000000,10.701934
88,71,190.000000,105.000000,10.674895
89,71,195.000000,105.000000,10.647014
90,71,200.000000,105.000000,10.617158
91,71,205.000000,105.000000,10.587303
92,71,210.000000,105.000000,10.557448
93,71,215.000000,105.000000,10.527536
94,71,220.000000,105.000000,10.497587
95,71,225.000000,105.000000,10.466885
96,71,230.000000,105.000000,10.435912
97,71,235.000000,105.000000,10.404940
98,71,240.000000,105.000000,10.373969
99,71,245.000000,105.000000,10.343051
100,71,250.000000,105.000000,10.312397
0,72,-250.000000,110.000000,11.731559
1,72,-245.000000,110.000000,11.730302
2,72,-240.000000,110.000000,11.729045
3,72,-235.000000,110.000000,11.727788
4,72,-230.000000,110.000000,11.727739
5,72,-225.000000,110.000000,11.728449
6,72,-220.000000,110.000000,11.729328
7,72,-215.000000,110.000000,11.730260
8,72,-210.000000,110.000000,11.731193
9,72,-205.000000,110.000000,11.732194
10,72,-200.000000,110.000000,11.734503
11,72,-195.000000,110.000000,11.736859
12,72,-190.000000,110.000000,11.739415
13,72,-185.000000,110.000000,11.741971
14,72,-180.000000,110.000000,11.744527
15,72,-175.000000,110.000000,11.746569
16,72,-170.000000,110.000000,11.748069
17,72,-165.000000,110.000000,11.749398
18,72,-160.000000,110.000000,11.750628
19,72,-155.000000,110.000000,11.751858
20,72,-150.000000,110.000000,11.753088
21,72,-145.000000,110.000000,11.751346
22,72,-140.000000,110.000000,11.749280
23,72,-135.000000,110.000000,11.746189
24,72,-130.000000,110.000000,11.743098
25,72,-125.000000,110.000000,11.740007
26,72,-120.000000,110.000000,11.735811
27,72,-115.000000,110.000000,11.729634
28,72,-110.000000,110.000000,11.722774
29,72,-105.000000,110.000000,11.715242
30,72,-100.000000,110.000000,11.707710
31,72,-95.000000,110.000000,11.700177
32,72,-90.000000,110.000000,11.691799
33,72,-85.000000,110.000000,11.683202
34,72,-80.000000,110.000000,11.674051
35,72,-75.000000,110.000000,11.664865
36,72,-70.000000,110.000000,11.655679
37,72,-65.000000,110.000000,11.646585
38,72,-60.000000,110.000000,11.637799
39,72,-55.000000,110.000000,11.629115
40,72,-50.000000,110.000000,11.620602
41,72,-45.000000,110.000000,11.612089
42,72,-40.000000,110.000000,11.603577
43,72,-35.000000,110.000000,11.594865
44,72,-30.000000,110.000000,11.586053
45,72,-25.000000,110.000000,11.577038
46,72,-20.000000,110.000000,11.567974
47,72,-15.000000,110.000000,11.558911
48,72,-10.000000,110.000000,11.549628
49,72,-5.000000,110.000000,11.538417
50,72,0.000000,110.000000,11.526656
51,72,5.000000,110.000000,11.513222
52,72,10.000000,110.000000,11.499789
53,72,15.000000,110.000000,11.486356
54,72,20.000000,110.000000,11.471351
55,72,25.000000,110.000000,11.454997
56,72,30.000000,110.000000,11.436109
57,72,35.000000,110.000000,11.416048
58,72,40.000000,110.000000,11.395987
59,72,45.000000,110.000000,11.375926
60,72,50.000000,110.000000,11.354076
61,72,55.000000,110.000000,11.331835
62,72,60.000000,110.000000,11.307062
63,72,65.000000,110.000000,11.282290
64,72,70.000000,110.000000,11.257518
65,72,75.000000,110.000000,11.232665
66,72,80.000000,110.000000,11.207698
67,72,85.000000,110.000000,11.182521
68,72,90.000000,110.000000,11.157174
69,72,95.000000,110.000000,11.131828
70,72,100.000000,110.000000,11.106482
71,72,105.000000,110.000000,11.081524
72,72,110.000000,110.000000,11.056636
73,72,115.000000,110.000000,11.032873
74,72,120.000000,110.000000,11.009119
75,72,125.000000,110.000000,10.985365
76,72,130.000000,110.000000,10.961617
77,72,135.000000,110.000000,10.937884
78,72,140.000000,110.000000,10.914179
79,72,145.000000,110.000000,10.890512
80,72,150.000000,110.000000,10.866845
81,72,155.000000,110.000000,10.843178
82,72,160.000000,110.000000,10.819146
83,72,165.000000,110.000000,10.794971
84,72,170.000000,110.000000,10.768885
85,72,175.000000,110.000000,10.742497
86,72,180.000000,110.000000,10.716108
87,72,185.000000,110.000000,10.689649
88,72,190.000000,110.000000,10.662801
89,72,195.000000,110.000000,10.635075
90,72,200.000000,110.000000,10.605296
91,72,205.000000,110.000000,10.575517
92,72,210.000000,110.000000,10.545738
93,72,215.000000,110.000000,10.515901
94,72,220.000000,110.000000,10.486022
95,72,225.000000,110.000000,10.455349
96,72,230.000000,110.000000,10.424391
97,72,235.000000,110.000000,10.393433
98,72,240.000000,110.000000,10.362476
99,72,245.000000,110.000000,10.331572
100,72,250.000000,110.000000,10.300934
0,73,-250.000000,115.000000,11.689960
1,73,-245.000000,115.000000,11.688884
2,73,-240.000000,115.000000,11.687809
3,73,-235.000000,115.000000,11.686734
4,73,-230.000000,115.000000,11.686885
5,73,-225.000000,115.000000,11.687807
6,73,-220.000000,115.000000,11.688900
7,73,-215.000000,115.000000,11.690048
8,73,-210.000000,115.000000,11.691196
9,73,-205.000000,115.000000,11.692413
10,73,-200.000000,115.000000,11.694939
11,73,-195.000000,115.000000,11.697513
12,73,-190.000000,115.000000,11.700286
13,73,-185.000000,115.000000,11.703060
14,73,-180.000000,115.000000,11.705833
15,73,-175.000000,115.000000,11.708092
16,73,-170.000000,115.000000,11.709808
17,73,-165.000000,115.000000,11.711353
18,73,-160.000000,115.000000,11.712798
19,73,-155.000000,115.000000,11.714244
20,73,-150.000000,115.000000,11.715689
21,73,-145.000000,115.000000,11.714182
22,73,-140.000000,115.000000,11.712353
23,73,-135.000000,115.000000,11.709505
24,73,-130.000000,115.000000,11.706658
25,73,-125.000000,115.000000,11.703811
26,73,-120.000000,115.000000,11.699875
27,73,-115.000000,115.000000,11.693987
28,73,-110.000000,115.000000,11.687428
29,73,-105.000000,115.000000,11.680207
30,73,-100.000000,115.000000,11.672985
31,73,-95.000000,115.000000,11.665763
32,73,-90.000000,115.000000,11.657736
33,73,-85.000000,115.000000,11.649499
34,73,-80.000000,115.000000,11.640736
35,73,-75.000000,115.000000,11.631939
36,73,-70.000000,115.000000,11.623142
37,73,-65.000000,115.000000,11.614443
38,73,-60.000000,115.000000,11.606074
39,73,-55.000000,115.000000,11.597815
40,73,-50.000000,115.000000,11.589738
41,73,-45.000000,115.000000,11.581662
42,73,-40.000000,115.000000,11.573586
43,73,-35.000000,115.000000,11.565311
44,73,-30.000000,115.000000,11.556934
45,73,-25.000000,115.000000,11.548353
46,73,-20.000000,115.000000,11.539724
47,73,-15.000000,115.000000,11.531095
48,73,-10.000000,115.000000,11.522245
49,73,-5.000000,115.000000,11.511452
50,73,0.000000,115.000000,11.500105
51,73,5.000000,115.000000,11.487074
52,73,10.000000,115.000000,11.474043
53,73,15.000000,115.000000,11.461012
54,73,20.000000,115.000000,11.446405
55,73,25.000000,115.000000,11.430446
56,73,30.000000,115.000000,11.411947
57,73,35.000000,115.000000,11.392272
58,73,40.000000,115.000000,11.372596
59,73,45.000000,115.000000,11.352921
60,73,50.000000,115.000000,11.331466
61,73,55.000000,115.000000,11.309623
62,73,60.000000,115.000000,11.285261
63,73,65.000000,115.000000,11.260900
64,73,70.000000,115.000000,11.236538
65,73,75.000000,115.000000,11.212103
66,73,80.000000,115.000000,11.187560
67,73,85.000000,115.000000,11.162822
68,73,90.000000,115.000000,11.137927
69,73,95.000000,115.000000,11.113031
70,73,100.000000,115.000000,11.088136
71,73,105.000000,115.000000,11.063628
72,73,110.000000,115.000000,11.039189
73,73,115.000000,115.000000,11.015871
74,73,120.000000,115.000000,10.992562
75,73,125.000000,115.000000,10.969253
76,73,130.000000,115.000000,10.945944
77,73,135.000000,115.000000,10.922634
78,73,140.000000,115.000000,10.899323
79,73,145.000000,115.000000,10.876010
80,73,150.000000,115.000000,10.852698
81,73,155.000000,115.000000,10.829385
82,73,160.000000,115.000000,10.805688
83,73,165.000000,115.000000,10.781841
84,73,170.000000,115.000000,10.755979
85,73,175.000000,115.000000,10.729799
86,73,180.000000,115.000000,10.703618
87,73,185.000000,115.000000,10.677364
88,73,190.000000,115.000000,10.650706
89,73,195.000000,115.000000,10.623137
90,73,200.000000,115.000000,10.593434
91,73,205.000000,115.000000,10.563732
92,73,210.000000,115.000000,10.534029
93,73,215.000000,115.000000,10.504265
94,73,220.000000,115.000000,10.474457
95,73,225.000000,115.000000,10.443813
96,73,230.000000,115.000000,10.412869
97,73,235.000000,115.000000,10.381925
98,73,240.000000,115.000000,10.350983
99,73,245.000000,115.000000,10.320093
100,73,250.000000,115.000000,10.289471
0,74,-250.000000,120.000000,11.648809
1,74,-245.000000,120.000000,11.647901
2,74,-240.000000,120.000000,11.646993
3,74,-235.000000,120.000000,11.646085
4,74,-230.000000,120.000000,11.646423
5,74,-225.000000,120.000000,11.647544
6,74,-220.000000,120.000000,11.648839
7,74,-215.000000,120.000000,11.650190
8,74,-210.000000,120.000000,11.651540
9,74,-205.000000,120.000000,11.652960
10,74,-200.000000,120.000000,11.655693
11,74,-195.000000,120.000000,11.658475
12,74,-190.000000,120.000000,11.661458
13,74,-185.000000,120.000000,11.664440
14,74,-180.000000,120.000000,11.667423
15,74,-175.000000,120.000000,11.669892
16,74,-170.000000,120.000000,11.671818
17,74,-165.000000,120.000000,11.673574
18,74,-160.000000,120.000000,11.675230
19,74,-155.000000,120.000000,11.676886
20,74,-150.000000,120.000000,11.678542
21,74,-145.000000,120.000000,11.677266
22,74,-140.000000,120.000000,11.675668
23,74,-135.000000,120.000000,11.673059
24,74,-130.000000,120.000000,11.670450
25,74,-125.000000,120.000000,11.667841
26,74,-120.000000,120.000000,11.664159
27,74,-115.000000,120.000000,11.658553
28,74,-110.000000,120.000000,11.652285
29,74,-105.000000,120.000000,11.645364
30,74,-100.000000,120.000000,11.638443
31,74,-95.000000,120.000000,11.631522
32,74,-90.000000,120.000000,11.623832
33,74,-85.000000,120.000000,11.615943
34,74,-80.000000,120.000000,11.607552
35,74,-75.000000,120.000000,11.599128
36,74,-70.000000,120.000000,11.590705
37,74,-65.000000,120.000000,11.582386
38,74,-60.000000,120.000000,11.574417
39,74,-55.000000,120.000000,11.566566
40,74,-50.000000,120.000000,11.558909
41,74,-45.000000,120.000000,11.551253
42,74,-40.000000,120.000000,11.543597
43,74,-35.000000,120.000000,11.535740
44,74,-30.000000,120.000000,11.527784
45,74,-25.000000,120.000000,11.519623
46,74,-20.000000,120.000000,11.511414
47,74,-15.000000,120.000000,11.503205
48,74,-10.000000,120.000000,11.494774
49,74,-5.000000,120.000000,11.484388
50,74,0.000000,120.000000,11.473445
51,74,5.000000,120.000000,11.460808
52,74,10.000000,120.000000,11.448171
53,74,15.000000,120.000000,11.435533
54,74,20.000000,120.000000,11.421317
55,74,25.000000,120.000000,11.405747
56,74,30.000000,120.000000,11.387632
57,74,35.000000,120.000000,11.368338
58,74,40.000000,120.000000,11.349044
59,74,45.000000,120.000000,11.329750
60,74,50.000000,120.000000,11.308687
61,74,55.000000,120.000000,11.287236
62,74,60.000000,120.000000,11.263282
63,74,65.000000,120.000000,11.239327
64,74,70.000000,120.000000,11.215372
65,74,75.000000,120.000000,11.191348
66,74,80.000000,120.000000,11.167225
67,74,85.000000,120.000000,11.142920
68,74,90.000000,120.000000,11.118469
69,74,95.000000,120.000000,11.094018
70,74,100.000000,120.000000,11.069567
71,74,105.000000,120.000000,11.045501
72,74,110.000000,120.000000,11.021505
73,74,115.000000,120.000000,10.998623
74,74,120.000000,120.000000,10.975751
75,74,125.000000,120.000000,10.952879
76,74,130.000000,120.000000,10.930001
77,74,135.000000,120.000000,10.907108
78,74,140.000000,120.000000,10.884186
79,74,145.000000,120.000000,10.861225
80,74,150.000000,120.000000,10.838264
81,74,155.000000,120.000000,10.815303
82,74,160.000000,120.000000,10.791940
83,74,165.000000,120.000000,10.768419
84,74,170.000000,120.000000,10.742787
85,74,175.000000,120.000000,10.716821
86,74,180.000000,120.000000,10.690855
87,74,185.000000,120.000000,10.664812
88,74,190.000000,120.000000,10.638352
89,74,195.000000,120.000000,10.610949
90,74,200.000000,120.000000,10.581338
91,74,205.000000,120.000000,10.551727
92,74,210.000000,120.000000,10.522116
93,74,215.000000,120.000000,10.492441
94,74,220.000000,120.000000,10.462720
95,74,225.000000,120.000000,10.432124
96,74,230.000000,120.000000,10.401213
97,74,235.000000,120.000000,10.370303
98,74,240.000000,120.000000,10.339394
99,74,245.000000,120.000000,10.308538
100,74,250.000000,120.000000,10.277951
0,75,-250.000000,125.000000,11.607953
1,75,-245.000000,125.000000,11.607204
2,75,-240.000000,125.000000,11.606454
3,75,-235.000000,125.000000,11.605704
4,75,-230.000000,125.000000,11.606220
5,75,-225.000000,125.000000,11.607531
6,75,-220.000000,125.000000,11.609019
7,75,-215.000000,125.000000,11.610563
8,75,-210.000000,125.000000,11.612108
9,75,-205.000000,125.000000,11.613722
10,75,-200.000000,125.000000,11.616657
11,75,-195.000000,125.000000,11.619642
12,75,-190.000000,125.000000,11.622828
13,75,-185.000000,125.000000,11.626014
14,75,-180.000000,125.000000,11.629200
15,75,-175.000000,125.000000,11.631874
16,75,-170.000000,125.000000,11.634007
17,75,-165.000000,125.000000,11.635970
18,75,-160.000000,125.000000,11.637834
19,75,-155.000000,125.000000,11.639698
20,75,-150.000000,125.000000,11.641562
21,75,-145.000000,125.000000,11.640512
22,75,-140.000000,125.000000,11.639143
23,75,-135.000000,125.000000,11.636769
24,75,-130.000000,125.000000,11.634395
25,75,-125.000000,125.000000,11.632021
26,75,-120.000000,125.000000,11.628588
27,75,-115.000000,125.000000,11.623259
28,75,-110.000000,125.000000,11.617276
29,75,-105.000000,125.000000,11.610648
30,75,-100.000000,125.000000,11.604021
31,75,-95.000000,125.000000,11.597394
32,75,-90.000000,125.000000,11.590034
33,75,-85.000000,125.000000,11.582483
34,75,-80.000000,125.000000,11.574454
35,75,-75.000000,125.000000,11.566394
36,75,-70.000000,125.000000,11.558333
37,75,-65.000000,125.000000,11.550384
38,75,-60.000000,125.000000,11.542806
39,75,-55.000000,125.000000,11.535351
40,75,-50.000000,125.000000,11.528103
41,75,-45.000000,125.000000,11.520855
42,75,-40.000000,125.000000,11.513607
43,75,-35.000000,125.000000,11.506160
44,75,-30.000000,125.000000,11.498614
45,75,-25.000000,125.000000,11.490863
46,75,-20.000000,125.000000,11.483065
47,75,-15.000000,125.000000,11.475267
48,75,-10.000000,125.000000,11.467246
49,75,-5.000000,125.000000,11.457260
50,75,0.000000,125.000000,11.446714
51,75,5.000000,125.000000,11.434465
52,75,10.000000,125.000000,11.422216
53,75,15.000000,125.000000,11.409966
54,75,20.000000,125.000000,11.396137
55,75,25.000000,125.000000,11.380950
56,75,30.000000,125.000000,11.363215
57,75,35.000000,125.000000,11.344301
58,75,40.000000,125.000000,11.325386
59,75,45.000000,125.000000,11.306471
60,75,50.000000,125.000000,11.285796
61,75,55.000000,125.000000,11.264736
62,75,60.000000,125.000000,11.241185
63,75,65.000000,125.000000,11.217634
64,75,70.000000,125.000000,11.194083
65,75,75.000000,125.000000,11.170468
66,75,80.000000,125.000000,11.146761
67,75,85.000000,125.000000,11.122885
68,75,90.000000,125.000000,11.098874
69,75,95.000000,125.000000,11.074862
70,75,100.000000,125.000000,11.050850
71,75,105.000000,125.000000,11.027222
72,75,110.000000,125.000000,11.003663
73,75,115.000000,125.000000,10.981213
74,75,120.000000,125.000000,10.958773
75,75,125.000000,125.000000,10.936333
76,75,130.000000,125.000000,10.913882
77,75,135.000000,125.000000,10.891401
78,75,140.000000,125.000000,10.868865
79,75,145.000000,125.000000,10.846253
80,75,150.000000,125.000000,10.823642
81,75,155.000000,125.000000,10.801031
82,75,160.000000,125.000000,10.778000
83,75,165.000000,125.000000,10.754804
84,75,170.000000,125.000000,10.729405
85,75,175.000000,125.000000,10.703658
86,75,180.000000,125.000000,10.677910
87,75,185.000000,125.000000,10.652084
88,75,190.000000,125.000000,10.625827
89,75,195.000000,125.000000,10.598596
90,75,200.000000,125.000000,10.569087
91,75,205.000000,125.000000,10.539578
92,75,210.000000,125.000000,10.510070
93,75,215.000000,125.000000,10.480493
94,75,220.000000,125.000000,10.450869
95,75,225.000000,125.000000,10.420333
96,75,230.000000,125.000000,10.389469
97,75,235.000000,125.000000,10.358605
98,75,240.000000,125.000000,10.327742
99,75,245.000000,125.000000,10.296933
100,75,250.000000,125.000000,10.266393
0,76,-250.000000,130.000000,11.568295
1,76,-245.000000,130.000000,11.567666
2,76,-240.000000,130.000000,11.567037
3,76,-235.000000,130.000000,11.566408
4,76,-230.000000,130.000000,11.567065
5,76,-225.000000,130.000000,11.568531
6,76,-220.000000,130.000000,11.570177
7,76,-215.000000,130.000000,11.571881
8,76,-210.000000,130.000000,11.573584
9,76,-205.000000,130.000000,11.575358
10,76,-200.000000,130.000000,11.578471
11,76,-195.000000,130.000000,11.581633
12,76,-190.000000,130.000000,11.585000
13,76,-185.000000,130.000000,11.588367
14,76,-180.000000,130.000000,11.591734
15,76,-175.000000,130.000000,11.594595
16,76,-170.000000,130.000000,11.596920
17,76,-165.000000,130.000000,11.599078
18,76,-160.000000,130.000000,11.601137
19,76,-155.000000,130.000000,11.603197
20,76,-150.000000,130.000000,11.605256
21,76,-145.000000,130.000000,11.604419
22,76,-140.000000,130.000000,11.603265
23,76,-135.000000,130.000000,11.601112
24,76,-130.000000,130.000000,11.598959
25,76,-125.000000,130.000000,11.596806
26,76,-120.000000,130.000000,11.593607
27,76,-115.000000,130.000000,11.588530
28,76,-110.000000,130.000000,11.582807
29,76,-105.000000,130.000000,11.576447
30,76,-100.000000,130.000000,11.570087
31,76,-95.000000,130.000000,11.563727
32,76,-90.000000,130.000000,11.556662
33,76,-85.000000,130.000000,11.549415
34,76,-80.000000,130.000000,11.541706
35,76,-75.000000,130.000000,11.533968
36,76,-70.000000,130.000000,11.526230
37,76,-65.000000,130.000000,11.518609
38,76,-60.000000,130.000000,11.511377
39,76,-55.000000,130.000000,11.504274
40,76,-50.000000,130.000000,11.497389
41,76,-45.000000,130.000000,11.490503
42,76,-40.000000,130.000000,11.483618
43,76,-35.000000,130.000000,11.476537
44,76,-30.000000,130.000000,11.469360
45,76,-25.000000,130.000000,11.461981
46,76,-20.000000,130.000000,11.454557
47,76,-15.000000,130.000000,11.447132
48,76,-10.000000,130.000000,11.439484
49,76,-5.000000,130.000000,11.429868
50,76,0.000000,130.000000,11.419691
51,76,5.000000,130.000000,11.407808
52,76,10.000000,130.000000,11.395925
53,76,15.000000,130.000000,11.384041
54,76,20.000000,130.000000,11.370578
55,76,25.000000,130.000000,11.355758
56,76,30.000000,130.000000,11.338391
57,76,35.000000,130.000000,11.319843
58,76,40.000000,130.000000,11.301296
59,76,45.000000,130.000000,11.282749
60,76,50.000000,130.000000,11.262451
61,76,55.000000,130.000000,11.241770
62,76,60.000000,130.000000,11.218612
63,76,65.000000,130.000000,11.195454
64,76,70.000000,130.000000,11.172296
65,76,75.000000,130.000000,11.149077
66,76,80.000000,130.000000,11.125773
67,76,85.000000,130.000000,11.102309
68,76,90.000000,130.000000,11.078718
69,76,95.000000,130.000000,11.055127
70,76,100.000000,130.000000,11.031536
71,76,105.000000,130.000000,11.008326
72,76,110.000000,130.000000,10.985185
73,76,115.000000,130.000000,10.963147
74,76,120.000000,130.000000,10.941118
75,76,125.000000,130.000000,10.919089
76,76,130.000000,130.000000,10.897044
77,76,135.000000,130.000000,10.874958
78,76,140.000000,130.000000,10.852794
79,76,145.000000,130.000000,10.830524
80,76,150.000000,130.000000,10.808255
81,76,155.000000,130.000000,10.785985
82,76,160.000000,130.000000,10.763282
83,76,165.000000,130.000000,10.740408
84,76,170.000000,130.000000,10.715257
85,76,175.000000,130.000000,10.689745
86,76,180.000000,130.000000,10.664234
87,76,185.000000,130.000000,10.638642
88,76,190.000000,130.000000,10.612608
89,76,195.000000,130.000000,10.585576
90,76,200.000000,130.000000,10.556211
91,76,205.000000,130.000000,10.526845
92,76,210.000000,130.000000,10.497479
93,76,215.000000,130.000000,10.468043
94,76,220.000000,130.000000,10.438559
95,76,225.000000,130.000000,10.408132
96,76,230.000000,130.000000,10.377365
97,76,235.000000,130.000000,10.346599
98,76,240.000000,130.000000,10.315834
99,76,245.000000,130.000000,10.285123
100,76,250.000000,130.000000,10.254681
0,77,-250.000000,135.000000,11.528636
1,77,-245.000000,135.000000,11.528128
2,77,-240.000000,135.000000,11.527619
3,77,-235.000000,135.000000,11.527111
4,77,-230.000000,135.000000,11.527910
5,77,-225.000000,135.000000,11.529531
6,77,-220.000000,135.000000,11.531336
7,77,-215.000000,135.000000,11.533198
8,77,-210.000000,135.000000,11.535060
9,77,-205.000000,135.000000,11.536994
10,77,-200.000000,135.000000,11.540284
11,77,-195.000000,135.000000,11.543625
12,77,-190.000000,135.000000,11.547173
13,77,-185.000000,135.000000,11.550720
14,77,-180.000000,135.000000,11.554268
15,77,-175.000000,135.000000,11.557315
16,77,-170.000000,135.000000,11.559833
17,77,-165.000000,135.000000,11.562185
18,77,-160.000000,135.000000,11.564440
19,77,-155.000000,135.000000,11.566695
20,77,-150.000000,135.000000,11.568951
21,77,-145.000000,135.000000,11.568326
22,77,-140.000000,135.000000,11.567387
23,77,-135.000000,135.000000,11.565456
24,77,-130.000000,135.000000,11.563524
25,77,-125.000000,135.000000,11.561592
26,77,-120.000000,135.000000,11.558625
27,77,-115.000000,135.000000,11.553802
28,77,-110.000000,135.000000,11.548339
29,77,-105.000000,135.000000,11.542246
30,77,-100.000000,135.000000,11.536153
31,77,-95.000000,135.000000,11.530060
32,77,-90.000000,135.000000,11.523291
33,77,-85.000000,135.000000,11.516346
34,77,-80.000000,135.000000,11.508959
35,77,-75.000000,135.000000,11.501543
36,77,-70.000000,135.000000,11.494127
37,77,-65.000000,135.000000,11.486834
38,77,-60.000000,135.000000,11.479948
39,77,-55.000000,135.000000,11.473198
40,77,-50.000000,135.000000,11.466675
41,77,-45.000000,135.000000,11.460152
42,77,-40.000000,135.000000,11.453629
43,77,-35.000000,135.000000,11.446915
44,77,-30.000000,135.000000,11.440105
45,77,-25.000000,135.000000,11.433100
46,77,-20.000000,135.000000,11.426049
47,77,-15.000000,135.000000,11.418998
48,77,-10.000000,135.000000,11.411722
49,77,-5.000000,135.000000,11.402476
50,77,0.000000,135.000000,11.392668
51,77,5.000000,135.000000,11.381151
52,77,10.000000,135.000000,11.369634
53,77,15.000000,135.000000,11.358116
54,77,20.000000,135.000000,11.345019
55,77,25.000000,135.000000,11.330566
56,77,30.000000,135.000000,11.313566
57,77,35.000000,135.000000,11.295386
58,77,40.000000,135.000000,11.277207
59,77,45.000000,135.000000,11.259027
60,77,50.000000,135.000000,11.239106
61,77,55.000000,135.000000,11.218805
62,77,60.000000,135.000000,11.196039
63,77,65.000000,135.000000,11.173274
64,77,70.000000,135.000000,11.150508
65,77,75.000000,135.000000,11.127686
66,77,80.000000,135.000000,11.104784
67,77,85.000000,135.000000,11.081733
68,77,90.000000,135.000000,11.058563
69,77,95.000000,135.000000,11.035393
70,77,100.000000,135.000000,11.012222
71,77,105.000000,135.000000,10.989431
72,77,110.000000,135.000000,10.966708
73,77,115.000000,135.000000,10.945081
74,77,120.000000,135.000000,10.923463
75,77,125.000000,135.000000,10.901845
76,77,130.000000,135.000000,10.880206
77,77,135.000000,135.000000,10.858515
78,77,140.000000,135.000000,10.836723
79,77,145.000000,135.000000,10.814795
80,77,150.000000,135.000000,10.792867
81,77,155.000000,135.000000,10.770940
82,77,160.000000,135.000000,10.748564
83,77,165.000000,135.000000,10.726012
84,77,170.000000,135.000000,10.701109
85,77,175.000000,135.000000,10.675833
86,77,180.000000,135.000000,10.650558
87,77,185.000000,135.000000,10.625200
88,77,190.000000,135.000000,10.599389
89,77,195.000000,135.000000,10.572557
90,77,200.000000,135.000000,10.543334
91,77,205.000000,135.000000,10.514112
92,77,210.000000,135.000000,10.484889
93,77,215.000000,135.000000,10.455594
94,77,220.000000,135.000000,10.426249
95,77,225.000000,135.000000,10.395930
96,77,230.000000,135.000000,10.365262
97,77,235.000000,135.000000,10.334593
98,77,240.000000,135.000000,10.303926
99,77,245.000000,135.000000,10.273313
100,77,250.000000,135.000000,10.242969
0,78,-250.000000,140.000000,11.488977
1,78,-245.000000,140.000000,11.488590
2,78,-240.000000,140.000000,11.488202
3,78,-235.000000,140.000000,11.487814
4,78,-230.000000,140.000000,11.488755
5,78,-225.000000,140.000000,11.490531
6,78,-220.000000,140.000000,11.492494
7,78,-215.000000,140.000000,11.494515
8,78,-210.000000,140.000000,11.496536
9,78,-205.000000,140.000000,11.498630
10,78,-200.000000,140.000000,11.502098
11,78,-195.000000,140.000000,11.505617
12,78,-190.000000,140.000000,11.509345
13,78,-185.000000,140.000000,11.513074
14,78,-180.000000,140.000000,11.516802
15,78,-175.000000,140.000000,11.520036
16,78,-170.000000,140.000000,11.522747
17,78,-165.000000,140.000000,11.525293
18,78,-160.000000,140.000000,11.527744
19,78,-155.000000,140.000000,11.530194
20,78,-150.000000,140.000000,11.532645
21,78,-145.000000,140.000000,11.532234
22,78,-140.000000,140.000000,11.531510
23,78,-135.000000,140.000000,11.529799
24,78,-130.000000,140.000000,11.528089
25,78,-125.000000,140.000000,11.526378
26,78,-120.000000,140.000000,11.523643
27,78,-115.000000,140.000000,11.519073
28,78,-110.000000,140.000000,11.513871
29,78,-105.000000,140.000000,11.508045
30,78,-100.000000,140.000000,11.502219
31,78,-95.000000,140.000000,11.496393
32,78,-90.000000,140.000000,11.489919
33,78,-85.000000,140.000000,11.483277
34,78,-80.000000,140.000000,11.476211
35,78,-75.000000,140.000000,11.469118
36,78,-70.000000,140.000000,11.462025
37,78,-65.000000,140.000000,11.455059
38,78,-60.000000,140.000000,11.448519
39,78,-55.000000,140.000000,11.442121
40,78,-50.000000,140.000000,11.435961
41,78,-45.000000,140.000000,11.429800
42,78,-40.000000,140.000000,11.423640
43,78,-35.000000,140.000000,11.417292
44,78,-30.000000,140.000000,11.410851
45,78,-25.000000,140.000000,11.404218
46,78,-20.000000,140.000000,11.397541
47,78,-15.000000,140.000000,11.390863
48,78,-10.000000,140.000000,11.383961
49,78,-5.000000,140.000000,11.375084
50,78,0.000000,140.000000,11.365645
51,78,5.000000,140.000000,11.354494
52,78,10.000000,140.000000,11.343342
53,78,15.000000,140.000000,11.332191
54,78,20.000000,140.000000,11.319461
55,78,25.000000,140.000000,11.305374
56,78,30.000000,140.000000,11.288741
57,78,35.000000,140.000000,11.270929
58,78,40.000000,140.000000,11.253117
59,78,45.000000,140.000000,11.235305
60,78,50.000000,140.000000,11.215761
61,78,55.000000,140.000000,11.195839
62,78,60.000000,140.000000,11.173466
63,78,65.000000,140.000000,11.151093
64,78,70.000000,140.000000,11.128721
65,78,75.000000,140.000000,11.106295
66,78,80.000000,140.000000,11.083795
67,78,85.000000,140.000000,11.061156
68,78,90.000000,140.000000,11.038407
69,78,95.000000,140.000000,11.015658
70,78,100.000000,140.000000,10.992909
71,78,105.000000,140.000000,10.970535
72,78,110.000000,140.000000,10.948231
73,78,115.000000,140.000000,10.927014
74,78,120.000000,140.000000,10.905808
75,78,125.000000,140.000000,10.884601
76,78,130.000000,140.000000,10.863369
77,78,135.000000,140.000000,10.842072
78,78,140.000000,140.000000,10.820652
79,78,145.000000,140.000000,10.799066
80,78,150.000000,140.000000,10.777480
81,78,155.000000,140.000000,10.755894
82,78,160.000000,140.000000,10.733846
83,78,165.000000,140.000000,10.711616
84,78,170.000000,140.000000,10.686961
85,78,175.000000,140.000000,10.661921
86,78,180.000000,140.000000,10.636881
87,78,185.000000,140.000000,10.611758
88,78,190.000000,140.000000,10.586170
89,78,195.000000,140.000000,10.559537
90,78,200.000000,140.000000,10.530458
91,78,205.000000,140.000000,10.501378
92,78,210.000000,140.000000,10.472298
93,78,215.000000,140.000000,10.443144
94,78,220.000000,140.000000,10.413938
95,78,225.000000,140.000000,10.383729
96,78,230.000000,140.000000,10.353158
97,78,235.000000,140.000000,10.322588
98,78,240.000000,140.000000,10.292018
99,78,245.000000,140.000000,10.261503
100,78,250.000000,140.000000,10.231256
0,79,-250.000000,145.000000,11.448776
1,79,-245.000000,145.000000,11.448518
2,79,-240.000000,145.000000,11.448261
3,79,-235.000000,145.000000,11.448003
4,79,-230.000000,145.000000,11.449090
5,79,-225.000000,145.000000,11.451022
6,79,-220.000000,145.000000,11.453142
7,79,-215.000000,145.000000,11.455322
8,79,-210.000000,145.000000,11.457502
9,79,-205.000000,145.000000,11.459755
10,79,-200.000000,145.000000,11.463392
11,79,-195.000000,145.000000,11.467080
12,79,-190.000000,145.000000,11.470979
13,79,-185.000000,145.000000,11.474878
14,79,-180.000000,145.000000,11.478777
15,79,-175.000000,145.000000,11.482187
16,79,-170.000000,145.000000,11.485078
17,79,-165.000000,145.000000,11.487807
18,79,-160.000000,145.000000,11.490442
19,79,-155.000000,145.000000,11.493076
20,79,-150.000000,145.000000,11.495710
21,79,-145.000000,145.000000,11.495505
22,79,-140.000000,145.000000,11.494990
23,79,-135.000000,145.000000,11.493495
24,79,-130.000000,145.000000,11.492001
25,79,-125.000000,145.000000,11.490507
26,79,-120.000000,145.000000,11.488001
27,79,-115.000000,145.000000,11.483683
28,79,-110.000000,145.000000,11.478740
29,79,-105.000000,145.000000,11.473182
30,79,-100.000000,145.000000,11.467624
31,79,-95.000000,145.000000,11.462066
32,79,-90.000000,145.000000,11.455885
33,79,-85.000000,145.000000,11.449543
34,79,-80.000000,145.000000,11.442794
35,79,-75.000000,145.000000,11.436018
36,79,-70.000000,145.000000,11.429243
37,79,-65.000000,145.000000,11.422599
38,79,-60.000000,145.000000,11.416394
39,79,-55.000000,145.000000,11.410336
40,79,-50.000000,145.000000,11.404523
41,79,-45.000000,145.000000,11.398710
42,79,-40.000000,145.000000,11.392896
43,79,-35.000000,145.000000,11.386899
44,79,-30.000000,145.000000,11.380809
45,79,-25.000000,145.000000,11.374529
46,79,-20.000000,145.000000,11.368206
47,79,-15.000000,145.000000,11.361882
48,79,-10.000000,145.000000,11.355334
49,79,-5.000000,145.000000,11.346813
50,79,0.000000,145.000000,11.337730
51,79,5.000000,145.000000,11.326936
52,79,10.000000,145.000000,11.316142
53,79,15.000000,145.000000,11.305348
54,79,20.000000,145.000000,11.292979
55,79,25.000000,145.000000,11.279258
56,79,30.000000,145.000000,11.262998
57,79,35.000000,145.000000,11.245562
58,79,40.000000,145.000000,11.228126
59,79,45.000000,145.000000,11.210690
60,79,50.000000,145.000000,11.191535
61,79,55.000000,145.000000,11.172004
62,79,60.000000,145.000000,11.150040
63,79,65.000000,145.000000,11.128076
64,79,70.000000,145.000000,11.106112
65,79,75.000000,145.000000,11.084099
66,79,80.000000,145.000000,11.062015
67,79,85.000000,145.000000,11.039801
68,79,90.000000,145.000000,11.017482
69,79,95.000000,145.000000,10.995164
70,79,100.000000,145.000000,10.972845
71,79,105.000000,145.000000,10.950898
72,79,110.000000,145.000000,10.929018
73,79,115.000000,145.000000,10.908213
74,79,120.000000,145.000000,10.887417
75,79,125.000000,145.000000,10.866622
76,79,130.000000,145.000000,10.845796
77,79,135.000000,145.000000,10.824893
78,79,140.000000,145.000000,10.803845
79,79,145.000000,145.000000,10.782601
80,79,150.000000,145.000000,10.761356
81,79,155.000000,145.000000,10.740112
82,79,160.000000,145.000000,10.718393
83,79,165.000000,145.000000,10.696487
84,79,170.000000,145.000000,10.672089
85,79,175.000000,145.000000,10.647297
86,79,180.000000,145.000000,10.622505
87,79,185.000000,145.000000,10.597627
88,79,190.000000,145.000000,10.572276
89,79,195.000000,145.000000,10.545859
90,79,200.000000,145.000000,10.516947
91,79,205.000000,145.000000,10.488035
92,79,210.000000,145.000000,10.459123
93,79,215.000000,145.000000,10.430134
94,79,220.000000,145.000000,10.401092
95,79,225.000000,145.000000,10.371018
96,79,230.000000,145.000000,10.340572
97,79,235.000000,145.000000,10.310127
98,79,240.000000,145.000000,10.279683
99,79,245.000000,145.000000,10.249292
100,79,250.000000,145.000000,10.219169
0,80,-250.000000,150.000000,11.408250
1,80,-245.000000,150.000000,11.408129
2,80,-240.000000,150.000000,11.408008
3,80,-235.000000,150.000000,11.407886
4,80,-230.000000,150.000000,11.409122
5,80,-225.000000,150.000000,11.411210
6,80,-220.000000,150.000000,11.413488
7,80,-215.000000,150.000000,11.415826
8,80,-210.000000,150.000000,11.418165
9,80,-205.000000,150.000000,11.420576
10,80,-200.000000,150.000000,11.424376
11,80,-195.000000,150.000000,11.428228
12,80,-190.000000,150.000000,11.432292
13,80,-185.000000,150.000000,11.436355
14,80,-180.000000,150.000000,11.440419
15,80,-175.000000,150.000000,11.443997
16,80,-170.000000,150.000000,11.447063
17,80,-165.000000,150.000000,11.449968
18,80,-160.000000,150.000000,11.452779
19,80,-155.000000,150.000000,11.455590
20,80,-150.000000,150.000000,11.458401
21,80,-145.000000,150.000000,11.458398
22,80,-140.000000,150.000000,11.458087
23,80,-135.000000,150.000000,11.456806
24,80,-130.000000,150.000000,11.455525
25,80,-125.000000,150.000000,11.454244
26,80,-120.000000,150.000000,11.451965
27,80,-115.000000,150.000000,11.447898
28,80,-110.000000,150.000000,11.443215
29,80,-105.000000,150.000000,11.437925
30,80,-100.000000,150.000000,11.432634
31,80,-95.000000,150.000000,11.427344
32,80,-90.000000,150.000000,11.421456
33,80,-85.000000,150.000000,11.415412
34,80,-80.000000,150.000000,11.408977
35,80,-75.000000,150.000000,11.402517
36,80,-70.000000,150.000000,11.396057
37,80,-65.000000,150.000000,11.389731
38,80,-60.000000,150.000000,11.383855
39,80,-55.000000,150.000000,11.378130
40,80,-50.000000,150.000000,11.372654
41,80,-45.000000,150.000000,11.367179
42,80,-40.000000,150.000000,11.361704
43,80,-35.000000,150.000000,11.356046
44,80,-30.000000,150.000000,11.350296
45,80,-25.000000,150.000000,11.344359
46,80,-20.000000,150.000000,11.338378
47,80,-15.000000,150.000000,11.332397
48,80,-10.000000,150.000000,11.326192
49,80,-5.000000,150.000000,11.318019
50,80,0.000000,150.000000,11.309284
51,80,5.000000,150.000000,11.298842
52,80,10.000000,150.000000,11.288400
53,80,15.000000,150.000000,11.277958
54,80,20.000000,150.000000,11.265948
55,80,25.000000,150.000000,11.252592
56,80,30.000000,150.000000,11.236708
57,80,35.000000,150.000000,11.219653
58,80,40.000000,150.000000,11.202598
59,80,45.000000,150.000000,11.185543
60,80,50.000000,150.000000,11.166783
61,80,55.000000,150.000000,11.147650
62,80,60.000000,150.000000,11.126105
63,80,65.000000,150.000000,11.104560
64,80,70.000000,150.000000,11.083015
65,80,75.000000,150.000000,11.061423
66,80,80.000000,150.000000,11.039764
67,80,85.000000,150.000000,11.017981
68,80,90.000000,150.000000,10.996100
69,80,95.000000,150.000000,10.974218
70,80,100.000000,150.000000,10.952336
71,80,105.000000,150.000000,10.930819
72,80,110.000000,150.000000,10.909369
73,80,115.000000,150.000000,10.888975
74,80,120.000000,150.000000,10.868590
75,80,125.000000,150.000000,10.848205
76,80,130.000000,150.000000,10.827785
77,80,135.000000,150.000000,10.807277
78,80,140.000000,150.000000,10.786600
79,80,145.000000,150.000000,10.765697
80,80,150.000000,150.000000,10.744794
81,80,155.000000,150.000000,10.723891
82,80,160.000000,150.000000,10.702502
83,80,165.000000,150.000000,10.680921
84,80,170.000000,150.000000,10.656787
85,80,175.000000,150.000000,10.632250
86,80,180.000000,150.000000,10.607712
87,80,185.000000,150.000000,10.583086
88,80,190.000000,150.000000,10.557980
89,80,195.000000,150.000000,10.531789
90,80,200.000000,150.000000,10.503059
91,80,205.000000,150.000000,10.474329
92,80,210.000000,150.000000,10.445599
93,80,215.000000,150.000000,10.416790
94,80,220.000000,150.000000,10.387926
95,80,225.000000,150.000000,10.358003
96,80,230.000000,150.000000,10.327699
97,80,235.000000,150.000000,10.297395
98,80,240.000000,150.000000,10.267093
99,80,245.000000,150.000000,10.236843
100,80,250.000000,150.000000,10.206859
0,81,-250.000000,155.000000,11.365335
1,81,-245.000000,155.000000,11.365393
2,81,-240.000000,155.000000,11.365450
3,81,-235.000000,155.000000,11.365507
4,81,-230.000000,155.000000,11.366909
5,81,-225.000000,155.000000,11.369157
6,81,-220.000000,155.000000,11.371593
7,81,-215.000000,155.000000,11.374088
8,81,-210.000000,155.000000,11.376583
9,81,-205.000000,155.000000,11.379150
10,81,-200.000000,155.000000,11.383076
11,81,-195.000000,155.000000,11.387051
12,81,-190.000000,155.000000,11.391234
13,81,-185.000000,155.000000,11.395416
14,81,-180.000000,155.000000,11.399599
15,81,-175.000000,155.000000,11.403299
16,81,-170.000000,155.000000,11.406488
17,81,-165.000000,155.000000,11.409518
18,81,-160.000000,155.000000,11.412453
19,81,-155.000000,155.000000,11.415389
20,81,-150.000000,155.000000,11.418325
21,81,-145.000000,155.000000,11.418493
22,81,-140.000000,155.000000,11.418358
23,81,-135.000000,155.000000,11.417269
24,81,-130.000000,155.000000,11.416180
25,81,-125.000000,155.000000,11.415090
26,81,-120.000000,155.000000,11.413023
27,81,-115.000000,155.000000,11.409201
28,81,-110.000000,155.000000,11.404776
29,81,-105.000000,155.000000,11.399755
30,81,-100.000000,155.000000,11.394735
31,81,-95.000000,155.000000,11.389714
32,81,-90.000000,155.000000,11.384109
33,81,-85.000000,155.000000,11.378352
34,81,-80.000000,155.000000,11.372212
35,81,-75.000000,155.000000,11.366048
36,81,-70.000000,155.000000,11.359884
37,81,-65.000000,155.000000,11.353851
38,81,-60.000000,155.000000,11.348256
39,81,-55.000000,155.000000,11.342807
40,81,-50.000000,155.000000,11.337602
41,81,-45.000000,155.000000,11.332397
42,81,-40.000000,155.000000,11.327192
43,81,-35.000000,155.000000,11.321800
44,81,-30.000000,155.000000,11.316314
45,81,-25.000000,155.000000,11.310635
46,81,-20.000000,155.000000,11.304912
47,81,-15.000000,155.000000,11.299188
48,81,-10.000000,155.000000,11.293244
49,81,-5.000000,155.000000,11.285356
50,81,0.000000,155.000000,11.276913
51,81,5.000000,155.000000,11.266785
52,81,10.000000,155.000000,11.256657
53,81,15.000000,155.000000,11.246529
54,81,20.000000,155.000000,11.234858
55,81,25.000000,155.000000,11.221861
56,81,30.000000,155.000000,11.206377
57,81,35.000000,155.000000,11.189739
58,81,40.000000,155.000000,11.173102
59,81,45.000000,155.000000,11.156465
60,81,50.000000,155.000000,11.138150
61,81,55.000000,155.000000,11.119469
62,81,60.000000,155.000000,11.098415
63,81,65.000000,155.000000,11.077360
64,81,70.000000,155.000000,11.056306
65,81,75.000000,155.000000,11.035204
66,81,80.000000,155.000000,11.014032
67,81,85.000000,155.000000,10.992733
68,81,90.000000,155.000000,10.971332
69,81,95.000000,155.000000,10.949931
70,81,100.000000,155.000000,10.928530
71,81,105.000000,155.000000,10.907477
72,81,110.000000,155.000000,10.886487
73,81,115.000000,155.000000,10.866504
74,81,120.000000,155.000000,10.846529
75,81,125.000000,155.000000,10.826554
76,81,130.000000,155.000000,10.806539
77,81,135.000000,155.000000,10.786425
78,81,140.000000,155.000000,10.766119
79,81,145.000000,155.000000,10.745556
80,81,150.000000,155.000000,10.724993
81,81,155.000000,155.000000,10.704430
82,81,160.000000,155.000000,10.683376
83,81,165.000000,155.000000,10.662129
84,81,170.000000,155.000000,10.638304
85,81,175.000000,155.000000,10.614071
86,81,180.000000,155.000000,10.589838
87,81,185.000000,155.000000,10.565517
88,81,190.000000,155.000000,10.540714
89,81,195.000000,155.000000,10.514821
90,81,200.000000,155.000000,10.486381
91,81,205.000000,155.000000,10.457940
92,81,210.000000,155.000000,10.429499
93,81,215.000000,155.000000,10.400978
94,81,220.000000,155.000000,10.372402
95,81,225.000000,155.000000,10.342747
96,81,230.000000,155.000000,10.312705
97,81,235.000000,155.000000,10.282662
98,81,240.000000,155.000000,10.252621
99,81,245.000000,155.000000,10.222632
100,81,250.000000,155.000000,10.192901
0,82,-250.000000,160.000000,11.322421
1,82,-245.000000,160.000000,11.322656
2,82,-240.000000,160.000000,11.322892
3,82,-235.000000,160.000000,11.323128
4,82,-230.000000,160.000000,11.324697
5,82,-225.000000,160.000000,11.327104
6,82,-220.000000,160.000000,11.329697
7,82,-215.000000,160.000000,11.332350
8,82,-210.000000,160.000000,11.335002
9,82,-205.000000,160.000000,11.337725
10,82,-200.000000,160.000000,11.341775
11,82,-195.000000,160.000000,11.345874
12,82,-190.000000,160.000000,11.350176
13,82,-185.000000,160.000000,11.354477
14,82,-180.000000,160.000000,11.358779
15,82,-175.000000,160.000000,11.362600
16,82,-170.000000,160.000000,11.365913
17,82,-165.000000,160.000000,11.369067
18,82,-160.000000,160.000000,11.372128
19,82,-155.000000,160.000000,11.375189
20,82,-150.000000,160.000000,11.378250
21,82,-145.000000,160.000000,11.378588
22,82,-140.000000,160.000000,11.378629
23,82,-135.000000,160.000000,11.377732
24,82,-130.000000,160.000000,11.376834
25,82,-125.000000,160.000000,11.375937
26,82,-120.000000,160.000000,11.374080
27,82,-115.000000,160.000000,11.370505
28,82,-110.000000,160.000000,11.366337
29,82,-105.000000,160.000000,11.361586
30,82,-100.000000,160.000000,11.356835
31,82,-95.000000,160.000000,11.352084
32,82,-90.000000,160.000000,11.346762
33,82,-85.000000,160.000000,11.341291
34,82,-80.000000,160.000000,11.335447
35,82,-75.000000,160.000000,11.329579
36,82,-70.000000,160.000000,11.323711
37,82,-65.000000,160.000000,11.317971
38,82,-60.000000,160.000000,11.312657
39,82,-55.000000,160.000000,11.307485
40,82,-50.000000,160.000000,11.302550
41,82,-45.000000,160.000000,11.297615
42,82,-40.000000,160.000000,11.292680
43,82,-35.000000,160.000000,11.287554
44,82,-30.000000,160.000000,11.282331
45,82,-25.000000,160.000000,11.276911
46,82,-20.000000,160.000000,11.271445
47,82,-15.000000,160.000000,11.265980
48,82,-10.000000,160.000000,11.260296
49,82,-5.000000,160.000000,11.252693
50,82,0.000000,160.000000,11.244543
51,82,5.000000,160.000000,11.234729
52,82,10.000000,160.000000,11.224915
53,82,15.000000,160.000000,11.215100
54,82,20.000000,160.000000,11.203767
55,82,25.000000,160.000000,11.191131
56,82,30.000000,160.000000,11.176045
57,82,35.000000,160.000000,11.159826
58,82,40.000000,160.000000,11.143606
59,82,45.000000,160.000000,11.127386
60,82,50.000000,160.000000,11.109517
61,82,55.000000,160.000000,11.091288
62,82,60.000000,160.000000,11.070724
63,82,65.000000,160.000000,11.050161
64,82,70.000000,160.000000,11.029597
65,82,75.000000,160.000000,11.008984
66,82,80.000000,160.000000,10.988300
67,82,85.000000,160.000000,10.967485
68,82,90.000000,160.000000,10.946565
69,82,95.000000,160.000000,10.925645
70,82,100.000000,160.000000,10.904725
71,82,105.000000,160.000000,10.884135
72,82,110.000000,160.000000,10.863605
73,82,115.000000,160.000000,10.844032
74,82,120.000000,160.000000,10.824467
75,82,125.000000,160.000000,10.804903
76,82,130.000000,160.000000,10.785294
77,82,135.000000,160.000000,10.765573
78,82,140.000000,160.000000,10.745637
79,82,145.000000,160.000000,10.725414
80,82,150.000000,160.000000,10.705191
81,82,155.000000,160.000000,10.684968
82,82,160.000000,160.000000,10.664249
83,82,165.000000,160.000000,10.643336
84,82,170.000000,160.000000,10.619820
85,82,175.000000,160.000000,10.595892
86,82,180.000000,160.000000,10.571964
87,82,185.000000,160.000000,10.547948
88,82,190.000000,160.000000,10.523448
89,82,195.000000,160.000000,10.497854
90,82,200.000000,160.000000,10.469702
91,82,205.000000,160.000000,10.441551
92,82,210.000000,160.000000,10.413400
93,82,215.000000,160.000000,10.385167
94,82,220.000000,160.000000,10.356877
95,82,225.000000,160.000000,10.327491
96,82,230.000000,160.000000,10.297710
97,82,235.000000,160.000000,10.267930
98,82,240.000000,160.000000,10.238150
99,82,245.000000,160.000000,10.208421
100,82,250.000000,160.000000,10.178942
0,83,-250.000000,165.000000,11.279506
1,83,-245.000000,165.000000,11.279920
2,83,-240.000000,165.000000,11.280334
3,83,-235.000000,165.000000,11.280749
4,83,-230.000000,165.000000,11.282484
5,83,-225.000000,165.000000,11.285051
6,83,-220.000000,165.000000,11.287802
7,83,-215.000000,165.000000,11.290611
8,83,-210.000000,165.000000,11.293421
9,83,-205.000000,165.000000,11.296299
10,83,-200.000000,165.000000,11.300474
11,83,-195.000000,165.000000,11.304697
12,83,-190.000000,165.000000,11.309118
13,83,-185.000000,165.000000,11.313538
14,83,-180.000000,165.000000,11.317959
15,83,-175.000000,165.000000,11.321901
16,83,-170.000000,165.000000,11.325338
17,83,-165.000000,165.000000,11.328617
18,83,-160.000000,165.000000,11.331802
19,83,-155.000000,165.000000,11.334988
20,83,-150.000000,165.000000,11.338174
21,83,-145.000000,165.000000,11.338683
22,83,-140.000000,165.000000,11.338900
23,83,-135.000000,165.000000,11.338194
24,83,-130.000000,165.000000,11.337489
25,83,-125.000000,165.000000,11.336783
26,83,-120.000000,165.000000,11.335137
27,83,-115.000000,165.000000,11.331808
28,83,-110.000000,165.000000,11.327898
29,83,-105.000000,165.000000,11.323417
30,83,-100.000000,165.000000,11.318935
31,83,-95.000000,165.000000,11.314454
32,83,-90.000000,165.000000,11.309415
33,83,-85.000000,165.000000,11.304231
34,83,-80.000000,165.000000,11.298683
35,83,-75.000000,165.000000,11.293111
36,83,-70.000000,165.000000,11.287539
37,83,-65.000000,165.000000,11.282091
38,83,-60.000000,165.000000,11.277057
39,83,-55.000000,165.000000,11.272162
40,83,-50.000000,165.000000,11.267498
41,83,-45.000000,165.000000,11.262833
42,83,-40.000000,165.000000,11.258169
43,83,-35.000000,165.000000,11.253308
44,83,-30.000000,165.000000,11.248349
45,83,-25.000000,165.000000,11.243187
46,83,-20.000000,165.000000,11.237979
47,83,-15.000000,165.000000,11.232771
48,83,-10.000000,165.000000,11.227347
49,83,-5.000000,165.000000,11.220030
50,83,0.000000,165.000000,11.212172
51,83,5.000000,165.000000,11.202672
52,83,10.000000,165.000000,11.193172
53,83,15.000000,165.000000,11.183672
54,83,20.000000,165.000000,11.172677
55,83,25.000000,165.000000,11.160400
56,83,30.000000,165.000000,11.145714
57,83,35.000000,165.000000,11.129912
58,83,40.000000,165.000000,11.114110
59,83,45.000000,165.000000,11.098308
60,83,50.000000,165.000000,11.080884
61,83,55.000000,165.000000,11.063106
62,83,60.000000,165.000000,11.043034
63,83,65.000000,165.000000,11.022961
64,83,70.000000,165.000000,11.002888
65,83,75.000000,165.000000,10.982765
66,83,80.000000,165.000000,10.962568
67,83,85.000000,165.000000,10.942236
68,83,90.000000,165.000000,10.921797
69,83,95.000000,165.000000,10.901358
70,83,100.000000,165.000000,10.880919
71,83,105.000000,165.000000,10.860793
72,83,110.000000,165.000000,10.840724
73,83,115.000000,165.000000,10.821561
74,83,120.000000,165.000000,10.802406
75,83,125.000000,165.000000,10.783252
76,83,130.000000,165.000000,10.764048
77,83,135.000000,165.000000,10.744720
78,83,140.000000,165.000000,10.725155
79,83,145.000000,165.000000,10.705273
80,83,150.000000,165.000000,10.685390
81,83,155.000000,165.000000,10.665507
82,83,160.000000,165.000000,10.645123
83,83,165.000000,165.000000,10.624543
84,83,170.000000,165.000000,10.601336
85,83,175.000000,165.000000,10.577713
86,83,180.000000,165.000000,10.554090
87,83,185.000000,165.000000,10.530379
88,83,190.000000,165.000000,10.506181
89,83,195.000000,165.000000,10.480886
90,83,200.000000,165.000000,10.453024
91,83,205.000000,165.000000,10.425162
92,83,210.000000,165.000000,10.397300
93,83,215.000000,165.000000,10.369355
94,83,220.000000,165.000000,10.341353
95,83,225.000000,165.000000,10.312235
96,83,230.000000,165.000000,10.282716
97,83,235.000000,165.000000,10.253197
98,83,240.000000,165.000000,10.223679
99,83,245.000000,165.000000,10.194209
100,83,250.000000,165.000000,10.164983
0,84,-250.000000,170.000000,11.235978
1,84,-245.000000,170.000000,11.236585
2,84,-240.000000,170.000000,11.237193
3,84,-235.000000,170.000000,11.237800
4,84,-230.000000,170.000000,11.239713
5,84,-225.000000,170.000000,11.242446
6,84,-220.000000,170.000000,11.245362
7,84,-215.000000,170.000000,11.248336
8,84,-210.000000,170.000000,11.251310
9,84,-205.000000,170.000000,11.254350
10,84,-200.000000,170.000000,11.258649
11,84,-195.000000,170.000000,11.262994
12,84,-190.000000,170.000000,11.267532
13,84,-185.000000,170.000000,11.272069
14,84,-180.000000,170.000000,11.276606
15,84,-175.000000,170.000000,11.280667
16,84,-170.000000,170.000000,11.284222
17,84,-165.000000,170.000000,11.287620
18,84,-160.000000,170.000000,11.290925
19,84,-155.000000,170.000000,11.294230
20,84,-150.000000,170.000000,11.297536
21,84,-145.000000,170.000000,11.298213
22,84,-140.000000,170.000000,11.298604
23,84,-135.000000,170.000000,11.298089
24,84,-130.000000,170.000000,11.297573
25,84,-125.000000,170.000000,11.297058
26,84,-120.000000,170.000000,11.295624
27,84,-115.000000,170.000000,11.292542
28,84,-110.000000,170.000000,11.288893
29,84,-105.000000,170.000000,11.284684
30,84,-100.000000,170.000000,11.280475
31,84,-95.000000,170.000000,11.276267
32,84,-90.000000,170.000000,11.271513
33,84,-85.000000,170.000000,11.266617
34,84,-80.000000,170.000000,11.261365
35,84,-75.000000,170.000000,11.256090
36,84,-70.000000,170.000000,11.250815
37,84,-65.000000,170.000000,11.245659
38,84,-60.000000,170.000000,11.240903
39,84,-55.000000,170.000000,11.236280
40,84,-50.000000,170.000000,11.231879
41,84,-45.000000,170.000000,11.227478
42,84,-40.000000,170.000000,11.223077
43,84,-35.000000,170.000000,11.218474
44,84,-30.000000,170.000000,11.213770
45,84,-25.000000,170.000000,11.208857
46,84,-20.000000,170.000000,11.203897
47,84,-15.000000,170.000000,11.198936
48,84,-10.000000,170.000000,11.193763
49,84,-5.000000,170.000000,11.186724
50,84,0.000000,170.000000,11.179152
51,84,5.000000,170.000000,11.169963
52,84,10.000000,170.000000,11.160773
53,84,15.000000,170.000000,11.151583
54,84,20.000000,170.000000,11.140926
55,84,25.000000,170.000000,11.129010
56,84,30.000000,170.000000,11.114729
57,84,35.000000,170.000000,11.099352
58,84,40.000000,170.000000,11.083975
59,84,45.000000,170.000000,11.068599
60,84,50.000000,170.000000,11.051630
61,84,55.000000,170.000000,11.034314
62,84,60.000000,170.000000,11.014745
63,84,65.000000,170.000000,10.995176
64,84,70.000000,170.000000,10.975607
65,84,75.000000,170.000000,10.955985
66,84,80.000000,170.000000,10.936288
67,84,85.000000,170.000000,10.916450
68,84,90.000000,170.000000,10.896501
69,84,95.000000,170.000000,10.876552
70,84,100.000000,170.000000,10.856603
71,84,105.000000,170.000000,10.836949
72,84,110.000000,170.000000,10.817347
73,84,115.000000,170.000000,10.798597
74,84,120.000000,170.000000,10.779855
75,84,125.000000,170.000000,10.761113
76,84,130.000000,170.000000,10.742317
77,84,135.000000,170.000000,10.723385
78,84,140.000000,170.000000,10.704192
79,84,145.000000,170.000000,10.684650
80,84,150.000000,170.000000,10.665109
81,84,155.000000,170.000000,10.645567
82,84,160.000000,170.000000,10.625521
83,84,165.000000,170.000000,10.605276
84,84,170.000000,170.000000,10.582384
85,84,175.000000,170.000000,10.559073
86,84,180.000000,170.000000,10.535763
87,84,185.000000,170.000000,10.512363
88,84,190.000000,170.000000,10.488476
89,84,195.000000,170.000000,10.463490
90,84,200.000000,170.000000,10.435930
91,84,205.000000,170.000000,10.408371
92,84,210.000000,170.000000,10.380811
93,84,215.000000,170.000000,10.353167
94,84,220.000000,170.000000,10.325465
95,84,225.000000,170.000000,10.296629
96,84,230.000000,170.000000,10.267385
97,84,235.000000,170.000000,10.238141
98,84,240.000000,170.000000,10.208899
99,84,245.000000,170.000000,10.179703
100,84,250.000000,170.000000,10.150743
0,85,-250.000000,175.000000,11.192138
1,85,-245.000000,175.000000,11.192946
2,85,-240.000000,175.000000,11.193754
3,85,-235.000000,175.000000,11.194562
4,85,-230.000000,175.000000,11.196657
5,85,-225.000000,175.000000,11.199561
6,85,-220.000000,175.000000,11.202646
7,85,-215.000000,175.000000,11.205787
8,85,-210.000000,175.000000,11.208929
9,85,-205.000000,175.000000,11.212134
10,85,-200.000000,175.000000,11.216556
11,85,-195.000000,175.000000,11.221024
12,85,-190.000000,175.000000,11.225677
13,85,-185.000000,175.000000,11.230329
14,85,-180.000000,175.000000,11.234982
15,85,-175.000000,175.000000,11.239158
16,85,-170.000000,175.000000,11.242831
17,85,-165.000000,175.000000,11.246345
18,85,-160.000000,175.000000,11.249767
19,85,-155.000000,175.000000,11.253189
20,85,-150.000000,175.000000,11.256610
21,85,-145.000000,175.000000,11.257455
22,85,-140.000000,175.000000,11.258018
23,85,-135.000000,175.000000,11.257693
24,85,-130.000000,175.000000,11.257368
25,85,-125.000000,175.000000,11.257042
26,85,-120.000000,175.000000,11.255819
27,85,-115.000000,175.000000,11.252985
28,85,-110.000000,175.000000,11.249598
29,85,-105.000000,175.000000,11.245664
30,85,-100.000000,175.000000,11.241729
31,85,-95.000000,175.000000,11.237795
32,85,-90.000000,175.000000,11.233327
33,85,-85.000000,175.000000,11.228721
34,85,-80.000000,175.000000,11.223766
35,85,-75.000000,175.000000,11.218788
36,85,-70.000000,175.000000,11.213810
37,85,-65.000000,175.000000,11.208947
38,85,-60.000000,175.000000,11.204465
39,85,-55.000000,175.000000,11.200112
40,85,-50.000000,175.000000,11.195971
41,85,-45.000000,175.000000,11.191831
42,85,-40.000000,175.000000,11.187690
43,85,-35.000000,175.000000,11.183341
44,85,-30.000000,175.000000,11.178887
45,85,-25.000000,175.000000,11.174218
46,85,-20.000000,175.000000,11.169500
47,85,-15.000000,175.000000,11.164782
48,85,-10.000000,175.000000,11.159855
49,85,-5.000000,175.000000,11.153090
50,85,0.000000,175.000000,11.145802
51,85,5.000000,175.000000,11.136921
52,85,10.000000,175.000000,11.128039
53,85,15.000000,175.000000,11.119158
54,85,20.000000,175.000000,11.108838
55,85,25.000000,175.000000,11.097283
56,85,30.000000,175.000000,11.083410
57,85,35.000000,175.000000,11.068462
58,85,40.000000,175.000000,11.053515
59,85,45.000000,175.000000,11.038567
60,85,50.000000,175.000000,11.022059
61,85,55.000000,175.000000,11.005209
62,85,60.000000,175.000000,10.986151
63,85,65.000000,175.000000,10.967093
64,85,70.000000,175.000000,10.948034
65,85,75.000000,175.000000,10.928921
66,85,80.000000,175.000000,10.909729
67,85,85.000000,175.000000,10.890391
68,85,90.000000,175.000000,10.870937
69,85,95.000000,175.000000,10.851482
70,85,100.000000,175.000000,10.832028
71,85,105.000000,175.000000,10.812848
72,85,110.000000,175.000000,10.793718
73,85,115.000000,175.000000,10.775383
74,85,120.000000,175.000000,10.757054
75,85,125.000000,175.000000,10.738725
76,85,130.000000,175.000000,10.720338
77,85,135.000000,175.000000,10.701802
78,85,140.000000,175.000000,10.682983
79,85,145.000000,175.000000,10.663783
80,85,150.000000,175.000000,10.644583
81,85,155.000000,175.000000,10.625383
82,85,160.000000,175.000000,10.605675
83,85,165.000000,175.000000,10.585767
84,85,170.000000,175.000000,10.563194
85,85,175.000000,175.000000,10.540199
86,85,180.000000,175.000000,10.517203
87,85,185.000000,175.000000,10.494119
88,85,190.000000,175.000000,10.470547
89,85,195.000000,175.000000,10.445874
90,85,200.000000,175.000000,10.418624
91,85,205.000000,175.000000,10.391373
92,85,210.000000,175.000000,10.364123
93,85,215.000000,175.000000,10.336787
94,85,220.000000,175.000000,10.309392
95,85,225.000000,175.000000,10.280845
96,85,230.000000,175.000000,10.251884
97,85,235.000000,175.000000,10.222922
98,85,240.000000,175.000000,10.193962
99,85,245.000000,175.000000,10.165047
100,85,250.000000,175.000000,10.136358
0,86,-250.000000,180.000000,11.143927
1,86,-245.000000,180.000000,11.145039
2,86,-240.000000,180.000000,11.146152
3,86,-235.000000,180.000000,11.147264
4,86,-230.000000,180.000000,11.149616
5,86,-225.000000,180.000000,11.152746
6,86,-220.000000,180.000000,11.156050
7,86,-215.000000,180.000000,11.159409
8,86,-210.000000,180.000000,11.162767
9,86,-205.000000,180.000000,11.166185
10,86,-200.000000,180.000000,11.170724
11,86,-195.000000,180.000000,11.175305
12,86,-190.000000,180.000000,11.180056
13,86,-185.000000,180.000000,11.184808
14,86,-180.000000,180.000000,11.189559
15,86,-175.000000,180.000000,11.193826
16,86,-170.000000,180.000000,11.197580
17,86,-165.000000,180.000000,11.201174
18,86,-160.000000,180.000000,11.204674
19,86,-155.000000,180.000000,11.208173
20,86,-150.000000,180.000000,11.211673
21,86,-145.000000,180.000000,11.212667
22,86,-140.000000,180.000000,11.213386
23,86,-135.000000,180.000000,11.213242
24,86,-130.000000,180.000000,11.213098
25,86,-125.000000,180.000000,11.212953
26,86,-120.000000,180.000000,11.211940
27,86,-115.000000,180.000000,11.209368
28,86,-110.000000,180.000000,11.206261
29,86,-105.000000,180.000000,11.202624
30,86,-100.000000,180.000000,11.198987
31,86,-95.000000,180.000000,11.195350
32,86,-90.000000,180.000000,11.191182
33,86,-85.000000,180.000000,11.186876
34,86,-80.000000,180.000000,11.182224
35,86,-75.000000,180.000000,11.177549
36,86,-70.000000,180.000000,11.172874
37,86,-65.000000,180.000000,11.168301
38,86,-60.000000,180.000000,11.164069
39,86,-55.000000,180.000000,11.159951
40,86,-50.000000,180.000000,11.156023
41,86,-45.000000,180.000000,11.152095
42,86,-40.000000,180.000000,11.148166
43,86,-35.000000,180.000000,11.144014
44,86,-30.000000,180.000000,11.139750
45,86,-25.000000,180.000000,11.135256
46,86,-20.000000,180.000000,11.130709
47,86,-15.000000,180.000000,11.126162
48,86,-10.000000,180.000000,11.121411
49,86,-5.000000,180.000000,11.114872
50,86,0.000000,180.000000,11.107824
51,86,5.000000,180.000000,11.099225
52,86,10.000000,180.000000,11.090626
53,86,15.000000,180.000000,11.082027
54,86,20.000000,180.000000,11.072037
55,86,25.000000,180.000000,11.060853
56,86,30.000000,180.000000,11.047427
57,86,35.000000,180.000000,11.032963
58,86,40.000000,180.000000,11.018498
59,86,45.000000,180.000000,11.004033
60,86,50.000000,180.000000,10.988054
61,86,55.000000,180.000000,10.971743
62,86,60.000000,180.000000,10.953289
63,86,65.000000,180.000000,10.934835
64,86,70.000000,180.000000,10.916381
65,86,75.000000,180.000000,10.897866
66,86,80.000000,180.000000,10.879263
67,86,85.000000,180.000000,10.860499
68,86,90.000000,180.000000,10.841605
69,86,95.000000,180.000000,10.822712
70,86,100.000000,180.000000,10.803818
71,86,105.000000,180.000000,10.785167
72,86,110.000000,180.000000,10.766560
73,86,115.000000,180.000000,10.748655
74,86,120.000000,180.000000,10.730757
75,86,125.000000,180.000000,10.712858
76,86,130.000000,180.000000,10.694896
77,86,135.000000,180.000000,10.676771
78,86,140.000000,180.000000,10.658337
79,86,145.000000,180.000000,10.639487
80,86,150.000000,180.000000,10.620637
81,86,155.000000,180.000000,10.601787
82,86,160.000000,180.000000,10.582430
83,86,165.000000,180.000000,10.562876
84,86,170.000000,180.000000,10.540666
85,86,175.000000,180.000000,10.518036
86,86,180.000000,180.000000,10.495407
87,86,185.000000,180.000000,10.472689
88,86,190.000000,180.000000,10.449488
89,86,195.000000,180.000000,10.425195
90,86,200.000000,180.000000,10.398349
91,86,205.000000,180.000000,10.371503
92,86,210.000000,180.000000,10.344657
93,86,215.000000,180.000000,10.317724
94,86,220.000000,180.000000,10.290730
95,86,225.000000,180.000000,10.262569
96,86,230.000000,180.000000,10.233987
97,86,235.000000,180.000000,10.205405
98,86,240.000000,180.000000,10.176825
99,86,245.000000,180.000000,10.148286
100,86,250.000000,180.000000,10.119959
0,87,-250.000000,185.000000,11.095553
1,87,-245.000000,185.000000,11.096973
2,87,-240.000000,185.000000,11.098394
3,87,-235.000000,185.000000,11.099815
4,87,-230.000000,185.000000,11.102426
5,87,-225.000000,185.000000,11.105784
6,87,-220.000000,185.000000,11.109309
7,87,-215.000000,185.000000,11.112887
8,87,-210.000000,185.000000,11.116465
9,87,-205.000000,185.000000,11.120096
10,87,-200.000000,185.000000,11.124752
11,87,-195.000000,185.000000,11.129445
12,87,-190.000000,185.000000,11.134295
13,87,-185.000000,185.000000,11.139145
14,87,-180.000000,185.000000,11.143994
15,87,-175.000000,185.000000,11.148351
16,87,-170.000000,185.000000,11.152186
17,87,-165.000000,185.000000,11.155857
18,87,-160.000000,185.000000,11.159434
19,87,-155.000000,185.000000,11.163010
20,87,-150.000000,185.000000,11.166586
21,87,-145.000000,185.000000,11.167728
22,87,-140.000000,185.000000,11.168603
23,87,-135.000000,185.000000,11.168640
24,87,-130.000000,185.000000,11.168676
25,87,-125.000000,185.000000,11.168712
26,87,-120.000000,185.000000,11.167909
27,87,-115.000000,185.000000,11.165600
28,87,-110.000000,185.000000,11.162772
29,87,-105.000000,185.000000,11.159433
30,87,-100.000000,185.000000,11.156095
31,87,-95.000000,185.000000,11.152756
32,87,-90.000000,185.000000,11.148889
33,87,-85.000000,185.000000,11.144884
34,87,-80.000000,185.000000,11.140535
35,87,-75.000000,185.000000,11.136163
36,87,-70.000000,185.000000,11.131791
37,87,-65.000000,185.000000,11.127508
38,87,-60.000000,185.000000,11.123524
39,87,-55.000000,185.000000,11.119640
40,87,-50.000000,185.000000,11.115923
41,87,-45.000000,185.000000,11.112206
42,87,-40.000000,185.000000,11.108488
43,87,-35.000000,185.000000,11.104532
44,87,-30.000000,185.000000,11.100455
45,87,-25.000000,185.000000,11.096133
46,87,-20.000000,185.000000,11.091754
47,87,-15.000000,185.000000,11.087374
48,87,-10.000000,185.000000,11.082797
49,87,-5.000000,185.000000,11.076483
50,87,0.000000,185.000000,11.069672
51,87,5.000000,185.000000,11.061355
52,87,10.000000,185.000000,11.053037
53,87,15.000000,185.000000,11.044720
54,87,20.000000,185.000000,11.035060
55,87,25.000000,185.000000,11.024248
56,87,30.000000,185.000000,11.011270
57,87,35.000000,185.000000,10.997291
58,87,40.000000,185.000000,10.983311
59,87,45.000000,185.000000,10.969331
60,87,50.000000,185.000000,10.953883
61,87,55.000000,185.000000,10.938114
62,87,60.000000,185.000000,10.920268
63,87,65.000000,185.000000,10.902422
64,87,70.000000,185.000000,10.884575
65,87,75.000000,185.000000,10.866662
66,87,80.000000,185.000000,10.848651
67,87,85.000000,185.000000,10.830463
68,87,90.000000,185.000000,10.812133
69,87,95.000000,185.000000,10.793802
70,87,100.000000,185.000000,10.775472
71,87,105.000000,185.000000,10.757352
72,87,110.000000,185.000000,10.739270
73,87,115.000000,185.000000,10.721797
74,87,120.000000,185.000000,10.704329
75,87,125.000000,185.000000,10.686861
76,87,130.000000,185.000000,10.669324
77,87,135.000000,185.000000,10.651611
78,87,140.000000,185.000000,10.633562
79,87,145.000000,185.000000,10.615062
80,87,150.000000,185.000000,10.596562
81,87,155.000000,185.000000,10.578063
82,87,160.000000,185.000000,10.559059
83,87,165.000000,185.000000,10.539858
84,87,170.000000,185.000000,10.518014
85,87,175.000000,185.000000,10.495751
86,87,180.000000,185.000000,10.473489
87,87,185.000000,185.000000,10.451140
88,87,190.000000,185.000000,10.428311
89,87,195.000000,185.000000,10.404402
90,87,200.000000,185.000000,10.377963
91,87,205.000000,185.000000,10.351525
92,87,210.000000,185.000000,10.325086
93,87,215.000000,185.000000,10.298560
94,87,220.000000,185.000000,10.271972
95,87,225.000000,185.000000,10.244200
96,87,230.000000,185.000000,10.216001
97,87,235.000000,185.000000,10.187803
98,87,240.000000,185.000000,10.159606
99,87,245.000000,185.000000,10.131447
100,87,250.000000,185.000000,10.103486
0,88,-250.000000,190.000000,11.047178
1,88,-245.000000,190.000000,11.048908
2,88,-240.000000,190.000000,11.050637
3,88,-235.000000,190.000000,11.052366
4,88,-230.000000,190.000000,11.055236
5,88,-225.000000,190.000000,11.058822
6,88,-220.000000,190.000000,11.062568
7,88,-215.000000,190.000000,11.066365
8,88,-210.000000,190.000000,11.070162
9,88,-205.000000,190.000000,11.074008
10,88,-200.000000,190.000000,11.078780
11,88,-195.000000,190.000000,11.083586
12,88,-190.000000,190.000000,11.088534
13,88,-185.000000,190.000000,11.093482
14,88,-180.000000,190.000000,11.098429
15,88,-175.000000,190.000000,11.102876
16,88,-170.000000,190.000000,11.106791
17,88,-165.000000,190.000000,11.110541
18,88,-160.000000,190.000000,11.114193
19,88,-155.000000,190.000000,11.117846
20,88,-150.000000,190.000000,11.121498
21,88,-145.000000,190.000000,11.122788
22,88,-140.000000,190.000000,11.123820
23,88,-135.000000,190.000000,11.124037
24,88,-130.000000,190.000000,11.124254
25,88,-125.000000,190.000000,11.124471
26,88,-120.000000,190.000000,11.123878
27,88,-115.000000,190.000000,11.121831
28,88,-110.000000,190.000000,11.119284
29,88,-105.000000,190.000000,11.116243
30,88,-100.000000,190.000000,11.113203
31,88,-95.000000,190.000000,11.110162
32,88,-90.000000,190.000000,11.106595
33,88,-85.000000,190.000000,11.102892
34,88,-80.000000,190.000000,11.098845
35,88,-75.000000,190.000000,11.094776
36,88,-70.000000,190.000000,11.090707
37,88,-65.000000,190.000000,11.086715
38,88,-60.000000,190.000000,11.082980
39,88,-55.000000,190.000000,11.079330
40,88,-50.000000,190.000000,11.075823
41,88,-45.000000,190.000000,11.072317
42,88,-40.000000,190.000000,11.068810
43,88,-35.000000,190.000000,11.065049
44,88,-30.000000,190.000000,11.061160
45,88,-25.000000,190.000000,11.057010
46,88,-20.000000,190.000000,11.052798
47,88,-15.000000,190.000000,11.048587
48,88,-10.000000,190.000000,11.044184
49,88,-5.000000,190.000000,11.038093
50,88,0.000000,190.000000,11.031521
51,88,5.000000,190.000000,11.023485
52,88,10.000000,190.000000,11.015449
53,88,15.000000,190.000000,11.007413
54,88,20.000000,190.000000,10.998083
55,88,25.000000,190.000000,10.987642
56,88,30.000000,190.000000,10.975114
57,88,35.000000,190.000000,10.961619
58,88,40.000000,190.000000,10.948124
59,88,45.000000,190.000000,10.934629
60,88,50.000000,190.000000,10.919713
61,88,55.000000,190.000000,10.904485
62,88,60.000000,190.000000,10.887247
63,88,65.000000,190.000000,10.870008
64,88,70.000000,190.000000,10.852769
65,88,75.000000,190.000000,10.835457
66,88,80.000000,190.000000,10.818040
67,88,85.000000,190.000000,10.800428
68,88,90.000000,190.000000,10.782660
69,88,95.000000,190.000000,10.764893
70,88,100.000000,190.000000,10.747126
71,88,105.000000,190.000000,10.729537
72,88,110.000000,190.000000,10.711980
73,88,115.000000,190.000000,10.694938
74,88,120.000000,190.000000,10.677901
75,88,125.000000,190.000000,10.660864
76,88,130.000000,190.000000,10.643753
77,88,135.000000,190.000000,10.626451
78,88,140.000000,190.000000,10.608788
79,88,145.000000,190.000000,10.590638
80,88,150.000000,190.000000,10.572488
81,88,155.000000,190.000000,10.554339
82,88,160.000000,190.000000,10.535688
83,88,165.000000,190.000000,10.516840
84,88,170.000000,190.000000,10.495361
85,88,175.000000,190.000000,10.473466
86,88,180.000000,190.000000,10.451572
87,88,185.000000,190.000000,10.429590
88,88,190.000000,190.000000,10.407135
89,88,195.000000,190.000000,10.383609
90,88,200.000000,190.000000,10.357578
91,88,205.000000,190.000000,10.331547
92,88,210.000000,190.000000,10.305516
93,88,215.000000,190.000000,10.279396
94,88,220.000000,190.000000,10.253213
95,88,225.000000,190.000000,10.225830
96,88,230.000000,190.000000,10.198015
97,88,235.000000,190.000000,10.170200
98,88,240.000000,190.000000,10.142386
99,88,245.000000,190.000000,10.114608
100,88,250.000000,190.000000,10.087012
0,89,-250.000000,195.000000,10.998594
1,89,-245.000000,195.000000,11.000639
2,89,-240.000000,195.000000,11.002683
3,89,-235.000000,195.000000,11.004727
4,89,-230.000000,195.000000,11.007862
5,89,-225.000000,195.000000,11.011683
6,89,-220.000000,195.000000,11.015656
7,89,-215.000000,195.000000,11.019677
8,89,-210.000000,195.000000,11.023698
9,89,-205.000000,195.000000,11.027763
10,89,-200.000000,195.000000,11.032655
11,89,-195.000000,195.000000,11.037578
12,89,-190.000000,195.000000,11.042626
13,89,-185.000000,195.000000,11.047675
14,89,-180.000000,195.000000,11.052724
15,89,-175.000000,195.000000,11.057262
16,89,-170.000000,195.000000,11.061260
17,89,-165.000000,195.000000,11.065088
18,89,-160.000000,195.000000,11.068818
19,89,-155.000000,195.000000,11.072548
20,89,-150.000000,195.000000,11.076278
21,89,-145.000000,195.000000,11.077717
22,89,-140.000000,195.000000,11.078906
23,89,-135.000000,195.000000,11.079304
24,89,-130.000000,195.000000,11.079703
25,89,-125.000000,195.000000,11.080102
26,89,-120.000000,195.000000,11.079720
27,89,-115.000000,195.000000,11.077936
28,89,-110.000000,195.000000,11.075671
29,89,-105.000000,195.000000,11.072930
30,89,-100.000000,195.000000,11.070188
31,89,-95.000000,195.000000,11.067447
32,89,-90.000000,195.000000,11.064182
33,89,-85.000000,195.000000,11.060781
34,89,-80.000000,195.000000,11.057038
35,89,-75.000000,195.000000,11.053273
36,89,-70.000000,195.000000,11.049508
37,89,-65.000000,195.000000,11.045807
38,89,-60.000000,195.000000,11.042320
39,89,-55.000000,195.000000,11.038905
40,89,-50.000000,195.000000,11.035608
41,89,-45.000000,195.000000,11.032312
42,89,-40.000000,195.000000,11.029016
43,89,-35.000000,195.000000,11.025450
44,89,-30.000000,195.000000,11.021748
45,89,-25.000000,195.000000,11.017768
46,89,-20.000000,195.000000,11.013725
47,89,-15.000000,195.000000,11.009681
48,89,-10.000000,195.000000,11.005451
49,89,-5.000000,195.000000,10.999583
50,89,0.000000,195.000000,10.993249
51,89,5.000000,195.000000,10.985495
52,89,10.000000,195.000000,10.977741
53,89,15.000000,195.000000,10.969987
54,89,20.000000,195.000000,10.960987
55,89,25.000000,195.000000,10.950918
56,89,30.000000,195.000000,10.938840
57,89,35.000000,195.000000,10.925832
58,89,40.000000,195.000000,10.912824
59,89,45.000000,195.000000,10.899816
60,89,50.000000,195.000000,10.885434
61,89,55.000000,195.000000,10.870751
62,89,60.000000,195.000000,10.854123
63,89,65.000000,195.000000,10.837495
64,89,70.000000,195.000000,10.820867
65,89,75.000000,195.000000,10.804159
66,89,80.000000,195.000000,10.787336
67,89,85.000000,195.000000,10.770303
68,89,90.000000,195.000000,10.753102
69,89,95.000000,195.000000,10.735900
70,89,100.000000,195.000000,10.718699
71,89,105.000000,195.000000,10.701643
72,89,110.000000,195.000000,10.684613
73,89,115.000000,195.000000,10.668005
74,89,120.000000,195.000000,10.651400
75,89,125.000000,195.000000,10.634795
76,89,130.000000,195.000000,10.618110
77,89,135.000000,195.000000,10.601222
78,89,140.000000,195.000000,10.583945
79,89,145.000000,195.000000,10.566146
80,89,150.000000,195.000000,10.548348
81,89,155.000000,195.000000,10.530550
82,89,160.000000,195.000000,10.512252
83,89,165.000000,195.000000,10.493759
84,89,170.000000,195.000000,10.472647
85,89,175.000000,195.000000,10.451120
86,89,180.000000,195.000000,10.429594
87,89,185.000000,195.000000,10.407982
88,89,190.000000,195.000000,10.385900
89,89,195.000000,195.000000,10.362758
90,89,200.000000,195.000000,10.337135
91,89,205.000000,195.000000,10.311513
92,89,210.000000,195.000000,10.285890
93,89,215.000000,195.000000,10.260177
94,89,220.000000,195.000000,10.234401
95,89,225.000000,195.000000,10.207407
96,89,230.000000,195.000000,10.179975
97,89,235.000000,195.000000,10.152543
98,89,240.000000,195.000000,10.125112
99,89,245.000000,195.000000,10.097714
100,89,250.000000,195.000000,10.070483
0,90,-250.000000,200.000000,10.949850
1,90,-245.000000,200.000000,10.952215
2,90,-240.000000,200.000000,10.954580
3,90,-235.000000,200.000000,10.956945
4,90,-230.000000,200.000000,10.960349
5,90,-225.000000,200.000000,10.964408
6,90,-220.000000,200.000000,10.968612
7,90,-215.000000,200.000000,10.972861
8,90,-210.000000,200.000000,10.977111
9,90,-205.000000,200.000000,10.981400
10,90,-200.000000,200.000000,10.986414
11,90,-195.000000,200.000000,10.991455
12,90,-190.000000,200.000000,10.996607
13,90,-185.000000,200.000000,11.001758
14,90,-180.000000,200.000000,11.006910
15,90,-175.000000,200.000000,11.011542
16,90,-170.000000,200.000000,11.015623
17,90,-165.000000,200.000000,11.019532
18,90,-160.000000,200.000000,11.023340
19,90,-155.000000,200.000000,11.027148
20,90,-150.000000,200.000000,11.030956
21,90,-145.000000,200.000000,11.032545
22,90,-140.000000,200.000000,11.033891
23,90,-135.000000,200.000000,11.034473
24,90,-130.000000,200.000000,11.035054
25,90,-125.000000,200.000000,11.035635
26,90,-120.000000,200.000000,11.035464
27,90,-115.000000,200.000000,11.033946
28,90,-110.000000,200.000000,11.031963
29,90,-105.000000,200.000000,11.029522
30,90,-100.000000,200.000000,11.027081
31,90,-95.000000,200.000000,11.024640
32,90,-90.000000,200.000000,11.021678
33,90,-85.000000,200.000000,11.018580
34,90,-80.000000,200.000000,11.015142
35,90,-75.000000,200.000000,11.011681
36,90,-70.000000,200.000000,11.008220
37,90,-65.000000,200.000000,11.004811
38,90,-60.000000,200.000000,11.001573
39,90,-55.000000,200.000000,10.998392
40,90,-50.000000,200.000000,10.995306
41,90,-45.000000,200.000000,10.992220
42,90,-40.000000,200.000000,10.989134
43,90,-35.000000,200.000000,10.985762
44,90,-30.000000,200.000000,10.982247
45,90,-25.000000,200.000000,10.978438
46,90,-20.000000,200.000000,10.974561
47,90,-15.000000,200.000000,10.970684
48,90,-10.000000,200.000000,10.966626
49,90,-5.000000,200.000000,10.960982
50,90,0.000000,200.000000,10.954886
51,90,5.000000,200.000000,10.947414
52,90,10.000000,200.000000,10.939942
53,90,15.000000,200.000000,10.932470
54,90,20.000000,200.000000,10.923801
55,90,25.000000,200.000000,10.914104
56,90,30.000000,200.000000,10.902478
57,90,35.000000,200.000000,10.889959
58,90,40.000000,200.000000,10.877439
59,90,45.000000,200.000000,10.864919
60,90,50.000000,200.000000,10.851072
61,90,55.000000,200.000000,10.836935
62,90,60.000000,200.000000,10.820920
63,90,65.000000,200.000000,10.804905
64,90,70.000000,200.000000,10.788890
65,90,75.000000,200.000000,10.772788
66,90,80.000000,200.000000,10.756563
67,90,85.000000,200.000000,10.740111
68,90,90.000000,200.000000,10.723477
69,90,95.000000,200.000000,10.706843
70,90,100.000000,200.000000,10.690209
71,90,105.000000,200.000000,10.673688
72,90,110.000000,200.000000,10.657187
73,90,115.000000,200.000000,10.641013
74,90,120.000000,200.000000,10.624842
75,90,125.000000,200.000000,10.608670
76,90,130.000000,200.000000,10.592414
77,90,135.000000,200.000000,10.575940
78,90,140.000000,200.000000,10.559050
79,90,145.000000,200.000000,10.541604
80,90,150.000000,200.000000,10.524157
81,90,155.000000,200.000000,10.506711
82,90,160.000000,200.000000,10.488768
83,90,165.000000,200.000000,10.470629
84,90,170.000000,200.000000,10.449885
85,90,175.000000,200.000000,10.428727
86,90,180.000000,200.000000,10.407570
87,90,185.000000,200.000000,10.386328
88,90,190.000000,200.000000,10.364621
89,90,195.000000,200.000000,10.341864
90,90,200.000000,200.000000,10.316650
91,90,205.000000,200.000000,10.291436
92,90,210.000000,200.000000,10.266222
93,90,215.000000,200.000000,10.240916
94,90,220.000000,200.000000,10.215547
95,90,225.000000,200.000000,10.188942
96,90,230.000000,200.000000,10.161893
97,90,235.000000,200.000000,10.134844
98,90,240.000000,200.000000,10.107796
99,90,245.000000,200.000000,10.080778
100,90,250.000000,200.000000,10.053912
0,91,-250.000000,205.000000,10.898718
1,91,-245.000000,205.000000,10.901482
2,91,-240.000000,205.000000,10.904245
3,91,-235.000000,205.000000,10.907008
4,91,-230.000000,205.000000,10.910752
5,91,-225.000000,205.000000,10.915112
6,91,-220.000000,205.000000,10.919609
7,91,-215.000000,205.000000,10.924150
8,91,-210.000000,205.000000,10.928691
9,91,-205.000000,205.000000,10.933263
10,91,-200.000000,205.000000,10.938436
11,91,-195.000000,205.000000,10.943631
12,91,-190.000000,205.000000,10.948918
13,91,-185.000000,205.000000,10.954205
14,91,-180.000000,205.000000,10.959492
15,91,-175.000000,205.000000,10.964241
16,91,-170.000000,205.000000,10.968422
17,91,-165.000000,205.000000,10.972425
18,91,-160.000000,205.000000,10.976323
19,91,-155.000000,205.000000,10.980222
20,91,-150.000000,205.000000,10.984120
21,91,-145.000000,205.000000,10.985870
22,91,-140.000000,205.000000,10.987385
23,91,-135.000000,205.000000,10.988160
24,91,-130.000000,205.000000,10.988934
25,91,-125.000000,205.000000,10.989708
26,91,-120.000000,205.000000,10.989761
27,91,-115.000000,205.000000,10.988520
28,91,-110.000000,205.000000,10.986834
29,91,-105.000000,205.000000,10.984709
30,91,-100.000000,205.000000,10.982583
31,91,-95.000000,205.000000,10.980458
32,91,-90.000000,205.000000,10.977811
33,91,-85.000000,205.000000,10.975028
34,91,-80.000000,205.000000,10.971904
35,91,-75.000000,205.000000,10.968759
36,91,-70.000000,205.000000,10.965613
37,91,-65.000000,205.000000,10.962503
38,91,-60.000000,205.000000,10.959516
39,91,-55.000000,205.000000,10.956570
40,91,-50.000000,205.000000,10.953691
41,91,-45.000000,205.000000,10.950812
42,91,-40.000000,205.000000,10.947933
43,91,-35.000000,205.000000,10.944751
44,91,-30.000000,205.000000,10.941417
45,91,-25.000000,205.000000,10.937770
46,91,-20.000000,205.000000,10.934051
47,91,-15.000000,205.000000,10.930332
48,91,-10.000000,205.000000,10.926438
49,91,-5.000000,205.000000,10.921014
50,91,0.000000,205.000000,10.915154
51,91,5.000000,205.000000,10.907966
52,91,10.000000,205.000000,10.900779
53,91,15.000000,205.000000,10.893591
54,91,20.000000,205.000000,10.885260
55,91,25.000000,205.000000,10.875948
56,91,30.000000,205.000000,10.864792
57,91,35.000000,205.000000,10.852783
58,91,40.000000,205.000000,10.840774
59,91,45.000000,205.000000,10.828765
60,91,50.000000,205.000000,10.815480
61,91,55.000000,205.000000,10.801916
62,91,60.000000,205.000000,10.786546
63,91,65.000000,205.000000,10.771177
64,91,70.000000,205.000000,10.755807
65,91,75.000000,205.000000,10.740345
66,91,80.000000,205.000000,10.724749
67,91,85.000000,205.000000,10.708907
68,91,90.000000,205.000000,10.692869
69,91,95.000000,205.000000,10.676831
70,91,100.000000,205.000000,10.660793
71,91,105.000000,205.000000,10.644833
72,91,110.000000,205.000000,10.628886
73,91,115.000000,205.000000,10.613163
74,91,120.000000,205.000000,10.597443
75,91,125.000000,205.000000,10.581722
76,91,130.000000,205.000000,10.565910
77,91,135.000000,205.000000,10.549867
78,91,140.000000,205.000000,10.533379
79,91,145.000000,205.000000,10.516296
80,91,150.000000,205.000000,10.499213
81,91,155.000000,205.000000,10.482131
82,91,160.000000,205.000000,10.464553
83,91,165.000000,205.000000,10.446782
84,91,170.000000,205.000000,10.426415
85,91,175.000000,205.000000,10.405638
86,91,180.000000,205.000000,10.384862
87,91,185.000000,205.000000,10.364001
88,91,190.000000,205.000000,10.342679
89,91,195.000000,205.000000,10.320316
90,91,200.000000,205.000000,10.295518
91,91,205.000000,205.000000,10.270721
92,91,210.000000,205.000000,10.245923
93,91,215.000000,205.000000,10.221032
94,91,220.000000,205.000000,10.196076
95,91,225.000000,205.000000,10.169860
96,91,230.000000,205.000000,10.143192
97,91,235.000000,205.000000,10.116523
98,91,240.000000,205.000000,10.089855
99,91,245.000000,205.000000,10.063214
100,91,250.000000,205.000000,10.036707
0,92,-250.000000,210.000000,10.847227
1,92,-245.000000,210.000000,10.850400
2,92,-240.000000,210.000000,10.853574
3,92,-235.000000,210.000000,10.856748
4,92,-230.000000,210.000000,10.860842
5,92,-225.000000,210.000000,10.865513
6,92,-220.000000,210.000000,10.870313
7,92,-215.000000,210.000000,10.875153
8,92,-210.000000,210.000000,10.879994
9,92,-205.000000,210.000000,10.884859
10,92,-200.000000,210.000000,10.890197
11,92,-195.000000,210.000000,10.895552
12,92,-190.000000,210.000000,10.900979
13,92,-185.000000,210.000000,10.906406
14,92,-180.000000,210.000000,10.911833
15,92,-175.000000,210.000000,10.916704
16,92,-170.000000,210.000000,10.920986
17,92,-165.000000,210.000000,10.925085
18,92,-160.000000,210.000000,10.929076
19,92,-155.000000,210.000000,10.933066
20,92,-150.000000,210.000000,10.937057
21,92,-145.000000,210.000000,10.938970
22,92,-140.000000,210.000000,10.940655
23,92,-135.000000,210.000000,10.941624
24,92,-130.000000,210.000000,10.942593
25,92,-125.000000,210.000000,10.943561
26,92,-120.000000,210.000000,10.943839
27,92,-115.000000,210.000000,10.942879
28,92,-110.000000,210.000000,10.941492
29,92,-105.000000,210.000000,10.939684
30,92,-100.000000,210.000000,10.937877
31,92,-95.000000,210.000000,10.936069
32,92,-90.000000,210.000000,10.933739
33,92,-85.000000,210.000000,10.931273
34,92,-80.000000,210.000000,10.928466
35,92,-75.000000,210.000000,10.925636
36,92,-70.000000,210.000000,10.922807
37,92,-65.000000,210.000000,10.919999
38,92,-60.000000,210.000000,10.917263
39,92,-55.000000,210.000000,10.914551
40,92,-50.000000,210.000000,10.911879
41,92,-45.000000,210.000000,10.909207
42,92,-40.000000,210.000000,10.906535
43,92,-35.000000,210.000000,10.903541
44,92,-30.000000,210.000000,10.900386
45,92,-25.000000,210.000000,10.896901
46,92,-20.000000,210.000000,10.893338
47,92,-15.000000,210.000000,10.889776
48,92,-10.000000,210.000000,10.886045
49,92,-5.000000,210.000000,10.880841
50,92,0.000000,210.000000,10.875216
51,92,5.000000,210.000000,10.868313
52,92,10.000000,210.000000,10.861411
53,92,15.000000,210.000000,10.854508
54,92,20.000000,210.000000,10.846516
55,92,25.000000,210.000000,10.837589
56,92,30.000000,210.000000,10.826907
57,92,35.000000,210.000000,10.815412
58,92,40.000000,210.000000,10.803917
59,92,45.000000,210.000000,10.792421
60,92,50.000000,210.000000,10.779702
61,92,55.000000,210.000000,10.766715
62,92,60.000000,210.000000,10.751996
63,92,65.000000,210.000000,10.737278
64,92,70.000000,210.000000,10.722559
65,92,75.000000,210.000000,10.707740
66,92,80.000000,210.000000,10.692778
67,92,85.000000,210.000000,10.677551
68,92,90.000000,210.000000,10.662113
69,92,95.000000,210.000000,10.646676
70,92,100.000000,210.000000,10.631238
71,92,105.000000,210.000000,10.615841
72,92,110.000000,210.000000,10.600453
73,92,115.000000,210.000000,10.585184
74,92,120.000000,210.000000,10.569917
75,92,125.000000,210.000000,10.554650
76,92,130.000000,210.000000,10.539286
77,92,135.000000,210.000000,10.523675
78,92,140.000000,210.000000,10.507591
79,92,145.000000,210.000000,10.490873
80,92,150.000000,210.000000,10.474156
81,92,155.000000,210.000000,10.457439
82,92,160.000000,210.000000,10.440229
83,92,165.000000,210.000000,10.422826
84,92,170.000000,210.000000,10.402840
85,92,175.000000,210.000000,10.382445
86,92,180.000000,210.000000,10.362050
87,92,185.000000,210.000000,10.341572
88,92,190.000000,210.000000,10.320637
89,92,195.000000,210.000000,10.298670
90,92,200.000000,210.000000,10.274290
91,92,205.000000,210.000000,10.249910
92,92,210.000000,210.000000,10.225530
93,92,215.000000,210.000000,10.201054
94,92,220.000000,210.000000,10.176512
95,92,225.000000,210.000000,10.150686
96,92,230.000000,210.000000,10.124397
97,92,235.000000,210.000000,10.098108
98,92,240.000000,210.000000,10.071819
99,92,245.000000,210.000000,10.045555
100,92,250.000000,210.000000,10.019408
0,93,-250.000000,215.000000,10.795735
1,93,-245.000000,215.000000,10.799319
2,93,-240.000000,215.000000,10.802904
3,93,-235.000000,215.000000,10.806488
4,93,-230.000000,215.000000,10.810931
5,93,-225.000000,215.000000,10.815913
6,93,-220.000000,215.000000,10.821016
7,93,-215.000000,215.000000,10.826156
8,93,-210.000000,215.000000,10.831297
9,93,-205.000000,215.000000,10.836456
10,93,-200.000000,215.000000,10.841958
11,93,-195.000000,215.000000,10.847472
12,93,-190.000000,215.000000,10.853039
13,93,-185.000000,215.000000,10.858606
14,93,-180.000000,215.000000,10.864173
15,93,-175.000000,215.000000,10.869166
16,93,-170.000000,215.000000,10.873551
17,93,-165.000000,215.000000,10.877745
18,93,-160.000000,215.000000,10.881828
19,93,-155.000000,215.000000,10.885911
20,93,-150.000000,215.000000,10.889994
21,93,-145.000000,215.000000,10.892069
22,93,-140.000000,215.000000,10.893925
23,93,-135.000000,215.000000,10.895088
24,93,-130.000000,215.000000,10.896251
25,93,-125.000000,215.000000,10.897415
26,93,-120.000000,215.000000,10.897918
27,93,-115.000000,215.000000,10.897238
28,93,-110.000000,215.000000,10.896150
29,93,-105.000000,215.000000,10.894660
30,93,-100.000000,215.000000,10.893170
31,93,-95.000000,215.000000,10.891681
32,93,-90.000000,215.000000,10.889667
33,93,-85.000000,215.000000,10.887518
34,93,-80.000000,215.000000,10.885027
35,93,-75.000000,215.000000,10.882514
36,93,-70.000000,215.000000,10.880000
37,93,-65.000000,215.000000,10.877494
38,93,-60.000000,215.000000,10.875009
39,93,-55.000000,215.000000,10.872532
40,93,-50.000000,215.000000,10.870067
41,93,-45.000000,215.000000,10.867602
42,93,-40.000000,215.000000,10.865137
43,93,-35.000000,215.000000,10.862332
44,93,-30.000000,215.000000,10.859356
45,93,-25.000000,215.000000,10.856032
46,93,-20.000000,215.000000,10.852626
47,93,-15.000000,215.000000,10.849219
48,93,-10.000000,215.000000,10.845652
49,93,-5.000000,215.000000,10.840667
50,93,0.000000,215.000000,10.835279
51,93,5.000000,215.000000,10.828661
52,93,10.000000,215.000000,10.822043
53,93,15.000000,215.000000,10.815425
54,93,20.000000,215.000000,10.807772
55,93,25.000000,215.000000,10.799231
56,93,30.000000,215.000000,10.789022
57,93,35.000000,215.000000,10.778040
58,93,40.000000,215.000000,10.767059
59,93,45.000000,215.000000,10.756077
60,93,50.000000,215.000000,10.743924
61,93,55.000000,215.000000,10.731514
62,93,60.000000,215.000000,10.717446
63,93,65.000000,215.000000,10.703379
64,93,70.000000,215.000000,10.689311
65,93,75.000000,215.000000,10.675136
66,93,80.000000,215.000000,10.660807
67,93,85.000000,215.000000,10.646195
68,93,90.000000,215.000000,10.631358
69,93,95.000000,215.000000,10.616520
70,93,100.000000,215.000000,10.601682
71,93,105.000000,215.000000,10.586850
72,93,110.000000,215.000000,10.572019
73,93,115.000000,215.000000,10.557206
74,93,120.000000,215.000000,10.542392
75,93,125.000000,215.000000,10.527578
76,93,130.000000,215.000000,10.512662
77,93,135.000000,215.000000,10.497483
78,93,140.000000,215.000000,10.481803
79,93,145.000000,215.000000,10.465451
80,93,150.000000,215.000000,10.449099
81,93,155.000000,215.000000,10.432747
82,93,160.000000,215.000000,10.415905
83,93,165.000000,215.000000,10.398870
84,93,170.000000,215.000000,10.379264
85,93,175.000000,215.000000,10.359251
86,93,180.000000,215.000000,10.339238
87,93,185.000000,215.000000,10.319143
88,93,190.000000,215.000000,10.298595
89,93,195.000000,215.000000,10.277024
90,93,200.000000,215.000000,10.253061
91,93,205.000000,215.000000,10.229099
92,93,210.000000,215.000000,10.205136
93,93,215.000000,215.000000,10.181076
94,93,220.000000,215.000000,10.156949
95,93,225.000000,215.000000,10.131511
96,93,230.000000,215.000000,10.105602
97,93,235.000000,215.000000,10.079693
98,93,240.000000,215.000000,10.053784
99,93,245.000000,215.000000,10.027896
100,93,250.000000,215.000000,10.002108
0,94,-250.000000,220.000000,10.744292
1,94,-245.000000,220.000000,10.748287
2,94,-240.000000,220.000000,10.752281
3,94,-235.000000,220.000000,10.756276
4,94,-230.000000,220.000000,10.761069
5,94,-225.000000,220.000000,10.766364
6,94,-220.000000,220.000000,10.771770
7,94,-215.000000,220.000000,10.777212
8,94,-210.000000,220.000000,10.782653
9,94,-205.000000,220.000000,10.788106
10,94,-200.000000,220.000000,10.793775
11,94,-195.000000,220.000000,10.799451
12,94,-190.000000,220.000000,10.805160
13,94,-185.000000,220.000000,10.810869
14,94,-180.000000,220.000000,10.816578
15,94,-175.000000,220.000000,10.821694
16,94,-170.000000,220.000000,10.826183
17,94,-165.000000,220.000000,10.830475
18,94,-160.000000,220.000000,10.834652
19,94,-155.000000,220.000000,10.838829
20,94,-150.000000,220.000000,10.843006
21,94,-145.000000,220.000000,10.845245
22,94,-140.000000,220.000000,10.847272
23,94,-135.000000,220.000000,10.848631
24,94,-130.000000,220.000000,10.849989
25,94,-125.000000,220.000000,10.851348
26,94,-120.000000,220.000000,10.852077
27,94,-115.000000,220.000000,10.851677
28,94,-110.000000,220.000000,10.850888
29,94,-105.000000,220.000000,10.849716
30,94,-100.000000,220.000000,10.848544
31,94,-95.000000,220.000000,10.847372
32,94,-90.000000,220.000000,10.845675
33,94,-85.000000,220.000000,10.843843
34,94,-80.000000,220.000000,10.841668
35,94,-75.000000,220.000000,10.839471
36,94,-70.000000,220.000000,10.837274
37,94,-65.000000,220.000000,10.835069
38,94,-60.000000,220.000000,10.832836
39,94,-55.000000,220.000000,10.830594
40,94,-50.000000,220.000000,10.828337
41,94,-45.000000,220.000000,10.826080
42,94,-40.000000,220.000000,10.823823
43,94,-35.000000,220.000000,10.821208
44,94,-30.000000,220.000000,10.818413
45,94,-25.000000,220.000000,10.815251
46,94,-20.000000,220.000000,10.812003
47,94,-15.000000,220.000000,10.808755
48,94,-10.000000,220.000000,10.805353
49,94,-5.000000,220.000000,10.800589
50,94,0.000000,220.000000,10.795437
51,94,5.000000,220.000000,10.789105
52,94,10.000000,220.000000,10.782772
53,94,15.000000,220.000000,10.776440
54,94,20.000000,220.000000,10.769127
55,94,25.000000,220.000000,10.760972
56,94,30.000000,220.000000,10.751236
57,94,35.000000,220.000000,10.740767
58,94,40.000000,220.000000,10.730299
59,94,45.000000,220.000000,10.719830
60,94,50.000000,220.000000,10.708242
61,94,55.000000,220.000000,10.696408
62,94,60.000000,220.000000,10.682990
63,94,65.000000,220.000000,10.669571
64,94,70.000000,220.000000,10.656153
65,94,75.000000,220.000000,10.642620
66,94,80.000000,220.000000,10.628924
67,94,85.000000,220.000000,10.614926
68,94,90.000000,220.000000,10.600688
69,94,95.000000,220.000000,10.586449
70,94,100.000000,220.000000,10.572211
71,94,105.000000,220.000000,10.557943
72,94,110.000000,220.000000,10.543670
73,94,115.000000,220.000000,10.529311
74,94,120.000000,220.000000,10.514951
75,94,125.000000,220.000000,10.500591
76,94,130.000000,220.000000,10.486122
77,94,135.000000,220.000000,10.471376
78,94,140.000000,220.000000,10.456100
79,94,145.000000,220.000000,10.440114
80,94,150.000000,220.000000,10.424127
81,94,155.000000,220.000000,10.408141
82,94,160.000000,220.000000,10.391667
83,94,165.000000,220.000000,10.375001
84,94,170.000000,220.000000,10.355774
85,94,175.000000,220.000000,10.336142
86,94,180.000000,220.000000,10.316511
87,94,185.000000,220.000000,10.296797
88,94,190.000000,220.000000,10.276634
89,94,195.000000,220.000000,10.255458
90,94,200.000000,220.000000,10.231910
91,94,205.000000,220.000000,10.208363
92,94,210.000000,220.000000,10.184815
93,94,215.000000,220.000000,10.161169
94,94,220.000000,220.000000,10.137453
95,94,225.000000,220.000000,10.112401
96,94,230.000000,220.000000,10.086869
97,94,235.000000,220.000000,10.061336
98,94,240.000000,220.000000,10.035804
99,94,245.000000,220.000000,10.010289
100,94,250.000000,220.000000,9.984858
0,95,-250.000000,225.000000,10.692903
1,95,-245.000000,225.000000,10.697308
2,95,-240.000000,225.000000,10.701713
3,95,-235.000000,225.000000,10.706118
4,95,-230.000000,225.000000,10.711262
5,95,-225.000000,225.000000,10.716870
6,95,-220.000000,225.000000,10.722581
7,95,-215.000000,225.000000,10.728325
8,95,-210.000000,225.000000,10.734069
9,95,-205.000000,225.000000,10.739817
10,95,-200.000000,225.000000,10.745654
11,95,-195.000000,225.000000,10.751494
12,95,-190.000000,225.000000,10.757347
13,95,-185.000000,225.000000,10.763201
14,95,-180.000000,225.000000,10.769054
15,95,-175.000000,225.000000,10.774296
16,95,-170.000000,225.000000,10.778891
17,95,-165.000000,225.000000,10.783282
18,95,-160.000000,225.000000,10.787556
19,95,-155.000000,225.000000,10.791829
20,95,-150.000000,225.000000,10.796103
21,95,-145.000000,225.000000,10.798507
22,95,-140.000000,225.000000,10.800706
23,95,-135.000000,225.000000,10.802261
24,95,-130.000000,225.000000,10.803816
25,95,-125.000000,225.000000,10.805371
26,95,-120.000000,225.000000,10.806326
27,95,-115.000000,225.000000,10.806207
28,95,-110.000000,225.000000,10.805717
29,95,-105.000000,225.000000,10.804862
30,95,-100.000000,225.000000,10.804007
31,95,-95.000000,225.000000,10.803152
32,95,-90.000000,225.000000,10.801773
33,95,-85.000000,225.000000,10.800257
34,95,-80.000000,225.000000,10.798398
35,95,-75.000000,225.000000,10.796517
36,95,-70.000000,225.000000,10.794636
37,95,-65.000000,225.000000,10.792733
38,95,-60.000000,225.000000,10.790753
39,95,-55.000000,225.000000,10.788747
40,95,-50.000000,225.000000,10.786699
41,95,-45.000000,225.000000,10.784651
42,95,-40.000000,225.000000,10.782603
43,95,-35.000000,225.000000,10.780179
44,95,-30.000000,225.000000,10.777567
45,95,-25.000000,225.000000,10.774569
46,95,-20.000000,225.000000,10.771482
47,95,-15.000000,225.000000,10.768394
48,95,-10.000000,225.000000,10.765158
49,95,-5.000000,225.000000,10.760616
50,95,0.000000,225.000000,10.755702
51,95,5.000000,225.000000,10.749657
52,95,10.000000,225.000000,10.743611
53,95,15.000000,225.000000,10.737565
54,95,20.000000,225.000000,10.730592
55,95,25.000000,225.000000,10.722823
56,95,30.000000,225.000000,10.713559
57,95,35.000000,225.000000,10.703603
58,95,40.000000,225.000000,10.693647
59,95,45.000000,225.000000,10.683691
60,95,50.000000,225.000000,10.672666
61,95,55.000000,225.000000,10.661408
62,95,60.000000,225.000000,10.648637
63,95,65.000000,225.000000,10.635866
64,95,70.000000,225.000000,10.623095
65,95,75.000000,225.000000,10.610204
66,95,80.000000,225.000000,10.597138
67,95,85.000000,225.000000,10.583754
68,95,90.000000,225.000000,10.570114
69,95,95.000000,225.000000,10.556474
70,95,100.000000,225.000000,10.542835
71,95,105.000000,225.000000,10.529130
72,95,110.000000,225.000000,10.515413
73,95,115.000000,225.000000,10.501509
74,95,120.000000,225.000000,10.487603
75,95,125.000000,225.000000,10.473697
76,95,130.000000,225.000000,10.459677
77,95,135.000000,225.000000,10.445364
78,95,140.000000,225.000000,10.430493
79,95,145.000000,225.000000,10.414872
80,95,150.000000,225.000000,10.399252
81,95,155.000000,225.000000,10.383632
82,95,160.000000,225.000000,10.367525
83,95,165.000000,225.000000,10.351228
84,95,170.000000,225.000000,10.332380
85,95,175.000000,225.000000,10.313128
86,95,180.000000,225.000000,10.293876
87,95,185.000000,225.000000,10.274543
88,95,190.000000,225.000000,10.254765
89,95,195.000000,225.000000,10.233981
90,95,200.000000,225.000000,10.210846
91,95,205.000000,225.000000,10.187711
92,95,210.000000,225.000000,10.164575
93,95,215.000000,225.000000,10.141339
94,95,220.000000,225.000000,10.118032
95,95,225.000000,225.000000,10.093363
96,95,230.000000,225.000000,10.068204
97,95,235.000000,225.000000,10.043045
98,95,240.000000,225.000000,10.017886
99,95,245.000000,225.000000,9.992741
100,95,250.000000,225.000000,9.967663
0,96,-250.000000,230.000000,10.642605
1,96,-245.000000,230.000000,10.647420
2,96,-240.000000,230.000000,10.652234
3,96,-235.000000,230.000000,10.657049
4,96,-230.000000,230.000000,10.662556
5,96,-225.000000,230.000000,10.668499
6,96,-220.000000,230.000000,10.674539
7,96,-215.000000,230.000000,10.680610
8,96,-210.000000,230.000000,10.686681
9,96,-205.000000,230.000000,10.692751
10,96,-200.000000,230.000000,10.698798
11,96,-195.000000,230.000000,10.704845
12,96,-190.000000,230.000000,10.710888
13,96,-185.000000,230.000000,10.716932
14,96,-180.000000,230.000000,10.722975
15,96,-175.000000,230.000000,10.728387
16,96,-170.000000,230.000000,10.733131
17,96,-165.000000,230.000000,10.737665
18,96,-160.000000,230.000000,10.742078
19,96,-155.000000,230.000000,10.746490
20,96,-150.000000,230.000000,10.750902
21,96,-145.000000,230.000000,10.753497
22,96,-140.000000,230.000000,10.755892
23,96,-135.000000,230.000000,10.757661
24,96,-130.000000,230.000000,10.759429
25,96,-125.000000,230.000000,10.761198
26,96,-120.000000,230.000000,10.762391
27,96,-115.000000,230.000000,10.762554
28,96,-110.000000,230.000000,10.762362
29,96,-105.000000,230.000000,10.761819
30,96,-100.000000,230.000000,10.761277
31,96,-95.000000,230.000000,10.760734
32,96,-90.000000,230.000000,10.759669
33,96,-85.000000,230.000000,10.758467
34,96,-80.000000,230.000000,10.756924
35,96,-75.000000,230.000000,10.755359
36,96,-70.000000,230.000000,10.753794
37,96,-65.000000,230.000000,10.752195
38,96,-60.000000,230.000000,10.750481
39,96,-55.000000,230.000000,10.748730
40,96,-50.000000,230.000000,10.746915
41,96,-45.000000,230.000000,10.745100
42,96,-40.000000,230.000000,10.743285
43,96,-35.000000,230.000000,10.741081
44,96,-30.000000,230.000000,10.738683
45,96,-25.000000,230.000000,10.735885
46,96,-20.000000,230.000000,10.732995
47,96,-15.000000,230.000000,10.730105
48,96,-10.000000,230.000000,10.727071
49,96,-5.000000,230.000000,10.722780
50,96,0.000000,230.000000,10.718130
51,96,5.000000,230.000000,10.712390
52,96,10.000000,230.000000,10.706649
53,96,15.000000,230.000000,10.700909
54,96,20.000000,230.000000,10.694287
55,96,25.000000,230.000000,10.686908
56,96,30.000000,230.000000,10.678107
57,96,35.000000,230.000000,10.668647
58,96,40.000000,230.000000,10.659188
59,96,45.000000,230.000000,10.649729
60,96,50.000000,230.000000,10.639246
61,96,55.000000,230.000000,10.628539
62,96,60.000000,230.000000,10.616384
63,96,65.000000,230.000000,10.604229
64,96,70.000000,230.000000,10.592073
65,96,75.000000,230.000000,10.579793
66,96,80.000000,230.000000,10.567331
67,96,85.000000,230.000000,10.554538
68,96,90.000000,230.000000,10.541480
69,96,95.000000,230.000000,10.528422
70,96,100.000000,230.000000,10.515363
71,96,105.000000,230.000000,10.502210
72,96,110.000000,230.000000,10.489040
73,96,115.000000,230.000000,10.475598
74,96,120.000000,230.000000,10.462152
75,96,125.000000,230.000000,10.448707
76,96,130.000000,230.000000,10.435142
77,96,135.000000,230.000000,10.421269
78,96,140.000000,230.000000,10.406809
79,96,145.000000,230.000000,10.391562
80,96,150.000000,230.000000,10.376315
81,96,155.000000,230.000000,10.361068
82,96,160.000000,230.000000,10.345332
83,96,165.000000,230.000000,10.329406
84,96,170.000000,230.000000,10.310917
85,96,175.000000,230.000000,10.292024
86,96,180.000000,230.000000,10.273130
87,96,185.000000,230.000000,10.254156
88,96,190.000000,230.000000,10.234735
89,96,195.000000,230.000000,10.214309
90,96,200.000000,230.000000,10.191530
91,96,205.000000,230.000000,10.168751
92,96,210.000000,230.000000,10.145971
93,96,215.000000,230.000000,10.123088
94,96,220.000000,230.000000,10.100133
95,96,225.000000,230.000000,10.075781
96,96,230.000000,230.000000,10.050927
97,96,235.000000,230.000000,10.026072
98,96,240.000000,230.000000,10.001218
99,96,245.000000,230.000000,9.976375
100,96,250.000000,230.000000,9.951585
0,97,-250.000000,235.000000,10.592625
1,97,-245.000000,235.000000,10.597849
2,97,-240.000000,235.000000,10.603072
3,97,-235.000000,235.000000,10.608296
4,97,-230.000000,235.000000,10.614171
5,97,-225.000000,235.000000,10.620456
6,97,-220.000000,235.000000,10.626832
7,97,-215.000000,235.000000,10.633237
8,97,-210.000000,235.000000,10.639641
9,97,-205.000000,235.000000,10.646040
10,97,-200.000000,235.000000,10.652310
11,97,-195.000000,235.000000,10.658576
12,97,-190.000000,235.000000,10.664823
13,97,-185.000000,235.000000,10.671070
14,97,-180.000000,235.000000,10.677316
15,97,-175.000000,235.000000,10.682911
16,97,-170.000000,235.000000,10.687817
17,97,-165.000000,235.000000,10.692507
18,97,-160.000000,235.000000,10.697071
19,97,-155.000000,235.000000,10.701635
20,97,-150.000000,235.000000,10.706198
21,97,-145.000000,235.000000,10.708990
22,97,-140.000000,235.000000,10.711588
23,97,-135.000000,235.000000,10.713576
24,97,-130.000000,235.000000,10.715563
25,97,-125.000000,235.000000,10.717550
26,97,-120.000000,235.000000,10.718985
27,97,-115.000000,235.000000,10.719430
28,97,-110.000000,235.000000,10.719535
29,97,-105.000000,235.000000,10.719304
30,97,-100.000000,235.000000,10.719072
31,97,-95.000000,235.000000,10.718841
32,97,-90.000000,235.000000,10.718088
33,97,-85.000000,235.000000,10.717201
34,97,-80.000000,235.000000,10.715974
35,97,-75.000000,235.000000,10.714724
36,97,-70.000000,235.000000,10.713474
37,97,-65.000000,235.000000,10.712180
38,97,-60.000000,235.000000,10.710738
39,97,-55.000000,235.000000,10.709245
40,97,-50.000000,235.000000,10.707670
41,97,-45.000000,235.000000,10.706095
42,97,-40.000000,235.000000,10.704520
43,97,-35.000000,235.000000,10.702545
44,97,-30.000000,235.000000,10.700370
45,97,-25.000000,235.000000,10.697783
46,97,-20.000000,235.000000,10.695101
47,97,-15.000000,235.000000,10.692419
48,97,-10.000000,235.000000,10.689599
49,97,-5.000000,235.000000,10.685566
50,97,0.000000,235.000000,10.681188
51,97,5.000000,235.000000,10.675758
52,97,10.000000,235.000000,10.670329
53,97,15.000000,235.000000,10.664899
54,97,20.000000,235.000000,10.658631
55,97,25.000000,235.000000,10.651643
56,97,30.000000,235.000000,10.643302
57,97,35.000000,235.000000,10.634335
58,97,40.000000,235.000000,10.625367
59,97,45.000000,235.000000,10.616400
60,97,50.000000,235.000000,10.606453
61,97,55.000000,235.000000,10.596291
62,97,60.000000,235.000000,10.584742
63,97,65.000000,235.000000,10.573193
64,97,70.000000,235.000000,10.561644
65,97,75.000000,235.000000,10.549966
66,97,80.000000,235.000000,10.538101
67,97,85.000000,235.000000,10.525893
68,97,90.000000,235.000000,10.513411
69,97,95.000000,235.000000,10.500929
70,97,100.000000,235.000000,10.488446
71,97,105.000000,235.000000,10.475842
72,97,110.000000,235.000000,10.463216
73,97,115.000000,235.000000,10.450237
74,97,120.000000,235.000000,10.437254
75,97,125.000000,235.000000,10.424271
76,97,130.000000,235.000000,10.411162
77,97,135.000000,235.000000,10.397732
78,97,140.000000,235.000000,10.383685
79,97,145.000000,235.000000,10.368813
80,97,150.000000,235.000000,10.353942
81,97,155.000000,235.000000,10.339070
82,97,160.000000,235.000000,10.323707
83,97,165.000000,235.000000,10.308151
84,97,170.000000,235.000000,10.290017
85,97,175.000000,235.000000,10.271476
86,97,180.000000,235.000000,10.252934
87,97,185.000000,235.000000,10.234311
88,97,190.000000,235.000000,10.215241
89,97,195.000000,235.000000,10.195162
90,97,200.000000,235.000000,10.172723
91,97,205.000000,235.000000,10.150283
92,97,210.000000,235.000000,10.127844
93,97,215.000000,235.000000,10.105297
94,97,220.000000,235.000000,10.082677
95,97,225.000000,235.000000,10.058624
96,97,230.000000,235.000000,10.034054
97,97,235.000000,235.000000,10.009484
98,97,240.000000,235.000000,9.984915
99,97,245.000000,235.000000,9.960353
100,97,250.000000,235.000000,9.935831
0,98,-250.000000,240.000000,10.542645
1,98,-245.000000,240.000000,10.548278
2,98,-240.000000,240.000000,10.553911
3,98,-235.000000,240.000000,10.559544
4,98,-230.000000,240.000000,10.565786
5,98,-225.000000,240.000000,10.572413
6,98,-220.000000,240.000000,10.579124
7,98,-215.000000,240.000000,10.585863
8,98,-210.000000,240.000000,10.592602
9,98,-205.000000,240.000000,10.599329
10,98,-200.000000,240.000000,10.605822
11,98,-195.000000,240.000000,10.612308
12,98,-190.000000,240.000000,10.618758
13,98,-185.000000,240.000000,10.625207
14,98,-180.000000,240.000000,10.631657
15,98,-175.000000,240.000000,10.637435
16,98,-170.000000,240.000000,10.642503
17,98,-165.000000,240.000000,10.647349
18,98,-160.000000,240.000000,10.652064
19,98,-155.000000,240.000000,10.656779
20,98,-150.000000,240.000000,10.661494
21,98,-145.000000,240.000000,10.664484
22,98,-140.000000,240.000000,10.667285
23,98,-135.000000,240.000000,10.669490
24,98,-130.000000,240.000000,10.671696
25,98,-125.000000,240.000000,10.673902
26,98,-120.000000,240.000000,10.675579
27,98,-115.000000,240.000000,10.676307
28,98,-110.000000,240.000000,10.676709
29,98,-105.000000,240.000000,10.676788
30,98,-100.000000,240.000000,10.676868
31,98,-95.000000,240.000000,10.676947
32,98,-90.000000,240.000000,10.676508
33,98,-85.000000,240.000000,10.675935
34,98,-80.000000,240.000000,10.675023
35,98,-75.000000,240.000000,10.674089
36,98,-70.000000,240.000000,10.673155
37,98,-65.000000,240.000000,10.672166
38,98,-60.000000,240.000000,10.670994
39,98,-55.000000,240.000000,10.669761
40,98,-50.000000,240.000000,10.668426
41,98,-45.000000,240.000000,10.667091
42,98,-40.000000,240.000000,10.665756
43,98,-35.000000,240.000000,10.664010
44,98,-30.000000,240.000000,10.662057
45,98,-25.000000,240.000000,10.659681
46,98,-20.000000,240.000000,10.657207
47,98,-15.000000,240.000000,10.654733
48,98,-10.000000,240.000000,10.652126
49,98,-5.000000,240.000000,10.648352
50,98,0.000000,240.000000,10.644245
51,98,5.000000,240.000000,10.639127
52,98,10.000000,240.000000,10.634008
53,98,15.000000,240.000000,10.628890
54,98,20.000000,240.000000,10.622975
55,98,25.000000,240.000000,10.616378
56,98,30.000000,240.000000,10.608497
57,98,35.000000,240.000000,10.600022
58,98,40.000000,240.000000,10.591547
59,98,45.000000,240.000000,10.583072
60,98,50.000000,240.000000,10.573660
61,98,55.000000,240.000000,10.564043
62,98,60.000000,240.000000,10.553100
63,98,65.000000,240.000000,10.542158
64,98,70.000000,240.000000,10.531215
65,98,75.000000,240.000000,10.520139
66,98,80.000000,240.000000,10.508870
67,98,85.000000,240.000000,10.497247
68,98,90.000000,240.000000,10.485341
69,98,95.000000,240.000000,10.473435
70,98,100.000000,240.000000,10.461530
71,98,105.000000,240.000000,10.449474
72,98,110.000000,240.000000,10.437392
73,98,115.000000,240.000000,10.424875
74,98,120.000000,240.000000,10.412355
75,98,125.000000,240.000000,10.399835
76,98,130.000000,240.000000,10.387183
77,98,135.000000,240.000000,10.374194
78,98,140.000000,240.000000,10.360561
79,98,145.000000,240.000000,10.346065
80,98,150.000000,240.000000,10.331568
81,98,155.000000,240.000000,10.317072
82,98,160.000000,240.000000,10.302081
83,98,165.000000,240.000000,10.286897
84,98,170.000000,240.000000,10.269117
85,98,175.000000,240.000000,10.250928
86,98,180.000000,240.000000,10.232738
87,98,185.000000,240.000000,10.214467
88,98,190.000000,240.000000,10.195747
89,98,195.000000,240.000000,10.176015
90,98,200.000000,240.000000,10.153915
91,98,205.000000,240.000000,10.131816
92,98,210.000000,240.000000,10.109716
93,98,215.000000,240.000000,10.087507
94,98,220.000000,240.000000,10.065222
95,98,225.000000,240.000000,10.041466
96,98,230.000000,240.000000,10.017181
97,98,235.000000,240.000000,9.992896
98,98,240.000000,240.000000,9.968611
99,98,245.000000,240.000000,9.944331
100,98,250.000000,240.000000,9.920078
0,99,-250.000000,245.000000,10.492694
1,99,-245.000000,245.000000,10.498735
2,99,-240.000000,245.000000,10.504777
3,99,-235.000000,245.000000,10.510818
4,99,-230.000000,245.000000,10.517428
5,99,-225.000000,245.000000,10.524396
6,99,-220.000000,245.000000,10.531443
7,99,-215.000000,245.000000,10.538516
8,99,-210.000000,245.000000,10.545588
9,99,-205.000000,245.000000,10.552643
10,99,-200.000000,245.000000,10.559360
11,99,-195.000000,245.000000,10.566065
12,99,-190.000000,245.000000,10.572718
13,99,-185.000000,245.000000,10.579371
14,99,-180.000000,245.000000,10.586025
15,99,-175.000000,245.000000,10.591986
16,99,-170.000000,245.000000,10.597217
17,99,-165.000000,245.000000,10.602217
18,99,-160.000000,245.000000,10.607084
19,99,-155.000000,245.000000,10.611951
20,99,-150.000000,245.000000,10.616818
21,99,-145.000000,245.000000,10.620006
22,99,-140.000000,245.000000,10.623009
23,99,-135.000000,245.000000,10.625434
24,99,-130.000000,245.000000,10.627859
25,99,-125.000000,245.000000,10.630283
26,99,-120.000000,245.000000,10.632202
27,99,-115.000000,245.000000,10.633213
28,99,-110.000000,245.000000,10.633911
29,99,-105.000000,245.000000,10.634302
30,99,-100.000000,245.000000,10.634692
31,99,-95.000000,245.000000,10.635082
32,99,-90.000000,245.000000,10.634957
33,99,-85.000000,245.000000,10.634697
34,99,-80.000000,245.000000,10.634100
35,99,-75.000000,245.000000,10.633482
36,99,-70.000000,245.000000,10.632863
37,99,-65.000000,245.000000,10.632180
38,99,-60.000000,245.000000,10.631279
39,99,-55.000000,245.000000,10.630305
40,99,-50.000000,245.000000,10.629210
41,99,-45.000000,245.000000,10.628116
42,99,-40.000000,245.000000,10.627021
43,99,-35.000000,245.000000,10.625503
44,99,-30.000000,245.000000,10.623774
45,99,-25.000000,245.000000,10.621609
46,99,-20.000000,245.000000,10.619344
47,99,-15.000000,245.000000,10.617078
48,99,-10.000000,245.000000,10.614685
49,99,-5.000000,245.000000,10.611170
50,99,0.000000,245.000000,10.607335
51,99,5.000000,245.000000,10.602528
52,99,10.000000,245.000000,10.597721
53,99,15.000000,245.000000,10.592913
54,99,20.000000,245.000000,10.587353
55,99,25.000000,245.000000,10.581146
56,99,30.000000,245.000000,10.573725
57,99,35.000000,245.000000,10.565742
58,99,40.000000,245.000000,10.557759
59,99,45.000000,245.000000,10.549775
60,99,50.000000,245.000000,10.540898
61,99,55.000000,245.000000,10.531826
62,99,60.000000,245.000000,10.521490
63,99,65.000000,245.000000,10.511153
64,99,70.000000,245.000000,10.500816
65,99,75.000000,245.000000,10.490341
66,99,80.000000,245.000000,10.479668
67,99,85.000000,245.000000,10.468630
68,99,90.000000,245.000000,10.457300
69,99,95.000000,245.000000,10.445971
70,99,100.000000,245.000000,10.434641
71,99,105.000000,245.000000,10.423134
72,99,110.000000,245.000000,10.411595
73,99,115.000000,245.000000,10.399542
74,99,120.000000,245.000000,10.387484
75,99,125.000000,245.000000,10.375427
76,99,130.000000,245.000000,10.363231
77,99,135.000000,245.000000,10.350684
78,99,140.000000,245.000000,10.337464
79,99,145.000000,245.000000,10.323344
80,99,150.000000,245.000000,10.309223
81,99,155.000000,245.000000,10.295102
82,99,160.000000,245.000000,10.280483
83,99,165.000000,245.000000,10.265669
84,99,170.000000,245.000000,10.248245
85,99,175.000000,245.000000,10.230407
86,99,180.000000,245.000000,10.212569
87,99,185.000000,245.000000,10.194649
88,99,190.000000,245.000000,10.176279
89,99,195.000000,245.000000,10.156894
90,99,200.000000,245.000000,10.135134
91,99,205.000000,245.000000,10.113373
92,99,210.000000,245.000000,10.091612
93,99,215.000000,245.000000,10.069740
94,99,220.000000,245.000000,10.047789
95,99,225.000000,245.000000,10.024331
96,99,230.000000,245.000000,10.000330
97,99,235.000000,245.000000,9.976329
98,99,240.000000,245.000000,9.952329
99,99,245.000000,245.000000,9.928330
100,99,250.000000,245.000000,9.904345
0,100,-250.000000,250.000000,10.442790
1,100,-245.000000,250.000000,10.449239
2,100,-240.000000,250.000000,10.455688
3,100,-235.000000,250.000000,10.462136
4,100,-230.000000,250.000000,10.469113
5,100,-225.000000,250.000000,10.476422
6,100,-220.000000,250.000000,10.483804
7,100,-215.000000,250.000000,10.491210
8,100,-210.000000,250.000000,10.498616
9,100,-205.000000,250.000000,10.505999
10,100,-200.000000,250.000000,10.512940
11,100,-195.000000,250.000000,10.519864
12,100,-190.000000,250.000000,10.526721
13,100,-185.000000,250.000000,10.533578
14,100,-180.000000,250.000000,10.540435
15,100,-175.000000,250.000000,10.546581
16,100,-170.000000,250.000000,10.551974
17,100,-165.000000,250.000000,10.557131
18,100,-160.000000,250.000000,10.562150
19,100,-155.000000,250.000000,10.567170
20,100,-150.000000,250.000000,10.572189
21,100,-145.000000,250.000000,10.575575
22,100,-140.000000,250.000000,10.578781
23,100,-135.000000,250.000000,10.581425
24,100,-130.000000,250.000000,10.584068
25,100,-125.000000,250.000000,10.586712
26,100,-120.000000,250.000000,10.588872
27,100,-115.000000,250.000000,10.590166
28,100,-110.000000,250.000000,10.591161
29,100,-105.000000,250.000000,10.591862
30,100,-100.000000,250.000000,10.592564
31,100,-95.000000,250.000000,10.593265
32,100,-90.000000,250.000000,10.593452
33,100,-85.000000,250.000000,10.593506
34,100,-80.000000,250.000000,10.593225
35,100,-75.000000,250.000000,10.592922
36,100,-70.000000,250.000000,10.592619
37,100,-65.000000,250.000000,10.592240
38,100,-60.000000,250.000000,10.591610
39,100,-55.000000,250.000000,10.590896
40,100,-50.000000,250.000000,10.590042
41,100,-45.000000,250.000000,10.589188
42,100,-40.000000,250.000000,10.588334
43,100,-35.000000,250.000000,10.587046
44,100,-30.000000,250.000000,10.585540
45,100,-25.000000,250.000000,10.583588
46,100,-20.000000,250.000000,10.581531
47,100,-15.000000,250.000000,10.579475
48,100,-10.000000,250.000000,10.577296
49,100,-5.000000,250.000000,10.574041
50,100,0.000000,250.000000,10.570479
51,100,5.000000,250.000000,10.565983
52,100,10.000000,250.000000,10.561487
53,100,15.000000,250.000000,10.556991
54,100,20.000000,250.000000,10.551784
55,100,25.000000,250.000000,10.545968
56,100,30.000000,250.000000,10.539007
57,100,35.000000,250.000000,10.531515
58,100,40.000000,250.000000,10.524024
59,100,45.000000,250.000000,10.516532
60,100,50.000000,250.000000,10.508190
61,100,55.000000,250.000000,10.499661
62,100,60.000000,250.000000,10.489930
63,100,65.000000,250.000000,10.480198
64,100,70.000000,250.000000,10.470466
65,100,75.000000,250.000000,10.460593
66,100,80.000000,250.000000,10.450514
67,100,85.000000,250.000000,10.440061
68,100,90.000000,250.000000,10.429306
69,100,95.000000,250.000000,10.418552
70,100,100.000000,250.000000,10.407798
71,100,105.000000,250.000000,10.396839
72,100,110.000000,250.000000,10.385843
73,100,115.000000,250.000000,10.374253
74,100,120.000000,250.000000,10.362658
75,100,125.000000,250.000000,10.351063
76,100,130.000000,250.000000,10.339324
77,100,135.000000,250.000000,10.327219
78,100,140.000000,250.000000,10.314413
79,100,145.000000,250.000000,10.300667
80,100,150.000000,250.000000,10.286922
81,100,155.000000,250.000000,10.273176
82,100,160.000000,250.000000,10.258930
83,100,165.000000,250.000000,10.244487
84,100,170.000000,250.000000,10.227416
85,100,175.000000,250.000000,10.209930
86,100,180.000000,250.000000,10.192443
87,100,185.000000,250.000000,10.174875
88,100,190.000000,250.000000,10.156855
89,100,195.000000,250.000000,10.137816
90,100,200.000000,250.000000,10.116394
91,100,205.000000,250.000000,10.094972
92,100,210.000000,250.000000,10.073550
93,100,215.000000,250.000000,10.052013
94,100,220.000000,250.000000,10.030396
95,100,225.000000,250.000000,10.007234
96,100,230.000000,250.000000,9.983517
97,100,235.000000,250.000000,9.959799
98,100,240.000000,250.000000,9.936082
99,100,245.000000,250.000000,9.912364
100,100,250.000000,250.000000,9.888647
